Time_sample,Time_h,Bus,OPF_VUF2_percent,OPF_VUF0_percent,DSS_VUF2_percent,DSS_VUF0_percent
30,0.5,secondary,0.014519566390549155,0.02353483319489712,0.014517361800418009,0.023532356638851094
30,0.5,feeder2_44,0.027015532442032704,0.122724143205252,0.027018082629689875,0.12272457346335881
30,0.5,feeder2_45,0.027437117917352025,0.1266416715725779,0.027432748705591918,0.126645001912167
30,0.5,feeder2_46,0.028232526473052265,0.12149745670327669,0.028232408270187928,0.12149885554168396
30,0.5,feeder2_51,0.02818281028192167,0.13354476470891513,0.028184897984534708,0.13354782842336105
30,0.5,feeder2_48,0.027399988461710757,0.12599696069597288,0.02740003777353326,0.1259981223144642
30,0.5,feeder2_52,0.024691624240057598,0.1375755606804507,0.02468797223495326,0.1375778785148437
30,0.5,feeder2_68,0.03059113062021285,0.15149251575963515,0.030586618290520277,0.1514925688798275
30,0.5,feeder2_69,0.03075647585180455,0.15158411042689077,0.03075635316666883,0.15158662988680308
30,0.5,feeder2_71,0.03090870259261043,0.15386401373309555,0.030906819537716297,0.15386597978638217
30,0.5,feeder2_72,0.030871631211844813,0.15361223599737903,0.030871388735985217,0.15361053562257354
30,0.5,feeder2_73,0.03190749012219921,0.16131521513252248,0.03190290499020289,0.16131691772062554
30,0.5,feeder2_74,0.031806277793717995,0.16138948507185372,0.031808875185794803,0.16138745634996665
30,0.5,feeder2_77,0.03276649247042665,0.16769608984807677,0.032772608055942835,0.16769585880273408
30,0.5,feeder2_79,0.03311739582679347,0.1678746805862649,0.03311080969284067,0.16787688284016425
30,0.5,feeder2_81,0.03409372127023208,0.17769871486407704,0.0340967930029992,0.1776978302535415
30,0.5,feeder2_82,0.03403751674838133,0.17709202784322287,0.034038566006736284,0.17709192063759766
30,0.5,feeder2_116,0.04015327984446577,0.22319563617513852,0.04015287460204697,0.2231932737177921
30,0.5,feeder2_119,0.03791621073991369,0.22551975539340327,0.0379170054000812,0.2255211452982171
30,0.5,feeder2_120,0.04264174808330886,0.23882072769730928,0.04264489737811033,0.23882102874367472
30,0.5,feeder2_248,0.040472444948998716,0.2410491982272459,0.04047402266292924,0.24104997214187263
30,0.5,feeder2_124,0.04434446154412365,0.24755928156869,0.044348209837933035,0.24755788670485418
30,0.5,feeder2_282,0.04430988438842761,0.2474050087450119,0.04430948801126535,0.2474070016445946
30,0.5,feeder2_275,0.044227085391673256,0.24763079258974605,0.04422660418389997,0.24763141502615113
30,0.5,feeder2_151,0.047325222643944606,0.26283558949792357,0.04732290412836114,0.262834780965927
30,0.5,feeder2_295,0.0474219312705889,0.2628912119762775,0.04742132647122296,0.26289203882477036
30,0.5,feeder2_311,0.047602851705317153,0.2629864466760501,0.047605880116714405,0.2629845465624417
30,0.5,feeder2_201,0.05217840128419639,0.2879740527688198,0.05218455906709841,0.2879721210855213
30,0.5,feeder2_314,0.052138199600389755,0.2878504460182651,0.05213831602679546,0.28785087099757306
30,0.5,feeder2_342,0.059106061204744105,0.3239218397543079,0.05910391902006407,0.323921847248212
30,0.5,feeder2_368,0.060877283349210706,0.32803434409400295,0.060877789843335986,0.3280347832231794
30,0.5,feeder2_347,0.060089069006960406,0.33400383565353653,0.06009178106161934,0.3340014516536283
30,0.5,feeder2_353,0.0606043032308293,0.3392299615783952,0.060609157657809345,0.3392226851145906
30,0.5,feeder2_518,0.06002927376735576,0.3337179172095539,0.060028456293273975,0.33371442580720545
30,0.5,feeder2_365,0.061189904259916175,0.34498655731081357,0.06118978703677841,0.34497936188263767
30,0.5,feeder2_653,0.060366497013585096,0.33941119753513804,0.060363524308002015,0.339404244866608
30,0.5,feeder2_377,0.060836284500993584,0.3464276351977588,0.06084130492597488,0.34641623266034205
30,0.5,feeder2_622,0.07296007475062383,0.35090015483012604,0.07296146285324034,0.35089795142073815
30,0.5,feeder2_451,0.06082386155358636,0.32776777775459975,0.060826701971588196,0.3277714338974309
30,0.5,feeder2_383,0.0637740237709688,0.3350478834984311,0.06377362029711058,0.3350544226244096
30,0.5,feeder2_385,0.06042467216312276,0.34814927984295313,0.06042384655843959,0.3481312896781248
30,0.5,feeder2_621,0.060939931615766184,0.34648307768718617,0.0609443039819393,0.3464715813868807
30,0.5,feeder2_611,0.0636114289361076,0.3351524623755093,0.06361585580087806,0.33515883806391034
30,0.5,feeder2_405,0.06395672880295881,0.3354875900887775,0.06395953175763677,0.33549386132804426
30,0.5,feeder2_461,0.05925416140929509,0.35348737513360046,0.05925552897018441,0.35345761240325174
30,0.5,feeder2_594,0.05900583427727715,0.3496153669941693,0.05900632391178693,0.34960050032172146
30,0.5,feeder2_732,0.06123203350982488,0.3383221075332694,0.061235480489460814,0.3383279743273692
30,0.5,feeder2_417,0.06550215461693877,0.338221078327511,0.0655021202747246,0.3382266769335188
30,0.5,feeder2_663,0.06565511845988757,0.338333543621719,0.06565604449242947,0.3383423746543604
30,0.5,feeder2_444,0.06666379075995822,0.34028962848238664,0.06666331695314616,0.3402993240170794
30,0.5,feeder2_759,0.06860335369984688,0.33839976663279975,0.0686075303825448,0.33840811299957263
30,0.5,feeder2_842,0.08754309518435464,0.3531060566887025,0.08754233803310361,0.35312171332740055
30,0.5,feeder2_459,0.06668333657309881,0.3403401065325889,0.06668718021109349,0.34035204177180206
30,0.5,feeder2_702,0.06666998867291261,0.34028101606204036,0.06667314585965886,0.34029384877592
30,0.5,feeder2_493,0.06676095910096444,0.34055483873365433,0.06676673539288847,0.34056289472071116
30,0.5,feeder2_651,0.059451595692880464,0.35356757992788646,0.05945710313816457,0.3535364558227923
30,0.5,feeder2_684,0.058287179385846336,0.358696753522056,0.05828708002631192,0.35865179069152303
30,0.5,feeder2_674,0.06672633329534582,0.34057331559405846,0.06672902655286943,0.3405870003398585
30,0.5,feeder2_696,0.06701107232715217,0.3411153622957524,0.06701514981002635,0.3411249619409256
30,0.5,feeder2_681,0.06666804603595312,0.34060285374727234,0.06667111414405767,0.34061186970155977
30,0.5,feeder2_682,0.06667136850424718,0.3406051168578716,0.06667136227289944,0.340616612606004
30,0.5,feeder2_728,0.05815260811541997,0.3587443715085222,0.05815037138852813,0.3587005696738441
30,0.5,feeder2_724,0.05761196705598988,0.36474857165883245,0.0576080313261912,0.36469052015667575
30,0.5,feeder2_703,0.06765270070002305,0.34150698558380266,0.06765820548154305,0.34151663293607104
30,0.5,feeder2_704,0.06714929865442701,0.34119862224500114,0.06715445455200893,0.34120838621169935
30,0.5,feeder2_754,0.0575224734563797,0.3644664928692524,0.057524468769686664,0.36441133186660907
30,0.5,feeder2_747,0.0573736029101633,0.3675877798077956,0.057374333013092166,0.3675253734166498
30,0.5,feeder2_828,0.058118866145390774,0.35877800341881605,0.058123320570194086,0.35873603436315743
30,0.5,feeder2_763,0.0579624655494637,0.3587715777173889,0.05796637895033571,0.35873107402930476
30,0.5,feeder2_836,0.05817741538585586,0.3666585622446218,0.05817422559039069,0.36659673449145225
30,0.5,feeder2_758,0.05703907957410939,0.37049588834509367,0.05703612389076346,0.37042671869429
30,0.5,feeder2_788,0.057743698239622186,0.3696909026738098,0.05774384640866441,0.3696260785913201
30,0.5,feeder2_812,0.05608739136040812,0.38121715406740175,0.056090876025945306,0.3811368922648612
30,0.5,feeder2_947,0.05778617250139341,0.35814342659408144,0.05778929922422316,0.3581016910297577
30,0.5,feeder2_868,0.058258305417907726,0.3583317130151552,0.058256792376324154,0.35828718750683664
30,0.5,feeder2_785,0.05785549775706041,0.3592688466239014,0.057854188738211854,0.35922599059547833
30,0.5,feeder2_1176,0.058329822985681436,0.35944599500974955,0.05832853374552647,0.3594006741633079
30,0.5,feeder2_846,0.05699281094595528,0.3601711512105595,0.05699584838010242,0.3601293992528321
30,0.5,feeder2_911,0.05783763913488162,0.35916492348402457,0.05783671804104367,0.35912111297899035
30,0.5,feeder2_1107,0.05567868382619399,0.3829846750827917,0.05567560214097292,0.38290118211234064
30,0.5,feeder2_920,0.05594577836449883,0.383872295811548,0.05594764264705581,0.3837862809647399
30,0.5,feeder2_926,0.055743826742583,0.3878244796991838,0.0557448302448352,0.38773359753839864
30,0.5,feeder2_1239,0.05594108051522305,0.3839971064967116,0.05594116059749645,0.38391054102941996
30,0.5,feeder2_933,0.05565975946966021,0.3897267233808521,0.055660736226594246,0.38963307234420663
30,0.5,feeder2_1146,0.05572943001689472,0.3872749506948105,0.05572656389645239,0.38718305997996627
30,0.5,feeder2_1124,0.0558104869464454,0.38975727387610964,0.055802904688456015,0.3896603199270332
30,0.5,feeder2_942,0.05542691774479599,0.39458817727049356,0.055425078141628295,0.3944863062293349
30,0.5,feeder2_952,0.05536118303406261,0.40161453989238155,0.055355539339795576,0.4015037364023972
30,0.5,feeder2_965,0.05539549151705173,0.39462715104063373,0.05539360481952355,0.39452741985235806
30,0.5,feeder2_961,0.05536367851285766,0.40247200263106464,0.05536106262845668,0.4023631191843664
30,0.5,feeder2_963,0.055359850412625644,0.4015948486688843,0.055350649687923775,0.40148489755010547
30,0.5,feeder2_973,0.055392908473285894,0.4070190516840795,0.05538478140192676,0.4069031505371334
30,0.5,feeder2_1128,0.05536373389575805,0.4025146704859471,0.055357117167497666,0.4024007898671601
30,0.5,feeder2_1113,0.05557486800445344,0.4014272019089821,0.055567179657993196,0.40131554464416735
30,0.5,feeder2_1143,0.05530446770512949,0.40086876195739785,0.05530254476394113,0.400758791228897
30,0.5,feeder2_1238,0.059236095117861376,0.39289377776413154,0.05923809382420319,0.39278901476165057
30,0.5,feeder2_979,0.05535376232533027,0.3948786143471234,0.055353484778064024,0.3947760006641976
30,0.5,feeder2_1236,0.05525508301635057,0.4145803097789929,0.055244845496877686,0.4144586021935068
30,0.5,feeder2_989,0.0553949698814766,0.4070125401514739,0.05539297709000474,0.4068976744024365
30,0.5,feeder2_1196,0.054363587290451106,0.39591603972678624,0.054356813372412056,0.3958146372577791
30,0.5,feeder2_1158,0.056172727918100344,0.40610975823566686,0.056167345917938274,0.40599708495361886
30,0.5,feeder2_1122,0.05539187054223655,0.3838755656040171,0.05539148959760124,0.3837950543067701
30,0.5,feeder2_1258,0.05621920143448222,0.3826747625877888,0.05621708821946304,0.3825953263613722
30,0.5,feeder2_1303,0.05533112483041999,0.38375299313184086,0.055328203033810724,0.38366686332305966
30,0.5,feeder2_1138,0.0551744182996498,0.3846229793607098,0.055173648738569274,0.3845404702886297
30,0.5,feeder2_1304,0.05360694817468628,0.3863161675603455,0.053604181144123755,0.3862344606838067
30,0.5,feeder2_1212,0.05492202527665782,0.3848394573458929,0.054921537590027686,0.38475772118474044
30,0.5,feeder2_1311,0.05537063838348725,0.3836249614845977,0.05536697952075787,0.38353984078431147
30,0.5,feeder2_1290,0.05472311372565104,0.3862392206819861,0.05472330657937886,0.38615834176973657
30,0.5,feeder2_1325,0.055108285984029795,0.4249513347640555,0.05509915247151328,0.4248201892002335
30,0.5,feeder2_1248,0.05525634808900798,0.4145806329772142,0.055246856624916664,0.4144586433562634
30,0.5,feeder2_1249,0.05958277274248396,0.3927249152784731,0.059580366404143596,0.3926181354795015
30,0.5,feeder2_1250,0.06135394295076969,0.3921453250491697,0.061360903797202576,0.3920367240239344
30,0.5,feeder2_1366,0.05543419755070049,0.4146229702710863,0.055428695971298236,0.4144999919797784
30,0.5,feeder2_1266,0.05628409146384663,0.3826985228193172,0.05628393363380926,0.38261801813696517
30,0.5,feeder2_1372,0.054609739287324786,0.38595347646424505,0.05460481355747173,0.38586893297160413
30,0.5,feeder2_1363,0.054587747685955354,0.38815833554627427,0.05458165612239789,0.388075234744168
30,0.5,feeder2_1446,0.05554273905841009,0.42458940936931056,0.055537100301657476,0.4244581822445749
30,0.5,feeder2_1502,0.05516275882927906,0.4373510700092523,0.05514434900725677,0.43720908002584724
30,0.5,feeder2_1428,0.054287897403949806,0.3885602868326261,0.05428593279048336,0.3884764406186988
30,0.5,feeder2_1380,0.05444839353583485,0.3899001561428654,0.05444241946645618,0.3898139467409931
30,0.5,feeder2_1550,0.05442155661942946,0.389837255459019,0.054421631103649934,0.3897536882818691
30,0.5,feeder2_1386,0.05438822684128741,0.3907830611583347,0.054386580845661364,0.3907001078815274
30,0.5,feeder2_1551,0.05431646446361896,0.3908914918828215,0.054310230648790446,0.39081070573119964
30,0.5,feeder2_1400,0.05435951101407036,0.39118053456086066,0.054357818216071975,0.3910973829359229
30,0.5,feeder2_1552,0.052483912239367804,0.39314187076337953,0.05247601347535735,0.3930587377524582
30,0.5,feeder2_1408,0.05447247572333044,0.3909850496431063,0.054472195529825504,0.39090303188761355
30,0.5,feeder2_1553,0.054276479976603884,0.3912577232893976,0.054266580916508225,0.391175288819288
30,0.5,feeder2_1416,0.05453237307937195,0.39082789284078645,0.054529405940444295,0.39074483115677744
30,0.5,feeder2_1530,0.05442487031147407,0.3905860503088464,0.05442359342171325,0.39050682308084567
30,0.5,feeder2_1425,0.054669981058603004,0.39065959820655466,0.054662675933005646,0.39057787100078023
30,0.5,feeder2_1589,0.05452970235250148,0.39085178326561065,0.05452075929084474,0.3907690127391338
30,0.5,feeder2_1435,0.054698138913648095,0.3906089848057135,0.054697573191702105,0.3905268426832389
30,0.5,feeder2_1621,0.0556310261115114,0.38973934299109975,0.055624317597545075,0.38965905379001436
30,0.5,feeder2_1564,0.05469395500860367,0.3908602459384526,0.054690255820087574,0.3907771439740528
30,0.5,feeder2_1704,0.0561384456059936,0.4364829334998263,0.056122273050835544,0.4363425470248224
30,0.5,feeder2_1525,0.05510250042992487,0.4408424454551147,0.055091522311838476,0.44069888988709294
30,0.5,feeder2_1716,0.05709535091366231,0.4386123914579981,0.057078766663982206,0.4384729647590498
30,0.5,feeder2_1537,0.054955131883304406,0.4450749498694528,0.054935923255939746,0.44492712223833714
30,0.5,feeder2_1645,0.05071132646746509,0.45421326517547367,0.050689145071700095,0.45406610814953724
30,0.5,feeder2_1561,0.054793428775708815,0.4450739059087391,0.05477483310106049,0.4449218392095891
30,0.5,feeder2_1657,0.054707816763339655,0.4449392096724569,0.05469219102673977,0.4447874422842614
30,0.5,feeder2_1570,0.05473093849569532,0.4451076424015455,0.05471433887435969,0.4449560333045918
30,0.5,feeder2_1756,0.0547968065284499,0.44320372335084557,0.054783204571655926,0.44305148434182196
30,0.5,feeder2_1588,0.054699819649700346,0.4452819572015605,0.05468119312575734,0.4451310002726407
30,0.5,feeder2_1628,0.05458992472176695,0.44510585713049355,0.054574659993699814,0.44495507696018755
30,0.5,feeder2_1598,0.054671337298939165,0.4455554413866047,0.05465851752167891,0.44540647808657485
30,0.5,feeder2_1816,0.055029078559831725,0.4456426697524402,0.05501311456487211,0.4454917919569922
30,0.5,feeder2_1765,0.05517431693757808,0.4456067542634475,0.05516262743582989,0.44545722833217016
30,0.5,feeder2_1641,0.05447437656591797,0.4468200491213426,0.05445852978792522,0.4466643024889058
30,0.5,feeder2_1689,0.05434203535004523,0.4480683436684621,0.05432332667855287,0.447908037647812
30,0.5,feeder2_1744,0.05440571157062409,0.4467181291278184,0.05439296217280977,0.44656640744891146
30,0.5,feeder2_1817,0.054345211856321345,0.44813279682379503,0.05432763686118206,0.44797623939301723
30,0.5,feeder2_1779,0.05438154800537907,0.4480725909911023,0.05436486310083576,0.4479103544170464
30,0.5,feeder2_1800,0.052695969517488624,0.44973413257827904,0.05268059296633552,0.4495790537059467
30,0.5,feeder2_1818,0.056452613137957526,0.4459269232923075,0.056446567122545366,0.4457578495846999
30,0.5,feeder2_1753,0.05428752206849055,0.44654755971711346,0.054276188865540025,0.44639381388211946
30,0.5,feeder2_1754,0.05438401973869514,0.4466847681294688,0.05436822491574003,0.44653242715337726
60,1.0,secondary,0.015717285043489578,0.006129613510612579,0.01572295928299565,0.006140366386829437
60,1.0,feeder2_44,0.02923481536218599,0.03195324118370065,0.02924393173058161,0.031998120608409564
60,1.0,feeder2_45,0.029699662092836546,0.03327076704357897,0.029708005042728136,0.03331297564851633
60,1.0,feeder2_46,0.029891088620811704,0.028116858486050063,0.029899774297615884,0.028159401658836885
60,1.0,feeder2_51,0.030465460458319413,0.03539477223401326,0.03047533286738522,0.03544282587404836
60,1.0,feeder2_48,0.03241282191578058,0.03489460595391359,0.032418266402509804,0.034939137531300346
60,1.0,feeder2_52,0.03027449436082506,0.03562764275564438,0.030278055183731438,0.03567025260122903
60,1.0,feeder2_68,0.032645631001630454,0.04133998963983385,0.03264836218504202,0.0413869030499068
60,1.0,feeder2_69,0.032797295059242476,0.04124540697906377,0.032802555198309366,0.041296226076118915
60,1.0,feeder2_71,0.032933883981018985,0.042135775830496755,0.03294071556484851,0.04218880424571895
60,1.0,feeder2_72,0.03293709270406933,0.04200829913049524,0.032945175841300696,0.04206092157296468
60,1.0,feeder2_73,0.03384133099036263,0.04464958271286929,0.03384641198058777,0.04470212869779218
60,1.0,feeder2_74,0.033727327944998886,0.04479199630632595,0.033739774562823406,0.04484955805595033
60,1.0,feeder2_77,0.034624205015218665,0.04678915141989078,0.03462882620712253,0.04684313399716705
60,1.0,feeder2_79,0.03503356274342456,0.044427332558259175,0.03504309664568086,0.04448639830223103
60,1.0,feeder2_81,0.03574119545342599,0.05104636711093244,0.035746897491074896,0.051103727000774576
60,1.0,feeder2_82,0.037434611160743356,0.05175912483583234,0.037439804634000734,0.051816033533339835
60,1.0,feeder2_116,0.04064947751959369,0.06988001101843316,0.04066142404809535,0.06996153929815262
60,1.0,feeder2_119,0.03997034234791587,0.07072226624500604,0.03998179300133419,0.07080211519133392
60,1.0,feeder2_120,0.042529749888574934,0.07644495096111378,0.042542297241575856,0.0765295076988741
60,1.0,feeder2_248,0.04211507202203975,0.07695658679939642,0.04211964008540426,0.07703514201348641
60,1.0,feeder2_124,0.04370837342980572,0.08028835513670379,0.043718679030489864,0.08037814815256404
60,1.0,feeder2_282,0.043695289488151906,0.08019202454014586,0.04370520500788759,0.08027759452266786
60,1.0,feeder2_275,0.04357059499721165,0.08047738658079052,0.04358060054951485,0.08056314025226174
60,1.0,feeder2_151,0.0457818280516475,0.08693948473294599,0.04579254282252418,0.08703449782229464
60,1.0,feeder2_295,0.0458733616232121,0.08690270500652572,0.04588678203135842,0.08699895657546824
60,1.0,feeder2_311,0.04604346440778541,0.08682085717912057,0.04604904536160143,0.08691210986745261
60,1.0,feeder2_201,0.049130369208249876,0.09819164832952847,0.049144471359434276,0.09829940140704868
60,1.0,feeder2_314,0.04910517402772897,0.09810143395845645,0.04911496004035011,0.09820330948706703
60,1.0,feeder2_342,0.053931610930284216,0.1143934818393704,0.05394653819969946,0.1145167938581748
60,1.0,feeder2_368,0.055887299647476706,0.11199746703816063,0.05589754357759431,0.11211608965059677
60,1.0,feeder2_347,0.05345459041946783,0.12761944208014966,0.05346218565303934,0.12774310871408437
60,1.0,feeder2_353,0.053236991095534106,0.13462137114023762,0.05324345007660309,0.13474658368049205
60,1.0,feeder2_518,0.05342852095556804,0.12745948509585772,0.05344129277029164,0.1275887513384926
60,1.0,feeder2_365,0.05301205223107146,0.1424044714029187,0.053029034517493245,0.14253978065000605
60,1.0,feeder2_653,0.05297283847733981,0.1349605352738922,0.05298664831978908,0.13508793018542717
60,1.0,feeder2_377,0.0528883001736336,0.14670949577726722,0.05290604836780532,0.1468461937263552
60,1.0,feeder2_622,0.053045727776265796,0.14238624120779422,0.053054510183210404,0.14251428311592426
60,1.0,feeder2_451,0.057075030184734345,0.11221973409700423,0.05708591841157093,0.11233953622055214
60,1.0,feeder2_383,0.05889755335083899,0.10912169301253319,0.05891397562945585,0.10924156967242121
60,1.0,feeder2_385,0.0527383993308488,0.15174098344607603,0.05274780795095727,0.1518742582845251
60,1.0,feeder2_621,0.0529872353914001,0.14665607190954133,0.05299462746421409,0.14678684169041084
60,1.0,feeder2_611,0.0574787658015897,0.11044606409821502,0.05748777024340211,0.11056251346554209
60,1.0,feeder2_405,0.059107929868664616,0.10891825651669244,0.05912040784314763,0.10903690050884077
60,1.0,feeder2_461,0.052181428185030854,0.17211144014012383,0.05220078852199244,0.17225665615743063
60,1.0,feeder2_594,0.05248092522846877,0.15207566320845511,0.05249479535157812,0.15221258678147476
60,1.0,feeder2_732,0.058834304758024016,0.10925567505067511,0.05884326237019826,0.10937082682196227
60,1.0,feeder2_417,0.06070638658487171,0.10749300889317116,0.060719034889171714,0.10761082935166891
60,1.0,feeder2_663,0.06135732446661411,0.10515236406773165,0.06137259755861082,0.10527320841718583
60,1.0,feeder2_444,0.061801477713806216,0.10729295293547336,0.06181221251918036,0.1074103565287604
60,1.0,feeder2_759,0.061772995802788076,0.10714892837956647,0.061787329161094806,0.10726545634219307
60,1.0,feeder2_842,0.08227658460986831,0.10709282715432601,0.08229585965593211,0.10720012574835056
60,1.0,feeder2_459,0.0618206290076612,0.10730300323946979,0.06182678594403079,0.10741717300286169
60,1.0,feeder2_702,0.06181145047628727,0.1072529835318817,0.0618191507240193,0.10736616068965195
60,1.0,feeder2_493,0.06189634342006553,0.10736237622970851,0.061904791980777016,0.10747634327933854
60,1.0,feeder2_651,0.05236823029378778,0.17198248567145774,0.052378516065191685,0.1721236250728787
60,1.0,feeder2_684,0.051682059729097174,0.189302828830222,0.05169600345435034,0.18944962008478552
60,1.0,feeder2_674,0.06185893077650108,0.10740855069708585,0.06187483099339595,0.10752666209331871
60,1.0,feeder2_696,0.06214544832201089,0.10734715371369748,0.06216172670076494,0.10746712150202269
60,1.0,feeder2_681,0.06179563021435904,0.10748758247172371,0.06181130168187497,0.10760375601863474
60,1.0,feeder2_682,0.06180000966264234,0.10748007822421614,0.06181555067815706,0.10759691952977142
60,1.0,feeder2_728,0.05168784204373581,0.19019768014762944,0.05170117650912831,0.1903450851290161
60,1.0,feeder2_724,0.05129760315472151,0.20512083445447912,0.05131342066527439,0.2052751482280151
60,1.0,feeder2_703,0.06276852670434076,0.10728482865503981,0.06277676383322812,0.10739653674742217
60,1.0,feeder2_704,0.06227963258578909,0.1073316399010606,0.06228824538563311,0.10744583310641707
60,1.0,feeder2_754,0.05226793089261315,0.20588348836331616,0.052277751837720855,0.20603516767770313
60,1.0,feeder2_747,0.05112141695113542,0.21127778452709936,0.05113469852343886,0.2114338001634042
60,1.0,feeder2_828,0.051647556895905174,0.19025220418068509,0.051660186751429686,0.19039840566851365
60,1.0,feeder2_763,0.05171246324745867,0.19144617473390904,0.051730058643714334,0.191596140792614
60,1.0,feeder2_836,0.05166612530824935,0.20960275611966528,0.051680753745516866,0.20975490798129906
60,1.0,feeder2_758,0.05085587427887231,0.21732898555471009,0.05087227398727353,0.21748755319599256
60,1.0,feeder2_788,0.0508017886333274,0.21721544413822103,0.05081753511243732,0.2173741464936892
60,1.0,feeder2_812,0.050125557947287486,0.23616484892645817,0.05014410251605603,0.23633170187106556
60,1.0,feeder2_947,0.05164638034397095,0.19122543304384104,0.051660385677317934,0.1913734953600239
60,1.0,feeder2_868,0.052115917456695526,0.1917152427758307,0.05213330632138049,0.19186477251781034
60,1.0,feeder2_785,0.05170520595144658,0.192106869391457,0.05171675483160266,0.1922517566200853
60,1.0,feeder2_1176,0.05215127157304411,0.1917863247374075,0.05215890861180532,0.19192988888523244
60,1.0,feeder2_846,0.05084424088295074,0.19266993753406061,0.05086174544664194,0.19281925359587038
60,1.0,feeder2_911,0.05192933432584652,0.19293564502222668,0.051938359259934015,0.1930781107007157
60,1.0,feeder2_1107,0.04985341376071263,0.2382645068570766,0.04987339686396111,0.23843389446161928
60,1.0,feeder2_920,0.05000241584426187,0.24086940929898634,0.05001736145016077,0.24103407295848803
60,1.0,feeder2_926,0.04983174355282441,0.2477339177824252,0.04984646579306775,0.24790202149942306
60,1.0,feeder2_1239,0.049990555621961606,0.24105030283659398,0.05000400979339126,0.2412154341048486
60,1.0,feeder2_933,0.049762291519306334,0.25079157207626546,0.04978096766061037,0.25096425741046163
60,1.0,feeder2_1146,0.0498077615449394,0.24765819203816852,0.0498277867002418,0.24783139757772332
60,1.0,feeder2_1124,0.050160316593472636,0.2497370506365356,0.0501780516722658,0.24990962133112815
60,1.0,feeder2_942,0.04942517267775014,0.25951676622246445,0.04944192516144104,0.25968929362545273
60,1.0,feeder2_952,0.049160194145144116,0.27080036911514965,0.049178781232779634,0.27098229607692015
60,1.0,feeder2_965,0.04939583758044639,0.25972498681651135,0.049415112863226855,0.2599050952747213
60,1.0,feeder2_961,0.04913316001765164,0.27197996664474167,0.04915405332806667,0.2721650211205075
60,1.0,feeder2_963,0.04915998338640821,0.2708089210852916,0.049184758458379454,0.2709948179697226
60,1.0,feeder2_973,0.0489942195915857,0.27821724497537503,0.04901493937094989,0.2784035548243499
60,1.0,feeder2_1128,0.04913030807070196,0.27204206410780396,0.04914678432408724,0.2722208154338574
60,1.0,feeder2_1113,0.049137624467737784,0.270782713798223,0.04915918837425607,0.2709660504836496
60,1.0,feeder2_1143,0.0491777668047204,0.27150350643260485,0.04919802407218721,0.2716842225390244
60,1.0,feeder2_1238,0.05137422411772868,0.26158477652133416,0.05139333227864841,0.26176200691646506
60,1.0,feeder2_979,0.049348571631475505,0.259865546635773,0.04936912379962572,0.2600438162221631
60,1.0,feeder2_1236,0.04877105740187464,0.28760321774656983,0.04879769837085673,0.2877984934199486
60,1.0,feeder2_989,0.04899445198169149,0.27821663932224994,0.04901493937094989,0.2784035548243499
60,1.0,feeder2_1196,0.048357126977006275,0.26037206369916843,0.04837215045882595,0.2605449190480914
60,1.0,feeder2_1158,0.049138779626538114,0.2781296899196916,0.04916229229247355,0.2783160157062824
60,1.0,feeder2_1122,0.049695330190313636,0.23923377087980116,0.049715480870546974,0.23940337945886486
60,1.0,feeder2_1258,0.050144941813115705,0.23805688548186088,0.05016130197162958,0.2382204285310818
60,1.0,feeder2_1303,0.04965529387145064,0.23917975842828618,0.049668090846869406,0.23934341418738306
60,1.0,feeder2_1138,0.04957816859987311,0.2400204273321262,0.04959525543805351,0.2401870250617867
60,1.0,feeder2_1304,0.049154678390022896,0.24059294055958028,0.049171397238429164,0.24076005697699737
60,1.0,feeder2_1212,0.04936306511512769,0.24121031468469606,0.04937937628993345,0.24137617677504777
60,1.0,feeder2_1311,0.05021755053000619,0.241981918047264,0.05023590918238314,0.24215039836001734
60,1.0,feeder2_1290,0.04906730981735666,0.24214093994744207,0.04908696806751702,0.24230972766870573
60,1.0,feeder2_1325,0.04843166415520683,0.30061734541172785,0.04845824949870218,0.30081915492403344
60,1.0,feeder2_1248,0.04877230944811992,0.2876024131146453,0.04879769837085673,0.2877984934199486
60,1.0,feeder2_1249,0.051974405783136585,0.2621396168830909,0.05199417366818022,0.26231950856354314
60,1.0,feeder2_1250,0.051361764421467095,0.2615656700557189,0.05138262093907104,0.2617439644086717
60,1.0,feeder2_1366,0.04894761876315742,0.2874870360068071,0.04896766293791858,0.28767401169068185
60,1.0,feeder2_1266,0.050208478928424435,0.23801880077701132,0.050223004002873,0.23818365373891853
60,1.0,feeder2_1372,0.04900667089369996,0.24204963580229102,0.049023012519702626,0.24221213793294266
60,1.0,feeder2_1363,0.048816294891225034,0.24331340584536304,0.04883593898804547,0.24348181944824854
60,1.0,feeder2_1446,0.048386071363359866,0.3005719055773986,0.048413355742227646,0.3007718977862735
60,1.0,feeder2_1502,0.0481140809103028,0.31532738315759873,0.04813706297664182,0.3155329980701447
60,1.0,feeder2_1428,0.04844282894802202,0.24383476047420757,0.04846531672650982,0.2440066166128125
60,1.0,feeder2_1380,0.04857022110848925,0.24390104094717174,0.04859303948399144,0.24407263427967024
60,1.0,feeder2_1550,0.04855471575577048,0.24387941346860945,0.048575665952701,0.24404974140007393
60,1.0,feeder2_1386,0.04845706798772633,0.24420618430365795,0.048481875173275804,0.24437815790098893
60,1.0,feeder2_1551,0.04835885357128193,0.24437588167363034,0.04837842323804829,0.24454557407065336
60,1.0,feeder2_1400,0.04840475228629766,0.24431303838999685,0.048418813773356696,0.24447744221541973
60,1.0,feeder2_1552,0.04827692769878422,0.24453868790196648,0.04830052802363196,0.24470787263629387
60,1.0,feeder2_1408,0.04829976691589406,0.2444204730691026,0.04832058542529133,0.2445913437273735
60,1.0,feeder2_1553,0.04805146085396999,0.24478576013616263,0.04806857990343405,0.2449522419191246
60,1.0,feeder2_1416,0.048249728838151866,0.24439484613279602,0.04826678169176971,0.24455920434040362
60,1.0,feeder2_1530,0.048184570874751115,0.2443066357909536,0.04820649316450543,0.24447602317810177
60,1.0,feeder2_1425,0.04817502449580662,0.24440663373078075,0.04819904257125307,0.24458087805601472
60,1.0,feeder2_1589,0.048000175023178514,0.24465650937653557,0.0480208598613264,0.24482715919016199
60,1.0,feeder2_1435,0.04816145058757427,0.24438524906649628,0.048183459031847065,0.24455553748537026
60,1.0,feeder2_1621,0.048870315753652305,0.24284742588801222,0.04888578896457498,0.24301494640200225
60,1.0,feeder2_1564,0.04769449786699686,0.2458559381037725,0.04771794761858944,0.24602854416763448
60,1.0,feeder2_1704,0.04839815939147473,0.3151101256090997,0.04842658171677544,0.3153179352049665
60,1.0,feeder2_1525,0.04801546884040935,0.31918454618667075,0.04803535399310075,0.31938690320215823
60,1.0,feeder2_1716,0.04821856617731154,0.3190420019904973,0.0482435876250834,0.3192467077007731
60,1.0,feeder2_1537,0.04790155040484522,0.3235201305482324,0.047925249521313114,0.3237267466858722
60,1.0,feeder2_1645,0.043295915221740165,0.33093108928666665,0.04332954590419609,0.3311405783554761
60,1.0,feeder2_1561,0.04796042300505777,0.32422353289561606,0.04798223448068902,0.32443195349291276
60,1.0,feeder2_1657,0.048450282565403346,0.3247804566448717,0.048477994781564754,0.3249935508036139
60,1.0,feeder2_1570,0.04798648930767726,0.3244119902414307,0.04800734064939034,0.32462047416340095
60,1.0,feeder2_1756,0.04942718731900274,0.32600970881608626,0.049450625887011504,0.3262182494413734
60,1.0,feeder2_1588,0.04801001616451594,0.32450007777098455,0.04803416922834605,0.3247125459062491
60,1.0,feeder2_1628,0.047953262025889835,0.32445100235345453,0.04798260566791269,0.3246650872498811
60,1.0,feeder2_1598,0.048048725951180454,0.3246306839735991,0.048075149101508716,0.32484411541321323
60,1.0,feeder2_1816,0.0484141979281062,0.3243981362594752,0.048441511430000625,0.3246162989945193
60,1.0,feeder2_1765,0.04854291697143325,0.3242582902355067,0.04856607213205193,0.3244698499986538
60,1.0,feeder2_1641,0.048172277282491086,0.3254925590532265,0.0481963816883352,0.32571022863889215
60,1.0,feeder2_1689,0.048265927646289744,0.3254968049484936,0.04829231531880612,0.32572133808342685
60,1.0,feeder2_1744,0.0486455264370902,0.32601956842432755,0.048667245091574635,0.32623560126568035
60,1.0,feeder2_1817,0.04826293420743292,0.32558554503886944,0.04828706531066376,0.3258054211980215
60,1.0,feeder2_1779,0.048304395631425356,0.3254675411829044,0.04833224201464437,0.32569285853693136
60,1.0,feeder2_1800,0.048229713744325726,0.325552545485015,0.04825560238418174,0.32577758506024246
60,1.0,feeder2_1818,0.04977402484997667,0.32384172196324695,0.04979841979012919,0.32407751853128786
60,1.0,feeder2_1753,0.0485754522697593,0.32595188520866825,0.04860617804952475,0.326174059327198
60,1.0,feeder2_1754,0.04899335856989296,0.3263991495567972,0.049014031717485425,0.32661317379481275
90,1.5,secondary,0.01721206305025537,0.004044866475271198,0.017202855877556125,0.004037901606102692
90,1.5,feeder2_44,0.032008980314794946,0.021081528727101055,0.03200129186360147,0.021051578005060346
90,1.5,feeder2_45,0.03255453162343497,0.021678526509902186,0.03254670962851248,0.021646071224693118
90,1.5,feeder2_46,0.032180798547875145,0.021781952938020346,0.032172879842427796,0.021752944689248276
90,1.5,feeder2_51,0.03349877207852876,0.022798917046726517,0.03349100223191742,0.022766467180487287
90,1.5,feeder2_48,0.032995293683667326,0.021103262605354466,0.03298429760457479,0.021073141921357445
90,1.5,feeder2_52,0.03252411534772986,0.025717845655064218,0.03251197546444823,0.025689516090616354
90,1.5,feeder2_68,0.03638597269610627,0.02500578376214275,0.03637473844963256,0.02496891038078454
90,1.5,feeder2_69,0.03644303295458723,0.025176238913884298,0.03642977446219289,0.025141438166921038
90,1.5,feeder2_71,0.03676887420297485,0.0252917849385563,0.03675862219815494,0.02525223551352207
90,1.5,feeder2_72,0.03692212153465621,0.02508184523716977,0.03691092149927977,0.02504433623310079
90,1.5,feeder2_73,0.03796884347823215,0.02621332790529069,0.03795890424878704,0.026172112154792045
90,1.5,feeder2_74,0.037839809935094525,0.0262037713496102,0.03782908166946521,0.02616671575390941
90,1.5,feeder2_77,0.039005407130500123,0.027011510025490293,0.03899140009396336,0.026970097267244936
90,1.5,feeder2_79,0.03911598477813012,0.027375106510126326,0.039103454897160564,0.027334935092684063
90,1.5,feeder2_81,0.04062462554231755,0.028134269498082905,0.04061353926057399,0.02809026043022139
90,1.5,feeder2_82,0.0410145192123503,0.027616117782475837,0.041003244657673694,0.027571728757807407
90,1.5,feeder2_116,0.04792370892296875,0.033723128757346024,0.04791098228034033,0.033666914998582494
90,1.5,feeder2_119,0.047161042468925225,0.0336801780683787,0.04714794050341973,0.033623922117774485
90,1.5,feeder2_120,0.050737911815123146,0.03589531099534393,0.05072208341121481,0.035835967280918576
90,1.5,feeder2_248,0.050253058227409685,0.03583135273159497,0.05023784943965178,0.03577244865487125
90,1.5,feeder2_124,0.05251219324008205,0.03729057055858448,0.05249764700671115,0.03722377188738293
90,1.5,feeder2_282,0.052595972402565756,0.03717511023003859,0.05257926099503568,0.03711190990342301
90,1.5,feeder2_275,0.05232533671256874,0.03722720080223432,0.05230849198505813,0.03716200223973104
90,1.5,feeder2_151,0.05562661873916311,0.039868006827444395,0.05561241692114329,0.039795716679828994
90,1.5,feeder2_295,0.05567095497631094,0.039968799675169885,0.05565573129660817,0.03989599595375641
90,1.5,feeder2_311,0.05574529988292377,0.040157927692722376,0.05572736649962977,0.04008843887966549
90,1.5,feeder2_201,0.06073217357643591,0.04371352270473831,0.060714824169129475,0.043632844092609355
90,1.5,feeder2_314,0.060786884003496085,0.04363588365253714,0.060766596515313055,0.04355948743656246
90,1.5,feeder2_342,0.06799932719141968,0.0494092726878361,0.06797994667403033,0.04931769253751849
90,1.5,feeder2_368,0.06910872875030151,0.05663640562734727,0.06909064306662825,0.05654487451123545
90,1.5,feeder2_347,0.06970078896030002,0.03877820167055184,0.06967678647048738,0.038683622014074624
90,1.5,feeder2_353,0.07054791642863338,0.033582648744797536,0.07052932924245935,0.03347722991600497
90,1.5,feeder2_518,0.0698573778362476,0.038581369189585615,0.06983530223496985,0.03848355660575923
90,1.5,feeder2_365,0.07152284787993043,0.027886234466600695,0.07149722139936006,0.02778311953997522
90,1.5,feeder2_653,0.07022671205137357,0.03349243918618038,0.07020443945028633,0.03339024929914032
90,1.5,feeder2_377,0.07205424287709941,0.024601247692638047,0.07203168534347887,0.024493160234764402
90,1.5,feeder2_622,0.0707093858784737,0.028541340032775243,0.07068944679195552,0.02843298261721894
90,1.5,feeder2_451,0.06924720868888107,0.05645401243463623,0.06922448338842913,0.05636414416942824
90,1.5,feeder2_383,0.07093346787008963,0.06846659407352126,0.0709150880483869,0.068374014998488
90,1.5,feeder2_385,0.07266109175606938,0.020784306253849666,0.07263674810022726,0.02067484277722652
90,1.5,feeder2_621,0.07210226529411508,0.02471037414980803,0.07208270394475777,0.024602884160365445
90,1.5,feeder2_611,0.0700256971792793,0.06930205639525988,0.07000258310175048,0.06921065775854911
90,1.5,feeder2_405,0.07106780228858381,0.06916900148360997,0.07104688671007885,0.06907714798715002
90,1.5,feeder2_461,0.07525146534037871,0.005581823877477744,0.07522718345126626,0.00547367735652362
90,1.5,feeder2_594,0.07234401148608154,0.020697938824676528,0.07232375910044174,0.02059053731680906
90,1.5,feeder2_732,0.06919006622010611,0.07114407987437228,0.0691666126111222,0.07105408655982438
90,1.5,feeder2_417,0.07225410116873843,0.07410634778086866,0.0722327608808582,0.07401448243637232
90,1.5,feeder2_663,0.07181378878430483,0.07473749982719768,0.07179320681531313,0.07464432068756774
90,1.5,feeder2_444,0.07316895540944844,0.07764899092480816,0.07315023100230808,0.07755566983359662
90,1.5,feeder2_759,0.0755631960417869,0.0751361814947461,0.07554595376883692,0.07504226038993748
90,1.5,feeder2_842,0.0857995461829571,0.10015627630427103,0.08578248665589903,0.10006165898028
90,1.5,feeder2_459,0.07318078657395521,0.07771766822622167,0.07316202696354265,0.07762227237681772
90,1.5,feeder2_702,0.07320740454733994,0.07767977461720417,0.07319123495860949,0.07758432694505912
90,1.5,feeder2_493,0.07322471728318466,0.07799168675941365,0.07320030097420156,0.07790038728398163
90,1.5,feeder2_651,0.07532895573903149,0.005777632224650524,0.075300711522996,0.005672784569422621
90,1.5,feeder2_684,0.07733676064384559,0.007319853108707207,0.07730838972525983,0.007445134483553648
90,1.5,feeder2_674,0.07317370805109087,0.07796949276325389,0.07315694199233773,0.07787577809880059
90,1.5,feeder2_696,0.07341039234139346,0.0789001501379165,0.073393549999694,0.07880375820316837
90,1.5,feeder2_681,0.0730850823440406,0.0779282765582331,0.07306656507344202,0.07783624421224654
90,1.5,feeder2_682,0.07309673130671575,0.07794018124556427,0.07307970179213794,0.07784741163266701
90,1.5,feeder2_728,0.07726820352268293,0.0070386931377419675,0.07724044052908824,0.007162683527158006
90,1.5,feeder2_724,0.07955370348099658,0.02088171643726184,0.07952440000632775,0.02101545448404685
90,1.5,feeder2_703,0.07374597641514781,0.07959536128048439,0.07372765225118447,0.07950177914139421
90,1.5,feeder2_704,0.0734812980697973,0.07905030016140568,0.073457128899422,0.07896088022104021
90,1.5,feeder2_754,0.0797271574694557,0.021036394049545187,0.07970304229224011,0.021173446329162276
90,1.5,feeder2_747,0.08046113712680479,0.026347475845098164,0.08043659611086355,0.02648540258288702
90,1.5,feeder2_828,0.07721633120083858,0.007061422325949138,0.07718827648403406,0.007181366318389639
90,1.5,feeder2_763,0.07718908954290722,0.0067900795196807525,0.07716278103724439,0.006907903438403614
90,1.5,feeder2_836,0.08053965537453142,0.026118097362808096,0.08050910518630523,0.02625475334810946
90,1.5,feeder2_758,0.08122802342940695,0.031151440466898994,0.08119893647815847,0.03128873381397282
90,1.5,feeder2_788,0.08279682807242178,0.03276322610830112,0.082771129810445,0.03290643872652113
90,1.5,feeder2_812,0.08324097739936834,0.0439272222411739,0.08321074632269433,0.04407298840894787
90,1.5,feeder2_947,0.07756221643730131,0.0072873553831782805,0.07753319284019108,0.007403535290841625
90,1.5,feeder2_868,0.07731433876537581,0.006954998109776768,0.07728624069094525,0.007067794120681651
90,1.5,feeder2_785,0.07711724240901555,0.006551208895391049,0.07708742515725034,0.006662952118630079
90,1.5,feeder2_1176,0.07542365852647868,0.00675323146645771,0.07539911329630421,0.006813096433435739
90,1.5,feeder2_846,0.07686117404660578,0.0065809773179653485,0.07683576212772189,0.006698443076983357
90,1.5,feeder2_911,0.07712477604914549,0.006627748021682589,0.07709613995325432,0.006737607359826904
90,1.5,feeder2_1107,0.0833852336804748,0.048391070397130226,0.0833584834881106,0.04854216384787306
90,1.5,feeder2_920,0.08376788533439541,0.046289610174784,0.08373652699229894,0.04643836578314449
90,1.5,feeder2_926,0.08458429339827131,0.04973179831972491,0.08455175218800694,0.049882715113125246
90,1.5,feeder2_1239,0.08373218565684676,0.0463910684908788,0.08369894926572281,0.0465387693229763
90,1.5,feeder2_933,0.08482591773462525,0.050625935957770776,0.08479964577785017,0.05078055641177996
90,1.5,feeder2_1146,0.08515090402561538,0.052713637297516026,0.085121223748106,0.052866509504738556
90,1.5,feeder2_1124,0.08487684864321506,0.050467677003088976,0.08484384480259206,0.050619504878973015
90,1.5,feeder2_942,0.08541458251873316,0.05303904699684538,0.08538372768024384,0.05319495617127634
90,1.5,feeder2_952,0.08672177455593337,0.05746097822519668,0.08668929487992552,0.05762079756428104
90,1.5,feeder2_965,0.08535771892784723,0.052938255358130744,0.08532840920514041,0.0530928912771222
90,1.5,feeder2_961,0.08681357311381083,0.05767862423957586,0.08678274782804002,0.05783869694931785
90,1.5,feeder2_963,0.08673236547006999,0.057518471517907545,0.08670109249455608,0.05768177243736439
90,1.5,feeder2_973,0.08730864007394702,0.05883526707191228,0.08727563628023619,0.058995712364758264
90,1.5,feeder2_1128,0.08680166454040812,0.05771198562265599,0.08677202155273338,0.05787562475832237
90,1.5,feeder2_1113,0.08795920064895023,0.058809041195199606,0.08792758627261085,0.05896958707657304
90,1.5,feeder2_1143,0.08674375162962517,0.057678076349575134,0.08671089563266389,0.05783939398042355
90,1.5,feeder2_1238,0.08548453479392742,0.05304015202143063,0.08545537062481516,0.05319794908899263
90,1.5,feeder2_979,0.08528308210999098,0.052802229856564034,0.08525096168661889,0.05296083971253566
90,1.5,feeder2_1236,0.0880242828419233,0.060752963870992056,0.08799032016043914,0.06091616100438778
90,1.5,feeder2_989,0.08730885615911885,0.0588340583476034,0.08727563628023619,0.058995712364758264
90,1.5,feeder2_1196,0.08452690770170435,0.052120073362307784,0.0844990811256495,0.05228133908861647
90,1.5,feeder2_1158,0.08737722515760722,0.0586820542042224,0.08734445101592475,0.05884549983843152
90,1.5,feeder2_1122,0.0834175979426305,0.05087722775456962,0.08338528874921465,0.05102378900016956
90,1.5,feeder2_1258,0.08299675959268032,0.04757967383161822,0.08296966240737753,0.047731394992745736
90,1.5,feeder2_1303,0.08497391004780375,0.05248371162789975,0.0849442745943594,0.05262932658003029
90,1.5,feeder2_1138,0.08333636694927482,0.05230167778050443,0.08330796034383035,0.052451044353882544
90,1.5,feeder2_1304,0.08278940405770085,0.05262563208156842,0.08276149861634655,0.05277233573172115
90,1.5,feeder2_1212,0.08326109406418677,0.05507329382659318,0.08323301025274979,0.05522272772283918
90,1.5,feeder2_1311,0.08492103943048648,0.05675811827499834,0.08489452736463249,0.05690486606251447
90,1.5,feeder2_1290,0.0829053729404388,0.05724474176581572,0.08287357013033446,0.05739019069654828
90,1.5,feeder2_1325,0.08898829497265918,0.06435535344405151,0.08895587769856951,0.06452948588695293
90,1.5,feeder2_1248,0.08802132368185485,0.06074916644871265,0.08798687313934428,0.06091344378087185
90,1.5,feeder2_1249,0.08550666993601751,0.0530574478337742,0.085478250545806,0.05321663452766325
90,1.5,feeder2_1250,0.08552038493951745,0.05307036214797248,0.08549022922650716,0.05322680742364011
90,1.5,feeder2_1366,0.08809599861161786,0.06056369220411292,0.08806092565054809,0.060732581249040234
90,1.5,feeder2_1266,0.08254116439801021,0.04703551799987699,0.08250968732495025,0.04718020792307551
90,1.5,feeder2_1372,0.08309879209061492,0.05735523729660793,0.08307049871997993,0.05750028290106556
90,1.5,feeder2_1363,0.08250810643166435,0.059604851905467215,0.08247983561008106,0.05975058775305182
90,1.5,feeder2_1446,0.09049475760047557,0.06593431375714065,0.09045913510026103,0.066105078493677
90,1.5,feeder2_1502,0.08969216630272481,0.06637930099417523,0.08965374018782218,0.06655436984373361
90,1.5,feeder2_1428,0.0820132180853964,0.05995784182754048,0.08198563764408003,0.06010417631816786
90,1.5,feeder2_1380,0.08219794333975783,0.062028722578853876,0.08216841465051965,0.06216909169405661
90,1.5,feeder2_1550,0.08224041273056044,0.06204564959120409,0.08220738731839304,0.06218690253631722
90,1.5,feeder2_1386,0.08204643936735276,0.06326075236689929,0.08201894680558158,0.0634037556197738
90,1.5,feeder2_1551,0.08188580407248462,0.06339872051464046,0.08185705992955035,0.06354199582064829
90,1.5,feeder2_1400,0.08198203471930526,0.06382423637585609,0.08195822864426612,0.06396934793433726
90,1.5,feeder2_1552,0.08176836148872507,0.06401065189740937,0.08174075749558543,0.0641524306175592
90,1.5,feeder2_1408,0.08187083811087166,0.06491040952774242,0.081839483175488,0.06504818165317484
90,1.5,feeder2_1553,0.08099953741771859,0.06497804326230458,0.08097110443537649,0.06511731315986445
90,1.5,feeder2_1416,0.08188831666417357,0.06543684718442558,0.08185904161445164,0.06557763272045168
90,1.5,feeder2_1530,0.08395497314610792,0.06736951068216693,0.08392665143294986,0.0675157152753816
90,1.5,feeder2_1425,0.08170909021100446,0.06548827084792957,0.08167741922626577,0.06562502832236486
90,1.5,feeder2_1589,0.08086378305765013,0.06546579068682755,0.08083587276713956,0.06560288143489514
90,1.5,feeder2_1435,0.08170732148548733,0.06548803476870926,0.0816805517615556,0.06563111516612162
90,1.5,feeder2_1621,0.08179684538592302,0.06520022610936672,0.08176858407140765,0.06533851796611119
90,1.5,feeder2_1564,0.08163301139834081,0.06579704451799849,0.08160293283813108,0.06593643148796516
90,1.5,feeder2_1704,0.0891210610436952,0.06567513647355444,0.08908463791367845,0.06585190863526398
90,1.5,feeder2_1525,0.08986656653938305,0.06720494937190047,0.08983580585802316,0.0673868816228138
90,1.5,feeder2_1716,0.08994448439886331,0.06699256277815548,0.08990723441539429,0.06717318122457334
90,1.5,feeder2_1537,0.09005629054321944,0.06816152842999673,0.09002090062191107,0.06834203974577976
90,1.5,feeder2_1645,0.08995418354878906,0.06822145871979664,0.08991725278767142,0.0684030177461216
90,1.5,feeder2_1561,0.09028155565231073,0.06920755311492148,0.09024274754028971,0.06938726602487688
90,1.5,feeder2_1657,0.09121863138145174,0.07018927582093003,0.09118386918283783,0.07037863213915448
90,1.5,feeder2_1570,0.0903357512326186,0.06942034607653721,0.09029855379074342,0.0696054229141639
90,1.5,feeder2_1756,0.09350449017496296,0.0727384917030566,0.0934669045843543,0.07292355725944287
90,1.5,feeder2_1588,0.09034724227663708,0.0694064150480514,0.09031088315643869,0.06959151690682132
90,1.5,feeder2_1628,0.09046974258671074,0.06953671676624064,0.09043414062985129,0.06972591750373279
90,1.5,feeder2_1598,0.09035958395953962,0.06935523812118817,0.09032501131198903,0.06954241984566006
90,1.5,feeder2_1816,0.08834229748263214,0.06765816363318307,0.08830353634213944,0.06784247558066615
90,1.5,feeder2_1765,0.09052761843845496,0.0688377758570977,0.09049041156105689,0.06902707240468156
90,1.5,feeder2_1641,0.09039187590627494,0.07000648135920992,0.0903540047953917,0.07020364707966323
90,1.5,feeder2_1689,0.09019791818063036,0.06935870287635623,0.09016326095445279,0.06956317850428015
90,1.5,feeder2_1744,0.0911253529383095,0.07077509272803213,0.09108672947845346,0.07096836590473748
90,1.5,feeder2_1817,0.08996008655201963,0.0687178195938203,0.08992143979986275,0.06892225311482698
90,1.5,feeder2_1779,0.09021077510988372,0.06931799304036049,0.09017476917078049,0.06952177676219518
90,1.5,feeder2_1800,0.09014437818548376,0.06937998287000079,0.09010645575469461,0.06958401149526515
90,1.5,feeder2_1818,0.08981218298204541,0.0688029087075293,0.08976851214681904,0.06901670744100899
90,1.5,feeder2_1753,0.0933617224473924,0.07311985307278296,0.09332228845088418,0.07331578269641731
90,1.5,feeder2_1754,0.0911464731696825,0.07079695066998522,0.09111203601125953,0.07099333266218999
120,2.0,secondary,0.004680872248846678,0.02396617998399444,0.0046753362275778,0.023963155983637185
120,2.0,feeder2_44,0.008708961752823405,0.12496759475277343,0.008695710255738297,0.12494415772638148
120,2.0,feeder2_45,0.008862370178783706,0.12882561138197643,0.008853347313250954,0.12880193228701434
120,2.0,feeder2_46,0.009052875572073139,0.12556383075542094,0.00904133325825919,0.12554003078395126
120,2.0,feeder2_51,0.009146125823516068,0.13562191584908628,0.009131668177152968,0.13559755023551037
120,2.0,feeder2_48,0.008267497417734205,0.12820265921383628,0.008256239708503796,0.12817832904171605
120,2.0,feeder2_52,0.009287865853630313,0.13566411316945012,0.009278546057250555,0.13563800620500482
120,2.0,feeder2_68,0.009932723800814197,0.1547663122991381,0.009922431700344708,0.15473518768136854
120,2.0,feeder2_69,0.009987619308433547,0.1549154120475158,0.009977501776643609,0.1548842042957577
120,2.0,feeder2_71,0.010037900680648684,0.15729543386411182,0.01002542306607514,0.1572620857680003
120,2.0,feeder2_72,0.00981078033387379,0.15706046179855526,0.009799909250267254,0.15702909096984483
120,2.0,feeder2_73,0.010372239944500533,0.16523863967377897,0.010359469555824126,0.16520623677035312
120,2.0,feeder2_74,0.01046280146824094,0.16526032480940658,0.010450484960162692,0.16523094749887793
120,2.0,feeder2_77,0.010655261201003281,0.1720522407269715,0.010641118718156916,0.1720209738055783
120,2.0,feeder2_79,0.012151231613768479,0.1721617963391564,0.012139433737476163,0.17212758445640255
120,2.0,feeder2_81,0.011030358705619647,0.1827093930182721,0.011015875956445825,0.18267328695759494
120,2.0,feeder2_82,0.010477137744586126,0.18212849753215685,0.010463396859853941,0.18209399016396144
120,2.0,feeder2_116,0.012863091950811935,0.23107094822467336,0.012848795268752933,0.23102453483291938
120,2.0,feeder2_119,0.013301544080066003,0.23295381735655413,0.013292872113558646,0.2329055004243433
120,2.0,feeder2_120,0.013382476188734683,0.24805028057284045,0.013368609789826165,0.24799887754265118
120,2.0,feeder2_248,0.013652639176082938,0.24991692788249864,0.013640635560906639,0.24986564081330145
120,2.0,feeder2_124,0.013598145753993526,0.2578003353426463,0.013582968484404288,0.2577464816846454
120,2.0,feeder2_282,0.013459657701089416,0.2576592068505607,0.01344403694480732,0.25760817069565595
120,2.0,feeder2_275,0.013667167740244582,0.26080790095566375,0.013657191831956664,0.2607543820597234
120,2.0,feeder2_151,0.013805270185441365,0.2730246381353962,0.013787591832999706,0.2729668950563826
120,2.0,feeder2_295,0.013827259665170486,0.273111022004638,0.013809018368181656,0.2730589722758098
120,2.0,feeder2_311,0.013882878938224619,0.2732681451442382,0.013864696700786744,0.2732123313961273
120,2.0,feeder2_201,0.014230376596740781,0.2980006223850556,0.014205641372946751,0.2979410714196316
120,2.0,feeder2_314,0.012698897535007183,0.29603690674599464,0.012676921452885832,0.2959746769848681
120,2.0,feeder2_342,0.015867427916237378,0.33790045456815465,0.015843879026705178,0.337832607513336
120,2.0,feeder2_368,0.015938397831569504,0.34343423260284384,0.015911117972214724,0.3433692194636231
120,2.0,feeder2_347,0.01738439674237076,0.347221811490255,0.017359650435632343,0.34715076413613766
120,2.0,feeder2_353,0.018242799784415484,0.35199207754314044,0.01821980179386358,0.3519157875692193
120,2.0,feeder2_518,0.017119993892472072,0.3469620447886205,0.01709611837855451,0.34689055242205996
120,2.0,feeder2_365,0.019208478018107194,0.3572806407843687,0.01918773691445704,0.3572034446039119
120,2.0,feeder2_653,0.018482002640639508,0.3520283872702593,0.018457187246434064,0.35195274266054133
120,2.0,feeder2_377,0.019752937290835305,0.3601440799294425,0.019732909258852373,0.36006608847774974
120,2.0,feeder2_622,0.019213392260331346,0.3573126219243843,0.01919091760529961,0.35723968140968454
120,2.0,feeder2_451,0.01568327657720433,0.3431941072782521,0.015653668234169513,0.3431317885474004
120,2.0,feeder2_383,0.016550170702322585,0.352619136005006,0.016517803195604825,0.3525578070530361
120,2.0,feeder2_385,0.020398600364816468,0.3634082455369952,0.020378722603321953,0.3633272571382627
120,2.0,feeder2_621,0.019763039787920832,0.3602382244477822,0.01974139231453935,0.3601581724784727
120,2.0,feeder2_611,0.016632919049524273,0.3526327876756169,0.01660137709212053,0.35257092415194524
120,2.0,feeder2_405,0.01660356016265703,0.3531954706967418,0.016574003310854762,0.3531326211894352
120,2.0,feeder2_461,0.02278398512334473,0.37478527887485047,0.022766153488552907,0.374698657616948
120,2.0,feeder2_594,0.02065328550496939,0.36457046194357945,0.02063378403188374,0.36449077737389113
120,2.0,feeder2_732,0.015765849171483055,0.35486567877974623,0.015733758575823893,0.354803655175963
120,2.0,feeder2_417,0.01709752908757565,0.3572086445707649,0.017064786079714043,0.35714461215773247
120,2.0,feeder2_663,0.01718466649386687,0.35735825028998774,0.017151614467856832,0.3572968634966559
120,2.0,feeder2_444,0.017551171860324587,0.36022249641035753,0.0175150787510839,0.36016578218377576
120,2.0,feeder2_759,0.01739463889938194,0.3600755248233742,0.01736044399953098,0.36001440109244287
120,2.0,feeder2_842,0.03705606001543553,0.37935665731395646,0.03702071922577957,0.37930194213233986
120,2.0,feeder2_459,0.017536795387540494,0.3601215641140582,0.017504785525040065,0.3600593951652689
120,2.0,feeder2_702,0.017132870705175218,0.35855356455918486,0.017102068349543295,0.3584901971479798
120,2.0,feeder2_493,0.017594232247646054,0.3603866597446104,0.017563230541013976,0.36032375897838265
120,2.0,feeder2_651,0.02279324893669054,0.37495857345987527,0.022773126818148387,0.3748738955488443
120,2.0,feeder2_684,0.024838854929619375,0.38382771554308837,0.02482173849979431,0.38373451824164223
120,2.0,feeder2_674,0.017610134744486083,0.36038378974766927,0.017576604239299538,0.36032349361838584
120,2.0,feeder2_696,0.017723138699048863,0.36118703970853516,0.0176905802614949,0.36112303425569986
120,2.0,feeder2_681,0.01764077083955026,0.36037595146411583,0.017604523478358683,0.3603153593589173
120,2.0,feeder2_682,0.01763033869789557,0.3603838129343769,0.017596391012862794,0.3603239865870686
120,2.0,feeder2_728,0.02482409316900112,0.38360043741373967,0.02480475508309494,0.3835090925177217
120,2.0,feeder2_724,0.027007591392478453,0.3936035490750045,0.02698835176584195,0.39350533248201336
120,2.0,feeder2_703,0.018249565515468892,0.36178067646644785,0.018213765228570645,0.36172122716691557
120,2.0,feeder2_704,0.017837128620592817,0.3613144865098603,0.017804183498759667,0.36125293185630036
120,2.0,feeder2_754,0.026779255107607657,0.3933410703433729,0.02676208912225568,0.3932421749663537
120,2.0,feeder2_747,0.02791963104508315,0.3977297019508324,0.02790028009459512,0.3976299367987418
120,2.0,feeder2_828,0.024871498900991107,0.38360307783261455,0.024852306600360287,0.38351183891020424
120,2.0,feeder2_763,0.024780353310511437,0.38326796579767186,0.024760969712213348,0.3831751750719258
120,2.0,feeder2_836,0.030154358643627827,0.39783864406975794,0.03013489445743173,0.3977401849950422
120,2.0,feeder2_758,0.028628201676502527,0.4011170195961734,0.028606192658280998,0.40101382396752333
120,2.0,feeder2_788,0.02833678611850186,0.4007741321855989,0.028318016245918325,0.4006691894968415
120,2.0,feeder2_812,0.030918854524608425,0.4119883189420404,0.030901083988804326,0.41187350228650527
120,2.0,feeder2_947,0.02426428249644296,0.3826880502927553,0.02424418877889239,0.38259261148822166
120,2.0,feeder2_868,0.0246059993747757,0.3830725129714195,0.02458517243338608,0.38298134696619396
120,2.0,feeder2_785,0.02480363011907255,0.38331941283041054,0.02478271747038181,0.3832299895987589
120,2.0,feeder2_1176,0.02478700637472233,0.3837390988903753,0.024763844666185003,0.3836438203336661
120,2.0,feeder2_846,0.025033358846814655,0.38334415836790464,0.02501190747130079,0.3832525338021808
120,2.0,feeder2_911,0.024786957839313412,0.38323165673969806,0.024768817716721528,0.38314056352172526
120,2.0,feeder2_1107,0.032428342726407634,0.41882077006253027,0.0324119747234702,0.418706020149783
120,2.0,feeder2_920,0.03116686433479465,0.4131761219332718,0.03114779501530634,0.4130634297268599
120,2.0,feeder2_926,0.03141542532163978,0.414429872006328,0.03139542390833265,0.41431625577151715
120,2.0,feeder2_1239,0.03131001179227328,0.41379378513843557,0.03129538949691959,0.4136797942153469
120,2.0,feeder2_933,0.031526830389027066,0.41501288015543336,0.03151097935417391,0.41489639495964303
120,2.0,feeder2_1146,0.03140906407670918,0.4143117156445892,0.03139172085200086,0.41419836717753206
120,2.0,feeder2_1124,0.031500845116567706,0.4151434377129891,0.03148069820610249,0.4150268188439422
120,2.0,feeder2_942,0.031828765299444985,0.4163683719877116,0.03180835498428808,0.41625073621926933
120,2.0,feeder2_952,0.0322247520841588,0.4184809805130338,0.03220487297687613,0.4183595497809539
120,2.0,feeder2_965,0.03183519488277988,0.41635633578762715,0.03181852116468699,0.4162401721531562
120,2.0,feeder2_961,0.03226955899650967,0.4187389847812876,0.03225010725384303,0.41861966247543536
120,2.0,feeder2_963,0.03222431546296812,0.4184748895151222,0.03220743144688688,0.4183578925078409
120,2.0,feeder2_973,0.03250059724616483,0.42011784185159073,0.03248440236887916,0.41999798805301325
120,2.0,feeder2_1128,0.03228219945571073,0.4187347087258426,0.0322641163264868,0.4186129664894784
120,2.0,feeder2_1113,0.03218327411361746,0.4184218535471872,0.03216059357590342,0.4183023636219708
120,2.0,feeder2_1143,0.03220220608661331,0.4181997183514705,0.03218167048139314,0.41808004314696007
120,2.0,feeder2_1238,0.03167958890916757,0.416154894449634,0.03166477866338465,0.4160378333799206
120,2.0,feeder2_979,0.031844515954064956,0.41635620952152097,0.031826493373343784,0.41623613241505725
120,2.0,feeder2_1236,0.032867149267445425,0.42206355581855953,0.03284780907755863,0.4219394619903923
120,2.0,feeder2_989,0.03250040545946332,0.42011899217514315,0.0324832975727371,0.41999871117306037
120,2.0,feeder2_1196,0.032014088730048344,0.4163734662540484,0.03199631826660415,0.41625775326185877
120,2.0,feeder2_1158,0.032454913321589514,0.420257846252133,0.03243407592893456,0.42013755999548735
120,2.0,feeder2_1122,0.03303643434101154,0.4212792967828301,0.03302336113199297,0.42116055935467944
120,2.0,feeder2_1258,0.03301560911863675,0.4190222879133173,0.032999365438146945,0.4189059877733899
120,2.0,feeder2_1303,0.03296220587031136,0.42117172317767587,0.032947957503240206,0.42105363022117825
120,2.0,feeder2_1138,0.033528890773827605,0.423279064760338,0.03351508797627819,0.4231554172929714
120,2.0,feeder2_1304,0.03447735638325023,0.4245397465214709,0.0344659102880986,0.4244194940954728
120,2.0,feeder2_1212,0.034337890231757255,0.42663423874998485,0.034329011525096896,0.4265095540734201
120,2.0,feeder2_1311,0.034242679820040055,0.4264865551162732,0.03423139954967009,0.42636266551924196
120,2.0,feeder2_1290,0.03538485198004132,0.43099419357885677,0.03537584868321084,0.43086921600733263
120,2.0,feeder2_1325,0.033335384610409365,0.42437816870946116,0.03331183754879698,0.4242525759186109
120,2.0,feeder2_1248,0.03287104262581731,0.4220646970437273,0.03285194445196999,0.421941245335473
120,2.0,feeder2_1249,0.03165201321698865,0.4161182995051161,0.03163412787774669,0.4160004174640885
120,2.0,feeder2_1250,0.03163717935241558,0.41610168924730895,0.03162227976166928,0.41598700432596925
120,2.0,feeder2_1366,0.032825876331768096,0.422230023157619,0.0328033917112253,0.42210722579405485
120,2.0,feeder2_1266,0.03299526879178923,0.41908189352804187,0.03297812882635435,0.41896635416854966
120,2.0,feeder2_1372,0.03408397576419348,0.42977237799409285,0.0340735311242831,0.42964448814327844
120,2.0,feeder2_1363,0.036888218241257924,0.43759014231605453,0.036877800686204644,0.437457436856151
120,2.0,feeder2_1446,0.03240085778097869,0.42346432048732013,0.03238117753757365,0.42333600233909074
120,2.0,feeder2_1502,0.034113468214659035,0.42823174597793146,0.034091085834003235,0.4281021608146209
120,2.0,feeder2_1428,0.03792677633252309,0.43892381964466887,0.03791686839006456,0.4387947854197597
120,2.0,feeder2_1380,0.03822115802410638,0.44372808173061074,0.038215264317392895,0.44359324184327215
120,2.0,feeder2_1550,0.038182370712715866,0.4436656469077638,0.038178592018792847,0.44353306436365114
120,2.0,feeder2_1386,0.03888363581588975,0.4467833571947702,0.03887905583273301,0.44664721765195137
120,2.0,feeder2_1551,0.04041981094457962,0.44961435474609984,0.040417250115847334,0.44947858448017464
120,2.0,feeder2_1400,0.03907091242372561,0.4476168335683425,0.039067446105013844,0.4474806150812454
120,2.0,feeder2_1552,0.03928639106415613,0.447628331485658,0.03927865523545822,0.44749320227573003
120,2.0,feeder2_1408,0.03944057482620729,0.4493541591620986,0.039435235299588006,0.4492146944500856
120,2.0,feeder2_1553,0.04174552252368838,0.45328468505796554,0.04174450250952483,0.45314652351411344
120,2.0,feeder2_1416,0.03945532171530731,0.44942399372276726,0.03945195729558257,0.44928766429554506
120,2.0,feeder2_1530,0.037768870868148306,0.4479294970144278,0.0377601457256398,0.4477905764565071
120,2.0,feeder2_1425,0.039644031503697136,0.4503901938631442,0.03963696000043179,0.450254036862612
120,2.0,feeder2_1589,0.04075894454106511,0.4522382858379314,0.04075781332319345,0.4521006697564747
120,2.0,feeder2_1435,0.03964508274710742,0.45041724038734804,0.039639434101709,0.4502789212396601
120,2.0,feeder2_1621,0.0395254171100052,0.4506480141988308,0.0395228661006297,0.45051002152058384
120,2.0,feeder2_1564,0.03971618110097572,0.45045946621656313,0.03971330536146294,0.45032099932327785
120,2.0,feeder2_1704,0.034070132704409235,0.4284850964317087,0.03404471857695813,0.42835520159535134
120,2.0,feeder2_1525,0.03432849930750563,0.429127063760067,0.03430594201868397,0.4289962866941986
120,2.0,feeder2_1716,0.03785244246790314,0.4293610869364784,0.037824620736982506,0.429234423724719
120,2.0,feeder2_1537,0.034530479641759364,0.4300297851476848,0.03451096165719114,0.42989868943540555
120,2.0,feeder2_1645,0.03507311180811843,0.43152606163951573,0.035053057510850576,0.4313924658959359
120,2.0,feeder2_1561,0.03460638243136752,0.43027383739530095,0.034584917794510964,0.4301405053434652
120,2.0,feeder2_1657,0.034499612323699844,0.4301427185347729,0.034478105382576923,0.4300066905163246
120,2.0,feeder2_1570,0.03464159009088953,0.43040980808692153,0.03461620875915986,0.43027331000394936
120,2.0,feeder2_1756,0.03443591144918217,0.4301452833904997,0.034416518163158036,0.43001140980070657
120,2.0,feeder2_1588,0.03467539428491033,0.43055286849872965,0.03465635809328998,0.4304154067263131
120,2.0,feeder2_1628,0.03381681469316983,0.42970350079599656,0.033794173457762415,0.42956474522399674
120,2.0,feeder2_1598,0.03476755363401617,0.43098646741774,0.03474742231796333,0.43084742864050835
120,2.0,feeder2_1816,0.03740635235021825,0.4313927559270481,0.03737898698173572,0.4312598246152346
120,2.0,feeder2_1765,0.0346773249492137,0.4314340149864342,0.034653396851863257,0.43129702654124347
120,2.0,feeder2_1641,0.03520730159234622,0.43267100526762575,0.03518821184957173,0.432529063576837
120,2.0,feeder2_1689,0.035591455874392185,0.4342399004519778,0.03557114747789309,0.4340961752005001
120,2.0,feeder2_1744,0.03513635715212826,0.4325801015022663,0.03511452510867238,0.4324401974025307
120,2.0,feeder2_1817,0.035809626861673535,0.43532175877444856,0.035788591823696494,0.4351750397179479
120,2.0,feeder2_1779,0.035583497916803854,0.434275112708407,0.03556323032665481,0.4341304502669882
120,2.0,feeder2_1800,0.03596439656159844,0.43529610024027854,0.03594155824893313,0.43515069785309707
120,2.0,feeder2_1818,0.0363213135263326,0.4320483080642372,0.03628858756771176,0.43189506445871495
120,2.0,feeder2_1753,0.03502450256994427,0.4324338211201542,0.035004721726442076,0.43229201796437305
120,2.0,feeder2_1754,0.03511175598368553,0.4325490798725515,0.03509138219490876,0.43241134213240773
150,2.5,secondary,0.009609437987847663,0.013454084717000304,0.009602336105511429,0.013449500457949053
150,2.5,feeder2_44,0.017871734644864086,0.07012645363420193,0.01785044147425797,0.07010122948719569
150,2.5,feeder2_45,0.01815375730171338,0.0722024899757738,0.018134799617047528,0.07217378978798472
150,2.5,feeder2_46,0.01789622613137293,0.07123126804369327,0.01786495057268043,0.07121561184148582
150,2.5,feeder2_51,0.018648265975769317,0.07588465219267909,0.01862766392216656,0.07585709659259318
150,2.5,feeder2_48,0.018362798661337103,0.07165417589456935,0.018347697365388157,0.0716253493375831
150,2.5,feeder2_52,0.018439740244478607,0.07586342914484358,0.018421893741265266,0.07582913668035873
150,2.5,feeder2_68,0.0200549002042054,0.08625747149848281,0.020037003716636897,0.08621944624324578
150,2.5,feeder2_69,0.020180493410558685,0.08643209835654404,0.02015780974243822,0.08639827958069393
150,2.5,feeder2_71,0.020239440282482538,0.08762111012377047,0.02021753565850215,0.08758234654696141
150,2.5,feeder2_72,0.020299814131091744,0.08741736040558082,0.02028009909754658,0.08737986424477306
150,2.5,feeder2_73,0.020819097017245408,0.0919095100438015,0.020795238014307153,0.09187025191054572
150,2.5,feeder2_74,0.01952507451954481,0.09336433981182503,0.01950661945617059,0.09331894642333345
150,2.5,feeder2_77,0.021377158851249526,0.09538383508355375,0.02135946135543998,0.09533639342907647
150,2.5,feeder2_79,0.021636470011191806,0.0957516122041791,0.021617554578873134,0.09570816643632801
150,2.5,feeder2_81,0.02222871283792016,0.10072882427436826,0.022211706865247625,0.10067861689042866
150,2.5,feeder2_82,0.022409577867191808,0.1002130019602913,0.02238968904667997,0.10016317672196977
150,2.5,feeder2_116,0.026092378194758327,0.12519228039935026,0.02606601736841324,0.12512799943823805
150,2.5,feeder2_119,0.025337564767589353,0.12516003832888656,0.025310288399351517,0.12509457137894073
150,2.5,feeder2_120,0.027594825107449327,0.13432224620363065,0.027567947451849532,0.13425202003284645
150,2.5,feeder2_248,0.027125653706485953,0.13427647936076464,0.027101799234162425,0.13420331280452424
150,2.5,feeder2_124,0.02854848369508857,0.13997680909441698,0.028521602169544396,0.13990369443932985
150,2.5,feeder2_282,0.028576043229212818,0.13985587114596276,0.028548113980619075,0.13978383181913454
150,2.5,feeder2_275,0.02601740079460929,0.14250436373930075,0.026001058306263407,0.14242285646482847
150,2.5,feeder2_151,0.030674264200444498,0.1484154766158137,0.03065124911101305,0.14834013799464493
150,2.5,feeder2_295,0.030751090177995388,0.14851419487237175,0.030718879174843994,0.1484461661849407
150,2.5,feeder2_311,0.03089033017537771,0.1486981698912169,0.030862728865258635,0.14862621608995716
150,2.5,feeder2_201,0.03410556473226536,0.16204327009191385,0.03407737375573629,0.16197064302570693
150,2.5,feeder2_314,0.034845074142184004,0.16117811119420333,0.034819851041624474,0.16110621142327655
150,2.5,feeder2_342,0.03878665772893773,0.18333826764753464,0.03875203725319019,0.18327060375919968
150,2.5,feeder2_368,0.040479630476475605,0.19029878627905497,0.04044882425354085,0.19023004641511435
150,2.5,feeder2_347,0.03848369255522166,0.18087626118632508,0.03844799085347057,0.1807939649522414
150,2.5,feeder2_353,0.03834516074915638,0.17976442491304664,0.0383169012845993,0.17967214661294642
150,2.5,feeder2_518,0.03854079075607235,0.1806563179337751,0.03850952380766926,0.18057207627600233
150,2.5,feeder2_365,0.038218061828189716,0.17857951557669902,0.038191792567902,0.17847978032776937
150,2.5,feeder2_653,0.038036703788342306,0.17971394572062557,0.0380054495875599,0.1796252112939252
150,2.5,feeder2_377,0.03814784423263341,0.1779285428122428,0.03812013713453735,0.17782837093136647
150,2.5,feeder2_622,0.03824562337820946,0.1786156194802368,0.03821229982892334,0.17852026118815353
150,2.5,feeder2_451,0.04052203720413524,0.1900986509579627,0.040486929727013565,0.19003677555888326
150,2.5,feeder2_383,0.04327026123228856,0.20175949406680743,0.043232629235117975,0.20170295921912562
150,2.5,feeder2_385,0.03805994713822938,0.17714387932492945,0.0380295879809733,0.17703729837481105
150,2.5,feeder2_621,0.03822906372179319,0.1780342771312358,0.03820290724158959,0.17793411428701247
150,2.5,feeder2_611,0.043067879522550416,0.20171021897902514,0.04302666394791051,0.20165605575562007
150,2.5,feeder2_405,0.04344875761223742,0.20248138812481326,0.04340744436811214,0.20242672536163972
150,2.5,feeder2_461,0.03779553114322053,0.17411276586037558,0.03777140184658058,0.1739911766023861
150,2.5,feeder2_594,0.037754637782381945,0.17709482725877262,0.037721767803607205,0.1769895402093207
150,2.5,feeder2_732,0.04313384690939841,0.20240800536267625,0.04309579723321472,0.2023478712313954
150,2.5,feeder2_417,0.04481429889765482,0.20794973489072793,0.04477875480166025,0.20789432575828543
150,2.5,feeder2_663,0.044899468083817014,0.2084876124972204,0.0448532178585893,0.20843919568486394
150,2.5,feeder2_444,0.04581284191708172,0.21191587433230033,0.045773790534618795,0.21186496973774138
150,2.5,feeder2_759,0.045822827012578324,0.21179753376093682,0.04578721418506812,0.21174489102525534
150,2.5,feeder2_842,0.06450049536611968,0.2337817261285688,0.0644350884202207,0.23375012404990297
150,2.5,feeder2_459,0.045817012639789496,0.2120056477527219,0.0457746138323296,0.2119568635783859
150,2.5,feeder2_702,0.04702082153878377,0.21060598510179138,0.04698441185100684,0.21055543786743158
150,2.5,feeder2_493,0.045729100125834185,0.21290887846003317,0.04568846101390503,0.2128586964797492
150,2.5,feeder2_651,0.03794021805238028,0.17431040262111674,0.03790930822351679,0.1741884712714389
150,2.5,feeder2_684,0.03754447139458291,0.17143359899951224,0.03751692099808894,0.17129649293361354
150,2.5,feeder2_674,0.045302661870707556,0.21322225091270908,0.045259162429434126,0.21317203042501282
150,2.5,feeder2_696,0.046073865132432515,0.21430334568599071,0.04603503189108792,0.214254113357905
150,2.5,feeder2_681,0.04473108714482322,0.2136192835015804,0.04468806016904218,0.21357009874578745
150,2.5,feeder2_682,0.0444095116571139,0.21392209668309245,0.04436600719857865,0.2138712951746794
150,2.5,feeder2_728,0.03768436262180808,0.1702685650293644,0.03765819343172074,0.17012960172090713
150,2.5,feeder2_724,0.03716679364091328,0.17140087402863277,0.03714154618375766,0.17125300693029702
150,2.5,feeder2_703,0.04662167729445906,0.21498229619878045,0.046579203309031966,0.21493679763979842
150,2.5,feeder2_704,0.04617407193040407,0.21459786324587796,0.04613256593784591,0.21455142411689695
150,2.5,feeder2_754,0.03724036419246279,0.1711721590975509,0.03721350223686477,0.1710256865971062
150,2.5,feeder2_747,0.03702120873348175,0.17150211254302725,0.036997925717122716,0.17134880677033504
150,2.5,feeder2_828,0.0376345019500412,0.17025904320035196,0.03760789108688334,0.17011773536657085
150,2.5,feeder2_763,0.0379139635792304,0.16857225518162786,0.03789152767600262,0.16842837276434686
150,2.5,feeder2_836,0.0371763827135872,0.1717149836580276,0.03714750716250976,0.171566810942779
150,2.5,feeder2_758,0.03687533349130285,0.17149144746901854,0.03684592554989034,0.17133674250463465
150,2.5,feeder2_788,0.03697674164003202,0.17119101897479674,0.036949611000059106,0.1710361046297446
150,2.5,feeder2_812,0.03645132372968617,0.17181974560800323,0.03642272167930094,0.1716479449637532
150,2.5,feeder2_947,0.038090465508817554,0.16806458382744513,0.038067703859536575,0.16792769928187679
150,2.5,feeder2_868,0.03850318025887861,0.16785382929957107,0.03848308823359855,0.16771219398654505
150,2.5,feeder2_785,0.03796667833687657,0.16816882459443552,0.037947798229072564,0.168019684148992
150,2.5,feeder2_1176,0.03830500435503223,0.16863911629340672,0.038283278070428604,0.16849439947172784
150,2.5,feeder2_846,0.03720875314246168,0.16869158906598933,0.03718588432170975,0.16854716531690705
150,2.5,feeder2_911,0.03833403904391206,0.16648538916866168,0.038312300573631046,0.16633575648238244
150,2.5,feeder2_1107,0.03555696071834832,0.17341130388439754,0.035526726232579596,0.17322403344707962
150,2.5,feeder2_920,0.03657943177374663,0.17148678605557477,0.036555177372049344,0.17131438277384387
150,2.5,feeder2_926,0.03679296687350417,0.171031167995654,0.03676702556185005,0.17086081125245042
150,2.5,feeder2_1239,0.03655271162281379,0.17144791476653673,0.03652727321007194,0.17127483548657702
150,2.5,feeder2_933,0.03685536031334826,0.17109879855559731,0.036828702383610114,0.17092515097926458
150,2.5,feeder2_1146,0.036945146371543974,0.1697773258486628,0.036915944841027046,0.16960649196621755
150,2.5,feeder2_1124,0.03696307794009611,0.17124648832664732,0.03693917580720211,0.17107633067616262
150,2.5,feeder2_942,0.0369837597156606,0.1711384364656358,0.036954416724276275,0.17097209067691937
150,2.5,feeder2_952,0.03707095849760605,0.17243407987740408,0.03704205802983596,0.17227432811928342
150,2.5,feeder2_965,0.036997143002642355,0.17098179371134883,0.036967258597067704,0.1708182965010716
150,2.5,feeder2_961,0.03706894528145418,0.17269921316624526,0.03704353115897005,0.17253955337296636
150,2.5,feeder2_963,0.03707343633073283,0.17240772777795654,0.037041585324647276,0.17225060952630797
150,2.5,feeder2_973,0.03715864193273777,0.17382281038737976,0.03712876136991769,0.17367106743706465
150,2.5,feeder2_1128,0.03689719404921732,0.17321510934050738,0.036867948629574966,0.17305056971793825
150,2.5,feeder2_1113,0.03754252141345901,0.1718776368684749,0.03751045553465874,0.17171739006078124
150,2.5,feeder2_1143,0.03705454955737151,0.1721823848099606,0.03702699054425895,0.1720228117321854
150,2.5,feeder2_1238,0.039100623867660764,0.16866220272695992,0.03907345002775303,0.16849411118509017
150,2.5,feeder2_979,0.03699052465947396,0.1709709633674011,0.036966346422191695,0.17079979787890678
150,2.5,feeder2_1236,0.03718699534113917,0.1750260765859052,0.03715124831616751,0.17488005286640057
150,2.5,feeder2_989,0.037159612327394016,0.17382730112697173,0.0371315864176806,0.17367389642547829
150,2.5,feeder2_1196,0.03681658070550184,0.17094312568425915,0.03678970737749952,0.17077685628688094
150,2.5,feeder2_1158,0.03707701398109827,0.17428202239095253,0.03704430689134721,0.17413280994921607
150,2.5,feeder2_1122,0.03515612900114421,0.1738042682072097,0.03512446984392855,0.1736112152714183
150,2.5,feeder2_1258,0.03577837868712108,0.1737060218557581,0.0357526139499889,0.173518592365227
150,2.5,feeder2_1303,0.03517111154971307,0.17371352079576616,0.03514507960398406,0.17351695480306095
150,2.5,feeder2_1138,0.034843921093475234,0.17415337535916664,0.03481451231844096,0.17394992149384836
150,2.5,feeder2_1304,0.034300506774269116,0.1741169605587649,0.03427026665725228,0.17391110921790837
150,2.5,feeder2_1212,0.03425444253350753,0.17498942637942855,0.03422614080013731,0.17477766961281538
150,2.5,feeder2_1311,0.03427630413985159,0.1748635347410389,0.03425064175764154,0.17465245940613358
150,2.5,feeder2_1290,0.03353756902268102,0.17615629952059986,0.03350509009303803,0.17593369204448187
150,2.5,feeder2_1325,0.03694386857002457,0.1753595448827936,0.03691657501342376,0.17519434317880142
150,2.5,feeder2_1248,0.03718539312559755,0.1750310049436064,0.03714909573659517,0.1748844817024836
150,2.5,feeder2_1249,0.039105575871394745,0.16863254645227535,0.03908203676175799,0.16846302140560812
150,2.5,feeder2_1250,0.04057267096393731,0.16710924898580337,0.040550006905375004,0.16693820274682297
150,2.5,feeder2_1366,0.03684119235007319,0.17619080393817418,0.03679023919342402,0.17606207688288852
150,2.5,feeder2_1266,0.03583014826926904,0.17377113429276267,0.035803948493635315,0.17358078341482852
150,2.5,feeder2_1372,0.03361444089199049,0.17590344971025743,0.033586603671215375,0.17568086380463238
150,2.5,feeder2_1363,0.032792524512262645,0.17779788659909382,0.03276554525632701,0.17755797134568027
150,2.5,feeder2_1446,0.03698384563931484,0.17523263701910613,0.036957123543833625,0.1750705992885482
150,2.5,feeder2_1502,0.03668752555715612,0.17589151013760151,0.03665629328048049,0.175717340968935
150,2.5,feeder2_1428,0.032301444042198466,0.1777856839273353,0.032275276658924115,0.17754456761798953
150,2.5,feeder2_1380,0.03201349132196951,0.17995011364468202,0.03198747388401519,0.17969619965961356
150,2.5,feeder2_1550,0.03202915141290195,0.17989384174333564,0.032001886055883354,0.17964082918856325
150,2.5,feeder2_1386,0.031635299966181536,0.18104545790200835,0.03160601017606489,0.1807853119551066
150,2.5,feeder2_1551,0.03068824185550963,0.18193966603925035,0.030658279129847664,0.1816782855859317
150,2.5,feeder2_1400,0.03151314841092304,0.18138052611032193,0.03148385791172733,0.18112037293449934
150,2.5,feeder2_1552,0.029987005312755718,0.18289347322783064,0.02996631772421182,0.18262659565549097
150,2.5,feeder2_1408,0.03147129015158182,0.18136103024046302,0.031439657382079815,0.18109819738628746
150,2.5,feeder2_1553,0.03113282865190311,0.18135438045168562,0.03110578491472762,0.18109164430724273
150,2.5,feeder2_1416,0.03146131518591958,0.18136021629168284,0.031429442387855236,0.18109635560254278
150,2.5,feeder2_1530,0.03151816653610105,0.18114487197197468,0.031491697284636404,0.18087843916821011
150,2.5,feeder2_1425,0.031450501607713115,0.18146582467027028,0.0314188007466614,0.1812032134500807
150,2.5,feeder2_1589,0.031215951966196927,0.1814691338072122,0.031189316699141705,0.18120349814392853
150,2.5,feeder2_1435,0.03145189498691526,0.18148905133825036,0.03141890525868199,0.18122903448455122
150,2.5,feeder2_1621,0.0316649809415106,0.181758282278156,0.03163432598708897,0.18149382567955558
150,2.5,feeder2_1564,0.031398605105581665,0.1814484209057759,0.03136930087450484,0.1811806110163212
150,2.5,feeder2_1704,0.0368907398872475,0.17617723619751388,0.036861291015502444,0.17600034516582755
150,2.5,feeder2_1525,0.036599688494742696,0.17592073768210484,0.03657427200418595,0.17573861830352513
150,2.5,feeder2_1716,0.03642020604081707,0.17660442647158842,0.03637965890261219,0.17643682428757765
150,2.5,feeder2_1537,0.03647485907256516,0.17582456191811924,0.03644911498120426,0.1756388681257956
150,2.5,feeder2_1645,0.03586949397518336,0.1763099804771898,0.035843401706226026,0.17612039400418217
150,2.5,feeder2_1561,0.03642367071046042,0.1754785045636692,0.03639883587612307,0.17528672410765006
150,2.5,feeder2_1657,0.03646081396499368,0.1753661387395216,0.03643587607708439,0.1751769553257834
150,2.5,feeder2_1570,0.03640388911694391,0.17535463025783696,0.03637979310974991,0.17516110483548422
150,2.5,feeder2_1756,0.0364515082955694,0.17513687204675854,0.036429151499257274,0.17494350280138324
150,2.5,feeder2_1588,0.03638713122435015,0.1752516464366987,0.03636120272096092,0.1750548995312154
150,2.5,feeder2_1628,0.036439619243160325,0.175101582260909,0.036416055020046,0.1749060052638621
150,2.5,feeder2_1598,0.03636900433838622,0.17516188741803917,0.036343162584257946,0.1749652468435731
150,2.5,feeder2_1816,0.03665781059140732,0.17553780768988797,0.03663509164105146,0.17533831407616665
150,2.5,feeder2_1765,0.03672257622401258,0.17565923127608818,0.036693268126440456,0.17546149083460086
150,2.5,feeder2_1641,0.036209709719402065,0.17437701938558106,0.036182006510540335,0.17416364405776213
150,2.5,feeder2_1689,0.035897522812259254,0.17513900841679286,0.03587613318768316,0.17491052878729846
150,2.5,feeder2_1744,0.03699976961963713,0.17350150630037242,0.03698102445126799,0.17328178195221822
150,2.5,feeder2_1817,0.03588489978637463,0.17511259390249062,0.035859958879535685,0.1748838432392603
150,2.5,feeder2_1779,0.035924675350988214,0.17517775554335513,0.03590362711858084,0.1749485235598598
150,2.5,feeder2_1800,0.03466981260160957,0.17641842757467133,0.03465365917648834,0.17618563584396252
150,2.5,feeder2_1818,0.03553763847217804,0.17430778401850705,0.035543676724917185,0.17405941683590576
150,2.5,feeder2_1753,0.03702805168476071,0.17337995287994323,0.03700820676033982,0.1731650607990254
150,2.5,feeder2_1754,0.03754082409136608,0.17292334501316484,0.03752084782930142,0.17270412818665695
180,3.0,secondary,0.019714970716545748,0.003834387588361078,0.01971258848974196,0.0038487043885261935
180,3.0,feeder2_44,0.036666820448945495,0.01998628727501281,0.036660654480476305,0.020060721905621116
180,3.0,feeder2_45,0.037297842567602754,0.020315843273666718,0.03728958324034306,0.020394164262224047
180,3.0,feeder2_46,0.03517469059150747,0.023372169638891157,0.035163692646667626,0.02346257748960049
180,3.0,feeder2_51,0.03829955094352997,0.02135007507736394,0.038291135380171426,0.021426374412930053
180,3.0,feeder2_48,0.040576051855713516,0.017225446201454626,0.04056912683608976,0.017322525910072432
180,3.0,feeder2_52,0.03808635037799251,0.021181062826189492,0.03807577373870147,0.02126289367007462
180,3.0,feeder2_68,0.04114769526713946,0.024350990926549576,0.041138752732953456,0.024430147843231904
180,3.0,feeder2_69,0.041220826211997456,0.024535665348735154,0.04121503745451339,0.024608846180823266
180,3.0,feeder2_71,0.041524446544969396,0.024741140158487506,0.041518147632561134,0.024816534716660222
180,3.0,feeder2_72,0.04166008025697653,0.024676075533311952,0.04165320845675351,0.02475129608414018
180,3.0,feeder2_73,0.04270467349736285,0.025968994916397644,0.04269198020451418,0.026048016267677592
180,3.0,feeder2_74,0.04189027170485382,0.026428787724750016,0.041882181517054806,0.026491123762948196
180,3.0,feeder2_77,0.04377238797750367,0.02699494147171968,0.043759250129895684,0.027075332541165908
180,3.0,feeder2_79,0.04391628803625809,0.02740189456483487,0.04390404307916117,0.02748027970431912
180,3.0,feeder2_81,0.045437803206421046,0.02846648858547731,0.04542747626351713,0.028551981566061514
180,3.0,feeder2_82,0.045789230427773726,0.028261835204747433,0.04578231116322806,0.028345118278828525
180,3.0,feeder2_116,0.05294347951900437,0.035213671226137264,0.05293310882779357,0.03530574581357487
180,3.0,feeder2_119,0.05217068031484386,0.034689889617143706,0.052157434767723616,0.03477623951564279
180,3.0,feeder2_120,0.05582726996610773,0.03804261470872362,0.055814293459159885,0.038140373037470324
180,3.0,feeder2_248,0.0553384332228582,0.0377024087746088,0.055328155645870084,0.03779639000528059
180,3.0,feeder2_124,0.05764213655690358,0.03993465998194001,0.05763308525941844,0.040039145629370915
180,3.0,feeder2_282,0.057715783870802645,0.03989514292826897,0.05770374912870101,0.040001625193642525
180,3.0,feeder2_275,0.056865989648747194,0.04008662422007058,0.05685391192442372,0.04018019130489395
180,3.0,feeder2_151,0.06097186240220694,0.043252249420325885,0.060959191114901834,0.04337413878125324
180,3.0,feeder2_295,0.06102342861008229,0.04335310684342449,0.061012106104014106,0.04347412395036544
180,3.0,feeder2_311,0.061111927365344466,0.043549443561419265,0.061102861914420985,0.043667199025005814
180,3.0,feeder2_201,0.06643163531026279,0.04834506330356062,0.0664163635198626,0.04849704812842698
180,3.0,feeder2_314,0.06647759787500603,0.04833388584623422,0.06646720411766997,0.048485108609118956
180,3.0,feeder2_342,0.07420735506178823,0.05567125556884818,0.07419367131321003,0.05585733763415349
180,3.0,feeder2_368,0.07534724349333738,0.062145603596943204,0.07533126734534588,0.062302773407364884
180,3.0,feeder2_347,0.07614247484022103,0.048206719975000936,0.0761322768597017,0.048489873463213304
180,3.0,feeder2_353,0.07710695906323663,0.04511566562737876,0.07709041127809643,0.04545926437670777
180,3.0,feeder2_518,0.07627959459007548,0.04820185453873608,0.0762660438937361,0.048491137531569674
180,3.0,feeder2_365,0.07820949993155145,0.0424803782375393,0.07819555120771193,0.04289312080370395
180,3.0,feeder2_653,0.07678399725085798,0.04481185614812979,0.07676989197469937,0.045150667751250345
180,3.0,feeder2_377,0.07880158268292192,0.04094070057330033,0.07878922028495518,0.04139178807474286
180,3.0,feeder2_622,0.07752175128822936,0.04411604948750887,0.07750964019547504,0.04452645672368157
180,3.0,feeder2_451,0.0754686608568834,0.06208139404588021,0.07544936463479328,0.0622436825023359
180,3.0,feeder2_383,0.07721518390963289,0.0730540902661704,0.07719428692784842,0.07317445035125998
180,3.0,feeder2_385,0.07947731763296682,0.03946046472745898,0.07946841886380333,0.039952682036427344
180,3.0,feeder2_621,0.0788579647039906,0.04101395548388576,0.07884557246477078,0.04146142078893889
180,3.0,feeder2_611,0.07699587726110678,0.07290171706986982,0.07697964205163395,0.073016213406743
180,3.0,feeder2_405,0.0773363571079088,0.0737575407165139,0.07731809039574944,0.07386882519959434
180,3.0,feeder2_461,0.08233538547135988,0.0381543269765609,0.08232455477153287,0.03880102800824732
180,3.0,feeder2_594,0.07915830931006572,0.0391296492874644,0.07914455039497827,0.03962506857745623
180,3.0,feeder2_732,0.07526726861129981,0.07446401275870174,0.07525254643410169,0.0745556664181252
180,3.0,feeder2_417,0.07842787009283214,0.07899896148352711,0.0784073777437245,0.07910730961619084
180,3.0,feeder2_663,0.07804098478035025,0.08008130502145702,0.07802088948829532,0.08019150032816548
180,3.0,feeder2_444,0.0792596345024779,0.08264993060441961,0.0792358998795484,0.0827484805468752
180,3.0,feeder2_759,0.0793237388395512,0.08259723697092765,0.07930250346151589,0.08269899111296852
180,3.0,feeder2_842,0.0928354890466087,0.10548846274741111,0.09279062916648571,0.10557052731384992
180,3.0,feeder2_459,0.07926513240203623,0.08261651303370308,0.07924284531330524,0.0827152087660529
180,3.0,feeder2_702,0.08061638841757575,0.0812275446890176,0.08059681159646878,0.08132111922092053
180,3.0,feeder2_493,0.07914962812980993,0.0830311754767623,0.07913177819737144,0.0831188987197722
180,3.0,feeder2_651,0.08186738789710454,0.039411928990480224,0.08185767675998246,0.040055399469767265
180,3.0,feeder2_684,0.08461951042619693,0.041055536393680835,0.08461105917959762,0.041753254407805314
180,3.0,feeder2_674,0.07882514706549301,0.0831457370253847,0.07880771762249174,0.08323056997284804
180,3.0,feeder2_696,0.07934581654559388,0.08392925970565797,0.0793273706252625,0.08401527620975074
180,3.0,feeder2_681,0.07838298269195237,0.08327919824568945,0.07836283641157105,0.0833622352721357
180,3.0,feeder2_682,0.07816084345030808,0.08343406453557281,0.07814246672662106,0.08351488655488909
180,3.0,feeder2_728,0.08461133150758318,0.041160945025144925,0.08460301092937077,0.04185834342032934
180,3.0,feeder2_724,0.08701564507327589,0.047880563626642086,0.08701033685996847,0.048570076364888415
180,3.0,feeder2_703,0.07971880060126621,0.0846357758040976,0.07969967357753491,0.08472050637109772
180,3.0,feeder2_704,0.07942491681858434,0.08408240858356275,0.07940043428937235,0.08417329991833862
180,3.0,feeder2_754,0.08851092936909627,0.04878242195643645,0.08850871822848438,0.04946099963926509
180,3.0,feeder2_747,0.08786018502737145,0.05088651574673372,0.08785503582673923,0.05156455584017625
180,3.0,feeder2_828,0.08455923032681709,0.04111846681270856,0.084549548631816,0.041817078113107004
180,3.0,feeder2_763,0.08462037573057017,0.04137715031611478,0.08461804836153573,0.04207032897260448
180,3.0,feeder2_836,0.08795985831946113,0.05078573385430825,0.08795699827589605,0.051466337572611626
180,3.0,feeder2_758,0.08856961575860225,0.05373701258751725,0.08857010724298021,0.05440640036683301
180,3.0,feeder2_788,0.09011664311711684,0.05488646140779395,0.09011366269449991,0.05555038840054194
180,3.0,feeder2_812,0.09042517430579086,0.061703304386146886,0.09042522194468637,0.062353769677847254
180,3.0,feeder2_947,0.08494949329931327,0.04196541642553277,0.08494802884403646,0.04265928627885409
180,3.0,feeder2_868,0.0858429787465808,0.04179934329075088,0.08583959854743944,0.04249100503335942
180,3.0,feeder2_785,0.08439608580801933,0.04102722958763826,0.08438748621783443,0.041728708549327656
180,3.0,feeder2_1176,0.08300003282336349,0.043908093898502656,0.08298863890826458,0.04460934067688848
180,3.0,feeder2_846,0.08343037448091405,0.03944156171043715,0.08342571818011993,0.04014031755323743
180,3.0,feeder2_911,0.08440123247980272,0.04112711862816343,0.08439356391185901,0.04182742155379203
180,3.0,feeder2_1107,0.09106301935150884,0.06578050909516556,0.09106311165536629,0.0664004140042943
180,3.0,feeder2_920,0.09076949167459057,0.06296938397478706,0.09076967057135721,0.06362162033450865
180,3.0,feeder2_926,0.09131175633115493,0.06492143652682311,0.09131091982862054,0.06558153923592927
180,3.0,feeder2_1239,0.09073550438622706,0.06291449101855921,0.090736177277771,0.0635701346366583
180,3.0,feeder2_933,0.09155250381823765,0.06576239997884367,0.09155390984151299,0.06642324948961231
180,3.0,feeder2_1146,0.09130930289345368,0.06505978266685834,0.09131187506230397,0.06571880318983349
180,3.0,feeder2_1124,0.09161998934884936,0.06566181300292155,0.09162409046430098,0.06632741590955162
180,3.0,feeder2_942,0.0921367861803129,0.06801263785764268,0.09213757823723497,0.06867814490243435
180,3.0,feeder2_952,0.09281227742788753,0.07032775449805509,0.09281168474153584,0.07101348515486645
180,3.0,feeder2_965,0.09216109311587609,0.0681462953196168,0.09215993968910527,0.06881201125379442
180,3.0,feeder2_961,0.09288520721257452,0.07054619914486396,0.09288984879845183,0.07123528700026441
180,3.0,feeder2_963,0.09281228795262872,0.070334653768343,0.09281224130593907,0.07101936168626463
180,3.0,feeder2_973,0.09336211920627902,0.07215129607561617,0.09336582842961197,0.07285042238253131
180,3.0,feeder2_1128,0.09273100978425285,0.06978120579003193,0.0927334564395807,0.07046636748674376
180,3.0,feeder2_1113,0.09283923510699126,0.0703948916608836,0.09284499177088067,0.07107908261304106
180,3.0,feeder2_1143,0.0928159643013684,0.07064166986872895,0.09281962227677143,0.07132697217050889
180,3.0,feeder2_1238,0.09486556381652873,0.07027915081550463,0.09486537480020334,0.07092818262049759
180,3.0,feeder2_979,0.09215261875257949,0.06813487541605828,0.092151889417841,0.0688033948796202
180,3.0,feeder2_1236,0.09404896643312917,0.07466311901629541,0.09405531490786209,0.0753787386676954
180,3.0,feeder2_989,0.09336234924013435,0.07215029298295712,0.09336648798448906,0.07284927906795674
180,3.0,feeder2_1196,0.0919730605013587,0.06807149468317074,0.09197766685776959,0.06873538689263499
180,3.0,feeder2_1158,0.09344503127902243,0.0720334370080127,0.09344898713953144,0.07273126301403965
180,3.0,feeder2_1122,0.09126493910578848,0.06749405824048481,0.09126296606843338,0.0680944652328554
180,3.0,feeder2_1258,0.09079088456310266,0.06582571786763743,0.09078868694549769,0.06645692760787562
180,3.0,feeder2_1303,0.09282174529563884,0.06874294212851023,0.09282047227919629,0.06933834721035846
180,3.0,feeder2_1138,0.09132419244882274,0.06841531119723317,0.09132160874559482,0.06900805840184626
180,3.0,feeder2_1304,0.09076631020833921,0.06823478714026715,0.09076499990202909,0.06882229161157973
180,3.0,feeder2_1212,0.09154011434161845,0.07054454170508502,0.09153860739967995,0.07111529767150687
180,3.0,feeder2_1311,0.09299853123364987,0.07179685989866544,0.09300218380929348,0.07236342469123731
180,3.0,feeder2_1290,0.09159251418132822,0.07216852568567006,0.09159278433106659,0.07272355725902818
180,3.0,feeder2_1325,0.09493769118326831,0.0783387289750244,0.09494181145892212,0.07907082836648928
180,3.0,feeder2_1248,0.09404964126378462,0.07466213000162872,0.09405597298633352,0.07537758242115751
180,3.0,feeder2_1249,0.09488324460045937,0.07032058063585327,0.09488655962227928,0.0709697603231975
180,3.0,feeder2_1250,0.09671841378035684,0.07170409841692123,0.09672107853473118,0.07234349486857743
180,3.0,feeder2_1366,0.09414195293105676,0.07452550692486601,0.0941429140238068,0.07523845106114838
180,3.0,feeder2_1266,0.09042426732932245,0.0660402423131362,0.09041772859442868,0.06667484201126286
180,3.0,feeder2_1372,0.09175667363293763,0.07245750881959018,0.09175890373824505,0.07301376944909732
180,3.0,feeder2_1363,0.0916422547557682,0.0735951485857075,0.09163955717424335,0.07412712354470846
180,3.0,feeder2_1446,0.09644256431265014,0.07956962596713875,0.09644953945063264,0.08029467584458126
180,3.0,feeder2_1502,0.0955817622963661,0.08076331247991252,0.09558950912312224,0.081527945011513
180,3.0,feeder2_1428,0.0911363718331631,0.07348701545868043,0.09113448600375969,0.07401382828988128
180,3.0,feeder2_1380,0.09186316826559039,0.07551250178988432,0.09186584478540837,0.07602762828931009
180,3.0,feeder2_1550,0.0918987561923636,0.07557448881465145,0.09190065139494852,0.07608928766580435
180,3.0,feeder2_1386,0.09197058609037813,0.07644067386366414,0.09197227939518357,0.07694321459272085
180,3.0,feeder2_1551,0.0918098421209813,0.07643986181188919,0.09181023727594771,0.0769442861941753
180,3.0,feeder2_1400,0.09202836074833586,0.0768832663234658,0.09202796754432419,0.07738130979304787
180,3.0,feeder2_1552,0.09181491100257953,0.07688652290119531,0.0918203899664449,0.07738560397927052
180,3.0,feeder2_1408,0.09216772087017458,0.07779484158577883,0.09217098948013674,0.07828885505591429
180,3.0,feeder2_1553,0.09181587273849888,0.07774982726068057,0.09181439622700292,0.07824201452889483
180,3.0,feeder2_1416,0.09225572102993669,0.07827521532134243,0.09226086870223314,0.07876773832580042
180,3.0,feeder2_1530,0.09432076975061254,0.08019337899539017,0.09432254810882734,0.0806768721240158
180,3.0,feeder2_1425,0.09222867696170352,0.07814012345578798,0.09223095915521456,0.0786286204423026
180,3.0,feeder2_1589,0.0919873530692094,0.07810329042587921,0.09198750501735184,0.0785885474434627
180,3.0,feeder2_1435,0.09222782876063042,0.07811436928976614,0.09222883213985913,0.0786048461147534
180,3.0,feeder2_1621,0.09235771661951224,0.07786831736334378,0.09235472902356079,0.07835883541254343
180,3.0,feeder2_1564,0.09215788063489548,0.07810504597856603,0.09215472624283917,0.07859164610943078
180,3.0,feeder2_1704,0.09514220525256287,0.0808623310765645,0.09514309012311184,0.08163936532159397
180,3.0,feeder2_1525,0.09572931329233626,0.08140073875005913,0.09573411622119135,0.08216740814550978
180,3.0,feeder2_1716,0.09582800606603566,0.08124694307060924,0.09583438250437346,0.08201795577159111
180,3.0,feeder2_1537,0.09588856763366643,0.08214256216301619,0.09589484314617654,0.08291834485636018
180,3.0,feeder2_1645,0.09578797234468596,0.08213999485526984,0.0957933820504899,0.08291227226251012
180,3.0,feeder2_1561,0.09607845990769928,0.08298270618181136,0.09608580567836697,0.08376292066625761
180,3.0,feeder2_1657,0.0961574316166633,0.08312629472614562,0.09616552173748587,0.08390388643066297
180,3.0,feeder2_1570,0.09615997830904235,0.08331223596844896,0.09616961263763736,0.08409604136217869
180,3.0,feeder2_1756,0.09894563503703123,0.08565819842241008,0.09895300123282119,0.08642292780293641
180,3.0,feeder2_1588,0.09620418419318237,0.08346181511958903,0.09621357793027968,0.08424680990260468
180,3.0,feeder2_1628,0.0963105800591659,0.08365120293523602,0.09631580525042502,0.08443792957846379
180,3.0,feeder2_1598,0.09625912693778922,0.08359780875549094,0.09626351839282135,0.08438762624760716
180,3.0,feeder2_1816,0.09646024504794501,0.0832978231479877,0.09646874066838038,0.08408597663194022
180,3.0,feeder2_1765,0.09647887555318019,0.0832317351697584,0.09648832639438866,0.08402448064292757
180,3.0,feeder2_1641,0.09646475696639442,0.08455406360358649,0.09647594466519108,0.08535879795311081
180,3.0,feeder2_1689,0.09643352295264668,0.08430670053256892,0.096444282715396,0.08513005883745468
180,3.0,feeder2_1744,0.09719479055246791,0.08518504866027068,0.09720475851169276,0.08598908887505641
180,3.0,feeder2_1817,0.09641736211188214,0.08429588235387608,0.09642397845912347,0.08512168325897626
180,3.0,feeder2_1779,0.09645057503571323,0.08427757767523758,0.09646085899110629,0.08510305388646915
180,3.0,feeder2_1800,0.09637925822071314,0.08429303484966454,0.09638961993918928,0.08511824729787247
180,3.0,feeder2_1818,0.09583046100077931,0.08345878339590705,0.09586903351054801,0.08432346572093377
180,3.0,feeder2_1753,0.09943455817904401,0.08705033315631092,0.09944355777239411,0.08783819905380018
180,3.0,feeder2_1754,0.09721279910168687,0.08521929137726524,0.09721969278245712,0.08602269054037871
210,3.5,secondary,0.011114872379319561,0.011103502639515032,0.011089242814462937,0.011116115334176786
210,3.5,feeder2_44,0.02067220743711362,0.057876381897657356,0.020626796356850333,0.05792472278948632
210,3.5,feeder2_45,0.021059326174445864,0.05979121629177524,0.021014187828519392,0.059841947285398836
210,3.5,feeder2_46,0.017878381936638814,0.056354518906602535,0.017837852274001826,0.05639254677918387
210,3.5,feeder2_51,0.021617417576121074,0.06345952246748891,0.02156835222172089,0.06351194986919421
210,3.5,feeder2_48,0.02396476109874934,0.057989944879001255,0.023920316225082852,0.058047422179423484
210,3.5,feeder2_52,0.022808284664131352,0.06923263494907818,0.02275842100307644,0.06928203826198366
210,3.5,feeder2_68,0.02339401837554033,0.07164744099465946,0.023342158636748395,0.07170630900090304
210,3.5,feeder2_69,0.02337515547076659,0.07172709357871475,0.023323490104917313,0.07178834558190016
210,3.5,feeder2_71,0.023629955048672654,0.07272766872973452,0.02357763753986811,0.07278968959966366
210,3.5,feeder2_72,0.023842893479900665,0.07247693196616072,0.023792146604289723,0.0725394091180899
210,3.5,feeder2_73,0.02436670719552517,0.07613917609746697,0.024313752778251586,0.0762041863469475
210,3.5,feeder2_74,0.02425996672041062,0.07622120213982209,0.024205844694447996,0.07628777477178635
210,3.5,feeder2_77,0.02500546156965021,0.0790552694708842,0.02494974028219583,0.07912372645968681
210,3.5,feeder2_79,0.023187060907613292,0.07802041388925249,0.023132565056801755,0.07808023247343841
210,3.5,feeder2_81,0.026096163571287023,0.08397198543429878,0.026042251609854267,0.08404782794595948
210,3.5,feeder2_82,0.026621942003068135,0.08337099778462348,0.02656646078091307,0.08344826724809357
210,3.5,feeder2_116,0.030918951662358057,0.106651694974223,0.030849710034065843,0.1067560680822213
210,3.5,feeder2_119,0.03045386269310968,0.10902908539812235,0.03038671059831343,0.10913725948487114
210,3.5,feeder2_120,0.03291073121758955,0.11377585022661163,0.0328401862930497,0.11388950325722132
210,3.5,feeder2_248,0.032584339053451046,0.11604070048105299,0.03251400923041608,0.1161550823555367
210,3.5,feeder2_124,0.03426553251774496,0.11725820438998281,0.03419146512375855,0.11737616535207313
210,3.5,feeder2_282,0.034394031850733885,0.11710437277453695,0.034322790849955355,0.11722543454168377
210,3.5,feeder2_275,0.034093273326687934,0.11734798793748592,0.03402166807956625,0.11746885592860473
210,3.5,feeder2_151,0.036651037227855836,0.1233654439570207,0.03657472391953058,0.12349229011892103
210,3.5,feeder2_295,0.03665209268513408,0.12341101559267165,0.0365744488052966,0.12353869316896768
210,3.5,feeder2_311,0.03664280926416141,0.12348693468128577,0.03656757078402135,0.12361598079024315
210,3.5,feeder2_201,0.04059019838706944,0.13327123062977453,0.04050637713681696,0.13341460450081807
210,3.5,feeder2_314,0.041879055219814346,0.1325212451274737,0.04179886646726802,0.1326727623588104
210,3.5,feeder2_342,0.04559471148454958,0.14914049702569043,0.045500957306964594,0.1493007860754079
210,3.5,feeder2_368,0.04655517674703724,0.15327291673917443,0.04646648239660948,0.15342310057518455
210,3.5,feeder2_347,0.04637144750010038,0.14943917498677128,0.04627322712900372,0.1496314193434052
210,3.5,feeder2_353,0.04675039131936079,0.14983809197452685,0.04664819872106715,0.15004740205023373
210,3.5,feeder2_518,0.046608044402707466,0.1491559979803025,0.04651041726419335,0.1493510202436621
210,3.5,feeder2_365,0.04721295178682243,0.1502531763161286,0.04711195410237032,0.15048309202526877
210,3.5,feeder2_653,0.046474263981674216,0.15005553057073162,0.046374704142026414,0.15026833655673436
210,3.5,feeder2_377,0.04754844609702927,0.15096977288218877,0.047443394739443236,0.15121223353708407
210,3.5,feeder2_622,0.044561885608151164,0.14828497309354113,0.04446339379983575,0.1485058152245244
210,3.5,feeder2_451,0.04818688732551837,0.15221848839017132,0.04809798167064551,0.1523735471195603
210,3.5,feeder2_383,0.04779874827699545,0.16118042409731898,0.04770891953491383,0.1613097196577461
210,3.5,feeder2_385,0.04793565887776385,0.15183140426283068,0.04782934965153139,0.1520874998227101
210,3.5,feeder2_621,0.04755018661430021,0.1510099886835222,0.047442815461434924,0.15124686612327903
210,3.5,feeder2_611,0.04740707359343503,0.16268666668800344,0.047317968076741934,0.16281622375409188
210,3.5,feeder2_405,0.04789237821978916,0.1616086549850464,0.04779901622875027,0.1617348344447101
210,3.5,feeder2_461,0.04991027677229517,0.15329964139727006,0.04979509113154626,0.15361693247925912
210,3.5,feeder2_594,0.04765919780988272,0.1533184213309633,0.04755265703371972,0.15357279050595585
210,3.5,feeder2_732,0.04724347823174333,0.16447180814715148,0.04715062235733768,0.16459883071567094
210,3.5,feeder2_417,0.048712451031937415,0.16426799294412825,0.04862310372099296,0.1643839196939816
210,3.5,feeder2_663,0.04875989455270051,0.16437351413010579,0.04867377465482803,0.16448982835867845
210,3.5,feeder2_444,0.049349156434102384,0.16630738640140755,0.04925884616803735,0.16641494376287252
210,3.5,feeder2_759,0.053255448461176184,0.16382148426466545,0.053170203787786044,0.16394196196293295
210,3.5,feeder2_842,0.05635081624056215,0.17881038164920984,0.05628382036104049,0.17886870581363834
210,3.5,feeder2_459,0.04934149110866395,0.16644502446248832,0.04925259308402615,0.16655263386601607
210,3.5,feeder2_702,0.04938462141420532,0.16638569110034282,0.04929632833754739,0.16649518211816336
210,3.5,feeder2_493,0.049309159876816396,0.16699062609108978,0.04922265661486765,0.16709972273318827
210,3.5,feeder2_651,0.04989338263565921,0.15334600070571808,0.049780659161869224,0.15366474167162733
210,3.5,feeder2_684,0.05153164728644444,0.15506687197143953,0.05141308981764927,0.15543498956020518
210,3.5,feeder2_674,0.04921462574517898,0.16723677294680725,0.049126770949272196,0.1673464814438309
210,3.5,feeder2_696,0.0494204758499696,0.16751844838504315,0.04933226161954906,0.16762625140545495
210,3.5,feeder2_681,0.04900947042583742,0.16788714773718502,0.048920060953641556,0.1679958756198158
210,3.5,feeder2_682,0.049141438830642065,0.16727182940127308,0.04905355882190725,0.16738140895234027
210,3.5,feeder2_728,0.05155383668275384,0.15489275234145106,0.0514326755639988,0.15526176051568127
210,3.5,feeder2_724,0.053202652491847066,0.15785216370062866,0.05307809241818235,0.15827298758728275
210,3.5,feeder2_703,0.0495184568146148,0.16788366741208574,0.04943315119914109,0.167987605056851
210,3.5,feeder2_704,0.04943937914038643,0.1675959391076782,0.049352788714765006,0.16769976948955226
210,3.5,feeder2_754,0.054582589377444375,0.1573578538782033,0.054457387110696066,0.15778742692009032
210,3.5,feeder2_747,0.05371524630540533,0.15946990961864094,0.05358801139683939,0.15991409532621514
210,3.5,feeder2_828,0.051510051836877443,0.15493329780459855,0.051387606858023384,0.15530112228152512
210,3.5,feeder2_763,0.05160827774993509,0.15458020588113797,0.05149042771881201,0.15495255583552436
210,3.5,feeder2_836,0.05237373839954124,0.15829244725208272,0.052245463676368786,0.15873261722197995
210,3.5,feeder2_758,0.05423094822030473,0.16139258710039003,0.054099197238447694,0.16185074128246565
210,3.5,feeder2_788,0.05567568389020245,0.16088404587020555,0.0555454138071463,0.1613458231389224
210,3.5,feeder2_812,0.05541149761799689,0.1684020804273988,0.055272993482993193,0.16891165404708589
210,3.5,feeder2_947,0.052164449448916864,0.1539820938320218,0.05204558138517881,0.15435407743078536
210,3.5,feeder2_868,0.0517955814441841,0.15437832749943792,0.05167516551560001,0.15474866916572416
210,3.5,feeder2_785,0.051584003755519844,0.1546700545254216,0.051463072929516365,0.1550382355737968
210,3.5,feeder2_1176,0.051542852388515796,0.15476061407924804,0.05142296448962531,0.15512865798288536
210,3.5,feeder2_846,0.05137393485525207,0.15487859282807798,0.051252999752871876,0.15524994067205425
210,3.5,feeder2_911,0.05160354076522886,0.15456865417735544,0.05148205800241221,0.15493559213367047
210,3.5,feeder2_1107,0.05514494930768153,0.17796070198191918,0.055006114625223236,0.17847531943129719
210,3.5,feeder2_920,0.05582993579989042,0.16778175382696467,0.05569140228711819,0.16830508877286632
210,3.5,feeder2_926,0.05648524116067519,0.1667534768434323,0.05634424623203165,0.16729504607044665
210,3.5,feeder2_1239,0.05579251345402563,0.16792908063216022,0.05565247044521918,0.168454919199855
210,3.5,feeder2_933,0.05669922963483692,0.16639048780733104,0.05655851147469768,0.16693996957559282
210,3.5,feeder2_1146,0.05684421347380335,0.16635653899568756,0.05670443814896587,0.16690184022124374
210,3.5,feeder2_1124,0.05584010086416973,0.16559301136681542,0.05569565210998334,0.16613761167362673
210,3.5,feeder2_942,0.05733721904689666,0.16616682725400053,0.057191368083028396,0.16673430573147935
210,3.5,feeder2_952,0.05822316151144995,0.16468522646857586,0.05807067384461051,0.16528115269500765
210,3.5,feeder2_965,0.05734442948649972,0.16632088595786168,0.05720184583417173,0.16689160269825898
210,3.5,feeder2_961,0.05828537747499581,0.1645768798748495,0.05813454117428436,0.16517602443166007
210,3.5,feeder2_963,0.05823034469829238,0.16467454044256744,0.05807981160359378,0.1652700290948918
210,3.5,feeder2_973,0.058623753318623635,0.16397313470783434,0.05847021479798275,0.16458693804072996
210,3.5,feeder2_1128,0.05827250443276166,0.1646263863056928,0.05812131297035319,0.1652257631439214
210,3.5,feeder2_1113,0.0588338414906616,0.16459082484361687,0.05868537838705462,0.1651900736986581
210,3.5,feeder2_1143,0.05827124215148909,0.16438474614589785,0.0581188244625368,0.16497868636693258
210,3.5,feeder2_1238,0.05918929068111534,0.16601074841171168,0.05904296208464471,0.1665847966052553
210,3.5,feeder2_979,0.05731576169160461,0.16656568447234954,0.05716973338484654,0.16713440496856372
210,3.5,feeder2_1236,0.05911519847649683,0.163045391688888,0.05895715400908904,0.16367734400586337
210,3.5,feeder2_989,0.058623881813926554,0.16397340270893399,0.05847128429013519,0.16458803746320427
210,3.5,feeder2_1196,0.05727660474513853,0.16755822517895358,0.057131363237676765,0.16812490837866534
210,3.5,feeder2_1158,0.058623999098960475,0.16399360156862303,0.058469450786661624,0.1646048224930777
210,3.5,feeder2_1122,0.05503901466154466,0.18165340922931494,0.054902886020453345,0.18217244383917097
210,3.5,feeder2_1258,0.055092979520177415,0.17797417776073843,0.05495547983410122,0.1784897923891729
210,3.5,feeder2_1303,0.05514613792617243,0.18153783015911554,0.055007422430173605,0.1820577216502732
210,3.5,feeder2_1138,0.054957721063849094,0.18461023768330898,0.05481899937571492,0.1851277721555233
210,3.5,feeder2_1304,0.05477807144654075,0.18627631557849858,0.05464054020139278,0.186795274669914
210,3.5,feeder2_1212,0.054977333255002925,0.18950512415081552,0.054841352462998996,0.19003430160815593
210,3.5,feeder2_1311,0.057424210916234036,0.18920822747877916,0.05728508341113132,0.18974521330001462
210,3.5,feeder2_1290,0.05448315381937279,0.1960691494788039,0.05434657234313895,0.1965924626409803
210,3.5,feeder2_1325,0.05976088781826274,0.16173593434663802,0.059599688612075846,0.16240190011490913
210,3.5,feeder2_1248,0.05911514927390001,0.1630455057548159,0.05895715400908904,0.16367734400586337
210,3.5,feeder2_1249,0.059709177398290694,0.16594761585483297,0.05956123723517638,0.16652236482214972
210,3.5,feeder2_1250,0.05924145158530578,0.16595831198486852,0.05909725024587879,0.16653295326280182
210,3.5,feeder2_1366,0.05910553045134099,0.16305850845051229,0.05894986679361189,0.16369124278982894
210,3.5,feeder2_1266,0.05508923788048376,0.17798453135315617,0.05495236283163604,0.17850044575320484
210,3.5,feeder2_1372,0.054761869544966126,0.1958101521443702,0.05462594513968779,0.19633469893496663
210,3.5,feeder2_1363,0.053925531633828315,0.2034970509054406,0.05378808046258035,0.2040176137352677
210,3.5,feeder2_1446,0.0608933377563263,0.1615778474387074,0.06073063619677775,0.16224689810378695
210,3.5,feeder2_1502,0.06011743047744702,0.16064650702901184,0.059951603418229665,0.16133901215646956
210,3.5,feeder2_1428,0.05389639434357492,0.20515260613429573,0.053760238569986275,0.2056745162028516
210,3.5,feeder2_1380,0.053585487154231,0.2098267484432565,0.05344967298416527,0.2103484788714022
210,3.5,feeder2_1550,0.054387628819153766,0.2097065821506861,0.05425256224921137,0.21023339469537417
210,3.5,feeder2_1386,0.053314444508570986,0.2130305464861751,0.05317985833903262,0.21354815136394614
210,3.5,feeder2_1551,0.05369629298714282,0.21487529833407473,0.053560272726417245,0.2153920629700553
210,3.5,feeder2_1400,0.05322014810372402,0.21411357296889358,0.05308294397764005,0.21463482695591682
210,3.5,feeder2_1552,0.05305555801366371,0.21428735884824057,0.05291905521643942,0.2148072377109467
210,3.5,feeder2_1408,0.05305131649232275,0.21627419063932218,0.052915277551219685,0.2167915050916077
210,3.5,feeder2_1553,0.05353142369223262,0.21884111625863237,0.0533952328011567,0.2193545416593765
210,3.5,feeder2_1416,0.0530101971785017,0.2168086703051231,0.052873594097563544,0.21732381953661511
210,3.5,feeder2_1530,0.053246740112859854,0.21658674571912973,0.0531096950357534,0.2171044858195783
210,3.5,feeder2_1425,0.05291174599340462,0.21795000075078733,0.0527763151012763,0.21846661120620905
210,3.5,feeder2_1589,0.05275879930168591,0.2181714377492295,0.052623615381129696,0.21868630568096345
210,3.5,feeder2_1435,0.05289674824772823,0.21815984897301474,0.05276100199614543,0.21867594106360647
210,3.5,feeder2_1621,0.052801534392081635,0.2181679232196713,0.05266705183609627,0.21868631661791177
210,3.5,feeder2_1564,0.05270774372868882,0.22060131168068817,0.052570581083823335,0.22111448938091255
210,3.5,feeder2_1704,0.05907841547615771,0.15964809919426637,0.05891190771819815,0.16033889849871086
210,3.5,feeder2_1525,0.060251182445373946,0.16070548394623613,0.060082049701381514,0.16140234266266743
210,3.5,feeder2_1716,0.057730569736675307,0.15822795705568887,0.05756085479690627,0.15892500983261065
210,3.5,feeder2_1537,0.06045098536791983,0.1611301223217512,0.06028251741481129,0.1618426488000602
210,3.5,feeder2_1645,0.06056885059290693,0.162989585482621,0.06039959166288948,0.1636952837410566
210,3.5,feeder2_1561,0.060790432826658594,0.1605395312256223,0.060619632151040145,0.161265106226818
210,3.5,feeder2_1657,0.061619697195294885,0.1604133787740264,0.06144575837741266,0.16114012782147827
210,3.5,feeder2_1570,0.06088717778077927,0.1603398690432802,0.0607163506203384,0.16107231577359757
210,3.5,feeder2_1756,0.06587698720910069,0.16015381605731452,0.06570196314140357,0.16090529686995309
210,3.5,feeder2_1588,0.060896172855304805,0.16020853617177533,0.0607210193915164,0.16094348216615748
210,3.5,feeder2_1628,0.061069282990408875,0.16004609304618087,0.06089745992179451,0.16078380497817568
210,3.5,feeder2_1598,0.06090032284780738,0.16009236562395118,0.06072373661195917,0.16083353995069385
210,3.5,feeder2_1816,0.06089648477761077,0.1601251327420045,0.06072089279881332,0.16085845684848188
210,3.5,feeder2_1765,0.060829786718216844,0.16006860452246918,0.06065483526240999,0.16080726037144052
210,3.5,feeder2_1641,0.06088961309443541,0.1594933514812837,0.06071118850154132,0.1602550601268631
210,3.5,feeder2_1689,0.06086154315061659,0.1591456385495893,0.06067669926244343,0.15992135149046113
210,3.5,feeder2_1744,0.06098120348409522,0.159397550425811,0.06080236595982309,0.16015756322028174
210,3.5,feeder2_1817,0.060843097448134695,0.15921780802179317,0.060659325884683805,0.15999776893329082
210,3.5,feeder2_1779,0.060265688412794435,0.15855677778853258,0.06007969587597465,0.1593318464591837
210,3.5,feeder2_1800,0.060817958545146315,0.15919565811220399,0.06063286882316107,0.15997011045634163
210,3.5,feeder2_1818,0.06136318196256369,0.15862028085208754,0.061144707262952736,0.1594364036635332
210,3.5,feeder2_1753,0.06112943199470429,0.15923618450071728,0.06094900061625045,0.15999471012160763
210,3.5,feeder2_1754,0.06101230867015749,0.15936642583197244,0.06083268591557048,0.16012647849765024
240,4.0,secondary,0.010380023519200962,0.010925610490005452,0.010383106591188377,0.010927497311277215
240,4.0,feeder2_44,0.0193983790190234,0.057223157270136916,0.01940434014577866,0.05724076713065016
240,4.0,feeder2_45,0.019735537740679196,0.058999720021566816,0.01974370482576999,0.059016910736716686
240,4.0,feeder2_46,0.019144922300083057,0.05742694510186629,0.019149345987908583,0.057444044955576576
240,4.0,feeder2_51,0.020306970100571465,0.062187227503870596,0.02031282464515783,0.06220603576714751
240,4.0,feeder2_48,0.02032914205866703,0.058371094274509185,0.020336942413151638,0.05838846974233502
240,4.0,feeder2_52,0.022401061553579012,0.06852110909278647,0.022411087155439255,0.06854196254189594
240,4.0,feeder2_68,0.022100896813314612,0.06879562658805599,0.022109468030597004,0.06881752681379133
240,4.0,feeder2_69,0.022062063124243785,0.06885955761840114,0.022068987449884593,0.06888385327438853
240,4.0,feeder2_71,0.022341058966427237,0.06966778904748215,0.022347367768196236,0.06968928484261033
240,4.0,feeder2_72,0.022567611835139487,0.06941521231325254,0.022574447776283244,0.06943691144648712
240,4.0,feeder2_73,0.023092713595291893,0.07242957010109542,0.023100258857156615,0.07245115459018438
240,4.0,feeder2_74,0.023456306440610163,0.07464791582812569,0.02346349233772446,0.07467053168539671
240,4.0,feeder2_77,0.02377290186313256,0.07445156187575153,0.023778680916838338,0.07447324081863267
240,4.0,feeder2_79,0.02368178345256617,0.07456812274764596,0.023689162347357913,0.07459427213620269
240,4.0,feeder2_81,0.02484948059918288,0.07758964476757423,0.024856061133660602,0.07761630823699513
240,4.0,feeder2_82,0.025393812748303615,0.07699646022247257,0.025399666640624034,0.07702185667146962
240,4.0,feeder2_116,0.02972648158186424,0.09234466949205722,0.029732793049576683,0.0923720487160299
240,4.0,feeder2_119,0.02912294040875278,0.0929362587298021,0.02912975177036099,0.09296370018119299
240,4.0,feeder2_120,0.031675255755799395,0.09754286719220244,0.03168092525101684,0.09757519944902723
240,4.0,feeder2_248,0.03127211003570669,0.09788406504546614,0.03127786581698855,0.09791405312778265
240,4.0,feeder2_124,0.03292716730695635,0.10062476248487205,0.032934166430559485,0.10065924877846143
240,4.0,feeder2_282,0.0330603772269152,0.10046758819650523,0.03306997143047977,0.10050096897070045
240,4.0,feeder2_275,0.03275216352189371,0.10072613248320707,0.032761219371745275,0.10076011800349009
240,4.0,feeder2_151,0.03513907982722171,0.10604598965148189,0.03514601602848256,0.10608184049074308
240,4.0,feeder2_295,0.035138802385303605,0.10608833353361743,0.035143294952192344,0.10612500599346841
240,4.0,feeder2_311,0.03512644300613462,0.10615578263336775,0.03513447816751223,0.10619271581763527
240,4.0,feeder2_201,0.03880341028131865,0.11486491316795247,0.03881071675748741,0.11490647618280984
240,4.0,feeder2_314,0.04082588288405986,0.11379644299353293,0.040834264847390576,0.11383652896126448
240,4.0,feeder2_342,0.04307723584355923,0.13018512623361805,0.043083513672584076,0.13024176695071196
240,4.0,feeder2_368,0.043815576662978986,0.13378564753731306,0.04382021500910899,0.1338464396862
240,4.0,feeder2_347,0.04376206117920343,0.1314144298281823,0.0437722140496096,0.13145945490153355
240,4.0,feeder2_353,0.04410269829790296,0.13233015159769349,0.044114410533704976,0.1323730496784118
240,4.0,feeder2_518,0.04400486194595038,0.1311272618575024,0.04401352390597331,0.13117232019397843
240,4.0,feeder2_365,0.04452937537064314,0.13334862210064496,0.04454040473068975,0.13338644393832252
240,4.0,feeder2_653,0.043825207167269134,0.1325599143268696,0.043837792614930565,0.13260220563884256
240,4.0,feeder2_377,0.04480789958594483,0.1341882418097051,0.044818995163615725,0.13422270790633975
240,4.0,feeder2_622,0.0431708351371975,0.1323223394811495,0.043180470799289904,0.1323635248599745
240,4.0,feeder2_451,0.04403195106835342,0.1335144299692545,0.0440387247787176,0.13357641521758618
240,4.0,feeder2_383,0.04509927096340241,0.14025087102406622,0.045103079893952486,0.14032234296506704
240,4.0,feeder2_385,0.04513072560238746,0.13519469645262305,0.045142646023134565,0.13522508639556374
240,4.0,feeder2_621,0.04480717371744047,0.13422605612036248,0.04481896687560988,0.1342581458316552
240,4.0,feeder2_611,0.04489282232423437,0.14036803983709156,0.044896028028670265,0.14044116364383885
240,4.0,feeder2_405,0.04518785453646945,0.14066583229105337,0.04519121509119133,0.14073756165153486
240,4.0,feeder2_461,0.046629943884324426,0.13945539713299177,0.046647052345792535,0.13946952926172654
240,4.0,feeder2_594,0.044861994797260066,0.13543569869257258,0.04487361727356795,0.13546433691586685
240,4.0,feeder2_732,0.04445945780434024,0.14355627285597997,0.04446564951905121,0.14362886201271624
240,4.0,feeder2_417,0.04597871655535283,0.14323736130631054,0.04598190045055282,0.14331614846157542
240,4.0,feeder2_663,0.046030637001903754,0.14334863254525557,0.04603407399434007,0.14342501495127788
240,4.0,feeder2_444,0.04659676539196114,0.14522695634283442,0.046597977920117946,0.14530634574840656
240,4.0,feeder2_759,0.050988875195842075,0.14233596123113335,0.050987594171719754,0.14241076528437518
240,4.0,feeder2_842,0.054196780866646185,0.15828835464240848,0.05418449686361037,0.15838892834883533
240,4.0,feeder2_459,0.046568304358404825,0.1453531225487309,0.04657050583884064,0.14543298033634994
240,4.0,feeder2_702,0.04661204206559191,0.14529179290707175,0.046613350883183045,0.14537354564823485
240,4.0,feeder2_493,0.046457208039557246,0.14585718698543054,0.0464589429939312,0.1459388910367499
240,4.0,feeder2_651,0.04660435889475323,0.13949316315348334,0.046621220255778334,0.13951107754158049
240,4.0,feeder2_684,0.04790342597758522,0.14348057164786748,0.04792457588624849,0.14348213615194944
240,4.0,feeder2_674,0.04633754578819536,0.14617430577347768,0.04634009387084691,0.1462550934767715
240,4.0,feeder2_696,0.04640084068535702,0.14597717945323493,0.04640064665157082,0.1460610658279906
240,4.0,feeder2_681,0.04624712184580794,0.1462062254331624,0.04624988944008972,0.1462873084165027
240,4.0,feeder2_682,0.04599807076680405,0.1474376732088064,0.046000699874218544,0.14751971763953478
240,4.0,feeder2_728,0.04792891196264816,0.1433090431658737,0.04794873056808352,0.14330886095254342
240,4.0,feeder2_724,0.04924504575023057,0.14852517981865027,0.04926778972654238,0.14850950196562598
240,4.0,feeder2_703,0.04652183265713187,0.14637087451752842,0.046521006762832835,0.14645379272566816
240,4.0,feeder2_704,0.046066737276093964,0.14586033862262002,0.0460662743783119,0.14594720598465527
240,4.0,feeder2_754,0.04951088283051138,0.14825948097332745,0.04953416332387362,0.14824669374019608
240,4.0,feeder2_747,0.049787275014861174,0.15086910250518434,0.049810232672579786,0.15084703883310108
240,4.0,feeder2_828,0.047884658070343124,0.14335294486157193,0.04790343967911268,0.14335369470489373
240,4.0,feeder2_763,0.04798889693206231,0.14299536833599816,0.04800678112188493,0.1429963268611284
240,4.0,feeder2_836,0.0483787425731671,0.14963594421393417,0.0484014998452953,0.1496197058837853
240,4.0,feeder2_758,0.05034065643683528,0.1534584033837948,0.050366586678928175,0.15343325741553304
240,4.0,feeder2_788,0.0506882470245716,0.15312707415814356,0.05071312981843136,0.15309945623152932
240,4.0,feeder2_812,0.05202868079977975,0.1623022075742524,0.052054477351494294,0.1622531531242783
240,4.0,feeder2_947,0.04856918507950133,0.14239480584874561,0.04859302110204438,0.14239646417947932
240,4.0,feeder2_868,0.048184594272200294,0.14279237262568167,0.04820403340892519,0.14279345291389517
240,4.0,feeder2_785,0.047963985841822966,0.14308704358103758,0.04798225880501204,0.14308719307776926
240,4.0,feeder2_1176,0.04789751738996699,0.143158167601471,0.04791584745061189,0.14316104749490646
240,4.0,feeder2_846,0.04775721558606506,0.14330777047436646,0.04777938576368212,0.1433079283839734
240,4.0,feeder2_911,0.0479853972760014,0.14298214616100952,0.048004143364150355,0.14298011945763806
240,4.0,feeder2_1107,0.05236989790886476,0.16811730705382139,0.05239666772734712,0.16806135747576642
240,4.0,feeder2_920,0.052421505550907764,0.16328191609995893,0.052449658068758814,0.1632322081758586
240,4.0,feeder2_926,0.0530414162755278,0.16463219985351538,0.053072256044644994,0.16457869531941668
240,4.0,feeder2_1239,0.05238388820091451,0.16343941922827834,0.05241413333928789,0.1633886197217803
240,4.0,feeder2_933,0.053312810166879186,0.1652697444038791,0.05334470451305542,0.16521521899290112
240,4.0,feeder2_1146,0.05306044485342656,0.16448525955035687,0.05309103856107705,0.1644297440584481
240,4.0,feeder2_1124,0.05327472940606692,0.16526135977508638,0.05330304399542624,0.1652086941901688
240,4.0,feeder2_942,0.05399384019518464,0.1669029689644203,0.05402655941907042,0.16683779294950674
240,4.0,feeder2_952,0.05446202384289081,0.16738212477012526,0.05449218124506831,0.16731782791574587
240,4.0,feeder2_965,0.05406400746093892,0.167157613948451,0.054094896014787175,0.1670933765055055
240,4.0,feeder2_961,0.05450783680627016,0.1674659890126484,0.054540151585790404,0.16739853323015585
240,4.0,feeder2_963,0.05446306668327606,0.16737528047259448,0.05449632447880522,0.16731092251611868
240,4.0,feeder2_973,0.0547980205020068,0.16737675112772046,0.05483100441959836,0.16730765670954856
240,4.0,feeder2_1128,0.054427852785604525,0.1683943007092296,0.05446098047082401,0.16832833978341924
240,4.0,feeder2_1113,0.054521948390461004,0.16731540098040656,0.054555835485641024,0.16725209574518876
240,4.0,feeder2_1143,0.05451089137269974,0.16708518299296418,0.05454282917234338,0.16702257937099396
240,4.0,feeder2_1238,0.059913891105701146,0.16713275818116283,0.059940036165547994,0.1670574421897918
240,4.0,feeder2_979,0.05402632071360851,0.16756533932710832,0.05405640448347325,0.16750527317988953
240,4.0,feeder2_1236,0.05521990586562073,0.16722406340032125,0.05525550956361357,0.16715090297408913
240,4.0,feeder2_989,0.05479812899324327,0.16737696041925085,0.05483100441959836,0.16730765670954856
240,4.0,feeder2_1196,0.05422680101691531,0.1692006156310673,0.05425824975917004,0.1691400408274631
240,4.0,feeder2_1158,0.05478114516048522,0.16738902513225926,0.05481344373847381,0.16732028135973093
240,4.0,feeder2_1122,0.05255539371432085,0.17077778347581712,0.05258510760555712,0.1707213300062391
240,4.0,feeder2_1258,0.05178589828420926,0.16761836908674146,0.05181629367112804,0.16756639444475452
240,4.0,feeder2_1303,0.05267021941018562,0.170661467857538,0.052699256331983566,0.17060249904058947
240,4.0,feeder2_1138,0.0526992971842496,0.17293636414843347,0.05273095440853437,0.17287904608859242
240,4.0,feeder2_1304,0.05231586532176765,0.1734828372781449,0.052345769924303245,0.17341994709455588
240,4.0,feeder2_1212,0.05310999305671274,0.17712466710796557,0.053140248531128566,0.177059682073779
240,4.0,feeder2_1311,0.05446853221322674,0.1770216584906122,0.05449790090961711,0.17695428970525162
240,4.0,feeder2_1290,0.05333102465578085,0.1825771011999652,0.05336174648483795,0.18250751874869137
240,4.0,feeder2_1325,0.05577597437024922,0.16699077789873093,0.055810027424422634,0.1669108637817521
240,4.0,feeder2_1248,0.055219701550779265,0.16722410369293256,0.055256536808584805,0.16715199105298947
240,4.0,feeder2_1249,0.0611318213849373,0.16717290088955772,0.0611587282631018,0.1670961611455709
240,4.0,feeder2_1250,0.06122032822415257,0.16716749950522547,0.06124612650500566,0.16708533411171408
240,4.0,feeder2_1366,0.05518814907069074,0.16722646670553265,0.055222750317557315,0.1671542630984619
240,4.0,feeder2_1266,0.05177803392301624,0.16762397146766952,0.05180559111646108,0.16757326463448896
240,4.0,feeder2_1372,0.05444523970956296,0.18238571534721978,0.05447756809134829,0.1823149292454595
240,4.0,feeder2_1363,0.053180334196506585,0.18889982673173614,0.05321002582102045,0.18883119598669235
240,4.0,feeder2_1446,0.05686598741271009,0.16688130942650112,0.05690079300990593,0.16680167193211587
240,4.0,feeder2_1502,0.05602519582906232,0.16705213566131039,0.056063440664095396,0.16697031365587384
240,4.0,feeder2_1428,0.05285025155234268,0.18940271509343215,0.052883568911476546,0.18933572333118787
240,4.0,feeder2_1380,0.05319811612725744,0.19580419400396717,0.053229995296577855,0.19573006781379224
240,4.0,feeder2_1550,0.05399629706755801,0.1958024769198406,0.05403020685465791,0.19572725792695927
240,4.0,feeder2_1386,0.05310160612575747,0.19922925338199107,0.0531367433391844,0.19915624877687815
240,4.0,feeder2_1551,0.053910621055025344,0.20199181489830698,0.05394667424809001,0.20192373310644984
240,4.0,feeder2_1400,0.0531012589680652,0.2001890971695471,0.05313619838847399,0.20012075119885112
240,4.0,feeder2_1552,0.05293579173553444,0.20038845584242734,0.05297040151356258,0.2003170399643929
240,4.0,feeder2_1408,0.053126924965026426,0.2020798852915679,0.0531605394326677,0.20200846661004848
240,4.0,feeder2_1553,0.0529010037215863,0.20242833294391752,0.052934227110516756,0.20235607000668154
240,4.0,feeder2_1416,0.053157721384002564,0.20298950628375362,0.0531906911325558,0.20292167445492804
240,4.0,feeder2_1530,0.05447396862461314,0.20285932963663425,0.0545073409652713,0.20278630150969926
240,4.0,feeder2_1425,0.05302354602768427,0.20488395338089704,0.05305959329432218,0.2048171261039449
240,4.0,feeder2_1589,0.05415792841748561,0.20842590871445665,0.05419325944026768,0.20836260075721016
240,4.0,feeder2_1435,0.053018156561927585,0.20491208181946863,0.05305153186075635,0.20484211985571082
240,4.0,feeder2_1621,0.052907009197962915,0.20487988796414816,0.05294106439964351,0.20480700785128889
240,4.0,feeder2_1564,0.05294335295473726,0.20524956701894773,0.052978538171171236,0.20518268065349912
240,4.0,feeder2_1704,0.05594037130536518,0.16701710475854356,0.05597978052972835,0.16693921751074955
240,4.0,feeder2_1525,0.05608373441245421,0.16707075534691063,0.056122008122246665,0.16698514528978672
240,4.0,feeder2_1716,0.05603729894737475,0.16706220583117576,0.056076624399648695,0.16698160466664794
240,4.0,feeder2_1537,0.05614708511968409,0.16708992833091893,0.05618669129585729,0.16700438325413366
240,4.0,feeder2_1645,0.056054199920533836,0.16717617813674132,0.05609461946865445,0.1670908370478306
240,4.0,feeder2_1561,0.0562321009408997,0.16706759787412,0.05627014004471285,0.1669814634968893
240,4.0,feeder2_1657,0.05637341647748204,0.1669421760391091,0.05641139372954963,0.16685436144561
240,4.0,feeder2_1570,0.056263389460534295,0.16709040251813603,0.05630436957212362,0.1670075206872321
240,4.0,feeder2_1756,0.05892243317309653,0.16689000426721642,0.058962064742158,0.166798522793973
240,4.0,feeder2_1588,0.05624739178011309,0.16714670824011063,0.05628648507620557,0.16705743123294056
240,4.0,feeder2_1628,0.05643285711101959,0.16698482069281184,0.056472109167570804,0.1668980594852108
240,4.0,feeder2_1598,0.05621861416622797,0.16726783151157423,0.05625712880436357,0.16718094810907258
240,4.0,feeder2_1816,0.056165137620051535,0.16728546911105213,0.05620481328981415,0.16719799647383055
240,4.0,feeder2_1765,0.05607936373750578,0.16721912357599072,0.0561195981525591,0.1671332519257361
240,4.0,feeder2_1641,0.0560546932022525,0.16784949584787875,0.05609754046341628,0.16776385923421502
240,4.0,feeder2_1689,0.055891422299628526,0.16851554461350363,0.05593538820703524,0.16842903041783794
240,4.0,feeder2_1744,0.05615775689343345,0.16774988245628983,0.0561977391937174,0.16765934803983595
240,4.0,feeder2_1817,0.05578085157926306,0.16983831516910977,0.05582666224904798,0.16975367179646145
240,4.0,feeder2_1779,0.05524722574719634,0.16790564134430042,0.05528848995321486,0.16781501678094607
240,4.0,feeder2_1800,0.055850219644723566,0.168570069810978,0.05589496720468265,0.16848310603095895
240,4.0,feeder2_1818,0.05636727184417427,0.16875972081039733,0.05642663480186879,0.16866219539280702
240,4.0,feeder2_1753,0.056324961263507084,0.16758254354222035,0.0563685687960527,0.16749335014657846
240,4.0,feeder2_1754,0.05619265796169447,0.16771742399128234,0.05623270872416867,0.16762730987341945
270,4.5,secondary,0.024122837673732758,0.010332172506009391,0.024103825222928945,0.010366583190580422
270,4.5,feeder2_44,0.04506230057191673,0.05409232066528353,0.04503132745441845,0.05426368117365916
270,4.5,feeder2_45,0.04583120600155476,0.05549690652467668,0.04579311285111602,0.05568255891711744
270,4.5,feeder2_46,0.044461444092467974,0.05763632040485288,0.04442660691283124,0.057808025446750795
270,4.5,feeder2_51,0.04717068664776335,0.05790343408729735,0.04713106111990019,0.058098704330822315
270,4.5,feeder2_48,0.0461138107141118,0.05566111566116055,0.04607963781160228,0.05584190994262857
270,4.5,feeder2_52,0.045683843871353665,0.056968503180049736,0.045652492311843276,0.05716314691075872
270,4.5,feeder2_68,0.05114294434419367,0.06517232418671559,0.05110306674400813,0.06539189017505909
270,4.5,feeder2_69,0.051253423593205366,0.06529786069209496,0.05121722321751834,0.0655124888165268
270,4.5,feeder2_71,0.051669042242344324,0.06613392122942995,0.05162985862492805,0.06635818019981168
270,4.5,feeder2_72,0.05175885933827312,0.06622327773506485,0.05171947856002706,0.06644275976657128
270,4.5,feeder2_73,0.0533191382704579,0.06913475518959367,0.053275551822104396,0.06937036239085283
270,4.5,feeder2_74,0.05318705122675998,0.06899215523423392,0.053148886007835315,0.0692239093580568
270,4.5,feeder2_77,0.054741000082774556,0.07173715949121906,0.05469865757833387,0.07197998030854756
270,4.5,feeder2_79,0.05496418338165397,0.0720190001371119,0.05492031043732996,0.07226068764279926
270,4.5,feeder2_81,0.05696360534074062,0.0757708362010431,0.05692592677721391,0.07602439352165616
270,4.5,feeder2_82,0.05720678989549182,0.07595855933588297,0.057166372802510565,0.07621009874859977
270,4.5,feeder2_116,0.0670203893834442,0.09372854585277868,0.06697354258682547,0.09404592961817002
270,4.5,feeder2_119,0.06624281565547385,0.0928944263884814,0.06619255504825028,0.09321279882608827
270,4.5,feeder2_120,0.07084674958752969,0.10088882986382289,0.07079291068319914,0.10123789024435352
270,4.5,feeder2_248,0.070359533224395,0.10037465218802151,0.07030699714447515,0.1007213016853257
270,4.5,feeder2_124,0.07323857681391464,0.10551164499001846,0.07318501602946757,0.10586988053931941
270,4.5,feeder2_282,0.0732828154348377,0.1055819199582174,0.07322733135685094,0.1059418321006657
270,4.5,feeder2_275,0.07305971290200415,0.10531189106176692,0.07300284310606207,0.10567322704679483
270,4.5,feeder2_151,0.0774318829325703,0.11365205402659416,0.07737323075050657,0.11403631374227584
270,4.5,feeder2_295,0.0775031955419966,0.11371135904316122,0.07744700348808925,0.1140969240226743
270,4.5,feeder2_311,0.07762802103727584,0.11383384705483175,0.07757474233731568,0.11421739872375007
270,4.5,feeder2_201,0.0843265093356674,0.1269799438394203,0.08426649579566318,0.12740646503449762
270,4.5,feeder2_314,0.0851092172809596,0.12663184623887042,0.085049980743885,0.1270549774166731
270,4.5,feeder2_342,0.09393128371473515,0.14653507997070414,0.0938638614545893,0.14702635342287923
270,4.5,feeder2_368,0.0959158871405578,0.1508453633950349,0.09584460523460789,0.151348230046483
270,4.5,feeder2_347,0.09559113620994755,0.14860644858556413,0.09552459398352935,0.14910476210504262
270,4.5,feeder2_353,0.09642552240830189,0.14975809645022303,0.09635463566576524,0.15026426604214085
270,4.5,feeder2_518,0.09567404645002206,0.1487487726300839,0.0956039326834953,0.14924953202725938
270,4.5,feeder2_365,0.09737942967302761,0.15136519771003018,0.09730912672569048,0.15187204919894812
270,4.5,feeder2_653,0.09610437399939836,0.14941422686084097,0.09602939679972645,0.14992280259029347
270,4.5,feeder2_377,0.09789577845809933,0.152298875775514,0.0978215588205997,0.1528108068189451
270,4.5,feeder2_622,0.09740596132830194,0.1513823732222928,0.09733644399676052,0.15188738746009844
270,4.5,feeder2_451,0.09598795151832802,0.15095744070741923,0.0959151489483048,0.15146231773145902
270,4.5,feeder2_383,0.09915607692806525,0.1580117806671639,0.09908869372150778,0.15852359225146587
270,4.5,feeder2_385,0.09848284778901893,0.1534177490602464,0.09841096622811708,0.1539258465558804
270,4.5,feeder2_621,0.09797421637789262,0.15234521194571735,0.09790048927195212,0.15285578362661909
270,4.5,feeder2_611,0.09894030827877152,0.15778012466030414,0.0988692892313819,0.15829463744380395
270,4.5,feeder2_405,0.09936246706625436,0.15848369311403632,0.09928964943971437,0.15900047672047724
270,4.5,feeder2_461,0.10095999534063674,0.15913301106735647,0.10088381259583348,0.15964814518748432
270,4.5,feeder2_594,0.09816636717686661,0.15307943074845473,0.09809072824376742,0.15359209880624422
270,4.5,feeder2_732,0.09902634623770014,0.15812442755467754,0.09895946047861548,0.1586389079468738
270,4.5,feeder2_417,0.1009388419110197,0.16215854689778628,0.10086236182610567,0.16268467690507096
270,4.5,feeder2_663,0.10063242584468417,0.1648817886212434,0.10055706284524749,0.16540510126120675
270,4.5,feeder2_444,0.10209478344526736,0.16415982028967077,0.10202479757434385,0.16468421003627817
270,4.5,feeder2_759,0.10369320645098118,0.16318857367289846,0.1036228698460834,0.16371213671122498
270,4.5,feeder2_842,0.11833167084734734,0.1805621484630149,0.11824431739994018,0.18111492744657304
270,4.5,feeder2_459,0.10215012414726463,0.1640929244561145,0.10207719980211538,0.1646182062807357
270,4.5,feeder2_702,0.10376041483197387,0.16305315399463155,0.10369019733330813,0.16357501380299394
270,4.5,feeder2_493,0.10221083067934796,0.16420367729044152,0.10213854046010984,0.16473049527438044
270,4.5,feeder2_651,0.10109815593541784,0.15921296347698666,0.1010230935344153,0.15972596867541064
270,4.5,feeder2_684,0.10293039035942961,0.16437163444002817,0.10285334843535246,0.16488113645568062
270,4.5,feeder2_674,0.1021617373255618,0.1641485565232089,0.10208939753286256,0.16467721683259426
270,4.5,feeder2_696,0.10243690568870456,0.16476999339590043,0.10236579328661549,0.16529730104672852
270,4.5,feeder2_681,0.10207718671564572,0.16405222043578016,0.10200154242321798,0.16458110913676388
270,4.5,feeder2_682,0.10208654205212483,0.1640662298400098,0.10201043881633144,0.16459367301655797
270,4.5,feeder2_728,0.10309309876140778,0.16434226213044104,0.10301278304033266,0.16484884330124788
270,4.5,feeder2_724,0.10473743647154683,0.17024145518510142,0.10465488786466969,0.17075752152927348
270,4.5,feeder2_703,0.10292286288948425,0.16525691693907732,0.10285115777586139,0.1657834438128452
270,4.5,feeder2_704,0.1025402367949724,0.1648760511855858,0.10246963478939357,0.16540028871364934
270,4.5,feeder2_754,0.10482303744132877,0.17045159174304883,0.10473921536749344,0.17096779220694724
270,4.5,feeder2_747,0.10548351559766753,0.17260040529704354,0.10540404211777184,0.17311336480634132
270,4.5,feeder2_828,0.10304076356573966,0.1642876641981523,0.10296088891964619,0.16479530099627318
270,4.5,feeder2_763,0.10335324900851574,0.16439053951960284,0.10327877182161165,0.1648906731249375
270,4.5,feeder2_836,0.10502645982196082,0.17545118236202512,0.10494208625364337,0.17596823514615118
270,4.5,feeder2_758,0.10602303686680481,0.17346171416444142,0.10594314034727266,0.17397385659113623
270,4.5,feeder2_788,0.10614013553610374,0.17373653254373614,0.10605896716514393,0.17424595060559134
270,4.5,feeder2_812,0.10770787327654295,0.1760406219053201,0.10762355781432545,0.17654539033062053
270,4.5,feeder2_947,0.10354686430431805,0.16484165640649523,0.10346488349535644,0.16534332699600895
270,4.5,feeder2_868,0.10341790458466885,0.1645430004045364,0.10334261956046727,0.16504272162652858
270,4.5,feeder2_785,0.1035109870303096,0.16420549315702526,0.10343213004284006,0.16470479819438677
270,4.5,feeder2_1176,0.10384837579137,0.16434529821802749,0.10376710516292315,0.16484926985384782
270,4.5,feeder2_846,0.10325328949150926,0.1639375815176276,0.10317949600624446,0.16443346920755442
270,4.5,feeder2_911,0.10388550851914771,0.16409154145619878,0.10380792050425708,0.1645813105749509
270,4.5,feeder2_1107,0.10774607359406646,0.17469437337618543,0.10765590217800515,0.17518827317153723
270,4.5,feeder2_920,0.10817035810363877,0.17721272582643932,0.10808359861494944,0.17771832123610554
270,4.5,feeder2_926,0.10901179685042939,0.1796771883509586,0.10892373913004902,0.18018459748239504
270,4.5,feeder2_1239,0.10799145823229296,0.1764022841398621,0.10790528681573601,0.1769098229625272
270,4.5,feeder2_933,0.10935036800410526,0.1807447204104193,0.10926440463333563,0.18124990320146858
270,4.5,feeder2_1146,0.10917338568304992,0.1798453729183674,0.109087076411265,0.18034715518176994
270,4.5,feeder2_1124,0.10945542235978967,0.18076681130790995,0.10936563306412968,0.1812788297004989
270,4.5,feeder2_942,0.110178093956109,0.18346292672606715,0.1100881577919359,0.18397355812516386
270,4.5,feeder2_952,0.11145142035275953,0.18766275372060015,0.11136402026344601,0.18817619583926956
270,4.5,feeder2_965,0.11017155069706157,0.18344552560208569,0.11008548061607261,0.1839534629359888
270,4.5,feeder2_961,0.11156249645371699,0.1880774352088574,0.11147240854420708,0.18859144703100855
270,4.5,feeder2_963,0.11145711817432148,0.18767182632270712,0.11136825310408521,0.1881871167659287
270,4.5,feeder2_973,0.11215891818238816,0.1903167641958037,0.11206801565568397,0.19084163859904493
270,4.5,feeder2_1128,0.1115530662812585,0.1880223504179562,0.11146471290927179,0.18853590439038453
270,4.5,feeder2_1113,0.11194464191144816,0.1877137680199394,0.11185458201352018,0.18822275239844702
270,4.5,feeder2_1143,0.11164737846981998,0.18804110183220848,0.11156061905619655,0.18854697915581042
270,4.5,feeder2_1238,0.11021689944652507,0.1836600534464536,0.11012619192197876,0.18417245887242542
270,4.5,feeder2_979,0.11016440588611347,0.18340429409157122,0.11007523097304975,0.18391501922501932
270,4.5,feeder2_1236,0.11302165264162226,0.19368963829682592,0.11293115746502738,0.19422192979771957
270,4.5,feeder2_989,0.11215918097063884,0.19031658592844336,0.11206924563066281,0.19083950099470143
270,4.5,feeder2_1196,0.10998408410256212,0.18322593765867673,0.10989370475336484,0.18373851481393627
270,4.5,feeder2_1158,0.11227770001167199,0.1903089962897279,0.11218767977841691,0.19083154255696924
270,4.5,feeder2_1122,0.10770736385828084,0.17417707694345863,0.10762312816917637,0.17466309984742742
270,4.5,feeder2_1258,0.10796133851630074,0.17473749863565705,0.10787481923041446,0.17523024362230807
270,4.5,feeder2_1303,0.10772938791397225,0.17428891609592778,0.10764018111287937,0.1747766690510869
270,4.5,feeder2_1138,0.10768019241157321,0.17373658897334673,0.10759210374072128,0.17421631890379397
270,4.5,feeder2_1304,0.10712117532331357,0.17317870489344853,0.10703362741447552,0.1736577982458216
270,4.5,feeder2_1212,0.10769901846789279,0.17326585911509562,0.1076154132885426,0.17373443526831914
270,4.5,feeder2_1311,0.10898696281356234,0.17335544268335626,0.10889981376598235,0.17382143174613413
270,4.5,feeder2_1290,0.10757122899796026,0.17253266148701762,0.107484803424996,0.17299490002600118
270,4.5,feeder2_1325,0.11414472995350203,0.19836022478512905,0.11404765742445687,0.19890723522699869
270,4.5,feeder2_1248,0.11302265255290732,0.19368961979650046,0.11293236173813759,0.19422238576796466
270,4.5,feeder2_1249,0.11022341621568582,0.18370110752056493,0.11013578785774535,0.184208514057827
270,4.5,feeder2_1250,0.11023322519168591,0.18371176601630182,0.11014372398959078,0.18422196001225083
270,4.5,feeder2_1366,0.1131608109667411,0.1936905181954503,0.11306492380148041,0.19422924054383223
270,4.5,feeder2_1266,0.1080129486749241,0.1747390768607713,0.10792613016942636,0.17523091468947158
270,4.5,feeder2_1372,0.10766520206289387,0.17277669274382304,0.10757676671420009,0.17324278955626662
270,4.5,feeder2_1363,0.10745291636311417,0.17139155772280693,0.10736305967508589,0.17184891366532215
270,4.5,feeder2_1446,0.11419562316098338,0.1985019635789287,0.11410122282065917,0.1990482955564775
270,4.5,feeder2_1502,0.11541965569117926,0.20343929154507145,0.11532301171153084,0.20399968540533758
270,4.5,feeder2_1428,0.10694565299879019,0.170892100056233,0.106857487203966,0.17134702833763069
270,4.5,feeder2_1380,0.10744458268537006,0.17078823288561665,0.1073629704239126,0.1712362271777136
270,4.5,feeder2_1550,0.10928224863943424,0.17080175266499817,0.109199638857788,0.17124027984809695
270,4.5,feeder2_1386,0.1072996581438849,0.17040453367670538,0.10721421065972281,0.17085558157958308
270,4.5,feeder2_1551,0.10636056428302845,0.1692926026903518,0.10627275829247669,0.16974934742100592
270,4.5,feeder2_1400,0.10728945147685999,0.170489893750366,0.10720544511727034,0.17093950192146976
270,4.5,feeder2_1552,0.10708172705549301,0.17029412246583842,0.10699595348198557,0.17074634139076766
270,4.5,feeder2_1408,0.10728407105161553,0.1707616212635448,0.10719551176984202,0.17121596740128397
270,4.5,feeder2_1553,0.10693174274150495,0.1704170284825434,0.10684799394788805,0.17086747690549917
270,4.5,feeder2_1416,0.10729422320507388,0.1709771425778291,0.10720410852270974,0.17143074160455657
270,4.5,feeder2_1530,0.1073662235328635,0.17119047052130282,0.10728204781541278,0.17163809290744883
270,4.5,feeder2_1425,0.10732056588097938,0.17126943730420233,0.10723497793766726,0.17172369549354258
270,4.5,feeder2_1589,0.10707768726991487,0.17102973434910498,0.10698793654808601,0.17148501589237272
270,4.5,feeder2_1435,0.10732976544465819,0.171350422738573,0.1072413235065431,0.17180855845997037
270,4.5,feeder2_1621,0.10724915742277336,0.17259842122460936,0.10716349840116514,0.17305723634646067
270,4.5,feeder2_1564,0.10727167054654554,0.17101464650497053,0.10718342412280332,0.1714691118388728
270,4.5,feeder2_1704,0.11561652571168723,0.20347095666575632,0.11551504314131775,0.20403548622380932
270,4.5,feeder2_1525,0.1157252410428095,0.20474897683788934,0.11562709779076052,0.20531223012938282
270,4.5,feeder2_1716,0.11545935871517875,0.20652091411807832,0.11535560449373772,0.2070952480102815
270,4.5,feeder2_1537,0.11604081698032859,0.20596491379388315,0.1159370581142844,0.20653553346456943
270,4.5,feeder2_1645,0.11594647850019008,0.2058808663935708,0.11584845441291239,0.2064452820585755
270,4.5,feeder2_1561,0.11640538542385122,0.20739063483090794,0.11630716183943701,0.2079623899308628
270,4.5,feeder2_1657,0.11644823252507917,0.2075184828283741,0.11634946148595246,0.2080879728326416
270,4.5,feeder2_1570,0.11656455693895917,0.2079744809346467,0.1164581400416764,0.2085511253837311
270,4.5,feeder2_1756,0.119027481923783,0.2083248507125456,0.11892706439074012,0.20888511831190806
270,4.5,feeder2_1588,0.11669113710644874,0.20848342933052103,0.11658858366668923,0.20906017702534632
270,4.5,feeder2_1628,0.11747780007997555,0.20865881642196596,0.11737264499456548,0.20923031451035978
270,4.5,feeder2_1598,0.11682126829839062,0.20905330145638612,0.11671618005426783,0.20963417511491766
270,4.5,feeder2_1816,0.11712022658755467,0.20902581174055643,0.11702023438686363,0.20960726665566237
270,4.5,feeder2_1765,0.11717618565608025,0.2090889937082016,0.11706943492777809,0.20967274418337414
270,4.5,feeder2_1641,0.11738535422970327,0.21187774105761262,0.11728058639320398,0.21247614915468208
270,4.5,feeder2_1689,0.11768745796797825,0.2139781936773652,0.11758175396024281,0.214598419396487
270,4.5,feeder2_1744,0.11818929255379283,0.21199106895606473,0.11808424053429811,0.21258414022561561
270,4.5,feeder2_1817,0.11767399638099856,0.21390012052841814,0.11756253001448418,0.21452466065379075
270,4.5,feeder2_1779,0.11746204158207017,0.21506652721696717,0.11734785707924093,0.2156975791744399
270,4.5,feeder2_1800,0.11763168178201586,0.2139246126040016,0.11752480600465277,0.2145436450770316
270,4.5,feeder2_1818,0.11781793550156752,0.21643490348361993,0.11770812126243235,0.21710592603340836
270,4.5,feeder2_1753,0.11821975088817271,0.21216086345610058,0.11811740553901147,0.21275234831352324
270,4.5,feeder2_1754,0.11873848340054306,0.21203470849473133,0.11863525949834812,0.2126258534819224
300,5.0,secondary,0.012191938443227678,0.013922486437470809,0.012220104716548132,0.01391257127564103
300,5.0,feeder2_44,0.02276380100762374,0.07285306412776239,0.022805926589694638,0.07279330801528927
300,5.0,feeder2_45,0.023120060567466984,0.07495722282587317,0.02316505506082057,0.07489299693247242
300,5.0,feeder2_46,0.023421916620806275,0.07475565588444169,0.02347349314577704,0.07468656402984919
300,5.0,feeder2_51,0.023748184122662042,0.07867556194398811,0.02379983792695745,0.07860842676137969
300,5.0,feeder2_48,0.023209590072548705,0.07448847376475973,0.023259098794753724,0.07442270494610322
300,5.0,feeder2_52,0.023552039470295043,0.07860592123151913,0.023605159704204546,0.07853785360623285
300,5.0,feeder2_68,0.025531792052118755,0.08917742103057345,0.025587601624409557,0.0891020552090231
300,5.0,feeder2_69,0.02568301426555634,0.0893677449906631,0.025733162878939328,0.08929342377615239
300,5.0,feeder2_71,0.025766553433146797,0.09055863387216098,0.02581766614426315,0.0904884480385571
300,5.0,feeder2_72,0.025778776388523696,0.090386891324678,0.025832082728714054,0.09031041067567003
300,5.0,feeder2_73,0.026505196674929975,0.09489922053585603,0.02656178539222027,0.09482177080903031
300,5.0,feeder2_74,0.024971195262919667,0.09607607181442675,0.025027318116524255,0.09599963445244872
300,5.0,feeder2_77,0.027201147496506203,0.0984691652696694,0.027259194250410457,0.09838976105565178
300,5.0,feeder2_79,0.027552369960174638,0.09958560981460753,0.02760832042094618,0.09950293634529148
300,5.0,feeder2_81,0.028183587817137038,0.10361098156663902,0.02824582367515993,0.10352368874103027
300,5.0,feeder2_82,0.029961157673358454,0.10114059028413193,0.030017827529684665,0.10105857711119777
300,5.0,feeder2_116,0.032438045609831996,0.12931339469611908,0.032505841741796604,0.12921651383202845
300,5.0,feeder2_119,0.0302469102388521,0.130384443677807,0.03031536407013234,0.1302929920916425
300,5.0,feeder2_120,0.03428552392072836,0.1384140180775032,0.034360856474997245,0.1383098459947009
300,5.0,feeder2_248,0.033849452543067766,0.13827500664389786,0.03391862709553486,0.13817407773097612
300,5.0,feeder2_124,0.0354457274198074,0.14409331652511884,0.03552302833122406,0.14398357131388442
300,5.0,feeder2_282,0.03544397836518335,0.14398964781729187,0.03551785942861419,0.14388411208479307
300,5.0,feeder2_275,0.03352369040917697,0.14536374131835172,0.03360176269374606,0.14525465700712342
300,5.0,feeder2_151,0.03777362525851845,0.15335092761101743,0.037853847892136916,0.15323111539459444
300,5.0,feeder2_295,0.03786369814012299,0.15345720714840833,0.03794714102352629,0.15333452329723374
300,5.0,feeder2_311,0.038026920974493214,0.1536544205390111,0.038103016977081315,0.15353813260820062
300,5.0,feeder2_201,0.0415420221742658,0.16831525536512,0.04163011972671394,0.16817588500589875
300,5.0,feeder2_314,0.04152759961917684,0.16824525112078395,0.041612679083590454,0.16810889155954625
300,5.0,feeder2_342,0.046935210819934944,0.18982571750996102,0.04703170781889803,0.18966134189810116
300,5.0,feeder2_368,0.04844286547278188,0.19770469545727395,0.0485387780133708,0.19753772457824126
300,5.0,feeder2_347,0.04732623391919042,0.1857629113875882,0.047430582088054195,0.18558242065349284
300,5.0,feeder2_353,0.04753698207413267,0.18383160832801576,0.04763672834018789,0.18364812682438234
300,5.0,feeder2_518,0.04733321836031292,0.18557894074822742,0.04743424934610706,0.18539829540633979
300,5.0,feeder2_365,0.04779082491094998,0.1817710250617827,0.047895464483261735,0.18157833618374547
300,5.0,feeder2_653,0.047247742688573936,0.183714052265644,0.04735435730850461,0.18352734853371008
300,5.0,feeder2_377,0.04792681817912607,0.1806440588713619,0.048030965721111374,0.18044720918577295
300,5.0,feeder2_622,0.04782358147518981,0.18181032863846353,0.047927486198161826,0.18161546358170977
300,5.0,feeder2_451,0.04844281398459194,0.1975325163474541,0.0485352917866029,0.1973711419565541
300,5.0,feeder2_383,0.05091627444698038,0.21057710059822393,0.051018266211451356,0.21040854968043168
300,5.0,feeder2_385,0.048075534146739804,0.1793091149818196,0.04817897634009085,0.1791086856508339
300,5.0,feeder2_621,0.04802290180308241,0.1807585881568201,0.048129416731092174,0.18056128470808336
300,5.0,feeder2_611,0.05072613194604318,0.2104950548203173,0.05082420675508093,0.21033104628310645
300,5.0,feeder2_405,0.05107361008141114,0.2113871543628202,0.05116482561380078,0.21122671524477607
300,5.0,feeder2_461,0.048746617266194184,0.1741905680845649,0.04886046566080304,0.17396575430314126
300,5.0,feeder2_594,0.04779054816097981,0.17918573015285633,0.04789873717984986,0.1789841393147886
300,5.0,feeder2_732,0.0480379204246498,0.21315794838784544,0.048137489424285605,0.21299363411554606
300,5.0,feeder2_417,0.05246236626907301,0.2171649548206977,0.052559236933027595,0.21699945133906315
300,5.0,feeder2_663,0.05274660104460294,0.21786314814149188,0.052848847922236396,0.2176910513975479
300,5.0,feeder2_444,0.053461321709621805,0.22131532682092003,0.05356076307596238,0.22114452286439304
300,5.0,feeder2_759,0.05344778246671893,0.2212114217557138,0.053541085657330456,0.22104959587674466
300,5.0,feeder2_842,0.07325334673341503,0.2438952865561811,0.07335447415330368,0.24371824414835844
300,5.0,feeder2_459,0.053452541649592455,0.22143632994936466,0.05354949956073477,0.22126810200478372
300,5.0,feeder2_702,0.053448660092580765,0.22139915467420684,0.05354899370349272,0.221228300834627
300,5.0,feeder2_493,0.053421792259746255,0.22190890854798415,0.05352264996496762,0.22173942548220515
300,5.0,feeder2_651,0.04892027408751968,0.17440549127982247,0.049038258865969145,0.1741760810925831
300,5.0,feeder2_684,0.04924560026912301,0.16982848464836733,0.0493600516467371,0.16958293023650878
300,5.0,feeder2_674,0.053160617488950936,0.22203253708122897,0.05326041839737876,0.22186440298764526
300,5.0,feeder2_696,0.05367013783768726,0.22283109273433072,0.05377083782093377,0.2226640645154486
300,5.0,feeder2_681,0.05308989417685404,0.22198717680769614,0.05318810110491572,0.2218219778492901
300,5.0,feeder2_682,0.05218905422372099,0.2226148319715842,0.052284982113373464,0.22244913224691104
300,5.0,feeder2_728,0.04924114239298441,0.16984631269055359,0.0493569644886674,0.16959932407916067
300,5.0,feeder2_724,0.04974999841889395,0.16534891614925337,0.049870398932939916,0.16508471692183754
300,5.0,feeder2_703,0.05427230263071301,0.22354071629859495,0.05437450781516514,0.2233726681934239
300,5.0,feeder2_704,0.05379894546804394,0.2229837100631685,0.05389325278516074,0.2228189621878066
300,5.0,feeder2_754,0.049766038839407625,0.16517870161877138,0.049892892609300625,0.16490855716145933
300,5.0,feeder2_747,0.049972564814299424,0.16360421741055153,0.050096095192122145,0.16333046184017086
300,5.0,feeder2_828,0.049194478146673215,0.16982091707825772,0.049310612274883744,0.16957505063510814
300,5.0,feeder2_763,0.04924966561553275,0.16991937881707797,0.04936549232137041,0.16966876244604676
300,5.0,feeder2_836,0.050160945819410926,0.1638389676802088,0.05028462002027172,0.16356277650271706
300,5.0,feeder2_758,0.050142740903675785,0.1619996170801214,0.05026720533287852,0.1617180081783006
300,5.0,feeder2_788,0.051355528726843055,0.16035085646511082,0.0514849374540748,0.16006565181137392
300,5.0,feeder2_812,0.05052795378869433,0.15913686196820145,0.0506604598019835,0.15883783152299547
300,5.0,feeder2_947,0.049280508543753314,0.16954115683444057,0.049399098006420006,0.16928749846773788
300,5.0,feeder2_868,0.049738915454235026,0.16920429914346502,0.049854911647590316,0.16895414490971714
300,5.0,feeder2_785,0.04920584269900524,0.1705306024454775,0.04932241893102413,0.1702790496842793
300,5.0,feeder2_1176,0.049891868536585476,0.17284891007602723,0.05001683400532004,0.17258325747607123
300,5.0,feeder2_846,0.048351082134468856,0.17080532830356146,0.04847268683479601,0.17055255023220345
300,5.0,feeder2_911,0.049195897500790016,0.17048052531353006,0.04931332627245102,0.17023081021655476
300,5.0,feeder2_1107,0.05002015571822859,0.15798140027648946,0.05015677533026123,0.15769118505889704
300,5.0,feeder2_920,0.05077619816153863,0.15866653646255754,0.05091527502881416,0.15835273849893344
300,5.0,feeder2_926,0.051164340394283726,0.1580640866420567,0.051299368519878555,0.1577378372768308
300,5.0,feeder2_1239,0.050755077949358574,0.15857126239745611,0.0508905219282306,0.1582605192339578
300,5.0,feeder2_933,0.051304382557085464,0.15817032151536442,0.051439664729591106,0.1578422511706141
300,5.0,feeder2_1146,0.051315869425639773,0.1563393327847065,0.051454242379472964,0.15601384891825437
300,5.0,feeder2_1124,0.05143429709092447,0.15833248206589792,0.05157275100305987,0.1579995801970497
300,5.0,feeder2_942,0.05162794030355766,0.15830647961181987,0.05176623654699571,0.1579596005417534
300,5.0,feeder2_952,0.05201717343435337,0.16007004955419948,0.05216021411667161,0.15970081820128892
300,5.0,feeder2_965,0.051639578803495324,0.15810955786845463,0.051777962221845254,0.1577625640551593
300,5.0,feeder2_961,0.052039458961975836,0.1605148844887096,0.05218848144659152,0.16013764754691193
300,5.0,feeder2_963,0.052021455053838664,0.16001613463189537,0.05217024799975383,0.15964122198675895
300,5.0,feeder2_973,0.05226147886811859,0.16274054928781756,0.05241261725144458,0.16235093388461205
300,5.0,feeder2_1128,0.051864284291429114,0.16077816500270617,0.052014576106655476,0.16040432843882688
300,5.0,feeder2_1113,0.052605387819305134,0.15927223035660693,0.052748070567889216,0.1589036708996575
300,5.0,feeder2_1143,0.05213212132724569,0.1584535892440581,0.05227926635975812,0.15807935388387925
300,5.0,feeder2_1238,0.0539193633256209,0.15524400851549516,0.0540600972572261,0.15489381124787008
300,5.0,feeder2_979,0.05163434978284678,0.15808433316863627,0.051778452789396974,0.1577351817004268
300,5.0,feeder2_1236,0.052571196001671226,0.16596503610038285,0.05272475543343859,0.16555491628346952
300,5.0,feeder2_989,0.05226174122409325,0.16274178444236032,0.05241261725144458,0.16235093388461205
300,5.0,feeder2_1196,0.05147010966947438,0.15799496759295342,0.051612472626119635,0.1576479981651759
300,5.0,feeder2_1158,0.05240097792198804,0.16289910639563845,0.05255258464145404,0.16250975504013726
300,5.0,feeder2_1122,0.04976718457566059,0.15727991453484738,0.0499059534990898,0.15699027956869613
300,5.0,feeder2_1258,0.050284736029422475,0.1583067529649487,0.05041504303189671,0.15801897913969676
300,5.0,feeder2_1303,0.04975749367197044,0.15721922183004755,0.04989017654066999,0.15693474311911249
300,5.0,feeder2_1138,0.049573349588129645,0.15675123179956313,0.04970353088410519,0.1564736359202542
300,5.0,feeder2_1304,0.04797655535361782,0.15722932413878957,0.048112898992222854,0.1569519297187257
300,5.0,feeder2_1212,0.04944036092810731,0.15538191354764033,0.04957509674647222,0.15510381979009472
300,5.0,feeder2_1311,0.04942897738233619,0.155296498044665,0.049566964470238936,0.15501596214215801
300,5.0,feeder2_1290,0.04929314833285526,0.15375442116754154,0.049425270876023206,0.15348135204556812
300,5.0,feeder2_1325,0.05275518599552827,0.16907722801068004,0.05291121360671997,0.1686499967161021
300,5.0,feeder2_1248,0.05257274295797945,0.16597085497680825,0.05272621501081408,0.16556050586554275
300,5.0,feeder2_1249,0.053915818331761206,0.15522653971930692,0.05405084324007234,0.15488023076598553
300,5.0,feeder2_1250,0.055549249480718946,0.15327815480481863,0.055684776999647495,0.15293210375877855
300,5.0,feeder2_1366,0.052867237142748436,0.16731920966157202,0.053019946870018105,0.1669058265396146
300,5.0,feeder2_1266,0.050345358624650116,0.15837699136890074,0.0504786524078138,0.15808802543752473
300,5.0,feeder2_1372,0.04931255994591009,0.15356870051172752,0.049450317793982505,0.15329224975016464
300,5.0,feeder2_1363,0.04917641038485568,0.152251115524988,0.04931254309932007,0.15198122641192952
300,5.0,feeder2_1446,0.053970682782181645,0.16749610158503825,0.05413095005430052,0.16706038928190414
300,5.0,feeder2_1502,0.052818830064854876,0.17463527937581858,0.05298612335028956,0.17417582390854564
300,5.0,feeder2_1428,0.04871430570078547,0.15205280862799633,0.048844505512897464,0.15178863972304452
300,5.0,feeder2_1380,0.049133682123239965,0.1508290446922417,0.04927088176275094,0.15056205835880032
300,5.0,feeder2_1550,0.04913699410311886,0.15078682869099586,0.049272397679552916,0.15052177076832476
300,5.0,feeder2_1386,0.049116208811122435,0.15015611981851995,0.049247661359498804,0.1498991957253073
300,5.0,feeder2_1551,0.04898020366271461,0.1500676314652761,0.049116987834131536,0.14980483368188674
300,5.0,feeder2_1400,0.04911133060095952,0.1498605286985615,0.04924388356054214,0.14959941624995324
300,5.0,feeder2_1552,0.048932353640285295,0.14974080524261507,0.04906990816439658,0.14948057258216615
300,5.0,feeder2_1408,0.049111080568838665,0.149320266625286,0.04924899386347509,0.14906089772295072
300,5.0,feeder2_1553,0.04741949610331597,0.1501047848056277,0.04755753671876139,0.14984856130494623
300,5.0,feeder2_1416,0.04919679667896473,0.14890141406116703,0.04933676456574589,0.14863697610355303
300,5.0,feeder2_1530,0.050897696633867666,0.14669868495657018,0.05103322474551664,0.14643505232716478
300,5.0,feeder2_1425,0.04926724676896973,0.1492581979919898,0.0493987195085623,0.1489974071713649
300,5.0,feeder2_1589,0.04904547901213005,0.14916679316031506,0.049183320476851096,0.1489043628215901
300,5.0,feeder2_1435,0.04928433160110888,0.14934097178530295,0.049421026893384463,0.14907665003596368
300,5.0,feeder2_1621,0.049597380111397193,0.1502681361021228,0.049732689200298975,0.14999889672291652
300,5.0,feeder2_1564,0.0492425985726008,0.14916172879268463,0.04937382398780032,0.14890291903888983
300,5.0,feeder2_1704,0.053176912992101456,0.17563793670735137,0.05334583170504811,0.17517438256963958
300,5.0,feeder2_1525,0.052763228388988816,0.17567020135335085,0.05292799217311762,0.17520702029870402
300,5.0,feeder2_1716,0.05357565877174502,0.17889484821888435,0.05374457699831484,0.17841571612634366
300,5.0,feeder2_1537,0.05260227320476955,0.1762880274108585,0.05276771568392535,0.17582305510535054
300,5.0,feeder2_1645,0.051636552044435395,0.17662614125238255,0.05180667122303965,0.1761650414899042
300,5.0,feeder2_1561,0.0525423111416746,0.17685458355589723,0.05270774836687455,0.1763865733340694
300,5.0,feeder2_1657,0.05253905302510703,0.17678477601715878,0.05270675809366189,0.17631218682252647
300,5.0,feeder2_1570,0.052520560953532275,0.1771131860341266,0.05268652465621407,0.1766427397469747
300,5.0,feeder2_1756,0.05247734800380145,0.17699455620728838,0.052649457895431954,0.17651744288937318
300,5.0,feeder2_1588,0.052503052973003034,0.17736065947787727,0.05267197251663151,0.17688491515625976
300,5.0,feeder2_1628,0.052501755207470864,0.1772664321217518,0.0526739037691643,0.17678568643625778
300,5.0,feeder2_1598,0.052487166658903975,0.17769593212812873,0.052663089232545486,0.17721275234761538
300,5.0,feeder2_1816,0.05284681102525443,0.17809430638941043,0.05301684966351127,0.17761654908001362
300,5.0,feeder2_1765,0.052943119541839556,0.1782403605986535,0.05311667922479717,0.17775955747917263
300,5.0,feeder2_1641,0.052333341406984306,0.17897441624001675,0.052509305932659865,0.17848076277436895
300,5.0,feeder2_1689,0.052227437538681296,0.18011638829698198,0.05240994297936749,0.17961203007029405
300,5.0,feeder2_1744,0.052320368081597485,0.17893137382891142,0.05250265230028786,0.17843604902107363
300,5.0,feeder2_1817,0.05221940367648022,0.1800553478676,0.05240531555544227,0.17954826008473684
300,5.0,feeder2_1779,0.05226446009493903,0.180160402908425,0.05244722539882972,0.17965394443986477
300,5.0,feeder2_1800,0.05065074761085974,0.18080443944877153,0.05082972156156411,0.1803101288541132
300,5.0,feeder2_1818,0.05190839148135872,0.181340117316092,0.05211847588633385,0.1808059833158259
300,5.0,feeder2_1753,0.05229263408026991,0.17886737384285822,0.052474108419838,0.1783662363603887
300,5.0,feeder2_1754,0.052317581348803516,0.17891558310137648,0.05249731528843112,0.1784221482192392
330,5.5,secondary,0.010733620710409515,0.009060776024911095,0.0107253149497779,0.009050563124507792
330,5.5,feeder2_44,0.020048743230483522,0.04743133013184963,0.02003574724336466,0.04738104565728015
330,5.5,feeder2_45,0.020389958742945854,0.04887069626567051,0.020373778451660798,0.0488172993928682
330,5.5,feeder2_46,0.020208371017281214,0.047990610801387695,0.020196084714048136,0.04793876183561103
330,5.5,feeder2_51,0.02088091579055058,0.051860155513843494,0.020869024066180245,0.05180549774840824
330,5.5,feeder2_48,0.023674986039086444,0.04600495871710133,0.023661603585386336,0.045954509577682254
330,5.5,feeder2_52,0.020039138735452357,0.05512579416928549,0.020023526873094877,0.05507272621123521
330,5.5,feeder2_68,0.022491863079941395,0.05917854448977974,0.02247988948357758,0.05911267762501163
330,5.5,feeder2_69,0.02254782706372725,0.05932430968841588,0.022532654720433788,0.05926154634926536
330,5.5,feeder2_71,0.022705913399282057,0.060145276489201926,0.022689982010292768,0.060079832719211176
330,5.5,feeder2_72,0.022864748984075506,0.059902054595708534,0.022851193090947172,0.05983754090779296
330,5.5,feeder2_73,0.023377728302275365,0.0632051495165007,0.023361317902648965,0.0631363533298251
330,5.5,feeder2_74,0.022741652316443754,0.06495082793188282,0.022725486381685717,0.06488688934488909
330,5.5,feeder2_77,0.024008451974311198,0.06558194036424533,0.023993529818056705,0.06551465338961769
330,5.5,feeder2_79,0.02411818574201652,0.06588482182946867,0.024103993573527722,0.06581712834589813
330,5.5,feeder2_81,0.0249885009458242,0.06922956575699002,0.024975278416430765,0.06915737722953692
330,5.5,feeder2_82,0.027270196565156505,0.06703484027693808,0.027250625947570262,0.06696363418505892
330,5.5,feeder2_116,0.029045427912058445,0.08828926390362025,0.029028719513111523,0.0881973153701164
330,5.5,feeder2_119,0.02827352143342954,0.08844393959380177,0.028258430624048512,0.08835274519539911
330,5.5,feeder2_120,0.030676389220410515,0.09540393528190297,0.030660195489699248,0.09530365477622442
330,5.5,feeder2_248,0.030184354530063753,0.09546360832222633,0.030161795630455478,0.09536336484895512
330,5.5,feeder2_124,0.031726531954394295,0.09980148975067839,0.03170689305683607,0.09969947440644994
330,5.5,feeder2_282,0.03180717962547092,0.09966092717377578,0.031786043022851825,0.09955844669269104
330,5.5,feeder2_275,0.030597516990414353,0.10164408723898676,0.03057915148091219,0.10154018661422096
330,5.5,feeder2_151,0.03383891778798519,0.10648389779984638,0.03381933380966897,0.10637186472344788
330,5.5,feeder2_295,0.03388936644172362,0.10657656184313617,0.03387134433250404,0.10646243789377864
330,5.5,feeder2_311,0.033973714020605776,0.10674374039344756,0.03395151773448657,0.10663404055762729
330,5.5,feeder2_201,0.03729826641949204,0.11731416996750746,0.037274667844933655,0.11719040691608798
330,5.5,feeder2_314,0.038695392127322516,0.11595649492487001,0.038669174283076736,0.11583272894842543
330,5.5,feeder2_342,0.04178299442696284,0.13593288344435808,0.04176222637040638,0.1357892634047087
330,5.5,feeder2_368,0.04315031957443288,0.14233808337495663,0.04312568212824047,0.1421989347194368
330,5.5,feeder2_347,0.0417842386065737,0.13326321538636576,0.04176108524372426,0.1331076363247992
330,5.5,feeder2_353,0.04178716530105472,0.13206603318993435,0.041761743120739554,0.1319102558693249
330,5.5,feeder2_518,0.04192133028753234,0.13301443719155603,0.041895981326006734,0.1328649029998747
330,5.5,feeder2_365,0.04182408958342955,0.130760898663531,0.041792388794292444,0.1306034961883467
330,5.5,feeder2_653,0.04145892804532112,0.13206747222650828,0.04143067161935191,0.13191173673129122
330,5.5,feeder2_377,0.041842833407623785,0.1300451553722316,0.04181026816566446,0.12988324699567752
330,5.5,feeder2_622,0.041843975808230106,0.13079589924547788,0.0418122563055427,0.1306368804840308
330,5.5,feeder2_451,0.044820229693756104,0.14060893610331116,0.04479541928051055,0.14046962348126543
330,5.5,feeder2_383,0.04510489156524816,0.15422745078507555,0.045086290633599244,0.1540880692999186
330,5.5,feeder2_385,0.04185767578557021,0.12918686453616057,0.041830592902256304,0.12901952987228274
330,5.5,feeder2_621,0.041902026315106984,0.1301476167603829,0.04187243990349019,0.12998638809052762
330,5.5,feeder2_611,0.04404032399085238,0.15530990840598236,0.044016144964169786,0.15517222203120282
330,5.5,feeder2_405,0.04525035676523375,0.15492312918231235,0.04522909472945453,0.15478373625521766
330,5.5,feeder2_461,0.04203170836078261,0.12576891617375524,0.04200161361050577,0.12558832037324175
330,5.5,feeder2_594,0.041533779145927464,0.1291903054180938,0.04150354604557809,0.12902565928587612
330,5.5,feeder2_732,0.04376074948053068,0.15639444334067493,0.043737973779194424,0.15625286711748074
330,5.5,feeder2_417,0.04647630044881193,0.15990009948135617,0.04645205463646857,0.1597593559654305
330,5.5,feeder2_663,0.046593199325810034,0.16006116751437552,0.04657046250403074,0.15992343604140524
330,5.5,feeder2_444,0.04741092373164068,0.1636616531597117,0.0473905437174132,0.16352024310185467
330,5.5,feeder2_759,0.049768843650964865,0.1612141614831115,0.04974411523873064,0.16107565631513485
330,5.5,feeder2_842,0.06291832216329284,0.18469848960542926,0.06290734981612367,0.184559678048233
330,5.5,feeder2_459,0.047402185611416944,0.1638804994875451,0.047380786562399725,0.16374345097923781
330,5.5,feeder2_702,0.04742199544668435,0.16383257648426677,0.04740093397153613,0.16369531964736744
330,5.5,feeder2_493,0.04737034353349539,0.16473145236765926,0.04735093154029063,0.16459015567576
330,5.5,feeder2_651,0.042129263990303735,0.1259534354941881,0.042095907972170284,0.12577492729239187
330,5.5,feeder2_684,0.04213839497394032,0.12278950926400736,0.042104236895527725,0.12259905477400526
330,5.5,feeder2_674,0.047156408051765554,0.16491105678597984,0.04713758684907734,0.16477507909889302
330,5.5,feeder2_696,0.04761432631049913,0.16653265516026156,0.047589972323188665,0.16639736232181498
330,5.5,feeder2_681,0.04706788324680487,0.16488677948803135,0.04704721185548202,0.16474715378014082
330,5.5,feeder2_682,0.046412382881226504,0.1656928057863873,0.04638919859716954,0.1655524256938335
330,5.5,feeder2_728,0.042144808412847644,0.12250082756896483,0.04210831888657189,0.12231135010407092
330,5.5,feeder2_724,0.042308677875589826,0.12042642983061018,0.04227449618039987,0.12022164070858879
330,5.5,feeder2_703,0.0474170863914245,0.16778389694991977,0.0473974432556617,0.16764608261082825
330,5.5,feeder2_704,0.04756810632799911,0.16678454226636721,0.047542920107000175,0.16665086034014365
330,5.5,feeder2_754,0.043823410707153156,0.11890633820319496,0.043787057079918416,0.11870415799355863
330,5.5,feeder2_747,0.04224233309938505,0.12030456159044728,0.04220803204537447,0.12009799687332223
330,5.5,feeder2_828,0.04209057301147222,0.12250018129637417,0.04206091266824868,0.12230632395006669
330,5.5,feeder2_763,0.04217762945715596,0.1220850656833686,0.04214810525429024,0.12188914146044995
330,5.5,feeder2_836,0.04234821424744757,0.12050472078326628,0.04230948143808066,0.12029698182391198
330,5.5,feeder2_758,0.042166555500680575,0.12010583850269153,0.04212867763103548,0.1198966867889833
330,5.5,feeder2_788,0.04236677343885045,0.11976653740834449,0.042327541553686246,0.11955654553695158
330,5.5,feeder2_812,0.0419284022930916,0.1199094870936531,0.0418883680270528,0.11968484476570306
330,5.5,feeder2_947,0.04251566477686904,0.12150971311942294,0.04247887932651954,0.12132028260899418
330,5.5,feeder2_868,0.04285278987500918,0.12137162972028052,0.04281815680510857,0.1211814145695188
330,5.5,feeder2_785,0.042072730873515,0.12246744480321357,0.042036837059763715,0.1222753446166377
330,5.5,feeder2_1176,0.04230733622813558,0.12290943930899935,0.04227726867210524,0.12271658746354239
330,5.5,feeder2_846,0.04144337546543692,0.12310931067967923,0.04140934110406253,0.12291372702813838
330,5.5,feeder2_911,0.0420781320361273,0.1223795698873825,0.042042703879043394,0.12219086748072702
330,5.5,feeder2_1107,0.04059200246433969,0.12429661889016325,0.04055350431547658,0.1240713137657955
330,5.5,feeder2_920,0.04223049801510386,0.11865581095961515,0.04219251262956002,0.11842944290877198
330,5.5,feeder2_926,0.042709816685612016,0.1168012971469258,0.04266937441498093,0.11657258790750236
330,5.5,feeder2_1239,0.042196413998080017,0.11864739823769276,0.042154892890619015,0.11842017767242506
330,5.5,feeder2_933,0.04287439849171051,0.11626514886376538,0.04283195639026013,0.11603250093482345
330,5.5,feeder2_1146,0.04293521774511032,0.11547497902242157,0.0428956500926639,0.1152454437641233
330,5.5,feeder2_1124,0.04252559392413397,0.11645801951415206,0.042491488765279126,0.11622317545028218
330,5.5,feeder2_942,0.04325540187525218,0.11464991912898072,0.043212300399494266,0.11441435260012552
330,5.5,feeder2_952,0.04388314378977605,0.11259309883967117,0.043837600243046046,0.11234957543911012
330,5.5,feeder2_965,0.04324703378485225,0.11461062980901049,0.04320446516137598,0.11437421419397324
330,5.5,feeder2_961,0.04393169946038575,0.11250625596338994,0.04388849673304086,0.11225809665121587
330,5.5,feeder2_963,0.043887287228495955,0.11256465291122562,0.04384564030162271,0.1123187858996834
330,5.5,feeder2_973,0.04428419229860137,0.11170407384298767,0.044239790560527056,0.11145145914354777
330,5.5,feeder2_1128,0.04376976985070035,0.11312332419791547,0.04372783030581541,0.11287556601830952
330,5.5,feeder2_1113,0.044446833764159824,0.1120082166613752,0.04440132651319762,0.11176381516667445
330,5.5,feeder2_1143,0.043888150956796865,0.112298365300337,0.043845015363135564,0.11205560949374457
330,5.5,feeder2_1238,0.04598901547516033,0.1119531861219601,0.04595031192605433,0.11171113619356213
330,5.5,feeder2_979,0.04319658829121438,0.11478600705022789,0.04315838910657025,0.11454585891382055
330,5.5,feeder2_1236,0.044785686919945805,0.11041989671794179,0.0447442211932423,0.11016217793944635
330,5.5,feeder2_989,0.04428443808674414,0.1117053071984596,0.0442415906732896,0.11145379751954848
330,5.5,feeder2_1196,0.04254073590806202,0.11558503968268335,0.04249820535368597,0.11534453040330406
330,5.5,feeder2_1158,0.04437702803843347,0.11185528872623225,0.04433595191966653,0.11160413920514003
330,5.5,feeder2_1122,0.04000980147020331,0.125664648660947,0.03996959409616294,0.1254418676764069
330,5.5,feeder2_1258,0.039960626495664064,0.12459831602647765,0.03992390046846779,0.12437446134954244
330,5.5,feeder2_1303,0.04158936471792456,0.12418692579142022,0.04155258743080723,0.12396339969972892
330,5.5,feeder2_1138,0.03945342956990513,0.1273291010880519,0.039416775548074406,0.12710486259635512
330,5.5,feeder2_1304,0.03888659361983386,0.1274082038333531,0.038844372199171,0.12718430549690274
330,5.5,feeder2_1212,0.03837014184646447,0.13091086889399353,0.03832949362030265,0.13068688006237553
330,5.5,feeder2_1311,0.03844424576864661,0.13075871655204999,0.038408594125637206,0.13053360294953037
330,5.5,feeder2_1290,0.037041233243202326,0.13558251059585608,0.03700271005958263,0.13535630432900944
330,5.5,feeder2_1325,0.04537699506222667,0.10774660156840966,0.04533455182381089,0.10747915017848064
330,5.5,feeder2_1248,0.04477989071036734,0.11042299164555759,0.04473788007907713,0.1101646151651089
330,5.5,feeder2_1249,0.04600606102677883,0.1119168521739356,0.0459617662413515,0.11167850954873906
330,5.5,feeder2_1250,0.04787039765101541,0.11018565646290289,0.04782820910352214,0.10994867124697552
330,5.5,feeder2_1366,0.04333166453052385,0.11113885047754288,0.04328752679633244,0.11088516917518913
330,5.5,feeder2_1266,0.03965880179431917,0.12468419005880856,0.039620053226237816,0.12446147576103696
330,5.5,feeder2_1372,0.037208786539266556,0.13529474076010053,0.03717339873171987,0.13506857633253755
330,5.5,feeder2_1363,0.03561696283405574,0.14113792292214186,0.035575590611160585,0.14091632620828712
330,5.5,feeder2_1446,0.04632553002264237,0.10677003254324442,0.04627981003325166,0.10650563877719743
330,5.5,feeder2_1502,0.04583729585452747,0.10604449631005015,0.0457911599908886,0.10576402954416678
330,5.5,feeder2_1428,0.034492847124347095,0.14250106069398383,0.03445624198045404,0.14227629508249662
330,5.5,feeder2_1380,0.03444840495898111,0.14600128559210732,0.034406616990004885,0.14577918102477772
330,5.5,feeder2_1550,0.03448709940858826,0.14593510716674588,0.03444226580649605,0.14570927441168252
330,5.5,feeder2_1386,0.03387993753387198,0.14843775215463492,0.033841455055705155,0.14821254181483512
330,5.5,feeder2_1551,0.03287949340092827,0.15026322017792937,0.03283619061031444,0.15003932839625675
330,5.5,feeder2_1400,0.03369697548543747,0.1491990086541584,0.03365946420959676,0.14897287347561577
330,5.5,feeder2_1552,0.03347406995067021,0.1492182225315197,0.033434280809734866,0.14899636828739057
330,5.5,feeder2_1408,0.03333967450215257,0.15078192741630997,0.03330180734402703,0.15055735079284244
330,5.5,feeder2_1553,0.032278506151473124,0.15241805363673816,0.03223962590578646,0.1521933294629243
330,5.5,feeder2_1416,0.03323529301030551,0.15126248621039773,0.03319293442600744,0.151038330231652
330,5.5,feeder2_1530,0.03338078252359451,0.15101367721864345,0.03334450384234286,0.15079056224679516
330,5.5,feeder2_1425,0.03303393989149242,0.152307240848765,0.032995220828582424,0.15208345320065492
330,5.5,feeder2_1589,0.032788900236608645,0.15237789658127876,0.032748908594779656,0.15215504899046586
330,5.5,feeder2_1435,0.032998188359399265,0.15251331424340858,0.032957527681575595,0.15228812300747907
330,5.5,feeder2_1621,0.033121132655643586,0.15274089664667068,0.033077424761822335,0.1525165074743191
330,5.5,feeder2_1564,0.03251673690750896,0.1546789968071311,0.032478367392607344,0.15445310460107742
330,5.5,feeder2_1704,0.04597457372975577,0.10631984813509446,0.0459270572093462,0.10604117825621835
330,5.5,feeder2_1525,0.04593563342233401,0.10550085079862363,0.04589160696495092,0.1052189292313545
330,5.5,feeder2_1716,0.04604983315136395,0.10570956547007418,0.04600002766753821,0.10543280821651918
330,5.5,feeder2_1537,0.04603934688004866,0.10485939203210631,0.0459907430263748,0.10457843374275437
330,5.5,feeder2_1645,0.04593572408038841,0.10482312796090379,0.045886889121326935,0.1045389955743633
330,5.5,feeder2_1561,0.04616629094083793,0.10415809439490778,0.04611658985804676,0.10386887670322065
330,5.5,feeder2_1657,0.04711142563535302,0.10318902174707076,0.04706196948065178,0.10290142709341912
330,5.5,feeder2_1570,0.0461822671671437,0.10409662195824465,0.0461338641517702,0.10380662303715064
330,5.5,feeder2_1756,0.04631706304297691,0.1038420735008422,0.04626743202885885,0.10355332798664553
330,5.5,feeder2_1588,0.046197656718180206,0.10405431251019498,0.04614927912387833,0.10376418478639547
330,5.5,feeder2_1628,0.04629922171419324,0.10388774293364215,0.046245536076559776,0.10359710190657112
330,5.5,feeder2_1598,0.04621676454154362,0.10404607353367426,0.04616400318424765,0.10375478548227078
330,5.5,feeder2_1816,0.04644563853814919,0.10443062885631751,0.04639663209572611,0.10414058453898428
330,5.5,feeder2_1765,0.04646735961705915,0.10453647226464755,0.04642155661408034,0.104244612389853
330,5.5,feeder2_1641,0.046242268382997116,0.10365196410992578,0.0461881128656335,0.10335256249215544
330,5.5,feeder2_1689,0.046064930411672346,0.10456249768648249,0.04601574646485997,0.10425598752608496
330,5.5,feeder2_1744,0.0469833719376901,0.10288977392438066,0.04693534344878589,0.1025859042115532
330,5.5,feeder2_1817,0.04604836071472792,0.10454163696078855,0.04599322758875371,0.10423547089621693
330,5.5,feeder2_1779,0.0460851695544106,0.10460229406730409,0.046035469644734664,0.10429361034572414
330,5.5,feeder2_1800,0.04537296907233485,0.10553271242583091,0.045319156754786365,0.10522363103206052
330,5.5,feeder2_1818,0.04453079027771689,0.10487182101543967,0.04446997248684925,0.10454280559616577
330,5.5,feeder2_1753,0.04926247943297123,0.10060780166518876,0.04920861086466084,0.10030453106946215
330,5.5,feeder2_1754,0.047000733876218226,0.10285947482131963,0.04695040744267675,0.10255861086375714
360,6.0,secondary,0.013337129117986181,0.02816228692605737,0.013325064097957359,0.028159877253942554
360,6.0,feeder2_44,0.024891533949157482,0.14730457111988043,0.024873029927627743,0.14728973825764094
360,6.0,feeder2_45,0.0253345185283294,0.1519916014922502,0.02531416155799147,0.15197773433408132
360,6.0,feeder2_46,0.024919280454283266,0.1465737140869914,0.024900369888330554,0.14656016251912998
360,6.0,feeder2_51,0.02611610603539599,0.1601506757672535,0.026098414766707337,0.1601351897900617
360,6.0,feeder2_48,0.024813516495507806,0.15199280702210496,0.024792207811231655,0.15198268547564298
360,6.0,feeder2_52,0.026311719755017154,0.16036306907136993,0.02628993015516957,0.16034878642579928
360,6.0,feeder2_68,0.028311369629575655,0.18308310393960392,0.02828854268704052,0.18307235798102264
360,6.0,feeder2_69,0.028295564641285742,0.18292505231483672,0.028274315385820564,0.1829100588784872
360,6.0,feeder2_71,0.02860470878261312,0.1861323793662857,0.028582180222624452,0.18611856160063306
360,6.0,feeder2_72,0.028412789096155903,0.18610877765490333,0.028387904214057288,0.18609510495454348
360,6.0,feeder2_73,0.029526962178589505,0.1956869793387901,0.029501047011844528,0.195670067966847
360,6.0,feeder2_74,0.029648817564341286,0.19581876293831738,0.02962164615861074,0.1958086251555259
360,6.0,feeder2_77,0.03031535639158484,0.20386681379492289,0.0302909320629047,0.20385035341729646
360,6.0,feeder2_79,0.0319337095649962,0.2015398609630637,0.03191241164984208,0.2015227345899115
360,6.0,feeder2_81,0.03152456315115451,0.21771330191084565,0.031499279866549025,0.21769378127802652
360,6.0,feeder2_82,0.031052625413405418,0.2176927825150734,0.031027751982764185,0.21767113077108552
360,6.0,feeder2_116,0.03709789775744088,0.2801060403542881,0.03706821349957625,0.28008759919702475
360,6.0,feeder2_119,0.03781388749775429,0.2808643896676716,0.03778423416026724,0.2808448117439538
360,6.0,feeder2_120,0.03909658908716413,0.30284540434815255,0.03906349036462461,0.3028245265361661
360,6.0,feeder2_248,0.04006255972810475,0.3036922767864276,0.04002981860743633,0.3036722323704478
360,6.0,feeder2_124,0.04017341796039938,0.3164304219995966,0.04013986986528016,0.3164078817048594
360,6.0,feeder2_282,0.04006403882901446,0.31640485779257266,0.04003254908322812,0.31638117870050675
360,6.0,feeder2_275,0.04067194914554929,0.31686018600755805,0.04064015521854926,0.31683201329590766
360,6.0,feeder2_151,0.04191561201016014,0.3397638919400622,0.04188243916727801,0.3397359064155274
360,6.0,feeder2_295,0.04189172875102122,0.33968128650048074,0.041859869045486796,0.33965564525941805
360,6.0,feeder2_311,0.041859306714443385,0.33951684813725996,0.04182341204165077,0.3394927144141049
360,6.0,feeder2_201,0.04490260962855776,0.37903668534881396,0.044866212344859345,0.37900528178146486
360,6.0,feeder2_314,0.04482522731272265,0.3790036399625053,0.0447838164791831,0.3789756257778795
360,6.0,feeder2_342,0.049173627171973024,0.4349596067997673,0.04913137121345934,0.4349257220384477
360,6.0,feeder2_368,0.05190344030423622,0.44549625096504564,0.05186237453812661,0.44546021789318174
360,6.0,feeder2_347,0.04752028753283279,0.442861221037367,0.04747662638229948,0.44281900538776753
360,6.0,feeder2_353,0.046718624482111844,0.44686086391260577,0.04667398933477716,0.4468130450337858
360,6.0,feeder2_518,0.04732536185185614,0.4428309195183572,0.047283374434460325,0.44278393169075636
360,6.0,feeder2_365,0.045804004610276054,0.4511541246239043,0.0457606334693482,0.45109973315458984
360,6.0,feeder2_653,0.047034571820573357,0.44717247783722014,0.04698687044993661,0.4471288506738826
360,6.0,feeder2_377,0.04530024033268345,0.4539202337422673,0.04525900909657192,0.4538666425550968
360,6.0,feeder2_622,0.04683502602857419,0.4495626653387731,0.046789965875334516,0.4495166635270007
360,6.0,feeder2_451,0.051839344441033636,0.44547667965714655,0.0517979113055598,0.44544088075288624
360,6.0,feeder2_383,0.05632922744554714,0.46262317956830773,0.056287350717239566,0.4625920071281846
360,6.0,feeder2_385,0.044733206719685406,0.4571435229651696,0.04468710078329489,0.45708498969404393
360,6.0,feeder2_621,0.04526365056246502,0.4538302981055535,0.04521831503405785,0.45377541190375703
360,6.0,feeder2_611,0.05654318319585036,0.46284168157817857,0.05650246636685832,0.46280680128840807
360,6.0,feeder2_405,0.056602608128412404,0.4636844162247869,0.05656088638089815,0.4636526020508338
360,6.0,feeder2_461,0.042013315336403234,0.4692697186442686,0.041964212983646464,0.46920502716916385
360,6.0,feeder2_594,0.04552540538428697,0.4576528480350449,0.04548100235944634,0.45760098044657455
360,6.0,feeder2_732,0.056934208000382854,0.4640228166784612,0.056890726841328995,0.46399506886150405
360,6.0,feeder2_417,0.05864061592040523,0.47161118241058064,0.05859920378553246,0.47158310794210734
360,6.0,feeder2_663,0.05857862284189689,0.4715037540721322,0.05853482655108133,0.47147481892484255
360,6.0,feeder2_444,0.060199161439541286,0.47767529136363907,0.06015651679132899,0.4776461597968118
360,6.0,feeder2_759,0.06008421673124755,0.47763972255935405,0.0600455484748936,0.4776053964934127
360,6.0,feeder2_842,0.0601217628986888,0.47754758394140734,0.06008294029760384,0.4775123005677372
360,6.0,feeder2_459,0.060747820452580294,0.4798082455567551,0.060707581340017795,0.47977776260708266
360,6.0,feeder2_702,0.05939412819338971,0.48084035177367995,0.05935718635466203,0.48080762343581446
360,6.0,feeder2_493,0.0629840097592391,0.4875397357395467,0.06294008311268239,0.4875131528262195
360,6.0,feeder2_651,0.04266806865391706,0.4679071963461257,0.04261569032682324,0.4678456886452299
360,6.0,feeder2_684,0.039923840791521274,0.4808807238432006,0.03987310994275416,0.4808048080045445
360,6.0,feeder2_674,0.0679759771400078,0.4926469038744438,0.06793468329979034,0.4926203925893068
360,6.0,feeder2_696,0.06285606753490765,0.4868589329470865,0.06281001009797792,0.48683307871029535
360,6.0,feeder2_681,0.08175382434698193,0.5066150488315203,0.08171403562934305,0.506588016864897
360,6.0,feeder2_682,0.0680535665737613,0.4927266737632347,0.06801137367066071,0.4926988469526687
360,6.0,feeder2_728,0.039724004621653985,0.48164390110446476,0.03967319026935189,0.48157113705617344
360,6.0,feeder2_724,0.03820061247752223,0.4911327257009439,0.038151052333976025,0.4910500909906508
360,6.0,feeder2_703,0.06272087674347113,0.48629625119004105,0.0626820185280124,0.4862647169109025
360,6.0,feeder2_704,0.06282783821958186,0.4867363179732455,0.06278885509397213,0.48670512328405724
360,6.0,feeder2_754,0.03805171907289759,0.49112240988288347,0.03799724300660745,0.49104676751306925
360,6.0,feeder2_747,0.0375312266192453,0.495362796438788,0.03748026577654654,0.4952797486252962
360,6.0,feeder2_828,0.03977804932732587,0.48169558031723547,0.039728515148600284,0.481623051786142
360,6.0,feeder2_763,0.03940774066959446,0.48269420770686255,0.03935722961557517,0.48262131980624834
360,6.0,feeder2_836,0.037423894919399306,0.49516465645745533,0.03737019385998276,0.49508413944827445
360,6.0,feeder2_758,0.036990108839198475,0.49909558941701027,0.03693556610884086,0.4990106751788288
360,6.0,feeder2_788,0.035451375693498925,0.5002546455120949,0.035399921191826424,0.5001684002880136
360,6.0,feeder2_812,0.03571920837285687,0.5092929159440811,0.03566315115893155,0.5092003358043034
360,6.0,feeder2_947,0.03905696385707689,0.4826672198227886,0.039005444286967186,0.48259434638332116
360,6.0,feeder2_868,0.03928887696771737,0.48268462449216076,0.039240512807471775,0.4826107562669924
360,6.0,feeder2_785,0.03924028920911398,0.4833633308554024,0.03918893281775094,0.4832905124747393
360,6.0,feeder2_1176,0.039139076691574945,0.48318174596947305,0.039085623091207056,0.483112232919008
360,6.0,feeder2_846,0.039502029273583227,0.4836084255805204,0.03945363834440124,0.483532852821104
360,6.0,feeder2_911,0.038798500786148,0.48461002147533383,0.038748428764541286,0.4845384699935218
360,6.0,feeder2_1107,0.03607337184252083,0.5176578931426645,0.036017200419443236,0.5175663881303555
360,6.0,feeder2_920,0.03528929395424881,0.509851629509944,0.03523151632629596,0.5097539694766351
360,6.0,feeder2_926,0.03462471306767336,0.5105511371342247,0.034565230553561296,0.5104540274171073
360,6.0,feeder2_1239,0.03532135280833242,0.5100204919942356,0.03526591020017533,0.5099250585855883
360,6.0,feeder2_933,0.034374509685868665,0.5106610008094745,0.03431626581235969,0.5105613225649945
360,6.0,feeder2_1146,0.034423196314419244,0.5115099799005717,0.03436445560529573,0.5114118218133737
360,6.0,feeder2_1124,0.034339300510229064,0.5106124821731293,0.03427938057009591,0.5105133105288989
360,6.0,feeder2_942,0.03375388937981266,0.510988180244132,0.03369905535200029,0.5108779350384091
360,6.0,feeder2_952,0.03296766205359142,0.5104070039851686,0.03290894481506493,0.5102948166085544
360,6.0,feeder2_965,0.033737625378514664,0.51112799602255,0.03367638348433716,0.5110252407853844
360,6.0,feeder2_961,0.032899210602057735,0.5102643545356368,0.03283926072965418,0.5101529826124565
360,6.0,feeder2_963,0.03296417381397111,0.5104242905962434,0.032901128669203895,0.5103169128796267
360,6.0,feeder2_973,0.032529312311584235,0.5094716784467119,0.03247308518955713,0.509351722374942
360,6.0,feeder2_1128,0.03290957227079251,0.5103246690970462,0.03284858446136288,0.5102141218315828
360,6.0,feeder2_1113,0.03242414552392562,0.510876238047789,0.032365821542240235,0.5107662451627021
360,6.0,feeder2_1143,0.03297308167095646,0.5103889700887928,0.03291450045395704,0.5102788483958777
360,6.0,feeder2_1238,0.03151005658854236,0.5129983568435773,0.03145327945875414,0.5128925600064622
360,6.0,feeder2_979,0.03374545477570384,0.5111700843224468,0.03368802837176951,0.5110669936842993
360,6.0,feeder2_1236,0.032005246495574256,0.5083906262952992,0.03194235072223005,0.508269813596505
360,6.0,feeder2_989,0.03252905862285858,0.5094707731937868,0.03247308518955713,0.509351722374942
360,6.0,feeder2_1196,0.03392822269931073,0.5113377097958194,0.03387153696809822,0.5112295781204164
360,6.0,feeder2_1158,0.03242297775915613,0.5093488777829935,0.032364144116040126,0.5092323535079705
360,6.0,feeder2_1122,0.03624413367497744,0.5209919491236238,0.03619026388413294,0.5208992106713782
360,6.0,feeder2_1258,0.03599186879751975,0.5175546248865093,0.03593548457183735,0.5174651505806341
360,6.0,feeder2_1303,0.03621088849450995,0.5209717014518155,0.036161758674236065,0.5208741522685612
360,6.0,feeder2_1138,0.03638091711433459,0.5236312341798065,0.03632477086923408,0.5235421745186013
360,6.0,feeder2_1304,0.036944836519121664,0.5241465581232638,0.036895032585127274,0.524050026346663
360,6.0,feeder2_1212,0.03660266629765763,0.5287771708145247,0.036551008819519226,0.5286854529448378
360,6.0,feeder2_1311,0.03362430543587977,0.5313331929879304,0.03356947132050318,0.5312415078233241
360,6.0,feeder2_1290,0.037284704612630594,0.5331951324571319,0.03723427408718729,0.5331041527684101
360,6.0,feeder2_1325,0.03141229808456189,0.5085966962536104,0.031347536214357916,0.508469741592159
360,6.0,feeder2_1248,0.03200672335289173,0.5083829401358919,0.031944108369048145,0.5082619392805003
360,6.0,feeder2_1249,0.031499793938002174,0.5129904357483747,0.03144025987617442,0.5128880258813251
360,6.0,feeder2_1250,0.029979790032195665,0.5143306491558733,0.029919404618640313,0.5142254567890484
360,6.0,feeder2_1366,0.03254829965087233,0.5065266701180022,0.03248346190133535,0.5064093619069464
360,6.0,feeder2_1266,0.03594675215257789,0.5175007213753376,0.035887270650012806,0.5174107099852013
360,6.0,feeder2_1372,0.036083867004451764,0.5341526493629443,0.03603080086943973,0.5340619054715835
360,6.0,feeder2_1363,0.03826146611305741,0.5367373614062745,0.03821253763592462,0.5366479325493548
360,6.0,feeder2_1446,0.031350990299773944,0.5085975667588982,0.031284821704466705,0.5084735032612725
360,6.0,feeder2_1502,0.030750450837384622,0.5088543377536947,0.030684775317541494,0.5087239166964735
360,6.0,feeder2_1428,0.03877064227369428,0.5372116988724084,0.038721329477325366,0.5371229851869374
360,6.0,feeder2_1380,0.0393127718478759,0.5402880649337755,0.03925862480246599,0.5402061525159649
360,6.0,feeder2_1550,0.03747068148798507,0.541873343538394,0.03741788363758656,0.541787346541463
360,6.0,feeder2_1386,0.039972627565453285,0.5413028433862661,0.03991908273992407,0.5412219215794737
360,6.0,feeder2_1551,0.04013137913266963,0.5414697648834313,0.04008066352917128,0.541387834512579
360,6.0,feeder2_1400,0.04028073767965633,0.5417515320366197,0.04022895679060022,0.5416688051206275
360,6.0,feeder2_1552,0.040490601524946906,0.5419743225354626,0.04044324690757109,0.5418876887503026
360,6.0,feeder2_1408,0.040902748929624956,0.5425750747944144,0.040847296007180685,0.5424947406402175
360,6.0,feeder2_1553,0.042985211846951255,0.5432605170864491,0.04293288087919843,0.5431826922435561
360,6.0,feeder2_1416,0.0410995793961829,0.5428046417115681,0.041045242200457445,0.5427230980213751
360,6.0,feeder2_1530,0.04102398634756299,0.542784744790656,0.04097273379629521,0.5427011976245318
360,6.0,feeder2_1425,0.04146860600711317,0.5432705753969981,0.041417648048166895,0.5431889915083257
360,6.0,feeder2_1589,0.04438932898854999,0.5440474515004926,0.044339519827658935,0.5439679614668789
360,6.0,feeder2_1435,0.04146447764886278,0.5432591240128531,0.0414113526863654,0.5431819775663552
360,6.0,feeder2_1621,0.04126750533052432,0.5430020338297015,0.04121751814628595,0.5429199669208995
360,6.0,feeder2_1564,0.04148517270492468,0.5433948629847799,0.041431538544263916,0.5433176392797233
360,6.0,feeder2_1704,0.03093165883061974,0.5075442802192738,0.030861877759073342,0.5074143760839825
360,6.0,feeder2_1525,0.030625110521992144,0.5094174027949797,0.030557478174098995,0.5092864561002229
360,6.0,feeder2_1716,0.030481470399435835,0.5092297867534875,0.030419124328605492,0.5090924569730257
360,6.0,feeder2_1537,0.030494282105313655,0.5100749733991489,0.030431111732129187,0.5099357404301569
360,6.0,feeder2_1645,0.031086919648293302,0.5102346249885078,0.031019160800447382,0.510100924756293
360,6.0,feeder2_1561,0.03025889102862578,0.5106950695457393,0.030194365389813457,0.5105546693571409
360,6.0,feeder2_1657,0.03021300797045196,0.5106949997278055,0.030145220698117408,0.5105555483719053
360,6.0,feeder2_1570,0.0301567321893529,0.510966642138071,0.03008569071879958,0.5108289254957864
360,6.0,feeder2_1756,0.024581457757949347,0.5159960961133249,0.024514950645477693,0.5158564883406624
360,6.0,feeder2_1588,0.03011656657021582,0.5109228134443957,0.03005129929684183,0.5107787478211895
360,6.0,feeder2_1628,0.030054777057661446,0.5109262420180587,0.029988200490094537,0.5107857475748954
360,6.0,feeder2_1598,0.030063639902553337,0.5108718730769781,0.02999855347419948,0.5107233355890712
360,6.0,feeder2_1816,0.029778492841280837,0.5105549962182798,0.029708576234451823,0.5104131898917786
360,6.0,feeder2_1765,0.02972621051326018,0.5104026354247214,0.02965618978900333,0.5102624948532973
360,6.0,feeder2_1641,0.02988036048745201,0.5109166855319835,0.029813511399716653,0.5107669419536659
360,6.0,feeder2_1689,0.029909308609511416,0.5099260798659532,0.029840110881476374,0.5097714271469881
360,6.0,feeder2_1744,0.02907757784441569,0.5116185664034026,0.029010043966726868,0.5114671825293069
360,6.0,feeder2_1817,0.0301982391275304,0.5102250142736677,0.030131127849906503,0.5100686143836637
360,6.0,feeder2_1779,0.03020353372769012,0.508775768115185,0.030133510765364552,0.5086225569506165
360,6.0,feeder2_1800,0.029965108722539043,0.5099787395954706,0.02989707204585644,0.5098233022865282
360,6.0,feeder2_1818,0.027462120343732885,0.5085763162884958,0.027374417636219648,0.508417516779859
360,6.0,feeder2_1753,0.029048662855302235,0.5115955000757821,0.02898160310394822,0.5114437812953521
360,6.0,feeder2_1754,0.028531518475219318,0.5121087126538623,0.028466355947234984,0.5119580159185488
390,6.5,secondary,0.025503312782556593,0.01955640096537468,0.02548875118819326,0.01954414599796349
390,6.5,feeder2_44,0.04748760430331272,0.10205436761869652,0.04746532580189396,0.1019900498429877
390,6.5,feeder2_45,0.04828599105931262,0.10501958495815829,0.04826099275936869,0.10495684115908967
390,6.5,feeder2_46,0.04707460122131969,0.10451209852054433,0.04704994375761752,0.1044522305162975
390,6.5,feeder2_51,0.049675452974131805,0.11023096148667666,0.049653185213752705,0.1101604766869653
390,6.5,feeder2_48,0.04858791681351279,0.10456318864620481,0.04856768916835026,0.10449899238831852
390,6.5,feeder2_52,0.04945998069193104,0.11015649371553905,0.0494321682624512,0.11009125193549585
390,6.5,feeder2_68,0.053615750373271355,0.12493470527319228,0.05358667770602751,0.1248576665347301
390,6.5,feeder2_69,0.053718748368582245,0.1251240831813644,0.05369129010302519,0.12504485248290356
390,6.5,feeder2_71,0.05413719475380102,0.12687220044794445,0.05411144818504688,0.12678978553830428
390,6.5,feeder2_72,0.054234879386491554,0.12670819443866063,0.05420976381856153,0.12662680272165824
390,6.5,feeder2_73,0.05577175776779839,0.13295195661645734,0.05574378596940863,0.13287092746973822
390,6.5,feeder2_74,0.05564049900023104,0.13290412832183768,0.055610707862535885,0.13282376212815072
390,6.5,feeder2_77,0.05717957242845412,0.13817572352036386,0.05714808410158131,0.13808998490532784
390,6.5,feeder2_79,0.05685909632068118,0.13910884662491418,0.056826788146058876,0.13902475239642784
390,6.5,feeder2_81,0.059360823452085425,0.14601950442609052,0.059333973499891494,0.14592588620620725
390,6.5,feeder2_82,0.059625551166954935,0.14559274494491817,0.059596179938887626,0.1455003923871726
390,6.5,feeder2_116,0.06918448324707496,0.18157997855937927,0.06914661473441065,0.1814646345171731
390,6.5,feeder2_119,0.06735401830274054,0.18255770286701137,0.06732160207313403,0.1824373338718071
390,6.5,feeder2_120,0.07311205384629742,0.1943651494735105,0.07307692200712473,0.194238069761325
390,6.5,feeder2_248,0.07299559809855738,0.1943185858517016,0.0729583129254295,0.19419219094463563
390,6.5,feeder2_124,0.07553807758691045,0.20225479726669976,0.07549447228237356,0.20212282461388306
390,6.5,feeder2_282,0.0755896484208542,0.20215724854381312,0.07555286902638245,0.2020195659530556
390,6.5,feeder2_275,0.07460254301829439,0.20290248084308538,0.07456377667163958,0.20276828684394785
390,6.5,feeder2_151,0.07994258052463929,0.21569816610846232,0.07990020563887762,0.2155567716954583
390,6.5,feeder2_295,0.0800082252183928,0.2158034181029504,0.07996536884524112,0.215660757290098
390,6.5,feeder2_311,0.08012355782269753,0.21600111504950803,0.08008412779363092,0.21585708331761272
390,6.5,feeder2_201,0.08718133447767694,0.23757710805663088,0.08713376491655246,0.2374196585675576
390,6.5,feeder2_314,0.08797745456488161,0.2366940251620451,0.08793169063366071,0.23653706263282415
390,6.5,feeder2_342,0.09723311600092287,0.2704966698520091,0.09718516748998424,0.270314063427916
390,6.5,feeder2_368,0.10006168077423275,0.28277014228141034,0.1000123159866415,0.28259187811481973
390,6.5,feeder2_347,0.09773922930457911,0.2638185572992639,0.0976843846296322,0.2636256978472969
390,6.5,feeder2_353,0.09800013015803301,0.26057956692760464,0.09794538960137844,0.26038043410336775
390,6.5,feeder2_518,0.09783871234857065,0.2636366385165445,0.09778725993287761,0.2634402940390669
390,6.5,feeder2_365,0.09832141174132066,0.25706310616693695,0.09826444282826398,0.2568578688991795
390,6.5,feeder2_653,0.09767890111005917,0.2604643738162477,0.09762779828248176,0.2602598242908225
390,6.5,feeder2_377,0.0984762674889152,0.2549333232783005,0.09841928095676222,0.2547232759277783
390,6.5,feeder2_622,0.09786536392891233,0.25778908756436747,0.09781396914347949,0.2575822037413031
390,6.5,feeder2_451,0.10008671804505914,0.2827140631745526,0.1000363888928348,0.2825324759489212
390,6.5,feeder2_383,0.10470636754803088,0.30267422315950254,0.10465479385201332,0.3024928290171068
390,6.5,feeder2_385,0.09864898387154668,0.25244299839565054,0.09859208482513192,0.2522290282551004
390,6.5,feeder2_621,0.09854642259222977,0.25504532460811863,0.09849185357049565,0.25483539578236936
390,6.5,feeder2_611,0.10449121653971964,0.30258894387907126,0.10444462769456891,0.3024046324201364
390,6.5,feeder2_405,0.1050021206483065,0.30392430432310025,0.10494978590353501,0.3037472127788445
390,6.5,feeder2_461,0.09939303522580524,0.24241287955894925,0.09933549754379714,0.24217856198755694
390,6.5,feeder2_594,0.09857342114853875,0.2524098874789944,0.09851581603603903,0.25219755166111024
390,6.5,feeder2_732,0.10252098646456506,0.30564036498049246,0.102466420221255,0.3054599234282676
390,6.5,feeder2_417,0.10742785788574619,0.3130299982389793,0.10738032666804838,0.3128489278232054
390,6.5,feeder2_663,0.10726770349729631,0.3137743390452781,0.10721341359103471,0.3135966039329949
390,6.5,feeder2_444,0.10925740049780705,0.31969654025541844,0.10921039338269103,0.31951505071145075
390,6.5,feeder2_759,0.10929581380306348,0.3195976832665554,0.1092477846422812,0.3194163253586705
390,6.5,feeder2_842,0.1389600123412222,0.3608460656423663,0.13891273972940968,0.3606664576015456
390,6.5,feeder2_459,0.10931875936557331,0.31960474237178554,0.10927285634143567,0.3194246655030051
390,6.5,feeder2_702,0.11094212084760609,0.3178207938668206,0.11088697849118234,0.3176432939268522
390,6.5,feeder2_493,0.10939815924271495,0.3199644554067921,0.10934421524419885,0.3197874039076546
390,6.5,feeder2_651,0.09951388878540496,0.24262413324336843,0.0994509802593135,0.24239531496304262
390,6.5,feeder2_684,0.09997696542714447,0.23402480922659394,0.09991775077957299,0.23377397931694807
390,6.5,feeder2_674,0.10934951840569154,0.31993922339298164,0.10930244516873425,0.31975753157395814
390,6.5,feeder2_696,0.10967860221492971,0.3211340229907658,0.109629504699409,0.3209544242508937
390,6.5,feeder2_681,0.10926566422652893,0.319892719971366,0.10921738606223037,0.31970867896326655
390,6.5,feeder2_682,0.10927513687308502,0.3199052109891509,0.10922791686591589,0.31972473956849007
390,6.5,feeder2_728,0.09993582553267434,0.23416262000053575,0.09987485676940645,0.23391623591835758
390,6.5,feeder2_724,0.10061649685800388,0.2251485670294073,0.10054745393615154,0.2248845980444651
390,6.5,feeder2_703,0.11037305229027812,0.32219409436470386,0.11031964867435146,0.3220148527339958
390,6.5,feeder2_704,0.10977765953092593,0.32128649522100655,0.10973062503695322,0.3211011075681461
390,6.5,feeder2_754,0.10073421608390842,0.22495760321784947,0.10067097025380989,0.22468859824679133
390,6.5,feeder2_747,0.10089001005190608,0.22163499575904422,0.10082206141963071,0.22136407287714496
390,6.5,feeder2_828,0.09988379629147107,0.23414151350518234,0.09982172749442549,0.23389350867736095
390,6.5,feeder2_763,0.0998953545377124,0.23441019249113207,0.09983395209041973,0.23416473802141688
390,6.5,feeder2_836,0.10101639342509172,0.2218622768656853,0.1009503396741474,0.221590274130384
390,6.5,feeder2_758,0.10110980882550168,0.21851981154123473,0.10104588497300657,0.21823797168275066
390,6.5,feeder2_788,0.10395440955273744,0.21546655968375972,0.10388931092928635,0.21518336735056923
390,6.5,feeder2_812,0.10121467658008892,0.21291269485551367,0.10114177825472782,0.21261169924269757
390,6.5,feeder2_947,0.10014445771532336,0.23400076962547064,0.10008101765054635,0.23375377346824883
390,6.5,feeder2_868,0.09997873019292657,0.23427222542462314,0.09991479234513903,0.2340268460236819
390,6.5,feeder2_785,0.09986489523316439,0.23472714493225927,0.09979951179703136,0.23448403950179458
390,6.5,feeder2_1176,0.09886491796796033,0.23647030083995052,0.0987985006820223,0.2362308744213362
390,6.5,feeder2_846,0.09960695472570023,0.23463205097211362,0.09954688657559839,0.23438491622495536
390,6.5,feeder2_911,0.09986573273767672,0.23467185464314472,0.09980000514122479,0.23442563151013104
390,6.5,feeder2_1107,0.10100916410226238,0.20952047869754734,0.10093962700312523,0.2092157656957065
390,6.5,feeder2_920,0.10130392049304958,0.21230281005325582,0.10123377617968757,0.21199826229082755
390,6.5,feeder2_926,0.10158385262422114,0.21109907095159483,0.10151041395075676,0.21078918735003924
390,6.5,feeder2_1239,0.10113116381293173,0.21265297845474368,0.10106441496700476,0.2123425120102982
390,6.5,feeder2_933,0.10160841651109598,0.21118966919023252,0.101534587165374,0.2108737595574879
390,6.5,feeder2_1146,0.1020537624804724,0.20816049025658,0.10198472335195594,0.2078467300752021
390,6.5,feeder2_1124,0.10164208420963934,0.21124712811264154,0.10157053822282215,0.21093382864050556
390,6.5,feeder2_942,0.10166028645416196,0.2113655121536719,0.10158777679587247,0.21104410605386395
390,6.5,feeder2_952,0.10223957074669869,0.21046946653022983,0.10216454797013998,0.21013787385482868
390,6.5,feeder2_965,0.10159506641545361,0.2115175121254535,0.10152109601921228,0.21119598169821774
390,6.5,feeder2_961,0.10226228629166068,0.21063914401180686,0.10218706577077735,0.21030685517266745
390,6.5,feeder2_963,0.1022481226287778,0.21041266798066746,0.10217663415105502,0.21007893540768932
390,6.5,feeder2_973,0.1023893662493347,0.2115628670540529,0.10231438848666663,0.21122277318078825
390,6.5,feeder2_1128,0.10225188361148424,0.21061141047146736,0.10217870200364436,0.21027600004621586
390,6.5,feeder2_1113,0.10343308542763141,0.20916418902544587,0.10335519923129798,0.20883700498294488
390,6.5,feeder2_1143,0.10224290684267887,0.21022041773657874,0.10216853308918493,0.20989021077907613
390,6.5,feeder2_1238,0.10167253954338719,0.21137642272820953,0.10159948197479012,0.21105638174565566
390,6.5,feeder2_979,0.10151048833368886,0.21172714860188557,0.10143448490456097,0.21140470570973485
390,6.5,feeder2_1236,0.10255276645685656,0.21282271255899685,0.10247570486275688,0.21247715883338691
390,6.5,feeder2_989,0.10238961214721817,0.2115641024384415,0.10231426129945896,0.21122463759193072
390,6.5,feeder2_1196,0.10038820494894282,0.2127421609894842,0.10031583626303033,0.21241515451245388
390,6.5,feeder2_1158,0.10248924836118621,0.21171862570181077,0.10241559217857531,0.2113791752025464
390,6.5,feeder2_1122,0.10090975929900849,0.20811510277460757,0.10083908039701678,0.20781207467392232
390,6.5,feeder2_1258,0.10108630313582442,0.2096472743993051,0.10101830152907722,0.2093399150036302
390,6.5,feeder2_1303,0.10094934973295114,0.20803968045622437,0.10088009791766994,0.20773196240359196
390,6.5,feeder2_1138,0.1008336446834982,0.2070390498281858,0.10076289587609545,0.2067339065789246
390,6.5,feeder2_1304,0.09954387436667637,0.207761940811476,0.09947288549257917,0.20745363061428662
390,6.5,feeder2_1212,0.10095957096050942,0.20430682172017833,0.1008877680858739,0.20399918456812072
390,6.5,feeder2_1311,0.10101559473199642,0.2042018021207175,0.10094822828342431,0.20389453246530592
390,6.5,feeder2_1290,0.10112199537335566,0.20102194735185028,0.10105784536667752,0.20071246683149194
390,6.5,feeder2_1325,0.10272180865086389,0.21429457923354667,0.10263993011267308,0.21393875254868305
390,6.5,feeder2_1248,0.10255359761440358,0.212824055662073,0.10247570486275688,0.21247715883338691
390,6.5,feeder2_1249,0.1016852046788276,0.2113517524274613,0.10161545948640677,0.21102534564008618
390,6.5,feeder2_1250,0.1016965883174204,0.21133691333347643,0.1016234805394668,0.21101261704311092
390,6.5,feeder2_1366,0.10266797831711054,0.21301224335693547,0.10259295538983171,0.21266204973750796
390,6.5,feeder2_1266,0.10112927524255123,0.2097154790319033,0.10106272125679182,0.2094113745045692
390,6.5,feeder2_1372,0.1012582236715908,0.20080308322472074,0.10118916591191379,0.2004966496624501
390,6.5,feeder2_1363,0.10130155829740824,0.19780439026437108,0.10123366469471604,0.19749094493440444
390,6.5,feeder2_1446,0.10420423015103217,0.21270860783434792,0.10412624082319166,0.21235238669376819
390,6.5,feeder2_1502,0.1025990313779124,0.2180645554623956,0.10251212807372034,0.21770137422427735
390,6.5,feeder2_1428,0.10079143855986517,0.197688904860071,0.10072513266684453,0.1973756296004792
390,6.5,feeder2_1380,0.10167263851709807,0.19418728002160815,0.10160631372837026,0.19387192820314114
390,6.5,feeder2_1550,0.10170258945191848,0.1941383424944366,0.10163607856596354,0.19382490601523905
390,6.5,feeder2_1386,0.1018549854241183,0.19245231661053427,0.10178859615090415,0.192136324705373
390,6.5,feeder2_1551,0.10107346710014042,0.1931669522797091,0.10100418846490397,0.1928520720728056
390,6.5,feeder2_1400,0.10199741136780129,0.19148558576869373,0.1019329249148085,0.19116741110593802
390,6.5,feeder2_1552,0.101784872970533,0.19140255636057113,0.10171700255592814,0.1910878558011743
390,6.5,feeder2_1408,0.10231083550476723,0.18953778204789626,0.10224261619364595,0.18922466836704488
390,6.5,feeder2_1553,0.10218262369401654,0.1894996771771763,0.10211296407825296,0.18918758394425875
390,6.5,feeder2_1416,0.1024792446734672,0.18853543088117491,0.10241357759994663,0.1882215803418189
390,6.5,feeder2_1530,0.10607912113832943,0.18480214656634855,0.10601289235074576,0.18448885996699096
390,6.5,feeder2_1425,0.10247492322635329,0.188622659216351,0.10240700914889383,0.18831041634534756
390,6.5,feeder2_1589,0.10223108260959032,0.18857385363380355,0.10215835714719101,0.18826367019250473
390,6.5,feeder2_1435,0.10247841202831234,0.1886471099344793,0.1024121853712277,0.1883316087277134
390,6.5,feeder2_1621,0.10263664720352704,0.18894297364261167,0.10256685062423243,0.18863093425215285
390,6.5,feeder2_1564,0.10245540696107594,0.18859661003257247,0.10238978179095642,0.18827922025859395
390,6.5,feeder2_1704,0.10195801385102526,0.21930637779965512,0.10187012077348756,0.218942745037422
390,6.5,feeder2_1525,0.10252097405564167,0.2185152783248831,0.10243881514711692,0.21814030346868246
390,6.5,feeder2_1716,0.10098773587793415,0.22077026627972837,0.10090482568810982,0.22040533291582384
390,6.5,feeder2_1537,0.10240395497613315,0.21862082020738627,0.10231489662249088,0.2182493853880363
390,6.5,feeder2_1645,0.10128152881037668,0.21960880842656844,0.10119639101100313,0.21922794568115275
390,6.5,feeder2_1561,0.10246964234307421,0.2182722481146353,0.1023857043746528,0.21788667236998738
390,6.5,feeder2_1657,0.10253022880906315,0.2181781434381894,0.10244701868989958,0.21779648728518008
390,6.5,feeder2_1570,0.10249872115357284,0.21814221846354664,0.10241400072823975,0.2177562250498942
390,6.5,feeder2_1756,0.10259800547520984,0.21796775126308024,0.10250915985253431,0.2175859451693084
390,6.5,feeder2_1588,0.10252678958624324,0.21803032529870928,0.10244394511409287,0.21764357915578228
390,6.5,feeder2_1628,0.10335173881789866,0.21712572097116828,0.1032650258298716,0.21674148354288728
390,6.5,feeder2_1598,0.10252612756030387,0.21814769725328817,0.10244101272195323,0.21775771548481668
390,6.5,feeder2_1816,0.10277634893966939,0.2185385768718987,0.10268967709497741,0.21815252936492643
390,6.5,feeder2_1765,0.1028157362677218,0.2186744723640322,0.10272993053933273,0.21828465709265418
390,6.5,feeder2_1641,0.10245298124076725,0.2183600812244419,0.10236052683493119,0.2179621089749386
390,6.5,feeder2_1689,0.10239727377694759,0.21862606026036144,0.10230309972168204,0.21821968835851793
390,6.5,feeder2_1744,0.1024891737996451,0.21829853552112888,0.10240003585259923,0.21789960955386892
390,6.5,feeder2_1817,0.10238251148100906,0.2185828563375073,0.10229116532451521,0.21817013901790058
390,6.5,feeder2_1779,0.10242008100572043,0.21866772395703768,0.10232599435810137,0.2182600706310758
390,6.5,feeder2_1800,0.10234237514829571,0.21860484179977366,0.10225443360037026,0.21819155277060515
390,6.5,feeder2_1818,0.10172838345210723,0.21830685009351292,0.10162726722004004,0.2178728629041189
390,6.5,feeder2_1753,0.1025427032925111,0.21820298284010875,0.10245100386983225,0.21780253118057488
390,6.5,feeder2_1754,0.1025026156363116,0.2182767986289229,0.10241006911141338,0.21788063388056148
420,7.0,secondary,0.02869357522982278,0.01841944076932678,0.02868154171274624,0.018413174827524127
420,7.0,feeder2_44,0.05339450797467046,0.09606105770522003,0.053374713290170225,0.096033324596653
420,7.0,feeder2_45,0.05428236768125987,0.09860946924074657,0.05425989358531734,0.09858107588346839
420,7.0,feeder2_46,0.05300366300413789,0.10147570847919239,0.05298202400800067,0.1014516553917848
420,7.0,feeder2_51,0.055824138215452374,0.10304186733714087,0.0558048764588041,0.10301032627393979
420,7.0,feeder2_48,0.05465289029854709,0.09851460937707755,0.05463390590552515,0.0984851240195502
420,7.0,feeder2_52,0.05560951511951852,0.10285112656311476,0.05558623190055768,0.102824909410049
420,7.0,feeder2_68,0.06019363654875097,0.11561047797893004,0.06017390395749449,0.11557520871139011
420,7.0,feeder2_69,0.060274942670863835,0.1157825418593752,0.0602512468116194,0.1157521814096383
420,7.0,feeder2_71,0.06077198262946739,0.11726846026970922,0.060750307449329535,0.11723190181008648
420,7.0,feeder2_72,0.060898466271247835,0.11725322877780714,0.06087842907678837,0.1172176138092282
420,7.0,feeder2_73,0.06258358398779296,0.12245704522322828,0.06255901702038662,0.12242194468209992
420,7.0,feeder2_74,0.062452210630504316,0.12233820186840541,0.062425498055759004,0.12230533139718203
420,7.0,feeder2_77,0.06414344776794714,0.12692880378783084,0.0641227228747621,0.12688840999946885
420,7.0,feeder2_79,0.06430367841023008,0.1273090107551788,0.06428191828617415,0.12726649276454274
420,7.0,feeder2_81,0.06658555270127361,0.13386588407498756,0.0665575642741297,0.1338299407867889
420,7.0,feeder2_82,0.06691707435671149,0.13379446164079903,0.06689467920386462,0.13375208011781342
420,7.0,feeder2_116,0.07757663918980146,0.16501817283253717,0.07754684092501092,0.1649656176543872
420,7.0,feeder2_119,0.07675812694154002,0.16428869903937388,0.07672648897020916,0.16423870757368675
420,7.0,feeder2_120,0.08175239211593659,0.17699974345203393,0.08172016058928776,0.17695037154448276
420,7.0,feeder2_248,0.08163456138858688,0.17689156501336553,0.08159890596322558,0.17684245037963012
420,7.0,feeder2_124,0.08433237710909573,0.18441813525912987,0.08430287815035202,0.18435948999471838
420,7.0,feeder2_282,0.08453100766664737,0.18448610727367842,0.08449947529151934,0.18442821068986712
420,7.0,feeder2_275,0.08351989273351584,0.1842116485625118,0.08348664690852874,0.18415707051559163
420,7.0,feeder2_151,0.0890078188327763,0.1974814628881117,0.08897019288085548,0.19742460107499638
420,7.0,feeder2_295,0.0892406696325411,0.19778771263108072,0.0892057337826514,0.19772452609357655
420,7.0,feeder2_311,0.08906996244469993,0.197583398230669,0.08903483949021966,0.19752640717671227
420,7.0,feeder2_201,0.09666572675690255,0.21871833635738977,0.09662412389927952,0.21865715200083766
420,7.0,feeder2_314,0.09749015114225595,0.21804617929367162,0.09745143827114125,0.21798450284008553
420,7.0,feeder2_342,0.10728259010243812,0.25017934292899296,0.10723944800015112,0.2501094684716859
420,7.0,feeder2_368,0.10739334378274744,0.2502362501383604,0.10734817238220559,0.25016513329373175
420,7.0,feeder2_347,0.1123323970472372,0.2655231018908913,0.1122884891773388,0.26544511176129937
420,7.0,feeder2_353,0.11473813163328135,0.2736674850620646,0.11469174130779523,0.2735900236016532
420,7.0,feeder2_518,0.11366927886862267,0.2644691349537794,0.11362509105291775,0.2643897751108615
420,7.0,feeder2_365,0.11743988921058728,0.28286161266306925,0.11739175255924615,0.2827805648549682
420,7.0,feeder2_653,0.11441469986065772,0.27337529997131815,0.11437166095357168,0.27329198328955334
420,7.0,feeder2_377,0.11890624243912024,0.28784685700036416,0.11885760247357599,0.28776528236124177
420,7.0,feeder2_622,0.1174608712288783,0.28289425797367024,0.11741311815212446,0.2828118887319613
420,7.0,feeder2_451,0.1074311971685286,0.25024270432027274,0.10738764243054656,0.2501715540600613
420,7.0,feeder2_383,0.10757070094245251,0.2503176782405505,0.10752950346991866,0.25024364212649647
420,7.0,feeder2_385,0.12056822761297459,0.29349016170057,0.12052191908972587,0.29340045132318826
420,7.0,feeder2_621,0.1191693892151471,0.2881615536272678,0.11912433926485066,0.28807300141021824
420,7.0,feeder2_611,0.10735090567641589,0.25011780134705824,0.10730703094277087,0.2500469298744482
420,7.0,feeder2_405,0.10758485028629641,0.2503337840476952,0.1075458233500022,0.2502570650354844
420,7.0,feeder2_461,0.1273444395209871,0.3165289490043423,0.12729435689712273,0.3164348625894571
420,7.0,feeder2_594,0.12049219328828492,0.29341790180757804,0.12044700825229024,0.2933311870902129
420,7.0,feeder2_732,0.10596331860940453,0.25007030506624894,0.10591956096951778,0.24999431866385693
420,7.0,feeder2_417,0.1078298648133292,0.25056700334220744,0.10779082071606769,0.2504891766812732
420,7.0,feeder2_663,0.1079353831806052,0.2506908090459806,0.10788919503223979,0.2506194985223728
420,7.0,feeder2_444,0.10800422877913457,0.25070951839656164,0.10796126574353063,0.2506400950552842
420,7.0,feeder2_759,0.10807245467836163,0.2507184301519233,0.1080285768134606,0.2506444470721489
420,7.0,feeder2_842,0.10805487649153524,0.25079420760678744,0.10801185926727912,0.2507217951090697
420,7.0,feeder2_459,0.10806371980519316,0.2507533049450936,0.10802013154129582,0.2506802663237997
420,7.0,feeder2_702,0.1099693919941565,0.2492800514862397,0.10992899019451187,0.2492036764733525
420,7.0,feeder2_493,0.1081081672966458,0.2514543514850947,0.10806561092833182,0.25137982760396715
420,7.0,feeder2_651,0.12745698060400246,0.31671469872933017,0.1274092523527578,0.3166183073275465
420,7.0,feeder2_684,0.132817377005918,0.3350692899551982,0.13276300751485917,0.33497368011869116
420,7.0,feeder2_674,0.10794054707828299,0.25130122911757535,0.1078953292457892,0.25122845832597185
420,7.0,feeder2_696,0.10843480278886657,0.254187822544649,0.10839636520608173,0.25410869484965626
420,7.0,feeder2_681,0.10753282357195693,0.2509300795050836,0.1074916726159744,0.2508567727195679
420,7.0,feeder2_682,0.10786364614267033,0.2512291956012782,0.10781816303051922,0.25115799751120654
420,7.0,feeder2_728,0.13295735692150665,0.3344320215984466,0.1329044177580039,0.3343350772348659
420,7.0,feeder2_724,0.13821820971601365,0.35550643216014854,0.13816312951262208,0.35539999599783617
420,7.0,feeder2_703,0.10936183244588513,0.25580209738771453,0.10932091699126789,0.2557249903158856
420,7.0,feeder2_704,0.10831354091454942,0.25479154642499446,0.10826946633056424,0.25472251960707654
420,7.0,feeder2_754,0.1383363213280323,0.3555126522693411,0.13827731500345358,0.3554095873047142
420,7.0,feeder2_747,0.14042893193985692,0.36383329881493653,0.14036888984066717,0.36372895398387517
420,7.0,feeder2_828,0.13277163220948468,0.33424364692486136,0.13271552412146234,0.33414906055367594
420,7.0,feeder2_763,0.13323282603838107,0.33378182086685837,0.1331826843149189,0.3336793921107807
420,7.0,feeder2_836,0.13957276331018031,0.36668917253206157,0.139513858069725,0.3665862241686287
420,7.0,feeder2_758,0.14226774758323832,0.36968434379868853,0.14220836657734384,0.36957744524836633
420,7.0,feeder2_788,0.14229053661486793,0.36968761055220983,0.14223072913729545,0.3695813743875703
420,7.0,feeder2_812,0.14792794548218377,0.38767978512605167,0.14786727992337287,0.3875592917371197
420,7.0,feeder2_947,0.13619473292263265,0.331472334013262,0.13614349210154694,0.3313725095686071
420,7.0,feeder2_868,0.1332606288284505,0.3337878217432419,0.1332060761966926,0.3336912657731892
420,7.0,feeder2_785,0.13324626941919337,0.33383288447577997,0.13319112667344213,0.33373954734764466
420,7.0,feeder2_1176,0.1335564690821251,0.3343171167056407,0.13350651675294842,0.3342166802784113
420,7.0,feeder2_846,0.13315700819204254,0.33374786160188036,0.13310659986450646,0.3336479371751861
420,7.0,feeder2_911,0.13324817344157128,0.3338494946990805,0.13319042529790687,0.333754830944387
420,7.0,feeder2_1107,0.14692092633580822,0.38764592235510525,0.1468589462587732,0.3875352868450362
420,7.0,feeder2_920,0.14979622368987006,0.3927539593515007,0.1497364223936564,0.39263077217449577
420,7.0,feeder2_926,0.1525919626864443,0.40037946219455767,0.15253448710328346,0.40024731363823823
420,7.0,feeder2_1239,0.14978805301090733,0.3927069487038694,0.14972516368944977,0.3925871091315653
420,7.0,feeder2_933,0.15377606116652093,0.404037638262396,0.1537106298046032,0.40390731029534405
420,7.0,feeder2_1146,0.15285390184029557,0.39909760403534716,0.15279161814779796,0.3989703612260479
420,7.0,feeder2_1124,0.15381182161668594,0.4040859014517603,0.1537484850967942,0.40395533512213283
420,7.0,feeder2_942,0.15676902186524005,0.4132881810717774,0.15670675813597018,0.4131501979597326
420,7.0,feeder2_952,0.16109328954882035,0.4305393864141268,0.16102863307841878,0.4303909170347163
420,7.0,feeder2_965,0.15678301098114672,0.4128324539518926,0.15671869716487305,0.4126954270375448
420,7.0,feeder2_961,0.16154016554929776,0.4325207952653916,0.16147360540251263,0.4323732807955505
420,7.0,feeder2_963,0.1610978655840993,0.43051547338479784,0.16103342467719964,0.4303648697913748
420,7.0,feeder2_973,0.1639267630325097,0.4431172440305808,0.16385779271073692,0.4429624902696065
420,7.0,feeder2_1128,0.1615304268561381,0.4324636102226956,0.16146611895823287,0.43231324321375936
420,7.0,feeder2_1113,0.16178110419986547,0.4299128976447447,0.16171200681588468,0.42977037939879575
420,7.0,feeder2_1143,0.1610882526800926,0.4305378978468137,0.1610208147881067,0.43039000634132246
420,7.0,feeder2_1238,0.16170575816263455,0.408525733558823,0.1616436697830857,0.4083876934014025
420,7.0,feeder2_979,0.15673501026930758,0.4125679930712943,0.15666811589506233,0.4124322803857016
420,7.0,feeder2_1236,0.1674264588375755,0.4578949466269648,0.16735623548551304,0.45772744937173343
420,7.0,feeder2_989,0.1639274588721437,0.44312748828053183,0.1638609211194547,0.442971148404836
420,7.0,feeder2_1196,0.15558760013289402,0.41152505941027945,0.15552200198512656,0.4113892802782371
420,7.0,feeder2_1158,0.16365790248907705,0.4443690866376037,0.1635923862392475,0.4442087475068562
420,7.0,feeder2_1122,0.14644184839710137,0.3863209568459258,0.1463855229830845,0.3862062333194276
420,7.0,feeder2_1258,0.14663539852291968,0.38925721216925646,0.14657992339682296,0.3891417649736739
420,7.0,feeder2_1303,0.14816962292359728,0.3850680799246156,0.14810758150594042,0.3849615741837641
420,7.0,feeder2_1138,0.14598055736654814,0.38568291893247014,0.14591909808398176,0.3855731624464677
420,7.0,feeder2_1304,0.1453904801388223,0.38513537297355427,0.1453302025305479,0.3850262213469461
420,7.0,feeder2_1212,0.14510246852450706,0.3848179004330722,0.14504269207124526,0.38471145647664934
420,7.0,feeder2_1311,0.145156953338647,0.3848471420950561,0.14509818262522226,0.38473591488489317
420,7.0,feeder2_1290,0.14404496130084793,0.3837453805038954,0.14398324612919863,0.3836417028619109
420,7.0,feeder2_1325,0.17219730836942998,0.4781138565155385,0.17212839264236854,0.477931347477514
420,7.0,feeder2_1248,0.167427080142837,0.45789583972788994,0.16735730739072266,0.45772936038483336
420,7.0,feeder2_1249,0.1631337355323175,0.40727305429911675,0.16307374821808185,0.40713596702985105
420,7.0,feeder2_1250,0.16172696057085817,0.40852789330135747,0.16166599879743968,0.40838936995416275
420,7.0,feeder2_1366,0.16751280026905618,0.4580230598655431,0.16744511078407104,0.45785600915883345
420,7.0,feeder2_1266,0.14651800801097448,0.39029883246179287,0.14645861327294424,0.39018347992296726
420,7.0,feeder2_1372,0.14418083625848746,0.3837604039532681,0.14412240191004125,0.3836526403074688
420,7.0,feeder2_1363,0.1429402301654796,0.38257089673431294,0.14288223085595617,0.38246873499316275
420,7.0,feeder2_1446,0.1734004440791492,0.47700853517756603,0.17332494359370568,0.47683276625795634
420,7.0,feeder2_1502,0.17733664592224566,0.5024045981642816,0.17726581757791907,0.5022079793834183
420,7.0,feeder2_1428,0.142123526104074,0.3823265404765316,0.14206237409110056,0.38222500793405706
420,7.0,feeder2_1380,0.14206134731277273,0.3818128164367965,0.14200493826566235,0.38171215325997937
420,7.0,feeder2_1550,0.14209229674194968,0.3818185661295546,0.14203594993589663,0.38171986533163604
420,7.0,feeder2_1386,0.1416447215245738,0.38147551602287216,0.14158465952576496,0.3813844129221029
420,7.0,feeder2_1551,0.1408879443416747,0.38114510882919367,0.14083205037379426,0.3810487050023674
420,7.0,feeder2_1400,0.14150444113049787,0.3814263842165734,0.1414469214937202,0.381333445375921
420,7.0,feeder2_1552,0.14030166437214486,0.3809241009756081,0.14024732695765138,0.3808277297946583
420,7.0,feeder2_1408,0.1414187386650271,0.3817112960965078,0.14135836085743073,0.38162702450971
420,7.0,feeder2_1553,0.14129143824761595,0.38158573731756124,0.1412361792568182,0.381493210225734
420,7.0,feeder2_1416,0.1413817351504254,0.38190995810728706,0.14132385447840468,0.3818235371715815
420,7.0,feeder2_1530,0.14621403154263285,0.3828913796362716,0.14615905998409953,0.3828105234607444
420,7.0,feeder2_1425,0.1412939788987777,0.38142019927198734,0.1412356726530761,0.3813323960884143
420,7.0,feeder2_1589,0.1401417428897927,0.3803270435283254,0.14008659391609785,0.38023731553219364
420,7.0,feeder2_1435,0.14129733922410753,0.38143064896653267,0.14124164647888,0.381337738506181
420,7.0,feeder2_1621,0.14144764619517974,0.3816769827926286,0.14138862984434752,0.3815892661486116
420,7.0,feeder2_1564,0.14127400973518248,0.3812987267299666,0.14122116655965838,0.38120802912655805
420,7.0,feeder2_1704,0.17736846123032443,0.5024494543065883,0.17729791254879668,0.5022501059305864
420,7.0,feeder2_1525,0.17865956116682347,0.5086710103594563,0.17858089980353606,0.5084762412334523
420,7.0,feeder2_1716,0.17827993822043847,0.5105601272037225,0.17820512837869149,0.5103617588212218
420,7.0,feeder2_1537,0.1801192598686297,0.5153968961615135,0.180039410344716,0.5151958137264103
420,7.0,feeder2_1645,0.18002675444387337,0.5152962322312181,0.17994607541363006,0.5150969297359076
420,7.0,feeder2_1561,0.18178232865085164,0.5230964979563559,0.181705949355293,0.5228857918298214
420,7.0,feeder2_1657,0.18182936140212505,0.5230814224243637,0.18175357950852275,0.5228741533454967
420,7.0,feeder2_1570,0.18250207169452543,0.5264258511307027,0.18242730131704518,0.5262142509708784
420,7.0,feeder2_1756,0.18257006961976074,0.5264289066953091,0.18249569737783855,0.5262143471600221
420,7.0,feeder2_1588,0.18317625285877698,0.5295382394982701,0.18309801493978053,0.5293235877095998
420,7.0,feeder2_1628,0.18319142665274216,0.5295344146549412,0.183114535416824,0.5293223460443042
420,7.0,feeder2_1598,0.1840291128345368,0.5334743096484947,0.18395124925780973,0.5332577814623027
420,7.0,feeder2_1816,0.18422154211766026,0.5337377414735193,0.18413984917239282,0.5335273369929917
420,7.0,feeder2_1765,0.18416469888931036,0.5336594417232223,0.18408332487727483,0.5334476326482329
420,7.0,feeder2_1641,0.18818390606783628,0.5526992584487103,0.18810541892584928,0.5524679379650308
420,7.0,feeder2_1689,0.1915819028331439,0.5701496991359774,0.19149779471031095,0.5699115966294191
420,7.0,feeder2_1744,0.18893749334723303,0.5520196795322805,0.18885568061399233,0.5517950253894186
420,7.0,feeder2_1817,0.19156890919471983,0.5700725541412224,0.19148906608648894,0.5698295754170882
420,7.0,feeder2_1779,0.1916087060336694,0.5701890027326417,0.1915247928684881,0.5699497721853106
420,7.0,feeder2_1800,0.19152881939025848,0.5701043128585477,0.19144430429214418,0.5698667415952299
420,7.0,feeder2_1818,0.2140676517176767,0.6063321038240221,0.2139690931810141,0.6060648844520057
420,7.0,feeder2_1753,0.1912964250667353,0.5498750428639271,0.19121476407464644,0.5496473397642391
420,7.0,feeder2_1754,0.18894714625176404,0.5520167570550297,0.18886862531202073,0.5517850899386201
450,7.5,secondary,0.028355013597723813,0.04170201357792847,0.028337501916566605,0.04169422066308082
450,7.5,feeder2_44,0.0527709920215305,0.2175110994297892,0.0527380377986997,0.21748579955311312
450,7.5,feeder2_45,0.05370396422031205,0.22449435251810979,0.053674638576627735,0.22446448970414068
450,7.5,feeder2_46,0.053678038564722155,0.21524289517353,0.05364950609855297,0.215219172710134
450,7.5,feeder2_51,0.05544441298583389,0.2363793625734811,0.05541299704369318,0.2363507356699699
450,7.5,feeder2_48,0.05101591147088769,0.22648096346950852,0.05098911185799959,0.22644911217345648
450,7.5,feeder2_52,0.055054359165246855,0.23767191235746846,0.05502140779619123,0.23763983274288175
450,7.5,feeder2_68,0.06026674945785114,0.2692679453643728,0.060233067061117716,0.26923038072583544
450,7.5,feeder2_69,0.06030040298200865,0.2691428010886619,0.060266176497510184,0.26910828474862475
450,7.5,feeder2_71,0.06090862193662036,0.2736318440704105,0.060873782945173455,0.2735949361855978
450,7.5,feeder2_72,0.06068900587323789,0.2735493208040621,0.0606537802718607,0.27351102879724154
450,7.5,feeder2_73,0.06292448285549447,0.2873039101145809,0.06288985451501564,0.28726161499329833
450,7.5,feeder2_74,0.06325982576896615,0.2877146720507199,0.06322141840300727,0.2876806575825293
450,7.5,feeder2_77,0.06464379365323736,0.29896941793458237,0.06460767808272093,0.29892528472997903
450,7.5,feeder2_79,0.0670593286705775,0.29519692654842994,0.06702360282767224,0.29515895170542045
450,7.5,feeder2_81,0.06733164479185201,0.31877210453188254,0.06729490154666086,0.3187253624981734
450,7.5,feeder2_82,0.06679348921361254,0.318609462887318,0.06675528507821624,0.3185694397172176
450,7.5,feeder2_116,0.07963312401801993,0.40782485353842834,0.07958827638493998,0.4077635438344204
450,7.5,feeder2_119,0.08023225174142963,0.408627695466419,0.08018412267153115,0.4085724274091023
450,7.5,feeder2_120,0.08414642920921366,0.44036044247977174,0.0840989146217189,0.44029698230988135
450,7.5,feeder2_248,0.08417883011354509,0.4412515733889239,0.08412742933392266,0.4411941820274043
450,7.5,feeder2_124,0.08684468019190457,0.4599495804303955,0.086795321792805,0.4598783700318779
450,7.5,feeder2_282,0.08411083878744176,0.45917958433058653,0.08405762877548963,0.45910963133942456
450,7.5,feeder2_275,0.1103646738383614,0.48877092236027686,0.11030404667948492,0.48870752219349245
450,7.5,feeder2_151,0.08783294243416306,0.4756420776238768,0.08777939918916303,0.47556654890724076
450,7.5,feeder2_295,0.08821073994049773,0.4741766274877171,0.08815725849887171,0.4741024189779437
450,7.5,feeder2_311,0.08783891325368154,0.47556980181893094,0.08778447675561955,0.47549398438637747
450,7.5,feeder2_201,0.08972336355841505,0.5038398748047127,0.08966411378060436,0.5037479942906119
450,7.5,feeder2_314,0.08848130275011322,0.504637301265754,0.0884238139854557,0.5045498957523925
450,7.5,feeder2_342,0.09305668666281586,0.5424486083113405,0.09299417028342129,0.5423445314630695
450,7.5,feeder2_368,0.09304550573434892,0.5436494079577231,0.09298360938298832,0.5435458795888889
450,7.5,feeder2_347,0.0946268229889929,0.559146768778706,0.09456219414542132,0.5590269849502035
450,7.5,feeder2_353,0.09542552105395137,0.5675238162703287,0.09536051142903777,0.5674006020765888
450,7.5,feeder2_518,0.09438233185746384,0.5590553999534046,0.09431637262302045,0.5589400965407975
450,7.5,feeder2_365,0.0962999123065977,0.576762329186477,0.09623028145213221,0.576632776579938
450,7.5,feeder2_653,0.09551077178687559,0.5676285890029703,0.09544574540616078,0.5675029445894314
450,7.5,feeder2_377,0.0967758152230266,0.5817865367243481,0.09670559691546739,0.5816561041470188
450,7.5,feeder2_622,0.09630121965347352,0.5767379219036778,0.09623103045915883,0.5766108901081808
450,7.5,feeder2_451,0.09296581249428668,0.5436114953815776,0.09290228579463292,0.5435086525864472
450,7.5,feeder2_383,0.09304339631689473,0.5456384069387,0.09297858291271988,0.5455356882464499
450,7.5,feeder2_385,0.09738372190465805,0.5880659626279916,0.0973128265686974,0.5879316648957386
450,7.5,feeder2_621,0.0970910805574966,0.5802105714664287,0.09702332236446218,0.5800759677070141
450,7.5,feeder2_611,0.09324634671388511,0.5464154396597581,0.09317768240645365,0.5463168942696565
450,7.5,feeder2_405,0.09303360897944848,0.545717005737555,0.09297014954660211,0.5456136953054023
450,7.5,feeder2_461,0.0995857116467564,0.6124562121022853,0.09950878600198072,0.6122997630833015
450,7.5,feeder2_594,0.09746751198784925,0.5886244981863621,0.09739608076167167,0.5884885137107233
450,7.5,feeder2_732,0.09321207556930368,0.5469350090430964,0.09314523371911497,0.5468380162516958
450,7.5,feeder2_417,0.09289837651390183,0.5460017667410807,0.0928323839558978,0.5459042523671371
450,7.5,feeder2_663,0.09287983137202033,0.5459214391955286,0.09281803893902957,0.5458154126251282
450,7.5,feeder2_444,0.09280152190738696,0.5462394585151987,0.09273702256952386,0.5461340122102356
450,7.5,feeder2_759,0.09064691389193238,0.5476513527967707,0.090584483623489,0.5475489363857419
450,7.5,feeder2_842,0.09280680603822378,0.5461770147740765,0.09274295006752109,0.5460733520490592
450,7.5,feeder2_459,0.09281152048969846,0.5462482905153024,0.09274783518770177,0.5461419677217628
450,7.5,feeder2_702,0.09231335576774627,0.5460672414764205,0.09224967944071706,0.545961680367865
450,7.5,feeder2_493,0.09289394012053341,0.5463732452434559,0.09282838941238644,0.5462719578337214
450,7.5,feeder2_651,0.09958709466212068,0.6124212063415091,0.0995099446860788,0.6122649428072143
450,7.5,feeder2_684,0.10138446827888804,0.6323957642245001,0.10130135226013011,0.6322240660465537
450,7.5,feeder2_674,0.09309520103617219,0.5467017328031041,0.09303399592178159,0.5465974975206357
450,7.5,feeder2_696,0.09276293728022862,0.5452194793122168,0.09269667985951499,0.5451213499867764
450,7.5,feeder2_681,0.09351030056940898,0.5474460562956738,0.09344599000938432,0.547342599843835
450,7.5,feeder2_682,0.09330817381159956,0.5469359012022194,0.09324324555855103,0.5468356799390294
450,7.5,feeder2_728,0.10155100678768444,0.6338587214615208,0.1014712025318442,0.6336897133588507
450,7.5,feeder2_724,0.10285604890442315,0.6494847005977292,0.10277357014107673,0.6492933325094653
450,7.5,feeder2_703,0.09295241205059743,0.5438131547632462,0.09288990249388522,0.5437195321326228
450,7.5,feeder2_704,0.09277677046260654,0.545117271508763,0.09271171872417931,0.5450212112076225
450,7.5,feeder2_754,0.10143269187151303,0.6503177853431771,0.10134735705930531,0.6501288778969696
450,7.5,feeder2_747,0.10363182656978294,0.65609932374834,0.10354736241932809,0.6559015230611166
450,7.5,feeder2_828,0.10238239987838578,0.6349012613870694,0.10230245078381536,0.634726789226912
450,7.5,feeder2_763,0.10137724410426323,0.6344354576971112,0.1012969407650799,0.6342608955995985
450,7.5,feeder2_836,0.10491762491251129,0.6544287745656403,0.1048334062841507,0.6542270399185044
450,7.5,feeder2_758,0.10423972941141693,0.6625435900892176,0.10415309437143286,0.6623427743839183
450,7.5,feeder2_788,0.10418935983564992,0.6625247690350166,0.10410411715456266,0.6623252525169743
450,7.5,feeder2_812,0.10611924485867483,0.6824209527800505,0.10603143014449246,0.682196957260915
450,7.5,feeder2_947,0.10083826635725242,0.6342503420750374,0.1007588570779365,0.6340760199795129
450,7.5,feeder2_868,0.10082842996721798,0.6347809752589173,0.10074838378789584,0.6346045961256304
450,7.5,feeder2_785,0.10141832362370394,0.6346204301397049,0.10133974709810069,0.6344436157968656
450,7.5,feeder2_1176,0.10141558097439779,0.6344811280856179,0.1013374247472558,0.6343075871907347
450,7.5,feeder2_846,0.10151816999293939,0.6349746037830912,0.10143898894321596,0.6348059015168048
450,7.5,feeder2_911,0.10140008716906446,0.6345763873068443,0.10132275656695645,0.6344005888594533
450,7.5,feeder2_1107,0.1098184646673525,0.6999278082790491,0.1097275046216474,0.699712486119281
450,7.5,feeder2_920,0.10562548459251575,0.6831685612406964,0.10553526513790426,0.682939159227816
450,7.5,feeder2_926,0.10488076276497366,0.6842531100023449,0.1047871533653258,0.6840177743560351
450,7.5,feeder2_1239,0.10563610339958497,0.6832192974378876,0.10554503285510175,0.6829951397669003
450,7.5,feeder2_933,0.10455341890079643,0.6847483124324354,0.10446242707604562,0.6845058895201299
450,7.5,feeder2_1146,0.10486972185469452,0.684206140278983,0.10477787461592732,0.6839747486769605
450,7.5,feeder2_1124,0.10455191281650655,0.6847109705548798,0.10445826888216732,0.6844681048823718
450,7.5,feeder2_942,0.10373063148941743,0.6860469165584814,0.10363817956647665,0.6858005653528932
450,7.5,feeder2_952,0.1028517545733434,0.685866260401797,0.10275260526559912,0.6856070051872656
450,7.5,feeder2_965,0.10368715526347337,0.6863221193697093,0.10359334095506276,0.6860721930959932
450,7.5,feeder2_961,0.1027656477392074,0.6858752391407036,0.10267269366723629,0.6856082944817564
450,7.5,feeder2_963,0.10284986537572197,0.6858603735559613,0.10275394220028819,0.6855940159327245
450,7.5,feeder2_973,0.10228676197814379,0.6858213544614176,0.10218914716118858,0.6855467690726775
450,7.5,feeder2_1128,0.10280205060894543,0.6860550563323975,0.10270353317114572,0.6857906391645989
450,7.5,feeder2_1113,0.10281028265930832,0.6858452389975942,0.10271503176908109,0.6855778322160269
450,7.5,feeder2_1143,0.10273241765559409,0.6855092121073596,0.10263462712276504,0.6852442873647158
450,7.5,feeder2_1238,0.09945135517450328,0.6894846351789693,0.09935833016025253,0.6892326208458116
450,7.5,feeder2_979,0.1037147375750385,0.6864542379447716,0.10362140851556303,0.6862068150522651
450,7.5,feeder2_1236,0.10158070489443012,0.6858031184516352,0.1014827919688735,0.6855165396955245
450,7.5,feeder2_989,0.10228667896857231,0.685820859404888,0.10218945996703889,0.6855451828780852
450,7.5,feeder2_1196,0.10418026516293576,0.6869986074798753,0.10408446084396072,0.6867498960993541
450,7.5,feeder2_1158,0.102287242837011,0.6857528205772766,0.10218956360778532,0.6854811415452179
450,7.5,feeder2_1122,0.1111996060831736,0.7084099447592829,0.11111077618931554,0.708191877649042
450,7.5,feeder2_1258,0.1111138974286104,0.6978693252847578,0.11102596413849171,0.6976507358975971
450,7.5,feeder2_1303,0.1100608663783927,0.7080358532351942,0.10996925817568699,0.7078215446226191
450,7.5,feeder2_1138,0.1123408260824013,0.7152736241409714,0.11225145126142581,0.7150566671889343
450,7.5,feeder2_1304,0.11281006889968191,0.7158321424191957,0.11271822799315953,0.7156149520931975
450,7.5,feeder2_1212,0.11466139017210747,0.729341476942267,0.11456903065995823,0.7291312336239244
450,7.5,feeder2_1311,0.11341511376873946,0.7301806340295531,0.11332398202684277,0.7299655063742901
450,7.5,feeder2_1290,0.11777483925346521,0.7461339694515194,0.11768464062822633,0.7459209544994281
450,7.5,feeder2_1325,0.10063561187280297,0.6859279523783328,0.10053263285350227,0.6856312217115972
450,7.5,feeder2_1248,0.10158071596798872,0.685802425095067,0.10148200290086867,0.6855156334353338
450,7.5,feeder2_1249,0.09890455022975618,0.6898814772196187,0.09881371184363415,0.689626447436291
450,7.5,feeder2_1250,0.0978174792467179,0.6907567725363573,0.0977261777449488,0.690496739492639
450,7.5,feeder2_1366,0.10158479122686055,0.6857027949077583,0.10148496704524125,0.6854174939891736
450,7.5,feeder2_1266,0.11115343623503728,0.6973567353526527,0.11106655655196024,0.6971400464845183
450,7.5,feeder2_1372,0.11752302156530332,0.746050546862348,0.11743076374011663,0.7458421927068425
450,7.5,feeder2_1363,0.12116335318456876,0.7643257757700523,0.1210687293680894,0.7641235903370338
450,7.5,feeder2_1446,0.09951675393504557,0.6867666699079081,0.09941596938350644,0.6864628124308085
450,7.5,feeder2_1502,0.09992621305589136,0.6851165360566144,0.09981925617980167,0.6848030228257669
450,7.5,feeder2_1428,0.1215968542048404,0.7648460424117706,0.12150443400946331,0.7646366712723064
450,7.5,feeder2_1380,0.1251035517364546,0.7855969014546946,0.12501064205136678,0.7853931210612284
450,7.5,feeder2_1550,0.12338093312793165,0.7868215545976621,0.123286371173586,0.7866233049713668
450,7.5,feeder2_1386,0.1272365417812799,0.7954530919792405,0.12714074787108465,0.7952565550094595
450,7.5,feeder2_1551,0.12751911516168365,0.7963257799927225,0.12742508311802855,0.7961277281752617
450,7.5,feeder2_1400,0.12819067330869083,0.7999042376279429,0.12809840016326557,0.7997025120703024
450,7.5,feeder2_1552,0.12831559564109085,0.8000511243752016,0.12821968688587343,0.799857160118471
450,7.5,feeder2_1408,0.1301502065709596,0.8090481165726346,0.13005705787848665,0.8088509044775434
450,7.5,feeder2_1553,0.13044507785925488,0.8101109736800012,0.13034749565073986,0.8099209610089867
450,7.5,feeder2_1416,0.13109838935423285,0.8135278254972874,0.13100484678057264,0.8133298444622911
450,7.5,feeder2_1530,0.130601712214369,0.8133095576613572,0.13050439427640642,0.8131172858704261
450,7.5,feeder2_1425,0.1329355486981792,0.8222116959271772,0.1328399151080463,0.8220181878026009
450,7.5,feeder2_1589,0.14867561988230477,0.8407865984757598,0.14857385667724138,0.8405953065742408
450,7.5,feeder2_1435,0.1329280142181331,0.8221636231325383,0.13283403502058583,0.8219724836469094
450,7.5,feeder2_1621,0.1329506591404494,0.8214711037355019,0.13285600967081782,0.8212753271128956
450,7.5,feeder2_1564,0.13295662456278215,0.8223015061703183,0.13286136200608498,0.8221108631698287
450,7.5,feeder2_1704,0.0999265064174091,0.6850822596738801,0.09981876845838401,0.6847710140139783
450,7.5,feeder2_1525,0.09974568707043915,0.6849209847973297,0.09963993634237164,0.6845975608248025
450,7.5,feeder2_1716,0.10138752187884315,0.6828356830002031,0.1012833113667557,0.6825167740968049
450,7.5,feeder2_1537,0.0995167861017687,0.6850269396417865,0.0994073176966243,0.6847058556120541
450,7.5,feeder2_1645,0.10010946748729574,0.6857217699164089,0.10000055969319442,0.6854006610809102
450,7.5,feeder2_1561,0.09917500975846036,0.6847555063017182,0.0990674031427009,0.6844195258203037
450,7.5,feeder2_1657,0.09829910446993659,0.6853330313331419,0.0981878621919534,0.6850027945170813
450,7.5,feeder2_1570,0.09907672691664934,0.6845171548295794,0.09896843819343307,0.684183687354118
450,7.5,feeder2_1756,0.09671660251224289,0.6862285646805829,0.09661068594286279,0.685889571337882
450,7.5,feeder2_1588,0.09902085788143558,0.6841983684672784,0.09891095890865134,0.6838610881292736
450,7.5,feeder2_1628,0.09897683074156674,0.6841833419394902,0.0988665072526805,0.6838448779104174
450,7.5,feeder2_1598,0.09895182993486099,0.6838014673459962,0.09884203744480438,0.6834655611951231
450,7.5,feeder2_1816,0.09894912288569585,0.6836040379743008,0.0988413312173166,0.6832627962293504
450,7.5,feeder2_1765,0.09894951021532736,0.6836628538985771,0.09883836364430114,0.6833291086471747
450,7.5,feeder2_1641,0.09863284784174303,0.6819676728135421,0.09852068597135666,0.6816170082266267
450,7.5,feeder2_1689,0.09847543384597873,0.6807625359044669,0.09835917411985774,0.6804041656004799
450,7.5,feeder2_1744,0.09807412585293278,0.6818085960045218,0.0979613680264098,0.6814621856495203
450,7.5,feeder2_1817,0.09849420560692182,0.680851966170537,0.09838178838699674,0.680489884711404
450,7.5,feeder2_1779,0.099491875314861,0.6795373093040635,0.09937756045755519,0.6791781441792055
450,7.5,feeder2_1800,0.09857682202020393,0.6813314534671955,0.09845950331016744,0.6809732252679623
450,7.5,feeder2_1818,0.09531272125613217,0.6766141761348465,0.09520257295487414,0.6762356403729849
450,7.5,feeder2_1753,0.0964371845156902,0.6813534569386701,0.09632022216587138,0.681002555004017
450,7.5,feeder2_1754,0.09804484156896763,0.6817983255536972,0.09793394341754941,0.6814483429560358
480,8.0,secondary,0.04039813244874727,0.053716706302624394,0.040392372291158336,0.05371256394629698
480,8.0,feeder2_44,0.07521397829113949,0.28028873725157727,0.07519742530119297,0.28024429820137364
480,8.0,feeder2_45,0.07653991440601464,0.28918175843310534,0.0765246902597832,0.28913310658789365
480,8.0,feeder2_46,0.07601543506544958,0.2786892838942299,0.07599885733295055,0.2786424514391679
480,8.0,feeder2_51,0.07885423660090514,0.3046523974567588,0.07883815121782774,0.3046006204664074
480,8.0,feeder2_48,0.07635714130185486,0.2890690898401887,0.07634133887783823,0.2890213518464305
480,8.0,feeder2_52,0.07866873433702329,0.3061880569962946,0.07865061208057875,0.3061358718049172
480,8.0,feeder2_68,0.08532447848059557,0.3475819608606143,0.08530605017194581,0.347521262831709
480,8.0,feeder2_69,0.0853529922374248,0.3474984158158639,0.08533379802883002,0.34744022284721743
480,8.0,feeder2_71,0.08618601840997496,0.35327306545538995,0.08616504871000907,0.35321662040159285
480,8.0,feeder2_72,0.08596903778874454,0.3531317398511375,0.08594953447601027,0.3530748364442992
480,8.0,feeder2_73,0.088890984530258,0.37110452218233136,0.08887178629963108,0.3710455910011749
480,8.0,feeder2_74,0.09319788840618326,0.3799308434612239,0.09317952625855966,0.37986781207174913
480,8.0,feeder2_77,0.09095484785091185,0.38498055838166334,0.09093576802960888,0.3849152019974831
480,8.0,feeder2_79,0.091643368828194,0.38355867616758293,0.09162353298943718,0.3834914839440934
480,8.0,feeder2_81,0.09428252153605123,0.40735680992467277,0.09426322424056183,0.40729029258116356
480,8.0,feeder2_82,0.09241994538165471,0.40627416936028354,0.09239712831183895,0.40620709443256325
480,8.0,feeder2_116,0.10960937202330058,0.5090690039672311,0.10958345810380186,0.5089800203440373
480,8.0,feeder2_119,0.10953699789999849,0.5102207473398784,0.10951176648739157,0.510137141059206
480,8.0,feeder2_120,0.11521315493058067,0.5460185871672738,0.11518770770934991,0.5459233275651147
480,8.0,feeder2_248,0.12651886372738402,0.56072207545978,0.12649122359521364,0.5606274745300074
480,8.0,feeder2_124,0.11744716400740361,0.5628858874922689,0.11742232446631871,0.5627832713169465
480,8.0,feeder2_282,0.10090190949419199,0.553266544741299,0.10087781123817716,0.5531640553231413
480,8.0,feeder2_275,0.1183393068975046,0.5654166533825946,0.11831343521585846,0.5653195667547575
480,8.0,feeder2_151,0.12251229133336274,0.5975506038040861,0.12248356917208304,0.5974409629106705
480,8.0,feeder2_295,0.1250907454357437,0.5917259206073474,0.12506435420587503,0.5916227431469555
480,8.0,feeder2_311,0.1225204349453849,0.597505745836305,0.12249381470216035,0.5973992061368709
480,8.0,feeder2_201,0.13243049348575323,0.6628239261069534,0.13240161782443258,0.6627030454110396
480,8.0,feeder2_314,0.13232975739784705,0.6627390799068661,0.13229964820016274,0.6626207976543036
480,8.0,feeder2_342,0.14655963975148772,0.7556347600403629,0.14652520085442988,0.7554927754690313
480,8.0,feeder2_368,0.14678319371162257,0.7587341441425186,0.14674795825678122,0.7585941574067333
480,8.0,feeder2_347,0.15303371439527894,0.7954081713927851,0.1529975856640208,0.7952595968950572
480,8.0,feeder2_353,0.1562606014643941,0.8152334931626253,0.15622355341042032,0.8150815595454939
480,8.0,feeder2_518,0.15296234420723678,0.7953554563572095,0.1529254039546625,0.7952116090629967
480,8.0,feeder2_365,0.15982785525790105,0.8371657588212799,0.1597900589366353,0.8370112256434435
480,8.0,feeder2_653,0.15634509549174438,0.8153403122173899,0.15630770905266606,0.8151857269022575
480,8.0,feeder2_377,0.16177165316811884,0.8490785263165922,0.16173444062867365,0.8489169130084004
480,8.0,feeder2_622,0.15979117612830843,0.8371426299067706,0.15975297700440347,0.8369885946418404
480,8.0,feeder2_451,0.1453789918788084,0.759287971605652,0.14534626201674244,0.7591511297504754
480,8.0,feeder2_383,0.14751332357921576,0.7634157640762073,0.14747706735440055,0.7632806755064437
480,8.0,feeder2_385,0.16439357262541912,0.8645960079431316,0.16435513841734145,0.8644365607147739
480,8.0,feeder2_621,0.16397157189934783,0.8428726829069045,0.16393219908684017,0.84271694925522
480,8.0,feeder2_611,0.14759113106345179,0.7635102420403732,0.14755683905554673,0.7633747459213619
480,8.0,feeder2_405,0.1475578401622635,0.7637036026411218,0.1475261117837449,0.7635614187933442
480,8.0,feeder2_461,0.17162710980457938,0.9111775769523915,0.17158677169798972,0.9109979901449197
480,8.0,feeder2_594,0.17184916603936473,0.8741952189663014,0.17181198911520382,0.8740341974857025
480,8.0,feeder2_732,0.14768771837538702,0.7638648944881712,0.14765210741602794,0.7637292366768828
480,8.0,feeder2_417,0.14788461914204962,0.7658375171339961,0.1478515662042757,0.7656985541105494
480,8.0,feeder2_663,0.14788766303300874,0.7658003322241305,0.14785374917492866,0.7656632256093157
480,8.0,feeder2_444,0.14813627242349242,0.7674688734698542,0.14810220964369886,0.7673335446781119
480,8.0,feeder2_759,0.14658046934750377,0.7680139387734172,0.14654663564088752,0.7678743297196154
480,8.0,feeder2_842,0.14814295469012595,0.7674278266450821,0.14810687571524078,0.7672925309547936
480,8.0,feeder2_459,0.1482560801770996,0.7680167658281712,0.1482223000598227,0.7678802173358269
480,8.0,feeder2_702,0.1467526243690821,0.7669382172696382,0.1467195667913783,0.7667988001710416
480,8.0,feeder2_493,0.1488417360704426,0.7705736460008591,0.14880829040241048,0.7704384586414108
480,8.0,feeder2_651,0.17162893988597888,0.9111551743810867,0.17158816152661632,0.9109771241954124
480,8.0,feeder2_684,0.17756644818241266,0.9492173754661746,0.17752160798717553,0.9490291759305759
480,8.0,feeder2_674,0.149858284485645,0.7723400933299047,0.14982315844762734,0.7722045849595973
480,8.0,feeder2_696,0.1487589377332749,0.7700835436352929,0.14872331706309722,0.7699487697965566
480,8.0,feeder2_681,0.1506887460400318,0.7737632366162003,0.1506566347155877,0.7736234031656494
480,8.0,feeder2_682,0.1528963951600362,0.7774960810271769,0.15286077619741906,0.7773598435757402
480,8.0,feeder2_728,0.1788938890084437,0.9562489542777666,0.17885027318184826,0.9560561586195582
480,8.0,feeder2_724,0.18112075399796504,0.9720395674838265,0.18107522261630601,0.9718395845709429
480,8.0,feeder2_703,0.14876648178057983,0.7700141102860176,0.14873438077268247,0.7698729964955908
480,8.0,feeder2_704,0.14880356474333775,0.7698850014210872,0.14876814475236047,0.7697467963144172
480,8.0,feeder2_754,0.1810458742402263,0.9719853433186021,0.1810030323343622,0.971783540110356
480,8.0,feeder2_747,0.18258235437340314,0.9813969000077395,0.18253718107879074,0.9811937897661032
480,8.0,feeder2_828,0.18420386160803037,0.9629888537019053,0.18415951626231095,0.9627986957253267
480,8.0,feeder2_763,0.17823633644336342,0.956695791908506,0.17819182544207463,0.9565039764601886
480,8.0,feeder2_836,0.18258193615188523,0.9813508314726274,0.1825379597405057,0.9811399619174744
480,8.0,feeder2_758,0.18384742963413198,0.9894666159170349,0.18379940844643292,0.9892562578613537
480,8.0,feeder2_788,0.1826022587715067,0.9900170158897506,0.182557023693147,0.9898056039788128
480,8.0,feeder2_812,0.18813672749987276,1.0137668070661465,0.18808798833428209,1.0135411157804446
480,8.0,feeder2_947,0.17808239218865268,0.9565835839144597,0.17804226421346284,0.956390699413018
480,8.0,feeder2_868,0.17753450479108765,0.9567838995977039,0.17749174021651448,0.956590982046324
480,8.0,feeder2_785,0.1779922841180161,0.9569779368843295,0.1779486256592336,0.9567906472402271
480,8.0,feeder2_1176,0.17798851584953174,0.9568892338997879,0.17794845315261926,0.9566962368428075
480,8.0,feeder2_846,0.17829385012392504,0.9577458895367575,0.17824984464496813,0.9575519841106319
480,8.0,feeder2_911,0.17726068235107562,0.9566326065541324,0.17722080041996077,0.9564381053764834
480,8.0,feeder2_1107,0.19007017421692554,1.0317098583909714,0.1900246205584108,1.031485032399076
480,8.0,feeder2_920,0.1888108943722083,1.0156251247750123,0.18876202927492253,1.0153969244709091
480,8.0,feeder2_926,0.1898064151860261,1.0183542549474942,0.18975564202401315,1.0181285604663526
480,8.0,feeder2_1239,0.18882156657131977,1.0156757202605375,0.18877129846722235,1.0154536311721025
480,8.0,feeder2_933,0.19024934219571832,1.019579485670661,0.19019908108256683,1.0193487880359533
480,8.0,feeder2_1146,0.18979600099140354,1.0182790982337346,0.18974977006894422,1.018045814926196
480,8.0,feeder2_1124,0.19102811945918338,1.0185990034490988,0.19097821115876404,1.0183662144467276
480,8.0,feeder2_942,0.19129132751410266,1.023582120695588,0.1912408669669093,1.023342472444092
480,8.0,feeder2_952,0.19174052384449747,1.0211011008620483,0.19168986556358306,1.0208512886392436
480,8.0,feeder2_965,0.19143254229224826,1.0246709327054093,0.19138195679030143,1.0244352585883754
480,8.0,feeder2_961,0.19179834077057406,1.0208961553492584,0.19174439317932798,1.0206508978568463
480,8.0,feeder2_963,0.19173852919926707,1.0210875870732974,0.19168709109828375,1.0208406000101615
480,8.0,feeder2_973,0.1916429902268781,1.0174913183571943,0.19158830383026654,1.017242288158366
480,8.0,feeder2_1128,0.1926002663163351,1.0249038504795551,0.19254669044388967,1.0246549898967738
480,8.0,feeder2_1113,0.19169972261831889,1.0210594416746523,0.19164893587288054,1.0208115773376516
480,8.0,feeder2_1143,0.19161294531198758,1.020241759374426,0.19156264115646685,1.019994495213206
480,8.0,feeder2_1238,0.18606084901622535,1.0260358027675665,0.18601170527071859,1.0257916864416206
480,8.0,feeder2_979,0.19171366885503846,1.0260306733640587,0.19166279574324632,1.0257918208231231
480,8.0,feeder2_1236,0.19142179382773147,1.0124381486925174,0.19136554558879806,1.0121794819912195
480,8.0,feeder2_989,0.19164290425694666,1.0174910302735347,0.19158830383026654,1.017242288158366
480,8.0,feeder2_1196,0.1960680810119168,1.0317091568001349,0.1960154008629942,1.0314713644590763
480,8.0,feeder2_1158,0.19164157958027883,1.0174476555847043,0.1915902313415931,1.0171927177608653
480,8.0,feeder2_1122,0.19086381356979354,1.0387775581356116,0.1908123562584859,1.0385585503914296
480,8.0,feeder2_1258,0.19004153137075352,1.0315768915782562,0.18999256083182683,1.031355973983793
480,8.0,feeder2_1303,0.1904539232665076,1.0384496387958093,0.19040782387336785,1.0382261465821732
480,8.0,feeder2_1138,0.19150731578576166,1.04447869133181,0.19145969645638214,1.0442535564402953
480,8.0,feeder2_1304,0.19164638357844968,1.0452916817586386,0.19159774380239175,1.0450754226767582
480,8.0,feeder2_1212,0.19274179234979696,1.0558096806148585,0.19269441144482854,1.0555866208260447
480,8.0,feeder2_1311,0.1912036965832016,1.056433781772737,0.19115484455807139,1.0562122617771412
480,8.0,feeder2_1290,0.19457181381872884,1.0694225561052857,0.19452166245884236,1.069204113186653
480,8.0,feeder2_1325,0.19085967990217173,1.008486856479794,0.19080484999832656,1.008214767734632
480,8.0,feeder2_1248,0.19143297409672363,1.0124240303134977,0.1913749851482637,1.0121646367859392
480,8.0,feeder2_1249,0.18575693013409086,1.02582697181549,0.18570841619566508,1.0255856276279456
480,8.0,feeder2_1250,0.1830374184759473,1.0275104839266187,0.18298816740920631,1.0272680742235611
480,8.0,feeder2_1366,0.1930530374625354,1.0103851915329234,0.19299533324762255,1.0101285650489211
480,8.0,feeder2_1266,0.19001668038922173,1.0314686904639747,0.1899679815484335,1.0312513719849317
480,8.0,feeder2_1372,0.19351382725053135,1.069876186587287,0.19346609822258107,1.069657803474235
480,8.0,feeder2_1363,0.19689716455786968,1.0835365466538784,0.196850881581472,1.083312167472945
480,8.0,feeder2_1446,0.19079959504215582,1.0084458805743104,0.190741540639013,1.0081742652701535
480,8.0,feeder2_1502,0.19023760943655713,1.0041112651055983,0.19017877423126422,1.00382688520732
480,8.0,feeder2_1428,0.19818821949109358,1.0850873480985017,0.19813925670749385,1.0848681042835489
480,8.0,feeder2_1380,0.1992211264294246,1.0982316639614107,0.19917591427947925,1.098009989637239
480,8.0,feeder2_1550,0.1991680845740096,1.0981959503364236,0.19911885785280914,1.0979791678810604
480,8.0,feeder2_1386,0.20036379167140905,1.105427962467841,0.20031458975726088,1.1052111815672283
480,8.0,feeder2_1551,0.2005189386479268,1.105598401949441,0.20047017092640224,1.1053791727338464
480,8.0,feeder2_1400,0.20089985953806863,1.1088102455896847,0.20085374692680635,1.1085872962117795
480,8.0,feeder2_1552,0.2010286754934685,1.1089604141499612,0.20097812059287523,1.1087422598752077
480,8.0,feeder2_1408,0.20199615057291415,1.1157383939221484,0.2019476340076144,1.1155206576956243
480,8.0,feeder2_1553,0.202307760018123,1.1168582130668674,0.20226058445778147,1.1166367235210486
480,8.0,feeder2_1416,0.20251578568265377,1.119071648503499,0.20247127970677462,1.1188517623329426
480,8.0,feeder2_1530,0.19942464097014345,1.1189909273096128,0.1993753534497779,1.1187727588218783
480,8.0,feeder2_1425,0.20380664431387915,1.1256401714598931,0.20376009621709107,1.1254185454212882
480,8.0,feeder2_1589,0.21206202725235843,1.138152798819102,0.21201660806506312,1.1379345145503261
480,8.0,feeder2_1435,0.2038191141015505,1.1257411118482623,0.2037701111607658,1.1255236013892849
480,8.0,feeder2_1621,0.20372140157847046,1.125219034931379,0.20367516054849719,1.125001774787338
480,8.0,feeder2_1564,0.20413784644874974,1.1274158380856607,0.20409288203479908,1.1271977130876023
480,8.0,feeder2_1704,0.19117495655000066,1.0029459160014025,0.19111606791044455,1.002668603455049
480,8.0,feeder2_1525,0.19003835187464507,1.003412595731778,0.18997619771572086,1.0031298819594574
480,8.0,feeder2_1716,0.19240451173902853,1.0004308047960848,0.19234560078374188,1.000146571351227
480,8.0,feeder2_1537,0.18977597773836846,1.0030832808842787,0.1897165948542675,1.002795232144031
480,8.0,feeder2_1645,0.19059329906692182,1.0046233768820019,0.19053205558808042,1.0043384159866005
480,8.0,feeder2_1561,0.18930475448383158,1.0018204035556615,0.18924546537493203,1.0015254605959891
480,8.0,feeder2_1657,0.18925719183149223,1.001786138449367,0.1891979461028936,1.0014915882517548
480,8.0,feeder2_1570,0.18910277496524552,1.0012854449779403,0.18904400985629674,1.000990106014568
480,8.0,feeder2_1756,0.1862079827481054,1.0025236412691898,0.18614898773660632,1.0022280877228062
480,8.0,feeder2_1588,0.18895795811312519,1.0007259956251962,0.1888968323479155,1.0004288259437941
480,8.0,feeder2_1628,0.18891464057458138,1.0006958787389797,0.1888549620052857,1.0003983333787094
480,8.0,feeder2_1598,0.1887765171798759,1.0000294095679512,0.18871140949637025,0.9997351963838068
480,8.0,feeder2_1816,0.19191827516154422,0.9960689094646308,0.19185694333909595,0.9957698927797443
480,8.0,feeder2_1765,0.188770795957148,0.9999429032392426,0.18871107792445116,0.9996446609648334
480,8.0,feeder2_1641,0.187792693113799,0.9978488824360596,0.18773211631553924,0.9975402017184417
480,8.0,feeder2_1689,0.1873975703086764,0.9965111855455144,0.18733404962635888,0.9961949815681538
480,8.0,feeder2_1744,0.18625588359484752,0.9976848142938191,0.1861896635782788,0.9973778120102146
480,8.0,feeder2_1817,0.18757097425348385,0.9974721832884238,0.18750536314921493,0.9971586326096111
480,8.0,feeder2_1779,0.18739827295605832,0.9964916479875111,0.18733340148666505,0.9961737213848583
480,8.0,feeder2_1800,0.18744598358248682,0.9965697165030472,0.1873829746413651,0.9962507514027447
480,8.0,feeder2_1818,0.18381757823050468,0.9874944708658863,0.18374166546265547,0.9871597626864959
480,8.0,feeder2_1753,0.18566199122353794,0.9972255028807884,0.1856001419322794,0.9969147812163168
480,8.0,feeder2_1754,0.18532349983869179,0.9976726258091059,0.18526155542793818,0.9973616501503157
510,8.5,secondary,0.021210651609902664,0.022230001268077476,0.021216471797738452,0.02223209222241206
510,8.5,feeder2_44,0.03946816666695715,0.11592882392510567,0.03947678076238448,0.11593745198992841
510,8.5,feeder2_45,0.04005965861472533,0.11987888878163613,0.04006626471254347,0.11988889625818064
510,8.5,feeder2_46,0.046993102183008804,0.11151909235271257,0.047005391499139536,0.11152755094341563
510,8.5,feeder2_51,0.04110059776783445,0.12676169286436828,0.041108195256601546,0.12677241347995014
510,8.5,feeder2_48,0.03987812319415581,0.11972327818201867,0.039887757027960484,0.11973813115636357
510,8.5,feeder2_52,0.0395590346037591,0.12874633804504862,0.03956667533763386,0.1287555190400745
510,8.5,feeder2_68,0.04410715373613926,0.14532778313762168,0.04411777923004107,0.14534315883652624
510,8.5,feeder2_69,0.044236281894758034,0.1452886261627583,0.04424870506720945,0.14530569028225207
510,8.5,feeder2_71,0.04450825952752466,0.14778610156449437,0.04452114808587871,0.14780356586573504
510,8.5,feeder2_72,0.04428520458256284,0.1475986569253784,0.04429721526991321,0.14761600576613337
510,8.5,feeder2_73,0.04577426845815853,0.15550169444831863,0.04578531725602851,0.15552436510471035
510,8.5,feeder2_74,0.043877260599269136,0.16068438608347418,0.04389061602717304,0.1607043388298398
510,8.5,feeder2_77,0.046841973942844936,0.16128112031291153,0.04685461324916153,0.1613023897383101
510,8.5,feeder2_79,0.0483468374981167,0.16056111194251763,0.04835547855944259,0.1605816168345955
510,8.5,feeder2_81,0.04847314288310885,0.17061486872231268,0.04848642198790873,0.17063986538432113
510,8.5,feeder2_82,0.0463219332561111,0.16878724727323102,0.04633586902507721,0.16881050108076795
510,8.5,feeder2_116,0.05635176616164078,0.21461760431854202,0.056364006559539395,0.21465385013331736
510,8.5,feeder2_119,0.05636853198283183,0.2146847429958557,0.056383406694530264,0.21472726031179132
510,8.5,feeder2_120,0.05928567846050257,0.23088161041538768,0.05930212591939378,0.23092775695623463
510,8.5,feeder2_248,0.059327006338425206,0.23099987883754766,0.05934146090153078,0.23104521236477943
510,8.5,feeder2_124,0.061086637927503094,0.2408389994313733,0.06110087803587722,0.24088777949359286
510,8.5,feeder2_282,0.046810958132886576,0.23057766582124045,0.04682294768754945,0.230629825041139
510,8.5,feeder2_275,0.06040965381949147,0.2441720328964519,0.06042849148960547,0.2442208252290295
510,8.5,feeder2_151,0.06599179312830167,0.2630712171511277,0.06601065491647379,0.26312252000840786
510,8.5,feeder2_295,0.07348051340189937,0.26028967969711764,0.07349378935419908,0.2603323246350364
510,8.5,feeder2_311,0.06606499403863317,0.26304697435633606,0.06607788387628309,0.2630935473412672
510,8.5,feeder2_201,0.07339059888111621,0.3033596032863835,0.07340987366520048,0.3034181411865823
510,8.5,feeder2_314,0.07330686097247614,0.3032956896680202,0.07332627685208364,0.3033583288776623
510,8.5,feeder2_342,0.08407337740628688,0.36092505680967735,0.08409449301514607,0.36100635843739237
510,8.5,feeder2_368,0.08636484148614788,0.3715924578710663,0.0863852958694774,0.37167424564609564
510,8.5,feeder2_347,0.08544277654056963,0.36939630425396597,0.08546217433306154,0.3694791706997598
510,8.5,feeder2_353,0.0861444536257019,0.3736487701823412,0.08616238534028063,0.37373820039176425
510,8.5,feeder2_518,0.08536167121625156,0.3693355030552233,0.08538221934731187,0.3694237839998406
510,8.5,feeder2_365,0.08692253310834117,0.3783133267577889,0.08694546870909037,0.37840697755212066
510,8.5,feeder2_653,0.08618073470385947,0.37375217159870716,0.08620026853992155,0.37384089394769393
510,8.5,feeder2_377,0.08727179507372337,0.3812339655850989,0.08729127005398084,0.3813245929000499
510,8.5,feeder2_622,0.08873399035309543,0.37671576485069236,0.08875510741047678,0.37680923083920714
510,8.5,feeder2_451,0.08627262821563587,0.3715231524399168,0.08629788121103653,0.3716042254643692
510,8.5,feeder2_383,0.09026980046975315,0.38892089593808693,0.0902908713985074,0.38899814922748915
510,8.5,feeder2_385,0.08751003622981506,0.3856115524249691,0.08752983775650004,0.3857126929113983
510,8.5,feeder2_621,0.09487821562726853,0.37754116759576006,0.09489523593480827,0.37762997188716535
510,8.5,feeder2_611,0.09031471405676213,0.38901192582242644,0.09033922544636483,0.38909647720528323
510,8.5,feeder2_405,0.09051966726931356,0.38999997118891994,0.09054131489409227,0.3900777041202165
510,8.5,feeder2_461,0.08846314837950754,0.40376565337332715,0.08848429411525001,0.4038870147341501
510,8.5,feeder2_594,0.08754038716692282,0.3856899688026608,0.0875635336017285,0.3857897241657844
510,8.5,feeder2_732,0.08913558428296252,0.3924040494245972,0.08916231369071982,0.39248115197344563
510,8.5,feeder2_417,0.09245038459158561,0.3975720111465243,0.0924762339237569,0.3976560948503233
510,8.5,feeder2_663,0.09501199910981865,0.3950032990593983,0.09503736195817869,0.39508172852224105
510,8.5,feeder2_444,0.09373173276540779,0.40410082697121036,0.09375631236825203,0.4041819901479202
510,8.5,feeder2_759,0.0927106226522074,0.404439309209452,0.09273670427404769,0.4045237685067436
510,8.5,feeder2_842,0.0937800739009132,0.40407039300137143,0.09380509973218264,0.40415026931782844
510,8.5,feeder2_459,0.09421049246082763,0.40637540724669474,0.094237730991877,0.4064587433703735
510,8.5,feeder2_702,0.0923169616003449,0.40501020673197025,0.09234085021841,0.4050896765675915
510,8.5,feeder2_493,0.09625007004547503,0.41559645079770013,0.09627643290368341,0.4156802291259697
510,8.5,feeder2_651,0.08849496470725123,0.4037472728694671,0.08851666346883243,0.4038689940406222
510,8.5,feeder2_684,0.08924792011786609,0.4191042384090924,0.08927413850961803,0.41924406316793655
510,8.5,feeder2_674,0.09892238642930744,0.42227292479517214,0.09895416663434217,0.42235430076043645
510,8.5,feeder2_696,0.0968479921223521,0.4132904008533838,0.09687321049932855,0.4133693454741786
510,8.5,feeder2_681,0.10764030566663704,0.43864310454428357,0.10767398725418183,0.43872672625266057
510,8.5,feeder2_682,0.09884624488501632,0.42515685946675164,0.09887683351510557,0.4252430124064361
510,8.5,feeder2_728,0.0902622869091184,0.4242283405768375,0.09028660359569869,0.42436550058133576
510,8.5,feeder2_724,0.0878808119807294,0.4233855820943563,0.08790190776822177,0.42353706914468614
510,8.5,feeder2_703,0.099497343018582,0.41064440848637296,0.09952511768743168,0.4107269701459299
510,8.5,feeder2_704,0.09721881373136593,0.4130539468626913,0.09724547817041794,0.4131348840743053
510,8.5,feeder2_754,0.08779302183201924,0.42332847739852497,0.08781439928375025,0.42348581749411096
510,8.5,feeder2_747,0.08733452737167222,0.4252517325911522,0.0873566455028379,0.4254118561250168
510,8.5,feeder2_828,0.09221431977562282,0.42976528628258825,0.09223928106954621,0.42990107675813743
510,8.5,feeder2_763,0.09035529099561598,0.4236486572393442,0.09037852307236625,0.42378384484442566
510,8.5,feeder2_836,0.08739815989618784,0.42520847561065445,0.08742134528473504,0.4253700928307632
510,8.5,feeder2_758,0.0868643988602558,0.42691068184001985,0.08688779191369682,0.4270781048642981
510,8.5,feeder2_788,0.08680703088003118,0.42687530540267243,0.08683155938178379,0.42704321868264244
510,8.5,feeder2_812,0.08543947121575333,0.4322833932436865,0.08546485707955763,0.4324707993406898
510,8.5,feeder2_947,0.09017431515937203,0.42352722866662185,0.09019654203709802,0.42366824206439646
510,8.5,feeder2_868,0.08972583489799796,0.4235634752605756,0.08974952824621374,0.42370700273380074
510,8.5,feeder2_785,0.09057522421069224,0.4234418934464784,0.09059917683559425,0.42358270649182994
510,8.5,feeder2_1176,0.09418560896385333,0.41975454121670525,0.09421133105914853,0.4198944467799064
510,8.5,feeder2_846,0.09043384619937503,0.42441669047189035,0.09045741740270492,0.4245561151779551
510,8.5,feeder2_911,0.09054775296667042,0.423369441982543,0.09057195110029968,0.423510839189151
510,8.5,feeder2_1107,0.08549300626604178,0.4370153002404077,0.0855157908002353,0.43720079036177995
510,8.5,feeder2_920,0.08502745056130588,0.43254022618133936,0.08505176603445301,0.4327321864655669
510,8.5,feeder2_926,0.08440820057779375,0.4329262152113843,0.08443126639423264,0.4331221087341946
510,8.5,feeder2_1239,0.08503581024018515,0.43259031995977654,0.08505975519639414,0.4327775689377132
510,8.5,feeder2_933,0.08423994478978002,0.43291581203289975,0.08425967152430874,0.4331143366254496
510,8.5,feeder2_1146,0.08391249835902646,0.4338596899273836,0.08393510513539533,0.43406431463826955
510,8.5,feeder2_1124,0.08427321159034662,0.4328915419927094,0.08429362502276071,0.4330908107823451
510,8.5,feeder2_942,0.08381334690009937,0.43293334345562695,0.08383242160175376,0.43313888699238684
510,8.5,feeder2_952,0.08313897508505784,0.4325459958581193,0.08316090415056195,0.43276777424880564
510,8.5,feeder2_965,0.08381951385793714,0.4329944062855109,0.08384098231200975,0.43320010669307824
510,8.5,feeder2_961,0.08315589942172076,0.43247868726493854,0.08317646098394993,0.4327023537091034
510,8.5,feeder2_963,0.0831197629724945,0.4325521697482475,0.08314467172808496,0.4327767513483142
510,8.5,feeder2_973,0.0831807353657291,0.4309125631814844,0.08320025750723628,0.431137405202853
510,8.5,feeder2_1128,0.08327210300700144,0.43457491944104787,0.08329301850577406,0.43479330901863317
510,8.5,feeder2_1113,0.08265008891156014,0.4330852684953275,0.08267462738340231,0.4333089762245066
510,8.5,feeder2_1143,0.08241131650467762,0.43172371775406815,0.08243545233211036,0.4319506365799801
510,8.5,feeder2_1238,0.08257269066030411,0.43227906443385883,0.08259398352904926,0.43248997293456526
510,8.5,feeder2_979,0.08384856140352473,0.43314162608445617,0.0838718397276586,0.43334945630883065
510,8.5,feeder2_1236,0.08321872277868572,0.42861535330573064,0.08324201785862062,0.4288516053134651
510,8.5,feeder2_989,0.08318076335793982,0.4309122478899485,0.08320025750723628,0.431137405202853
510,8.5,feeder2_1196,0.08418603055915638,0.4337725866494711,0.08420664234465254,0.43398192374605093
510,8.5,feeder2_1158,0.08324194504881118,0.4308651601324194,0.08326426691348329,0.4310929288580814
510,8.5,feeder2_1122,0.08550867818921903,0.43894287126149567,0.08553143450699886,0.4391293461319748
510,8.5,feeder2_1258,0.0856885160632407,0.43688109801008085,0.08571231124708824,0.4370695686117427
510,8.5,feeder2_1303,0.0850007169966925,0.438616152558227,0.08502503446902984,0.4388040279578816
510,8.5,feeder2_1138,0.08555656719697416,0.440591814681258,0.08557955197108569,0.4407798123319336
510,8.5,feeder2_1304,0.0855723473581316,0.4406397896304952,0.08559861939050623,0.4408272168633833
510,8.5,feeder2_1212,0.08565170554111913,0.44404199070958655,0.08567651249528828,0.4442255029402157
510,8.5,feeder2_1311,0.08500174175481777,0.44458365176921094,0.08502373976375618,0.4447684421409535
510,8.5,feeder2_1290,0.0859910040009657,0.4479699250943752,0.08601425252946276,0.44815393349028276
510,8.5,feeder2_1325,0.08264707619366983,0.4287392511869852,0.08266681473766216,0.4289840190698949
510,8.5,feeder2_1248,0.08323347948247015,0.42859991303020345,0.08325695603530621,0.42883667276735016
510,8.5,feeder2_1249,0.08223269106807782,0.4320843991828561,0.08225478718232947,0.4322961978106405
510,8.5,feeder2_1250,0.08251619728611088,0.43224682659003744,0.08253758975541974,0.4324560090189669
510,8.5,feeder2_1366,0.08697339411918782,0.4246680326457133,0.08699585324767253,0.42490586257886087
510,8.5,feeder2_1266,0.0858493802374889,0.43677197821676594,0.0858714706076332,0.4369563368071097
510,8.5,feeder2_1372,0.08593888370795005,0.44793777295490794,0.08596195453202762,0.4481220815649354
510,8.5,feeder2_1363,0.08637064125792432,0.45223619390065695,0.08639355168223951,0.4524218524325094
510,8.5,feeder2_1446,0.08209318804277502,0.42939921716127943,0.08211493477280926,0.4296490183208066
510,8.5,feeder2_1502,0.08234037678784645,0.4282061823324423,0.08236334533927707,0.4284700474520567
510,8.5,feeder2_1428,0.08681789859082957,0.45360002243579567,0.08684237142958064,0.45378637346628137
510,8.5,feeder2_1380,0.08648340099269496,0.45525597977638976,0.08650776924174067,0.4554339989203178
510,8.5,feeder2_1550,0.08601608884167022,0.45566735231322786,0.08603909974864958,0.45585292733408744
510,8.5,feeder2_1386,0.08663706956915566,0.45657537301358414,0.08665803010535766,0.4567542320950963
510,8.5,feeder2_1551,0.0866813956606234,0.4566960363869298,0.08670590708663704,0.4568811080768697
510,8.5,feeder2_1400,0.0867054710251972,0.45717611916725404,0.08673003638820732,0.45735585070725093
510,8.5,feeder2_1552,0.0867582178571506,0.45732341950474364,0.08678220135097493,0.457508255556092
510,8.5,feeder2_1408,0.0868345887045893,0.4583476377320716,0.08685581206495915,0.45852715138403366
510,8.5,feeder2_1553,0.08598373538197032,0.4594503912631753,0.08600909666576857,0.45963296973248496
510,8.5,feeder2_1416,0.08690429973880345,0.45868736630770385,0.08692618972812591,0.458868234238652
510,8.5,feeder2_1530,0.08617983199375816,0.4592674306662702,0.0862017075883547,0.4594451958213224
510,8.5,feeder2_1425,0.08719348717210847,0.45911248878450606,0.08721683056078507,0.4592914796166576
510,8.5,feeder2_1589,0.08679646680786285,0.46198389323396144,0.086824233596335,0.462160478864915
510,8.5,feeder2_1435,0.08722813418590143,0.4589142403000011,0.08725167100306588,0.45909065216385586
510,8.5,feeder2_1621,0.08996580667736179,0.45651664064540415,0.08999118067227059,0.4566964961652932
510,8.5,feeder2_1564,0.08725132779746493,0.4590480063891623,0.08727525777958069,0.45922577811666765
510,8.5,feeder2_1704,0.08237145919735218,0.42818210555851466,0.08239316072916081,0.42843755602721023
510,8.5,feeder2_1525,0.08226111257836906,0.4280777711294547,0.0822858452947841,0.4283410857376241
510,8.5,feeder2_1716,0.08239425532405807,0.4279760016337898,0.08241598793232845,0.42823456838676177
510,8.5,feeder2_1537,0.08217140685167808,0.42794780505028995,0.08219635525950043,0.4282180004575667
510,8.5,feeder2_1645,0.08231401777995967,0.42850285273457417,0.08233735266068803,0.42876476392708024
510,8.5,feeder2_1561,0.08202378577959078,0.4274925148927641,0.08204660339826655,0.4277590290511896
510,8.5,feeder2_1657,0.08196779162371269,0.4274609380889234,0.08199035591474922,0.4277294963603022
510,8.5,feeder2_1570,0.08196301132863852,0.4273051659247633,0.08198731441767047,0.42757918653865995
510,8.5,feeder2_1756,0.08087726629657521,0.4285180514235012,0.08089455725387172,0.4287918602429361
510,8.5,feeder2_1588,0.08193781729181311,0.4270691040840405,0.08195903100748314,0.4273429460814925
510,8.5,feeder2_1628,0.08188752219750597,0.42704143867589195,0.08191167469025709,0.4273147039154422
510,8.5,feeder2_1598,0.08190905653787664,0.4267801612931724,0.08193087955842528,0.42705798953795937
510,8.5,feeder2_1816,0.08208866019209647,0.4266425947438462,0.08210733885257758,0.4269176865502617
510,8.5,feeder2_1765,0.082035071170049,0.4266836971051159,0.08205809215483893,0.4269572229758967
510,8.5,feeder2_1641,0.08176181087417679,0.425435911596769,0.08178398716271995,0.4257211692186211
510,8.5,feeder2_1689,0.08172712750111753,0.42458723022023276,0.08175226131446277,0.424880373377046
510,8.5,feeder2_1744,0.08148614063889252,0.42527461112950593,0.08150894902226737,0.42556163216302184
510,8.5,feeder2_1817,0.08174137369082365,0.4246762543784418,0.08176098510467694,0.42496461615414477
510,8.5,feeder2_1779,0.08239521006446919,0.4238842380617331,0.08241756074073074,0.424179039095364
510,8.5,feeder2_1800,0.08174370951839872,0.4246448397187853,0.0817658711369103,0.42493517793409324
510,8.5,feeder2_1818,0.08108706792122485,0.4221041956884738,0.08109978397126169,0.4224130972923725
510,8.5,feeder2_1753,0.08076438244811035,0.4248482052413249,0.08078699211716212,0.42513197975018163
510,8.5,feeder2_1754,0.08145245413566973,0.4252559275839994,0.08147367097084113,0.4255405374195856
540,9.0,secondary,0.015000884750531181,0.0074030586180912576,0.01499121800938287,0.007393476695428802
540,9.0,feeder2_44,0.027929650848904353,0.03862947626335638,0.027916247432518797,0.03860062193337531
540,9.0,feeder2_45,0.02847230377484056,0.039727281861803285,0.028459059620216765,0.03969641164017585
540,9.0,feeder2_46,0.025699939264613572,0.040417775796245066,0.025687019526783227,0.04038712919254148
540,9.0,feeder2_51,0.02941037781991092,0.04161239215870359,0.029394412812212042,0.04158413698576252
540,9.0,feeder2_48,0.02861542680974632,0.03993658333210718,0.028600100411034696,0.039908186701568496
540,9.0,feeder2_52,0.03238530584922922,0.03817026565742638,0.032366060189517695,0.03814251982793396
540,9.0,feeder2_68,0.03191394572941085,0.04823856045627382,0.03189689250828368,0.048205083898809085
540,9.0,feeder2_69,0.017681925520049394,0.05301576606810292,0.017684388725299156,0.05293952444458313
540,9.0,feeder2_71,0.03261098774130301,0.05051164435322188,0.03258991494531601,0.050479422131817574
540,9.0,feeder2_72,0.0872513600626846,0.11675053030232935,0.08722914252735409,0.1167227726035814
540,9.0,feeder2_73,0.033199776552006365,0.05042556429642024,0.03318717814492681,0.050404286314734655
540,9.0,feeder2_74,0.03357308120172243,0.049910598814832965,0.03355369801733258,0.04989547411447141
540,9.0,feeder2_77,0.033752267388914604,0.05132523962654849,0.033735773000617544,0.05131599806351388
540,9.0,feeder2_79,0.020195521050309067,0.042232462803451595,0.02017795174432422,0.0421997851997916
540,9.0,feeder2_81,0.0355888319625099,0.05938250362232287,0.03557244238432986,0.05939352051049533
540,9.0,feeder2_82,0.035631814360770675,0.05944162354532058,0.035617206886866815,0.05945259037841972
540,9.0,feeder2_116,0.0451665584760998,0.1144400672000646,0.04514971904883317,0.11450478652132572
540,9.0,feeder2_119,0.0452010498941442,0.11447109584595974,0.04518564588376001,0.11453836594318731
540,9.0,feeder2_120,0.04909953832485874,0.1376462316008945,0.0490803421754023,0.13772628672422127
540,9.0,feeder2_248,0.05102848102273844,0.13690969602078767,0.05101329137173412,0.13698643336235666
540,9.0,feeder2_124,0.05144192513446147,0.15240250652242862,0.05142811906282469,0.15248516063704817
540,9.0,feeder2_282,0.052485233818078646,0.1545835118185223,0.0524677752156873,0.15466496921131045
540,9.0,feeder2_275,0.06196965679411676,0.16139739649538185,0.061958480482789284,0.16149133794607126
540,9.0,feeder2_151,0.054928822660791764,0.17077025153886785,0.05491535243961037,0.17085773277454797
540,9.0,feeder2_295,0.05259105765661291,0.16823118878517954,0.05257751995332996,0.16831962714575582
540,9.0,feeder2_311,0.05481615282917388,0.17065263762816113,0.05479991252609316,0.17074272915170552
540,9.0,feeder2_201,0.06154633734844819,0.20529743747499515,0.06153086366154953,0.20539850504323523
540,9.0,feeder2_314,0.060378835954209654,0.20755166428677546,0.06036439615110387,0.20764911226729454
540,9.0,feeder2_342,0.07104786276890361,0.24972320450865268,0.0710322748139143,0.24983706515241108
540,9.0,feeder2_368,0.07095695079569711,0.25135987771837953,0.07094089275743,0.2514749624986023
540,9.0,feeder2_347,0.07602353863010897,0.268499609857606,0.07600708613678628,0.26861684620264836
540,9.0,feeder2_353,0.07849257626701488,0.2778502922688418,0.07847778832911487,0.27796941866172253
540,9.0,feeder2_518,0.07605514426056408,0.268533311993537,0.07604216117651451,0.26864655212031197
540,9.0,feeder2_365,0.08121482357783702,0.2879091335447474,0.08119838017492852,0.28802812842785547
540,9.0,feeder2_653,0.07907867217483824,0.27840755645526094,0.07905926513743226,0.2785313903677358
540,9.0,feeder2_377,0.08269503027239426,0.2933889339525067,0.08267811489837157,0.29351302532453805
540,9.0,feeder2_622,0.0811789265455044,0.28787114580863693,0.08116178907300828,0.28799125513539836
540,9.0,feeder2_451,0.07099290260260219,0.25139515777133425,0.0709762855757462,0.25150700985356084
540,9.0,feeder2_383,0.07080581196888702,0.25404711715665,0.07078856558082486,0.2541648645276412
540,9.0,feeder2_385,0.08458689769768332,0.30062337907023917,0.0845701824546781,0.3007475030437265
540,9.0,feeder2_621,0.08027102281299937,0.2907092239600619,0.08025377260246373,0.29083397765158064
540,9.0,feeder2_611,0.07137315153998441,0.2546232310288109,0.07136081856220598,0.25473863442469225
540,9.0,feeder2_405,0.07079209521819865,0.25418444108204014,0.07077426861299799,0.25430285423748766
540,9.0,feeder2_461,0.09183165967176089,0.3307302301932526,0.09181464126448269,0.3308562629858545
540,9.0,feeder2_594,0.08584092812376579,0.30014631100766087,0.08582541583784598,0.30027079185233785
540,9.0,feeder2_732,0.07267491501976503,0.253627687093867,0.07266305104873717,0.25374397697705453
540,9.0,feeder2_417,0.07057574422636513,0.25531158037973123,0.07056221028356373,0.25542873669205185
540,9.0,feeder2_663,0.07048469446652833,0.2552161457019819,0.07047213702614817,0.25533225718799984
540,9.0,feeder2_444,0.07042031419517611,0.2562021068081123,0.07040752758239989,0.2563195462843164
540,9.0,feeder2_759,0.06904272903186491,0.25866602616477485,0.06902217517946216,0.2587891057037314
540,9.0,feeder2_842,0.07032956061299768,0.25610565174808797,0.07031379823934024,0.25622492382165013
540,9.0,feeder2_459,0.07038033430712495,0.25636732828031955,0.07036765777277317,0.2564859080002314
540,9.0,feeder2_702,0.06900184623133108,0.26009347765546786,0.06898539181964385,0.2602138040755401
540,9.0,feeder2_493,0.07025722025771418,0.2556071669271279,0.07024639275187301,0.25572321750506305
540,9.0,feeder2_651,0.09133722544483283,0.3299688011611148,0.0913204119084248,0.3300982803586134
540,9.0,feeder2_684,0.09797055110388349,0.35627406158922653,0.09795427320144177,0.35640596375681965
540,9.0,feeder2_674,0.07199768063659695,0.2565883482661249,0.07198661860143095,0.25670798173556764
540,9.0,feeder2_696,0.0683657043010312,0.2484565887887294,0.06835432371413275,0.24857272388384877
540,9.0,feeder2_681,0.07644545216723667,0.25894229857135553,0.07643541161703203,0.25906210555064446
540,9.0,feeder2_682,0.07259648377297746,0.2571931716896406,0.07257945302193387,0.2573173325233278
540,9.0,feeder2_728,0.09990990701665978,0.36324032301485615,0.09989345128946642,0.36337485762734223
540,9.0,feeder2_724,0.10105160633914988,0.36641854808684493,0.1010331061941341,0.366553030488629
540,9.0,feeder2_703,0.06760520548043804,0.247646999331825,0.0675940149582447,0.24776256411630718
540,9.0,feeder2_704,0.06650718516932462,0.24606772864337545,0.06649250747358494,0.24618591371299964
540,9.0,feeder2_754,0.10108645769713906,0.3664620680187839,0.10106639832411629,0.36659693390342146
540,9.0,feeder2_747,0.10230655330299182,0.3705747586680945,0.10228490927877824,0.37071236241939476
540,9.0,feeder2_828,0.1008861599865861,0.3637455973626705,0.10086831726603071,0.36388051737569116
540,9.0,feeder2_763,0.10249737319819739,0.37263398007408643,0.10248039490545265,0.3727669846380244
540,9.0,feeder2_836,0.10220439299941865,0.3704668940127126,0.10217922320870854,0.3706058239875978
540,9.0,feeder2_758,0.1033977697666686,0.3742128109096565,0.10337359717532751,0.3743524305356295
540,9.0,feeder2_788,0.10262928347622463,0.37565632476611605,0.10260993222102877,0.37579159985247224
540,9.0,feeder2_812,0.1067879929685942,0.3836572687425719,0.10676285800013552,0.38379839846549385
540,9.0,feeder2_947,0.10256671580162541,0.37271915175846293,0.10255444542346623,0.37284858779814634
540,9.0,feeder2_868,0.10461375741314059,0.37720870178330684,0.1045979355978544,0.37733502164343147
540,9.0,feeder2_785,0.10321047158137414,0.3755030134946866,0.10319776174288264,0.37563731432505454
540,9.0,feeder2_1176,0.10300419058235373,0.37528526811841323,0.10298867785499262,0.3754197911178494
540,9.0,feeder2_846,0.11041722024040716,0.3800874120350754,0.11040194318738888,0.3802300974142396
540,9.0,feeder2_911,0.10322875039860128,0.37554088766112015,0.10321348259090068,0.3756762053984948
540,9.0,feeder2_1107,0.1115537062512633,0.3986784938198019,0.11153170985158257,0.3988142718359038
540,9.0,feeder2_920,0.10642642890837213,0.382179161823426,0.10640402832827606,0.3823219314008374
540,9.0,feeder2_926,0.10576940588015761,0.3802120833222494,0.10575062898105024,0.3803523495507093
540,9.0,feeder2_1239,0.10656628656248528,0.38190777728811065,0.10654342527347249,0.3820516086090841
540,9.0,feeder2_933,0.10547442040020176,0.37933372566306056,0.10545419601960761,0.37947629224916657
540,9.0,feeder2_1146,0.10578896699070582,0.3802594044492928,0.10576633034031213,0.38040416349862827
540,9.0,feeder2_1124,0.10542005073067423,0.3792766331722688,0.10539729326309148,0.3794200354803171
540,9.0,feeder2_942,0.10473775765597844,0.37716968810299745,0.10471604514112932,0.37731385031937165
540,9.0,feeder2_952,0.10313229408241173,0.3747546330932081,0.10311117535237553,0.3749004692815616
540,9.0,feeder2_965,0.10480508195114463,0.3770734727310149,0.10477890051822308,0.37721988297511244
540,9.0,feeder2_961,0.10295748878482078,0.3743947236460194,0.10293798515096451,0.37454019847481984
540,9.0,feeder2_963,0.10313260308019792,0.3747766248610319,0.10310912812230816,0.37492353173870235
540,9.0,feeder2_973,0.10201841626466612,0.3722632748647949,0.1019950327650959,0.3724100785160053
540,9.0,feeder2_1128,0.10297421660076723,0.3747941986887451,0.10295160511558797,0.37493810855682835
540,9.0,feeder2_1113,0.10315190634133445,0.3748017416040705,0.10312944829998667,0.3749474007767424
540,9.0,feeder2_1143,0.10312959039009051,0.3762469679662094,0.10310657376011487,0.3763924047960869
540,9.0,feeder2_1238,0.1051246760368648,0.37756545122858,0.1051071535250795,0.3777087196784779
540,9.0,feeder2_979,0.10488099743244557,0.3769135106071161,0.10485854580052968,0.37706014084147416
540,9.0,feeder2_1236,0.10082407455300063,0.36982901507100374,0.1008062972234667,0.36997278177205195
540,9.0,feeder2_989,0.10201653859303142,0.3722568085363973,0.10198881585793296,0.37240520336181054
540,9.0,feeder2_1196,0.10648567073810285,0.3761181892661212,0.10646705234853036,0.37626256119357526
540,9.0,feeder2_1158,0.1014375226630958,0.3715518354404316,0.10142140578721312,0.3716945198761556
540,9.0,feeder2_1122,0.11345962810115394,0.404778763766966,0.113440877782857,0.4049144263727918
540,9.0,feeder2_1258,0.11126961381334732,0.39837868974888224,0.11124583285339937,0.3985190506471867
540,9.0,feeder2_1303,0.1136117594349289,0.4050290089691112,0.11359070639400458,0.4051649988299963
540,9.0,feeder2_1138,0.11493753944230303,0.40951350262944897,0.11491784566842583,0.4096461292225439
540,9.0,feeder2_1304,0.11496551841109885,0.4095353845421661,0.1149452185821851,0.4096718428924337
540,9.0,feeder2_1212,0.11806720910724922,0.41951832935464806,0.11804102476163261,0.4196586848517305
540,9.0,feeder2_1311,0.11734242812783172,0.4210459004092986,0.11731682026160473,0.42118417462748153
540,9.0,feeder2_1290,0.12193615457108578,0.43064083056258523,0.12191209503559129,0.4307763182844926
540,9.0,feeder2_1325,0.09963038940396932,0.36835502436953227,0.09960401858988696,0.36850429535353646
540,9.0,feeder2_1248,0.10081687702914208,0.3698210182132258,0.10079777286522869,0.3699637611563212
540,9.0,feeder2_1249,0.10513518992275016,0.3775801834263594,0.10511233094663854,0.3777250039611773
540,9.0,feeder2_1250,0.10532673274304273,0.3778756522518428,0.10530960361215201,0.37801757731432634
540,9.0,feeder2_1366,0.0995095862767455,0.3683229789108853,0.09948646705392554,0.36846848816437017
540,9.0,feeder2_1266,0.11104311717426249,0.39813932282647896,0.11102435320268528,0.39827275469759393
540,9.0,feeder2_1372,0.12568749422379347,0.4365615031822307,0.125663729998764,0.4366901896627359
540,9.0,feeder2_1363,0.1237789931272042,0.4355021028986097,0.1237547604267368,0.43564143168112995
540,9.0,feeder2_1446,0.09916744318143758,0.36928677514603037,0.09914528723815341,0.3694334410922994
540,9.0,feeder2_1502,0.09829460348321631,0.3655301053613564,0.09827389291082414,0.36567919104675334
540,9.0,feeder2_1428,0.12954562397949676,0.4364088121936444,0.12952102407331126,0.4365524168867917
540,9.0,feeder2_1380,0.12492562659654918,0.43920167757477513,0.12490273638687416,0.4393413466550666
540,9.0,feeder2_1550,0.12367576798856877,0.4427583710863332,0.12364921228466763,0.4428992434213525
540,9.0,feeder2_1386,0.12542842549660652,0.4392609333277541,0.12540666516385127,0.43940022582229
540,9.0,feeder2_1551,0.12838559824022538,0.437846852699306,0.1283588485280583,0.4379900597170353
540,9.0,feeder2_1400,0.1255352763236197,0.4395616679444176,0.12551598453712545,0.43970107704894595
540,9.0,feeder2_1552,0.1274062583146761,0.43872112654069695,0.12738173893899363,0.43886372305421956
540,9.0,feeder2_1408,0.12557401212897598,0.44053991737493603,0.12554714892232516,0.44068178994245194
540,9.0,feeder2_1553,0.12564583880037297,0.44060972167359497,0.1256226715778456,0.440749761083717
540,9.0,feeder2_1416,0.12559394325515816,0.44103304695681333,0.12557080849258692,0.44117409908264726
540,9.0,feeder2_1530,0.12547494397837103,0.4437086849254591,0.12544982458429474,0.44384816318846265
540,9.0,feeder2_1425,0.12547369853512172,0.44065394412754433,0.12544792669866603,0.44079360655461286
540,9.0,feeder2_1589,0.12551989338393635,0.4406883991455399,0.12549607858632375,0.44083031158033287
540,9.0,feeder2_1435,0.12544928259838464,0.44057381438267434,0.12542895882718427,0.44071020513200504
540,9.0,feeder2_1621,0.12477126792478149,0.43976592302513673,0.12474744533690622,0.43990820024484
540,9.0,feeder2_1564,0.1254509596496989,0.4406543559505291,0.12542793804186644,0.44079152988331405
540,9.0,feeder2_1704,0.09780742487295127,0.3649653259993374,0.09778707151507939,0.3651144780173851
540,9.0,feeder2_1525,0.09802656203293884,0.3650527692187352,0.09800062299450811,0.3652043515374342
540,9.0,feeder2_1716,0.09461138282869715,0.3613803701256024,0.09458590857260854,0.3615322798335175
540,9.0,feeder2_1537,0.09785717803130929,0.3651078454227992,0.09783008576632907,0.3652616355301635
540,9.0,feeder2_1645,0.09837709560889395,0.3654244493010148,0.09835447955493372,0.36557770393899
540,9.0,feeder2_1561,0.09764846549766001,0.3649586093329306,0.09762171646283216,0.3651122655688411
540,9.0,feeder2_1657,0.09787905624682469,0.3652926038507182,0.097856653372184,0.36544200221137807
540,9.0,feeder2_1570,0.09753400107285311,0.36482521676355134,0.0975157276216048,0.36497408927586994
540,9.0,feeder2_1756,0.09611381508985578,0.3677454711260378,0.09608597815476465,0.3679024922913808
540,9.0,feeder2_1588,0.09742767837780315,0.3645150260055625,0.09739999552803691,0.36467090992784856
540,9.0,feeder2_1628,0.09701923477758548,0.36532683139161054,0.09699127936517463,0.3654819057909861
540,9.0,feeder2_1598,0.0972947283920425,0.3638905529483677,0.09726530854394959,0.36404737360265277
540,9.0,feeder2_1816,0.09597270865790843,0.3625060815434839,0.09594718035459208,0.3626615871000649
540,9.0,feeder2_1765,0.09710265016733473,0.36368908647384324,0.0970826897542707,0.3638413003942717
540,9.0,feeder2_1641,0.09673959465222663,0.36134981901027347,0.09671338687919478,0.361506713374856
540,9.0,feeder2_1689,0.09620249697836859,0.35898256767229514,0.09617738013356704,0.3591412287241234
540,9.0,feeder2_1744,0.0968267014386459,0.3615017262456224,0.0968016755492232,0.3616561936276914
540,9.0,feeder2_1817,0.09620436266536556,0.3590289582299658,0.0961839520535615,0.35918799664514994
540,9.0,feeder2_1779,0.09492900699814831,0.35757203838575086,0.09490492666305717,0.3577294157559735
540,9.0,feeder2_1800,0.09739467881950326,0.3583287829677314,0.09737437753864876,0.3584876280261191
540,9.0,feeder2_1818,0.0936884108037729,0.3563380552113307,0.0936693249038443,0.3565009768162752
540,9.0,feeder2_1753,0.09704082036344923,0.36189222419822153,0.0970176255666782,0.36204768128120374
540,9.0,feeder2_1754,0.09684092531138083,0.36152198471892977,0.09681925113395064,0.36167361377999047
570,9.5,secondary,0.016883097157816045,0.04488248586346422,0.01687348952486929,0.044877833286147424
570,9.5,feeder2_44,0.03145759747162292,0.23437394691713057,0.031438572765381874,0.2343471068136772
570,9.5,feeder2_45,0.03205959573442144,0.24188337588535022,0.03204230504946016,0.24185790279433664
570,9.5,feeder2_46,0.02996446203207723,0.2328961071838488,0.029941839374485815,0.23287183858218902
570,9.5,feeder2_51,0.033100151352524566,0.2544358382192856,0.03307866250314315,0.25441012911784505
570,9.5,feeder2_48,0.030761777365465894,0.24515055094533567,0.03074251133705752,0.245126641829719
570,9.5,feeder2_52,0.03321376354602559,0.25453139774801403,0.03318981866889058,0.2545058905509112
570,9.5,feeder2_68,0.03603951403982942,0.28982234016470687,0.036016530359566194,0.2897940176463232
570,9.5,feeder2_69,0.011723033460170992,0.23957131092874503,0.01174657062170761,0.23954072909654547
570,9.5,feeder2_71,0.036912335395361824,0.2971206274734329,0.03688962234968224,0.2970916407064829
570,9.5,feeder2_72,0.08464187595547018,0.34363030174714454,0.08462041884084628,0.34358868772008017
570,9.5,feeder2_73,0.038255244904813614,0.3157495228651489,0.03822634273857868,0.3157226260174362
570,9.5,feeder2_74,0.05406897397289849,0.3255572676968391,0.054045952674953504,0.32553518417290517
570,9.5,feeder2_77,0.0393608841993261,0.33009101333094426,0.03933337770783164,0.33006236682429024
570,9.5,feeder2_79,0.03715989644230478,0.3277003650298399,0.03713671159771947,0.327672348104955
570,9.5,feeder2_81,0.04129924469104027,0.353799081258102,0.04127248302584691,0.3537686964210151
570,9.5,feeder2_82,0.04032271486924403,0.35589929900580036,0.040297634926539275,0.3558688297918908
570,9.5,feeder2_116,0.05011373070713543,0.45915470025974575,0.05008234205961294,0.4591214319367022
570,9.5,feeder2_119,0.05338956319114143,0.4593372113664004,0.053359554596639006,0.4593058283718299
570,9.5,feeder2_120,0.0531553421076272,0.49816974063929714,0.05312216878466707,0.49813986799134735
570,9.5,feeder2_248,0.05798570971761069,0.5020342512546272,0.0579503823594562,0.5020074736392399
570,9.5,feeder2_124,0.05491736867234186,0.5204387939683818,0.0548859787522423,0.5204028680866626
570,9.5,feeder2_282,0.05580136078828492,0.5216539084861184,0.05576720090511408,0.5216187328466129
570,9.5,feeder2_275,0.06284760643905535,0.5264933519533541,0.06280947151745198,0.5264679512291376
570,9.5,feeder2_151,0.05745664974168849,0.5541566345006801,0.05741689330593297,0.5541210124725984
570,9.5,feeder2_295,0.055826170109501645,0.5524376014902946,0.05578924139958548,0.5524001049800747
570,9.5,feeder2_311,0.057343871652907774,0.554038974418634,0.05730118506148187,0.5540058308163441
570,9.5,feeder2_201,0.0623027801227241,0.6130154940170038,0.06226040010450729,0.6129715409033699
570,9.5,feeder2_314,0.06125443778643391,0.6152875179616537,0.06121571399056476,0.6152415491518763
570,9.5,feeder2_342,0.06927455106053143,0.6919807945223037,0.06922864821333155,0.6919265482063937
570,9.5,feeder2_368,0.06956400526932759,0.6957709906616482,0.0695169823869599,0.6957192703243533
570,9.5,feeder2_347,0.07270825960895066,0.723760378634071,0.07265485400450669,0.723701737862244
570,9.5,feeder2_353,0.07444476322900792,0.7396290640297947,0.07439501925061284,0.7395611737128595
570,9.5,feeder2_518,0.07275298208554143,0.7237985122927006,0.07270537000299901,0.7237392378829618
570,9.5,feeder2_365,0.07639683941207714,0.7570547297739516,0.07634248936243267,0.7569854919308836
570,9.5,feeder2_653,0.07481656173055959,0.7400035510553478,0.07477009127847199,0.7399349821400611
570,9.5,feeder2_377,0.07747038318729826,0.7665501143963993,0.07742074410178142,0.7664770775810001
570,9.5,feeder2_622,0.07636037717048481,0.7570167360035213,0.07630747110890101,0.7569507001011619
570,9.5,feeder2_451,0.06961068683041265,0.6958114903488081,0.06956476546746938,0.6957586058405919
570,9.5,feeder2_383,0.07005750597700998,0.7019626309744129,0.07001392744481807,0.7019102359982066
570,9.5,feeder2_385,0.07882591985300468,0.7781241716111162,0.0787725098910251,0.7780504841434688
570,9.5,feeder2_621,0.07572547159195808,0.7647334100206579,0.07567949771185448,0.764656465015666
570,9.5,feeder2_611,0.07200386727326852,0.7020582189074592,0.07196243075580562,0.7020067589104929
570,9.5,feeder2_405,0.0700666424682347,0.7023390513581868,0.07002224034522915,0.7022883349570874
570,9.5,feeder2_461,0.08453596866624814,0.8208697274523962,0.08448626424667945,0.8207753317413161
570,9.5,feeder2_594,0.08115316400250075,0.7804110296572677,0.08110245537028293,0.7803347153850532
570,9.5,feeder2_732,0.07015408028972375,0.7024304044057114,0.0701129034140863,0.7023778310505481
570,9.5,feeder2_417,0.07013705622803212,0.705160589956814,0.0700950193275873,0.7051091987709565
570,9.5,feeder2_663,0.06973951909799173,0.7047433207668417,0.06969106129290324,0.7046980120844352
570,9.5,feeder2_444,0.07022999486393643,0.7074427075917328,0.07018880347687274,0.707392296253044
570,9.5,feeder2_759,0.07030316848666775,0.7075129367668359,0.0702586662678886,0.7074661551031872
570,9.5,feeder2_842,0.06855883587397492,0.7056922199767451,0.06850998949421057,0.7056471393265664
570,9.5,feeder2_459,0.07028895943997968,0.708341602584982,0.07024230412230258,0.7082939384756949
570,9.5,feeder2_702,0.06939686258851735,0.7123784389553576,0.06935356003949385,0.7123297228634511
570,9.5,feeder2_493,0.07048086927325727,0.7102484016958872,0.07043918343073298,0.710197416297791
570,9.5,feeder2_651,0.08448501754107242,0.8208163089980935,0.08443400000082935,0.8207234871291491
570,9.5,feeder2_684,0.0893849745846488,0.8561124459761936,0.08933030569282374,0.8560074196840538
570,9.5,feeder2_674,0.0725184143612596,0.7119862040123787,0.0724761846141889,0.711936102413029
570,9.5,feeder2_696,0.0696650878551853,0.7072498365636486,0.06962313244405464,0.7071989633531743
570,9.5,feeder2_681,0.07255985839421247,0.7120291313109678,0.07252002391578403,0.7119817630088497
570,9.5,feeder2_682,0.0815917768115225,0.7192197267272017,0.08155100107337866,0.7191746998672209
570,9.5,feeder2_728,0.0897248897657117,0.8584045096010511,0.08966824298125303,0.8583033856318247
570,9.5,feeder2_724,0.09391490646233844,0.8872715809571804,0.0938589296438455,0.8871548222148723
570,9.5,feeder2_703,0.06888809130941227,0.7064358520201524,0.06884249303108413,0.7063885964829791
570,9.5,feeder2_704,0.06883990652513997,0.7063550758406253,0.0687934131954449,0.7063107057343352
570,9.5,feeder2_754,0.09362552828552892,0.8887405860164161,0.09356298878374192,0.8886285165797011
570,9.5,feeder2_747,0.09575258904873937,0.8993301436905512,0.09569463186494331,0.8992075120197257
570,9.5,feeder2_828,0.09006712753814887,0.8588036289703795,0.09001015391896343,0.8587022940516
570,9.5,feeder2_763,0.09020160384500897,0.8611035637898513,0.09014625118930597,0.8610032770408396
570,9.5,feeder2_836,0.09370950288826896,0.8978665256223768,0.09365083318682686,0.8977419616197289
570,9.5,feeder2_758,0.09762019955809546,0.9105112624881537,0.09756274070954546,0.91038289442761
570,9.5,feeder2_788,0.09703726975870354,0.9133861581108991,0.09698178998101786,0.9132596195879343
570,9.5,feeder2_812,0.10319979322328524,0.941448304555347,0.10314018106381952,0.9413056763111504
570,9.5,feeder2_947,0.0903260950306732,0.8612008245812224,0.0902684610592793,0.8610989653719974
570,9.5,feeder2_868,0.09065496331071243,0.8624896654745353,0.09060248035313674,0.8623843868498473
570,9.5,feeder2_785,0.09029374260115251,0.8617897628399938,0.09023841549634325,0.8616851284483158
570,9.5,feeder2_1176,0.08909305420360075,0.8605333458976757,0.08904033664701594,0.8604286697451076
570,9.5,feeder2_846,0.09170970265659371,0.8619407845174655,0.09165808347399346,0.861836756184412
570,9.5,feeder2_911,0.09032972255657386,0.8635003101375174,0.09027659981544808,0.8633964519257565
570,9.5,feeder2_1107,0.11024669136874318,0.9703988848904885,0.11018279249460847,0.970252273097664
570,9.5,feeder2_920,0.10284658952914695,0.9422670590552086,0.1027819887104723,0.9421300964792227
570,9.5,feeder2_926,0.1023240488436253,0.9434812211769761,0.10226013480188084,0.9433376839311336
570,9.5,feeder2_1239,0.10284367423380303,0.9422934767557755,0.10278086636855617,0.9421523199104859
570,9.5,feeder2_933,0.1020881918166873,0.9440137513235389,0.10202245770149387,0.943873444968509
570,9.5,feeder2_1146,0.10234770799630612,0.9435343879326952,0.10228513618359356,0.943392611529986
570,9.5,feeder2_1124,0.10203571412697168,0.9439567935645007,0.10196887423424385,0.9438179883212116
570,9.5,feeder2_942,0.1015000481382674,0.9454324589506253,0.1014322824326572,0.9452902550840261
570,9.5,feeder2_952,0.10001447691880404,0.9472205329549227,0.09994460573733517,0.947073510241014
570,9.5,feeder2_965,0.10158059667380179,0.9454765974925297,0.10151454473507295,0.9453311569798774
570,9.5,feeder2_961,0.09984453501392392,0.9473123700025164,0.09977865703723252,0.9471619835067384
570,9.5,feeder2_963,0.10001655565131987,0.9472426824622996,0.09994723544651353,0.9470938033351874
570,9.5,feeder2_973,0.09918262665876657,0.9449780487436481,0.09911399952164594,0.944823513559332
570,9.5,feeder2_1128,0.09945446224785882,0.9522472229163547,0.09938692707850258,0.9521002002303417
570,9.5,feeder2_1113,0.10005094019687231,0.9472690870895143,0.09998323689726957,0.9471200586222815
570,9.5,feeder2_1143,0.10013169670618784,0.9487208171535465,0.10006634986990119,0.9485698469048673
570,9.5,feeder2_1238,0.1023648274949422,0.9487669474068761,0.10230040692650597,0.9486187500980224
570,9.5,feeder2_979,0.10164451797766647,0.9452778237584442,0.10157433959419215,0.9451369225230245
570,9.5,feeder2_1236,0.09828465561183734,0.9420148111757528,0.09821257010606628,0.9418577327695175
570,9.5,feeder2_989,0.09918191154335487,0.9449733929371115,0.09911113352144386,0.9448208989964723
570,9.5,feeder2_1196,0.10337633573102178,0.9443107525131901,0.10330761428042809,0.9441717021500209
570,9.5,feeder2_1158,0.09863840106856528,0.9443994402766283,0.09857144930408268,0.9442470588494869
570,9.5,feeder2_1122,0.11345930192296302,0.9835171632369797,0.11339668401622112,0.9833700074996617
570,9.5,feeder2_1258,0.10789785887846395,0.9685215440766467,0.10783830237023825,0.9683737731626039
570,9.5,feeder2_1303,0.11458447103915796,0.9863027850613054,0.11452267734217167,0.9861529401475663
570,9.5,feeder2_1138,0.11581912983518172,0.9929722834809319,0.11575352894725918,0.9928233061160849
570,9.5,feeder2_1304,0.11751789453959714,0.9926736043416043,0.11745718681234847,0.9925249881136722
570,9.5,feeder2_1212,0.12075069138048058,1.0131934333305737,0.12068882194450486,1.013039365262135
570,9.5,feeder2_1311,0.12084166428956887,1.0132716743682637,0.1207831823768382,1.0131172384897749
570,9.5,feeder2_1290,0.12687068068561672,1.0384051434501818,0.12680761856827621,1.0382459230196512
570,9.5,feeder2_1325,0.0974459938785797,0.9404302284057574,0.09737025902960075,0.9402671837449399
570,9.5,feeder2_1248,0.09827387926967593,0.9420034162515409,0.09820057865318658,0.9418456513853639
570,9.5,feeder2_1249,0.10238456711156106,0.9487828176918215,0.10231401925549427,0.9486423171118477
570,9.5,feeder2_1250,0.10292951518908038,0.9510359043414898,0.10286644232713922,0.9508892552101682
570,9.5,feeder2_1366,0.09699016705074427,0.9406640116757748,0.09691588402334565,0.9405067926131185
570,9.5,feeder2_1266,0.10631535996734745,0.9671245298864454,0.10625345508753171,0.9669771538340536
570,9.5,feeder2_1372,0.12742785789583563,1.03879923209623,0.12736176575998776,1.0386422134067514
570,9.5,feeder2_1363,0.13327927398239264,1.0652850361992576,0.1332167794621412,1.0651208828993268
570,9.5,feeder2_1446,0.097498456457553,0.9404726643407141,0.09742714683993928,0.9403019326712238
570,9.5,feeder2_1502,0.09650199494024146,0.9386214421914159,0.09642696522685848,0.938445277043669
570,9.5,feeder2_1428,0.13353296736679854,1.0653777793752512,0.13347002826972532,1.0652169722115448
570,9.5,feeder2_1380,0.14116251113142675,1.0980800501218948,0.14110487624650422,1.0979083075280327
570,9.5,feeder2_1550,0.14261553224499296,1.0990222438025021,0.1425568859791121,1.098848862549916
570,9.5,feeder2_1386,0.1448535531792853,1.113836065202186,0.14479438754339463,1.1136615952682065
570,9.5,feeder2_1551,0.14751705557954087,1.1119214800237904,0.1474558143938884,1.1117512692756266
570,9.5,feeder2_1400,0.14653175302062882,1.1217504962042788,0.14647174254910936,1.1215779297116943
570,9.5,feeder2_1552,0.14667223948064836,1.1219762997476386,0.1466157928767227,1.121801091495546
570,9.5,feeder2_1408,0.15005379179999256,1.1380634715571698,0.14999062301199312,1.1378887999063747
570,9.5,feeder2_1553,0.1500631440047075,1.1381093286256676,0.15000514746678117,1.1379329530397118
570,9.5,feeder2_1416,0.1518979712165337,1.1465843652183287,0.15183883348040758,1.1464034832317676
570,9.5,feeder2_1530,0.17426477605429996,1.180054954520991,0.17421261822157094,1.1798711487100604
570,9.5,feeder2_1425,0.15174908127747092,1.146300541571915,0.15168855231469272,1.146123893848327
570,9.5,feeder2_1589,0.15176013060457622,1.1463203361200665,0.1517034322450443,1.1461397011595058
570,9.5,feeder2_1435,0.15171969108285877,1.1462409528101447,0.1516629759346057,1.1460606077121342
570,9.5,feeder2_1621,0.15052872344509374,1.1456890310231422,0.15047178370541264,1.1455110189260587
570,9.5,feeder2_1564,0.15170675146634047,1.146297283445138,0.15164865069101127,1.146119065581425
570,9.5,feeder2_1704,0.09482272470822418,0.9375380700943567,0.09474373365861052,0.9373655223349396
570,9.5,feeder2_1525,0.09643962529037343,0.9386308413733322,0.09636078467072448,0.9384549684265464
570,9.5,feeder2_1716,0.09173800175201703,0.9351155157021954,0.09165813508892408,0.9349385988900036
570,9.5,feeder2_1537,0.09655565934025975,0.9392477184191858,0.09647627626044918,0.9390727021047273
570,9.5,feeder2_1645,0.09739334008401591,0.9391354424905669,0.09731132880305324,0.938961218350141
570,9.5,feeder2_1561,0.09665625216135801,0.939950939304378,0.09657226675401033,0.9397727922296715
570,9.5,feeder2_1657,0.0970472297048966,0.9412652030963347,0.09696795903611116,0.9410827108389065
570,9.5,feeder2_1570,0.09664807210221482,0.9399506622942847,0.0965716585333038,0.9397623604291829
570,9.5,feeder2_1756,0.09681768280267661,0.9400862777689047,0.09673622870195481,0.9399054290807605
570,9.5,feeder2_1588,0.09663778649399589,0.9399430014100527,0.0965613306688279,0.9397566250457047
570,9.5,feeder2_1628,0.0966774259272276,0.9399733102965941,0.0966014060413226,0.9397854419449353
570,9.5,feeder2_1598,0.09662220738846003,0.9399259179047308,0.09654389428283604,0.9397414743488273
570,9.5,feeder2_1816,0.09299044119284373,0.9359799068353815,0.09290979486806851,0.9357941197837196
570,9.5,feeder2_1765,0.09643913267105093,0.9397244545417781,0.09635935208286599,0.9395393111507216
570,9.5,feeder2_1641,0.09673735823339337,0.9411602904961094,0.09665473504544407,0.9409695358544875
570,9.5,feeder2_1689,0.09634715990559876,0.9389859700932961,0.0962644567207234,0.9387894206590648
570,9.5,feeder2_1744,0.09719257766682897,0.9432625100843737,0.09711600130362208,0.943066608456975
570,9.5,feeder2_1817,0.09634057031908277,0.9390340325868728,0.09625618051091353,0.9388361810113833
570,9.5,feeder2_1779,0.09542825509984705,0.937909312639304,0.09534367280188309,0.9377128656680207
570,9.5,feeder2_1800,0.09791355584403238,0.9380777628975882,0.09782720155451555,0.9378829708067228
570,9.5,feeder2_1818,0.09069017870357252,0.9333638505789426,0.09059282273574368,0.93315214689105
570,9.5,feeder2_1753,0.09899829351269963,0.9471713431440076,0.09891839112581874,0.9469752886260187
570,9.5,feeder2_1754,0.09714810832948997,0.9438666464109161,0.09706479051396502,0.9436759496670215
600,10.0,secondary,0.045771646875929876,0.06102884120058593,0.045776372807458374,0.061035600603588334
600,10.0,feeder2_44,0.08529669989710918,0.31873504253797835,0.08531021764286742,0.3187693726430336
600,10.0,feeder2_45,0.08678517524793022,0.32874383309149874,0.08679720082532158,0.32877834600382233
600,10.0,feeder2_46,0.08532593815572362,0.3186217526109348,0.08533685271451268,0.3186599077386068
600,10.0,feeder2_51,0.08938125409935016,0.3461534524338366,0.08939400812476299,0.34618710375434286
600,10.0,feeder2_48,0.08660218414138152,0.3286796656923786,0.08661389816577911,0.3287158597439961
600,10.0,feeder2_52,0.08954641041768059,0.3463844223318327,0.08955913322269783,0.34642181949957424
600,10.0,feeder2_68,0.09671311093790072,0.3951571083935264,0.09672660063446055,0.39519873862547994
600,10.0,feeder2_69,0.11708386923239747,0.36102263327262024,0.11709696987322982,0.36106026468086166
600,10.0,feeder2_71,0.09785532530564253,0.40327223576867366,0.09786789270138431,0.40331088143681465
600,10.0,feeder2_72,0.04294195610617142,0.39204833630947805,0.04295243085754001,0.3921000830234525
600,10.0,feeder2_73,0.1025490784782619,0.4315823623001958,0.10256413143235202,0.4316290267455977
600,10.0,feeder2_74,0.12279703766843172,0.45868324425536944,0.12281364208337125,0.45872651289175365
600,10.0,feeder2_77,0.10569480019774083,0.4515772645465827,0.1057091010818739,0.4516241301465453
600,10.0,feeder2_79,0.1113705801567996,0.44311737569878484,0.11138399635015955,0.44316563582219015
600,10.0,feeder2_81,0.11055848648940994,0.4862914401812183,0.11057245311252963,0.4863407786853861
600,10.0,feeder2_82,0.11049989069985829,0.48626732028855324,0.11051638390531376,0.4863196654917264
600,10.0,feeder2_116,0.13273653632062768,0.6421129222791114,0.1327558214531243,0.6421772618308433
600,10.0,feeder2_119,0.13278940453662422,0.642181923142742,0.13280667217829542,0.6422439806719946
600,10.0,feeder2_120,0.14105528640837048,0.6998242942758695,0.14107305951514965,0.6998946390611174
600,10.0,feeder2_248,0.1411935815779716,0.700753715572437,0.141208622435278,0.7008265671502786
600,10.0,feeder2_124,0.14609804144931332,0.7348917635155655,0.14611505575129025,0.7349669321550638
600,10.0,feeder2_282,0.1435630924160803,0.733895170182831,0.14358002027798777,0.7339685300410783
600,10.0,feeder2_275,0.1515551376792663,0.7416635915008429,0.15157468881794203,0.7417364617920202
600,10.0,feeder2_151,0.15417159903761815,0.7922504822866362,0.15419245167117207,0.7923286792654305
600,10.0,feeder2_295,0.1542806780911116,0.7909478533049685,0.15429895519737177,0.7910257097597064
600,10.0,feeder2_311,0.15417029509441557,0.7921800754586917,0.15418994514646345,0.7922578926749382
600,10.0,feeder2_201,0.16798278164488223,0.8895770797272584,0.16800498018108717,0.8896643155893145
600,10.0,feeder2_314,0.1679108514693084,0.8895420252873968,0.1679306430975969,0.8896339285289265
600,10.0,feeder2_342,0.18772126459621685,1.0278358326308705,0.18774820253143581,1.0279358512014014
600,10.0,feeder2_368,0.18956417803443218,1.0357268810429963,0.18958889665611336,1.0358328156615084
600,10.0,feeder2_347,0.1947469817480734,1.0809960265830334,0.19477413728879053,1.0811042052319877
600,10.0,feeder2_353,0.1982550127433545,1.1074831602520259,0.19828038338013532,1.1075995359001571
600,10.0,feeder2_518,0.19468026245058362,1.080960663840649,0.19470341268495672,1.0810742351557192
600,10.0,feeder2_365,0.20197095651253646,1.136001494268593,0.2019968334384508,1.1361176500838934
600,10.0,feeder2_653,0.19962906905260125,1.1091201972446785,0.199656659937797,1.1092339010338885
600,10.0,feeder2_377,0.20395524676353904,1.151926975790739,0.20398410479765047,1.1520461326125977
600,10.0,feeder2_622,0.20328169283345582,1.134327985546514,0.2033060551409506,1.134450053176749
600,10.0,feeder2_451,0.18786232364026978,1.0364706346899526,0.18788638909716127,1.0365780911585913
600,10.0,feeder2_383,0.1929501652775026,1.0480370675041375,0.19297459824578655,1.0481386273244555
600,10.0,feeder2_385,0.2063237584987386,1.1706921282609595,0.20635214018905826,1.1708160303792183
600,10.0,feeder2_621,0.20392196494314302,1.1505530781375874,0.2039483270750194,1.1506726699892964
600,10.0,feeder2_611,0.19380084586852786,1.0495062114857396,0.19382746662357456,1.0496041799170786
600,10.0,feeder2_405,0.19314157107268956,1.0487253629569444,0.1931656849391962,1.048823572641332
600,10.0,feeder2_461,0.2156575047954691,1.245649870888567,0.21568798426964225,1.2457825156521092
600,10.0,feeder2_594,0.20653764552597365,1.1713109944189555,0.20656748729415136,1.1714310359719042
600,10.0,feeder2_732,0.19357644809635557,1.0502541727462242,0.1936005916524248,1.0503542647422865
600,10.0,feeder2_417,0.1944974096291406,1.0535313126684172,0.19452018893157164,1.0536312707248638
600,10.0,feeder2_663,0.19449871814140776,1.0527071300770927,0.19452151387158922,1.0528060726576405
600,10.0,feeder2_444,0.1955640880862821,1.0574152246885788,0.19558989202357455,1.0575194910240213
600,10.0,feeder2_759,0.19543025964209151,1.057344273328523,0.19545364658943298,1.0574494281049749
600,10.0,feeder2_842,0.1955281231985228,1.055862369750464,0.19555498567873636,1.0559631627116635
600,10.0,feeder2_459,0.19595297147242513,1.058861566412902,0.19598055151076574,1.0589592291939478
600,10.0,feeder2_702,0.19529493450124005,1.0585704595291847,0.19531809017183482,1.0586742746484996
600,10.0,feeder2_493,0.19748417550035655,1.064492246074711,0.19750954987274688,1.0645962042627424
600,10.0,feeder2_651,0.21565354252967425,1.245616791649257,0.2156847918139385,1.2457490882354325
600,10.0,feeder2_684,0.2232862653521692,1.3066914479438592,0.2233176637325839,1.3068357622298454
600,10.0,feeder2_674,0.20068500275073226,1.0683324918560697,0.20070873857458937,1.0684393484732555
600,10.0,feeder2_696,0.1973705976987246,1.0638286692908985,0.19739322702374337,1.0639326052127105
600,10.0,feeder2_681,0.20074748137773332,1.0684049788033,0.20077066299456814,1.068509531610826
600,10.0,feeder2_682,0.21399362925256313,1.0841093996193418,0.2140203397089951,1.0842117102676339
600,10.0,feeder2_728,0.22362209616674764,1.308159119141317,0.22365133841069626,1.3083057117017323
600,10.0,feeder2_724,0.23036946514434253,1.3658334006743518,0.23040223421099187,1.3659814520811335
600,10.0,feeder2_703,0.19736253563171938,1.0637245832267586,0.19738540173306024,1.0638305253500868
600,10.0,feeder2_704,0.1973638974780415,1.0635820812838916,0.19738803643795494,1.0636826013157166
600,10.0,feeder2_754,0.23029973765294584,1.3657969697057075,0.23033223411597722,1.3659519940132137
600,10.0,feeder2_747,0.2332688602685199,1.3900098433875334,0.23330418755660357,1.3901618332153651
600,10.0,feeder2_828,0.2245391103861418,1.3092252750740208,0.22457228983619412,1.309366784642901
600,10.0,feeder2_763,0.2236870089035679,1.308733119377528,0.22371882451295597,1.308872492158632
600,10.0,feeder2_836,0.23325784669844135,1.3899432910341025,0.23329264681697898,1.3900967301469458
600,10.0,feeder2_758,0.23577083137389324,1.4108377828732626,0.2358055603793964,1.4109931123706805
600,10.0,feeder2_788,0.23572444053927988,1.410815304016607,0.23575549107819546,1.410978187604212
600,10.0,feeder2_812,0.2434838936330084,1.4749704469332408,0.243520941076581,1.4751353830381704
600,10.0,feeder2_947,0.22354382189174837,1.3086574043919468,0.22357455162654505,1.3088027993777909
600,10.0,feeder2_868,0.2213348005420606,1.30881909349563,0.2213645993870833,1.3089628710491392
600,10.0,feeder2_785,0.22414538842289616,1.3092055331704051,0.22417963774488803,1.3093444835078742
600,10.0,feeder2_1176,0.22688509939740625,1.3047287965600636,0.2269157226147496,1.3048739007829795
600,10.0,feeder2_846,0.2262534800690923,1.3119840078339366,0.2262836048315995,1.3121276716561991
600,10.0,feeder2_911,0.224003748646982,1.308668972774173,0.22403422601107678,1.3088149624697665
600,10.0,feeder2_1107,0.2476696837721462,1.493848188635531,0.24770619924458093,1.4940141892651049
600,10.0,feeder2_920,0.24449261375001208,1.4877335825426314,0.24452569450752495,1.4879077645588896
600,10.0,feeder2_926,0.2459868401638124,1.5067151515072608,0.24602392805865309,1.5068848283635594
600,10.0,feeder2_1239,0.24450330912467877,1.4877855253459378,0.24453891639233874,1.487955687883074
600,10.0,feeder2_933,0.24683189574568237,1.5146664101056606,0.2468683207023265,1.514841473330254
600,10.0,feeder2_1146,0.24512212504431632,1.5088604252149247,0.24515896967815445,1.5090359121558377
600,10.0,feeder2_1124,0.24751108288026757,1.5135889021555557,0.24754822180033448,1.5137628689229194
600,10.0,feeder2_942,0.24893468390799395,1.5357947407242747,0.2489713096935063,1.5359741371315194
600,10.0,feeder2_952,0.2526006154981664,1.5654556683218819,0.2526389447874373,1.5656411174767393
600,10.0,feeder2_965,0.248861674022028,1.5359917788158646,0.24889842210692475,1.5361752788241028
600,10.0,feeder2_961,0.25308310559991054,1.568542231744768,0.25311847622687866,1.568734671215806
600,10.0,feeder2_963,0.2525820499814872,1.565480788811123,0.2526223053397578,1.5656679215563711
600,10.0,feeder2_973,0.254179932757984,1.5779215332556635,0.25422056499730045,1.5781079990431741
600,10.0,feeder2_1128,0.25562562892150165,1.5807201572554905,0.255661935742597,1.5809080428491347
600,10.0,feeder2_1113,0.2509482459747762,1.5665489411429052,0.2509849276809729,1.566738822020822
600,10.0,feeder2_1143,0.2523958100702386,1.5644870137193727,0.25243517361507395,1.5646704694962223
600,10.0,feeder2_1238,0.24356242204061734,1.5394504446758028,0.24359850655754786,1.539636249885835
600,10.0,feeder2_979,0.24886465857659434,1.536006301800821,0.2489019950466561,1.5361854191256767
600,10.0,feeder2_1236,0.2559037623827141,1.592372505844164,0.2559415601780429,1.5925690368944323
600,10.0,feeder2_989,0.2541791629450049,1.5779175882972614,0.2542212774157745,1.578107744772999
600,10.0,feeder2_1196,0.24891823868784801,1.5360668719095856,0.24895428599855315,1.5362442305920447
600,10.0,feeder2_1158,0.25413013621699165,1.5773775307387148,0.25417018586098516,1.5775680447272062
600,10.0,feeder2_1122,0.2494205250336302,1.5017575377691874,0.24945495057603234,1.5019291002547477
600,10.0,feeder2_1258,0.2475651496811359,1.493090680583175,0.24760368615511716,1.4932557516866702
600,10.0,feeder2_1303,0.24784357877586138,1.501051679662815,0.24787737054315992,1.5012246651462475
600,10.0,feeder2_1138,0.2508603153570235,1.5083124910510446,0.2508977882074944,1.508479107286629
600,10.0,feeder2_1304,0.25090333521601194,1.5083616113900984,0.25093925946202755,1.5085268169132784
600,10.0,feeder2_1212,0.25390060029988215,1.5221452132851283,0.2539375877965933,1.5223095700798797
600,10.0,feeder2_1311,0.2538080821413332,1.5221000050672067,0.2538454402094882,1.5222641164032427
600,10.0,feeder2_1290,0.25766773909341656,1.539285982892178,0.2577019821146811,1.5394573416254569
600,10.0,feeder2_1325,0.2584927051407949,1.613285342018735,0.2585312991308466,1.6134912226944822
600,10.0,feeder2_1248,0.25590309038251774,1.5923667631780978,0.25594069065535063,1.5925639261261393
600,10.0,feeder2_1249,0.24275019174341436,1.5399828018291777,0.24279039679235087,1.5401607330290183
600,10.0,feeder2_1250,0.24180682282618363,1.5406014742238492,0.24184608152709947,1.5407814056277545
600,10.0,feeder2_1366,0.25589050943531444,1.5922768080333791,0.25592989746386946,1.5924774523709038
600,10.0,feeder2_1266,0.24747450426267026,1.4923759752317185,0.24750835991473066,1.4925459624215744
600,10.0,feeder2_1372,0.25705960202510963,1.5387447582079823,0.25709407686498176,1.5389085250801025
600,10.0,feeder2_1363,0.26175942088434084,1.5585699278828709,0.2617940281518214,1.5587398839575743
600,10.0,feeder2_1446,0.25710255607908344,1.6141596005701364,0.2571437024776316,1.61435999432344
600,10.0,feeder2_1502,0.2618095720535699,1.6358203945827505,0.26185572852523253,1.6360267968159135
600,10.0,feeder2_1428,0.2633684148324335,1.5604371450671,0.2634067844174854,1.560601661513802
600,10.0,feeder2_1380,0.2660983349090073,1.5789858190923136,0.26613168005973364,1.5791549736582318
600,10.0,feeder2_1550,0.2660477848648132,1.5789626270342745,0.26608133812005674,1.579129929045497
600,10.0,feeder2_1386,0.2682197223133807,1.5889700326073544,0.26825643744283456,1.5891346771922055
600,10.0,feeder2_1551,0.26833038254240055,1.5890947101069486,0.26836568392683885,1.589258256159826
600,10.0,feeder2_1400,0.269222188350965,1.59368711047472,0.26925909359738714,1.5938504922427557
600,10.0,feeder2_1552,0.27026545602356367,1.5948828924085938,0.27030101965364384,1.595048127489353
600,10.0,feeder2_1408,0.27116983502593883,1.6028378486732089,0.27120222009680794,1.6030085606674283
600,10.0,feeder2_1553,0.2717580768208975,1.6040425839924943,0.2717946309242959,1.604208314225977
600,10.0,feeder2_1416,0.2721003646292092,1.6072913142231224,0.2721368443454574,1.6074585553064273
600,10.0,feeder2_1530,0.26896789036366514,1.6062984737553192,0.2690006324280889,1.606468602556914
600,10.0,feeder2_1425,0.2740696216160189,1.6165098368665187,0.2741002561844144,1.6166779658371413
600,10.0,feeder2_1589,0.290340511272191,1.6354588864628503,0.29037220060511987,1.6356269922874398
600,10.0,feeder2_1435,0.274079895220664,1.6165385316053276,0.27411510165707464,1.6167092194166832
600,10.0,feeder2_1621,0.27384810260050413,1.6151645990181545,0.2738855663867184,1.615328088286467
600,10.0,feeder2_1564,0.27451322492961694,1.618273838312926,0.2745482330708903,1.6184405602261944
600,10.0,feeder2_1704,0.2618038317001242,1.6357899941089629,0.2618502364806005,1.6359977722411285
600,10.0,feeder2_1525,0.26266514142308417,1.641627518120061,0.26270816786465523,1.641842846688732
600,10.0,feeder2_1716,0.26247747448729064,1.6399517791289928,0.26252092389148346,1.6401646723631431
600,10.0,feeder2_1537,0.26367029946550746,1.6483590981976899,0.2637144789096339,1.648578448146969
600,10.0,feeder2_1645,0.27716577333396564,1.6640126361445178,0.2772113653473963,1.6642222447906923
600,10.0,feeder2_1561,0.26296359887895315,1.6472049253733543,0.26300872279284315,1.6474192089217397
600,10.0,feeder2_1657,0.2617188959458927,1.6475649674449755,0.26176208449059546,1.6477858105131387
600,10.0,feeder2_1570,0.2627150620039218,1.6466508641116828,0.26276151441376355,1.6468677450358393
600,10.0,feeder2_1756,0.2625390379116539,1.6465652220970333,0.2625804359044254,1.646787807275055
600,10.0,feeder2_1588,0.2624840033574523,1.6461401038155632,0.2625289385659047,1.646358883033377
600,10.0,feeder2_1628,0.2624440661200797,1.6461195339828725,0.2624906429050048,1.646337763107314
600,10.0,feeder2_1598,0.26219330725781026,1.645502367457111,0.26223648534036503,1.6457224196460525
600,10.0,feeder2_1816,0.26180167131317084,1.6420930905071118,0.26184763104079,1.64231275078971
600,10.0,feeder2_1765,0.2621656574042594,1.6453804851700202,0.2622112186792818,1.6456042568573712
600,10.0,feeder2_1641,0.26097839936690276,1.6433783268112945,0.26102406826678487,1.6436074935646294
600,10.0,feeder2_1689,0.26011277570889585,1.6426692125788407,0.2601594869108975,1.6429061335196486
600,10.0,feeder2_1744,0.2599056445837483,1.6428315115550847,0.2599538611102812,1.643057421325452
600,10.0,feeder2_1817,0.2603141192963663,1.6434140041272243,0.26036382041987305,1.6436458424528466
600,10.0,feeder2_1779,0.26010886153443036,1.642642697272367,0.26015569638044606,1.6428800520177447
600,10.0,feeder2_1800,0.2601648302686191,1.6427283264965813,0.2602131177229894,1.64296415909082
600,10.0,feeder2_1818,0.2505304074478741,1.632675999473261,0.2505859921756239,1.6329189657338692
600,10.0,feeder2_1753,0.2576623350855787,1.6418176329035554,0.25770800678187156,1.6420469321521054
600,10.0,feeder2_1754,0.25965413807846627,1.6426748687560662,0.2596992458509035,1.6429044575190428
630,10.5,secondary,0.01541602577986236,0.011613020308308932,0.015423436180283847,0.011617618913064318
630,10.5,feeder2_44,0.02870762315147445,0.06060786615431099,0.028724782073917387,0.06063493167352248
630,10.5,feeder2_45,0.029215902885815794,0.06227572640909048,0.029227797270500358,0.06231029316640349
630,10.5,feeder2_46,0.026925505185944082,0.06320170946183305,0.026937345297355402,0.06323169162223462
630,10.5,feeder2_51,0.030098165196783433,0.06517227286852223,0.030112645579545686,0.0652002508007087
630,10.5,feeder2_48,0.02935063624368626,0.06225354809490406,0.02936565850935115,0.062285687777584926
630,10.5,feeder2_52,0.029888852885499445,0.06498384259155747,0.029901552408647673,0.06501724113602805
630,10.5,feeder2_68,0.03260507210001641,0.07340315781061744,0.03261772444222582,0.07344705333832889
630,10.5,feeder2_69,0.06236007479205494,0.12197421137018485,0.06238197852496566,0.12202438225153503
630,10.5,feeder2_71,0.0325655956953331,0.07221024127422773,0.03258055409445734,0.07225135259887905
630,10.5,feeder2_72,0.08832103196822486,0.09013207964776643,0.08832798767972347,0.09009582781363791
630,10.5,feeder2_73,0.031990664300107954,0.06898496654444154,0.032004308944999046,0.0690295440425115
630,10.5,feeder2_74,0.015230737639942187,0.056401430339731634,0.015236946182153162,0.056468827096776066
630,10.5,feeder2_77,0.032184068888445494,0.06889826969859193,0.03219984755899865,0.06894648958168838
630,10.5,feeder2_79,0.031498862813965675,0.07159013799238823,0.03151586631151356,0.0716385789457422
630,10.5,feeder2_81,0.03244396460449716,0.06779192829849177,0.03246002647774334,0.067851029425811
630,10.5,feeder2_82,0.032485565412168016,0.06777864523063278,0.03250104100894787,0.06783465047797037
630,10.5,feeder2_116,0.03368567552252271,0.06409435076927066,0.03370549175572355,0.0641902560239944
630,10.5,feeder2_119,0.03327270217969309,0.0638386711981849,0.03329139371938987,0.06393568601798713
630,10.5,feeder2_120,0.034224867247374176,0.0634452908062909,0.034243753050770126,0.06355349825342388
630,10.5,feeder2_248,0.03410678806139282,0.06337125568524696,0.03412645519988329,0.0634818535787178
630,10.5,feeder2_124,0.03457308525263487,0.0632263521053867,0.03459700203307994,0.06334041933683589
630,10.5,feeder2_282,0.03588716944655385,0.062152055680342336,0.03591054684904588,0.06226468098407595
630,10.5,feeder2_275,0.03394348423917721,0.06369482296125245,0.03396362071816016,0.0638130011796801
630,10.5,feeder2_151,0.03532133726811391,0.06348323160370806,0.035345835168997926,0.06361504639120268
630,10.5,feeder2_295,0.03593037451606584,0.06497149053229659,0.035957481968093535,0.06510111657979455
630,10.5,feeder2_311,0.03537487282911091,0.06360219767487046,0.03540179820782454,0.06373325757987851
630,10.5,feeder2_201,0.036221202286601195,0.06241852620557741,0.03624616615221226,0.06258009406369261
630,10.5,feeder2_314,0.0362638061725756,0.06236243280660622,0.03629447801678074,0.06252237279555999
630,10.5,feeder2_342,0.037603120016859656,0.0629941107606756,0.037636009174878526,0.06319287079762677
630,10.5,feeder2_368,0.03657457590116038,0.06041968994290447,0.03660492311679334,0.060618931506791394
630,10.5,feeder2_347,0.039965149214550605,0.06883177449787348,0.03999616791428918,0.06904575914546435
630,10.5,feeder2_353,0.0411649966634531,0.07195358305215391,0.041196341708839554,0.07217699547092822
630,10.5,feeder2_518,0.04006685861753617,0.06863460165186958,0.040098328087440384,0.06884945393043695
630,10.5,feeder2_365,0.042608681386270456,0.07553947399738314,0.04264210709680845,0.07577060025938476
630,10.5,feeder2_653,0.04013198824370186,0.07194795386261302,0.04016628723707981,0.07216893364588794
630,10.5,feeder2_377,0.04339634987970331,0.07749665783319762,0.043430315332513604,0.0777316774657531
630,10.5,feeder2_622,0.04263068718560768,0.07557325831744977,0.042664568572022055,0.07580341583880366
630,10.5,feeder2_451,0.036741459609356354,0.06011933687237686,0.036768391051040454,0.06032016854349404
630,10.5,feeder2_383,0.03492360986563994,0.05649380106079252,0.03494984876223507,0.05669636826251145
630,10.5,feeder2_385,0.04420576794763009,0.07928810645862044,0.044241413670010145,0.07952855793476936
630,10.5,feeder2_621,0.04427873556414538,0.07884827546930603,0.04431635761630888,0.07908256310609262
630,10.5,feeder2_611,0.03416946531485526,0.0564338303765414,0.034199011728575986,0.05663304517681408
630,10.5,feeder2_405,0.03483220723289302,0.05625600708252459,0.034861903727718635,0.0564570206876089
630,10.5,feeder2_461,0.04754830068452561,0.08678052422105965,0.04758665098659503,0.08703875483028176
630,10.5,feeder2_594,0.0441299387942198,0.0792854705067689,0.04416382730875629,0.07952468402807904
630,10.5,feeder2_732,0.033411159896708786,0.0583459476882432,0.033440412581734746,0.05854531707716858
630,10.5,feeder2_417,0.034278396335873026,0.05405172350324266,0.034309255619389384,0.05425309336857789
630,10.5,feeder2_663,0.03469677875722482,0.056282481448009083,0.034731058792559,0.0564789826676753
630,10.5,feeder2_444,0.033754746144116186,0.051650722944113846,0.03378314223958864,0.051852485867916104
630,10.5,feeder2_759,0.03383781921059531,0.051516938937293255,0.033867638992020374,0.05171688702419024
630,10.5,feeder2_842,0.03525984088913134,0.05468476943667512,0.03528904455727243,0.054885296916081426
630,10.5,feeder2_459,0.03353588787726323,0.050637086348923055,0.03356481176518271,0.050835182211115715
630,10.5,feeder2_702,0.041389289017185804,0.0410378760674492,0.041411287310901226,0.04122820858090167
630,10.5,feeder2_493,0.03233687325224549,0.05073189806520307,0.032361832929722875,0.050935783243728217
630,10.5,feeder2_651,0.04758130197346935,0.08682542308614342,0.04761811009798848,0.08708319951962798
630,10.5,feeder2_684,0.05028994985104415,0.09301961736942543,0.050327484686752244,0.09329341909991225
630,10.5,feeder2_674,0.029536314468486688,0.0510682785131482,0.0295669183749761,0.0512742495049654
630,10.5,feeder2_696,0.03238104088017809,0.05148499364343429,0.032410416000454995,0.05168638856216779
630,10.5,feeder2_681,0.029468742525611148,0.05106781980747683,0.02949931808491685,0.05127264778242779
630,10.5,feeder2_682,0.018173661107545185,0.054173980610732426,0.01819858286203652,0.05438048147701371
630,10.5,feeder2_728,0.04991513253042771,0.09210561667010876,0.04995506391379951,0.09237877370291459
630,10.5,feeder2_724,0.053854468668499016,0.10164274538987614,0.05389742965085062,0.1019311617323509
630,10.5,feeder2_703,0.03246442603019527,0.05164438274601875,0.03249443603419633,0.05184729050828346
630,10.5,feeder2_704,0.032222077715624575,0.05168578511924474,0.032251135717425834,0.0518878703162448
630,10.5,feeder2_754,0.053878268643566374,0.10155870298721786,0.053920976807140565,0.10184861683350374
630,10.5,feeder2_747,0.055322445942637126,0.10520673212709827,0.055370297599527794,0.10550030906077866
630,10.5,feeder2_828,0.04918095407387183,0.09223555200860709,0.04921970428308659,0.09250758204216693
630,10.5,feeder2_763,0.0496446648917425,0.09068854462712507,0.04968918772343308,0.09096054248981009
630,10.5,feeder2_836,0.05539460917117379,0.10529520524270142,0.05544202044288073,0.10558749661311027
630,10.5,feeder2_758,0.0565797622333973,0.10823103567277699,0.05662341706132437,0.10853161204519672
630,10.5,feeder2_788,0.056595664809389164,0.1081752244867082,0.056639675780784646,0.10847723606741226
630,10.5,feeder2_812,0.06047416355523186,0.11760521230849243,0.06052201059322067,0.11791902931796187
630,10.5,feeder2_947,0.04982615140663854,0.09019579248427946,0.049869924742185844,0.09046601321538345
630,10.5,feeder2_868,0.05060872254390382,0.08901409076087925,0.05065326844092238,0.08928347305088587
630,10.5,feeder2_785,0.04938706046857113,0.0911205767299348,0.0494270683595718,0.09139422431792256
630,10.5,feeder2_1176,0.050125950748657486,0.09205103105085667,0.050164276389700786,0.0923234291773855
630,10.5,feeder2_846,0.04737909562871108,0.09202910706634643,0.04742264368734988,0.09230012997814445
630,10.5,feeder2_911,0.049392226906680006,0.09073799461339586,0.04943063136067545,0.09101183725715213
630,10.5,feeder2_1107,0.06221288702695148,0.11261834582685537,0.062257952671951895,0.11293546610736822
630,10.5,feeder2_920,0.061119842971099986,0.12169203587918526,0.06116722342762595,0.12201378738138316
630,10.5,feeder2_926,0.06212855179215072,0.12784433337162524,0.06218221217145995,0.1281679431898053
630,10.5,feeder2_1239,0.06111276727412615,0.12169321587406491,0.06116629271155942,0.12201439252623575
630,10.5,feeder2_933,0.0625585522246744,0.1308260529647664,0.0626087631557478,0.13115376430099107
630,10.5,feeder2_1146,0.06228006327104457,0.1267257398383746,0.062327702935207195,0.1270530090649496
630,10.5,feeder2_1124,0.06273785965340536,0.13101877064818995,0.06279111113309316,0.13134911949229255
630,10.5,feeder2_942,0.06364557322116769,0.13822985073716443,0.06369512667028508,0.13856427393912743
630,10.5,feeder2_952,0.06525454346524823,0.15016952383336854,0.06530906180967094,0.15051442510890675
630,10.5,feeder2_965,0.06366017807750159,0.13810932682521,0.06371520821017798,0.1384456151660474
630,10.5,feeder2_961,0.0654365261708935,0.15166357900321417,0.06548859977099201,0.15200966419264772
630,10.5,feeder2_963,0.06525463089055565,0.15012660277928963,0.06530736104996472,0.15047422210783298
630,10.5,feeder2_973,0.06719059390133601,0.15833564472727166,0.06724863720728519,0.1586900826599376
630,10.5,feeder2_1128,0.0641165709940093,0.1542080073720526,0.06417487013957474,0.15455049384200015
630,10.5,feeder2_1113,0.06570308787066849,0.14968928424915473,0.06575715314953208,0.1500360109301104
630,10.5,feeder2_1143,0.06509363950567368,0.14852865847516428,0.06514650850453466,0.14887314369800794
630,10.5,feeder2_1238,0.06557362458539699,0.13629422485885778,0.06562651907503117,0.13662985446899112
630,10.5,feeder2_979,0.06365838690879266,0.1381102987367705,0.06371067883573436,0.1384465101450304
630,10.5,feeder2_1236,0.0696039555557094,0.16750255415354784,0.06965976730803425,0.16786728711335153
630,10.5,feeder2_989,0.06719273754830196,0.15834382253303408,0.06725255506643399,0.15869912984361254
630,10.5,feeder2_1196,0.06360630384839382,0.13811971571216938,0.06365761848502864,0.13845435918047166
630,10.5,feeder2_1158,0.06817470716379169,0.1592931777479912,0.0682339040927151,0.1596487199168291
630,10.5,feeder2_1122,0.061766874029377944,0.10570389305443449,0.061815542639189355,0.10602074759639664
630,10.5,feeder2_1258,0.0666665289602495,0.11850140498624849,0.06671583117465005,0.11881826004340114
630,10.5,feeder2_1303,0.06732285446744082,0.09408237711623968,0.06736602953016833,0.09439488776874212
630,10.5,feeder2_1138,0.061576997386114725,0.10428284093302764,0.061622783907189685,0.1045987349595754
630,10.5,feeder2_1304,0.061276280792527366,0.10432404453016622,0.06131819342679351,0.10464087120863087
630,10.5,feeder2_1212,0.061224057027717556,0.10147844486232316,0.061271059977427024,0.1017931139968222
630,10.5,feeder2_1311,0.06282601564718189,0.10001426099299016,0.06287330459698728,0.10033050614382956
630,10.5,feeder2_1290,0.06058950717953174,0.09966316258415789,0.06063742631582388,0.09997854021205688
630,10.5,feeder2_1325,0.0697921658690796,0.16798645402503062,0.06985061117367092,0.1683630650508859
630,10.5,feeder2_1248,0.06965860338400882,0.16755570949545845,0.06971671756308555,0.16792035518932277
630,10.5,feeder2_1249,0.06612992956462134,0.13579088270285036,0.06617974240679039,0.13612727869560243
630,10.5,feeder2_1250,0.06558330513539229,0.13623738525561532,0.06563740740493029,0.13657417252121284
630,10.5,feeder2_1366,0.06976948927241872,0.1676640648278266,0.06982858206435046,0.16803045996393426
630,10.5,feeder2_1266,0.07151524305202325,0.12440532824355592,0.07156162564436364,0.12472385211069731
630,10.5,feeder2_1372,0.06180485082586491,0.098191757336272,0.06184663769461282,0.09850646707818297
630,10.5,feeder2_1363,0.05972158309454328,0.10026143439770563,0.05976545570155081,0.10057256439992049
630,10.5,feeder2_1446,0.0708551908135942,0.1669378806683698,0.07091630093983808,0.1673163496618798
630,10.5,feeder2_1502,0.06989693568700282,0.17007038344183353,0.0699586002606716,0.17045973021921673
630,10.5,feeder2_1428,0.057452763655517824,0.10205211932905094,0.05749856097951637,0.10236407678893208
630,10.5,feeder2_1380,0.05950755975305175,0.09875943169759184,0.05955593762183144,0.09906940797049554
630,10.5,feeder2_1550,0.061374130043004904,0.09733294784213335,0.061419921196100416,0.0976439791927427
630,10.5,feeder2_1386,0.05924951474346598,0.098874121079564,0.05929463788966234,0.0991841593360504
630,10.5,feeder2_1551,0.05913581240227403,0.09890996445699363,0.05917970447755255,0.09922025240987535
630,10.5,feeder2_1400,0.05913150890445216,0.09893118354987732,0.05917633616412846,0.09923727005737278
630,10.5,feeder2_1552,0.05731649533221869,0.09963029139960185,0.057362910174727305,0.0999367616033802
630,10.5,feeder2_1408,0.05905304830235438,0.09878921508004691,0.05909852561647561,0.0990982678932931
630,10.5,feeder2_1553,0.058926651650852035,0.09882763776381434,0.05897221762899785,0.09913429202065074
630,10.5,feeder2_1416,0.05901749616238803,0.09871041335205175,0.059065825347086244,0.09901679644386287
630,10.5,feeder2_1530,0.06114691181253412,0.09537276743927621,0.06118682492178915,0.09568192634666342
630,10.5,feeder2_1425,0.058887241571381324,0.10033557857129878,0.05893181212085965,0.10064290530746929
630,10.5,feeder2_1589,0.05687250165681601,0.10253845268740648,0.05692012862128654,0.10284169566319121
630,10.5,feeder2_1435,0.058911406483290275,0.10046473492145756,0.05895339876225374,0.10076994702697101
630,10.5,feeder2_1621,0.05996820326476971,0.10163139490443561,0.060012592461571715,0.10194178370182619
630,10.5,feeder2_1564,0.05882341701522929,0.10057260301976244,0.05887046874655774,0.10088111548787163
630,10.5,feeder2_1704,0.06993779301839738,0.17010770296841088,0.0700012540279239,0.1704971394266551
630,10.5,feeder2_1525,0.06993152958801752,0.17060207221670753,0.06999806724881265,0.1709946743803546
630,10.5,feeder2_1716,0.07116516286858662,0.17171435929858267,0.07122378296113702,0.17211035963827373
630,10.5,feeder2_1537,0.06992789225966814,0.1710195995921119,0.06999375886352673,0.171415263146936
630,10.5,feeder2_1645,0.05817970077775944,0.1753489624124189,0.058244726378510504,0.1757380248549714
630,10.5,feeder2_1561,0.07081297995034774,0.17022019443860462,0.07088103363563847,0.1706225793455993
630,10.5,feeder2_1657,0.07084050203470083,0.16973349654154848,0.07090185352739502,0.1701381644172341
630,10.5,feeder2_1570,0.07120863206735084,0.17006843825430737,0.07126979632997832,0.17047424119283314
630,10.5,feeder2_1756,0.07384532849354689,0.16733602663323455,0.0739078294872338,0.16773993299091594
630,10.5,feeder2_1588,0.07156026114520882,0.17015604568096965,0.07162188059994738,0.17056327461229842
630,10.5,feeder2_1628,0.07156018221175425,0.17010627054932925,0.07162072843953732,0.1705134547002923
630,10.5,feeder2_1598,0.07200685005052572,0.17034262641344053,0.07207627765174583,0.17075210333539864
630,10.5,feeder2_1816,0.11058613639415829,0.20713623140280502,0.1106551361945243,0.20754821372691826
630,10.5,feeder2_1765,0.07217625867222144,0.17050843789887524,0.07223928358554622,0.17092108042833218
630,10.5,feeder2_1641,0.07130320151668428,0.1601876330469423,0.07137047401745918,0.16060985973970213
630,10.5,feeder2_1689,0.07158768502377119,0.16033384434256398,0.07165997106322287,0.16076306741771837
630,10.5,feeder2_1744,0.07203908072300867,0.15464327650560256,0.07210527811053892,0.15506491035503417
630,10.5,feeder2_1817,0.07157846710712316,0.1603278099211865,0.07164548346985816,0.16076250288042607
630,10.5,feeder2_1779,0.07162862210441653,0.16034649840493775,0.07169964058770187,0.16077815250054142
630,10.5,feeder2_1800,0.0715393059145904,0.16033700484504113,0.07160833606504659,0.16076935629399683
630,10.5,feeder2_1818,0.07116329519561804,0.15938978956624816,0.07124313152238064,0.159839043979599
630,10.5,feeder2_1753,0.07702529592411046,0.13788048038286874,0.07708561495095546,0.13830505103311297
630,10.5,feeder2_1754,0.0720606080514131,0.15451061243071149,0.07212605733920827,0.15493557039929748
660,11.0,secondary,0.043600221055453664,0.04996570169395053,0.04357913758733944,0.04992542425739765
660,11.0,feeder2_44,0.0812244294888039,0.2608729017434095,0.08118531879406392,0.26066336241309396
660,11.0,feeder2_45,0.08263741593156995,0.26904203298274276,0.08259605084662056,0.26883098573086184
660,11.0,feeder2_46,0.08128528853726001,0.26103495250591374,0.08124377761489358,0.2608299050575608
660,11.0,feeder2_51,0.08508887513578309,0.2832776952981182,0.08504507449253285,0.28305946654483854
660,11.0,feeder2_48,0.08341555917306862,0.26866865495415243,0.08337421080346478,0.2684586927542447
660,11.0,feeder2_52,0.08366057286172111,0.2836461573510971,0.08361775143034972,0.283422945711792
660,11.0,feeder2_68,0.09226597926067928,0.3234486993945548,0.09221733399100994,0.32319947600426724
660,11.0,feeder2_69,0.09233947640414225,0.3236293379018458,0.09229404313663243,0.32337558689830503
660,11.0,feeder2_71,0.09321965376692498,0.3287689003759463,0.09316982581764108,0.32851617049334886
660,11.0,feeder2_72,0.09335645216878224,0.32872902161777334,0.0933065546809604,0.32847188818501555
660,11.0,feeder2_73,0.0962100396642629,0.3454293026792457,0.0961619508557374,0.34516318949390234
660,11.0,feeder2_74,0.09370147017119855,0.34426923594361003,0.09365461514364014,0.3439961549846639
660,11.0,feeder2_77,0.09889118101205502,0.3599717222775014,0.09884581577509854,0.35968604004509824
660,11.0,feeder2_79,0.09845477032833141,0.3700789418098911,0.09840533209172118,0.36979909708685926
660,11.0,feeder2_81,0.10277820250879142,0.37912986851502234,0.10272655223212297,0.3788313458136916
660,11.0,feeder2_82,0.1028146771520677,0.3791202275808992,0.10276275330627989,0.3788222215662937
660,11.0,feeder2_116,0.1202385201669748,0.46538130477385714,0.12017660077753699,0.46500376307769403
660,11.0,feeder2_119,0.11896383161280426,0.46512574054191874,0.11890113524356423,0.46474778488446167
660,11.0,feeder2_120,0.12695270496537686,0.4977258512209203,0.12688747687520407,0.4973193067707802
660,11.0,feeder2_248,0.1265251947872108,0.49736870157588386,0.1264606291262057,0.49695887171270203
660,11.0,feeder2_124,0.13111911945216903,0.5178074465861655,0.13105559124490368,0.5173793163714
660,11.0,feeder2_282,0.13259221828144288,0.51759229403224,0.1325249532687211,0.5171658053129435
660,11.0,feeder2_275,0.1294811703215398,0.5179050661424116,0.12941880020069593,0.5174740642343794
660,11.0,feeder2_151,0.13877277944440455,0.5529557907903456,0.1387058973740121,0.55249969747929
660,11.0,feeder2_295,0.13965949179168,0.5546987668509936,0.13958895182178369,0.5542452383773172
660,11.0,feeder2_311,0.1388288714957955,0.5530631180977212,0.13876183416267068,0.5526040051549249
660,11.0,feeder2_201,0.1509963900198619,0.6090437679969349,0.15091758726228835,0.60853754517997
660,11.0,feeder2_314,0.15238397167374096,0.6078083658283375,0.15230685651866327,0.607302373128881
660,11.0,feeder2_342,0.16786837092650853,0.6913497804361056,0.16778748228141038,0.6907635860781051
660,11.0,feeder2_368,0.17361336941024355,0.7157024266305847,0.17353319092492314,0.7151124118742135
660,11.0,feeder2_347,0.16679997617776815,0.6877393988119184,0.16671364642541553,0.6871270845835442
660,11.0,feeder2_353,0.16618800870363282,0.6870043857769377,0.1660931533024957,0.6863820433929356
660,11.0,feeder2_518,0.16857113755206535,0.6866468384090403,0.1684850371976575,0.6860330479628853
660,11.0,feeder2_365,0.16563420874374124,0.6870370431720393,0.16554022480984917,0.6863967665566673
660,11.0,feeder2_653,0.16531795516845807,0.6862225311097451,0.16522875008733168,0.6855966883319962
660,11.0,feeder2_377,0.16534923388829395,0.6868246824053018,0.16525586357021563,0.6861742297412219
660,11.0,feeder2_622,0.1648312217282486,0.6885894219495786,0.1647369232133559,0.687952180303312
660,11.0,feeder2_451,0.173899347200583,0.7156761818252424,0.1738178837575681,0.7150887627416762
660,11.0,feeder2_383,0.18322366407007545,0.7556701599281596,0.1831420036472733,0.7550805511102866
660,11.0,feeder2_385,0.16491579667161402,0.6862089629066535,0.16482052832550234,0.6855517711109149
660,11.0,feeder2_621,0.16623171403083634,0.6885224008939917,0.16613865741579845,0.6878723134435504
660,11.0,feeder2_611,0.18269533948688618,0.7551983140612134,0.18261321419005203,0.7546061225658194
660,11.0,feeder2_405,0.1838444612326964,0.7582173872064127,0.18376569102647103,0.7576244111725448
660,11.0,feeder2_461,0.163445337348761,0.6860742158350914,0.16334596487400072,0.6853849256974627
660,11.0,feeder2_594,0.16463749011249518,0.6859478820327741,0.16454017066261675,0.6852963634916718
660,11.0,feeder2_732,0.1836933582878468,0.7580875936580045,0.18361221894837285,0.7574978678961317
660,11.0,feeder2_417,0.18857387507832615,0.7775132229652334,0.1884893145762223,0.776922970111936
660,11.0,feeder2_663,0.220173848465269,0.8281889287894063,0.22009997268840834,0.8275899550094825
660,11.0,feeder2_444,0.18869882933933613,0.7773567603841719,0.18862013837426372,0.7767630653373775
660,11.0,feeder2_759,0.1910826220330429,0.7751724000007941,0.1910017795745854,0.7745765546485935
660,11.0,feeder2_842,0.19051340851346313,0.7806231732347433,0.19042785364725615,0.7800357157967228
660,11.0,feeder2_459,0.18866088063090078,0.7772508974464284,0.18857837390755727,0.776661452413781
660,11.0,feeder2_702,0.1891283607555476,0.7769157675784298,0.18904721345460015,0.7763192680067043
660,11.0,feeder2_493,0.1884804408494407,0.776965732596352,0.1883981252832165,0.776378177474309
660,11.0,feeder2_651,0.16346559652641082,0.6861167584421478,0.16336544639473172,0.6854268499026319
660,11.0,feeder2_684,0.1624706596743989,0.6881563385624552,0.16236040891198103,0.6874500427577899
660,11.0,feeder2_674,0.1880136644791314,0.7767220448444383,0.18793373711101055,0.7761274450120873
660,11.0,feeder2_696,0.18858346804213003,0.7773924178824653,0.188497247502432,0.7768038783146916
660,11.0,feeder2_681,0.18785266799001973,0.7765879414654732,0.1877716782235194,0.775997632586303
660,11.0,feeder2_682,0.18632864717776917,0.7759196153885632,0.18624934216826117,0.7753237607253567
660,11.0,feeder2_728,0.16264203167860872,0.6915964047188974,0.16253285517804136,0.690884504767939
660,11.0,feeder2_724,0.16107420653567658,0.6844929094798229,0.1609607068818993,0.6837652799272915
660,11.0,feeder2_703,0.18868368822028558,0.7775565598605603,0.1885996235358035,0.7769663049597088
660,11.0,feeder2_704,0.18865065183534435,0.7775151557707531,0.1885662731451492,0.7769265930327315
660,11.0,feeder2_754,0.16144843422506328,0.6845777263738141,0.16133611866026396,0.6838483614818935
660,11.0,feeder2_747,0.16060014163301037,0.6835619657847096,0.16048462636656527,0.6828303078075413
660,11.0,feeder2_828,0.16169771621358986,0.6906473342828335,0.16159052206269142,0.689931325419134
660,11.0,feeder2_763,0.16330916273720433,0.6981336432195225,0.16319812953895574,0.6974220729669858
660,11.0,feeder2_836,0.15967237980714827,0.6851580886492128,0.1595600488718401,0.684420550790662
660,11.0,feeder2_758,0.16026550174588006,0.6823331474246658,0.16014938152445551,0.6815936921644619
660,11.0,feeder2_788,0.1603066612002296,0.6823523075083138,0.16019136399114453,0.681612463175547
660,11.0,feeder2_812,0.15957147487924975,0.6801988811722625,0.15944630809073645,0.6794529256807164
660,11.0,feeder2_947,0.167435876805033,0.6964992420650702,0.16732693341403648,0.6957925774424051
660,11.0,feeder2_868,0.16409845972506454,0.6983558031866042,0.16399170871544713,0.6976457726121609
660,11.0,feeder2_785,0.163421315545009,0.7021063815784048,0.1633114757495,0.701397826945631
660,11.0,feeder2_1176,0.16339214431773122,0.726437431332354,0.16328334224651175,0.7257267176356232
660,11.0,feeder2_846,0.16192912128587925,0.7006241893596501,0.1618227704209236,0.6999104188019517
660,11.0,feeder2_911,0.16343010768922978,0.7021385440888455,0.16332037245402165,0.7014303189041126
660,11.0,feeder2_1107,0.16293583937580633,0.6927619739139824,0.16281607138478316,0.6920101694587262
660,11.0,feeder2_920,0.15853698321817863,0.6765832372951762,0.15841440426442455,0.675831382165152
660,11.0,feeder2_926,0.15846075675101018,0.6782917472871586,0.15833856463522378,0.6775399115313185
660,11.0,feeder2_1239,0.15686636776361748,0.668641574206316,0.15674438994750878,0.6678895461197977
660,11.0,feeder2_933,0.15844559620941176,0.6791848535453848,0.15831981760382569,0.678436982036343
660,11.0,feeder2_1146,0.15846794741721584,0.6783506572128172,0.15834131961215747,0.6776032619924531
660,11.0,feeder2_1124,0.15851627584857095,0.6794004392940718,0.15839307159329832,0.678649943488302
660,11.0,feeder2_942,0.15841508096445434,0.6816883485400221,0.1582909866915679,0.6809359073223542
660,11.0,feeder2_952,0.158498672722687,0.6863321819551914,0.15837050533424019,0.6855840981498489
660,11.0,feeder2_965,0.15841730908913718,0.6817031820360427,0.15828998778118,0.6809533105405613
660,11.0,feeder2_961,0.15841836262439607,0.6863487616914609,0.15829051583098414,0.6856021632549917
660,11.0,feeder2_963,0.15851992142354013,0.6864513996463728,0.15839017982088072,0.6857053830135397
660,11.0,feeder2_973,0.15817075069126252,0.6873420192317478,0.15803867559338775,0.6865979815040141
660,11.0,feeder2_1128,0.15813009505931433,0.6849983310174775,0.15800037812329693,0.6842540681997905
660,11.0,feeder2_1113,0.15855698519775993,0.6864765918764854,0.15842906483505398,0.6857322023927647
660,11.0,feeder2_1143,0.16001956475856643,0.6948202303132275,0.15989153163037162,0.6940892609917771
660,11.0,feeder2_1238,0.15907714055872088,0.6820469949669461,0.15894878424885533,0.6813039085058228
660,11.0,feeder2_979,0.15841441812513724,0.6816890392209052,0.15828399179843747,0.6809419699074156
660,11.0,feeder2_1236,0.1578216144346936,0.6877083271200127,0.15768931582262882,0.6869643396187192
660,11.0,feeder2_989,0.15817098815795727,0.6873558840725535,0.15804030598926236,0.6866074393095657
660,11.0,feeder2_1196,0.1583615969837452,0.6816305916134286,0.1582316785811008,0.6808852567932089
660,11.0,feeder2_1158,0.15731063841792578,0.6891895134998972,0.15717872233174415,0.6884443975816122
660,11.0,feeder2_1122,0.1632299346215025,0.6921450564273066,0.1631098660510312,0.6913935267164402
660,11.0,feeder2_1258,0.16410483632741316,0.700309168948815,0.1639853592629574,0.6995493840042978
660,11.0,feeder2_1303,0.17857746024196028,0.6972527874324514,0.17845753634453393,0.6965248921125946
660,11.0,feeder2_1138,0.16286203967479418,0.6894170308172056,0.1627392692771459,0.6886727565134132
660,11.0,feeder2_1304,0.16225202047132,0.6885280710533116,0.1621313556336053,0.6877823827914931
660,11.0,feeder2_1212,0.16229952543501228,0.6844639771775491,0.16218020521455684,0.6837156132429869
660,11.0,feeder2_1311,0.16362530587268462,0.6837126288835906,0.16350498287572113,0.6829687393979665
660,11.0,feeder2_1290,0.16137479046939238,0.6788802882273253,0.1612559948630416,0.6781285406941883
660,11.0,feeder2_1325,0.15745553069649415,0.6870236410158594,0.1573189013212594,0.6862852914480105
660,11.0,feeder2_1248,0.15781614364017685,0.6877186615585185,0.15768338183196748,0.6869736805766159
660,11.0,feeder2_1249,0.15909821185475803,0.6820596103014167,0.15897064692844995,0.6813116500373066
660,11.0,feeder2_1250,0.15948966774314643,0.6822581012858415,0.15936435401320148,0.6815122580404096
660,11.0,feeder2_1366,0.15632261691626284,0.6897838609092403,0.15619007746771613,0.6890335688405328
660,11.0,feeder2_1266,0.16582195968349603,0.7078131299573649,0.16570130288993457,0.7070481805771489
660,11.0,feeder2_1372,0.1682602211799763,0.6819374342789607,0.16814279888725966,0.6811887580045626
660,11.0,feeder2_1363,0.1594011676325816,0.6677475340493302,0.15928154265516076,0.6669878145367154
660,11.0,feeder2_1446,0.15751570526450848,0.6870658026235481,0.15737911165665835,0.6863239911157675
660,11.0,feeder2_1502,0.15720994314545667,0.6874783760024227,0.1570703405131837,0.6867456586527529
660,11.0,feeder2_1428,0.15042841516835606,0.6578028418350239,0.1503103957804501,0.6570353179590488
660,11.0,feeder2_1380,0.16041176534245363,0.6708506060398541,0.16029345932273184,0.670075194375207
660,11.0,feeder2_1550,0.16046157664670646,0.6708712852817079,0.16034096704177447,0.6700972162723774
660,11.0,feeder2_1386,0.16090661912149032,0.6724584122810686,0.16078366897291618,0.6716829389989252
660,11.0,feeder2_1551,0.16038901305739092,0.6716755609519585,0.16026809806165235,0.6708941384279448
660,11.0,feeder2_1400,0.16121240798154182,0.6734657773571612,0.16109179323456296,0.6726867532480683
660,11.0,feeder2_1552,0.15945124282761436,0.6713490535087631,0.15933465550001213,0.670565929356928
660,11.0,feeder2_1408,0.16214902671464515,0.6767760324739024,0.1620281726526891,0.6759917114699961
660,11.0,feeder2_1553,0.16166356395225845,0.676094552080574,0.16154168579892456,0.6753129014237574
660,11.0,feeder2_1416,0.16269778356547718,0.6786972834894457,0.1625790192792228,0.6779095224774717
660,11.0,feeder2_1530,0.1654235315928978,0.6780953310239439,0.16530036121519467,0.6773148481651393
660,11.0,feeder2_1425,0.163512765666768,0.682579991807243,0.16338956732808113,0.6817959867806375
660,11.0,feeder2_1589,0.16269382485651313,0.6817033949536175,0.16257293012943144,0.6809119173889988
660,11.0,feeder2_1435,0.16369563499446818,0.6834533916256853,0.1635729297874935,0.682667462333971
660,11.0,feeder2_1621,0.16687878874995252,0.6946380261199201,0.16675692622991195,0.693846128346218
660,11.0,feeder2_1564,0.1635167384403542,0.6825717563424191,0.16339730865193794,0.6817803857154225
660,11.0,feeder2_1704,0.15721165686668764,0.6874984665170196,0.1570751267252598,0.6867650841346897
660,11.0,feeder2_1525,0.15717466410531397,0.6878090258450917,0.1570325561147042,0.6870788765710691
660,11.0,feeder2_1716,0.15502080259593473,0.691236570583684,0.1548787929121321,0.6905062535566447
660,11.0,feeder2_1537,0.15716198604857257,0.6877970140473562,0.15702174631930987,0.6870684671577759
660,11.0,feeder2_1645,0.1480564981407288,0.6764048744431842,0.14791573763782942,0.6756812406416848
660,11.0,feeder2_1561,0.15850149443122427,0.6942344794021177,0.15836231033883902,0.6935110905542506
660,11.0,feeder2_1657,0.15879363198239507,0.6944758184753473,0.15864927895861614,0.6937529041631648
660,11.0,feeder2_1570,0.1590776325071121,0.6969852509375674,0.1589346899443369,0.6962639583185845
660,11.0,feeder2_1756,0.16144212811189657,0.6962809472672805,0.16129808811537524,0.6955655855867029
660,11.0,feeder2_1588,0.15958318563565463,0.6996045903051795,0.15943888081581417,0.6988865275367825
660,11.0,feeder2_1628,0.16721131577445258,0.7041213068852831,0.16706832177312772,0.7034142926372732
660,11.0,feeder2_1598,0.15990715529252175,0.7014631789230081,0.15976283665920799,0.7007401830053552
660,11.0,feeder2_1816,0.15984223908197498,0.7025843062070509,0.15969581106593547,0.7018638922950157
660,11.0,feeder2_1765,0.1599092831890817,0.7015322522005822,0.1597644820921192,0.7008140332376543
660,11.0,feeder2_1641,0.16142020669086812,0.7104253750010683,0.16127189606532233,0.7097060765919183
660,11.0,feeder2_1689,0.16092550445079007,0.7096435941558561,0.16077409186151032,0.7089074884874937
660,11.0,feeder2_1744,0.1691417860587455,0.7151862521201418,0.16899877669957147,0.7144703890796342
660,11.0,feeder2_1817,0.16090689099446276,0.7095578797303443,0.16075631782322075,0.7088187594314338
660,11.0,feeder2_1779,0.1609232310457514,0.7096590512663659,0.16077144385202605,0.7089225933118459
660,11.0,feeder2_1800,0.16087928584916533,0.709587368155701,0.16073057280314496,0.7088449716838245
660,11.0,feeder2_1818,0.15676351177345713,0.7049928697300536,0.15659448569197867,0.7042174797871688
660,11.0,feeder2_1753,0.19384355824857827,0.7306927865668272,0.19370342152672906,0.7300033878878152
660,11.0,feeder2_1754,0.16917262333895774,0.7152109203725017,0.16902774413019986,0.7144976376352513
690,11.5,secondary,0.02499743232196439,0.00810862962917379,0.02500061244831616,0.008105007698440804
690,11.5,feeder2_44,0.04653004887827053,0.04230040945304588,0.046533813931485896,0.04226522813545235
690,11.5,feeder2_45,0.04738785338951576,0.04335777133715948,0.047393525342110165,0.043322380633822245
690,11.5,feeder2_46,0.043375834846852444,0.045619391900953404,0.04337950542476691,0.0455844303226272
690,11.5,feeder2_51,0.04875462507414829,0.0451639964721407,0.048759636397686164,0.0451289117137229
690,11.5,feeder2_48,0.05007420351822634,0.043289510844280926,0.050078972192424735,0.04324417388995616
690,11.5,feeder2_52,0.04968136081300239,0.04047219827313072,0.04968028562495393,0.04044017419134774
690,11.5,feeder2_68,0.05279351027285776,0.05210937567369282,0.052795711103570495,0.052065168243586694
690,11.5,feeder2_69,0.052716601559404164,0.0521641968469541,0.052720115482962814,0.05212466309121529
690,11.5,feeder2_71,0.053330917319584,0.05302747600964291,0.053336125137166915,0.05298420760614807
690,11.5,feeder2_72,0.05356395073767968,0.053202196647916714,0.05357054948895587,0.053165440025131266
690,11.5,feeder2_73,0.05501106241249125,0.05587698124827073,0.05501727526998047,0.055837274581345624
690,11.5,feeder2_74,0.05399130682516725,0.05364586907809655,0.05399499775242491,0.05360309814313695
690,11.5,feeder2_77,0.05652115890376787,0.05866023481163025,0.056524563650279656,0.05861681193303596
690,11.5,feeder2_79,0.055877773592292033,0.05919438168291709,0.05588369693698106,0.05915047084118186
690,11.5,feeder2_81,0.0589104126713837,0.06292501038716232,0.05891599198589055,0.06288041170637901
690,11.5,feeder2_82,0.06024356700608511,0.06385737507969079,0.06024873670618109,0.06380619306113647
690,11.5,feeder2_116,0.06943562275449991,0.0809616466091199,0.06943996626606704,0.08090183126743716
690,11.5,feeder2_119,0.06877202415866272,0.07984805813038874,0.06877777980649132,0.07978784276265402
690,11.5,feeder2_120,0.07348555826699961,0.08823457274900827,0.07349179251862704,0.08816965037200082
690,11.5,feeder2_248,0.07404415096716563,0.0866864387783482,0.07404840500017375,0.08662649770342015
690,11.5,feeder2_124,0.07602605195527644,0.09338188566491123,0.07603272035786733,0.09331316100414003
690,11.5,feeder2_282,0.08425218095846362,0.09716395090785836,0.0842589924805165,0.09708245301827956
690,11.5,feeder2_275,0.07702331016710821,0.09083272257970082,0.0770247359986264,0.09077381455214614
690,11.5,feeder2_151,0.07951339462664136,0.10163797760326314,0.07951943705934533,0.10157486833066948
690,11.5,feeder2_295,0.07580762172580588,0.10548812314938967,0.07581618885859488,0.10543454382674947
690,11.5,feeder2_311,0.07939349638482099,0.1017440767442041,0.0793996198556069,0.10167831019118173
690,11.5,feeder2_201,0.08571910978347982,0.11047274773677714,0.08572680518298618,0.11039438645296996
690,11.5,feeder2_314,0.08634962462202274,0.1103799615753765,0.08635659718009682,0.11030338786180598
690,11.5,feeder2_342,0.09418282289080711,0.12319774155084601,0.09419016959291024,0.12310230562041707
690,11.5,feeder2_368,0.0939408006489941,0.1218037790028941,0.09394941774375992,0.1217312426351332
690,11.5,feeder2_347,0.0979438936696334,0.1343367635196701,0.09794807233395805,0.13419159719132745
690,11.5,feeder2_353,0.09977692400647022,0.14036586090025735,0.09978293703393512,0.14020131225849894
690,11.5,feeder2_518,0.09887097617572414,0.1351316631837353,0.09887512800015177,0.1349848704913497
690,11.5,feeder2_365,0.10185104789884028,0.14766985611619254,0.10185314999865912,0.14747795094777372
690,11.5,feeder2_653,0.09971339175789608,0.1402744040354512,0.09971731206103308,0.14010394453992506
690,11.5,feeder2_377,0.10298981884112003,0.15186010997969013,0.10299207255645075,0.15165884924193843
690,11.5,feeder2_622,0.10183799180988395,0.147667305455313,0.10184011523503604,0.14747519181276883
690,11.5,feeder2_451,0.09424254033678019,0.12202215227059073,0.09425011576967486,0.12194761589109081
690,11.5,feeder2_383,0.09370158882592383,0.12106277915891803,0.09371355852790439,0.12103213095415971
690,11.5,feeder2_385,0.10442595779593812,0.15649091402190618,0.10442826324050587,0.156271759438842
690,11.5,feeder2_621,0.09883185712094296,0.153882695966627,0.09883638347180365,0.15369386833788531
690,11.5,feeder2_611,0.08906388006031753,0.11404173580047267,0.08907191396998218,0.11400662461210805
690,11.5,feeder2_405,0.09378603576354402,0.12145380536001305,0.09379842980914621,0.12142606334536146
690,11.5,feeder2_461,0.11054860608134942,0.18070844510410497,0.11054647815886585,0.18042801670435904
690,11.5,feeder2_594,0.10481441006549232,0.15522946088501807,0.1048177087594083,0.15501094667989426
690,11.5,feeder2_732,0.09425416724074574,0.11940559376949994,0.09426495371412887,0.11938168403538962
690,11.5,feeder2_417,0.09450826862821947,0.1251552609877438,0.09452295118360587,0.12514088422544795
690,11.5,feeder2_663,0.09249752396460205,0.13205926702389503,0.09251859672886467,0.13207162284796753
690,11.5,feeder2_444,0.09499302252099161,0.12645058484753918,0.09501021689493741,0.126441018870656
690,11.5,feeder2_759,0.09858268440874683,0.12600912446503615,0.09859939870153898,0.12599151371500403
690,11.5,feeder2_842,0.0927614650513237,0.14114488013397647,0.09279075962238811,0.1411789342231
690,11.5,feeder2_459,0.09505250121501238,0.12625960349309215,0.0950663678267729,0.12624721851520662
690,11.5,feeder2_702,0.09804620162928392,0.1255906837227429,0.09806252996585735,0.1255782362490491
690,11.5,feeder2_493,0.09491269628785949,0.12570807684231677,0.09492676351444929,0.12569937909622533
690,11.5,feeder2_651,0.11052676103524346,0.1806920111211664,0.11052494847987145,0.1804117633667559
690,11.5,feeder2_684,0.11571651917346024,0.20324767126750626,0.11571159402557543,0.20292590710114716
690,11.5,feeder2_674,0.09464070969962575,0.125317206662279,0.09465485882982606,0.12530478171600845
690,11.5,feeder2_696,0.09493589978002676,0.12583390842037706,0.09494888208274495,0.12582956112358779
690,11.5,feeder2_681,0.09449909639786716,0.12510287948769425,0.0945134269292465,0.12509444006256618
690,11.5,feeder2_682,0.09373539375559081,0.12402488790039068,0.09374760806497572,0.12401119167581573
690,11.5,feeder2_728,0.11564609495344669,0.20169255723417823,0.11564023145632016,0.20136524592620675
690,11.5,feeder2_724,0.12148441650017049,0.23125831892921267,0.12147489120664964,0.23090551944175436
690,11.5,feeder2_703,0.09490959046522816,0.12591833222522592,0.09492533356950891,0.12591190533189978
690,11.5,feeder2_704,0.0949303972225776,0.12586948463393935,0.0949463327026265,0.12586495417846222
690,11.5,feeder2_754,0.12271963653621096,0.23246281895077342,0.1227109899352749,0.23210905789865918
690,11.5,feeder2_747,0.1236665110277717,0.24215211990540475,0.12365720971277265,0.2417891862925441
690,11.5,feeder2_828,0.11521213812759551,0.19903474870073312,0.11520393037194833,0.19870828344702665
690,11.5,feeder2_763,0.11614290419744684,0.20318605780348203,0.11613777154344555,0.20285574381809257
690,11.5,feeder2_836,0.12361658409228513,0.2421004720358943,0.12360929010037938,0.2417351484889055
690,11.5,feeder2_758,0.125553203502103,0.2516001767705241,0.12554355829577296,0.25122879798162795
690,11.5,feeder2_788,0.12561173616143362,0.2516615842483595,0.1256003688317499,0.251287595897533
690,11.5,feeder2_812,0.13139663671908844,0.28082948772299976,0.13138422198817545,0.2804248414425675
690,11.5,feeder2_947,0.1182338572067954,0.20535879599918797,0.11822683816612804,0.20503204387523338
690,11.5,feeder2_868,0.11700912993718622,0.20408598685727358,0.11700321770381325,0.2037585047137966
690,11.5,feeder2_785,0.11615525183621142,0.20298033743202396,0.11614990787960852,0.20265189960647811
690,11.5,feeder2_1176,0.11469698387743925,0.20178246942019018,0.11468993793072382,0.2014582278680666
690,11.5,feeder2_846,0.1156247305452655,0.202287906616094,0.11561873148354368,0.2019572846935241
690,11.5,feeder2_911,0.11654595671927359,0.20396880220123312,0.11654111319867111,0.2036397817325604
690,11.5,feeder2_1107,0.1354602991175725,0.29650008760470986,0.1354495225979972,0.29610138745902553
690,11.5,feeder2_920,0.13192500924020686,0.28478345824444734,0.13191149730593654,0.2843720590214531
690,11.5,feeder2_926,0.1328356023089226,0.29107267500030093,0.1328220659839966,0.2906448303718853
690,11.5,feeder2_1239,0.13178500347419903,0.2844272508703571,0.13177185713294248,0.2840168339097429
690,11.5,feeder2_933,0.13323597686597752,0.29386448104565477,0.13322223154782928,0.2934334968454741
690,11.5,feeder2_1146,0.1328562631838392,0.2911861656494729,0.13284338649413363,0.2907637745462017
690,11.5,feeder2_1124,0.1331346219098093,0.2937634025576141,0.13311878321719858,0.2933362342691043
690,11.5,feeder2_942,0.1342560651318464,0.30112444561693513,0.13423990287530596,0.30068039582958206
690,11.5,feeder2_952,0.1354940671175666,0.3118130303925096,0.13547819516839438,0.3113481039109006
690,11.5,feeder2_965,0.1342920831785515,0.3011513812544307,0.1342763979192676,0.30070608691201856
690,11.5,feeder2_961,0.13559611379249079,0.31281569103531404,0.13557794616562702,0.31235003682531565
690,11.5,feeder2_963,0.135500997310247,0.31184794927528897,0.13548686164341162,0.3113841041210446
690,11.5,feeder2_973,0.1362381093656408,0.31838905014493857,0.13621965334603875,0.31791380311518147
690,11.5,feeder2_1128,0.13542677750290272,0.3124468465069052,0.13540695047127915,0.3119807375564652
690,11.5,feeder2_1113,0.13554798289525785,0.31189682599313556,0.13553359389088182,0.31143221355678286
690,11.5,feeder2_1143,0.13595753094963692,0.31413887657258216,0.13594069801994607,0.3136743197233718
690,11.5,feeder2_1238,0.1364048367149783,0.3035814341479155,0.1363910831356705,0.30313451849990597
690,11.5,feeder2_979,0.13428984335325644,0.30097612822016695,0.1342730741745132,0.3005347142714853
690,11.5,feeder2_1236,0.13721841878077154,0.3273875010636669,0.1371988782497793,0.3268938195687724
690,11.5,feeder2_989,0.13623796850568434,0.3183838004015137,0.1362200399077565,0.3179050551184473
690,11.5,feeder2_1196,0.1346195043331243,0.30023445960421524,0.13460251333386722,0.29979156292555675
690,11.5,feeder2_1158,0.1356766022581029,0.31780525364585505,0.1356590267447239,0.31732786631872323
690,11.5,feeder2_1122,0.1372472746558058,0.30434240289386977,0.1372345356866703,0.3039427614348616
690,11.5,feeder2_1258,0.13204483362368777,0.29490912091288857,0.13203335804369312,0.29451416805582986
690,11.5,feeder2_1303,0.14522650259639452,0.3127406219839812,0.1452137687383932,0.312340548666063
690,11.5,feeder2_1138,0.13810054430927574,0.30755485461497545,0.1380865805683132,0.30715203378175826
690,11.5,feeder2_1304,0.1377288593715117,0.3071814164024404,0.13771212966388238,0.3067792001359499
690,11.5,feeder2_1212,0.14003392551612692,0.31462289248895436,0.1400179691315247,0.3142218690042687
690,11.5,feeder2_1311,0.14082960005670986,0.3155399279989594,0.1408131217326809,0.31513651463257625
690,11.5,feeder2_1290,0.1422067400141393,0.32252946564148144,0.14219108989111062,0.3221236095721496
690,11.5,feeder2_1325,0.13859876004499894,0.3408280937731554,0.13857707806313316,0.34031306414469503
690,11.5,feeder2_1248,0.1372149234596811,0.3273837006924885,0.13719566113312592,0.3268898416870163
690,11.5,feeder2_1249,0.13643163129200278,0.30360945473965223,0.13641826869995838,0.30316397774449283
690,11.5,feeder2_1250,0.13783581034817766,0.3052224809819475,0.13782306232014827,0.30477608383148913
690,11.5,feeder2_1366,0.13713832490790573,0.32729936393952663,0.1371184040861896,0.3268091101414359
690,11.5,feeder2_1266,0.1297111823514502,0.29296225450304364,0.12970539473059203,0.292570227719486
690,11.5,feeder2_1372,0.15041768895063617,0.3311913825120311,0.1504008232537149,0.3307871874861648
690,11.5,feeder2_1363,0.1422272628730895,0.31878177586409995,0.14220914948723345,0.3183762183576859
690,11.5,feeder2_1446,0.13932769211224813,0.3418834713409927,0.13930443373868012,0.34136676804126154
690,11.5,feeder2_1502,0.13981723634781104,0.3546770246567304,0.13979413997921275,0.35413761619714496
690,11.5,feeder2_1428,0.1422177195808305,0.31835944784831344,0.14220190814414713,0.31795316943762464
690,11.5,feeder2_1380,0.14235082150567968,0.3148981657007896,0.14233434241508103,0.3144861430862009
690,11.5,feeder2_1550,0.14241439262188493,0.3149652643437331,0.1423967395453142,0.31455859219500026
690,11.5,feeder2_1386,0.1424065702916124,0.3129817282135893,0.1423883583508968,0.31257245576921777
690,11.5,feeder2_1551,0.14294247365193707,0.311811957278802,0.1429261644298026,0.31139869467970716
690,11.5,feeder2_1400,0.1424359072264616,0.31234012275881756,0.14241933914637817,0.311926043697949
690,11.5,feeder2_1552,0.14187823081406445,0.31160339217165717,0.14186029835239772,0.31119060200617954
690,11.5,feeder2_1408,0.14262733397850655,0.31133483660311895,0.1426072040322078,0.31092300124383815
690,11.5,feeder2_1553,0.1447756037481312,0.30716219567066866,0.1447569475042606,0.30675046064612416
690,11.5,feeder2_1416,0.14272299589953263,0.3117366459913638,0.1427082105199652,0.31132283516242243
690,11.5,feeder2_1530,0.14507753367727771,0.3144417351930211,0.1450617150789991,0.31402599922662705
690,11.5,feeder2_1425,0.14256327685440925,0.3110100455039846,0.14254573615928634,0.31059913547011014
690,11.5,feeder2_1589,0.14222255997732805,0.3105732138121489,0.14220115016561244,0.3101617449527907
690,11.5,feeder2_1435,0.1425457253886037,0.31089893926432416,0.14252789175388977,0.3104841896690281
690,11.5,feeder2_1621,0.14106837273486775,0.3100849949413117,0.14105441351309547,0.3096743770893864
690,11.5,feeder2_1564,0.1424685739435209,0.31071611666783416,0.1424511168211533,0.3103033336633487
690,11.5,feeder2_1704,0.1397903625716944,0.35464460345407006,0.13976375090573587,0.3541037128442817
690,11.5,feeder2_1525,0.14013594490843723,0.3582848825550535,0.14011280562851125,0.35773683551965557
690,11.5,feeder2_1716,0.13786513927601649,0.3582289631368609,0.13784012907013082,0.357683654631797
690,11.5,feeder2_1537,0.14055028098559752,0.36238399271770205,0.1405239120657283,0.3618307161245233
690,11.5,feeder2_1645,0.13798928923054365,0.359604793763469,0.1379585435787137,0.3590453850058938
690,11.5,feeder2_1561,0.14174453294291253,0.3682685770145451,0.14172077336968397,0.3677066546595378
690,11.5,feeder2_1657,0.14601999829154197,0.37275318907937277,0.14599140770935493,0.37219238795300114
690,11.5,feeder2_1570,0.14204734662326904,0.36973896524996547,0.1420195238150736,0.3691767325120067
690,11.5,feeder2_1756,0.1434596684443001,0.3718890835915033,0.14343546672254467,0.37132387792032845
690,11.5,feeder2_1588,0.142296442300939,0.37096493899662586,0.14226963543858495,0.37039826307127777
690,11.5,feeder2_1628,0.143117059873754,0.37182708607081977,0.14309032005316316,0.37126252743269467
690,11.5,feeder2_1598,0.14256261114047916,0.37226997129986594,0.14253645955628977,0.3717009457638117
690,11.5,feeder2_1816,0.1404589328733749,0.36989633557242985,0.14043356017190228,0.36932915759792423
690,11.5,feeder2_1765,0.14219535542949852,0.3718435489915125,0.14216848083189285,0.37127406066561686
690,11.5,feeder2_1641,0.1439007229553926,0.37969773656024325,0.14387326604384465,0.3791120391335824
690,11.5,feeder2_1689,0.1436141113447874,0.37901886500244836,0.14358658205692354,0.37842017807389383
690,11.5,feeder2_1744,0.1478909775139794,0.3840960190024417,0.1478624058075161,0.38350998047289525
690,11.5,feeder2_1817,0.14359872177835634,0.3790000213532658,0.14356833175422462,0.3784017166659794
690,11.5,feeder2_1779,0.14359021309073977,0.37899243023113927,0.1435598768230366,0.37839231414604196
690,11.5,feeder2_1800,0.14359217513048947,0.3790002974182378,0.14356197713656726,0.37840074744305996
690,11.5,feeder2_1818,0.14064878345898887,0.3759793706227474,0.14060035521165626,0.37535516325401747
690,11.5,feeder2_1753,0.15931798417079313,0.39610075992524846,0.15929321221536644,0.395514761861964
690,11.5,feeder2_1754,0.14817311641903294,0.384529041139499,0.148145211370663,0.38394334472692276
720,12.0,secondary,0.013547747496043372,0.008956107712788139,0.013552505136059061,0.008963741412804826
720,12.0,feeder2_44,0.02520756994320512,0.04670272216727957,0.025219454863547496,0.04674877850718634
720,12.0,feeder2_45,0.025643759257378246,0.04815829518873337,0.02565737303750023,0.048206210776865974
720,12.0,feeder2_46,0.02523311872669116,0.04680474480675881,0.025243116171183133,0.04685642297666427
720,12.0,feeder2_51,0.026386243348413926,0.05062025326457614,0.026397779123458788,0.05067443186451816
720,12.0,feeder2_48,0.026573027979428142,0.048475341314664834,0.026585561533493438,0.04852231939866434
720,12.0,feeder2_52,0.023892397920860318,0.047013057221137244,0.02390674900721302,0.04706511414262885
720,12.0,feeder2_68,0.028828109424208076,0.05903788289703898,0.02883883190382602,0.059099804555324424
720,12.0,feeder2_69,0.03869292311488356,0.07735779079936433,0.03869350247704891,0.07742224506768591
720,12.0,feeder2_71,0.028991645589991774,0.059469421556533425,0.02900411244592572,0.059527786953277005
720,12.0,feeder2_72,0.05625833534837265,0.07744198770321577,0.056272273988647994,0.07749623452490007
720,12.0,feeder2_73,0.02919874382765262,0.05903809536577056,0.029213238280906332,0.05910064775016017
720,12.0,feeder2_74,0.027375087362131414,0.0569413705014506,0.02738798339371225,0.05700841376663399
720,12.0,feeder2_77,0.029448931565280192,0.058998449356316415,0.02946195288978846,0.0590633047672971
720,12.0,feeder2_79,0.033801638331248635,0.06869536514578559,0.03380574480528581,0.06876707562675455
720,12.0,feeder2_81,0.029139632539685555,0.056334901027482,0.029150906106777938,0.05640614534379623
720,12.0,feeder2_82,0.03041221338333668,0.0571297927292703,0.030428194138662,0.05719973705779129
720,12.0,feeder2_116,0.027635195459494073,0.049523003951114114,0.0276526136327374,0.04959307113370496
720,12.0,feeder2_119,0.026405958689629742,0.048259576269349215,0.026425901555706826,0.048328458352888654
720,12.0,feeder2_120,0.027244386492753864,0.05056376521614725,0.02725934669026634,0.05063226243407516
720,12.0,feeder2_248,0.027132497608119758,0.05046852458088832,0.027150699550151387,0.05053448762228169
720,12.0,feeder2_124,0.02701632859500998,0.05196626918907791,0.02703449352839983,0.05202976025253285
720,12.0,feeder2_282,0.027847034363555116,0.05264811669098397,0.027864678622463727,0.05271265318810271
720,12.0,feeder2_275,0.026902707253039344,0.051876749307957916,0.026921265401236946,0.051938013215573973
720,12.0,feeder2_151,0.026558868533189207,0.05512220515889296,0.026578878437769994,0.05517611601087819
720,12.0,feeder2_295,0.026405518929974323,0.055149009051947126,0.026422691393037073,0.055204031989705096
720,12.0,feeder2_311,0.026578392139321932,0.0550751385758382,0.026596596088123998,0.05512881510515469
720,12.0,feeder2_201,0.025742573338558044,0.06317874939308636,0.025764578036482667,0.06321227910209772
720,12.0,feeder2_314,0.026543539065072053,0.06376974342679771,0.026564102649697035,0.06380281485872517
720,12.0,feeder2_342,0.024253443146280106,0.07712378470818151,0.024274361721225074,0.07713341350876164
720,12.0,feeder2_368,0.024133116663108307,0.07609304845227159,0.02416018380196252,0.07610299899699761
720,12.0,feeder2_347,0.023672019289914463,0.08681676888791218,0.023695775648080748,0.0868168487324809
720,12.0,feeder2_353,0.02331215983140078,0.09108032239784104,0.023339182544594352,0.09107303084022435
720,12.0,feeder2_518,0.024897818842632143,0.08821750249750099,0.02492364007757552,0.08822100364705705
720,12.0,feeder2_365,0.022927105843292144,0.09591550088119191,0.022952488797455064,0.09590659434281594
720,12.0,feeder2_653,0.02322378528064212,0.09106774029443472,0.023253685708554593,0.09106240396878888
720,12.0,feeder2_377,0.022718090485371014,0.09858996548483329,0.02274691095127536,0.09857505593999852
720,12.0,feeder2_622,0.02292837990615947,0.09588402225344576,0.022955633684071542,0.09587629849375963
720,12.0,feeder2_451,0.024206739015054036,0.07618413644554514,0.024230490869470357,0.07619533298184479
720,12.0,feeder2_383,0.023928467542419236,0.07435672093559566,0.023950708721340187,0.07436540117635629
720,12.0,feeder2_385,0.02247269544509571,0.10183827905713425,0.022502615553229438,0.1018252658112672
720,12.0,feeder2_621,0.022486103592840947,0.09824694983435216,0.022513675300590903,0.09823480916620625
720,12.0,feeder2_611,0.023215574320171527,0.07296017815963482,0.023241328507977915,0.07296572855626166
720,12.0,feeder2_405,0.023934114064128674,0.07431672017722504,0.023958324581148823,0.07432491562861607
720,12.0,feeder2_461,0.021526853026862754,0.11534404323348568,0.02155519495824515,0.11531522445155382
720,12.0,feeder2_594,0.02240438041201155,0.1018380314654544,0.02243394147745038,0.10182223645441889
720,12.0,feeder2_732,0.02363247484890828,0.0725160111299931,0.023657602014842776,0.07252483213473773
720,12.0,feeder2_417,0.024038767006630095,0.07439420239790882,0.024063359102348456,0.07440554863880933
720,12.0,feeder2_663,0.023090823671363416,0.07383490475264902,0.023112355654758353,0.0738506187641375
720,12.0,feeder2_444,0.024148351026720378,0.07469812208965139,0.024172428364981416,0.07470738900407022
720,12.0,feeder2_759,0.027293480095066942,0.07799404386796896,0.027319438279335424,0.07800195718304438
720,12.0,feeder2_842,0.024438222820126563,0.07316413900688967,0.02446333568512427,0.0731752577236456
720,12.0,feeder2_459,0.024121675286435707,0.0746907525824195,0.02414239280497407,0.0747008077355681
720,12.0,feeder2_702,0.025730502326880973,0.07610154894407387,0.025754728360070978,0.07610646216016297
720,12.0,feeder2_493,0.02382832173399499,0.07407445404708574,0.023851373424484484,0.07408302944120787
720,12.0,feeder2_651,0.020491007400345592,0.11523259966192474,0.020521339357078425,0.11520499405865708
720,12.0,feeder2_684,0.02093462439785104,0.12696906117642717,0.020968121819490766,0.12692737648431499
720,12.0,feeder2_674,0.023344203597105054,0.07374946455447665,0.023366502845292517,0.07375643318591271
720,12.0,feeder2_696,0.023736122531273267,0.07353521694814213,0.02375982031737655,0.07354690909921859
720,12.0,feeder2_681,0.022740955132483382,0.07302136810489687,0.02276309756164114,0.07302905681688068
720,12.0,feeder2_682,0.0222996130137966,0.07353256003695637,0.022322999472256508,0.07353826677452639
720,12.0,feeder2_728,0.020876300421024813,0.12739169991194602,0.020907307806093445,0.12735348293493465
720,12.0,feeder2_724,0.02049440950998796,0.13837792054854967,0.020526189798188457,0.13832573399576467
720,12.0,feeder2_703,0.02376185833236068,0.07340580748232772,0.023784135131199806,0.07341886500127569
720,12.0,feeder2_704,0.023407986126344708,0.07344037872400246,0.023430488343240678,0.07345111840872734
720,12.0,feeder2_754,0.020967711717378597,0.13881622338325453,0.021002553371639865,0.13876295252991966
720,12.0,feeder2_747,0.02028909366484678,0.14296453028265574,0.020323558014058843,0.14290749458767463
720,12.0,feeder2_828,0.02071909566377475,0.12728266895575893,0.020753231207231316,0.12724530026683903
720,12.0,feeder2_763,0.02089004867250071,0.12816310952831675,0.020922465044748623,0.12813089096397448
720,12.0,feeder2_836,0.01774059019855053,0.14201166210673774,0.017776409864351816,0.14195418474725016
720,12.0,feeder2_758,0.0202667338791668,0.14756736375303708,0.02030362295219175,0.14750484880210266
720,12.0,feeder2_788,0.021401836315960734,0.1489643167030738,0.021437480762327762,0.1488958116045394
720,12.0,feeder2_812,0.019924382062057374,0.1605582617867689,0.019963627594579862,0.16047556507365002
720,12.0,feeder2_947,0.023817589575885437,0.13100901031128273,0.023853362540915333,0.13097634430558602
720,12.0,feeder2_868,0.021596500484059648,0.1288554687763119,0.021628304880173952,0.12882015586060333
720,12.0,feeder2_785,0.020645342754995806,0.1276068796950573,0.020680065324879468,0.12757253829909385
720,12.0,feeder2_1176,0.01781447427879875,0.12498057345200503,0.017845311622579962,0.12495486572728916
720,12.0,feeder2_846,0.019875700083328198,0.12761976131785252,0.019908971675232458,0.12758265880697658
720,12.0,feeder2_911,0.020664702096522335,0.1276874354440788,0.02069812060253006,0.12765680726463519
720,12.0,feeder2_1107,0.020793267898577966,0.1665455764068652,0.020832239877115678,0.16645771810405818
720,12.0,feeder2_920,0.019628640711949332,0.16269698350559592,0.019669891894468543,0.16260919756609785
720,12.0,feeder2_926,0.019303461299682148,0.1657887785034813,0.01934163509309086,0.16569335473372154
720,12.0,feeder2_1239,0.019492926273357636,0.16292502236295228,0.019530907131242916,0.16283354469313743
720,12.0,feeder2_933,0.019033117612673425,0.1665696418000795,0.019073062123617337,0.1664693751295087
720,12.0,feeder2_1146,0.019900626865474676,0.1687087036335885,0.019940541948229654,0.16861216838340343
720,12.0,feeder2_1124,0.019020945434294858,0.16651314120649882,0.0190605363066492,0.16641444343876854
720,12.0,feeder2_942,0.018346722531149613,0.16868148841002753,0.01838754091888312,0.1685730521871882
720,12.0,feeder2_952,0.01745598441341857,0.17313758300238702,0.017497569116939095,0.17302322716943186
720,12.0,feeder2_965,0.018331607769913175,0.16852648353495606,0.018373838789268394,0.16842125882710846
720,12.0,feeder2_961,0.017262322846844994,0.17317986207116676,0.01730553378687573,0.17306136017828938
720,12.0,feeder2_963,0.017476978757818014,0.17323334608364435,0.017517790349159273,0.1731145456984082
720,12.0,feeder2_973,0.01634409646564984,0.17318631365693102,0.016388004737335853,0.17306798284686817
720,12.0,feeder2_1128,0.017074658966823482,0.17361382667594163,0.01711470247326019,0.17349561152756746
720,12.0,feeder2_1113,0.018391361920702957,0.17448070171056035,0.01843222801230579,0.17436353942944724
720,12.0,feeder2_1143,0.018179200971709424,0.1761821408741401,0.018218377608867548,0.17606966944794777
720,12.0,feeder2_1238,0.019054032747284646,0.16897867894189253,0.019096423756565197,0.1688732083166875
720,12.0,feeder2_979,0.018303381009285146,0.16829239648313207,0.018343601947581188,0.16818380911447636
720,12.0,feeder2_1236,0.014918193490958577,0.17429001077568274,0.014963062203708811,0.1741561811790261
720,12.0,feeder2_989,0.0163446479337168,0.17317728194078458,0.016387746965883288,0.17305177186257611
720,12.0,feeder2_1196,0.018801474126043938,0.1671874937053764,0.018843706918049645,0.16707556685280006
720,12.0,feeder2_1158,0.01612811542089347,0.17205723552556662,0.016169718806662455,0.1719375212654136
720,12.0,feeder2_1122,0.021153840734915778,0.16899425681940716,0.02119091082831559,0.16891396037280595
720,12.0,feeder2_1258,0.020763913227298106,0.1664013359322911,0.02080269427117642,0.16631864225659382
720,12.0,feeder2_1303,0.021298890335858273,0.16908588651309148,0.021336835482833945,0.1689988758216433
720,12.0,feeder2_1138,0.021441861170074798,0.17089602578927005,0.02147907435020211,0.17081069373436608
720,12.0,feeder2_1304,0.020860498829741062,0.17118474318875734,0.020898819750270844,0.1711034625685258
720,12.0,feeder2_1212,0.022236660037859332,0.17461984192385374,0.022273752210082678,0.17453869303396877
720,12.0,feeder2_1311,0.02323181437008172,0.17612976003302055,0.023271968478955636,0.17604269615358742
720,12.0,feeder2_1290,0.023018803887087512,0.1779636979990783,0.02305664878229209,0.17788465669486844
720,12.0,feeder2_1325,0.01308719837268667,0.17846584940184232,0.013132102564704744,0.17831835411424632
720,12.0,feeder2_1248,0.01490977432339163,0.1742792219785135,0.014954604073212063,0.17414539253465955
720,12.0,feeder2_1249,0.019079929262194588,0.16899632332484585,0.019123053525779733,0.16888623010519238
720,12.0,feeder2_1250,0.01949971522935554,0.16925455668291506,0.019540246956605938,0.16914973783278706
720,12.0,feeder2_1366,0.013201102652578997,0.17331389668883893,0.013245159793898247,0.1731817798038
720,12.0,feeder2_1266,0.020750957706546686,0.16631462555140156,0.020787340916171848,0.1662323816295255
720,12.0,feeder2_1372,0.028352052343117586,0.1821376024477759,0.02838903148637775,0.1820622040343475
720,12.0,feeder2_1363,0.022468628571974944,0.1762633277137247,0.02250773227994855,0.1761747886515589
720,12.0,feeder2_1446,0.013799812261014637,0.17939469586115533,0.01384590429383064,0.17925205074490946
720,12.0,feeder2_1502,0.010783791282141391,0.18231037152341437,0.010832723554809584,0.18215232141714702
720,12.0,feeder2_1428,0.022410235820627657,0.17599764485347938,0.022448778387590747,0.17590590772528525
720,12.0,feeder2_1380,0.02207640186456959,0.1745569234146237,0.022112479456573794,0.17446919953703835
720,12.0,feeder2_1550,0.023230492773900036,0.17652841172826061,0.023268764009978488,0.17643743767165673
720,12.0,feeder2_1386,0.02169420683391267,0.17274925732121102,0.021730570872908944,0.17265903620685355
720,12.0,feeder2_1551,0.022132386373229458,0.17208373810046043,0.022171091439695884,0.17198746770694032
720,12.0,feeder2_1400,0.021521750094048216,0.17202986400156287,0.02155943764830524,0.171935699862001
720,12.0,feeder2_1552,0.020724366275850933,0.1725865135035541,0.02076168682397081,0.17249151480581143
720,12.0,feeder2_1408,0.021323639277283223,0.17018901646080198,0.021359540335487957,0.17009338578827896
720,12.0,feeder2_1553,0.021251783829990375,0.1702383524502861,0.021290842635417535,0.17014130814549977
720,12.0,feeder2_1416,0.021226350062541588,0.16921791920426033,0.021265659819527497,0.16912521507151457
720,12.0,feeder2_1530,0.021345946182816843,0.1692971869057901,0.021382436611121016,0.1692023670245975
720,12.0,feeder2_1425,0.0210299912030498,0.16733162732780016,0.02106583183450255,0.16723317942755178
720,12.0,feeder2_1589,0.021514582849830766,0.16642879865088336,0.021552896944524377,0.1663296566387408
720,12.0,feeder2_1435,0.021009545503061465,0.16701966843377308,0.021048692175687132,0.16692551601416658
720,12.0,feeder2_1621,0.018710543835839442,0.16383850543329456,0.018750529708411578,0.16374598081456118
720,12.0,feeder2_1564,0.020983774730788628,0.16708138239947157,0.021019111985983847,0.16698811563704216
720,12.0,feeder2_1704,0.009728775520225925,0.18166813977298857,0.009774830806686589,0.1815101046264997
720,12.0,feeder2_1525,0.01025217469200139,0.18363254793035305,0.010301629954335003,0.18346702618621674
720,12.0,feeder2_1716,0.00842547561240723,0.18143407005975226,0.008470578720147599,0.1812685768567047
720,12.0,feeder2_1537,0.009691569043412264,0.18551065080521695,0.009738689926617614,0.1853462902791951
720,12.0,feeder2_1645,0.007488394898355104,0.18918146258970386,0.00751873133834175,0.1890055444962236
720,12.0,feeder2_1561,0.009877412094296824,0.1853609546524433,0.009925246348792941,0.18519112479439842
720,12.0,feeder2_1657,0.010882030157456165,0.18644010976238454,0.010930344612903995,0.18626973299744176
720,12.0,feeder2_1570,0.00989889798388262,0.1850446779324993,0.009949323315858068,0.18486816685536336
720,12.0,feeder2_1756,0.012124539894889048,0.1879367580546071,0.012173970063626628,0.18776888758322524
720,12.0,feeder2_1588,0.009880887104126322,0.18456695410976717,0.009927969306750542,0.18439230414856123
720,12.0,feeder2_1628,0.010564446956768763,0.18494648807256248,0.010613530117047397,0.18477534050721714
720,12.0,feeder2_1598,0.009825120023214432,0.18387153397950012,0.009875807510953618,0.1836968268320697
720,12.0,feeder2_1816,0.009345647722156365,0.1793762725664341,0.009390520643552691,0.17920310323082772
720,12.0,feeder2_1765,0.009775069416729062,0.18366988863390557,0.009822712294613447,0.18349453933540655
720,12.0,feeder2_1641,0.009492300353175744,0.1819356352008812,0.009542552861791643,0.18175624842491925
720,12.0,feeder2_1689,0.009185428637567744,0.18024085559129227,0.009236947014735122,0.18005196048694252
720,12.0,feeder2_1744,0.009605076423336047,0.18198225646988017,0.009656045268641677,0.18179879280414143
720,12.0,feeder2_1817,0.009109700348483194,0.1798223040077699,0.009161517803917673,0.17963238266068454
720,12.0,feeder2_1779,0.008028507098611503,0.17952045025486962,0.008078924764518375,0.1793358599250909
720,12.0,feeder2_1800,0.009786111087853554,0.17951538563402172,0.009834529732772528,0.17932607663335212
720,12.0,feeder2_1818,0.008671197087232655,0.17906943180683849,0.008731839877703028,0.17887792453015464
720,12.0,feeder2_1753,0.009810210032574894,0.1820562615824871,0.00985849080286524,0.18187727880805968
720,12.0,feeder2_1754,0.009638552866272992,0.1819984463402244,0.00969030310605315,0.18181902997074212
750,12.5,secondary,0.0314728529855201,0.04311340131372676,0.03145762999272371,0.04309375911644801
750,12.5,feeder2_44,0.058577119998904206,0.22488639813218822,0.05855051748185408,0.22478905317018447
750,12.5,feeder2_45,0.05960122762138979,0.23181472150477175,0.05957313570344554,0.23171811430250755
750,12.5,feeder2_46,0.05688255590372012,0.22596438899988835,0.056854694865297394,0.22586791204924367
750,12.5,feeder2_51,0.06137106759055151,0.24401701557953953,0.06134311958460785,0.243909751380129
750,12.5,feeder2_48,0.06069740739471284,0.2306020326728087,0.06066778987274751,0.23050024585524512
750,12.5,feeder2_52,0.05789763322166382,0.24481395611434564,0.05786959708538687,0.24471019732846172
750,12.5,feeder2_68,0.06674355002105607,0.27833200565577004,0.06670993483894665,0.2782165604324581
750,12.5,feeder2_69,0.06663357981597232,0.2794279618646843,0.06660595762259205,0.27930719865136994
750,12.5,feeder2_71,0.06745095879318339,0.28282155754479077,0.0674176120069008,0.28269902610404946
750,12.5,feeder2_72,0.06899057360692967,0.28113148692386136,0.06896164341904341,0.2810077908901477
750,12.5,feeder2_73,0.06964230909403304,0.2970688488721934,0.0696070720418171,0.296939209682121
750,12.5,feeder2_74,0.06877997984712926,0.29841694325994017,0.0687483294000844,0.29829197504383675
750,12.5,feeder2_77,0.0715862730683751,0.3091176254586204,0.07155344697698689,0.3089845774181711
750,12.5,feeder2_79,0.0703887942815845,0.31040950476365575,0.07035842962564029,0.3102775993408812
750,12.5,feeder2_81,0.074654435309642,0.3275859365864465,0.07462028526917985,0.32744330209495304
750,12.5,feeder2_82,0.07602374833848392,0.3260435767269817,0.07599118170949196,0.3259037420573086
750,12.5,feeder2_116,0.08840352488452782,0.4118597933659642,0.08836507916793579,0.41167621437042834
750,12.5,feeder2_119,0.08721680619980342,0.41287950988521915,0.08718020453263217,0.4126969512816358
750,12.5,feeder2_120,0.09375065732013581,0.44264751497201615,0.09370946036369336,0.44244964545750937
750,12.5,feeder2_248,0.09363273106863461,0.44259911667735496,0.09359014943105098,0.4424017907805859
750,12.5,feeder2_124,0.09705395559394063,0.461612940958803,0.09701092969058576,0.4614084857417918
750,12.5,feeder2_282,0.09729922148274846,0.46132605817297107,0.0972559515811991,0.4611175597513366
750,12.5,feeder2_275,0.09693350046707622,0.4615641766195726,0.09688900560091522,0.4613577874612626
750,12.5,feeder2_151,0.10282612338180924,0.4948229570995074,0.10278136344896793,0.49460312532286965
750,12.5,feeder2_295,0.10298216435986152,0.49515699163853594,0.10293476106388649,0.4949399670465802
750,12.5,feeder2_311,0.10287941155280793,0.49494180968820023,0.10283461252092102,0.49472040722646154
750,12.5,feeder2_201,0.11233916107955626,0.5494712377204534,0.11228521838840234,0.5492270000349664
750,12.5,feeder2_314,0.11238397686367807,0.5494178438933499,0.11233382205735197,0.5491714551497922
750,12.5,feeder2_342,0.12587321621280004,0.627149361108479,0.1258187925410902,0.6268683161332264
750,12.5,feeder2_368,0.1262531670103641,0.6340505060120843,0.12619397174157843,0.6337676739860769
750,12.5,feeder2_347,0.1316234864223304,0.6525545675730947,0.13156411334822332,0.6522627299834453
750,12.5,feeder2_353,0.13447749224459365,0.6656284677048474,0.13441832685743912,0.6653271249348722
750,12.5,feeder2_518,0.1323500218146331,0.651714631306507,0.1322911715087834,0.6514222837568823
750,12.5,feeder2_365,0.13765305560315524,0.6801762680646541,0.13759383917823986,0.6798650376408174
750,12.5,feeder2_653,0.13437724856889607,0.6655875096333154,0.13431679406198407,0.6652871838665351
750,12.5,feeder2_377,0.13937591944765487,0.6880759445662253,0.13931615546280696,0.6877607565136433
750,12.5,feeder2_622,0.13767036400730306,0.6802148859187035,0.1376120624883573,0.679904189471098
750,12.5,feeder2_451,0.1278481987606161,0.6323869889739264,0.1277931479090394,0.6321028650194831
750,12.5,feeder2_383,0.1265589239381006,0.6466094392048656,0.1265001675412716,0.6463244735155304
750,12.5,feeder2_385,0.14133820502717562,0.6970608318187942,0.1412806134098422,0.6967359754477096
750,12.5,feeder2_621,0.13954864514257237,0.6884320585226669,0.13948526362442215,0.6881176653087466
750,12.5,feeder2_611,0.1251117478122602,0.6460901334739161,0.1250585262763306,0.6457998747761295
750,12.5,feeder2_405,0.12660001830860024,0.6474300882980759,0.1265404841151924,0.6471453578929708
750,12.5,feeder2_461,0.1493285169337126,0.7336813762481463,0.14926546717120226,0.7333426279553357
750,12.5,feeder2_594,0.14126155576427907,0.6970251446542594,0.14120186537547713,0.6967030824522645
750,12.5,feeder2_732,0.12644851243510666,0.6473708190584695,0.12639437302033507,0.6470803046726549
750,12.5,feeder2_417,0.12692315569182736,0.6536319447256984,0.12686331982696428,0.6533455438673998
750,12.5,feeder2_663,0.1261363675885569,0.6565077522472735,0.1260774084043732,0.6562174054644254
750,12.5,feeder2_444,0.12712366013304752,0.6573897456468759,0.12706330324241216,0.6571017386041728
750,12.5,feeder2_759,0.12985452536878264,0.6542696725007112,0.1297963458911532,0.6539820065796911
750,12.5,feeder2_842,0.1399242977155773,0.6821585415529939,0.1398550144085769,0.6818722780397399
750,12.5,feeder2_459,0.12686652538800286,0.6574332218063161,0.12681087793621457,0.6571417663815442
750,12.5,feeder2_702,0.1286092617150085,0.6555865044837449,0.12854769738323338,0.6552999738805488
750,12.5,feeder2_493,0.12571691592404902,0.6583474623206579,0.12565709060355043,0.6580551901724928
750,12.5,feeder2_651,0.1495027134189058,0.7340865653751931,0.14944159732114878,0.7337431887369199
750,12.5,feeder2_684,0.15574718289210338,0.7630875470348084,0.15568398408768347,0.7627314449352746
750,12.5,feeder2_674,0.12328538900998592,0.6590106859543603,0.1232298889764848,0.6587149909564384
750,12.5,feeder2_696,0.12591708791636325,0.6593059106668026,0.12585690355117027,0.6590146904969421
750,12.5,feeder2_681,0.11717819136695129,0.660409229040675,0.11712499033733421,0.6601091619913038
750,12.5,feeder2_682,0.12259004124314582,0.6597304715189699,0.12253266448105533,0.6594391551545781
750,12.5,feeder2_728,0.1569704956005569,0.7686722944785099,0.15690369367139914,0.7683182131797351
750,12.5,feeder2_724,0.1598829944357597,0.780356243281135,0.15981895479215188,0.7799809682811871
750,12.5,feeder2_703,0.12600476579207584,0.6594823822792955,0.1259463086415873,0.6591912114190471
750,12.5,feeder2_704,0.12607016081729083,0.6596143545128648,0.12601305122097656,0.6593186556297107
750,12.5,feeder2_754,0.160303653969977,0.7799160904907818,0.16023906718523714,0.7795432633682631
750,12.5,feeder2_747,0.16156832918393615,0.7876296783662742,0.16150432604352374,0.7872477557214803
750,12.5,feeder2_828,0.15680607044819922,0.7685905306450418,0.1567362313633979,0.7682381627535209
750,12.5,feeder2_763,0.15885326871659164,0.7770635855682072,0.15878558572960536,0.7767087976977802
750,12.5,feeder2_836,0.1619222829415643,0.7883495053482154,0.16185734505383909,0.7879655500910828
750,12.5,feeder2_758,0.16296158534226096,0.7935740276745568,0.16289790640992666,0.7931879530345418
750,12.5,feeder2_788,0.16437982244258542,0.7920971239418517,0.1643089914120406,0.7917151360551258
750,12.5,feeder2_812,0.16692265510527385,0.8137712295798957,0.16684989516211735,0.8133712185218082
750,12.5,feeder2_947,0.16047798671891095,0.7753002244077342,0.1604134964559985,0.7749457737843051
750,12.5,feeder2_868,0.1596903250211074,0.7761768368879045,0.15962351172182457,0.7758240281190764
750,12.5,feeder2_785,0.1598116935378173,0.7830345260177606,0.15974772710951607,0.7826771081253844
750,12.5,feeder2_1176,0.1736682285729712,0.8121814407555812,0.17358433148520483,0.8118263158016605
750,12.5,feeder2_846,0.15883430718623345,0.7831693817111599,0.15876844192715167,0.782810142023977
750,12.5,feeder2_911,0.15981724289064225,0.782985309525244,0.1597529497604166,0.7826249206728697
750,12.5,feeder2_1107,0.16818648561968622,0.8265613532205797,0.16811913686013474,0.8261474671173309
750,12.5,feeder2_920,0.16768701656094792,0.8159261213108256,0.16761786390054198,0.8155171788622264
750,12.5,feeder2_926,0.16894057341503335,0.8194644548462634,0.16887032145805103,0.8190520526953106
750,12.5,feeder2_1239,0.16755725209553657,0.8155846082435348,0.16748853192052002,0.815173369684963
750,12.5,feeder2_933,0.1694499783973176,0.8213101676590131,0.1693840107905205,0.8208940745815061
750,12.5,feeder2_1146,0.16916369506949913,0.8182199370111123,0.16909602971998428,0.8178030422057262
750,12.5,feeder2_1124,0.16898374501721458,0.8218523939924998,0.1689129763639504,0.821436055073725
750,12.5,feeder2_942,0.17074227928596802,0.8254508009480039,0.17067225538086564,0.8250331114738438
750,12.5,feeder2_952,0.17241857146486467,0.8333807829069749,0.17235096327658497,0.8329484193388994
750,12.5,feeder2_965,0.1707738370430329,0.8252242078107872,0.170705582034821,0.8248041378282802
750,12.5,feeder2_961,0.17254712325071364,0.8348900053272699,0.17248016684377787,0.8344564071803651
750,12.5,feeder2_963,0.17242998930070835,0.833241678908769,0.1723614834143434,0.8328117573343097
750,12.5,feeder2_973,0.17333361617381368,0.8427133840941785,0.17326178043424412,0.8422775054116717
750,12.5,feeder2_1128,0.17237034237272025,0.8352396031844459,0.17230100653624753,0.8348098855148016
750,12.5,feeder2_1113,0.17294519013413784,0.8327072601269971,0.17287790849217358,0.8322763687947784
750,12.5,feeder2_1143,0.17297154037754964,0.8252619938469014,0.17290633068791625,0.8248427581823706
750,12.5,feeder2_1238,0.17436714175546322,0.8215836510764472,0.17429727040848164,0.8211682894420292
750,12.5,feeder2_979,0.17077123542747716,0.8252160327669237,0.17070165266573173,0.824798538264953
750,12.5,feeder2_1236,0.1743372664846581,0.8533871518600454,0.1742665204667969,0.8529331872277599
750,12.5,feeder2_989,0.1733351780221632,0.8427225062491642,0.1732636268935089,0.8422831654053726
750,12.5,feeder2_1196,0.17071546889273578,0.8251869135569826,0.17064291739930135,0.8247716889655964
750,12.5,feeder2_1158,0.17379433941504638,0.8438726664256763,0.1737195277933132,0.8434392491833343
750,12.5,feeder2_1122,0.1686529722837087,0.8314221020968993,0.16857832314517207,0.8310111340956631
750,12.5,feeder2_1258,0.16827898102121974,0.8267321679025126,0.1682074540899057,0.8263245013277142
750,12.5,feeder2_1303,0.16872640577992584,0.8313462318511717,0.16865831527750139,0.8309359492549238
750,12.5,feeder2_1138,0.1690232212536603,0.8352829230681768,0.16895608077939936,0.8348677987919826
750,12.5,feeder2_1304,0.16810244491592502,0.8358340283843977,0.16803743931051218,0.8354178509678093
750,12.5,feeder2_1212,0.1700505746443039,0.8431339899536554,0.16997975922050176,0.8427161868834597
750,12.5,feeder2_1311,0.1717113054784268,0.8414045298198438,0.17164083688714044,0.8409845687792178
750,12.5,feeder2_1290,0.1710696952802168,0.8542903935687544,0.17099449345933831,0.8538685164994246
750,12.5,feeder2_1325,0.17546087715035907,0.8664968329249493,0.17538583800659624,0.8660281212641637
750,12.5,feeder2_1248,0.17433995028326932,0.8533942916096517,0.17426931350297356,0.8529394229318871
750,12.5,feeder2_1249,0.1743826471756947,0.8215692616864966,0.1743146366002845,0.82114745630706
750,12.5,feeder2_1250,0.176853067499001,0.8190686232657193,0.17678717177885858,0.8186493033841551
750,12.5,feeder2_1366,0.17439504394908215,0.8535381798625588,0.1743201055156267,0.8530870532403806
750,12.5,feeder2_1266,0.16834417678725971,0.8268426862204711,0.16827410250586883,0.8264342210782221
750,12.5,feeder2_1372,0.17226628369358774,0.8530422845987232,0.172195917903442,0.8526167235535222
750,12.5,feeder2_1363,0.17186912925269213,0.86805579600919,0.1717950017555063,0.8676313774197805
750,12.5,feeder2_1446,0.17550143748449615,0.8664592353629125,0.17542662893940836,0.8659885456145483
750,12.5,feeder2_1502,0.17672464197077595,0.8812690226578289,0.17664357458254343,0.8807825556849013
750,12.5,feeder2_1428,0.17115967053755077,0.8687498110987938,0.1710897398952394,0.8683199445315898
750,12.5,feeder2_1380,0.17326438693005775,0.8838787119607611,0.1731903429809752,0.8834463285260951
750,12.5,feeder2_1550,0.17330863317024603,0.8838277758929333,0.173232822250081,0.8833973779550727
750,12.5,feeder2_1386,0.1739522821836748,0.8916321710961024,0.17388014692029033,0.8911996774657859
750,12.5,feeder2_1551,0.17383784470812347,0.891580755067743,0.17376282045474029,0.8911513643550624
750,12.5,feeder2_1400,0.17428554439571114,0.895333131548161,0.17421105105617857,0.8948969389002872
750,12.5,feeder2_1552,0.17269491954084235,0.8946422555473059,0.17262261562995268,0.8942034101622284
750,12.5,feeder2_1408,0.17513345391586382,0.9034299572748372,0.17505944349519853,0.9029971147700165
750,12.5,feeder2_1553,0.1750058810413558,0.9033700999797022,0.1749286860746506,0.902937171135115
750,12.5,feeder2_1416,0.1755812642377574,0.9076615912299617,0.1755031290405929,0.9072289648147625
750,12.5,feeder2_1530,0.1756412613696097,0.9075916259817688,0.17556663338308467,0.9071556187288917
750,12.5,feeder2_1425,0.17643697618411974,0.9157600520179483,0.17635887151003865,0.9153264585557368
750,12.5,feeder2_1589,0.1746858317985999,0.9165339789951192,0.17461061402087988,0.9160957478007209
750,12.5,feeder2_1435,0.17665836128463452,0.9173392151378126,0.1765839583590485,0.9169054748730205
750,12.5,feeder2_1621,0.18371663911253625,0.9330044062669159,0.18363534233637888,0.9325663006239068
750,12.5,feeder2_1564,0.17621546362806798,0.9183684233277136,0.17613870978846316,0.9179327772650693
750,12.5,feeder2_1704,0.1761757161088726,0.8819647632630372,0.17609406581615739,0.8814811534475051
750,12.5,feeder2_1525,0.1770470538263304,0.8847809634275767,0.17697037027959087,0.8842852074592156
750,12.5,feeder2_1716,0.18591992793456827,0.9106788444091801,0.185820115784241,0.910188929491061
750,12.5,feeder2_1537,0.17679379185550154,0.8847233988653928,0.17671673839293128,0.8842243637533165
750,12.5,feeder2_1645,0.1760884085079983,0.8852187038807201,0.1760088604209112,0.8847181686936051
750,12.5,feeder2_1561,0.1766458507704325,0.8844482269792139,0.17656835207465615,0.8839411583757527
750,12.5,feeder2_1657,0.1772079652086652,0.8839242966040874,0.17713187366204308,0.88341701774243
750,12.5,feeder2_1570,0.17657689536388618,0.884440255695165,0.1764948680068416,0.8839327518784925
750,12.5,feeder2_1756,0.1797486056760794,0.8811455890791343,0.17966833565929152,0.8806386352542619
750,12.5,feeder2_1588,0.17647427932521728,0.8846427156276593,0.17639341765185843,0.8841312521723859
750,12.5,feeder2_1628,0.17690424597464957,0.8842400032426603,0.17682690975795937,0.8837292329839548
750,12.5,feeder2_1598,0.17633896208975364,0.8850001624889192,0.17625694422844027,0.884487785006843
750,12.5,feeder2_1816,0.17795573696231012,0.8891826008669489,0.1778723164479282,0.8886696206397088
750,12.5,feeder2_1765,0.17642626427134764,0.885207132735783,0.1763458313750355,0.8846906742160562
750,12.5,feeder2_1641,0.175445814481596,0.8853879679297125,0.17536473141302336,0.8848571389012125
750,12.5,feeder2_1689,0.17469087498135746,0.8857951132848387,0.17460800841679283,0.8852483364534383
750,12.5,feeder2_1744,0.17550914104190854,0.8853318367075399,0.175429758692596,0.8847951961019191
750,12.5,feeder2_1817,0.1744397139240404,0.8862994801724099,0.1743575361692364,0.885748334394686
750,12.5,feeder2_1779,0.17472453217730616,0.8858630209661612,0.17464262120232082,0.8853136392658427
750,12.5,feeder2_1800,0.1741191553901717,0.8863785756729261,0.1740411241754582,0.8858260858778512
750,12.5,feeder2_1818,0.17250273377534756,0.8810426900273943,0.17243609649263444,0.8804607903183957
750,12.5,feeder2_1753,0.17562178885186494,0.8852354027795474,0.17554052399298012,0.8847049161558788
750,12.5,feeder2_1754,0.17552849411733196,0.8853140205519858,0.17544610273790998,0.8847803530108093
780,13.0,secondary,0.036270206156749564,0.028859973518955258,0.036245149789722826,0.028832190777040547
780,13.0,feeder2_44,0.0676578076119732,0.15087692517196577,0.06760850752700649,0.15072482378107266
780,13.0,feeder2_45,0.06884070238602738,0.15562514545993114,0.06879224966188706,0.15546947479217624
780,13.0,feeder2_46,0.06754469742448345,0.15078870561889102,0.06749893678263508,0.15063814533945596
780,13.0,feeder2_51,0.07013332191048892,0.16012018635740782,0.07008342617454447,0.1599546302800036
780,13.0,feeder2_48,0.09011049804133081,0.17984491949055403,0.09006484119385734,0.17969163978901276
780,13.0,feeder2_52,0.07376067146338955,0.1534812683900464,0.0737060736909973,0.15331859762330677
780,13.0,feeder2_68,0.07383442151612386,0.17520607750828315,0.07378255600189636,0.17501729963798604
780,13.0,feeder2_69,0.07044627698751237,0.17510166748968395,0.0703987236008786,0.17490521781772775
780,13.0,feeder2_71,0.07435949803266126,0.1772387015611286,0.0743073092412137,0.17704786688555632
780,13.0,feeder2_72,0.07789036879887609,0.18177777270534087,0.07784161083572924,0.18158978422234787
780,13.0,feeder2_73,0.07588638121524673,0.18303549194608257,0.07583271956582555,0.18283762732429998
780,13.0,feeder2_74,0.07584603461072296,0.18296958971696647,0.07579158598930312,0.18276921323223191
780,13.0,feeder2_77,0.07721026965115803,0.18802574421685575,0.07715820582012176,0.1878164474789179
780,13.0,feeder2_79,0.07527986693447508,0.18790077863420607,0.07522579800552101,0.1876884584338511
780,13.0,feeder2_81,0.07942982360949624,0.19609104846933456,0.07937098142031869,0.19587144171193735
780,13.0,feeder2_82,0.08030903213699277,0.19705378031271295,0.08025376793887772,0.19683361884572345
780,13.0,feeder2_116,0.08939529530234532,0.23170915271112252,0.08932966463940742,0.23144623336935766
780,13.0,feeder2_119,0.08610524207583446,0.22518847446657947,0.08602729921228122,0.2249519845309446
780,13.0,feeder2_120,0.0944986454593478,0.24801168135687637,0.09442800758100768,0.24771744728571285
780,13.0,feeder2_248,0.0954987077618851,0.2460218981304683,0.09542807832378053,0.2457278386512893
780,13.0,feeder2_124,0.0976816426544695,0.2588547675446096,0.09761056333402127,0.2585413227259462
780,13.0,feeder2_282,0.09919821576954849,0.2604411913959459,0.09913061436050542,0.260127091931123
780,13.0,feeder2_275,0.09762641644377243,0.25880506036986084,0.09756021249972224,0.2584913481484041
780,13.0,feeder2_151,0.10313681708718742,0.2768488727054154,0.10306763310079432,0.27650074035176997
780,13.0,feeder2_295,0.10259385010897347,0.27622654788416195,0.10252203639696492,0.27587766401348196
780,13.0,feeder2_311,0.10307753334103903,0.27677827775481284,0.10300469629814378,0.27643014744062105
780,13.0,feeder2_201,0.11241017405877339,0.3080475752322164,0.11233349788031328,0.3076492172706622
780,13.0,feeder2_314,0.11321713595297898,0.3089759431662891,0.1131421401403734,0.3085754808772897
780,13.0,feeder2_342,0.125280356630162,0.3503982873056775,0.1251979532625154,0.34992136400901935
780,13.0,feeder2_368,0.12313222679357558,0.34582196964770906,0.12304735590726856,0.3453678237798726
780,13.0,feeder2_347,0.13537690389183482,0.3809578804691716,0.13529358231004876,0.3804037111334211
780,13.0,feeder2_353,0.1398571187304722,0.3940461415031713,0.13977405270219445,0.3934554484783779
780,13.0,feeder2_518,0.14047115277379882,0.3860728007491654,0.14039098143024095,0.3855212095087791
780,13.0,feeder2_365,0.14488297737385378,0.40908173296664685,0.14480021655990288,0.4084468211083739
780,13.0,feeder2_653,0.13979903163384416,0.3939866694035221,0.1397151259769492,0.39339382799770106
780,13.0,feeder2_377,0.1477687243250732,0.4170335425802577,0.14768625384615972,0.41637741254294325
780,13.0,feeder2_622,0.14171423644873943,0.4109116334259244,0.14163075769660108,0.4102748681638989
780,13.0,feeder2_451,0.12322685963574528,0.34592080821473536,0.12314263435329506,0.3454646301667578
780,13.0,feeder2_383,0.11971811277677348,0.33931200663788735,0.11963191597189214,0.33889604744693147
780,13.0,feeder2_385,0.15109244741253616,0.4265089828007312,0.1510084237803447,0.42583230214411183
780,13.0,feeder2_621,0.14735968586037504,0.4165609658199453,0.14727673856447912,0.41590548734982596
780,13.0,feeder2_611,0.11448574097255014,0.3338583552434333,0.11439037086562799,0.33346633814110543
780,13.0,feeder2_405,0.1196465852889332,0.3391885320055756,0.11955941529279658,0.33877364852155833
780,13.0,feeder2_461,0.16481972301331385,0.4684396621194036,0.1647367304401177,0.4676668669311123
780,13.0,feeder2_594,0.15147779910306705,0.42518444510025283,0.15139422931151222,0.42450338230216433
780,13.0,feeder2_732,0.11939283956766238,0.3389528769455865,0.11930711029490113,0.3385378477713506
780,13.0,feeder2_417,0.11913471867075642,0.33833578266549014,0.11905068929763654,0.3379287780365202
780,13.0,feeder2_663,0.11908903408665039,0.3382724147980304,0.1190017549663762,0.3378647578084852
780,13.0,feeder2_444,0.11874952488124058,0.33775123198454127,0.11866047274944408,0.3373525366122314
780,13.0,feeder2_759,0.12212913823303426,0.3418629558303169,0.1220450889067996,0.3414717835690286
780,13.0,feeder2_842,0.11791177475589106,0.33676665100388886,0.11782499269259836,0.3363666065136425
780,13.0,feeder2_459,0.11854394468770858,0.33734415980637,0.11845597907439054,0.3369486994550559
780,13.0,feeder2_702,0.11962697817614289,0.3385136331680199,0.11954122333873395,0.33811585693431945
780,13.0,feeder2_493,0.11764293402923749,0.33537287018317297,0.1175547740223029,0.3349843822964522
780,13.0,feeder2_651,0.16480180286330562,0.46842159194650623,0.164717079589899,0.4676471989619069
780,13.0,feeder2_684,0.17611330364815575,0.5036986889156289,0.1760254869717352,0.5028514169245648
780,13.0,feeder2_674,0.1165046204599749,0.3340061533770084,0.11641455895125231,0.33362317956690407
780,13.0,feeder2_696,0.11759695680443498,0.3347578561072572,0.11751043017132724,0.3343689393039124
780,13.0,feeder2_681,0.11377771267519673,0.3304123952221821,0.11367934652866751,0.33004669260964964
780,13.0,feeder2_682,0.11646693416081408,0.3339817050163707,0.11637761433078257,0.3335988720115733
780,13.0,feeder2_728,0.17710368171521337,0.5067256641064121,0.17701802727799723,0.5058826052914754
780,13.0,feeder2_724,0.18613979156738555,0.5339428772078593,0.1860529901865254,0.5330148772622317
780,13.0,feeder2_703,0.11750985059556124,0.3346412636682305,0.11742361170776548,0.33424985916475625
780,13.0,feeder2_704,0.11746726105664501,0.33457995600475,0.11737896814220251,0.33418845946440146
780,13.0,feeder2_754,0.1963884353552946,0.5442566555250349,0.1963004191586976,0.5433332410142108
780,13.0,feeder2_747,0.18933926781843805,0.5410318100923895,0.18925164772270156,0.5400704984706696
780,13.0,feeder2_828,0.17674742713789116,0.5063480251769786,0.17666150549926665,0.5055050983273324
780,13.0,feeder2_763,0.17876643234423364,0.5117394068709835,0.17867948534040112,0.5109025984885004
780,13.0,feeder2_836,0.18589722689424132,0.5391576729219699,0.18582164836935933,0.5381842551731219
780,13.0,feeder2_758,0.19189905473495406,0.548652553363921,0.19181249477213308,0.547667188197021
780,13.0,feeder2_788,0.19299238083750847,0.5491356546315473,0.19290547433449878,0.5481540686500326
780,13.0,feeder2_812,0.19942428440054197,0.5716771463940888,0.19933438551101193,0.5706217641828757
780,13.0,feeder2_947,0.19055742183691388,0.5219802189646059,0.1904740557874623,0.5211521525549754
780,13.0,feeder2_868,0.17947486353643557,0.512466111010263,0.17938877902734401,0.5116294873899998
780,13.0,feeder2_785,0.17890607749183274,0.5119619767174255,0.17882014028196017,0.5111248715274597
780,13.0,feeder2_1176,0.17851032799529248,0.5115953437064249,0.17842736604992201,0.5107559308925578
780,13.0,feeder2_846,0.17836008711594303,0.5113081286174549,0.1782729130955824,0.5104744091405237
780,13.0,feeder2_911,0.17948377052991651,0.5134248457256027,0.17939884356746086,0.51259061099317
780,13.0,feeder2_1107,0.19730567462994064,0.5570388914824119,0.1972190749328516,0.5559783924977232
780,13.0,feeder2_920,0.2021271776895081,0.5822558904013253,0.20203818652105746,0.581179946228238
780,13.0,feeder2_926,0.206314381049334,0.5991211502204002,0.20622225262126367,0.5980167488662322
780,13.0,feeder2_1239,0.20194440789313087,0.5810216620802315,0.20185450813180128,0.5799472522927475
780,13.0,feeder2_933,0.2081665382191497,0.6065844209133625,0.20807226202040277,0.6054695924166754
780,13.0,feeder2_1146,0.20633102063092965,0.599236380743078,0.20623853254803426,0.5981323175596264
780,13.0,feeder2_1124,0.20815486298169156,0.6065724854651716,0.20806389185800558,0.605454910019384
780,13.0,feeder2_942,0.21285691475608584,0.6255483510316239,0.2127620186629376,0.624401495834524
780,13.0,feeder2_952,0.21663118069976955,0.6394261360017959,0.21653372883497618,0.6382227902873189
780,13.0,feeder2_965,0.21326935316155365,0.6274244970578443,0.2131749292404366,0.6262754737950094
780,13.0,feeder2_961,0.21686433749490397,0.639955425062971,0.21677101438692553,0.6387454183116273
780,13.0,feeder2_963,0.2166693292888326,0.6396417914512866,0.2165745782944881,0.6384381978696485
780,13.0,feeder2_973,0.21813090866417878,0.6429602517327324,0.21803385286235052,0.64171993583149
780,13.0,feeder2_1128,0.2168513927816694,0.6399093684853068,0.21675650994524087,0.6387006048991667
780,13.0,feeder2_1113,0.216715249026595,0.6396893287269287,0.21662129623331172,0.6384864393530381
780,13.0,feeder2_1143,0.21931939684135482,0.6545699622604405,0.21922602228207624,0.653369206381734
780,13.0,feeder2_1238,0.24766937270680306,0.6560814894775554,0.24757607348771457,0.6549554214103123
780,13.0,feeder2_979,0.21326643331394707,0.6274144153917207,0.21317127459441268,0.6262703368783665
780,13.0,feeder2_1236,0.2201533709784517,0.647301402061352,0.22006028976358913,0.6460123112173335
780,13.0,feeder2_989,0.21813020836512412,0.6429656824328616,0.21803597594667992,0.641722937856637
780,13.0,feeder2_1196,0.2132248496994784,0.6273691450194713,0.21312849221430635,0.626222899433073
780,13.0,feeder2_1158,0.2167688112988844,0.6438386390496886,0.21667411763995342,0.642593170792453
780,13.0,feeder2_1122,0.19646268875576803,0.5514436575312971,0.19637504798482633,0.5503848532165863
780,13.0,feeder2_1258,0.19716368059229877,0.5569677896556791,0.19707500927121066,0.5559098825088684
780,13.0,feeder2_1303,0.19723965905218116,0.5522150844542411,0.19715302118622435,0.5511570834536739
780,13.0,feeder2_1138,0.1957536682123593,0.546752682378609,0.19566744160129362,0.5456912005846766
780,13.0,feeder2_1304,0.18919773083686398,0.5384516915494858,0.18910156833138722,0.5373971248583175
780,13.0,feeder2_1212,0.19595887556629332,0.5432160838148126,0.1958745405785924,0.542147233104503
780,13.0,feeder2_1311,0.19730893715844017,0.5445491723704817,0.19722020232228113,0.5434851618927206
780,13.0,feeder2_1290,0.19604244432299134,0.5378381837614609,0.19595879440975583,0.5367610867291536
780,13.0,feeder2_1325,0.22220868470189784,0.6551775056541513,0.22211341419944075,0.6538292777676811
780,13.0,feeder2_1248,0.22013841011247734,0.647300376757686,0.22004346077472964,0.6460092089128153
780,13.0,feeder2_1249,0.25675709516820283,0.6639237847713109,0.25666272701617604,0.6628009053116873
780,13.0,feeder2_1250,0.24995025782592145,0.6576432664269004,0.24986004371436404,0.6565157600820601
780,13.0,feeder2_1366,0.22010851605588824,0.6472929481281684,0.22001460441711182,0.6460030781630032
780,13.0,feeder2_1266,0.19703632461923726,0.5569103968023964,0.19694941829618584,0.5558516633773908
780,13.0,feeder2_1372,0.19630244060094282,0.5381053293270567,0.19621804024285666,0.5370278782013604
780,13.0,feeder2_1363,0.19609226703358093,0.5318495220961605,0.1960067284237159,0.5307643118442191
780,13.0,feeder2_1446,0.22246030454353546,0.655418635280087,0.22236392759874174,0.654075305997129
780,13.0,feeder2_1502,0.22449318127280632,0.6639297490505317,0.22439416223824768,0.6625263162683481
780,13.0,feeder2_1428,0.19602776842405464,0.5317764391395666,0.19594738910239687,0.5306865287289643
780,13.0,feeder2_1380,0.19620776179536692,0.5249365441472645,0.19612525577369808,0.5238354471688
780,13.0,feeder2_1550,0.19630395345715118,0.5250421305182561,0.19622531846347535,0.5239419535796596
780,13.0,feeder2_1386,0.19626732248695455,0.5216109769754809,0.19618837237963138,0.5205059722504126
780,13.0,feeder2_1551,0.19652661460827509,0.5197378076410664,0.1964438155483804,0.5186323083671711
780,13.0,feeder2_1400,0.1963356429796153,0.520501572875201,0.19625448418411975,0.5193948790244031
780,13.0,feeder2_1552,0.19542495635077425,0.5173704020817059,0.19534639803597448,0.5162597950670159
780,13.0,feeder2_1408,0.19673888749017077,0.5198546186163636,0.19666067165646045,0.5187410022263955
780,13.0,feeder2_1553,0.19663836398636034,0.5197458286809095,0.1965634127621661,0.5186333190506165
780,13.0,feeder2_1416,0.19695975092475304,0.519568063197739,0.19688509705722856,0.5184490968385125
780,13.0,feeder2_1530,0.19858940614494056,0.5199310463374631,0.19851380265775115,0.5188176903651516
780,13.0,feeder2_1425,0.1971589062528442,0.5188032588502337,0.197083154925551,0.5176768105234326
780,13.0,feeder2_1589,0.1963122665391388,0.5177605996923749,0.19623425437944692,0.5166390315927322
780,13.0,feeder2_1435,0.19722413419530813,0.518755565423341,0.19714853913593514,0.5176287405760508
780,13.0,feeder2_1621,0.19311083477581348,0.5201032916916264,0.19305045734069717,0.5189655294345012
780,13.0,feeder2_1564,0.197195531787422,0.5186503061158138,0.19712010220208748,0.5175241777082789
780,13.0,feeder2_1704,0.22344804336800572,0.6648900042783481,0.22334630056128507,0.6634877352684574
780,13.0,feeder2_1525,0.2251366295236883,0.6658915329501555,0.2250382952997336,0.6644714278443441
780,13.0,feeder2_1716,0.22167455412438292,0.6665857453156587,0.22159340822693985,0.6651528216015238
780,13.0,feeder2_1537,0.2256680485230552,0.6683209244132704,0.2255671748491828,0.6668864911637955
780,13.0,feeder2_1645,0.2251916413362527,0.6670754852044141,0.2250901809263716,0.6656435254744894
780,13.0,feeder2_1561,0.2263884932723003,0.6717633469786392,0.22628841131360294,0.6703134772716896
780,13.0,feeder2_1657,0.23439592767122494,0.6792928729127966,0.23429285354975615,0.6778433088606347
780,13.0,feeder2_1570,0.22639805704167296,0.671338327818392,0.2262957977464566,0.6698811080756307
780,13.0,feeder2_1756,0.22893272015484137,0.673719000965209,0.22882961836425125,0.6722618890304596
780,13.0,feeder2_1588,0.22638245024941536,0.6707837143846677,0.22627850065734867,0.6693191451000639
780,13.0,feeder2_1628,0.22766308053059986,0.671487826633509,0.2275585292908196,0.6700252045801066
780,13.0,feeder2_1598,0.2262861013246654,0.6698554293363775,0.22618332095419597,0.6683773478579125
780,13.0,feeder2_1816,0.2210538631878128,0.6721542766664869,0.22099368190162957,0.6706447759701706
780,13.0,feeder2_1765,0.22625768788272324,0.6698449447480701,0.22615337187635492,0.6683672589456828
780,13.0,feeder2_1641,0.2250389642324271,0.6661493765364603,0.22493421117676388,0.6646338262194978
780,13.0,feeder2_1689,0.22353769553089597,0.6616792673972693,0.22342761770711203,0.6601317762831546
780,13.0,feeder2_1744,0.22635729229215176,0.6668822909926013,0.22625263284091277,0.6653691157122796
780,13.0,feeder2_1817,0.22348226456247178,0.6614734676206144,0.22337225897757648,0.6599249108224639
780,13.0,feeder2_1779,0.22353445304288,0.6616688582557575,0.2234234450082416,0.6601221212475895
780,13.0,feeder2_1800,0.2190508548105452,0.6546553961599291,0.21893386607392648,0.6531136156249342
780,13.0,feeder2_1818,0.21644097224870923,0.6595646868309607,0.21627854562107948,0.6579489675287281
780,13.0,feeder2_1753,0.22745039001894934,0.6679153658025491,0.22734209589475107,0.6664066785543843
780,13.0,feeder2_1754,0.22703081114434054,0.6671653969857684,0.22692429940554013,0.6656558312026198
810,13.5,secondary,0.05217097840856211,0.06266877203267904,0.05215888031413315,0.0626548301355659
810,13.5,feeder2_44,0.09720279181084832,0.3272351459310334,0.0971744773740391,0.3271532192441762
810,13.5,feeder2_45,0.09895495141326577,0.3372823939935032,0.09892591246184985,0.3371968486155673
810,13.5,feeder2_46,0.09416742031826475,0.33007815318194333,0.09413967548019896,0.3299950127139497
810,13.5,feeder2_51,0.10191367409111919,0.35438917871856307,0.10188371208355523,0.35429971880957495
810,13.5,feeder2_48,0.10116981851210813,0.3394062691634718,0.10113974803788862,0.3393200343949175
810,13.5,feeder2_52,0.10175731372928044,0.3531799802397326,0.10172372964111506,0.3530906134288381
810,13.5,feeder2_68,0.11035622682866704,0.40304786798682846,0.1103252723509647,0.4029465526918333
810,13.5,feeder2_69,0.11022762576099929,0.4030359495179402,0.11019568738892828,0.4029327321093222
810,13.5,feeder2_71,0.11147967733769336,0.40950203804348706,0.1114470470262078,0.4093988184470745
810,13.5,feeder2_72,0.11170559020656787,0.40973151976741123,0.11167507732410789,0.4096274769652137
810,13.5,feeder2_73,0.11499549155844506,0.42968015300200724,0.11495977029162194,0.4295684188840474
810,13.5,feeder2_74,0.11617854245353171,0.42793103804552746,0.11614381935530979,0.42781984760165764
810,13.5,feeder2_77,0.11800739739951012,0.44728157862127216,0.11797296855382186,0.4471693151081019
810,13.5,feeder2_79,0.1179216278665772,0.4472726364382883,0.11788835537044375,0.44715840393487705
810,13.5,feeder2_81,0.122785131712405,0.4751341205621336,0.12274863504766186,0.4750151070141487
810,13.5,feeder2_82,0.125381698378958,0.47742686991120703,0.1253448559853251,0.4773073893804645
810,13.5,feeder2_116,0.14355039088696403,0.5974549455207007,0.14351089295218772,0.5973026521614904
810,13.5,feeder2_119,0.1435341632218839,0.597397707586784,0.14349247486276698,0.5972461611189822
810,13.5,feeder2_120,0.1513037357367934,0.642846722310372,0.15125873643381457,0.6426784479885642
810,13.5,feeder2_248,0.15126358762580658,0.6427497808147117,0.1512162502075636,0.6425836859493965
810,13.5,feeder2_124,0.15609290558850558,0.6708146140475398,0.15604817835885693,0.6706394980482023
810,13.5,feeder2_282,0.16276384873064906,0.676611227356445,0.16271919902161808,0.6764396034748432
810,13.5,feeder2_275,0.1560521383362106,0.6707151070429681,0.15600679755264807,0.6705420735297251
810,13.5,feeder2_151,0.1633818142825227,0.7157262837797073,0.16333733833747222,0.7155394068784438
810,13.5,feeder2_295,0.15843638820140413,0.717502560137398,0.15838702286686238,0.7173145749994221
810,13.5,feeder2_311,0.1633100360106007,0.7157103978070468,0.16326238187879433,0.715521218001936
810,13.5,feeder2_201,0.1765477896211176,0.7887519532712861,0.1764965334793358,0.7885443744253767
810,13.5,feeder2_314,0.17663297977280093,0.7888362889735441,0.17658303682071488,0.7886288164700397
810,13.5,feeder2_342,0.19522252798147893,0.892385708328384,0.1951663877095609,0.8921482988145256
810,13.5,feeder2_368,0.196724626781821,0.8962046223723414,0.19666792937324368,0.8959655623189183
810,13.5,feeder2_347,0.2025670110434813,0.9361611080976301,0.20250452621133358,0.9359107034389812
810,13.5,feeder2_353,0.20609954969404115,0.9573036870164688,0.20603729877689378,0.9570441951505338
810,13.5,feeder2_518,0.2037945595393057,0.9373655516586236,0.203736273442967,0.9371136134538682
810,13.5,feeder2_365,0.21003551046172095,0.9807972631921954,0.20997056010427598,0.9805260366341563
810,13.5,feeder2_653,0.20606458516083492,0.9572201994150882,0.2060009034597461,0.9569616786345633
810,13.5,feeder2_377,0.21233946981518895,0.9929530763779448,0.2122740165130285,0.9926775629384434
810,13.5,feeder2_622,0.2068491105983627,0.9833676225872074,0.20678482847934138,0.983098766833705
810,13.5,feeder2_451,0.1968183125274151,0.8962984718060655,0.19675828519755248,0.896061629063126
810,13.5,feeder2_383,0.19914140903944821,0.9023183025303196,0.19908048635969183,0.9020824517012666
810,13.5,feeder2_385,0.21521751066484615,1.0065750680867085,0.21515209723586615,1.0062956788605675
810,13.5,feeder2_621,0.20722768741199077,0.9946802278955956,0.2071619384662334,0.9944063692470511
810,13.5,feeder2_611,0.19920436826004725,0.9016949322427454,0.19914764623794276,0.9014608799564672
810,13.5,feeder2_405,0.1992949190014985,0.9027331601695993,0.19923580336419486,0.902499158785496
810,13.5,feeder2_461,0.22693174684064887,1.0620471779473732,0.2268614069580376,1.0617493289991025
810,13.5,feeder2_594,0.21518659902564027,1.0065138263693656,0.21512178827543396,1.0062345462453737
810,13.5,feeder2_732,0.20085132414474682,0.8986150466051304,0.2007939910869804,0.8983779957232134
810,13.5,feeder2_417,0.20043617348761963,0.9067636767074321,0.20037967132209875,0.90652942631629
810,13.5,feeder2_663,0.20037784901229475,0.9067477206540127,0.2003212730620419,0.906513663576496
810,13.5,feeder2_444,0.20130686511383913,0.9098371205998209,0.20125041406346406,0.9096014086578199
810,13.5,feeder2_759,0.20226100718343148,0.9107801152875415,0.20220416572734132,0.9105426429123278
810,13.5,feeder2_842,0.20103183009382553,0.9097697544706213,0.20097299859728937,0.9095357909811761
810,13.5,feeder2_459,0.20159637086672894,0.9108573422560227,0.20153810299884434,0.9106241652222196
810,13.5,feeder2_702,0.21301121878412274,0.9221050414465158,0.21295409519299652,0.9218699207597205
810,13.5,feeder2_493,0.20137288456002442,0.9101567122804808,0.20131379067734168,0.9099209239916657
810,13.5,feeder2_651,0.22690067425865387,1.0620391136961822,0.22682912603638658,1.0617410663507916
810,13.5,feeder2_684,0.2364693763264954,1.1072638947362667,0.23639832453573972,1.1069511093363664
810,13.5,feeder2_674,0.20140053648026382,0.9094629021829268,0.20133870438161997,0.9092290683630415
810,13.5,feeder2_696,0.2009800303430686,0.9111120960576629,0.2009221379260441,0.9108771309854078
810,13.5,feeder2_681,0.20108394992916107,0.9082495095250239,0.20102267687346886,0.9080147658438598
810,13.5,feeder2_682,0.20200696908691196,0.9084284750609146,0.2019499790338504,0.9081925063203072
810,13.5,feeder2_728,0.23807964369539977,1.1120992510632453,0.23800571369162346,1.1117872822390553
810,13.5,feeder2_724,0.24387011374382522,1.1424078949494734,0.24379409218298406,1.142077610439608
810,13.5,feeder2_703,0.20087172731607797,0.9110855981350702,0.2008120412865363,0.9108510940675449
810,13.5,feeder2_704,0.20047668008936573,0.9115123724241725,0.2004195191705768,0.9112790979158856
810,13.5,feeder2_754,0.2450211020556372,1.1434870097119545,0.24494372787404062,1.1431550931641237
810,13.5,feeder2_747,0.24676757000117872,1.1561530895954657,0.24668914741452466,1.1558162627182695
810,13.5,feeder2_828,0.23820213735335485,1.1092186264817236,0.238130133677498,1.1089051025007175
810,13.5,feeder2_763,0.2408168421687343,1.123470282437735,0.24074146764901438,1.1231569470807494
810,13.5,feeder2_836,0.2396173277047837,1.1549058653785684,0.23953942463956468,1.1545615397337623
810,13.5,feeder2_758,0.24942255306586938,1.169121035806152,0.24934445415060819,1.1687795175690647
810,13.5,feeder2_788,0.25039074475373946,1.170070719152722,0.2503106142677953,1.1697269844071865
810,13.5,feeder2_812,0.2573377914157592,1.2079300304766565,0.25725571910081163,1.2075721328451072
810,13.5,feeder2_947,0.24357120568077287,1.1261978573253792,0.24349730973677536,1.1258895103832351
810,13.5,feeder2_868,0.2418136685374979,1.1244546794183627,0.24174015926760511,1.1241433002070484
810,13.5,feeder2_785,0.242089668968069,1.1289892128055217,0.24201838140565599,1.1286783501045505
810,13.5,feeder2_1176,0.23725620390237853,1.1311550390271607,0.23718169069802766,1.1308415340780475
810,13.5,feeder2_846,0.2416696375823018,1.1279421715473128,0.24159798075865008,1.1276322083192174
810,13.5,feeder2_911,0.24571590844600064,1.1417137809957336,0.2456417237251538,1.1414032829233989
810,13.5,feeder2_1107,0.25540085979304156,1.2028241046851862,0.25531756604477257,1.2024693931686135
810,13.5,feeder2_920,0.26009035496762223,1.2202484711640513,0.2600080234698514,1.2198887228490698
810,13.5,feeder2_926,0.2642998411444086,1.2397585721753333,0.26421637880789134,1.2393912879275546
810,13.5,feeder2_1239,0.259963612482564,1.2189024107996307,0.2598810338290427,1.2185390745682758
810,13.5,feeder2_933,0.2660974513936911,1.2482662773071136,0.2660082652303178,1.2478964173713958
810,13.5,feeder2_1146,0.2646115553236788,1.240392598881044,0.2645261800739438,1.2400264316468341
810,13.5,feeder2_1124,0.2660673982957685,1.2482532434322267,0.26598295220723117,1.247882631038287
810,13.5,feeder2_942,0.27064902275911606,1.2698308215459295,0.2705581850808605,1.269455866296087
810,13.5,feeder2_952,0.27461509418499175,1.2900942024817357,0.2745220105683384,1.2897054296657382
810,13.5,feeder2_965,0.27100618440275154,1.2713317262997255,0.2709174834075396,1.270951531402315
810,13.5,feeder2_961,0.27485257760678694,1.2914622735713879,0.27476135882704966,1.291072091627271
810,13.5,feeder2_963,0.27465609689968673,1.2902702445412637,0.27456362044090593,1.2898813860636738
810,13.5,feeder2_973,0.27611637098593994,1.299217561204053,0.27602297673320947,1.2988175316238681
810,13.5,feeder2_1128,0.2748537423553449,1.290633761086808,0.274761465124669,1.2902401590570063
810,13.5,feeder2_1113,0.2750079874670707,1.2904863166069374,0.27491782766592976,1.2900991896566962
810,13.5,feeder2_1143,0.2771156453675458,1.3017303051995357,0.2770244970558269,1.3013430769896668
810,13.5,feeder2_1238,0.2976576618389603,1.2973379892079795,0.29756635968901746,1.2969646685079237
810,13.5,feeder2_979,0.2710073311222458,1.2711023405487316,0.2709167913365245,1.2707268796937548
810,13.5,feeder2_1236,0.27802526819763485,1.3109960808422911,0.27793115756396786,1.310585935948915
810,13.5,feeder2_989,0.2761162204983217,1.2992158474045141,0.27602019633673963,1.298817334814931
810,13.5,feeder2_1196,0.2714963954668309,1.270173622850251,0.27140836080441477,1.2697986138329045
810,13.5,feeder2_1158,0.2756355134320539,1.2990855351477093,0.2755408651684789,1.2986828855249088
810,13.5,feeder2_1122,0.2549397343627075,1.1999498828643873,0.2548571827137992,1.1995957790119638
810,13.5,feeder2_1258,0.2532940745075791,1.2041071628135542,0.2532090635832955,1.2037535081894666
810,13.5,feeder2_1303,0.2565693523501548,1.2012562696401403,0.2564879654429012,1.2009032658753587
810,13.5,feeder2_1138,0.2544089977165247,1.1971736674234583,0.2543263420045112,1.1968185300947423
810,13.5,feeder2_1304,0.25439123584126827,1.1971373233645757,0.2543113158427101,1.196783650668869
810,13.5,feeder2_1212,0.2532925717767275,1.1913397626083555,0.25320874937198806,1.1909833552682465
810,13.5,feeder2_1311,0.25588250387897954,1.1938514126801163,0.2557994019064509,1.1934981480836382
810,13.5,feeder2_1290,0.25145269972111234,1.1820102698369948,0.2513712930410111,1.181656374098255
810,13.5,feeder2_1325,0.2807384786861626,1.3274891800071353,0.2806381617061107,1.3270629461297228
810,13.5,feeder2_1248,0.2780185269067514,1.3109954785075264,0.2779228600413159,1.3105853599118857
810,13.5,feeder2_1249,0.29852999207676345,1.2980840044995983,0.29844292098600433,1.2977102060429437
810,13.5,feeder2_1250,0.31429761551008145,1.313836452547961,0.3142063325591621,1.3134652821394255
810,13.5,feeder2_1366,0.2779392216009495,1.3109715419088817,0.27784246313043537,1.310562274636697
810,13.5,feeder2_1266,0.2521578780436669,1.204677046406604,0.2520731100093094,1.204322411159631
810,13.5,feeder2_1372,0.25216580420405116,1.1827532647605308,0.25208525745873145,1.1824026148041966
810,13.5,feeder2_1363,0.24929545217298724,1.1709662331071111,0.2492123153054407,1.1706164093862315
810,13.5,feeder2_1446,0.2820404031437497,1.3284784212666914,0.28194284387748836,1.3280536017722235
810,13.5,feeder2_1502,0.28327745727741116,1.3445605481216327,0.2831780415200403,1.3441186017644038
810,13.5,feeder2_1428,0.24925955062076569,1.1708985526672027,0.2491762993796447,1.1705501329670611
810,13.5,feeder2_1380,0.24670254817780063,1.1576894965016795,0.24661882033346666,1.1573443251032276
810,13.5,feeder2_1550,0.24847679084247032,1.1589184145560485,0.24839502135626146,1.158569302633467
810,13.5,feeder2_1386,0.24512610399593948,1.1504734293199776,0.24504280808987006,1.1501230226947055
810,13.5,feeder2_1551,0.24507738927618006,1.1503855518482122,0.24499642302312574,1.1500378778981766
810,13.5,feeder2_1400,0.2443818015294019,1.14706391824846,0.2443005911077602,1.1467167455317648
810,13.5,feeder2_1552,0.2439368477296454,1.1461233434504359,0.24385190355133607,1.1457792324977396
810,13.5,feeder2_1408,0.24294684529873223,1.1404585652827823,0.24286345937525705,1.1401119434096056
810,13.5,feeder2_1553,0.24288962338618963,1.1403628969622615,0.24280756621183097,1.1400146719857625
810,13.5,feeder2_1416,0.24220523059530916,1.1370403869470425,0.24212333633598643,1.1366929230996816
810,13.5,feeder2_1530,0.24303262713203885,1.1375746777897073,0.2429468076367102,1.1372293705032712
810,13.5,feeder2_1425,0.24062935785821696,1.1301746772026564,0.24054306835793346,1.129826289496188
810,13.5,feeder2_1589,0.23525618017865582,1.117024361720427,0.23517156685460058,1.116685229019283
810,13.5,feeder2_1435,0.24057895647899524,1.1299738625985722,0.2404985835751963,1.1296272458066303
810,13.5,feeder2_1621,0.23308038307540158,1.1291818478811988,0.23299597815742734,1.1288295575915879
810,13.5,feeder2_1564,0.24055504174884368,1.1298842952006503,0.2404718119730923,1.1295380634593621
810,13.5,feeder2_1704,0.2828048385979871,1.3444502042803625,0.28270033605343,1.3440070231012922
810,13.5,feeder2_1525,0.2839381478044524,1.349023275741709,0.2838370269790246,1.3485759175145253
810,13.5,feeder2_1716,0.2774870275972001,1.3475268301403762,0.2773832522907066,1.3470752971668927
810,13.5,feeder2_1537,0.28471799342897525,1.3544298808465092,0.28461546642782776,1.3539773177915948
810,13.5,feeder2_1645,0.2850442185955508,1.3536078013347446,0.2849394941533137,1.3531542258004274
810,13.5,feeder2_1561,0.28561273874703386,1.3610240407920293,0.2855050922264176,1.3605683605582801
810,13.5,feeder2_1657,0.2859611908041133,1.361330033769503,0.28585637792374574,1.3608726453470505
810,13.5,feeder2_1570,0.28597752817741345,1.3637901075597136,0.28587107088987845,1.3633298293847698
810,13.5,feeder2_1756,0.29094592065289154,1.3685903469441987,0.29083805333367113,1.368132809817984
810,13.5,feeder2_1588,0.2862505477515783,1.366057988164863,0.28614543707215007,1.3655963492852223
810,13.5,feeder2_1628,0.2874680570267208,1.367103860792193,0.2873630674858172,1.3666393121318436
810,13.5,feeder2_1598,0.2865044118371172,1.368597241576315,0.2863969738639371,1.3681315044805316
810,13.5,feeder2_1816,0.28249517753335585,1.3682745264606455,0.2823881006724576,1.367807751528207
810,13.5,feeder2_1765,0.2863989674889175,1.3685538806486996,0.2862912283167839,1.368092453611423
810,13.5,feeder2_1641,0.287829475098192,1.3813843243055843,0.2877203322011052,1.3809087960537356
810,13.5,feeder2_1689,0.28653116336646073,1.3808405784341897,0.2864202804996678,1.3803487710346092
810,13.5,feeder2_1744,0.29498356397089615,1.3883291841945515,0.2948738521013963,1.3878502351099922
810,13.5,feeder2_1817,0.2864372288843497,1.380492285036313,0.28632607288980455,1.3800033313888955
810,13.5,feeder2_1779,0.28457847455434626,1.3821596620115928,0.2844653346324731,1.381670210301757
810,13.5,feeder2_1800,0.28650834493892213,1.3807974504792087,0.28639589539504173,1.3803081469116192
810,13.5,feeder2_1818,0.2774788389303888,1.3719037643409822,0.27734709692093346,1.3713888303030553
810,13.5,feeder2_1753,0.29737356676515275,1.3902355540654199,0.29726235752416696,1.3897632519765057
810,13.5,feeder2_1754,0.2994114286417948,1.3927170666742463,0.299301301025672,1.392242046589599
840,14.0,secondary,0.04857379282944932,0.04659312446348178,0.04856975038705319,0.0465850952518932
840,14.0,feeder2_44,0.09050704068361086,0.24331068591997873,0.09050195800643392,0.2432720740675329
840,14.0,feeder2_45,0.09207672585630293,0.2508543688283125,0.09207252186873356,0.2508137669558466
840,14.0,feeder2_46,0.0902898235279367,0.24445040703163468,0.0902870819165846,0.24441036034921837
840,14.0,feeder2_51,0.09460839266388793,0.26453547846124864,0.09460233333469176,0.264497699238544
840,14.0,feeder2_48,0.09759871576774622,0.24664151377292018,0.0975956665791525,0.24659957443002783
840,14.0,feeder2_52,0.09305577757145812,0.26266934833163835,0.09305101260698284,0.2626254627284599
840,14.0,feeder2_68,0.10194854508336891,0.30380534065399617,0.10194369397212928,0.30375873550447335
840,14.0,feeder2_69,0.1019358182011696,0.30396705947212094,0.10193289264089397,0.30391595098376817
840,14.0,feeder2_71,0.10292444066545212,0.3090011303275942,0.102922207685052,0.3089520537662962
840,14.0,feeder2_72,0.10313601778687985,0.30901614172833397,0.10313504708543265,0.3089655510936096
840,14.0,feeder2_73,0.10598124660400765,0.32525792722058855,0.10597909130866587,0.32520419084329616
840,14.0,feeder2_74,0.10598096772477858,0.3250149433140375,0.10597681371398315,0.3249676530338982
840,14.0,feeder2_77,0.10864337656853852,0.3392769902039317,0.10863829206610642,0.3392216765370952
840,14.0,feeder2_79,0.10687884801760142,0.3413298099951341,0.10687406310057944,0.3412779492831357
840,14.0,feeder2_81,0.11294541523875275,0.36063887109127823,0.11294173458462704,0.36058233345956536
840,14.0,feeder2_82,0.11565317057161027,0.3606442742518213,0.11565099251217516,0.3605836521609734
840,14.0,feeder2_116,0.13199983095501913,0.4561261951894274,0.13199529117168288,0.45605364170262647
840,14.0,feeder2_119,0.13194555792357707,0.45590708609974323,0.13193888567285234,0.45583984420171547
840,14.0,feeder2_120,0.1392383354616975,0.491757333742921,0.13923314540988704,0.491684045175344
840,14.0,feeder2_248,0.13913298808538574,0.49164344771782154,0.1391316776332192,0.49156326908076936
840,14.0,feeder2_124,0.1437156849834331,0.5137295112304676,0.14370956114562924,0.5136526373720588
840,14.0,feeder2_282,0.16346140141208063,0.5147405130966779,0.16345308003850803,0.5146573172546162
840,14.0,feeder2_275,0.14351223334306085,0.5133626487333911,0.1435068449154483,0.5132811658895031
840,14.0,feeder2_151,0.1502069637165254,0.5509265615502847,0.15020196210286949,0.5508402925012358
840,14.0,feeder2_295,0.15074998043050544,0.5644494265494902,0.15074866222681166,0.5643628329918536
840,14.0,feeder2_311,0.15021615589971912,0.5510247921550359,0.15021113595895116,0.5509383430856548
840,14.0,feeder2_201,0.15875172340793245,0.5939546550027105,0.1587456431332713,0.5938635441454256
840,14.0,feeder2_314,0.15954376548246169,0.5932959976644498,0.15953556002640634,0.593207984779102
840,14.0,feeder2_342,0.17062177218505323,0.6563114602088239,0.17061901033147386,0.6562055902419232
840,14.0,feeder2_368,0.17018787568495042,0.6547332573846775,0.17018231452079197,0.6546303410814052
840,14.0,feeder2_347,0.1772400226520933,0.6898977349310565,0.17723123234479785,0.6897882647774483
840,14.0,feeder2_353,0.18049897443968593,0.7065456446213934,0.18049126643798,0.7064302918875506
840,14.0,feeder2_518,0.17810591100725984,0.6899444057200295,0.1780991179209197,0.6898346283038458
840,14.0,feeder2_365,0.18413714675804016,0.7250640168790577,0.18413164920913502,0.7249417133200301
840,14.0,feeder2_653,0.1804064669409621,0.7064517061700489,0.18039957708051768,0.7063378678443649
840,14.0,feeder2_377,0.1861168164315356,0.7351143863317287,0.1861114109294648,0.7349935560857864
840,14.0,feeder2_622,0.18414224863935394,0.7250964922803371,0.18413507722290645,0.7249728193482208
840,14.0,feeder2_451,0.17026209125759537,0.6547433534810141,0.1702553829407234,0.6546412167858665
840,14.0,feeder2_383,0.16947692199057413,0.6521809431822916,0.16947052446619734,0.6520768433023273
840,14.0,feeder2_385,0.18773672800211433,0.7421384733228162,0.18772814804991905,0.7420191059017394
840,14.0,feeder2_621,0.18792212588458637,0.7494785108043964,0.18791540637830131,0.749359714371723
840,14.0,feeder2_611,0.16830203521442,0.6510553206868874,0.16829795266708225,0.6509523464890623
840,14.0,feeder2_405,0.16946249323057616,0.6520942382703747,0.1694561296333183,0.6519905635654462
840,14.0,feeder2_461,0.19434171417673937,0.770959133015329,0.1943326800263927,0.7708279376922841
840,14.0,feeder2_594,0.1876643195346892,0.7420648509867735,0.18765714553884152,0.741948592129629
840,14.0,feeder2_732,0.16680240853352404,0.6494358307678313,0.1667975791291215,0.6493310101840978
840,14.0,feeder2_417,0.16957704157653683,0.6520880196778437,0.1695695722894912,0.651987683410968
840,14.0,feeder2_663,0.16856725060905167,0.6534113382798219,0.16855948074177995,0.6533050129252765
840,14.0,feeder2_444,0.16972284398288306,0.65166582941187,0.16971514659645956,0.6515624159967478
840,14.0,feeder2_759,0.1710163130532088,0.6517045975491405,0.17101058333204908,0.6515981086809542
840,14.0,feeder2_842,0.16996007209020894,0.6540415484652288,0.1699544773159554,0.6539398741016899
840,14.0,feeder2_459,0.16973879718959373,0.6513770421108741,0.16973080857753903,0.6512743866101028
840,14.0,feeder2_702,0.17333034212890583,0.6495693248520207,0.173323847029156,0.6494607112362338
840,14.0,feeder2_493,0.1694224687267337,0.650895502883427,0.16941588980118286,0.6507907021039931
840,14.0,feeder2_651,0.1944130922794301,0.7716641439061926,0.19440634919123367,0.7715320304658979
840,14.0,feeder2_684,0.19960128011874734,0.7938572952056456,0.19959311145395148,0.7937146070873228
840,14.0,feeder2_674,0.16880426828835818,0.650282242981481,0.1687966567192964,0.6501776863471668
840,14.0,feeder2_696,0.16954527511789788,0.6525124878244167,0.16953831029225092,0.6524071752980312
840,14.0,feeder2_681,0.16725075045126342,0.6487132060993608,0.16724604933674267,0.6486082731580005
840,14.0,feeder2_682,0.16861392687390736,0.6501231574319325,0.16860422015976784,0.6500189040872536
840,14.0,feeder2_728,0.19739042887194652,0.7856503212840452,0.1973826713789425,0.7855077196316096
840,14.0,feeder2_724,0.2090455859286027,0.8365250842570714,0.20903639055036674,0.8363777071573011
840,14.0,feeder2_703,0.16956340540612405,0.6526627462487204,0.16955925020794843,0.652557494162478
840,14.0,feeder2_704,0.1694902577296896,0.6531024776620734,0.16948384541946146,0.6529982449089796
840,14.0,feeder2_754,0.21176027391230862,0.8349000670344624,0.21175061151007224,0.8347501434158932
840,14.0,feeder2_747,0.21261362394552966,0.8547876826970913,0.2126039475494919,0.8546357510048843
840,14.0,feeder2_828,0.19039699937174942,0.7784331874140878,0.19038812220973433,0.7782922278771761
840,14.0,feeder2_763,0.19743032420050818,0.7848173950928171,0.19742305418326092,0.7846736094880444
840,14.0,feeder2_836,0.21462586132430725,0.8684364261119475,0.2146197801988819,0.8682820644034066
840,14.0,feeder2_758,0.21479336096540572,0.8649399962330953,0.21478219247596536,0.8647823360652722
840,14.0,feeder2_788,0.2158005525642357,0.8650598652350568,0.21579173990144215,0.8648971233639036
840,14.0,feeder2_812,0.22138470921076275,0.8963814408030586,0.22137476017069468,0.8962074136993684
840,14.0,feeder2_947,0.19935243954707685,0.7850289727812928,0.19934789881257114,0.7848836662334259
840,14.0,feeder2_868,0.19838049403798053,0.7848995960130332,0.19837415751977122,0.784753583458421
840,14.0,feeder2_785,0.19723348459187617,0.7841106906314785,0.1972258120633427,0.7839677707094844
840,14.0,feeder2_1176,0.19726881024236367,0.7842873546075992,0.19726317743676028,0.784142974722721
840,14.0,feeder2_846,0.1959260354628745,0.7827601619535952,0.19591642098139225,0.7826183457179484
840,14.0,feeder2_911,0.19729575936877736,0.7842324346235872,0.19728978069093733,0.7840901923549347
840,14.0,feeder2_1107,0.22277620180743388,0.9006339333947164,0.2227648525110656,0.9004669534098129
840,14.0,feeder2_920,0.22286231870413353,0.9041419131974321,0.22285170805506102,0.9039694406083961
840,14.0,feeder2_926,0.22521433243223,0.9164207207706797,0.22520310856620462,0.9162439020591627
840,14.0,feeder2_1239,0.22268558215527606,0.9033271379102019,0.22267682191591445,0.903152338212636
840,14.0,feeder2_933,0.22620151050615356,0.9220305758638393,0.2261907612176618,0.9218470709085526
840,14.0,feeder2_1146,0.22547031010737328,0.9156446793947894,0.2254607631368121,0.91546395950804
840,14.0,feeder2_1124,0.22621106971600127,0.9220736951453704,0.22620317655152206,0.921891747891903
840,14.0,feeder2_942,0.22869390951189947,0.9362174658826942,0.2286832161713178,0.9360369670057215
840,14.0,feeder2_952,0.23207375916271625,0.9575862891471579,0.2320647964436932,0.9573963202206357
840,14.0,feeder2_965,0.22873312760562295,0.9361656682014318,0.22872280355834768,0.935984595383395
840,14.0,feeder2_961,0.2323815383692251,0.9599673245916877,0.2323716903000179,0.959777974462717
840,14.0,feeder2_963,0.23208614363547506,0.9575709164303627,0.232072615455474,0.9573837409392475
840,14.0,feeder2_973,0.23409049317731326,0.9728119411827925,0.23408152695802792,0.9726157498334707
840,14.0,feeder2_1128,0.23226140275373466,0.9596531722303165,0.23225164768919546,0.9594608422768784
840,14.0,feeder2_1113,0.23258224334696698,0.9572095979646863,0.2325692011905281,0.9570222018858633
840,14.0,feeder2_1143,0.23262314135842352,0.9574854483663804,0.2326149080878754,0.9572962757099843
840,14.0,feeder2_1238,0.23520676757468514,0.9355945719446371,0.23519540300201477,0.9354072245513484
840,14.0,feeder2_979,0.2287070907616542,0.9360976540327208,0.22869859647201332,0.9359091939870596
840,14.0,feeder2_1236,0.23654810815865196,0.9914475077419898,0.23653624059444073,0.9912472169735271
840,14.0,feeder2_989,0.23409142524530263,0.9728169703057498,0.23407831734366347,0.97262570379377
840,14.0,feeder2_1196,0.22854798246602875,0.9358836461218489,0.22853729051469895,0.9356962151955244
840,14.0,feeder2_1158,0.23420752469166675,0.9735092561805828,0.23419571060219613,0.9733155013580033
840,14.0,feeder2_1122,0.22331229535094513,0.9015227297935337,0.22329921872542244,0.901352945583387
840,14.0,feeder2_1258,0.22239767648677541,0.9016555210138444,0.22238908485798192,0.9014800053823531
840,14.0,feeder2_1303,0.22412003084423135,0.9016668049628781,0.22410723042568967,0.9014941837602594
840,14.0,feeder2_1138,0.2237091798652168,0.9021617313762733,0.22369843788306246,0.901985782121679
840,14.0,feeder2_1304,0.2235256108151481,0.9018316225688314,0.22351546299598438,0.9016602941822235
840,14.0,feeder2_1212,0.22471071725165448,0.9039387098459859,0.22470206919104357,0.9037644891966413
840,14.0,feeder2_1311,0.239866525134526,0.9054573619838135,0.23985574817982927,0.9052768087948357
840,14.0,feeder2_1290,0.22431460287398874,0.903871861069081,0.22430164005018066,0.9036968120576845
840,14.0,feeder2_1325,0.23976705997991163,1.0108053277803644,0.23975515279000809,1.0105993032673428
840,14.0,feeder2_1248,0.2365365510505364,0.991477350630559,0.23652603796990584,0.9912780773180424
840,14.0,feeder2_1249,0.23652803559347035,0.9353480441671469,0.23651604452105832,0.9351605643404143
840,14.0,feeder2_1250,0.2365793210484495,0.9358102041252961,0.23656758252983487,0.9356251137561536
840,14.0,feeder2_1366,0.23512217660554688,0.9935122628521097,0.23511247403997007,0.9933079814984825
840,14.0,feeder2_1266,0.2224301339356543,0.9020883718062768,0.22241897979198474,0.9019139327649988
840,14.0,feeder2_1372,0.22459147875680338,0.904221481466065,0.22457919368318235,0.9040460703503654
840,14.0,feeder2_1363,0.22389129299827076,0.903270733945255,0.2238810677159536,0.903095637731288
840,14.0,feeder2_1446,0.24170498044735841,1.0103230407540817,0.24169453068880056,1.0101137498849528
840,14.0,feeder2_1502,0.24297404324825786,1.032993268658918,0.2429637968334918,1.0327749679772074
840,14.0,feeder2_1428,0.223681484355621,0.9028862593558177,0.2236707228654858,0.9027152388728458
840,14.0,feeder2_1380,0.22367400854512573,0.9033789503704577,0.22366236145167687,0.9032087853526726
840,14.0,feeder2_1550,0.2255234636489759,0.9028403333927685,0.2255115774350403,0.9026663012684653
840,14.0,feeder2_1386,0.22340427030366275,0.9036315520012344,0.22339162823236353,0.9034604353636039
840,14.0,feeder2_1551,0.22318671208232552,0.9032714813477574,0.22317642876789698,0.9030949948529838
840,14.0,feeder2_1400,0.22331434722383758,0.9038621744929466,0.22330361800011253,0.9036927907580163
840,14.0,feeder2_1552,0.2221889558248005,0.9026318682310852,0.22217771810908726,0.9024616201371339
840,14.0,feeder2_1408,0.22326881167399537,0.9050000240944174,0.22325762034447866,0.9048280352260013
840,14.0,feeder2_1553,0.2229074918477126,0.9043369695103403,0.222898513737706,0.9041606692307145
840,14.0,feeder2_1416,0.22332148931802276,0.9057952900105639,0.22331015411204314,0.9056261818653779
840,14.0,feeder2_1530,0.2234207652755108,0.9058228559784856,0.22340939617249014,0.9056492408982095
840,14.0,feeder2_1425,0.22341661827831025,0.907291474877598,0.22340692230074866,0.907118696125082
840,14.0,feeder2_1589,0.22335105117938875,0.9072197582346077,0.22334014141013095,0.9070473191149884
840,14.0,feeder2_1435,0.22343738185682036,0.9075999251154971,0.22342686409083748,0.9074250686290432
840,14.0,feeder2_1621,0.2226648694601883,0.9111455292402386,0.22265181682904478,0.9109761994182212
840,14.0,feeder2_1564,0.22340919188892902,0.9074659154000044,0.2234006702148256,0.907289662454288
840,14.0,feeder2_1704,0.243079788782378,1.0338050748465106,0.24306852899289083,1.033590884832936
840,14.0,feeder2_1525,0.24375220985806445,1.038428308994114,0.24373818957961896,1.0382114588634461
840,14.0,feeder2_1716,0.24065188723246936,1.0442193859661781,0.24063830394509034,1.0440059652031397
840,14.0,feeder2_1537,0.24463712850389158,1.0436282896478513,0.24462681077449472,1.0434064998249875
840,14.0,feeder2_1645,0.24388618756667857,1.0427875803501883,0.24387513070168862,1.0425666631318073
840,14.0,feeder2_1561,0.24577831050862517,1.0500440139809197,0.24576313665819755,1.0498224107918648
840,14.0,feeder2_1657,0.24766816441120237,1.0490920177635932,0.24765868088872284,1.0488658696221103
840,14.0,feeder2_1570,0.2461816139784593,1.0530093283614559,0.24616922806955777,1.052784616688144
840,14.0,feeder2_1756,0.27428436410521007,1.0564689786015853,0.2742700209451026,1.0562419609842648
840,14.0,feeder2_1588,0.24634331527830403,1.0554181929464617,0.24632785755595016,1.0551942226004707
840,14.0,feeder2_1628,0.24705702581233768,1.0555694857336269,0.24704571964196237,1.0553457136404234
840,14.0,feeder2_1598,0.2465266029352697,1.0584008374183,0.2465125838841229,1.0581765670686205
840,14.0,feeder2_1816,0.24324923413544675,1.0723392605192144,0.24323762676922234,1.0721185170916046
840,14.0,feeder2_1765,0.24656421225817668,1.058552614280381,0.24655313214807623,1.0583260918616602
840,14.0,feeder2_1641,0.24718503120614008,1.0689296296755764,0.24716931461648628,1.0687014231504433
840,14.0,feeder2_1689,0.2476834011477065,1.0776669131175265,0.2476701504710006,1.0774300664831062
840,14.0,feeder2_1744,0.2476921196221824,1.069063829902426,0.24767905783547503,1.0688341222475906
840,14.0,feeder2_1817,0.24738837356287877,1.0767154101486947,0.24737453726338524,1.0764864449897789
840,14.0,feeder2_1779,0.24735055696611788,1.0788663370310139,0.24734090463331646,1.0786301930760034
840,14.0,feeder2_1800,0.24740395815419633,1.0773744691204612,0.2473904746115182,1.0771436487589066
840,14.0,feeder2_1818,0.24397723474950944,1.0927853656473707,0.2439611132127969,1.0925417597762872
840,14.0,feeder2_1753,0.24879592237730153,1.069286726443414,0.24878456730244125,1.0690529217341034
840,14.0,feeder2_1754,0.24780325585918192,1.0691084859466924,0.24779038987432703,1.0688824974587385
870,14.5,secondary,0.056477970191603034,0.05649304518076172,0.056468709306887965,0.056485534455701245
870,14.5,feeder2_44,0.10525401082188898,0.2950621885750342,0.10523768023476392,0.29504266152594666
870,14.5,feeder2_45,0.10709104336982372,0.3035235845993973,0.1070743528995027,0.3034995532414352
870,14.5,feeder2_46,0.10081007587416693,0.30453461278995886,0.10079233410965269,0.30451147483431273
870,14.5,feeder2_51,0.11028272097406665,0.31822792507729647,0.11026273766551328,0.3182085570793193
870,14.5,feeder2_48,0.10725501857329056,0.3035326660615774,0.1072357709000336,0.3035154709322504
870,14.5,feeder2_52,0.10752380736349221,0.3152466174385202,0.10750718044511094,0.315227790551826
870,14.5,feeder2_68,0.11956368239308883,0.36089674273775346,0.11954394136251927,0.3608721060836505
870,14.5,feeder2_69,0.11957807000567633,0.3610568644848801,0.11955674146490569,0.3610363705873502
870,14.5,feeder2_71,0.12079446064185756,0.3665502539904836,0.12077344524807339,0.36652765948281507
870,14.5,feeder2_72,0.12098867252040642,0.36657028304250844,0.12096889450001419,0.36654432205156806
870,14.5,feeder2_73,0.12464714826982051,0.3842482579062667,0.12462648613767989,0.3842266343035015
870,14.5,feeder2_74,0.12452777158523086,0.3841194027406027,0.12450708628818387,0.3840898469230433
870,14.5,feeder2_77,0.12796031134071179,0.39946138565793937,0.12794066914003846,0.3994322035983569
870,14.5,feeder2_79,0.12797095697475347,0.39956890973247716,0.12794713502704008,0.3995452720790123
870,14.5,feeder2_81,0.13319889055249792,0.4234951896963572,0.13317548988549568,0.4234713044427515
870,14.5,feeder2_82,0.13645306612266997,0.4236293240465941,0.1364303111797503,0.4235982313034679
870,14.5,feeder2_116,0.15640878583986256,0.5308544009873729,0.1563853537499241,0.5308166798523792
870,14.5,feeder2_119,0.15635087415434254,0.5307924228518408,0.15632551453648957,0.5307557680048435
870,14.5,feeder2_120,0.1650583287814941,0.5707074874679835,0.16503247434872506,0.570670649979057
870,14.5,feeder2_248,0.16494680619392893,0.5705920015064134,0.1649188533768833,0.5705549588507227
870,14.5,feeder2_124,0.17039846052029925,0.5952803176696074,0.17037331276764528,0.5952354201613689
870,14.5,feeder2_282,0.1728569934847017,0.5956018898062098,0.1728287243964226,0.5955611974785289
870,14.5,feeder2_275,0.16973711928708043,0.5946569640752426,0.16970683184992547,0.5946179414347126
870,14.5,feeder2_151,0.1798737653927785,0.6383293982241149,0.1798460879515055,0.6382849368549388
870,14.5,feeder2_295,0.18017565966726976,0.6401051697550532,0.18014602324671058,0.6400570962471253
870,14.5,feeder2_311,0.1798956620645417,0.6384236676072617,0.17986844852979508,0.6383758822126633
870,14.5,feeder2_201,0.19526483845347792,0.707502864342908,0.1952335224143504,0.7074499747920218
870,14.5,feeder2_314,0.1973666481794092,0.7058092981669462,0.19733576783418763,0.7057581407940968
870,14.5,feeder2_342,0.2162563285713417,0.8090340529551326,0.21622059779317768,0.8089761410373998
870,14.5,feeder2_368,0.21632662449664772,0.8090402109239629,0.21628975126027267,0.8089868625005966
870,14.5,feeder2_347,0.22642608058182767,0.8588705995783559,0.22638833143782353,0.8588095779878759
870,14.5,feeder2_353,0.23142023780397306,0.8834868738034805,0.23137863612326784,0.8834239861465417
870,14.5,feeder2_518,0.22788273330908754,0.8590838609862348,0.22784468211622233,0.8590217545110225
870,14.5,feeder2_365,0.23697686225257275,0.9108479297356238,0.23693939707531125,0.9107770385523123
870,14.5,feeder2_653,0.231324455058249,0.883389482333196,0.23128956384044325,0.8833205546220635
870,14.5,feeder2_377,0.2399957952572112,0.925702658347461,0.2399561218775382,0.9256322407792258
870,14.5,feeder2_622,0.236985288853019,0.9108787028675286,0.2369478910722262,0.9108062784230755
870,14.5,feeder2_451,0.21788416974425576,0.8078303529433823,0.21784905922072034,0.8077719695500635
870,14.5,feeder2_383,0.21607234659533217,0.8099536366164836,0.21603587046210485,0.8098974359320608
870,14.5,feeder2_385,0.2433647731146512,0.9422314890818231,0.2433237371173084,0.9421623719696817
870,14.5,feeder2_621,0.24045082998410197,0.9275652043633219,0.2404133783818407,0.9274907224764319
870,14.5,feeder2_611,0.21598627701519074,0.8098655206927045,0.21595197361047128,0.8098122340004988
870,14.5,feeder2_405,0.21605781330767473,0.8100155132167559,0.2160219550829441,0.8099616900587876
870,14.5,feeder2_461,0.2570842224240298,1.0094816488224705,0.25704101416149305,1.009403634765151
870,14.5,feeder2_594,0.24329031757376715,0.9421557496250978,0.2432485561578583,0.9420861336126116
870,14.5,feeder2_732,0.21211696647859962,0.8059703796431087,0.21208072285557278,0.8059126354212955
870,14.5,feeder2_417,0.21620000508609333,0.8113882645465283,0.2161653383607006,0.8113287144214488
870,14.5,feeder2_663,0.21529965385675415,0.8127573241864137,0.21526204172383773,0.8127039184644151
870,14.5,feeder2_444,0.21635455324590921,0.8120040393762944,0.21631794943290156,0.8119461362090239
870,14.5,feeder2_759,0.2182690164960739,0.8122976863067408,0.2182321159020807,0.8122390528266475
870,14.5,feeder2_842,0.21687795969307497,0.8140214056892043,0.21684177352010586,0.8139672412161005
870,14.5,feeder2_459,0.21636393051095215,0.8120792752936965,0.21632858397448357,0.8120272799111174
870,14.5,feeder2_702,0.21768605173362354,0.8123176890272704,0.21764979764107123,0.8122649663825415
870,14.5,feeder2_493,0.21629960367216583,0.8122161695078551,0.2162649553238508,0.8121591526316353
870,14.5,feeder2_651,0.25760144326231876,1.0110442302110654,0.25755907330244693,1.0109671712604382
870,14.5,feeder2_684,0.2679163373864044,1.0625970717942461,0.2678722510137633,1.0625132972420923
870,14.5,feeder2_674,0.21596450423278413,0.8118750201941161,0.2159311265686031,0.8118124827346072
870,14.5,feeder2_696,0.2165626397391598,0.8141741904458599,0.21652600327158653,0.8141173987657333
870,14.5,feeder2_681,0.2150972769793928,0.8109921534803401,0.21506120696447376,0.8109347141541559
870,14.5,feeder2_682,0.2158900297863352,0.8117988539855101,0.21585478836877495,0.8117379192062963
870,14.5,feeder2_728,0.26769295575146035,1.0606727745967683,0.26764695684144346,1.0605932191187613
870,14.5,feeder2_724,0.2796002971237859,1.121415007149895,0.2795551323006324,1.1213299770792524
870,14.5,feeder2_703,0.21660058926321765,0.8143147777495441,0.2165648537562526,0.814255732536401
870,14.5,feeder2_704,0.21662484088269965,0.8149133427125883,0.21659129636658628,0.8148567099780899
870,14.5,feeder2_754,0.27966371020567593,1.1214326736880138,0.2796145381989776,1.121348214788325
870,14.5,feeder2_747,0.2843746418502201,1.1454246879401209,0.2843293754346918,1.145333559588521
870,14.5,feeder2_828,0.2666653772055643,1.059635979441385,0.2666217757388876,1.0595534144151484
870,14.5,feeder2_763,0.26782403652789716,1.0594419978547052,0.26777767522794055,1.0593637034769854
870,14.5,feeder2_836,0.28481073327629297,1.1618008971306613,0.284762850194018,1.161704643161527
870,14.5,feeder2_758,0.2876555207660086,1.1591768660269701,0.2876056386184534,1.1590891813539759
870,14.5,feeder2_788,0.28990601031860114,1.1583242649701708,0.28985653869839983,1.1582329074760416
870,14.5,feeder2_812,0.29729838535039865,1.2023990556274673,0.297251133316411,1.2023040178002904
870,14.5,feeder2_947,0.27102691002524154,1.059955978714324,0.2709830489636179,1.059878184151418
870,14.5,feeder2_868,0.269125420215465,1.0591862693490692,0.26908171955431553,1.059107094930319
870,14.5,feeder2_785,0.26756369457628026,1.0586302734701358,0.2675156067366279,1.0585544873420616
870,14.5,feeder2_1176,0.2676220958710242,1.0588012663650643,0.2675768470397995,1.0587248086976055
870,14.5,feeder2_846,0.26612323870592935,1.0572213424975376,0.2660806233293672,1.0571399730772413
870,14.5,feeder2_911,0.26757667911182786,1.058657739642153,0.26752831026433443,1.058580332688177
870,14.5,feeder2_1107,0.29943532698638536,1.2009250213630802,0.29938417285078445,1.200834441686549
870,14.5,feeder2_920,0.2994267131302558,1.2149587441666596,0.2993752384152558,1.2148601048036307
870,14.5,feeder2_926,0.30272897510223395,1.2342791222654292,0.3026745924390043,1.234185704379857
870,14.5,feeder2_1239,0.299280286751368,1.2142575213595306,0.2992271899818437,1.2141670339902706
870,14.5,feeder2_933,0.3041373249991014,1.2430202280759226,0.30408427047364367,1.2429260248087493
870,14.5,feeder2_1146,0.3029937183705313,1.2334154816653378,0.3029404645680927,1.2333175699279708
870,14.5,feeder2_1124,0.30353472966958533,1.2439898078883767,0.3034814910901713,1.2438880993324746
870,14.5,feeder2_942,0.30773843088376546,1.26425131725301,0.3076849437984037,1.2641488295538093
870,14.5,feeder2_952,0.313007895820338,1.2972044628622381,0.3129546910216955,1.297091849245008
870,14.5,feeder2_965,0.307746868372327,1.264046368723269,0.3076964253669814,1.2639396007693113
870,14.5,feeder2_961,0.3135475848707239,1.300801264794764,0.313492771531543,1.3006883501841588
870,14.5,feeder2_963,0.3130145940234611,1.2971971976642607,0.31296225285182805,1.2970841412536014
870,14.5,feeder2_973,0.31643177479257006,1.31998152405859,0.3163756518728772,1.319863282025766
870,14.5,feeder2_1128,0.31353519679076225,1.3007405298481738,0.31348185153797353,1.3006258060024307
870,14.5,feeder2_1113,0.3135644149380807,1.296787673485642,0.31350905744295543,1.2966766331231532
870,14.5,feeder2_1143,0.31314490251715854,1.29781562062769,0.31308790436879425,1.2977081104529176
870,14.5,feeder2_1238,0.31450590513767823,1.2626652636574511,0.3144528781350584,1.2625634640886354
870,14.5,feeder2_979,0.30768217885807825,1.2638424298707045,0.30762824709262043,1.2637365264210167
870,14.5,feeder2_1236,0.3206108009217812,1.3479597104645207,0.3205490624944662,1.3478451034857513
870,14.5,feeder2_989,0.3164331276834318,1.3199880627585607,0.3163739012252109,1.319879098156308
870,14.5,feeder2_1196,0.30686140078367846,1.263109696998031,0.3068092512548153,1.263007674706542
870,14.5,feeder2_1158,0.31672933910342865,1.320883103120056,0.31667449890551674,1.3207663621595642
870,14.5,feeder2_1122,0.3001669518780207,1.1996571957845932,0.30011726792595805,1.1995706434677311
870,14.5,feeder2_1258,0.29958621155978854,1.2019290931839106,0.29953648232852403,1.2018403997048681
870,14.5,feeder2_1303,0.3017825483426804,1.1998150860271064,0.301731179625977,1.1997274560176385
870,14.5,feeder2_1138,0.30069204663613924,1.198569741590439,0.30064235116539983,1.1984846578192594
870,14.5,feeder2_1304,0.3006487643263435,1.1985251804684616,0.30059609387254316,1.1984390916638414
870,14.5,feeder2_1212,0.30183891068026875,1.1963723150297505,0.3017872016248419,1.1962943071248062
870,14.5,feeder2_1311,0.3179787485950196,1.1965288559600007,0.31792813747840776,1.1964552105006898
870,14.5,feeder2_1290,0.30162800157487396,1.1924216943519717,0.3015783184877656,1.1923413380557375
870,14.5,feeder2_1325,0.3240256997677964,1.3727492388974203,0.32396639428510776,1.3726208425075028
870,14.5,feeder2_1248,0.3206249053254521,1.3480284280878665,0.32056375025957173,1.3479098814776527
870,14.5,feeder2_1249,0.3151542896026896,1.2627923439821136,0.31509987390239663,1.2626928278304292
870,14.5,feeder2_1250,0.31769739328481555,1.2614128411749996,0.31764161102053134,1.2613146740167311
870,14.5,feeder2_1366,0.32066304587699335,1.3481461472704281,0.320604372540075,1.348028908833649
870,14.5,feeder2_1266,0.299724067306345,1.2028786648333973,0.2996725773353769,1.2027933093201408
870,14.5,feeder2_1372,0.3032175595603493,1.1918143765987095,0.3031683199148036,1.1917324722867728
870,14.5,feeder2_1363,0.30101881632609956,1.1888819104241586,0.30096723641156137,1.1887969906287725
870,14.5,feeder2_1446,0.3252657932029656,1.373172051334731,0.325202563696678,1.3730500440073476
870,14.5,feeder2_1502,0.3277795101203782,1.3998677538572835,0.32771718528366967,1.3997363990912015
870,14.5,feeder2_1428,0.3009358730875157,1.188795890816212,0.3008837847644181,1.1887126444433593
870,14.5,feeder2_1380,0.30031434892766745,1.1847636241682196,0.3002673686092595,1.1846741172465358
870,14.5,feeder2_1550,0.30167562577017365,1.1850000699820187,0.3016269584101095,1.1849087064999275
870,14.5,feeder2_1386,0.29990110143573684,1.1825799545839528,0.29985218269743497,1.1824866545709856
870,14.5,feeder2_1551,0.2991634572991414,1.1818397191857501,0.2991127467925529,1.1817525641548436
870,14.5,feeder2_1400,0.29981159022741616,1.1817856759273073,0.29976321523039223,1.1816947891142733
870,14.5,feeder2_1552,0.2983538012494849,1.1802759329345391,0.29830551196921706,1.180190699248959
870,14.5,feeder2_1408,0.2997968456248195,1.1809546795366563,0.29974701529117204,1.1808635976231674
870,14.5,feeder2_1553,0.29933328716649477,1.1804929295623423,0.29928340172590084,1.180408022495399
870,14.5,feeder2_1416,0.29984761410599114,1.1806627055962933,0.29980014285978984,1.1805713111819593
870,14.5,feeder2_1530,0.30179534322895085,1.179187534654025,0.3017453588060434,1.1791010943722298
870,14.5,feeder2_1425,0.29972201891541445,1.1808201925178976,0.29967185512336564,1.1807292544406733
870,14.5,feeder2_1589,0.29925859801947996,1.180366130099949,0.299207957985209,1.1802780321873985
870,14.5,feeder2_1435,0.29972450487027114,1.180913633321728,0.29967727637876457,1.1808199412180886
870,14.5,feeder2_1621,0.300210463355189,1.1827963695013137,0.3001621011711282,1.1827075244095688
870,14.5,feeder2_1564,0.29936899825753976,1.1801048678887132,0.2993178085074376,1.1800143396427594
870,14.5,feeder2_1704,0.3273896519678392,1.4018495053158557,0.327328174479976,1.4017126434405476
870,14.5,feeder2_1525,0.32869812245509655,1.4061329773044011,0.3286392593749328,1.4059968701512853
870,14.5,feeder2_1716,0.3260894562049103,1.4198729888450339,0.3260252389420276,1.4197381864578542
870,14.5,feeder2_1537,0.3295916355301724,1.4110900408153761,0.3295246432162108,1.410958083265895
870,14.5,feeder2_1645,0.3285074232066431,1.4101728418572432,0.3284447454390743,1.4100362153790134
870,14.5,feeder2_1561,0.3307880971243363,1.4172947125155482,0.3307235247987911,1.4171561725832693
870,14.5,feeder2_1657,0.33082696805353934,1.4173054401114231,0.3307621790670481,1.4171656353245563
870,14.5,feeder2_1570,0.3313037818084964,1.419968308997779,0.3312367904577832,1.419834156201449
870,14.5,feeder2_1756,0.36076609394087855,1.4182603031962744,0.36070563767021524,1.4181300739800573
870,14.5,feeder2_1588,0.33158116853758357,1.422420271397089,0.3315126447250287,1.4222834116136598
870,14.5,feeder2_1628,0.3321056428270308,1.4225211328488185,0.3320413080565323,1.4223811283687247
870,14.5,feeder2_1598,0.33192117668994187,1.4254760407828118,0.33185200265095627,1.4253387709708463
870,14.5,feeder2_1816,0.34466780769107175,1.469289303472014,0.3445942245872851,1.4691426885923367
870,14.5,feeder2_1765,0.3319872377642766,1.425640679421832,0.33192034904313406,1.4255022212587236
870,14.5,feeder2_1641,0.3314273203380058,1.4280109042235904,0.33135818764384045,1.4278621043267519
870,14.5,feeder2_1689,0.33090154936052923,1.4300165408268226,0.3308318060987457,1.4298669237385242
870,14.5,feeder2_1744,0.3321462889788215,1.4280402959040823,0.3320773547291865,1.4278902898258627
870,14.5,feeder2_1817,0.33057739572314265,1.4291356186694333,0.3305084340428358,1.42897753747943
870,14.5,feeder2_1779,0.3311765845875251,1.4309551874589361,0.3311096775158978,1.430798352719001
870,14.5,feeder2_1800,0.3303046301531989,1.4297054259220268,0.3302389966815349,1.4295492982166549
870,14.5,feeder2_1818,0.32448325199569755,1.4291032215992177,0.3244031285768676,1.428940394070619
870,14.5,feeder2_1753,0.33433173656850473,1.4281109855620877,0.3342663921729975,1.4279618544028776
870,14.5,feeder2_1754,0.3321699093661829,1.4280461615117948,0.3321008416052085,1.4278989655845005
900,15.0,secondary,0.04095024047485355,0.020852069623959107,0.040967885575849815,0.020879848959301252
900,15.0,feeder2_44,0.07624786695112425,0.1088126553136997,0.07628129096075964,0.10895266976100716
900,15.0,feeder2_45,0.07754689703187223,0.11196471878783529,0.07758333656758663,0.11210657910462411
900,15.0,feeder2_46,0.0761650752882005,0.1120011158811726,0.07619937611258053,0.11213976487225985
900,15.0,feeder2_51,0.07980454433852191,0.11744823589861382,0.07984121642966076,0.11759413070584449
900,15.0,feeder2_48,0.07771084628473703,0.11192422083257755,0.07774493896519365,0.11207226652484067
900,15.0,feeder2_52,0.0735922781005514,0.11352172856043859,0.07362316421083841,0.11368369529551953
900,15.0,feeder2_68,0.08716532094308181,0.1353778523925308,0.08720555463159695,0.13553844120727854
900,15.0,feeder2_69,0.08717956608668437,0.13555516009455001,0.08721861755176329,0.1357203001876143
900,15.0,feeder2_71,0.08814337090642176,0.13777050217297623,0.08818383034369544,0.13793577032530757
900,15.0,feeder2_72,0.08833588611307827,0.1377401742246523,0.08837777905911438,0.13790396202075902
900,15.0,feeder2_73,0.09120722542584989,0.14529006244812195,0.09124737531248547,0.14546810643053038
900,15.0,feeder2_74,0.09108789712816377,0.14517499866723813,0.09112866768544019,0.14534704416692357
900,15.0,feeder2_77,0.09384601071285732,0.15179285013665555,0.0938839921080566,0.15197541285406813
900,15.0,feeder2_79,0.09114823261767942,0.15492919106805614,0.09119291499060707,0.15510320958080512
900,15.0,feeder2_81,0.0981277213200384,0.16085537038251493,0.09816995370271,0.16105177169385604
900,15.0,feeder2_82,0.09964715958927564,0.16059390501765336,0.09969092016070796,0.16077890001811346
900,15.0,feeder2_116,0.1172313752898304,0.20184713053606265,0.11728340907001325,0.20207903217797216
900,15.0,feeder2_119,0.11717343187539729,0.20179020790649466,0.11722532603709197,0.20202249920350793
900,15.0,feeder2_120,0.12434484990197936,0.21714016858199922,0.12439935436391729,0.21738841791787625
900,15.0,feeder2_248,0.12419450404550922,0.2169919721020389,0.124246832594931,0.2172421510493353
900,15.0,feeder2_124,0.12873944813499993,0.22662353451959852,0.12879455637484818,0.2268892555877808
900,15.0,feeder2_282,0.13626268438410116,0.22619092415944778,0.13631579729033957,0.22644257655816424
900,15.0,feeder2_275,0.12841030911456786,0.22648974072155642,0.12846217018794842,0.22675898886958
900,15.0,feeder2_151,0.13605051783184596,0.24318375266719952,0.1361079614099713,0.24346993034932513
900,15.0,feeder2_295,0.13694216564617667,0.2490786089767895,0.13700148163568002,0.2493704731299473
900,15.0,feeder2_311,0.13607321810450032,0.2432870851215024,0.13613372215883382,0.24357311362217227
900,15.0,feeder2_201,0.14702289071393837,0.2622812497625938,0.14708469809042504,0.26260277705307766
900,15.0,feeder2_314,0.14708652768572045,0.26228136277759073,0.14715300178855584,0.26260015925030533
900,15.0,feeder2_342,0.16263837252217625,0.28937732492608853,0.16270594913317726,0.2897499991499292
900,15.0,feeder2_368,0.1629599890878336,0.2883791902143256,0.1630335616789622,0.2887434557486131
900,15.0,feeder2_347,0.16995862003199952,0.3045290720378397,0.17003447830906518,0.30492313814402733
900,15.0,feeder2_353,0.173472865347004,0.31261094198390654,0.1735493309334181,0.31302238314099134
900,15.0,feeder2_518,0.17119124407279665,0.3034410237469439,0.17126964001351366,0.3038336785366053
900,15.0,feeder2_365,0.17738748801062854,0.32163087796109696,0.17746460338438258,0.3220599038167409
900,15.0,feeder2_653,0.1733770578763076,0.31252155060956066,0.17345247137650172,0.31293470435908094
900,15.0,feeder2_377,0.17951442132295037,0.32652394371735555,0.1795919420870059,0.3269634740744614
900,15.0,feeder2_622,0.1773961139057807,0.3216648338004291,0.17747181278707846,0.32209284272064853
900,15.0,feeder2_451,0.1630267863073049,0.28838287672615315,0.16309899079157447,0.2887451043589809
900,15.0,feeder2_383,0.16347165407840353,0.2867705464099889,0.1635418235912296,0.28713876882749473
900,15.0,feeder2_385,0.18164455712599326,0.33013783864046525,0.18172676567274348,0.3305801357788065
900,15.0,feeder2_621,0.18083732785404433,0.3327968291236167,0.18091748537569066,0.33323532990361027
900,15.0,feeder2_611,0.16338584958329422,0.2866878164521161,0.16345950672485113,0.28704788704941375
900,15.0,feeder2_405,0.16350501845831608,0.28667513215152746,0.16357484449623932,0.28703688601681543
900,15.0,feeder2_461,0.19032977631475073,0.3449841464701028,0.19041567959677647,0.3454644121247714
900,15.0,feeder2_594,0.18154486829361896,0.33004176749616393,0.1816240896277208,0.3304843019994634
900,15.0,feeder2_732,0.15891668228249153,0.2827942600459978,0.15898368021708958,0.28316466304369864
900,15.0,feeder2_417,0.16410813573163902,0.2869109139755911,0.1641765474230267,0.28727578285471445
900,15.0,feeder2_663,0.16412932356356327,0.2869939326883226,0.16419815586163763,0.2873579500598769
900,15.0,feeder2_444,0.16456228488751135,0.287076781138009,0.16462959880440875,0.2874362819355422
900,15.0,feeder2_759,0.17399067588418693,0.28264828482859605,0.17405719368767433,0.2829999939065051
900,15.0,feeder2_842,0.16496285987198459,0.28891987845874056,0.16503209247753053,0.2892819450211343
900,15.0,feeder2_459,0.1645561546197981,0.2872771925701101,0.16462742078542983,0.28763176351677877
900,15.0,feeder2_702,0.1655347145281558,0.28729196061742857,0.1656043871052791,0.28764984181351
900,15.0,feeder2_493,0.16446014993235378,0.2879892374508274,0.16452836946624871,0.28835183220218447
900,15.0,feeder2_651,0.18998165791510835,0.347632976750651,0.19007011533410453,0.34810867222210407
900,15.0,feeder2_684,0.19715851135294946,0.3541185396007144,0.19724977888381268,0.35461988172852016
900,15.0,feeder2_674,0.16421376090888284,0.28775582457812837,0.16428532581855423,0.2881139775575141
900,15.0,feeder2_696,0.1645182741580239,0.2911319218523118,0.16459118209917592,0.2914877889047395
900,15.0,feeder2_681,0.1635890190373324,0.2871651270331606,0.16366074306160897,0.2875243479004314
900,15.0,feeder2_682,0.16413955344091413,0.2876839581365685,0.16421090740300615,0.2880419149398837
900,15.0,feeder2_728,0.19667267444066192,0.34867262476524785,0.19676487879310192,0.34917318651579277
900,15.0,feeder2_724,0.20512267503303272,0.3760707805764729,0.20521862187395595,0.37659307879044635
900,15.0,feeder2_703,0.1645555146243952,0.2912840286244933,0.16462576124779754,0.29164818514895846
900,15.0,feeder2_704,0.164220874374556,0.2922743497877206,0.164292121495016,0.29262967001290624
900,15.0,feeder2_754,0.20518497250145631,0.37607293426039484,0.20527902854142321,0.3766000864574922
900,15.0,feeder2_747,0.20837248672579822,0.3850355227751691,0.20847084134916002,0.3855720381164977
900,15.0,feeder2_828,0.1935946215345466,0.3458547244724353,0.1936844829771941,0.34635923306741795
900,15.0,feeder2_763,0.19734392341284832,0.34508303103943694,0.1974364703569408,0.34558287794179676
900,15.0,feeder2_836,0.20882310626482978,0.38676901336966985,0.20892107368146653,0.38730742152986036
900,15.0,feeder2_758,0.2110410837557729,0.39202304055674503,0.21113777767409586,0.3925698396298212
900,15.0,feeder2_788,0.22383703897347587,0.3904032920379877,0.22392680472330972,0.3909295731900305
900,15.0,feeder2_812,0.2176342979449125,0.4145294499855711,0.21773724253086,0.41512922628345833
900,15.0,feeder2_947,0.20010816175624552,0.3426545315300023,0.2001992174690257,0.3431534873541923
900,15.0,feeder2_868,0.19881246313215814,0.34416050576898605,0.19890193343748983,0.34466356607732856
900,15.0,feeder2_785,0.1973111243118106,0.3439972823746754,0.1974028963097343,0.3445002231813001
900,15.0,feeder2_1176,0.19736820302565938,0.3441878824869421,0.1974559526773452,0.3446956162626756
900,15.0,feeder2_846,0.19617641051436369,0.34323927764879064,0.19626450291178277,0.3437486901320936
900,15.0,feeder2_911,0.1977777851218318,0.3426525527694408,0.19786657452863288,0.3431538484378792
900,15.0,feeder2_1107,0.218971948100398,0.4170351004136562,0.21907486128717366,0.4176280945907858
900,15.0,feeder2_920,0.21912956431099917,0.42029676683457173,0.21923197903932962,0.4209143351865356
900,15.0,feeder2_926,0.22149759151730272,0.4295992615616604,0.2216050643964205,0.4302388067011744
900,15.0,feeder2_1239,0.21898478905905736,0.41965866893922077,0.21909041226094075,0.42027415803169416
900,15.0,feeder2_933,0.22248179077146527,0.4340757906181522,0.22258990430530398,0.43472673938197876
900,15.0,feeder2_1146,0.2218307019974425,0.4282034095402877,0.22193672784810037,0.4288481233863095
900,15.0,feeder2_1124,0.2225000474744252,0.4341275167486689,0.22260938123491716,0.43477827840910765
900,15.0,feeder2_942,0.22498286294295025,0.4455342042783327,0.22509617863170706,0.4462108558511029
900,15.0,feeder2_952,0.23048401401078755,0.4738651911268767,0.23060134499139343,0.4745778967486898
900,15.0,feeder2_965,0.2247546136682113,0.44409482544738244,0.22486468237941779,0.44477564067926895
900,15.0,feeder2_961,0.23104181307255833,0.4770897707351914,0.231158615637343,0.4778134312468815
900,15.0,feeder2_963,0.2304926568396891,0.47383376942217603,0.23061100246838784,0.47454967370879153
900,15.0,feeder2_973,0.23403096567265633,0.49434921957109457,0.23415253922833917,0.4950894866519503
900,15.0,feeder2_1128,0.23102968100147314,0.47703625119653464,0.23114724717918342,0.4777570287120114
900,15.0,feeder2_1113,0.2311926893778149,0.47318052274135136,0.2313133642518434,0.4738953631139227
900,15.0,feeder2_1143,0.2306751765540559,0.4735206512956911,0.2307931750987873,0.4742330432511075
900,15.0,feeder2_1238,0.23373909897277267,0.439115556370206,0.233850183623089,0.43978405801715187
900,15.0,feeder2_979,0.22435341642919157,0.44256463553647335,0.22446498543588297,0.4432477930537603
900,15.0,feeder2_1236,0.23839957178509616,0.5194910264028116,0.23852748505943672,0.5202627378826435
900,15.0,feeder2_989,0.23403225406795677,0.49435701146757366,0.23414898174641802,0.49510367611478484
900,15.0,feeder2_1196,0.21707612500172602,0.43676951737785624,0.21718837597064308,0.4374557020146845
900,15.0,feeder2_1158,0.2343193919462875,0.4953690223190436,0.2344402713210006,0.4961099870775346
900,15.0,feeder2_1122,0.21941302798904036,0.4157574480416969,0.21951463420857886,0.41634643543124844
900,15.0,feeder2_1258,0.21804930670004885,0.4198086940941371,0.21814950805869207,0.42040154682790287
900,15.0,feeder2_1303,0.22249293404198256,0.4142271490815985,0.22259691077260862,0.4148060949551414
900,15.0,feeder2_1138,0.21959853370053772,0.41521002989845723,0.2197008603583226,0.4157950946375777
900,15.0,feeder2_1304,0.21955481317066017,0.41516956499367297,0.21965447390985107,0.4157562633663886
900,15.0,feeder2_1212,0.22000213184538006,0.41409510203974703,0.22010421982004758,0.4146732120131857
900,15.0,feeder2_1311,0.22507437851780518,0.4121000935150648,0.2251753834598836,0.41267569087910116
900,15.0,feeder2_1290,0.21992925159684362,0.41401008843252723,0.2200306735725491,0.4145999239307608
900,15.0,feeder2_1325,0.2423873455051219,0.5402727842539742,0.24251420244642338,0.5410857214737118
900,15.0,feeder2_1248,0.23841315217773348,0.5195582515212097,0.23853538306187042,0.5203371873779836
900,15.0,feeder2_1249,0.23446373275393123,0.4391065912280806,0.23457287609384958,0.439774129033735
900,15.0,feeder2_1250,0.2383212204553549,0.43572785674799536,0.2384284080930001,0.4363967565493403
900,15.0,feeder2_1366,0.23735926777141042,0.5211791431159859,0.23748313453270659,0.5219548466998484
900,15.0,feeder2_1266,0.21775213008635588,0.4216632897954465,0.21785639384377264,0.4222560195292566
900,15.0,feeder2_1372,0.2199878417306111,0.414160999493753,0.22008986970194255,0.4147456569748002
900,15.0,feeder2_1363,0.21987757571824204,0.41368752333179787,0.2199792897912228,0.414278244512039
900,15.0,feeder2_1446,0.24491252169614747,0.5386381567151962,0.24503797202371078,0.5394497116833235
900,15.0,feeder2_1502,0.2464854398839723,0.5657949489104469,0.2466223947444792,0.5666472793473449
900,15.0,feeder2_1428,0.2197935866495083,0.41360932040961085,0.21989328100719593,0.41420206618202526
900,15.0,feeder2_1380,0.2198449188251426,0.4134462929805835,0.21994979534730003,0.41403487475842654
900,15.0,feeder2_1550,0.22267396785399085,0.4122116016664455,0.2227762865437724,0.41279942777489276
900,15.0,feeder2_1386,0.21962750692310212,0.4138404108278448,0.21972823485410853,0.41443471715871666
900,15.0,feeder2_1551,0.21951649813552304,0.41373748866250243,0.21961605723769326,0.41433421622111466
900,15.0,feeder2_1400,0.21952976937653543,0.4140600383129283,0.21963074437972271,0.41465425520150034
900,15.0,feeder2_1552,0.21812372445152362,0.4127893271510077,0.21822408474369256,0.41338863468221704
900,15.0,feeder2_1408,0.21949015782613407,0.41522407552943397,0.21959282284557347,0.41582029202161114
900,15.0,feeder2_1553,0.21893591595091794,0.41513160047948316,0.21903348710683915,0.4157334294932403
900,15.0,feeder2_1416,0.2195307667813353,0.41589124911411596,0.21963253132638924,0.41649253729703617
900,15.0,feeder2_1530,0.2196150227417143,0.4158892738634836,0.21971466156253316,0.4164933447425071
900,15.0,feeder2_1425,0.21960492921777375,0.41716351366505555,0.21970410967779253,0.41776706785280293
900,15.0,feeder2_1589,0.21903246814978858,0.41714692795025016,0.21913685211220613,0.4177496690851834
900,15.0,feeder2_1435,0.21964916124985412,0.41743982544716124,0.21974998553982253,0.41804388031464756
900,15.0,feeder2_1621,0.22036914584289508,0.42061666517536656,0.22047053592755247,0.4212207006631059
900,15.0,feeder2_1564,0.219622121456686,0.4173163280653348,0.21972436281495777,0.41792357719342293
900,15.0,feeder2_1704,0.25006738224714753,0.579139151881099,0.25020641514012854,0.5799961125978219
900,15.0,feeder2_1525,0.24680999426130562,0.5676094562610398,0.24694580078517278,0.5684754668096326
900,15.0,feeder2_1716,0.24769740680747665,0.5715030927112548,0.2478349378730937,0.5723683124403567
900,15.0,feeder2_1537,0.24708655140028207,0.5690660727031114,0.24722665942049027,0.5699412991932707
900,15.0,feeder2_1645,0.24638326373300723,0.5685286568654736,0.24652240740200415,0.5694065951070156
900,15.0,feeder2_1561,0.24748039971750901,0.5710549686738385,0.24761948655015326,0.5719428121935716
900,15.0,feeder2_1657,0.24751484018565098,0.5710430813042922,0.2476512983779948,0.5719392982278717
900,15.0,feeder2_1570,0.24765000019715855,0.5719182514908566,0.2477912413278637,0.5728164636958774
900,15.0,feeder2_1756,0.2567781808624093,0.5658789335477253,0.25691335516793223,0.5667698827292841
900,15.0,feeder2_1588,0.24773846204650868,0.5730678378682391,0.24787964129264783,0.5739663911013321
900,15.0,feeder2_1628,0.24820783233955993,0.5728784477705743,0.24834976310920473,0.5737772437586914
900,15.0,feeder2_1598,0.24784331175747235,0.5745634794510627,0.247985940015382,0.5754720065978625
900,15.0,feeder2_1816,0.2626835116550683,0.6141003003289505,0.26283837474148625,0.6150176744546718
900,15.0,feeder2_1765,0.2479204251049129,0.5747607462865766,0.24806593678333347,0.5756690444175788
900,15.0,feeder2_1641,0.2463974977437887,0.5701259752817726,0.24654251968354426,0.571070375812362
900,15.0,feeder2_1689,0.24462148985584317,0.5691591255219476,0.24477007845700774,0.570130200732572
900,15.0,feeder2_1744,0.2485542193648676,0.5683133869643581,0.24869658539175865,0.5692603208327146
900,15.0,feeder2_1817,0.24238944083352587,0.5651199739222851,0.24253896671797612,0.5661003646443689
900,15.0,feeder2_1779,0.244638654515287,0.5711695255300323,0.2447861637745863,0.5721473267057943
900,15.0,feeder2_1800,0.24456745698977883,0.5691192984882457,0.24471624389414587,0.570090531537237
900,15.0,feeder2_1818,0.242883508111264,0.5676903863036424,0.24304293215701694,0.5687115243272639
900,15.0,feeder2_1753,0.25278755035235106,0.565156247361904,0.2529298954600518,0.5660977372899247
900,15.0,feeder2_1754,0.24912693788576207,0.5677507674544268,0.2492681967131274,0.5686989741963246
930,15.5,secondary,0.018172184076869668,0.01998266038702481,0.018176439376235178,0.019986954350876652
930,15.5,feeder2_44,0.03381444933170461,0.10420954486287011,0.033822880095039864,0.10423858837155255
930,15.5,feeder2_45,0.034334947207645725,0.1069868462262658,0.03434352319041581,0.10701407791972557
930,15.5,feeder2_46,0.03497760377216362,0.10976531246632082,0.03498734956720199,0.10979272709511335
930,15.5,feeder2_51,0.035240191005172825,0.1118231510018413,0.035251881911456576,0.11184791517158191
930,15.5,feeder2_48,0.03442381779549408,0.10688846619793665,0.034433291613736317,0.10691285842888826
930,15.5,feeder2_52,0.032053791685954625,0.10994656297282032,0.03206640378985642,0.10997343231103467
930,15.5,feeder2_68,0.038006140186811185,0.12629012321386193,0.038014918742704996,0.12632278007600817
930,15.5,feeder2_69,0.038105352122347134,0.12648144104022357,0.038117071972502053,0.12651180819800698
930,15.5,feeder2_71,0.038370816694170855,0.12819955685709103,0.038383261525845876,0.12823170064288628
930,15.5,feeder2_72,0.03847341970911919,0.12808827218176128,0.03848711796136355,0.12811734176344883
930,15.5,feeder2_73,0.03951292822204717,0.13418852207092352,0.03952330447946698,0.1342256605125453
930,15.5,feeder2_74,0.0393818854044995,0.1341090661942416,0.03939663959092494,0.1341381342914114
930,15.5,feeder2_77,0.040496506932676,0.1393431348555188,0.0405118676813994,0.1393750560992648
930,15.5,feeder2_79,0.04056370215869323,0.1394723368337695,0.04057338167910282,0.1395100350202908
930,15.5,feeder2_81,0.04204252164592965,0.14744954915070332,0.04205884913597279,0.1474855115884035
930,15.5,feeder2_82,0.04365693965256856,0.14583270210546925,0.043667092296199306,0.14586955332872079
930,15.5,feeder2_116,0.049034140064754504,0.18520005898467057,0.04904818014621755,0.18524957319154362
930,15.5,feeder2_119,0.047964069917042496,0.18592739632393326,0.04798150436629331,0.18597475734418942
930,15.5,feeder2_120,0.05183909927943041,0.19890004344940448,0.0518529171914786,0.19895482946080947
930,15.5,feeder2_248,0.049935717864384825,0.1991924813535043,0.04995072263811603,0.19924626890951502
930,15.5,feeder2_124,0.05377282485856187,0.20731612738694363,0.05379021988923713,0.20736916586913207
930,15.5,feeder2_282,0.05502008531503991,0.20603257849039575,0.05503534310902553,0.206088732477469
930,15.5,feeder2_275,0.05292205042372727,0.20769048474363105,0.052934716216484164,0.20774774925279463
930,15.5,feeder2_151,0.057351033569262,0.22247247556829725,0.057365818127316455,0.2225314646399843
930,15.5,feeder2_295,0.05847442924475664,0.22444979554039654,0.05848938126973952,0.22451060877043036
930,15.5,feeder2_311,0.0574241396742166,0.22259023921558557,0.05743906966586109,0.22264734794305024
930,15.5,feeder2_201,0.06274342694119495,0.24468384184649955,0.06276592815778946,0.2447460578153993
930,15.5,feeder2_314,0.0627713477033005,0.24465194485862904,0.06278801428044285,0.24471761844454706
930,15.5,feeder2_342,0.07044476849336906,0.2763411627865188,0.07046334131044273,0.27641793600865705
930,15.5,feeder2_368,0.07294801516985702,0.2870831157094105,0.07296751123287117,0.2871583125288416
930,15.5,feeder2_347,0.07030240812496392,0.27201845746448844,0.07032660442821338,0.27209072758836844
930,15.5,feeder2_353,0.07023726529654516,0.2699297862328109,0.07025500469279639,0.27000983502123116
930,15.5,feeder2_518,0.07032672042792384,0.27199263861386835,0.07034775271963412,0.2720651009601608
930,15.5,feeder2_365,0.07017648172791249,0.26769501183970523,0.07019482246585887,0.2677752549540392
930,15.5,feeder2_653,0.07013854522069655,0.26986171847524143,0.0701636821608533,0.26993434217421114
930,15.5,feeder2_377,0.07012371161173207,0.2661667496269758,0.07014398720723854,0.26624253374344625
930,15.5,feeder2_622,0.0697293029364575,0.2688838561879484,0.0697521072809008,0.26895504200917536
930,15.5,feeder2_451,0.0729719641846767,0.28705168534441855,0.07298983810605283,0.2871259821914004
930,15.5,feeder2_383,0.07707510957525633,0.3045108176685524,0.07709583654009178,0.3045877395025572
930,15.5,feeder2_385,0.06992829510968067,0.263730094220597,0.06994821673145987,0.2638101963203041
930,15.5,feeder2_621,0.07134592778919757,0.2682412738770703,0.07136761068090444,0.26831873408298174
930,15.5,feeder2_611,0.07698985145226403,0.30445074696688185,0.07700810702130689,0.3045293290319972
930,15.5,feeder2_405,0.07733705955564106,0.3056049582690648,0.07735985455475683,0.30567891843186074
930,15.5,feeder2_461,0.06974599222648047,0.254391361980158,0.06976936719124165,0.25446971091524445
930,15.5,feeder2_594,0.0686467188678532,0.26372820485326975,0.06866542390820632,0.26380958315371156
930,15.5,feeder2_732,0.07124418997151764,0.3032852436068335,0.0712664459807916,0.303360772286649
930,15.5,feeder2_417,0.07967922979558449,0.31447585516081833,0.07970248893343322,0.3145491501280314
930,15.5,feeder2_663,0.07949904915127912,0.31539277981558145,0.07952308057300653,0.315464597755003
930,15.5,feeder2_444,0.08144773161737191,0.3209147943048956,0.08146761968291864,0.32099456281071787
930,15.5,feeder2_759,0.08194128444172133,0.32010155341862584,0.08196090571603118,0.3201760335793331
930,15.5,feeder2_842,0.08356204230522081,0.32405351060171156,0.08358558070958103,0.3241241443004005
930,15.5,feeder2_459,0.08202911466794241,0.32302573255630834,0.08205521992829602,0.32309829183197103
930,15.5,feeder2_702,0.08396062788977791,0.3206508882232623,0.08398161907335597,0.32072417954416993
930,15.5,feeder2_493,0.084154131927474,0.33189496265460283,0.08417698562052069,0.3319686634981945
930,15.5,feeder2_651,0.07052938038440894,0.2557008032108228,0.07055264718200803,0.255780096097617
930,15.5,feeder2_684,0.06934103205468159,0.24577104979459802,0.06936627530454924,0.2458462731444404
930,15.5,feeder2_674,0.08370585411531703,0.33160766472504793,0.08373063157725077,0.33168137324188013
930,15.5,feeder2_696,0.09087506547144665,0.3590130904028189,0.09089859546005376,0.35908783453165344
930,15.5,feeder2_681,0.08252862044601768,0.3308575777901909,0.08255364966977068,0.3309319520563374
930,15.5,feeder2_682,0.08363282771243294,0.33155674102439625,0.0836572684168792,0.33163178005496824
930,15.5,feeder2_728,0.06895871900303219,0.2448440225046264,0.06897937387300179,0.24492160845465438
930,15.5,feeder2_724,0.06958859850665343,0.23955086643994644,0.06961636103416549,0.2396191314265506
930,15.5,feeder2_703,0.0910040334267798,0.35918911490203603,0.09102207448042611,0.3592677325379249
930,15.5,feeder2_704,0.09810663945919061,0.36918884465559326,0.09813449585517146,0.3692627700667391
930,15.5,feeder2_754,0.06962351540021201,0.23953771178756872,0.06965000747063656,0.23960754252411315
930,15.5,feeder2_747,0.06970674948156683,0.23715821421723637,0.06973313343676626,0.23722640560718267
930,15.5,feeder2_828,0.0679771750457833,0.2441220235962565,0.06800213957246955,0.24419725125287792
930,15.5,feeder2_763,0.06877964619378815,0.24464605847015083,0.06880618915623998,0.24472209679393805
930,15.5,feeder2_836,0.07069525928387954,0.238979507313635,0.07072229957477028,0.23904785952110147
930,15.5,feeder2_758,0.06965834022311419,0.23439147016362055,0.06968270728392123,0.23446425257218761
930,15.5,feeder2_788,0.0710243570533993,0.23309565366468643,0.07104995864862024,0.23316060701187516
930,15.5,feeder2_812,0.06925205817043413,0.2279062366040602,0.06927355835520566,0.2279707494695686
930,15.5,feeder2_947,0.0688456430700471,0.2446119819728517,0.06886726478414276,0.24468714195952443
930,15.5,feeder2_868,0.06952405260114826,0.24402517756804062,0.06954509557892835,0.24410114798883048
930,15.5,feeder2_785,0.06857691407507721,0.2449209091113699,0.06859953839638391,0.2449978518765246
930,15.5,feeder2_1176,0.06754765986770679,0.2479325349486761,0.0675709424051186,0.24800984872264042
930,15.5,feeder2_846,0.06734267538577042,0.24436832471569583,0.06736769091414173,0.244440960069748
930,15.5,feeder2_911,0.06857820923450147,0.24490966554623558,0.06860129645548309,0.24498612118524077
930,15.5,feeder2_1107,0.06861705202246884,0.2281440392018853,0.0686408182810343,0.22820686206787444
930,15.5,feeder2_920,0.06932742006789104,0.22614868365424937,0.06935034893874663,0.22620877566051772
930,15.5,feeder2_926,0.06968611524669753,0.22433426669059472,0.06971211175289592,0.22439335684982029
930,15.5,feeder2_1239,0.06903733291995877,0.2253666684835036,0.06906439076203358,0.22542447922574127
930,15.5,feeder2_933,0.06978481992457689,0.22387667369835476,0.0698096900403259,0.2239306617812485
930,15.5,feeder2_1146,0.06997093646743507,0.22298285738745752,0.06999692791204706,0.2230358238155309
930,15.5,feeder2_1124,0.0698157680917517,0.22392610529947815,0.06984291835169884,0.2239801055038959
930,15.5,feeder2_942,0.07002500466134307,0.2228210936935185,0.0700544718281592,0.22286777735337876
930,15.5,feeder2_952,0.07172039794570774,0.23221735196356552,0.07174964378914002,0.23226063632610103
930,15.5,feeder2_965,0.06985104673706986,0.22143685039420447,0.0698762279324282,0.2214859772502699
930,15.5,feeder2_961,0.0718797330019594,0.23333301628766853,0.07190918522598261,0.2333730605094354
930,15.5,feeder2_963,0.07172550219728153,0.23219868512696076,0.07175314530484561,0.23224289627884886
930,15.5,feeder2_973,0.07273428582517068,0.23931649772339808,0.07276358915602998,0.23935678575874186
930,15.5,feeder2_1128,0.07186900583626032,0.23327480959596888,0.07189163790827145,0.23332185209174855
930,15.5,feeder2_1113,0.07242311304417355,0.23161471412162168,0.0724465817672979,0.23166617801869813
930,15.5,feeder2_1143,0.07171903904994284,0.2325437125384181,0.07174443291439139,0.23259096014515918
930,15.5,feeder2_1238,0.0808691799323134,0.21697499463012396,0.08089058905462365,0.2170133975049138
930,15.5,feeder2_979,0.06954635657028176,0.21992730001163227,0.06957404932757727,0.21997733718457663
930,15.5,feeder2_1236,0.07373378604850897,0.24619275043406313,0.073761132260387,0.24623718486900037
930,15.5,feeder2_989,0.07273679793028609,0.2393356302000959,0.07276319960795857,0.23937931525117098
930,15.5,feeder2_1196,0.06284557494516281,0.2140199806190081,0.0628677568234619,0.21407697295248587
930,15.5,feeder2_1158,0.07307495697823878,0.2417727144995848,0.07310451380174113,0.24181416179205878
930,15.5,feeder2_1122,0.0682562680101921,0.22765669621606952,0.06827782802781433,0.22772108409759304
930,15.5,feeder2_1258,0.06902944083990019,0.2288884455446804,0.06905505595443802,0.2289505248648775
930,15.5,feeder2_1303,0.06892021427982682,0.22755027394624622,0.06894214064822506,0.22761278093136797
930,15.5,feeder2_1138,0.06797778592404159,0.22726843946102707,0.06800393919355949,0.22733052364777612
930,15.5,feeder2_1304,0.06729558865949574,0.22730908283242093,0.06731872639227933,0.22737346068363715
930,15.5,feeder2_1212,0.06759644710426471,0.2265158274502017,0.06761726219412649,0.22658037721667268
930,15.5,feeder2_1311,0.06962167492583445,0.2260975456930753,0.06964494054499941,0.22615600305257458
930,15.5,feeder2_1290,0.06710752541823597,0.2256989938493702,0.06713175385011193,0.22576264253582967
930,15.5,feeder2_1325,0.07466030427844426,0.2522687640832354,0.07468833825136041,0.25230469400984873
930,15.5,feeder2_1248,0.073735498367305,0.24620940471926567,0.07376292267979268,0.2462518996072756
930,15.5,feeder2_1249,0.08393072381572887,0.21581219126234666,0.08395092772409624,0.21584614286036005
930,15.5,feeder2_1250,0.081617712941714,0.21703208281250055,0.08164356194146888,0.21706281883395137
930,15.5,feeder2_1366,0.07304571291931337,0.24804732550944042,0.07307512887502973,0.24808954431473945
930,15.5,feeder2_1266,0.06941279763210145,0.2295738809570692,0.06944056692779223,0.22963644341820977
930,15.5,feeder2_1372,0.0670933907656332,0.22582291789157222,0.06711792852894595,0.22588652103668308
930,15.5,feeder2_1363,0.06662733085374763,0.22466546368202678,0.06665343846806128,0.2247306289971768
930,15.5,feeder2_1446,0.07668210442931049,0.2517405007329369,0.07670945163525318,0.2517734731724733
930,15.5,feeder2_1502,0.07551043252909617,0.2595823151519236,0.07553680790486539,0.2596187833562824
930,15.5,feeder2_1428,0.06654053491553724,0.2245920924436448,0.06656694514426259,0.2246619291337364
930,15.5,feeder2_1380,0.06607302550599614,0.22360553226773192,0.06609696688252267,0.22367648821566263
930,15.5,feeder2_1550,0.06662760301896711,0.2238336630440741,0.06664920902458092,0.22390616243625974
930,15.5,feeder2_1386,0.0658477613434078,0.22293192667447095,0.06586932826860994,0.22301127214013708
930,15.5,feeder2_1551,0.0657333118289899,0.2228366618887912,0.06575192908717493,0.22291314160590373
930,15.5,feeder2_1400,0.06574572720565333,0.22264889131754537,0.06576716640225164,0.22272495246569934
930,15.5,feeder2_1552,0.06267076192312193,0.22106171655787038,0.06269507209589963,0.22114207239588335
930,15.5,feeder2_1408,0.06592184413841543,0.22305736171784368,0.0659459026074522,0.22313089710692713
930,15.5,feeder2_1553,0.0646291686141587,0.2232821836197891,0.06464925527881317,0.22336432688087898
930,15.5,feeder2_1416,0.06612051799343263,0.2232774766322853,0.06614648382231814,0.22335261626809655
930,15.5,feeder2_1530,0.06772704379094052,0.2217703962658301,0.06774918661280845,0.22184509468805794
930,15.5,feeder2_1425,0.066346522897121,0.2244549573399873,0.06637031724020544,0.22452885816271495
930,15.5,feeder2_1589,0.06627305861521299,0.22439715584823197,0.06629785049646494,0.2244724753023075
930,15.5,feeder2_1435,0.06639343999905611,0.2246981839225065,0.06641428736388137,0.22477537755008695
930,15.5,feeder2_1621,0.06771943541268784,0.22746888150252373,0.0677435436001448,0.22754538643172517
930,15.5,feeder2_1564,0.06636932598126928,0.2245822891888785,0.06639331789994157,0.22466199122408315
930,15.5,feeder2_1704,0.07506561995900142,0.26068988487969674,0.07509205821825564,0.2607298622338207
930,15.5,feeder2_1525,0.07571870059623557,0.26104939967553265,0.07575058011567058,0.2610806760391554
930,15.5,feeder2_1716,0.0775834934642843,0.26389236030592994,0.07761647621971943,0.26392561458242375
930,15.5,feeder2_1537,0.07585134194188492,0.26229155675749777,0.07588398006610853,0.2623235317608652
930,15.5,feeder2_1645,0.07565476401694224,0.2621024205521057,0.07568508551188075,0.26213944288580127
930,15.5,feeder2_1561,0.07602173965159656,0.26381489069199876,0.07605320321405064,0.2638457220112811
930,15.5,feeder2_1657,0.07604656441184239,0.2638244152888669,0.07607922296632298,0.2638538183046421
930,15.5,feeder2_1570,0.07609551750175866,0.2644706793451004,0.07612885539140274,0.2645013108005677
930,15.5,feeder2_1756,0.07974643749430921,0.2652477398490095,0.07977426641408522,0.265271193565297
930,15.5,feeder2_1588,0.07616589753050879,0.2649998165282072,0.07619299653508754,0.26503619740502343
930,15.5,feeder2_1628,0.07734052622122059,0.2644895232793354,0.07736659129200481,0.26452640881093314
930,15.5,feeder2_1598,0.07621768088892462,0.26578029338553333,0.07624456406005917,0.26581732043153306
930,15.5,feeder2_1816,0.07929802566903618,0.2716837408019939,0.07932973805160332,0.27171948201307655
930,15.5,feeder2_1765,0.07632656165790798,0.26593967577093847,0.07635381590827889,0.26597372263582797
930,15.5,feeder2_1641,0.0760942753722652,0.2678447580634695,0.07612841279917186,0.2678769242480293
930,15.5,feeder2_1689,0.07601065484507755,0.26936416694951226,0.07604442276013333,0.2694007686969958
930,15.5,feeder2_1744,0.0763890920375954,0.26793535116881645,0.07642407412827582,0.26797054607436704
930,15.5,feeder2_1817,0.07566924503720136,0.26752056115165557,0.07569828668806428,0.2675629998910059
930,15.5,feeder2_1779,0.07684834998167209,0.27010252397180273,0.07687758189587703,0.2701458035017672
930,15.5,feeder2_1800,0.07595628945390343,0.26931183441059175,0.07599075346940175,0.2693513296241392
930,15.5,feeder2_1818,0.07305078366593827,0.27314204188385144,0.07308503418169239,0.2731851420409771
930,15.5,feeder2_1753,0.07728305741918358,0.2682083052860397,0.0773139276628505,0.2682431172387761
930,15.5,feeder2_1754,0.07640422813800395,0.26794085295937947,0.07643460994371674,0.2679755743572765
960,16.0,secondary,0.06722292025275328,0.04945517073002449,0.06719565871141628,0.04941986558931593
960,16.0,feeder2_44,0.12528100487242555,0.2583084173565863,0.12523152632368195,0.25812095636285964
960,16.0,feeder2_45,0.1274596094660971,0.2662965070479319,0.12741145414104865,0.26610816897302936
960,16.0,feeder2_46,0.1240770854613499,0.2600389868425777,0.12402976141346364,0.2598532117191531
960,16.0,feeder2_51,0.13114997158871963,0.2803481216133351,0.1310990597071688,0.2801456707017719
960,16.0,feeder2_48,0.1295086801884961,0.2649032093088539,0.12945836129047533,0.264714972386385
960,16.0,feeder2_52,0.13101413107226945,0.2801150567167127,0.130964593637199,0.27991790324388727
960,16.0,feeder2_68,0.1416061016516082,0.320049684069064,0.14155294314297995,0.3198185837433554
960,16.0,feeder2_69,0.14098365175501204,0.3209946211247712,0.1409278459587863,0.32076580862784004
960,16.0,feeder2_71,0.142992316561288,0.32527630177422623,0.14293738325537908,0.3250425998331335
960,16.0,feeder2_72,0.14529015801994716,0.3265669908094457,0.14523498280255037,0.3263382000408756
960,16.0,feeder2_73,0.14728891790138818,0.3414573127639844,0.14723106451478626,0.3412149490781624
960,16.0,feeder2_74,0.14774215818026,0.3403255911025389,0.147686716146661,0.3400795687558654
960,16.0,feeder2_77,0.15100013142795807,0.3555478424435003,0.15094171532361303,0.35529268572510253
960,16.0,feeder2_79,0.15096223838051367,0.35560733079685536,0.15090456218094692,0.35535879990338864
960,16.0,feeder2_81,0.15687925113802853,0.3778230867093575,0.15681952367873833,0.3775572553899706
960,16.0,feeder2_82,0.1569423266803842,0.37786170232029437,0.15688447968586908,0.37759319170477545
960,16.0,feeder2_116,0.1834260021948891,0.47791409569606635,0.1833576752745071,0.4775768948632663
960,16.0,feeder2_119,0.18338333197356918,0.4778454650857288,0.1833116727342015,0.4775082511792391
960,16.0,feeder2_120,0.19333091149154136,0.5151022214851093,0.1932566621925293,0.514734030017819
960,16.0,feeder2_248,0.1917356752789194,0.5126604051182543,0.19166069320425866,0.5122982047972385
960,16.0,feeder2_124,0.19963526692107014,0.5389701881963598,0.1995569064161892,0.5385839487064054
960,16.0,feeder2_282,0.21862916614570405,0.5501639525604568,0.2185541669627924,0.5497919065214885
960,16.0,feeder2_275,0.19954687227245085,0.5388449965920502,0.19946891888879695,0.5384599007464307
960,16.0,feeder2_151,0.2087726044281538,0.5730867076512947,0.20868931548835057,0.5726681041505096
960,16.0,feeder2_295,0.20547186545590812,0.579766291063708,0.20538929345962484,0.5793440738892099
960,16.0,feeder2_311,0.20874952792348228,0.5731348453253724,0.20866984815833814,0.5727173300421669
960,16.0,feeder2_201,0.22299682574950896,0.6219454697546789,0.22290935573126297,0.6214873579161324
960,16.0,feeder2_314,0.223678049847654,0.6216949489441159,0.22358896050858496,0.6212309200225266
960,16.0,feeder2_342,0.24285776565751935,0.6918537080686973,0.2427595030781375,0.6913259657757568
960,16.0,feeder2_368,0.2425674264540204,0.6941119833821586,0.24246715760706342,0.6935793444128486
960,16.0,feeder2_347,0.25252627039343895,0.7223542321564598,0.2524250643284581,0.7218045709715109
960,16.0,feeder2_353,0.2573350536059485,0.737646751133363,0.25722819288169646,0.7370863851012248
960,16.0,feeder2_518,0.25260485341163424,0.722410915210981,0.25249885059953336,0.7218622834633728
960,16.0,feeder2_365,0.26268177283267735,0.7547642755111683,0.2625732510138926,0.7541898397626
960,16.0,feeder2_653,0.25726133107021554,0.7375428282801822,0.25715387210316976,0.7369839653727701
960,16.0,feeder2_377,0.26558570380252006,0.7641007826735564,0.26547342175471944,0.7635243508553294
960,16.0,feeder2_622,0.26267412801809153,0.7547779383708207,0.262563937945012,0.7542046428263156
960,16.0,feeder2_451,0.24265574778480295,0.6941739778017989,0.24255749891499145,0.6936427576780628
960,16.0,feeder2_383,0.2421086043102609,0.697849790789138,0.24200896443700193,0.6973093001023282
960,16.0,feeder2_385,0.26866031168815824,0.7734008065654201,0.2685458888129666,0.7728224240659066
960,16.0,feeder2_621,0.2622623366504752,0.7700700127244049,0.2621529305607629,0.769483560494721
960,16.0,feeder2_611,0.24225282370131915,0.6969174291325401,0.2421537046452348,0.6963796779494804
960,16.0,feeder2_405,0.24208576681383057,0.6981429380800067,0.2419880762741249,0.6976020437976558
960,16.0,feeder2_461,0.28177246263404665,0.8151191135158466,0.2816523455115489,0.8145196751793458
960,16.0,feeder2_594,0.2675720868216096,0.7718227871757625,0.26745947001768267,0.7712412830575578
960,16.0,feeder2_732,0.23853852916523424,0.6933176824914398,0.23843720499519913,0.6927825049886392
960,16.0,feeder2_417,0.242189864078795,0.701413929936489,0.24208959526083104,0.70087763180289
960,16.0,feeder2_663,0.23965668561153688,0.7045290019824811,0.23955927490779635,0.7039867432239787
960,16.0,feeder2_444,0.24243093933413157,0.703003538799688,0.2423338163439324,0.7024655548485568
960,16.0,feeder2_759,0.24258558287702064,0.7031064719741986,0.24248443434115063,0.7025647598805174
960,16.0,feeder2_842,0.24201475398291555,0.7040609826649683,0.241916099449243,0.703518176481912
960,16.0,feeder2_459,0.24250871463216572,0.7035051816536848,0.2424117246061635,0.702965281405131
960,16.0,feeder2_702,0.2458604766636136,0.7044323765150001,0.2457611782517243,0.7038933374190262
960,16.0,feeder2_493,0.2424504352031222,0.7049615903692559,0.24235040372517,0.7044159727669631
960,16.0,feeder2_651,0.2786293560947796,0.8194545033644504,0.2785090263020956,0.818848352911431
960,16.0,feeder2_684,0.29184539407207377,0.8474804080874185,0.29172225958437487,0.8468846246068896
960,16.0,feeder2_674,0.2421866230644425,0.7043939848481796,0.24208750990995387,0.703845870403412
960,16.0,feeder2_696,0.24285194009897237,0.7119446890351714,0.2427530417267673,0.7113869402642425
960,16.0,feeder2_681,0.24141487121130023,0.7032967793046958,0.24131606599662336,0.7027543021340535
960,16.0,feeder2_682,0.24226813892342822,0.7037057580914883,0.24216878120285598,0.7031603465763872
960,16.0,feeder2_728,0.2901151757142337,0.8405067386833698,0.2899912958925284,0.8399143722938831
960,16.0,feeder2_724,0.3056609426082995,0.8986158410324021,0.3055305339056322,0.8980178623840445
960,16.0,feeder2_703,0.24282830417509377,0.7120252610690522,0.2427284901924936,0.7114658139869103
960,16.0,feeder2_704,0.24164649515924247,0.7150558094828545,0.2415489302747964,0.71449585395848
960,16.0,feeder2_754,0.3067207823284686,0.8984769845590749,0.30658976347544814,0.897883441825087
960,16.0,feeder2_747,0.3111691932521113,0.9199084366386392,0.31103607236368525,0.9193134048573673
960,16.0,feeder2_828,0.285545456439198,0.8334496256767518,0.28542063145775276,0.8328587813838079
960,16.0,feeder2_763,0.29014483262971064,0.8405556505322318,0.29001772491879824,0.8399671872721423
960,16.0,feeder2_836,0.31065480793536865,0.9202780551960191,0.3105194724105765,0.9196778488258571
960,16.0,feeder2_758,0.31588151493768396,0.9383102709820151,0.31574334599121545,0.9377142565880915
960,16.0,feeder2_788,0.31906664270086293,0.9398885079751196,0.31893185889394904,0.9392954019150082
960,16.0,feeder2_812,0.3296095276473042,0.9934239838928,0.3294674064140949,0.9928233912020902
960,16.0,feeder2_947,0.29032391825038445,0.8407033966718596,0.29020077259737387,0.840108456385385
960,16.0,feeder2_868,0.29051771059506026,0.840844732787259,0.2903923834627206,0.8402522965918008
960,16.0,feeder2_785,0.290088019465472,0.8403327807242688,0.2899619759932129,0.8397411526214433
960,16.0,feeder2_1176,0.29004028921652264,0.8403775204357955,0.2899157784013809,0.8397840600324301
960,16.0,feeder2_846,0.28975548784107735,0.8398502473684911,0.28962806178719047,0.8392560353437403
960,16.0,feeder2_911,0.29011188306059893,0.8404176887401958,0.2899844817228367,0.8398256505930871
960,16.0,feeder2_1107,0.3373277405706211,1.0213726893466217,0.3371855909678605,1.020796504942683
960,16.0,feeder2_920,0.3313517108746842,1.0014298374063402,0.33120782024636997,1.0008197791974065
960,16.0,feeder2_926,0.3340144004634346,1.0136578844841186,0.33386908685987066,1.0130382709273975
960,16.0,feeder2_1239,0.3312733706699274,1.001078935765749,0.3311294322552978,1.0004696304688507
960,16.0,feeder2_933,0.3351383771074431,1.0190504013222714,0.3349897263852718,1.0184237018132003
960,16.0,feeder2_1146,0.33427336619732484,1.0137597319627827,0.33412531971035037,1.0131364861616239
960,16.0,feeder2_1124,0.3351240411763682,1.0190556686180912,0.3349775550872448,1.018425279097527
960,16.0,feeder2_942,0.3379810808087006,1.0327033141085828,0.337831408508099,1.0320641988923864
960,16.0,feeder2_952,0.34063271024919284,1.0470408922387509,0.34047504180927085,1.046367720815678
960,16.0,feeder2_965,0.3381822125983249,1.0334652833269307,0.3380315671765223,1.0328284457679904
960,16.0,feeder2_961,0.34086395153950816,1.0484083049105095,0.3407092065685798,1.0477338880738118
960,16.0,feeder2_963,0.3406446933921658,1.0470812281584765,0.34049036881375366,1.0464083229402874
960,16.0,feeder2_973,0.3421280845562943,1.0561384051447524,0.34197228779781697,1.0554427057311295
960,16.0,feeder2_1128,0.3408098922109282,1.0476648327048173,0.34065426453731323,1.0469905496125047
960,16.0,feeder2_1113,0.3410356302595241,1.047072909153855,0.3408810622959388,1.0464010514289805
960,16.0,feeder2_1143,0.34114829959525494,1.049782082405599,0.3409897659020022,1.0491132352658492
960,16.0,feeder2_1238,0.36713020223079157,1.055290856603484,0.3669789719866434,1.054673114482858
960,16.0,feeder2_979,0.3380176141490003,1.0325553399993248,0.3378695607437452,1.0319124224702645
960,16.0,feeder2_1236,0.34393271381934065,1.0675929003957993,0.3437709696837976,1.0668747882644884
960,16.0,feeder2_989,0.3421289113123272,1.0561398719860269,0.3419709937579403,1.0554473875433543
960,16.0,feeder2_1196,0.3363341234940785,1.028740774012459,0.3361836990967677,1.0280994738399563
960,16.0,feeder2_1158,0.34143628538870746,1.0565555675819427,0.34127994920758403,1.0558573247571943
960,16.0,feeder2_1122,0.34032376510911116,1.0324586060108492,0.340181930554097,1.0318902539195542
960,16.0,feeder2_1258,0.3370021059217467,1.0215128870871,0.33686037716284384,1.0209308569009197
960,16.0,feeder2_1303,0.3419146899245092,1.0337980184480973,0.3417732034503408,1.0332358039227603
960,16.0,feeder2_1138,0.3425969702855371,1.0407937862159136,0.34245730435811866,1.040236397970017
960,16.0,feeder2_1304,0.34256800005571714,1.0407506602972258,0.3424305801636039,1.0401941680379887
960,16.0,feeder2_1212,0.34743901813653294,1.058732586591697,0.34729975517459805,1.0581889745584518
960,16.0,feeder2_1311,0.3635309106919188,1.0723269287391188,0.363391731914743,1.0717901968826014
960,16.0,feeder2_1290,0.3511032301700869,1.0694211712370405,0.35096276742863214,1.0688900224911246
960,16.0,feeder2_1325,0.34642280855923846,1.0823523063426999,0.3462536793067991,1.0816026469753155
960,16.0,feeder2_1248,0.34392521120957814,1.067599060995563,0.3437621461163726,1.0668817109505573
960,16.0,feeder2_1249,0.36837711106288545,1.0557901372300478,0.36822914979899846,1.0551676100071736
960,16.0,feeder2_1250,0.3844407346755605,1.0696085888810125,0.3842909489235906,1.068993688539006
960,16.0,feeder2_1366,0.3438840514270554,1.0676243565290138,0.3437211995512588,1.0669048936081578
960,16.0,feeder2_1266,0.33669742272742387,1.0216484442209486,0.33655809784750335,1.0210716342689734
960,16.0,feeder2_1372,0.3667025013887466,1.0805510024337868,0.3665625506725002,1.080031880286129
960,16.0,feeder2_1363,0.3506232996152498,1.0639757740239748,0.3504836758004423,1.0634476541650908
960,16.0,feeder2_1446,0.3485736551191414,1.084174247979433,0.34840678557390686,1.083426700321744
960,16.0,feeder2_1502,0.34877946740980925,1.096516219974988,0.34860299561614483,1.095726017249388
960,16.0,feeder2_1428,0.3509888473624016,1.0627548524281816,0.350850248531374,1.0622230146784306
960,16.0,feeder2_1380,0.3501583122284678,1.0594251078542465,0.3500168565530171,1.0588981658444387
960,16.0,feeder2_1550,0.35158945109978973,1.0609231546387785,0.35145112994157685,1.0603966101778333
960,16.0,feeder2_1386,0.3498254984242972,1.056432404757837,0.3496879369426898,1.0559098494747572
960,16.0,feeder2_1551,0.3501042097256588,1.0553635518318858,0.3499641694655268,1.0548365795449746
960,16.0,feeder2_1400,0.3496836717745948,1.055269661580459,0.34954591692892945,1.0547444193128004
960,16.0,feeder2_1552,0.34768499193994085,1.0522081630799474,0.34754266704923253,1.0516865158208732
960,16.0,feeder2_1408,0.3497329134945731,1.0543806979231622,0.34959373941093147,1.0538538175889915
960,16.0,feeder2_1553,0.349647694069628,1.0542650871320784,0.34950616185318106,1.0537405832053444
960,16.0,feeder2_1416,0.3497646073844324,1.0539427247419613,0.34962691740478646,1.0534213992207175
960,16.0,feeder2_1530,0.35118133779327143,1.0540619338564805,0.3510405500515438,1.0535386217318965
960,16.0,feeder2_1425,0.349602026717555,1.0529524138070585,0.3494613595718626,1.052424192990441
960,16.0,feeder2_1589,0.3482666387353329,1.051021931310534,0.34812596142565516,1.0504978912592167
960,16.0,feeder2_1435,0.34961054818551385,1.0529301491000567,0.3494696102422918,1.052402526696556
960,16.0,feeder2_1621,0.34858858339893317,1.053108255490213,0.3484497446866187,1.0525800859312329
960,16.0,feeder2_1564,0.3495834573055495,1.0528180188374936,0.3494460408495084,1.0522913689358844
960,16.0,feeder2_1704,0.34713973435524287,1.0980281853039067,0.34696669307296535,1.0972367503867657
960,16.0,feeder2_1525,0.3494183439486702,1.099705067654393,0.34924161150722793,1.098908436545786
960,16.0,feeder2_1716,0.34854669749562905,1.1003367891367628,0.34837091257656383,1.0995326063388724
960,16.0,feeder2_1537,0.35010935928750847,1.1032277578742442,0.3499341357026559,1.1024214417773623
960,16.0,feeder2_1645,0.3497597984220555,1.1015774548422463,0.34958253459500516,1.1007691269322872
960,16.0,feeder2_1561,0.3510272725281251,1.1081629725024453,0.35084688573929973,1.1073416522416204
960,16.0,feeder2_1657,0.3516999933995262,1.108091218927782,0.3515173624657589,1.107268803900577
960,16.0,feeder2_1570,0.3513770558792938,1.1102917024517096,0.3511966282133664,1.1094648646628302
960,16.0,feeder2_1756,0.38191490431640507,1.133994530522125,0.3817327510040175,1.133189784568294
960,16.0,feeder2_1588,0.35137456588846216,1.1106729413834155,0.35119472798979,1.109838740709253
960,16.0,feeder2_1628,0.35176604345722673,1.1109952582176366,0.351583643254705,1.1101667224416556
960,16.0,feeder2_1598,0.35135405236272466,1.1110622300138648,0.3511689661261707,1.1102218833602373
960,16.0,feeder2_1816,0.34691473333371625,1.1151736350537307,0.3467302135398516,1.1143275467509393
960,16.0,feeder2_1765,0.3513067082983084,1.1110952318970029,0.35112425850010914,1.110252015476298
960,16.0,feeder2_1641,0.3512597317438263,1.1120512780738923,0.35106932839884,1.1111794383034106
960,16.0,feeder2_1689,0.3509920146777189,1.1119695851015072,0.35079762145046617,1.111064265111771
960,16.0,feeder2_1744,0.35202101441889583,1.112648117635809,0.35183193135052937,1.1117745645610986
960,16.0,feeder2_1817,0.3509738641978119,1.111888333150924,0.3507793853721355,1.1109853538388135
960,16.0,feeder2_1779,0.3509374843335263,1.1119773831237094,0.3507455208083764,1.1110670214685665
960,16.0,feeder2_1800,0.3509536318757069,1.1119154286454354,0.35076236166736846,1.1110105596204631
960,16.0,feeder2_1818,0.3381438386851369,1.109459313991174,0.337917539886569,1.1084883548799667
960,16.0,feeder2_1753,0.3542863079093268,1.1144160347874608,0.3540993167795272,1.113543278694959
960,16.0,feeder2_1754,0.3520551241465298,1.1126769075465137,0.351866869196226,1.1118061867616535
990,16.5,secondary,0.04275482221224109,0.05269263363977037,0.04275192488299641,0.05268819464969715
990,16.5,feeder2_44,0.07964930567771138,0.2751096313036216,0.07964950004052442,0.2750782353730206
990,16.5,feeder2_45,0.08098349281654274,0.28344474425092936,0.08098302068760009,0.283412291753738
990,16.5,feeder2_46,0.08015675537193587,0.2781540271983963,0.08015717971284655,0.2781242968216709
990,16.5,feeder2_51,0.08330611547558245,0.2979479091349997,0.08330350111038444,0.2979179930871859
990,16.5,feeder2_48,0.08105711333127341,0.28328241262970455,0.08105313874832859,0.28325325456422773
990,16.5,feeder2_52,0.0781035121646226,0.301984887273536,0.07809780373136932,0.30195877200393506
990,16.5,feeder2_68,0.09041429517983826,0.3376328082128572,0.09041391273691107,0.3375949392877866
990,16.5,feeder2_69,0.09235098517831994,0.34082696824894465,0.09234788292084521,0.3407903119692822
990,16.5,feeder2_71,0.09132470762697528,0.3427292390281013,0.09131974510014061,0.342693394703853
990,16.5,feeder2_72,0.09304074424873683,0.33919263717819526,0.09303465524800064,0.3391551000411195
990,16.5,feeder2_73,0.09419545059175526,0.3590733537559678,0.09419467404669662,0.3590330408531004
990,16.5,feeder2_74,0.09106329925539071,0.3618231972271458,0.09105944617512525,0.3617856516323207
990,16.5,feeder2_77,0.09680509173284793,0.3727406672587959,0.09680508956227155,0.3726963665344413
990,16.5,feeder2_79,0.09626228392365295,0.37332126900136126,0.09626315575647716,0.3732779972200674
990,16.5,feeder2_81,0.10089043808386726,0.39405609518721196,0.1008873029870236,0.3940135875289485
990,16.5,feeder2_82,0.10202416340268342,0.39169590220837586,0.10201826617448703,0.39165155091458864
990,16.5,feeder2_116,0.11941770821557929,0.4920652638164668,0.11941076429924503,0.4920164498935191
990,16.5,feeder2_119,0.1191785902332786,0.49202433545018304,0.11917488395648654,0.4919703088220367
990,16.5,feeder2_120,0.12634107831896518,0.5284450997022854,0.12634149603249553,0.5283889841506738
990,16.5,feeder2_248,0.12429242672488498,0.5280263333453432,0.12428885959583619,0.5279681920511206
990,16.5,feeder2_124,0.1307422635399001,0.5510859967933104,0.13073550585633023,0.5510274659075258
990,16.5,feeder2_282,0.13192409823145856,0.5481251301870216,0.13191657884114974,0.5480683264298782
990,16.5,feeder2_275,0.13062596017117378,0.5510528864702731,0.13062424775510462,0.5509919063230612
990,16.5,feeder2_151,0.13854930919006636,0.5922106550943315,0.13854965040745906,0.5921447152906328
990,16.5,feeder2_295,0.14037963870669135,0.5948511462779745,0.1403815544496567,0.5947840678066405
990,16.5,feeder2_311,0.13863220790520764,0.5923272752983458,0.1386250481593528,0.592264842329375
990,16.5,feeder2_201,0.1507285993017845,0.6565185761211196,0.15072355663237286,0.6564512731562668
990,16.5,feeder2_314,0.15279136538727472,0.654291824837143,0.15278424560050333,0.654222047238184
990,16.5,feeder2_342,0.16745932360529303,0.7525344095219224,0.16745664884383363,0.7524534251483488
990,16.5,feeder2_368,0.1694008758800453,0.7551191443767462,0.16939263345454508,0.7550407564917991
990,16.5,feeder2_347,0.17300056533209462,0.7948672504000702,0.17299500228780132,0.7947829953555887
990,16.5,feeder2_353,0.1757729539010198,0.8159684874081471,0.17576383874596105,0.8158835597567424
990,16.5,feeder2_518,0.17301508959833412,0.7948086341337963,0.1730130003579182,0.7947208089197966
990,16.5,feeder2_365,0.17886360886914046,0.8393934764373455,0.17885975872958196,0.8393027513231979
990,16.5,feeder2_653,0.1756771255938782,0.8159427086002952,0.17567608458131814,0.8158539794702491
990,16.5,feeder2_377,0.1805104817978747,0.8519450862827583,0.18050105280809658,0.8518602180838241
990,16.5,feeder2_622,0.17865083930339332,0.8399227429300098,0.178644509982218,0.8398350329999236
990,16.5,feeder2_451,0.16941798477428974,0.7550530174840584,0.16940837425517408,0.754977409621909
990,16.5,feeder2_383,0.17254540886610842,0.7593501837492714,0.1725402982853619,0.7592708426840643
990,16.5,feeder2_385,0.1822068579349581,0.8654267059627697,0.18219795189114393,0.8653381336230426
990,16.5,feeder2_621,0.18258721331938013,0.8547685111996992,0.18258188169397474,0.8546767993383575
990,16.5,feeder2_611,0.1724609680912424,0.7593233365946641,0.17245472407799997,0.7592478546038111
990,16.5,feeder2_405,0.1727430586393451,0.7596165438212608,0.17273827648731793,0.7595355107800041
990,16.5,feeder2_461,0.18945636433920018,0.9209437583285093,0.18945188880544547,0.9208415994251996
990,16.5,feeder2_594,0.1809026049554036,0.8651130695665091,0.1809016509415493,0.8650186287149354
990,16.5,feeder2_732,0.16888695177975466,0.7587627800610075,0.16887960427839555,0.7586860640238583
990,16.5,feeder2_417,0.17443796375723447,0.7618915750506338,0.17442923216637599,0.76181426913042
990,16.5,feeder2_663,0.1757160800072967,0.7636436781841136,0.17571568036129756,0.7635613668711428
990,16.5,feeder2_444,0.1755878015785826,0.76307573647257,0.17558725732716376,0.7629908176929543
990,16.5,feeder2_759,0.1796760365611092,0.7579350446077117,0.17967365697063795,0.7578537679898791
990,16.5,feeder2_842,0.17796989828563523,0.766638432700646,0.17796912455294472,0.7665555268989002
990,16.5,feeder2_459,0.17588428525178024,0.7636023869417434,0.17588028048875903,0.7635210354816201
990,16.5,feeder2_702,0.181263391876797,0.7558761656137952,0.18125466037212234,0.7557966841359697
990,16.5,feeder2_493,0.17664770285215697,0.7686000831887144,0.17664555946216132,0.768519532152778
990,16.5,feeder2_651,0.19022058073010897,0.9221277494527805,0.19021960738205124,0.9220275642418377
990,16.5,feeder2_684,0.1950780826556101,0.9647170545430606,0.19507516839993927,0.9646119662247793
990,16.5,feeder2_674,0.17556036108449558,0.7687702633508852,0.1755546515126216,0.7686892533303878
990,16.5,feeder2_696,0.18020110259891917,0.7827698372729672,0.18019758023515503,0.7826897091789244
990,16.5,feeder2_681,0.17396635832049387,0.7683225698174916,0.17396492938903038,0.7682405088471882
990,16.5,feeder2_682,0.17347866659894579,0.7701598017940536,0.17347172273851608,0.7700824187571552
990,16.5,feeder2_728,0.19476204556075477,0.9626225830645035,0.19475260369776973,0.9625233396429256
990,16.5,feeder2_724,0.20138974329670453,1.01439754474523,0.20138031461859807,1.0142884154648346
990,16.5,feeder2_703,0.18032890723674008,0.7829441031686025,0.1803271009841293,0.7828609625235676
990,16.5,feeder2_704,0.18385846962687788,0.7879083112329611,0.18385510737899288,0.7878282698194877
990,16.5,feeder2_754,0.2014020388938932,1.0143345058415236,0.20140049253247802,1.014222810872771
990,16.5,feeder2_747,0.20397364079782215,1.0347209383298428,0.2039693379993801,1.0346091164520408
990,16.5,feeder2_828,0.19347327573449585,0.9622791179871297,0.19347175803560285,0.9621739455701608
990,16.5,feeder2_763,0.19475055584899592,0.9602325362237735,0.19474169253686427,0.9601320496288066
990,16.5,feeder2_836,0.2048518609118683,1.0358757636470743,0.2048447894334182,1.0357620755314212
990,16.5,feeder2_758,0.20608919297401326,1.051687318209091,0.20608200125408954,1.0515714848144948
990,16.5,feeder2_788,0.20650682366103504,1.0501920734146843,0.20649992878021642,1.0500755950957041
990,16.5,feeder2_812,0.21278314544301583,1.1056683125065665,0.21277218634905937,1.105551253506116
990,16.5,feeder2_947,0.1947765357980518,0.9601026352677136,0.194771961511197,0.9599982434555706
990,16.5,feeder2_868,0.19494122005110742,0.9595318472922707,0.19493947288882277,0.9594259543436512
990,16.5,feeder2_785,0.19476955693794382,0.959284761551751,0.19476401075855385,0.9591801255349459
990,16.5,feeder2_1176,0.19493778751075086,0.9595040334029187,0.19493438548353237,0.9594004409335423
990,16.5,feeder2_846,0.19367306015721145,0.9590061561688685,0.19366680982193835,0.9589024391197503
990,16.5,feeder2_911,0.19511204970898208,0.9575645121632009,0.19510304116309762,0.9574615305948511
990,16.5,feeder2_1107,0.2059975479100534,1.0813100018182227,0.20598728890154344,1.08119534014668
990,16.5,feeder2_920,0.21653389347284363,1.127597378558188,0.2165287618664284,1.127470040731657
990,16.5,feeder2_926,0.22219598716552974,1.1605277098695488,0.22219123509990826,1.1603948163099138
990,16.5,feeder2_1239,0.21644847285551633,1.1273905048549244,0.216445273055455,1.1272640124663627
990,16.5,feeder2_933,0.22470493771606703,1.1751501336928185,0.22470188590082227,1.1750155958382
990,16.5,feeder2_1146,0.2221863900424319,1.1604591485416613,0.22218435002791084,1.1603268690995836
990,16.5,feeder2_1124,0.22475043116597726,1.1752084647546859,0.2247383664043256,1.1750766934144399
990,16.5,feeder2_942,0.23104580188348856,1.212187368498886,0.23104319027303427,1.2120438412261958
990,16.5,feeder2_952,0.24092474411661394,1.2686254821973215,0.24091445690643992,1.2684800350229892
990,16.5,feeder2_965,0.2309784096354857,1.2119750184920488,0.23097511064232948,1.2118318874864138
990,16.5,feeder2_961,0.24199360120571894,1.2747405365002453,0.24198838737551653,1.274593546031434
990,16.5,feeder2_963,0.24092440088760805,1.2686231490150803,0.24091424541882517,1.2684781063721375
990,16.5,feeder2_973,0.24791194567602054,1.306825356012173,0.24790900551613934,1.3066684661374803
990,16.5,feeder2_1128,0.24158944560400017,1.2755478678120344,0.2415839901476445,1.275399872436665
990,16.5,feeder2_1113,0.24092973910707563,1.2685917975371628,0.2409182457529036,1.2684478648475752
990,16.5,feeder2_1143,0.2409129168557199,1.2685453872688142,0.2409084132060239,1.2683939769773909
990,16.5,feeder2_1238,0.23205643589402364,1.2069948495043572,0.23204815687193658,1.2068517418658897
990,16.5,feeder2_979,0.23094056856063322,1.2120699327919875,0.23093523956995107,1.2119317425490916
990,16.5,feeder2_1236,0.2561524374816849,1.3519411261136565,0.2561468647370106,1.351781272692991
990,16.5,feeder2_989,0.24791738315072537,1.3068515779968974,0.24791177426381716,1.3066995725398605
990,16.5,feeder2_1196,0.23032787771523366,1.2125256827934738,0.23032133084356018,1.2123885432872903
990,16.5,feeder2_1158,0.25029041753708986,1.3100926160803104,0.25028656753717765,1.3099379130559283
990,16.5,feeder2_1122,0.20310828678953693,1.0707698892965836,0.20310467668853507,1.0706534580011888
990,16.5,feeder2_1258,0.20708522943504956,1.0827431304187412,0.20707927054758904,1.0826273190605225
990,16.5,feeder2_1303,0.20359260941240753,1.0688651203636261,0.20358293678857697,1.0687571174017882
990,16.5,feeder2_1138,0.20089489762295804,1.0631509467437024,0.20088906567246795,1.063043215848375
990,16.5,feeder2_1304,0.20073055886353414,1.0631160094582093,0.20072281378380563,1.0630110724214774
990,16.5,feeder2_1212,0.1962349899547585,1.0472702066608823,0.1962287159136588,1.0471662096242527
990,16.5,feeder2_1311,0.19728977070067366,1.044382399577701,0.19728469626374964,1.0442781902498617
990,16.5,feeder2_1290,0.19061722302811956,1.0303382578793918,0.190612043857038,1.030241368445258
990,16.5,feeder2_1325,0.26467886117470935,1.4005061651671047,0.2646720576605031,1.4003389636457313
990,16.5,feeder2_1248,0.25619534376791847,1.3520028485311661,0.2561908557906888,1.351841696280721
990,16.5,feeder2_1249,0.2321065949375048,1.2065733043241058,0.23209531807107472,1.2064317530510917
990,16.5,feeder2_1250,0.23279524576178492,1.2045299315623637,0.23278506292329246,1.2043889820627671
990,16.5,feeder2_1366,0.25613771737442365,1.3528766068304316,0.2561274992431555,1.3527192652997848
990,16.5,feeder2_1266,0.20808282920469728,1.0840628859241899,0.208076589748166,1.0839450522597274
990,16.5,feeder2_1372,0.19190901229568388,1.0285731549166583,0.1919004076034948,1.0284780624273788
990,16.5,feeder2_1363,0.18444943367615826,1.0152776292053458,0.18444266084604474,1.0151930221956362
990,16.5,feeder2_1446,0.265030761584088,1.3991773151158384,0.2650207175884261,1.3990131748868377
990,16.5,feeder2_1502,0.27444507683129343,1.4567805383826786,0.27443690749556104,1.4566040456827931
990,16.5,feeder2_1428,0.18436968599424777,1.0152612438326847,0.18436955371020666,1.0151725072647408
990,16.5,feeder2_1380,0.17702939599101555,0.9978863843785225,0.17702991615153213,0.9978068945260014
990,16.5,feeder2_1550,0.17971585405989915,0.9847589920754052,0.17970994979210145,0.984677500006618
990,16.5,feeder2_1386,0.17413654596375297,0.9960970523599812,0.17413614941315128,0.9960255967742727
990,16.5,feeder2_1551,0.17156942468478448,0.9984582441499402,0.17156421477671072,0.9983903737155747
990,16.5,feeder2_1400,0.1729327124558449,0.9948956418124346,0.17292957951879923,0.994828546267523
990,16.5,feeder2_1552,0.16864752698023563,0.9947031827575633,0.16864234693909358,0.9946407619583163
990,16.5,feeder2_1408,0.17079039821432024,0.9929958872590546,0.17078557974083927,0.9929374213476604
990,16.5,feeder2_1553,0.16975730650005308,0.9927142310111449,0.16976009304248596,0.9926520493447978
990,16.5,feeder2_1416,0.16971902525452745,0.9922101346365952,0.16971548190370192,0.9921549715537434
990,16.5,feeder2_1530,0.16972113524976118,0.9921096420869276,0.16972239505087944,0.992050847179772
990,16.5,feeder2_1425,0.16771770030982375,0.9909665979004383,0.1677162926920699,0.9909166088099037
990,16.5,feeder2_1589,0.13835345017552875,0.9925052678301469,0.13835598663722393,0.9924676863581222
990,16.5,feeder2_1435,0.16771916638844886,0.9909759902426549,0.16771618017393247,0.990924723415597
990,16.5,feeder2_1621,0.1678285540923996,0.9910971686500722,0.1678267980411743,0.9910480351127707
990,16.5,feeder2_1564,0.16770577833190162,0.9909471989096046,0.16770231428723134,0.9908982860338389
990,16.5,feeder2_1704,0.27567270033053715,1.4584382672354295,0.2756616977213485,1.458264976460086
990,16.5,feeder2_1525,0.2768299591156464,1.4706522948873115,0.27681904290681597,1.4704743913891294
990,16.5,feeder2_1716,0.27796890820158465,1.4745144209227699,0.27796285835286777,1.4743322101246723
990,16.5,feeder2_1537,0.2793682299933882,1.4855276100335155,0.27935852983311593,1.4853439886042372
990,16.5,feeder2_1645,0.2785347272125577,1.486152187938105,0.2785229895960858,1.4859715533096425
990,16.5,feeder2_1561,0.28236546146912467,1.502087438009161,0.28235423313926944,1.5019052862519828
990,16.5,feeder2_1657,0.2823713530733978,1.502051070622223,0.282363674621784,1.501865356409051
990,16.5,feeder2_1570,0.2836599881843953,1.5092425930472457,0.2836496212913171,1.5090576214816274
990,16.5,feeder2_1756,0.28566723884038797,1.5042719147665613,0.28565966196687004,1.5040824868925577
990,16.5,feeder2_1588,0.2848885122751941,1.516226704716586,0.28488080251564285,1.5160401061479067
990,16.5,feeder2_1628,0.28500845962800986,1.515772840798869,0.2850010903528076,1.5155884468654408
990,16.5,feeder2_1598,0.28645428830954306,1.5251687454953697,0.2864461230344067,1.5249805555486526
990,16.5,feeder2_1816,0.3148895034891086,1.5625331083012708,0.3148924754225044,1.562338519483932
990,16.5,feeder2_1765,0.28661629262853516,1.5253784107676172,0.28661050837346885,1.5251901355178086
990,16.5,feeder2_1641,0.29173605535072744,1.5574284385876958,0.29172927290723977,1.5572346983670156
990,16.5,feeder2_1689,0.29620380891086523,1.5873739822208213,0.29619299143040234,1.5871774969707084
990,16.5,feeder2_1744,0.29268434193988285,1.5557977576930049,0.29267699633895455,1.5556026608558928
990,16.5,feeder2_1817,0.29591368160641796,1.5880492943877869,0.29590615258299324,1.5878488132886412
990,16.5,feeder2_1779,0.3038626515439198,1.597518610791472,0.3038595785790433,1.5973192955354247
990,16.5,feeder2_1800,0.29359563005703887,1.5891035210517102,0.2935821002365111,1.5889088458340244
990,16.5,feeder2_1818,0.31884127636736526,1.6188289691100972,0.3188282176963651,1.6186210755466655
990,16.5,feeder2_1753,0.29335348849002973,1.5533559777245327,0.29334385999849066,1.5531617945384726
990,16.5,feeder2_1754,0.2932011296536598,1.5552022134729424,0.2931913830438905,1.5550072148904903
1020,17.0,secondary,0.030076638961356598,0.038919368977849124,0.030070673571478693,0.038907330202918644
1020,17.0,feeder2_44,0.056058076312731936,0.20329826757248992,0.05604185512204004,0.20322579228600782
1020,17.0,feeder2_45,0.05698181538823125,0.20960825801265354,0.05696490429664415,0.20953399301682504
1020,17.0,feeder2_46,0.05902148424829316,0.20377517356431718,0.05900420962392383,0.20370227136614674
1020,17.0,feeder2_51,0.05859672255803751,0.22060232944336325,0.05858327337672625,0.22052516326756486
1020,17.0,feeder2_48,0.05690685636979023,0.20940827638106116,0.05689253261326225,0.20933661160580258
1020,17.0,feeder2_52,0.054025874995667654,0.22620329389365776,0.05400858395109493,0.22612587163564615
1020,17.0,feeder2_68,0.06335709449937824,0.2496417807094301,0.06333568896582531,0.24955105816367087
1020,17.0,feeder2_69,0.06497420907696927,0.2500625985753477,0.06495508970602643,0.2499712329153125
1020,17.0,feeder2_71,0.06397255211220056,0.2534622102108781,0.06395413576196403,0.2533701639938992
1020,17.0,feeder2_72,0.06312325725661165,0.25123590631690107,0.0631073085237991,0.2511438622711341
1020,17.0,feeder2_73,0.06594982086804782,0.265698801677726,0.06593143569587837,0.2656032688020951
1020,17.0,feeder2_74,0.061763224082848414,0.2715959229348878,0.06174382820127671,0.2714990521995369
1020,17.0,feeder2_77,0.06767725396202903,0.27538964888291784,0.06766399403874315,0.27529117601864705
1020,17.0,feeder2_79,0.06798251845214472,0.2754595948599755,0.06796722076339429,0.27536090783328654
1020,17.0,feeder2_81,0.07038503974204618,0.2906974422632504,0.0703704464993569,0.29059172832749147
1020,17.0,feeder2_82,0.06868934125465662,0.28555518444367445,0.068669122797907,0.28544870266654293
1020,17.0,feeder2_116,0.08353015566952854,0.36538922947998154,0.08350415124098952,0.3652536621111215
1020,17.0,feeder2_119,0.08111610936962498,0.3681455594945068,0.08109177190509671,0.368009553817322
1020,17.0,feeder2_120,0.08860566796675583,0.3917118845933587,0.08857870864446506,0.39156564546189737
1020,17.0,feeder2_248,0.08525555019880049,0.39557338003361625,0.08523254690320543,0.39542627218086546
1020,17.0,feeder2_124,0.09188822558451316,0.4064559213243821,0.09186312433147575,0.40630253400707966
1020,17.0,feeder2_282,0.09000151746511748,0.4012727172890689,0.08997559320121301,0.4011211377523211
1020,17.0,feeder2_275,0.07643571624758788,0.4308227199421648,0.07641104049355966,0.4306734190207797
1020,17.0,feeder2_151,0.09886880656870131,0.42187259068339866,0.09883864398797591,0.4217110847916349
1020,17.0,feeder2_295,0.10232734979487772,0.4230117890804636,0.1023055784234886,0.4228473877968164
1020,17.0,feeder2_311,0.09898288114761648,0.4219204500668554,0.09895669919840763,0.42175782623814245
1020,17.0,feeder2_201,0.10967774412326085,0.447353761024369,0.10964737467879268,0.4471749787179254
1020,17.0,feeder2_314,0.1096447017412463,0.447264875561385,0.10961922842614105,0.4470843227109733
1020,17.0,feeder2_342,0.12547571898499452,0.48688454513307955,0.12544338813676628,0.4866801094492861
1020,17.0,feeder2_368,0.1266608397551076,0.4925609629270451,0.126632454827053,0.4923578360952971
1020,17.0,feeder2_347,0.13158070550255235,0.49671900852567497,0.13155293640451884,0.49650310354494864
1020,17.0,feeder2_353,0.13466024834908616,0.501812594214719,0.1346341501072731,0.5015892099689551
1020,17.0,feeder2_518,0.13155401156783075,0.4966334439818502,0.13152412255382034,0.4964180957110456
1020,17.0,feeder2_365,0.13810253092026217,0.5075568677137887,0.13807271402674984,0.5073293535166935
1020,17.0,feeder2_653,0.13458950227465988,0.5018614563734413,0.1345628369943258,0.5016385766741319
1020,17.0,feeder2_377,0.13964403752213234,0.5097287116327819,0.1396118030339407,0.5094995996287778
1020,17.0,feeder2_622,0.14398627839158937,0.5109606546897748,0.1439528027559035,0.5107326964049115
1020,17.0,feeder2_451,0.12762024382652468,0.4915795096681892,0.12759435342516903,0.4913746266655911
1020,17.0,feeder2_383,0.12847360948642061,0.5026624800533369,0.12844280046289566,0.502457463543706
1020,17.0,feeder2_385,0.1411553729753074,0.5114777188875373,0.14112132270235747,0.5112422933135332
1020,17.0,feeder2_621,0.14316077025467577,0.511712984263789,0.14313038348695173,0.511482568694417
1020,17.0,feeder2_611,0.12720820854380874,0.503651263404953,0.12717580961479097,0.5034469812786379
1020,17.0,feeder2_405,0.1285982500947623,0.5032521658357161,0.12856728080827615,0.5030475873971529
1020,17.0,feeder2_461,0.14801058410822476,0.5153680023092873,0.14797679131170643,0.5151183946972812
1020,17.0,feeder2_594,0.13870200561037405,0.513588791051236,0.1386681397022857,0.5133553626378521
1020,17.0,feeder2_732,0.12054816651220221,0.5111319033154043,0.12051832833634724,0.510927522504126
1020,17.0,feeder2_417,0.12997314533694618,0.5060770124776385,0.12994053953529108,0.5058739819474207
1020,17.0,feeder2_663,0.13227823707197595,0.5074212087773609,0.1322520987862294,0.5072172212003551
1020,17.0,feeder2_444,0.1308153428120883,0.5077789926986255,0.1307878134409275,0.5075761070471659
1020,17.0,feeder2_759,0.13078723965848485,0.5035006817861386,0.13076319942793554,0.503297440326713
1020,17.0,feeder2_842,0.13393224053682104,0.5094570505031815,0.133905871344389,0.509254662968599
1020,17.0,feeder2_459,0.13108340659554096,0.5085441630434338,0.1310496968568939,0.5083404991666159
1020,17.0,feeder2_702,0.13065783295675779,0.5062716763665907,0.13062718098416398,0.5060672510559258
1020,17.0,feeder2_493,0.1322279956397976,0.5123618766227722,0.1321969983907715,0.5121583860660637
1020,17.0,feeder2_651,0.14999997431178863,0.5161389890122935,0.1499689313754129,0.5158897125813829
1020,17.0,feeder2_684,0.1530845064334193,0.5176000122839706,0.15304965625664332,0.5173363923393678
1020,17.0,feeder2_674,0.13108269196747863,0.5132952187078954,0.13104913661014175,0.5130936007789663
1020,17.0,feeder2_696,0.13648101090999074,0.5200452778135822,0.1364559401657716,0.5198423317697203
1020,17.0,feeder2_681,0.12982380375413458,0.5144077282167486,0.12978872278380957,0.5142055288681898
1020,17.0,feeder2_682,0.1283087953356547,0.5154968327952248,0.12828065931898575,0.5152925560966657
1020,17.0,feeder2_728,0.15255405211646816,0.5174520273000738,0.15251816447888916,0.5171848172324358
1020,17.0,feeder2_724,0.15913010794379331,0.5204756483804323,0.15909209915098255,0.5201970082864082
1020,17.0,feeder2_703,0.13761698509645692,0.5190767472235345,0.1375835209844939,0.5188766222099681
1020,17.0,feeder2_704,0.14142739270512353,0.5228369325418735,0.14140181904292362,0.5226353101953493
1020,17.0,feeder2_754,0.15911218725657308,0.5203839235698965,0.1590795787809058,0.5201056362156306
1020,17.0,feeder2_747,0.1616435797130104,0.5217835204187045,0.16161152923255964,0.5215012167945514
1020,17.0,feeder2_828,0.15111051014796786,0.5183422037114344,0.15107447309627156,0.5180781847782996
1020,17.0,feeder2_763,0.15219980924268253,0.5161461612326435,0.1521674001519273,0.5158782708524706
1020,17.0,feeder2_836,0.17367983089785724,0.5286208943962937,0.17364582252433594,0.5283417730513358
1020,17.0,feeder2_758,0.16244195569882233,0.5194540771690151,0.1624093934394323,0.5191634790132358
1020,17.0,feeder2_788,0.1622639690952861,0.5175969115541139,0.16222602666526154,0.5173102623112682
1020,17.0,feeder2_812,0.16528443140527524,0.514662737718101,0.16525223985237242,0.5143574754344034
1020,17.0,feeder2_947,0.1521561450289408,0.5159568039907932,0.1521195019640681,0.51569241170204
1020,17.0,feeder2_868,0.15232288484203757,0.5141718976084619,0.1522863324357332,0.5139068407484934
1020,17.0,feeder2_785,0.15209821360026046,0.516818854871401,0.1520655535103545,0.5165553279571423
1020,17.0,feeder2_1176,0.15400072317371652,0.5161758562808233,0.15396372606068098,0.5159106889787302
1020,17.0,feeder2_846,0.14996438720371105,0.518390112889604,0.14993084561151737,0.5181236506659874
1020,17.0,feeder2_911,0.1520829061660473,0.5167165493601131,0.1520521436921613,0.5164512428934211
1020,17.0,feeder2_1107,0.16418889571840597,0.5085592494296728,0.16415500353092344,0.5082534870303069
1020,17.0,feeder2_920,0.166406071651207,0.5150123167327962,0.1663667211582017,0.5147026798213897
1020,17.0,feeder2_926,0.16868543557589435,0.5133581511328904,0.1686520163332847,0.5130449528801617
1020,17.0,feeder2_1239,0.16571341763587938,0.5176687664185868,0.16568119419237587,0.5173566669260767
1020,17.0,feeder2_933,0.16968599220576516,0.5129654302110651,0.16965129409699847,0.5126474397259657
1020,17.0,feeder2_1146,0.1687661512801233,0.5118497302948651,0.16872374312572438,0.5115366358025624
1020,17.0,feeder2_1124,0.16986545938930384,0.5126959295479827,0.1698251398867827,0.5123801788056225
1020,17.0,feeder2_942,0.17211402354780017,0.512191707334957,0.1720747658139896,0.5118700501604617
1020,17.0,feeder2_952,0.17574664527045225,0.5159785917947735,0.17570715257861927,0.515648259141389
1020,17.0,feeder2_965,0.17211269384755185,0.5115718329721893,0.17207306349907506,0.5112506303903881
1020,17.0,feeder2_961,0.17613401485716867,0.5165410941765447,0.17609469224080979,0.5162107834074204
1020,17.0,feeder2_963,0.17574810016281692,0.515948326650605,0.17571246786603226,0.5156153480229936
1020,17.0,feeder2_973,0.1783886955695256,0.51907010258271,0.1783459116848348,0.5187377108885785
1020,17.0,feeder2_1128,0.1758104464533845,0.5174767121363233,0.17577681633652784,0.5171425535409129
1020,17.0,feeder2_1113,0.17627405736330626,0.5153304183636029,0.17623069460773713,0.5150006242886973
1020,17.0,feeder2_1143,0.17573116745710612,0.5158194971917018,0.17569216682494634,0.515490518968007
1020,17.0,feeder2_1238,0.1774250993542343,0.502088816094271,0.17739076837431433,0.5017660424698602
1020,17.0,feeder2_979,0.17211155095953423,0.511575097237361,0.17207854213650425,0.5112530766632667
1020,17.0,feeder2_1236,0.18132002241711345,0.5215456316658923,0.18127862793243654,0.5212040842255553
1020,17.0,feeder2_989,0.17839284554915746,0.5190836944985731,0.17835364617139476,0.5187492683591504
1020,17.0,feeder2_1196,0.17206619027225803,0.511594086170237,0.1720299816718554,0.5112712224020781
1020,17.0,feeder2_1158,0.1804463874873378,0.5206241949421604,0.18040566027620775,0.5202883967950283
1020,17.0,feeder2_1122,0.16224122535870836,0.502297200429236,0.1622005188800027,0.5019915112433162
1020,17.0,feeder2_1258,0.1713216971914255,0.5127580905587217,0.17128313383769098,0.5124531987442177
1020,17.0,feeder2_1303,0.16209390385616296,0.48938910386403245,0.1620553613666015,0.48908512848583935
1020,17.0,feeder2_1138,0.16123706231542456,0.5019961440683649,0.16120661842379888,0.5016870656623661
1020,17.0,feeder2_1304,0.15936769251325517,0.5036739358453166,0.15933048963118435,0.5033657176653066
1020,17.0,feeder2_1212,0.15939529334877972,0.5003350913540536,0.15935369777488254,0.5000266843407088
1020,17.0,feeder2_1311,0.16376115675368538,0.49267328552345,0.1637259553054733,0.49236504533650644
1020,17.0,feeder2_1290,0.15715363215322806,0.5053428560191271,0.15712023784313203,0.5050312729069253
1020,17.0,feeder2_1325,0.1824888025927001,0.5161637318742246,0.18244731325600136,0.5158121660621134
1020,17.0,feeder2_1248,0.18137094070575663,0.5215831202885097,0.18133150517850777,0.5212389702701967
1020,17.0,feeder2_1249,0.17788349038712517,0.5011031956915785,0.17784480434111036,0.5007817168615805
1020,17.0,feeder2_1250,0.18023714609291563,0.497831919231071,0.18020584637902173,0.49750852520470845
1020,17.0,feeder2_1366,0.18166773942303044,0.5211791791787175,0.18162967199165223,0.5208348161704444
1020,17.0,feeder2_1266,0.17739367316578392,0.5169052412241715,0.1773579613379849,0.5166023349406136
1020,17.0,feeder2_1372,0.15852623804486077,0.5034735000676713,0.15848833782331667,0.5031615517978055
1020,17.0,feeder2_1363,0.15470001174046172,0.513877260883716,0.15466543505663644,0.5135656368200162
1020,17.0,feeder2_1446,0.18472888227734288,0.5124105907667733,0.18468588565687108,0.5120567428412622
1020,17.0,feeder2_1502,0.1837756440339439,0.515256392090311,0.18373306370465736,0.5148926396482191
1020,17.0,feeder2_1428,0.15463026459498033,0.5139200026184025,0.15459577815702338,0.5136073908513445
1020,17.0,feeder2_1380,0.15177431368143263,0.5245263601653893,0.15173659850970195,0.5242107637027187
1020,17.0,feeder2_1550,0.15137230742819135,0.5222973672910782,0.15133615528333444,0.5219838964928476
1020,17.0,feeder2_1386,0.1505221924387876,0.5309744828499019,0.1504892853812947,0.5306608440076213
1020,17.0,feeder2_1551,0.15043292093546962,0.5310339701671467,0.15039701515428835,0.5307211989195995
1020,17.0,feeder2_1400,0.14993431742173605,0.5340572653961502,0.14990209505793714,0.5337425663063922
1020,17.0,feeder2_1552,0.14708927241270886,0.5361467211871491,0.14705059584919908,0.5358320370496474
1020,17.0,feeder2_1408,0.1488867729596906,0.5395611110232149,0.14884551058332673,0.5392472205408992
1020,17.0,feeder2_1553,0.147746690584047,0.540381495542017,0.14771208121236326,0.5400693173758624
1020,17.0,feeder2_1416,0.1483703578571744,0.5422866193868089,0.14833408339302814,0.5419729107465543
1020,17.0,feeder2_1530,0.14834679875230952,0.5421604277508517,0.14831267192185502,0.5418464831418177
1020,17.0,feeder2_1425,0.14740052900614387,0.5475717615229297,0.14736694939458825,0.5472577129596568
1020,17.0,feeder2_1589,0.13635009608965182,0.5574117595663792,0.13631054817727462,0.5570974338396042
1020,17.0,feeder2_1435,0.147363031550287,0.5477771158413791,0.14732695060574572,0.5474643264057053
1020,17.0,feeder2_1621,0.14748197210674133,0.547843884306583,0.1474424532786621,0.5475277719883479
1020,17.0,feeder2_1564,0.14689005984236772,0.550118528267021,0.14685641585104015,0.5498038040984061
1020,17.0,feeder2_1704,0.18502293770439263,0.5162782910170631,0.18498306341528498,0.515914330945256
1020,17.0,feeder2_1525,0.1839946174006719,0.5146212949973177,0.18394918004003447,0.5142546959247187
1020,17.0,feeder2_1716,0.19460393429080075,0.5228184528458694,0.1945632025296222,0.5224552406696864
1020,17.0,feeder2_1537,0.18380257406242534,0.5125293245383804,0.18375883775702753,0.5121579369184472
1020,17.0,feeder2_1645,0.18314511649623155,0.5132512684435441,0.18309943931195005,0.5128781924509815
1020,17.0,feeder2_1561,0.18367678544704216,0.5097712481090427,0.18363906502848365,0.5093977295736887
1020,17.0,feeder2_1657,0.18368530414006473,0.5085126458047712,0.18364061692441835,0.5081370128512777
1020,17.0,feeder2_1570,0.18365709807381111,0.5088810612553851,0.1836156539130124,0.5085041513938041
1020,17.0,feeder2_1756,0.19345595871233415,0.4930685307350487,0.1934214908212851,0.4926891132948459
1020,17.0,feeder2_1588,0.18362119527550352,0.5090993440856156,0.1835801472352956,0.5087174676104183
1020,17.0,feeder2_1628,0.184169823678462,0.5008756452551234,0.18412874915456678,0.5004947663019992
1020,17.0,feeder2_1598,0.18381284774216736,0.5117056947007812,0.18377503757036667,0.5113223213862093
1020,17.0,feeder2_1816,0.21557385921239114,0.537894324145094,0.2155265555467039,0.5375202925334219
1020,17.0,feeder2_1765,0.18398712267818443,0.5118544236941491,0.18394274058169427,0.5114729634803785
1020,17.0,feeder2_1641,0.18229340914767045,0.5160128368557497,0.18225056087228725,0.5156186646319618
1020,17.0,feeder2_1689,0.1819781104568655,0.5290595980490395,0.1819368976850922,0.5286499689211471
1020,17.0,feeder2_1744,0.1825785518161958,0.5101921756986978,0.18253515452662233,0.5097958876899656
1020,17.0,feeder2_1817,0.18196994860789004,0.5290772402755465,0.1819287531880276,0.5286706919636592
1020,17.0,feeder2_1779,0.183198878455716,0.5300586571529865,0.1831539312904603,0.5296500515225551
1020,17.0,feeder2_1800,0.1576746546370221,0.5415746271811124,0.15762821127221568,0.5411581652984879
1020,17.0,feeder2_1818,0.19647005506033488,0.5382518306322147,0.19642680257427972,0.5378280141176994
1020,17.0,feeder2_1753,0.18463281154631594,0.4918466888377613,0.1845954480883731,0.491452500120754
1020,17.0,feeder2_1754,0.18257816873243987,0.5101571026180635,0.1825405654256516,0.5097615778569671
1050,17.5,secondary,0.05983102445185636,0.048002023973000726,0.059839100963007895,0.04801791729207009
1050,17.5,feeder2_44,0.11166544193862572,0.25107929424240505,0.11167772963540545,0.2511515555164219
1050,17.5,feeder2_45,0.1135558901475039,0.2568623548159539,0.11356995284536138,0.2569332987909248
1050,17.5,feeder2_46,0.10277816474784876,0.27851025376315786,0.10278910577231691,0.2785811310313263
1050,17.5,feeder2_51,0.11683410975851212,0.2669658089407989,0.11684660732962555,0.2670394697565594
1050,17.5,feeder2_48,0.11374502888953411,0.256896128885236,0.11375752355266433,0.2569736398804714
1050,17.5,feeder2_52,0.11451158323107077,0.26231930094344996,0.11452706236976166,0.26240175735854
1050,17.5,feeder2_68,0.12645658392814466,0.2977462577590294,0.12647248163408223,0.2978341996860641
1050,17.5,feeder2_69,0.12513453688479642,0.30146498014415923,0.12514910111192132,0.30155807620038166
1050,17.5,feeder2_71,0.1277199258700131,0.30169974359429125,0.12773636086600582,0.30178743511366884
1050,17.5,feeder2_72,0.13341044215387157,0.30277835867440556,0.133425364218221,0.3028699768025614
1050,17.5,feeder2_73,0.1315587896301532,0.31392468535116436,0.13157378027353625,0.31402060858636727
1050,17.5,feeder2_74,0.12910830609452373,0.31017206731382363,0.12912520472378822,0.31026869559457837
1050,17.5,feeder2_77,0.13497627303808865,0.3250778575963514,0.13499098868376053,0.3251770514098696
1050,17.5,feeder2_79,0.13124199433288988,0.33642878831647305,0.1312601038716,0.3365265169334708
1050,17.5,feeder2_81,0.140120681316172,0.33912765403789924,0.14013928739975456,0.3392335695614477
1050,17.5,feeder2_82,0.146285901338188,0.33899171210501394,0.146303903483422,0.3390962484464171
1050,17.5,feeder2_116,0.1619223112042576,0.40415736923795587,0.1619410402821086,0.4042832609955925
1050,17.5,feeder2_119,0.16038554971300115,0.4017427536849533,0.16040539755892785,0.4018708924316807
1050,17.5,feeder2_120,0.17028056006074002,0.43036142328972,0.17030358993965436,0.43049780258466513
1050,17.5,feeder2_248,0.16881869123255297,0.4281196801509301,0.16883871363721145,0.42825066417386043
1050,17.5,feeder2_124,0.17560673349069122,0.44755385011329907,0.17562792396905094,0.44769445611889963
1050,17.5,feeder2_282,0.17961740796032483,0.44892969516461734,0.17964005399168304,0.44906440706909323
1050,17.5,feeder2_275,0.17451823315988196,0.44587017147072366,0.17453982732362427,0.4460078131243143
1050,17.5,feeder2_151,0.18468146307638278,0.47775015436273827,0.18470683806294722,0.4778964876116599
1050,17.5,feeder2_295,0.18369768145950696,0.47962543591724016,0.18372258951634912,0.4797692448811775
1050,17.5,feeder2_311,0.18465342998814976,0.47781620415070675,0.1846766492733115,0.47796217799161045
1050,17.5,feeder2_201,0.1996507864708519,0.5259805051680745,0.19967684585332837,0.5261369493422698
1050,17.5,feeder2_314,0.19973485014132733,0.526024198905105,0.19976043154063922,0.5261835432858677
1050,17.5,feeder2_342,0.22090512400855955,0.5953075110278794,0.22093366467781983,0.5954861779983351
1050,17.5,feeder2_368,0.22012603124758334,0.5991873400839928,0.22015426986620348,0.5993717785683498
1050,17.5,feeder2_347,0.23143512597764265,0.6244871446890278,0.23146634949198047,0.6246647546501499
1050,17.5,feeder2_353,0.23571484614272545,0.636186279256082,0.23574674131063722,0.6363643752689877
1050,17.5,feeder2_518,0.24280598566609266,0.6307725496551094,0.2428362861323904,0.6309449072779073
1050,17.5,feeder2_365,0.2404967116552857,0.6496229985130327,0.24053025019981278,0.6498090865771997
1050,17.5,feeder2_653,0.2356479985585835,0.636080374468088,0.2356778598801011,0.6362596312402334
1050,17.5,feeder2_377,0.24308062895926438,0.6569638236893471,0.24311295575974823,0.6571473101293949
1050,17.5,feeder2_622,0.23999391103893133,0.6503091754761201,0.24002822423631545,0.6504919095635044
1050,17.5,feeder2_451,0.22021706296157495,0.5992384707818679,0.22024700747707068,0.5994241416076651
1050,17.5,feeder2_383,0.21900187348874361,0.6064633349992433,0.21903193306562108,0.6066511536030154
1050,17.5,feeder2_385,0.2460456131071871,0.6651845809977969,0.24608045228168857,0.6653685344108603
1050,17.5,feeder2_621,0.2418756430592381,0.658431747048044,0.24190734690167073,0.6586173456284053
1050,17.5,feeder2_611,0.21893401214639163,0.6063689028901009,0.2189608611185963,0.60655787389035
1050,17.5,feeder2_405,0.21893923923339237,0.6069653683406036,0.21896822975624228,0.6071510723864684
1050,17.5,feeder2_461,0.25870967673702905,0.7029682336456633,0.2587444613358295,0.7031501340311914
1050,17.5,feeder2_594,0.24516036218039175,0.663716590502419,0.245195027591749,0.6639017968943169
1050,17.5,feeder2_732,0.21673517314966012,0.6017330809655431,0.21676448883874247,0.6019245451677896
1050,17.5,feeder2_417,0.21873348454610878,0.6120856205710604,0.21876339964934421,0.6122773986673993
1050,17.5,feeder2_663,0.21825962202115368,0.6134674439494447,0.2182878444484234,0.6136571730488857
1050,17.5,feeder2_444,0.21858718859918944,0.6157662604261941,0.21861516358608513,0.6159571216067061
1050,17.5,feeder2_759,0.22282636459238547,0.6162844031941677,0.22285423283700181,0.616478548702365
1050,17.5,feeder2_842,0.2117453848991232,0.6450132069727242,0.21177239194049374,0.6452105148456205
1050,17.5,feeder2_459,0.21841748835237326,0.615546014194895,0.2184451407140547,0.6157382431661479
1050,17.5,feeder2_702,0.2202477730266533,0.6163882182633581,0.22027533267779087,0.6165803004269439
1050,17.5,feeder2_493,0.21760229313287643,0.6143485460295078,0.21763002311173918,0.614544427693503
1050,17.5,feeder2_651,0.25778438280961824,0.7038528742068892,0.2578208286105674,0.7040402592876998
1050,17.5,feeder2_684,0.2691138811412995,0.7350166040111646,0.2691525238609948,0.7352018337355922
1050,17.5,feeder2_674,0.2161160608629451,0.6117625719432425,0.21614545066502996,0.611954653184393
1050,17.5,feeder2_696,0.2179550275044364,0.6228235971541406,0.21798399971179352,0.623024267716439
1050,17.5,feeder2_681,0.2131809615268785,0.6061798444207704,0.21321108643572875,0.6063701399319679
1050,17.5,feeder2_682,0.21454800068005553,0.609517478052167,0.21457491447488436,0.6097141755444393
1050,17.5,feeder2_728,0.2706907095506736,0.7365943598776876,0.27072908646093824,0.7367719713091279
1050,17.5,feeder2_724,0.2780312619569856,0.765261578247068,0.27807141252516787,0.7654525469088705
1050,17.5,feeder2_703,0.2179252029458991,0.6229348322608429,0.2179515524208401,0.6231312643742843
1050,17.5,feeder2_704,0.21683120950424326,0.6263841375079949,0.21686040064152762,0.6265835278553756
1050,17.5,feeder2_754,0.278121832983973,0.7653331844054838,0.2781627141478648,0.7655228881507695
1050,17.5,feeder2_747,0.2816662332519175,0.7776277786814517,0.28170781750212737,0.7778197590085585
1050,17.5,feeder2_828,0.2699451046193257,0.7351201293904579,0.2699828919760469,0.7353007075131105
1050,17.5,feeder2_763,0.2735292553268706,0.7413552505238213,0.27356787181209474,0.7415273485404603
1050,17.5,feeder2_836,0.280194003287192,0.7786708684379064,0.28023655644004686,0.778867996793622
1050,17.5,feeder2_758,0.2847533762596782,0.7880038887247214,0.28479465858464714,0.7881980161788829
1050,17.5,feeder2_788,0.2880238631079181,0.789511826180378,0.2880635822150142,0.7897042575768025
1050,17.5,feeder2_812,0.29335552829622713,0.8178605568173067,0.29339935680643564,0.8180640197678305
1050,17.5,feeder2_947,0.2991721496417835,0.7603928106977764,0.29920995223239427,0.7605635462429029
1050,17.5,feeder2_868,0.28092753178883967,0.7464762961832011,0.2809649197569444,0.7466527922048048
1050,17.5,feeder2_785,0.2723970854255752,0.7361104790645103,0.2724385580636799,0.7362864286034912
1050,17.5,feeder2_1176,0.2719590597812096,0.7363658959199431,0.27199682911093187,0.736543216329325
1050,17.5,feeder2_846,0.26782184944093046,0.7265442117002382,0.26785820387768694,0.7267214496162379
1050,17.5,feeder2_911,0.27242337213633777,0.7361969894247683,0.2724624343397424,0.7363724755296418
1050,17.5,feeder2_1107,0.29511240139494876,0.8221784623767954,0.2951550576571167,0.8223791732498379
1050,17.5,feeder2_920,0.29528676957407995,0.8250981164278384,0.295331547383506,0.8252977985949256
1050,17.5,feeder2_926,0.29821381039599404,0.8365197852451569,0.29825977740078535,0.8367278404723094
1050,17.5,feeder2_1239,0.29523054261309406,0.824348868554233,0.2952752779824225,0.8245527156403655
1050,17.5,feeder2_933,0.29945283383495896,0.8413111873715854,0.2994979686766901,0.841520552795192
1050,17.5,feeder2_1146,0.29848503881026045,0.8377744466524369,0.29853252956401405,0.8379786909303562
1050,17.5,feeder2_1124,0.2994339165275864,0.8413211900755643,0.29947838270993,0.8415301896278615
1050,17.5,feeder2_942,0.3025894649365387,0.8534394313109003,0.3026364947623169,0.8536559853626329
1050,17.5,feeder2_952,0.3064457314823645,0.871546298388961,0.3064944497699614,0.8717704774761195
1050,17.5,feeder2_965,0.30269079807833954,0.8534134105866601,0.3027338883968484,0.8536238308257411
1050,17.5,feeder2_961,0.3068196906784078,0.8733957693480163,0.30686883781829216,0.8736139156632525
1050,17.5,feeder2_963,0.3064550270465093,0.8715692770542022,0.30650188034531833,0.87179271320941
1050,17.5,feeder2_973,0.30900697009328293,0.884187750489381,0.3090547894484123,0.8844120992341756
1050,17.5,feeder2_1128,0.30648129008156655,0.8717516760891695,0.30652752563604,0.8719725467382025
1050,17.5,feeder2_1113,0.3071088859978576,0.8720677991591739,0.307155384240307,0.8722862719749245
1050,17.5,feeder2_1143,0.30675829526854526,0.8715693366864979,0.30680470245508057,0.8717926486721523
1050,17.5,feeder2_1238,0.31097467104884835,0.8570312797229511,0.3110209910816016,0.8572444435745116
1050,17.5,feeder2_979,0.3026719308017227,0.8530290039471311,0.3027162122421555,0.8532455230475062
1050,17.5,feeder2_1236,0.3123954556850239,0.8990140222703353,0.3124442798309121,0.8992488406051657
1050,17.5,feeder2_989,0.3090059407281181,0.8841995493343907,0.3090536634578508,0.8844272809158277
1050,17.5,feeder2_1196,0.3032774210027725,0.8515427122670529,0.3033226191620225,0.8517552642236008
1050,17.5,feeder2_1158,0.3069925205461442,0.8859487316194438,0.30704280445275933,0.8861812778566301
1050,17.5,feeder2_1122,0.2958091187010782,0.8223261434661246,0.29585424107077474,0.8225162825405786
1050,17.5,feeder2_1258,0.290896581531102,0.8250956411906908,0.29093917891930515,0.8252935230887782
1050,17.5,feeder2_1303,0.30923972027951285,0.8317149084734694,0.30928306395366034,0.8319072299659533
1050,17.5,feeder2_1138,0.2954523289110895,0.8189377090801114,0.29549726864345266,0.8191275008786171
1050,17.5,feeder2_1304,0.2945019881427942,0.817328753414899,0.2945446382216637,0.817521332028691
1050,17.5,feeder2_1212,0.294991065132058,0.8131957746371207,0.2950348299788318,0.8133820403216659
1050,17.5,feeder2_1311,0.31148888009113407,0.8252362275925333,0.31153365686095924,0.8254141598141267
1050,17.5,feeder2_1290,0.29182150543708985,0.7955661677960922,0.2918645680860653,0.7957534143255627
1050,17.5,feeder2_1325,0.31681324861552257,0.9177132090694408,0.3168673514230102,0.9179545180726268
1050,17.5,feeder2_1248,0.3123782888602686,0.8990260098321247,0.3124270499205032,0.8992600628670111
1050,17.5,feeder2_1249,0.3121163676218347,0.8576130749155589,0.3121648935096978,0.8578266579875475
1050,17.5,feeder2_1250,0.31404662504851927,0.8582049168396937,0.3140944155912802,0.8584154089919905
1050,17.5,feeder2_1366,0.3123261963389715,0.8990607870468061,0.31237707354590444,0.8992932113211659
1050,17.5,feeder2_1266,0.28732019861342883,0.8277915411167217,0.28736388276015196,0.8279978475492602
1050,17.5,feeder2_1372,0.2918758844206394,0.7956125845408083,0.2919208546766172,0.7957983166261154
1050,17.5,feeder2_1363,0.28843497855589917,0.7766513181844298,0.2884801465092083,0.7768286843695142
1050,17.5,feeder2_1446,0.3194119153736837,0.9189166280532145,0.3194654104386983,0.9191509420554529
1050,17.5,feeder2_1502,0.32104485717349873,0.9369350956928414,0.3210992078748762,0.9371848436530219
1050,17.5,feeder2_1428,0.28891180459607885,0.7754831415185139,0.28895634872526765,0.7756629668177273
1050,17.5,feeder2_1380,0.28443492177464846,0.7557801867767837,0.2844776887483992,0.7559553799211247
1050,17.5,feeder2_1550,0.28721192693679964,0.7575866297598769,0.28725758636156445,0.757761643921972
1050,17.5,feeder2_1386,0.28219635640616175,0.7446301477277636,0.2822404034374452,0.7448029171219669
1050,17.5,feeder2_1551,0.2821309054127309,0.7445188276266095,0.2821749917858968,0.7446919146114404
1050,17.5,feeder2_1400,0.2811403564762262,0.7393636680556622,0.2811822184929291,0.739539575286183
1050,17.5,feeder2_1552,0.2802211680227053,0.734709125552479,0.2802625302920171,0.7348811216268937
1050,17.5,feeder2_1408,0.27929944184807337,0.730868798954562,0.2793443858450076,0.7310398966717668
1050,17.5,feeder2_1553,0.2781104796816303,0.726351350227637,0.27815299914478103,0.726522463167619
1050,17.5,feeder2_1416,0.2784979549267516,0.7274567706807097,0.27853980339946255,0.727625638009764
1050,17.5,feeder2_1530,0.27862226108260146,0.7275645973770655,0.2786669631908653,0.7277385907504839
1050,17.5,feeder2_1425,0.2769602468886228,0.7209048641951367,0.27700644310832584,0.7210748958048802
1050,17.5,feeder2_1589,0.269494998052,0.7056099589062026,0.26953560233870605,0.7057777234068373
1050,17.5,feeder2_1435,0.27693642827482406,0.721005244411566,0.2769800516074647,0.7211767496031117
1050,17.5,feeder2_1621,0.2755857696034651,0.7222453640347396,0.2756289896827305,0.7224147629870832
1050,17.5,feeder2_1564,0.2769101069641035,0.7208865063425532,0.2769546065091226,0.7210559974112591
1050,17.5,feeder2_1704,0.3191804642894348,0.9385521222416978,0.3192324120211985,0.9388021506336478
1050,17.5,feeder2_1525,0.3221811012468743,0.9413787026428193,0.322237246316463,0.9416235876611384
1050,17.5,feeder2_1716,0.3221107342030237,0.9414183017242155,0.32216767335718205,0.9416687263888491
1050,17.5,feeder2_1537,0.3234512896442331,0.9463531534437755,0.32350695185107364,0.9466067871147583
1050,17.5,feeder2_1645,0.3240144630509393,0.9449578461370459,0.32406921701266467,0.9452062715919104
1050,17.5,feeder2_1561,0.32493272414068824,0.9528359204091008,0.32498993347435373,0.9530899404707934
1050,17.5,feeder2_1657,0.3249913835748451,0.9528845608341755,0.32504878714329005,0.9531364002855737
1050,17.5,feeder2_1570,0.3255696057659395,0.9556239438811642,0.3256278377045954,0.9558804525706702
1050,17.5,feeder2_1756,0.3571465484211118,0.9778188826874862,0.35720103114507595,0.9780628072840905
1050,17.5,feeder2_1588,0.32578727257748946,0.9567056344443525,0.32584228169707713,0.9569575103194514
1050,17.5,feeder2_1628,0.3264383715416944,0.956718579951118,0.3264940869665321,0.9569722388345662
1050,17.5,feeder2_1598,0.3260097764955008,0.9580467258602386,0.32606756986160296,0.9583026442792966
1050,17.5,feeder2_1816,0.3161844330704824,0.9653633190225589,0.3162391256402933,0.9656302070533893
1050,17.5,feeder2_1765,0.3259431988947244,0.9580830969873161,0.3260012458650674,0.9583354249100771
1050,17.5,feeder2_1641,0.3268893168058634,0.9633371278695808,0.32695060259945824,0.9636008113507118
1050,17.5,feeder2_1689,0.32579151850781696,0.9605086588056668,0.3258529935364067,0.9607724401719336
1050,17.5,feeder2_1744,0.33302643475827565,0.9675657047808521,0.3330866150715564,0.9678207193158145
1050,17.5,feeder2_1817,0.32577361447396774,0.9604263430170958,0.32583301868408854,0.960696529743349
1050,17.5,feeder2_1779,0.324734670614933,0.9613549938699022,0.3247972145691339,0.9616252576518078
1050,17.5,feeder2_1800,0.3237963853901668,0.9568413260616782,0.3238532770362429,0.9571093800786558
1050,17.5,feeder2_1818,0.31834519793809046,0.9545670258649503,0.3184150803627908,0.954845984401952
1050,17.5,feeder2_1753,0.35239283348278866,0.9810457847575772,0.35245205320072454,0.9812953653763261
1050,17.5,feeder2_1754,0.3330618288103499,0.9675950415186173,0.33311887851125205,0.9678534944821081
1080,18.0,secondary,0.10431509055341152,0.10241795622164362,0.10431212193664366,0.10241331667954963
1080,18.0,feeder2_44,0.19442700677879127,0.5349886343459795,0.1944327877641269,0.53496522484725
1080,18.0,feeder2_45,0.19776042838354768,0.5514753223505624,0.1977624136878194,0.5514570771695358
1080,18.0,feeder2_46,0.19636162802450924,0.5385574604897702,0.19636615160353948,0.5385358214375545
1080,18.0,feeder2_51,0.20348927940606287,0.580634965621198,0.2034958417514291,0.5806111653973193
1080,18.0,feeder2_48,0.20071646817568536,0.5482155908469549,0.2007182258807881,0.5481944900173196
1080,18.0,feeder2_52,0.20102367522401732,0.5793694713252293,0.20102893845746964,0.5793452784972595
1080,18.0,feeder2_68,0.2198665300912125,0.6634464490874885,0.21986920127014536,0.6634216596725476
1080,18.0,feeder2_69,0.22799640858998868,0.6816723923146999,0.22800259837768527,0.6816435216071625
1080,18.0,feeder2_71,0.2218753830052866,0.6734798201330104,0.22188311679449,0.6734531634273376
1080,18.0,feeder2_72,0.23559207700521312,0.6555875909080444,0.23559839144206488,0.6555578242804039
1080,18.0,feeder2_73,0.2281489909577996,0.7068350107844693,0.22815017724802164,0.706814685598012
1080,18.0,feeder2_74,0.2256964913020741,0.70565582865685,0.2256961605365588,0.7056317190538883
1080,18.0,feeder2_77,0.23361362008305525,0.7356714779321826,0.2336213680811683,0.7356411599529065
1080,18.0,feeder2_79,0.25021055271367276,0.7637363020022943,0.250217586697649,0.7637093265559879
1080,18.0,feeder2_81,0.24021006038293571,0.770637916685709,0.2402170716953184,0.7706057276313161
1080,18.0,feeder2_82,0.2422432316046418,0.7672864326566307,0.24224482503128064,0.7672579292249253
1080,18.0,feeder2_116,0.2703111815893844,0.930509862972014,0.2703183510428327,0.930469509892302
1080,18.0,feeder2_119,0.2682775308745145,0.9295443058610603,0.2682815492904496,0.9295127647173256
1080,18.0,feeder2_120,0.2817479736641473,0.9904136381726332,0.2817528649935229,0.9903765991356
1080,18.0,feeder2_248,0.27976989917837747,0.9894340320873635,0.27977310426847624,0.9894020182539758
1080,18.0,feeder2_124,0.2889300827104797,1.027739524773758,0.2889315912856061,1.027705654299331
1080,18.0,feeder2_282,0.29016926025596984,1.0255902353751996,0.2901706961705276,1.0255570186027894
1080,18.0,feeder2_275,0.28658494661878003,1.0265919536800554,0.28658755625720966,1.0265587534187326
1080,18.0,feeder2_151,0.3017869684411511,1.0947959671367071,0.30179127308759185,1.0947569402053203
1080,18.0,feeder2_295,0.30331593017253633,1.0972716644784828,0.30331935571472685,1.0972348610620437
1080,18.0,feeder2_311,0.30267238664642576,1.0961220206408935,0.3026745959472641,1.0960835868175482
1080,18.0,feeder2_201,0.3222227179501301,1.201178448181089,0.3222290828254489,1.201133808167727
1080,18.0,feeder2_314,0.3224620010742554,1.2006802388751636,0.32247206629013925,1.2006323949853535
1080,18.0,feeder2_342,0.3514796833545672,1.353169007516269,0.3514857909790995,1.353119870805041
1080,18.0,feeder2_368,0.3542447468654663,1.371504924998261,0.3542511448264094,1.3714592616687116
1080,18.0,feeder2_347,0.36130746611709647,1.3939010732725987,0.3613120866804075,1.3938487682661764
1080,18.0,feeder2_353,0.3662771546901792,1.4150013996030857,0.3662820242716863,1.4149462545571136
1080,18.0,feeder2_518,0.3621430682564923,1.392237331035624,0.3621490851982758,1.392183513352603
1080,18.0,feeder2_365,0.3717979171870257,1.4384684789751487,0.3718048580770968,1.4384073028445454
1080,18.0,feeder2_653,0.36618232084495833,1.4149481218615638,0.36618648122101916,1.4148943142998687
1080,18.0,feeder2_377,0.37381155991679665,1.4460751937784586,0.3738159119661291,1.4460178573701716
1080,18.0,feeder2_622,0.38321818669952196,1.4583466997829342,0.38322982732885175,1.4582853884667524
1080,18.0,feeder2_451,0.35425914538802983,1.371460176382723,0.3542644262612607,1.3714095457611122
1080,18.0,feeder2_383,0.3587616740172772,1.4012709923353854,0.35877273475446386,1.4012160271733598
1080,18.0,feeder2_385,0.37595273502950355,1.4539489703757056,0.3759551189976796,1.4538904854802874
1080,18.0,feeder2_621,0.37551900005842587,1.4487243354062764,0.375524789970833,1.4486649847369324
1080,18.0,feeder2_611,0.35762366113217237,1.4018928672231405,0.35763008848697947,1.4018417750947623
1080,18.0,feeder2_405,0.3590655511103691,1.40310848038074,0.3590686576115247,1.4030625340036915
1080,18.0,feeder2_461,0.38498177559828,1.4874347284892948,0.38498561617617594,1.4873683593838163
1080,18.0,feeder2_594,0.37468468746173655,1.4532551759406793,0.37469633562644766,1.4531882194736674
1080,18.0,feeder2_732,0.3568868946137955,1.4019055301560595,0.35689262307051284,1.4018599687015372
1080,18.0,feeder2_417,0.361471820010338,1.417263652813266,0.3614808566805414,1.4172150196617745
1080,18.0,feeder2_663,0.36315725700509927,1.4204863124721678,0.36316126734261933,1.42044127592678
1080,18.0,feeder2_444,0.36308888721169863,1.4270243990854692,0.3630949579368457,1.4269779498412065
1080,18.0,feeder2_759,0.3633375991005715,1.4260949685925848,0.36334221307526093,1.4260500215065488
1080,18.0,feeder2_842,0.39484161146786656,1.4711969368954785,0.39485454209512194,1.4711424905846087
1080,18.0,feeder2_459,0.36302227606687926,1.4279215384078683,0.36302535858758467,1.4278742553938715
1080,18.0,feeder2_702,0.363312636932234,1.427087051044487,0.3633240128164091,1.427036056792987
1080,18.0,feeder2_493,0.3627957431145747,1.4316269089640121,0.3628027924970292,1.4315832280162308
1080,18.0,feeder2_651,0.3860213287199344,1.4900466213791717,0.38602400518488844,1.4899848961759403
1080,18.0,feeder2_684,0.39179636201743867,1.511746861985795,0.3918061245864931,1.5116727803013306
1080,18.0,feeder2_674,0.3595673122733175,1.4314123962595011,0.35957609639020977,1.4313660817407903
1080,18.0,feeder2_696,0.36606450639173643,1.4447239988586213,0.3660684713501948,1.4446788168592997
1080,18.0,feeder2_681,0.3516465085512848,1.4313434768697664,0.35165072323349006,1.4313018302877718
1080,18.0,feeder2_682,0.3581899132189872,1.4306839031539333,0.35819492344305914,1.4306399183223377
1080,18.0,feeder2_728,0.3913871801196804,1.5099161154631033,0.3913920436149823,1.5098455508404354
1080,18.0,feeder2_724,0.3995801320932098,1.540939808459295,0.3995840609669166,1.540866206454847
1080,18.0,feeder2_703,0.366199735105185,1.4449072553290527,0.3662070014184704,1.4448623789628645
1080,18.0,feeder2_704,0.36948062284308714,1.4495858517891278,0.36948782581546524,1.4495402960090582
1080,18.0,feeder2_754,0.40087234123524806,1.5394977598023356,0.4008817173848654,1.5394186874980162
1080,18.0,feeder2_747,0.4026610522766355,1.553647733751466,0.4026657818330645,1.5535743394936528
1080,18.0,feeder2_828,0.3902033739129948,1.509350721709165,0.39021092160496545,1.5092790500476743
1080,18.0,feeder2_763,0.39122138860702843,1.5082182748770439,0.3912268771352814,1.5081486883608182
1080,18.0,feeder2_836,0.40536291844615646,1.5598653851202304,0.40536614221649747,1.5597906002990558
1080,18.0,feeder2_758,0.4048092330564361,1.5617626852371504,0.404816752612818,1.5616858328853682
1080,18.0,feeder2_788,0.40782621094888,1.557046309989966,0.40783461805756804,1.5569643192858462
1080,18.0,feeder2_812,0.41166734091671486,1.592179807204445,0.41167822933649356,1.5920933507498485
1080,18.0,feeder2_947,0.3931448852487506,1.5047034459141646,0.3931487322896236,1.504633522414853
1080,18.0,feeder2_868,0.3914977869101925,1.5075504341427883,0.39150416926975895,1.5074768451110176
1080,18.0,feeder2_785,0.3911779583667665,1.5082599238101009,0.3911849908101254,1.5081894981952786
1080,18.0,feeder2_1176,0.393740724902272,1.5119995021392,0.39375007726206845,1.5119248076616558
1080,18.0,feeder2_846,0.38944785042052177,1.5071773262712207,0.38945573592415905,1.5071047299975195
1080,18.0,feeder2_911,0.3911737132168403,1.508221919578515,0.3911803692363474,1.50814884274086
1080,18.0,feeder2_1107,0.41340827208985664,1.5998887348400967,0.4134172531690049,1.5998037866989407
1080,18.0,feeder2_920,0.4131086127685513,1.598579153212809,0.413119382233667,1.598493367092583
1080,18.0,feeder2_926,0.4153300937708129,1.6084416920864641,0.4153352008952339,1.608356869807068
1080,18.0,feeder2_1239,0.4130217383517664,1.598199033155388,0.41302780911599296,1.5981154107727324
1080,18.0,feeder2_933,0.4163019912655585,1.6132150984445104,0.41630550756234797,1.613130835769322
1080,18.0,feeder2_1146,0.4153854457717361,1.6065321165815643,0.41539319307771005,1.6064448471477433
1080,18.0,feeder2_1124,0.4163462985075141,1.6132748621068054,0.4163530823040665,1.613190538741852
1080,18.0,feeder2_942,0.4187511295706629,1.6252482090392213,0.4187611745411105,1.6251566269063453
1080,18.0,feeder2_952,0.42254688192769513,1.644077055689939,0.4225532434467306,1.6439873486252778
1080,18.0,feeder2_965,0.4187275413189931,1.6251093299622155,0.4187373573680818,1.6250187181488993
1080,18.0,feeder2_961,0.4229401777142469,1.646370333910983,0.42295070741267893,1.6462760073260825
1080,18.0,feeder2_963,0.4225504600317117,1.6440213328229494,0.42255681851549554,1.643929604961909
1080,18.0,feeder2_973,0.4251250750694434,1.6590030409792498,0.4251359111475937,1.6589076661281257
1080,18.0,feeder2_1128,0.4227789365221944,1.6456127568339034,0.4227901673109216,1.6455198685031303
1080,18.0,feeder2_1113,0.42319457707899805,1.6431521455397124,0.42319709976119774,1.6430620215702747
1080,18.0,feeder2_1143,0.4227301421669933,1.642576271869169,0.4227427797988538,1.6424822167774564
1080,18.0,feeder2_1238,0.41992958710536404,1.6226339769427622,0.4199377151790345,1.6225419270387693
1080,18.0,feeder2_979,0.41872571704280603,1.6251000171785033,0.4187327135008879,1.6250113764113554
1080,18.0,feeder2_1236,0.4278549129162224,1.6752772047110114,0.42785911009326727,1.6751844620906828
1080,18.0,feeder2_989,0.4251298976362846,1.6590264631737333,0.42513833252526756,1.6589336577508127
1080,18.0,feeder2_1196,0.41867346836591424,1.6250662537623461,0.41867947816828355,1.6249787707038486
1080,18.0,feeder2_1158,0.42723445995549525,1.6620168256827723,0.4272443116548759,1.6619223946932697
1080,18.0,feeder2_1122,0.412536807492797,1.5952769565486358,0.41254716930520763,1.5951907167901063
1080,18.0,feeder2_1258,0.4198887606705789,1.6093381668074058,0.4198954443650237,1.6092596460535715
1080,18.0,feeder2_1303,0.41278837628435927,1.5947492492216706,0.41279126083731676,1.5946698660349732
1080,18.0,feeder2_1138,0.41187399173636924,1.5918049046375191,0.4118783288423664,1.591728296692604
1080,18.0,feeder2_1304,0.4104413339610184,1.5909977001423319,0.4104498042207201,1.5909173510358185
1080,18.0,feeder2_1212,0.41064981409862633,1.5852362030914917,0.4106564952179483,1.5851574647846263
1080,18.0,feeder2_1311,0.4118176999072581,1.5829893301286975,0.41182343779264396,1.582910575228667
1080,18.0,feeder2_1290,0.4093319410924454,1.5787604031394553,0.4093388857949309,1.5786836361811325
1080,18.0,feeder2_1325,0.4282607278352822,1.6811736149753225,0.42826634898956484,1.6810769585184742
1080,18.0,feeder2_1248,0.42790809523571666,1.6753556300948818,0.4279135545023578,1.6752615266432975
1080,18.0,feeder2_1249,0.4201355385153994,1.6222223902935509,0.42014643596232765,1.6221289798603298
1080,18.0,feeder2_1250,0.4203042973885848,1.621894740332697,0.42031222128958345,1.6218065301197688
1080,18.0,feeder2_1366,0.43996576095387724,1.6928803125411076,0.43997549830103583,1.692785269495025
1080,18.0,feeder2_1266,0.4203203034266783,1.6099535594777294,0.42032536155148126,1.6098706017987277
1080,18.0,feeder2_1372,0.4093408082094025,1.5787370110839887,0.4093486084544809,1.5786564391502322
1080,18.0,feeder2_1363,0.40792591160205866,1.57187921911248,0.40793051679871506,1.5718018719246656
1080,18.0,feeder2_1446,0.42848394734124395,1.6806777737023784,0.4284901125720255,1.6805785305864434
1080,18.0,feeder2_1502,0.42881873503274176,1.6883459443519464,0.42883102026572306,1.6882411804633866
1080,18.0,feeder2_1428,0.4078442592051817,1.5718301386906608,0.40784768308797203,1.5717549896228284
1080,18.0,feeder2_1380,0.40624047729062973,1.563668612575628,0.4062490288768602,1.5635909939542079
1080,18.0,feeder2_1550,0.40621734312960733,1.5634003793397104,0.4062286722410429,1.5633204496699626
1080,18.0,feeder2_1386,0.4054771176935056,1.5597790543420156,0.40548993373381453,1.5596993089569668
1080,18.0,feeder2_1551,0.40432935763510736,1.5591679225173753,0.4043352046528554,1.559092522319755
1080,18.0,feeder2_1400,0.40515528164725534,1.5581039239724002,0.4051605268106521,1.5580283294841295
1080,18.0,feeder2_1552,0.40127927629287724,1.5559057139587082,0.4012891112695009,1.555830327388385
1080,18.0,feeder2_1408,0.4047870792313485,1.5559722446068727,0.4047935592841914,1.5558960534043413
1080,18.0,feeder2_1553,0.399605489262792,1.5565962858497828,0.39961040387564584,1.5565241092288356
1080,18.0,feeder2_1416,0.40485450124265016,1.554854867631222,0.4048611698074829,1.5547781138032355
1080,18.0,feeder2_1530,0.4081742263639775,1.5511563324693323,0.4081774541813297,1.551080374432309
1080,18.0,feeder2_1425,0.40473321155864467,1.5546666579570994,0.40473810956249784,1.554593142279671
1080,18.0,feeder2_1589,0.40239347344483084,1.5535957714976911,0.40240076173598366,1.5535237311121375
1080,18.0,feeder2_1435,0.40474475936717447,1.5547537474293418,0.4047551600480677,1.5546741864167681
1080,18.0,feeder2_1621,0.4046729604908668,1.5556627310140574,0.4046783149316135,1.5555903804246045
1080,18.0,feeder2_1564,0.40472772785371924,1.5546662773773776,0.40474032228172385,1.554590088801811
1080,18.0,feeder2_1704,0.43260015578804634,1.6948005612048673,0.43260616602956625,1.6947014036966819
1080,18.0,feeder2_1525,0.42850392473221227,1.6878194336416834,0.4285119260685434,1.6877162722083994
1080,18.0,feeder2_1716,0.4282865218661803,1.6898073062483494,0.4282930413507825,1.6897063143752853
1080,18.0,feeder2_1537,0.42810939615150645,1.686898458566417,0.4281173388246112,1.6867947505686716
1080,18.0,feeder2_1645,0.4280778534133198,1.686878784391114,0.42808645934376877,1.6867765064050306
1080,18.0,feeder2_1561,0.42766508982973117,1.6858675435114008,0.42766972365764894,1.6857634551820853
1080,18.0,feeder2_1657,0.4284859341019864,1.684953744651379,0.4284980890891883,1.6848429649364474
1080,18.0,feeder2_1570,0.42744533269000673,1.6856431001531291,0.4274561686178508,1.6855339020892122
1080,18.0,feeder2_1756,0.4296968788630291,1.681522987101191,0.42970710751847835,1.6814152607069661
1080,18.0,feeder2_1588,0.4272687383815978,1.6856622938708439,0.4272818004903864,1.6855509576821501
1080,18.0,feeder2_1628,0.42742110078864703,1.685353484831217,0.42743125993254716,1.6852449750978966
1080,18.0,feeder2_1598,0.42705734857310557,1.6857627747017192,0.42706215193527725,1.685658693398862
1080,18.0,feeder2_1816,0.4315743102804277,1.6924710946106603,0.43157813351226,1.6923687635289613
1080,18.0,feeder2_1765,0.4286558401999525,1.688071507739091,0.42866461066842526,1.6879620638789592
1080,18.0,feeder2_1641,0.4253987640658794,1.6832006696893418,0.42540523208832476,1.6830919608525927
1080,18.0,feeder2_1689,0.42404442167316764,1.6813742535807692,0.4240494374008172,1.6812649880757635
1080,18.0,feeder2_1744,0.4255197096504193,1.682947884438988,0.42552543573598733,1.6828380780293608
1080,18.0,feeder2_1817,0.42403298629205094,1.681315245439906,0.42404170100593613,1.6812055521081244
1080,18.0,feeder2_1779,0.4246014663071607,1.6820145424189876,0.42461260816945534,1.6818974806428268
1080,18.0,feeder2_1800,0.41907632767558756,1.6793407504510458,0.41908883602365343,1.6792301469702762
1080,18.0,feeder2_1818,0.41563660665770963,1.6724373600320759,0.41563686707076286,1.6723248043675354
1080,18.0,feeder2_1753,0.42587949466209474,1.68221302332155,0.4258863535646593,1.6821045253530027
1080,18.0,feeder2_1754,0.42552591779647775,1.6829330044026738,0.425537212047869,1.6828190416269702
1110,18.5,secondary,0.052347514134192884,0.02812390728950714,0.05234966967038661,0.028128078431432207
1110,18.5,feeder2_44,0.09757114108034456,0.14691291587357863,0.09757687518598536,0.14694026764917636
1110,18.5,feeder2_45,0.09887099503909554,0.1472869466850913,0.09887449285068486,0.14732036440014898
1110,18.5,feeder2_46,0.1044298789657093,0.19777193026438833,0.10442472615036977,0.19780351189628442
1110,18.5,feeder2_51,0.10112521225151946,0.14797622298883917,0.10113044440474357,0.14800545891045688
1110,18.5,feeder2_48,0.0990357344079672,0.14721372194367482,0.0990389513131872,0.14724218329144045
1110,18.5,feeder2_52,0.09777955636492788,0.14789764872433364,0.09778646238289151,0.14792094662102312
1110,18.5,feeder2_68,0.10810107760285356,0.15091115696140583,0.10810780859754128,0.15095494433275286
1110,18.5,feeder2_69,0.10831778422893577,0.1558048514154693,0.1083255737605811,0.15584777088391802
1110,18.5,feeder2_71,0.10899550784403478,0.151114007339283,0.10900110131855371,0.15115901656935474
1110,18.5,feeder2_72,0.11428848261084658,0.14950464412159414,0.11429387533636948,0.14955201224994266
1110,18.5,feeder2_73,0.11171876413846862,0.15193863299605473,0.11172992790344273,0.15198436141162225
1110,18.5,feeder2_74,0.11083307089974578,0.15114076803361742,0.11083849510360001,0.1511916617382099
1110,18.5,feeder2_77,0.11408879897866248,0.15285726032947244,0.11409270980449752,0.15291364694676485
1110,18.5,feeder2_79,0.11487378304989311,0.17553663376458076,0.11487732880478146,0.17558491878620625
1110,18.5,feeder2_81,0.11697787310648798,0.1463266759514914,0.11698851736328614,0.1463841825397717
1110,18.5,feeder2_82,0.1216428052984216,0.14509742125894423,0.12165138997196638,0.14516197133837605
1110,18.5,feeder2_116,0.12950426167254073,0.12303649640626069,0.12951683381095813,0.12314784285527237
1110,18.5,feeder2_119,0.12887560038046805,0.12204102643014259,0.12889002791326168,0.12214905045594424
1110,18.5,feeder2_120,0.13442361072340103,0.11792815584944967,0.13443879119939106,0.11806217508495878
1110,18.5,feeder2_248,0.13303870704649848,0.11569064033241479,0.1330537373422166,0.11582207284899122
1110,18.5,feeder2_124,0.13769657496152446,0.1168948414289837,0.13771093490741212,0.11704523770599465
1110,18.5,feeder2_282,0.14070577023763087,0.1176268764834223,0.14072020270059582,0.11778432038582684
1110,18.5,feeder2_275,0.13611487419535168,0.11489480709317947,0.13613134139808752,0.11504648676861383
1110,18.5,feeder2_151,0.14341517850315177,0.11789971700978816,0.143430803050739,0.11807642238050528
1110,18.5,feeder2_295,0.1430263058914118,0.11937337684508675,0.14304090704687844,0.11954616655201662
1110,18.5,feeder2_311,0.14320702376715094,0.11899098126257421,0.14322035267420669,0.11916957378629743
1110,18.5,feeder2_201,0.15256641222569067,0.1228995400932439,0.15258643667194827,0.12311481491121211
1110,18.5,feeder2_314,0.15651646899763547,0.12378816574093744,0.15653697378577625,0.12400926658198168
1110,18.5,feeder2_342,0.1640227316472023,0.1383421223460657,0.16404358363176882,0.13859893111491228
1110,18.5,feeder2_368,0.1626401123447259,0.131045909078127,0.16266330658533276,0.13130683347601607
1110,18.5,feeder2_347,0.1715618480884014,0.1621776019874931,0.17158498414294748,0.16244974956166627
1110,18.5,feeder2_353,0.17501577624380799,0.17281706092665594,0.1750415773737998,0.17309694313410148
1110,18.5,feeder2_518,0.17500959136194352,0.16492803804014558,0.17503538647593467,0.16520045010890097
1110,18.5,feeder2_365,0.17886322942025668,0.18479389023308845,0.1788914853881977,0.18508135560882003
1110,18.5,feeder2_653,0.17493717476178125,0.17272794326708024,0.17496070967744917,0.1730075084382164
1110,18.5,feeder2_377,0.18072163933257687,0.19180634812817277,0.18074969436786353,0.19209689298546184
1110,18.5,feeder2_622,0.17636724292914263,0.18521949527944087,0.17638939140751056,0.18550802956214027
1110,18.5,feeder2_451,0.16331454832194753,0.13166240103581542,0.16333843832967876,0.13192105048663172
1110,18.5,feeder2_383,0.16027500274447604,0.11872981878753328,0.16029723688803624,0.11898539334297956
1110,18.5,feeder2_385,0.18282825869141198,0.20022037654560823,0.18285462237245864,0.2005144383708197
1110,18.5,feeder2_621,0.18013933183715997,0.19180561027882906,0.18016557050697285,0.19209670647678023
1110,18.5,feeder2_611,0.16007019841042303,0.11719690860898493,0.16009614427616414,0.11745226839084007
1110,18.5,feeder2_405,0.16013752669010692,0.11804266917356289,0.1601601113810791,0.11830290952774296
1110,18.5,feeder2_461,0.19210952234303824,0.24036765731322296,0.19214026439205462,0.24067491204812214
1110,18.5,feeder2_594,0.1821117928706637,0.19808086151335527,0.18214258702808767,0.19837381720410083
1110,18.5,feeder2_732,0.1404023310348068,0.08925049982486882,0.14043105486728505,0.08950715390134358
1110,18.5,feeder2_417,0.16078579800800513,0.11908465203509229,0.16080878993839023,0.11933952621805939
1110,18.5,feeder2_663,0.16056015754310698,0.11921846805511317,0.16058198642834662,0.1194787979003765
1110,18.5,feeder2_444,0.16123943997777154,0.11992026525466859,0.16126078199811444,0.12017843832427273
1110,18.5,feeder2_759,0.16807115502841669,0.12266698373626299,0.1680891156195335,0.12292631962220503
1110,18.5,feeder2_842,0.16080766613735603,0.12028776587091766,0.16083233905320307,0.12054398997809132
1110,18.5,feeder2_459,0.16126377479465326,0.12001250175855868,0.16128613097525785,0.12026987147128408
1110,18.5,feeder2_702,0.1637336923122343,0.12129764521316737,0.1637546984642709,0.12155853376869383
1110,18.5,feeder2_493,0.16108926815538419,0.11982745173567917,0.16111171205878697,0.12008535450392374
1110,18.5,feeder2_651,0.19155301170776765,0.24001895622071653,0.19158371314374187,0.24032619034564415
1110,18.5,feeder2_684,0.19967411956159495,0.27567975563481395,0.1997087301339088,0.27599518996154154
1110,18.5,feeder2_674,0.1606654329181712,0.11932093112883074,0.16068921952764323,0.1195783125552734
1110,18.5,feeder2_696,0.16124492401578785,0.12189226217553327,0.16126820577938072,0.12215077952670117
1110,18.5,feeder2_681,0.15983453644896345,0.11829421981841036,0.15985805944935863,0.11854890058777237
1110,18.5,feeder2_682,0.16017231075949198,0.11878061294940329,0.16019457890507752,0.11903765168767481
1110,18.5,feeder2_728,0.20000450166128614,0.27979623857681657,0.20003881288633735,0.2801073928655033
1110,18.5,feeder2_724,0.2076722261086658,0.30326879400156675,0.20770933094893138,0.3035977525107431
1110,18.5,feeder2_703,0.16123139135406736,0.12192047335570545,0.1612521348604473,0.12217630715619339
1110,18.5,feeder2_704,0.1603987043903415,0.12312041141663609,0.1604217668063304,0.12337538957891436
1110,18.5,feeder2_754,0.20775757693993302,0.30336250409803767,0.2077924787456723,0.30369467547695
1110,18.5,feeder2_747,0.21093278873646984,0.31448273301196256,0.21097051897317592,0.3148198438142304
1110,18.5,feeder2_828,0.19927231563378736,0.2789750619387966,0.19930690614970198,0.2792862063552966
1110,18.5,feeder2_763,0.20094337285486855,0.2873884678242728,0.20097763859259188,0.2876953697908381
1110,18.5,feeder2_836,0.2098776612640549,0.31312085992737443,0.20991367030919933,0.31346080878296306
1110,18.5,feeder2_758,0.21362842364315046,0.3249296267345138,0.2136645768908047,0.32527450792577534
1110,18.5,feeder2_788,0.21638965986514855,0.32734111184893583,0.21642702502019054,0.32768286059910506
1110,18.5,feeder2_812,0.22121399610533612,0.3538574596182065,0.2212554218792357,0.35421664442035133
1110,18.5,feeder2_947,0.20873171632660087,0.295128512738284,0.20876687641620414,0.2954322645548976
1110,18.5,feeder2_868,0.21023734722719312,0.29729501385915935,0.21027371487470453,0.29759726753454785
1110,18.5,feeder2_785,0.19945258334455132,0.2833814637534905,0.1994862098543842,0.2836848578743634
1110,18.5,feeder2_1176,0.19806608420757876,0.28100356488083555,0.19810103197851536,0.2813102734513751
1110,18.5,feeder2_846,0.19141362206230836,0.2759542699663318,0.19145327000657328,0.27624991473400545
1110,18.5,feeder2_911,0.19989554069016197,0.28438603947007884,0.19993183112596455,0.2846897366142201
1110,18.5,feeder2_1107,0.2168828087909894,0.3279684777442222,0.21692260424466428,0.32832330461199544
1110,18.5,feeder2_920,0.22453722255617314,0.369161833592825,0.2245775944330064,0.3695283923400676
1110,18.5,feeder2_926,0.22956575865306564,0.3921876896548642,0.22960744480058107,0.39256249079180894
1110,18.5,feeder2_1239,0.22444847995794637,0.3689258844401137,0.22448771375749285,0.3692932355585913
1110,18.5,feeder2_933,0.23164502022038114,0.4019433738830396,0.23168875112187107,0.40232246044996195
1110,18.5,feeder2_1146,0.23026063174972494,0.39430688017877735,0.23030225151508166,0.3946801209754389
1110,18.5,feeder2_1124,0.23152547704542786,0.40180735468329776,0.2315662013437528,0.4021868469692795
1110,18.5,feeder2_942,0.23688904602878635,0.4268347307387386,0.236934730643402,0.4272235937328185
1110,18.5,feeder2_952,0.24058661290388986,0.43948702749877977,0.24063298589292112,0.4398924422135114
1110,18.5,feeder2_965,0.23741506043081853,0.4299825143624081,0.2374603812465037,0.430368012482847
1110,18.5,feeder2_961,0.24092628367652674,0.44069081199466015,0.24097258257272333,0.4410940158166607
1110,18.5,feeder2_963,0.24059965114836362,0.439525814246806,0.24064535418292793,0.4399324301715653
1110,18.5,feeder2_973,0.24279250410900421,0.4473252475239905,0.24283900482631815,0.4477406922936999
1110,18.5,feeder2_1128,0.2408287829724901,0.4404279532506297,0.2408757340846212,0.4408317364651003
1110,18.5,feeder2_1113,0.24177823724950143,0.44028113202656927,0.24182171500475697,0.44068764082273854
1110,18.5,feeder2_1143,0.24061839988683756,0.43966230707022086,0.24066436807813804,0.44006612242885945
1110,18.5,feeder2_1238,0.28629252002593264,0.4794274734529264,0.28633896698814343,0.47981017370526186
1110,18.5,feeder2_979,0.23741217218825675,0.42997465159283554,0.2374539346688806,0.4303627251729512
1110,18.5,feeder2_1236,0.24548579358169434,0.458116420531277,0.24553419604111915,0.45854416506169554
1110,18.5,feeder2_989,0.24279342911933208,0.4473190669157987,0.24283882210749183,0.44773694924376134
1110,18.5,feeder2_1196,0.23737092940934557,0.4299378697768954,0.23741532749463468,0.43032708704330463
1110,18.5,feeder2_1158,0.24201843820238025,0.44679365176579716,0.24206326278412116,0.4472089475581772
1110,18.5,feeder2_1122,0.21481718539969633,0.3214950718175481,0.21485805409810632,0.3218448445684816
1110,18.5,feeder2_1258,0.21451419436575567,0.3248394133802347,0.21455134617577995,0.3251991753414988
1110,18.5,feeder2_1303,0.21680703882651764,0.3236207093121019,0.21684797669407643,0.32397110879345575
1110,18.5,feeder2_1138,0.21308452330864644,0.31593002235182344,0.21312677327092797,0.31627527708090614
1110,18.5,feeder2_1304,0.21292179643257325,0.31434609228679383,0.21296431799364982,0.31468776509919544
1110,18.5,feeder2_1212,0.20961056259730554,0.30629237637249784,0.20965266253985212,0.3066233232590634
1110,18.5,feeder2_1311,0.21417355045223724,0.31092817760376484,0.21421668532658839,0.31125669215121066
1110,18.5,feeder2_1290,0.20464573567584,0.29222131815908214,0.20468729327369795,0.2925344693835707
1110,18.5,feeder2_1325,0.24865342159406104,0.4764413922593914,0.24869964023686827,0.4768862394902483
1110,18.5,feeder2_1248,0.2454621728889622,0.45810688845799197,0.24551042458282393,0.45853373963336386
1110,18.5,feeder2_1249,0.2994878925457335,0.49299120021915593,0.29953503064226006,0.4933759417985693
1110,18.5,feeder2_1250,0.28891610512192917,0.4817022501690117,0.2889611739613693,0.4820858376347483
1110,18.5,feeder2_1366,0.24052547369259153,0.45645533297709207,0.2405691243071997,0.4568893853564968
1110,18.5,feeder2_1266,0.21425071213350794,0.3244629823776071,0.2142900415410543,0.3248222244782857
1110,18.5,feeder2_1372,0.2046973312871413,0.29227715820848327,0.20473942612552937,0.29258814505214714
1110,18.5,feeder2_1363,0.19935277884886538,0.2794218899484353,0.19939660973140239,0.2797099858320571
1110,18.5,feeder2_1446,0.2625896873726939,0.49024821870458934,0.2626399028964698,0.4906873885301736
1110,18.5,feeder2_1502,0.24912110289532213,0.4785484135372462,0.24917106215614848,0.47901017118988515
1110,18.5,feeder2_1428,0.1922042556371258,0.2749083111450631,0.19224899821574756,0.2751892731698418
1110,18.5,feeder2_1380,0.1967834749977268,0.2719315294229667,0.19682771673684663,0.2722044283344409
1110,18.5,feeder2_1550,0.19873831763819386,0.2739932835492664,0.19878339486616314,0.27426382503720986
1110,18.5,feeder2_1386,0.19532882979265165,0.26754491573802036,0.19537349905880638,0.26781023400497944
1110,18.5,feeder2_1551,0.19433815470882027,0.26358448774810345,0.1943825569945617,0.2638458140856949
1110,18.5,feeder2_1400,0.19482109215894766,0.26636464943845684,0.19486675666062547,0.2666267721394959
1110,18.5,feeder2_1552,0.19264748343356902,0.26511935744671566,0.1926897786885893,0.2653785409087862
1110,18.5,feeder2_1408,0.1941535667862765,0.26445890747684936,0.19419707152306395,0.26471775319589647
1110,18.5,feeder2_1553,0.1924990313736912,0.2638438558804188,0.19254389804782446,0.2640994064601598
1110,18.5,feeder2_1416,0.19392411655262431,0.2635717063796401,0.19397043381786735,0.263829201788329
1110,18.5,feeder2_1530,0.19404296710684854,0.2636930054127168,0.1940847582318437,0.2639495028283945
1110,18.5,feeder2_1425,0.1934774743668899,0.26183699788723547,0.19352124518575148,0.2620929974766126
1110,18.5,feeder2_1589,0.19253212044416068,0.25813859182606047,0.19257577419722471,0.2583897117770045
1110,18.5,feeder2_1435,0.19346057896982669,0.2618116971186269,0.19350488990736348,0.2620666264936634
1110,18.5,feeder2_1621,0.1934256919993197,0.26171282654981803,0.19346802965024623,0.26196913611706685
1110,18.5,feeder2_1564,0.19325349687620585,0.26163437533165745,0.19329924647985122,0.2618844274048001
1110,18.5,feeder2_1704,0.24772182301328305,0.47896620793959327,0.2477693114782233,0.4794269693785405
1110,18.5,feeder2_1525,0.24926699887431372,0.4790225626788269,0.24931769945508298,0.4794851895618139
1110,18.5,feeder2_1716,0.24726565234377584,0.4801084398149689,0.24731503356015122,0.4805722418038667
1110,18.5,feeder2_1537,0.24946173070664662,0.4794231493194919,0.24951370844781942,0.47988998391430193
1110,18.5,feeder2_1645,0.24943707094479906,0.47939861824612795,0.2494886322173202,0.47986553123152403
1110,18.5,feeder2_1561,0.2496863793600687,0.4798899065395626,0.2497398523635608,0.48036397235626654
1110,18.5,feeder2_1657,0.2505611368042588,0.4804273001525382,0.2506110468148305,0.48089945188307454
1110,18.5,feeder2_1570,0.24973089259997605,0.47994238645400944,0.2497830756955611,0.4804172991555768
1110,18.5,feeder2_1756,0.2584219685688823,0.4879492167007537,0.25847591431836653,0.48842077118507315
1110,18.5,feeder2_1588,0.24967022885514895,0.47945846906917133,0.24972358173059656,0.47993556899999973
1110,18.5,feeder2_1628,0.2500929462871471,0.4799140199206959,0.2501476594911433,0.48039216454117356
1110,18.5,feeder2_1598,0.24957522296073348,0.478714275185063,0.249631151219174,0.4791953830358435
1110,18.5,feeder2_1816,0.24776955303059048,0.47739529439115147,0.24782159795314565,0.47787504393021085
1110,18.5,feeder2_1765,0.24880342813112022,0.4780083225661141,0.24885415833968585,0.47849000840576733
1110,18.5,feeder2_1641,0.2489264489918235,0.47613950525015847,0.24898026640951973,0.47663202407882427
1110,18.5,feeder2_1689,0.24786089847714607,0.47182181505661036,0.2479154747174107,0.47232647519196086
1110,18.5,feeder2_1744,0.2504766542475525,0.4773869886590792,0.2505325415710931,0.47787918730374696
1110,18.5,feeder2_1817,0.2474682882393371,0.4694883275583174,0.2475248298830791,0.4699907993911705
1110,18.5,feeder2_1779,0.24708572035023013,0.4720437547012439,0.24714217630911783,0.4725479237474918
1110,18.5,feeder2_1800,0.24581647903231924,0.46966671344541605,0.2458734162674315,0.4701681809105583
1110,18.5,feeder2_1818,0.24344151885873502,0.46724041230182706,0.2435153568330439,0.4677677577906711
1110,18.5,feeder2_1753,0.2533174608925118,0.4803479266470755,0.25337053919500674,0.4808392055745719
1110,18.5,feeder2_1754,0.25093122047448596,0.4776071478976123,0.2509847556589769,0.47809980924445605
1140,19.0,secondary,0.006435167736251454,0.022316258460793166,0.006428241434459748,0.02227761717684485
1140,19.0,feeder2_44,0.012021952106769209,0.11684106431645687,0.012014487190640511,0.11664006838327035
1140,19.0,feeder2_45,0.012277941105330172,0.12076304725019314,0.012270066937489062,0.1205576237287748
1140,19.0,feeder2_46,0.011141011513757964,0.11383591134917824,0.011119287571392938,0.11364211485181862
1140,19.0,feeder2_51,0.012770720662995519,0.1269961875845793,0.012760819558666606,0.126779761297369
1140,19.0,feeder2_48,0.01848772051657985,0.12984936125897012,0.0185360525211127,0.12963734808636124
1140,19.0,feeder2_52,0.014118732143286373,0.12821577819709132,0.014109506558783548,0.12800025224318506
1140,19.0,feeder2_68,0.014189498705162283,0.1447994670460061,0.014167267930994211,0.14456029215312788
1140,19.0,feeder2_69,0.013274755513741061,0.14174481904182978,0.013243143410283044,0.1415057675768215
1140,19.0,feeder2_71,0.014418232883343597,0.14736953342579687,0.014395166834243545,0.14713285261321885
1140,19.0,feeder2_72,0.012328588586212738,0.1476713206524138,0.012321921040185998,0.14742628105466546
1140,19.0,feeder2_73,0.015160855987916309,0.1555340504293269,0.015134955419407679,0.15528686438261294
1140,19.0,feeder2_74,0.01830259824946152,0.15753274259910355,0.018282655880467222,0.1572858319189966
1140,19.0,feeder2_77,0.015680371770415064,0.16225428087299684,0.015651399272962226,0.16199677446517058
1140,19.0,feeder2_79,0.016847351591145265,0.15899767143121818,0.016812908124889444,0.15873450200082015
1140,19.0,feeder2_81,0.0165879492137393,0.17423338603146032,0.01655722429017622,0.1739574054923105
1140,19.0,feeder2_82,0.013540896966984068,0.17459122422165047,0.013522399115789731,0.17431033883142752
1140,19.0,feeder2_116,0.021288639215788857,0.22999193194004575,0.0212391794349567,0.22966321507552212
1140,19.0,feeder2_119,0.03783189432012006,0.247132735623577,0.0377967444207229,0.24681133421419116
1140,19.0,feeder2_120,0.020921935836678677,0.24123919977787261,0.02086641579368647,0.24088420618303885
1140,19.0,feeder2_248,0.022641018228423036,0.24308931602614062,0.022587544906459613,0.24273287287678355
1140,19.0,feeder2_124,0.020546819909708792,0.24740839834849884,0.02048811883957943,0.2470386989106888
1140,19.0,feeder2_282,0.020419512156096577,0.24738575386826425,0.020362528695529347,0.24701316352267638
1140,19.0,feeder2_275,0.035469283124022304,0.26281440034834785,0.03542790776661844,0.2624507890762481
1140,19.0,feeder2_151,0.017594067450556063,0.24776727383823824,0.01752751441655886,0.247363052404725
1140,19.0,feeder2_295,0.017597208721572388,0.24768243673494858,0.017532610446868453,0.24728071760090242
1140,19.0,feeder2_311,0.017656745403048707,0.24724505115957637,0.017590323482709055,0.24684140771981397
1140,19.0,feeder2_201,0.01300755074682575,0.2491128676044132,0.012929456042385195,0.24865653625321332
1140,19.0,feeder2_314,0.012320041863378468,0.2497528277620546,0.012237696724227533,0.24930426567518282
1140,19.0,feeder2_342,0.008256017797367761,0.24989046854750613,0.008156356665331781,0.24936710082150393
1140,19.0,feeder2_368,0.006090050371502083,0.2510313186361346,0.005987777393921178,0.2504923511505159
1140,19.0,feeder2_347,0.010421438196753842,0.2486393653893903,0.010324224109384165,0.24808949047080311
1140,19.0,feeder2_353,0.012147502543307378,0.24799781872294424,0.012051477929072112,0.24743937584156012
1140,19.0,feeder2_518,0.008795038135711218,0.24940438594916034,0.008713227476116756,0.24885060624551342
1140,19.0,feeder2_365,0.01417301823169435,0.24746559835347992,0.014080102445024258,0.2469052849827838
1140,19.0,feeder2_653,0.012134421616738968,0.24809924900370592,0.012036088019240571,0.24753972987251566
1140,19.0,feeder2_377,0.014721625393439484,0.25014010249015406,0.014624271599070445,0.24956568954537364
1140,19.0,feeder2_622,0.02879975329618503,0.23554786319408666,0.02872062918095048,0.23500475668159823
1140,19.0,feeder2_451,0.00997511636379757,0.2526833619157068,0.010063786153607925,0.25213876408819375
1140,19.0,feeder2_383,0.006167852212537336,0.2532401635468415,0.00606896934676904,0.2527120040111961
1140,19.0,feeder2_385,0.015348627674271009,0.25325772841726124,0.015253831610860535,0.2526780778012613
1140,19.0,feeder2_621,0.014824971353128125,0.25005570419128575,0.014730109177660017,0.24948236775085558
1140,19.0,feeder2_611,0.006571098989887654,0.2543822100338943,0.006471820881022962,0.253853702169498
1140,19.0,feeder2_405,0.006163265019685686,0.25331696826335065,0.006063922574432807,0.2527897081981414
1140,19.0,feeder2_461,0.017744570069827978,0.2637663970631236,0.017645589336315808,0.2631517174498217
1140,19.0,feeder2_594,0.015139894842800605,0.2545105583748329,0.015042130948038218,0.25393124321028304
1140,19.0,feeder2_732,0.007938587707161814,0.2573145877455401,0.007851813109676125,0.2567846250836117
1140,19.0,feeder2_417,0.006047464498253064,0.2529757627134727,0.005946551303029309,0.25244569217017043
1140,19.0,feeder2_663,0.009098790085479373,0.24988155448814478,0.009003368819848336,0.24935117585819133
1140,19.0,feeder2_444,0.005810643870827813,0.25361743026825934,0.005710414573324464,0.25308119550023794
1140,19.0,feeder2_759,0.004816721372493912,0.25339535147041287,0.004720000417390757,0.25286419866075444
1140,19.0,feeder2_842,0.008168031658248176,0.2512122269817289,0.008072196606838694,0.25068009114242096
1140,19.0,feeder2_459,0.005720748463460434,0.2539959200182249,0.005623822496508192,0.25346505198177766
1140,19.0,feeder2_702,0.005181896623753789,0.25649485616166107,0.005128756764826774,0.25596198739271725
1140,19.0,feeder2_493,0.00573252415568307,0.25457898661982187,0.005636412254145282,0.25405406084874066
1140,19.0,feeder2_651,0.028963736448981064,0.2547562263113801,0.028872844095038392,0.254154332329092
1140,19.0,feeder2_684,0.01781381628663228,0.2819397114234844,0.01770348922821763,0.2812841035158887
1140,19.0,feeder2_674,0.005589694977785635,0.25495321044317715,0.0054880845262715704,0.25442074784892904
1140,19.0,feeder2_696,0.005755230576529667,0.2544528488041648,0.005654253570571324,0.2539226052458416
1140,19.0,feeder2_681,0.005611232850128363,0.25501997026143525,0.005510270254130035,0.2544873403828052
1140,19.0,feeder2_682,0.005578397449683239,0.25640939717988426,0.005481197481407774,0.25588522844406286
1140,19.0,feeder2_728,0.01748419378727588,0.2800486068069913,0.017372576700207757,0.2793817545922699
1140,19.0,feeder2_724,0.018994557008960033,0.3050419006520132,0.018871688278031155,0.3043488705826944
1140,19.0,feeder2_703,0.005888031069861446,0.25430459802346594,0.00579231335926041,0.2537767104244485
1140,19.0,feeder2_704,0.00576489852798779,0.25444198322989947,0.005666103119216405,0.2539118671606594
1140,19.0,feeder2_754,0.011344466603940164,0.3034647017925698,0.011264041218411448,0.3027612052897568
1140,19.0,feeder2_747,0.020805816211022777,0.3160289592324318,0.02067788516802161,0.3153288326888999
1140,19.0,feeder2_828,0.01747761609745356,0.28010309800862887,0.017363094937507432,0.2794376887286448
1140,19.0,feeder2_763,0.017034293740487393,0.2772176219173226,0.0169301000605068,0.2765484875377393
1140,19.0,feeder2_836,0.024681213931626284,0.3125322177985439,0.02455790997983734,0.3118365275168694
1140,19.0,feeder2_758,0.022228029929577876,0.32699616199268267,0.02209646341376702,0.3262952973695025
1140,19.0,feeder2_788,0.020106211789881725,0.3265141655351184,0.019976579401858128,0.3258055590239749
1140,19.0,feeder2_812,0.02757934198681591,0.36199632915392804,0.027435629422962363,0.36127521275454744
1140,19.0,feeder2_947,0.01502410854410794,0.27856559546181214,0.014955933103777914,0.27788361270402334
1140,19.0,feeder2_868,0.016976878333319356,0.27720060291226417,0.0168752917109703,0.27653520277905086
1140,19.0,feeder2_785,0.017111902426559925,0.2754241565598493,0.017010680179631373,0.27475514052433314
1140,19.0,feeder2_1176,0.02486195143522633,0.26778871006761823,0.024757679832851903,0.2671212398572714
1140,19.0,feeder2_846,0.01709507788939273,0.27551797962469543,0.016993491642747008,0.27484880960033287
1140,19.0,feeder2_911,0.01631844883891128,0.2747129876897519,0.01621901527199577,0.27404000350053836
1140,19.0,feeder2_1107,0.03327681094598512,0.4010384589284357,0.033131810886220914,0.4003248123146164
1140,19.0,feeder2_920,0.027684778603349017,0.3611147729991044,0.027542723147557124,0.36038349899122546
1140,19.0,feeder2_926,0.027843991249560985,0.3596276915403912,0.027700741746674327,0.3588906512083245
1140,19.0,feeder2_1239,0.027720116887816646,0.36134556098029685,0.0275763958399135,0.3606187873605803
1140,19.0,feeder2_933,0.027993587386429757,0.35887357450481133,0.027848374057208313,0.35813351333299664
1140,19.0,feeder2_1146,0.02752732464674692,0.3601293784508569,0.027383479580925026,0.35939041420689755
1140,19.0,feeder2_1124,0.03604828936798116,0.3515171482653082,0.035905093410461913,0.3507789946021913
1140,19.0,feeder2_942,0.027577349224697748,0.363325546772572,0.027431901655217486,0.3625660138415475
1140,19.0,feeder2_952,0.027681659753820618,0.36905893919505056,0.027527957285586623,0.36827205796415846
1140,19.0,feeder2_965,0.027486844184669557,0.36343564776520687,0.027337662146796483,0.36267323480996955
1140,19.0,feeder2_961,0.02772377980236866,0.36963966283836425,0.027569816223556174,0.3688490887894229
1140,19.0,feeder2_963,0.02767532781885924,0.36906726112312666,0.027519367953257223,0.3682764173894295
1140,19.0,feeder2_973,0.027883466001518996,0.37183418660563616,0.027725157411225547,0.3710324220650147
1140,19.0,feeder2_1128,0.02784180342390244,0.3711891464537044,0.027682274146488408,0.3703976466866604
1140,19.0,feeder2_1113,0.027281568456478812,0.36934500047218927,0.02712510814334879,0.36855540146220556
1140,19.0,feeder2_1143,0.02764757353937723,0.3690083214738399,0.027491799695860342,0.36822228153604913
1140,19.0,feeder2_1238,0.02272008660068823,0.3642310606403254,0.022579551401476914,0.3634571879134124
1140,19.0,feeder2_979,0.0274881421356049,0.36357453125970995,0.027340378501093263,0.3628147371341452
1140,19.0,feeder2_1236,0.02797356566392468,0.3768150185594985,0.027809133287012167,0.3759809621166985
1140,19.0,feeder2_989,0.027884966361481946,0.37181889689815634,0.02772528166501059,0.3710146087957469
1140,19.0,feeder2_1196,0.027091570131000636,0.36409109907635195,0.026941204816385785,0.3633262605403738
1140,19.0,feeder2_1158,0.030008581434184424,0.36973473311744753,0.029851436232246696,0.368936850653145
1140,19.0,feeder2_1122,0.03535437190272026,0.4192878803667345,0.03520945486226834,0.41857258480604886
1140,19.0,feeder2_1258,0.0367875696212013,0.3971819869664974,0.0366413662148903,0.39646234721467866
1140,19.0,feeder2_1303,0.03280360457865332,0.4198451151605445,0.03265925566497676,0.41912473263817285
1140,19.0,feeder2_1138,0.03731512765137078,0.4335797533594236,0.03717106658138767,0.43286566733153725
1140,19.0,feeder2_1304,0.044874156860567276,0.44662800672925096,0.0447368287233304,0.445918483576278
1140,19.0,feeder2_1212,0.03964854343247099,0.45299258177511825,0.03950369023987421,0.4522766174427996
1140,19.0,feeder2_1311,0.03643375046205556,0.45338529804402494,0.0362879506774361,0.45266577653620904
1140,19.0,feeder2_1290,0.043278400281624246,0.4769483840607952,0.043135058149211626,0.476233780451525
1140,19.0,feeder2_1325,0.02810892816629827,0.3844203791859861,0.027939602707950793,0.38355944867427794
1140,19.0,feeder2_1248,0.027977310507666296,0.37681109909925503,0.02781236593064237,0.3759777533346625
1140,19.0,feeder2_1249,0.022014363637542216,0.3646249766611445,0.021874798793643426,0.3638432750572255
1140,19.0,feeder2_1250,0.021528853160353387,0.36389970090439067,0.021390950200782126,0.3631179164940317
1140,19.0,feeder2_1366,0.028883876781583884,0.3758816159422138,0.02872071537590979,0.3750508050195221
1140,19.0,feeder2_1266,0.038241174291510124,0.39561914138886173,0.03809758836838617,0.39490950720803
1140,19.0,feeder2_1372,0.04209549209964008,0.4775837942554745,0.041949304145187764,0.4768642614594437
1140,19.0,feeder2_1363,0.04775233681914398,0.501969539255934,0.04761103667743773,0.5012603663395379
1140,19.0,feeder2_1446,0.025996287330269596,0.38427998918905837,0.02582917018148777,0.3834115822435806
1140,19.0,feeder2_1502,0.029002204612674373,0.3934834611130677,0.02882746470526881,0.39258094695113716
1140,19.0,feeder2_1428,0.0490515797419656,0.5039956275080992,0.048910452906016186,0.5032848067878348
1140,19.0,feeder2_1380,0.05266378546415696,0.5291244212510158,0.05252352745835579,0.5284210210475904
1140,19.0,feeder2_1550,0.05184096546821468,0.5297877801665181,0.05170130580917245,0.5290825804379461
1140,19.0,feeder2_1386,0.05521664602437065,0.5421121813192863,0.055078230794716826,0.5414127017533047
1140,19.0,feeder2_1551,0.05508783210095864,0.5426698225581245,0.0549515275671516,0.5419760742878836
1140,19.0,feeder2_1400,0.056413720120054835,0.5481397540570335,0.056274192416169246,0.5474433382756608
1140,19.0,feeder2_1552,0.05918537690570507,0.5522842928636092,0.05905120148177061,0.5515861838473557
1140,19.0,feeder2_1408,0.05846643176995192,0.5584562472297101,0.05833108232464132,0.5577607567071503
1140,19.0,feeder2_1553,0.059943668287489094,0.5605473101507479,0.05980680007304851,0.5598567159172506
1140,19.0,feeder2_1416,0.05944273382478899,0.5633570423541615,0.059307757882873846,0.562662415396109
1140,19.0,feeder2_1530,0.05932478793732786,0.5633088000916656,0.05918835373985965,0.562615915981884
1140,19.0,feeder2_1425,0.06131870854352154,0.5727340582670117,0.061183338172306735,0.5720400713768568
1140,19.0,feeder2_1589,0.06137290034973097,0.5728129866463363,0.06123677554138238,0.5721185045704049
1140,19.0,feeder2_1435,0.06169574194313856,0.574615189666346,0.061561266086947036,0.5739290429783471
1140,19.0,feeder2_1621,0.06171918321929362,0.5745340559653009,0.061582320376185475,0.5738378364786049
1140,19.0,feeder2_1564,0.06618347334132624,0.5969492723049739,0.06604761422240421,0.5962647167853499
1140,19.0,feeder2_1704,0.030249870095800664,0.3920382843241071,0.030074196770846596,0.3911398967333574
1140,19.0,feeder2_1525,0.02922543527986341,0.39630565627586706,0.029047467543595162,0.39540024014673636
1140,19.0,feeder2_1716,0.032309698286626276,0.39292485971009594,0.03213448235569981,0.39202024421968634
1140,19.0,feeder2_1537,0.029428070805752046,0.39996939841409884,0.029249042674612355,0.3990505322200388
1140,19.0,feeder2_1645,0.028944785045756254,0.40034209024660866,0.02876426823225657,0.3994223284476173
1140,19.0,feeder2_1561,0.02967320848569585,0.4038722397504299,0.029492805703422127,0.4029406375612644
1140,19.0,feeder2_1657,0.02888788136980586,0.40365309958608053,0.028704590368792256,0.40271929904537207
1140,19.0,feeder2_1570,0.0298205214941071,0.40563019182300136,0.02963610994942856,0.404686542975906
1140,19.0,feeder2_1756,0.024082986435206212,0.4065894378615807,0.023904038566982817,0.40563754783670414
1140,19.0,feeder2_1588,0.030050935533143152,0.40725623626854973,0.029866319998501308,0.4063119474867611
1140,19.0,feeder2_1628,0.029814020460601803,0.40717995196853307,0.02962909216919567,0.4062309514357586
1140,19.0,feeder2_1598,0.030357466400060762,0.4093387385378347,0.030172664490348104,0.4083889591988595
1140,19.0,feeder2_1816,0.03050111322462823,0.40913444089480455,0.030314266487470178,0.40818026226761855
1140,19.0,feeder2_1765,0.03095493319980791,0.4085345804966198,0.030769750626000403,0.40758497791385767
1140,19.0,feeder2_1641,0.031902770445308974,0.4199519502630988,0.03171265359511307,0.41897313117982266
1140,19.0,feeder2_1689,0.03419802131155069,0.4295935616874663,0.03400321365933157,0.42859648257372596
1140,19.0,feeder2_1744,0.029135431141485226,0.41986976262710396,0.02894615195621113,0.4188855344251403
1140,19.0,feeder2_1817,0.03463527094759201,0.43190605202327603,0.034441580760655593,0.4309110990461132
1140,19.0,feeder2_1779,0.03487761558596314,0.4288831965498046,0.03468270627799062,0.42788760687699756
1140,19.0,feeder2_1800,0.04367645906999895,0.44522967452858664,0.0434948240379569,0.4442429775899796
1140,19.0,feeder2_1818,0.035712823734552826,0.4237660667153935,0.035487702483477684,0.4227259491061593
1140,19.0,feeder2_1753,0.025418764241575454,0.4208136875317246,0.02522910537308129,0.4198221027853683
1140,19.0,feeder2_1754,0.028050341006115587,0.41962164363252485,0.027860892185061208,0.4186336203856688
1170,19.5,secondary,0.03411214162845408,0.04217403712437283,0.03410843266746999,0.04215818051248821
1170,19.5,feeder2_44,0.06378310866377823,0.2210043753127051,0.06378437967427575,0.22093689673641712
1170,19.5,feeder2_45,0.06457823996842628,0.22689021231641798,0.06457663592152225,0.22681954450593034
1170,19.5,feeder2_46,0.08964835796763086,0.232345170009971,0.0896454790922923,0.23228761673512838
1170,19.5,feeder2_51,0.06605057131416638,0.2374487165310957,0.06604938120666426,0.23737225358832992
1170,19.5,feeder2_48,0.06279728841250848,0.2247471143519687,0.06279282355258198,0.2246774354622851
1170,19.5,feeder2_52,0.06648442788675422,0.2388079520821802,0.06648387971457921,0.23872936666191627
1170,19.5,feeder2_68,0.07016603084537186,0.2668459835914259,0.0701620853056785,0.2667555842347133
1170,19.5,feeder2_69,0.07223246756211782,0.2686385688731411,0.07223062455019157,0.2685498756571585
1170,19.5,feeder2_71,0.07071505967951303,0.270639955989984,0.07071705501529829,0.2705473155989465
1170,19.5,feeder2_72,0.06730191947412975,0.2667803854174799,0.06730143631070865,0.26668998959320683
1170,19.5,feeder2_73,0.07254760150335512,0.28297839575508654,0.07254822725106196,0.28288063709724215
1170,19.5,feeder2_74,0.07100447267908389,0.28561436380675653,0.0710020474333372,0.2855173932814466
1170,19.5,feeder2_77,0.0741507652126859,0.29317402279454297,0.07415252755306426,0.29307083078250645
1170,19.5,feeder2_79,0.0768524449892834,0.2935378159993064,0.0768556163770838,0.2934372633203481
1170,19.5,feeder2_81,0.07655804618904327,0.30905701198849833,0.07656168497320079,0.3089476516027217
1170,19.5,feeder2_82,0.07337796487734058,0.30534937657929095,0.0733775788542354,0.3052394371083246
1170,19.5,feeder2_116,0.08865922609370926,0.3846377395040013,0.08865948223706238,0.3844910974969943
1170,19.5,feeder2_119,0.0928542639681337,0.3941401706985592,0.09286576969139702,0.3939862328977576
1170,19.5,feeder2_120,0.09200882523660345,0.40854206492540074,0.09201356552425678,0.40838550578081156
1170,19.5,feeder2_248,0.09161094733026638,0.4121057826130327,0.09161641044869799,0.4119456426378571
1170,19.5,feeder2_124,0.09392945292595811,0.42195383571901507,0.09393310642604862,0.4217869451073232
1170,19.5,feeder2_282,0.09194834142729477,0.4197992617140922,0.09195318529501492,0.4196304231787863
1170,19.5,feeder2_275,0.09312218283102557,0.4237427945536509,0.09312620497907857,0.42357613179392456
1170,19.5,feeder2_151,0.09753315965312578,0.44557683087641275,0.09753579743084027,0.44539894364392063
1170,19.5,feeder2_295,0.09855373831675271,0.4462601385776128,0.09855778195120568,0.4460814759611591
1170,19.5,feeder2_311,0.09832511623548389,0.4461446875903975,0.09832945929281228,0.44597143411556445
1170,19.5,feeder2_201,0.1033546912066672,0.4831002098127194,0.10336235391712678,0.4829044085840034
1170,19.5,feeder2_314,0.10326910037899183,0.4830094149000999,0.10327320180936615,0.4828132678823043
1170,19.5,feeder2_342,0.11170373405097836,0.5368164143140439,0.11170988475901189,0.5365910886324536
1170,19.5,feeder2_368,0.11225551926705835,0.5389614480117519,0.11226246238330488,0.5387370905080118
1170,19.5,feeder2_347,0.11517871749946473,0.5592600424883071,0.11518347415096417,0.5590191610554953
1170,19.5,feeder2_353,0.11712981787447832,0.5715128954947664,0.1171364985254269,0.5712655095381409
1170,19.5,feeder2_518,0.11327697014182289,0.5572244213112071,0.1132831276313796,0.556985476803504
1170,19.5,feeder2_365,0.11927174993560591,0.5850644254486623,0.11927623576512665,0.5848109470590799
1170,19.5,feeder2_653,0.1172569317167687,0.5716366873937583,0.11726377861211414,0.5713886194029947
1170,19.5,feeder2_377,0.12028106947759364,0.590268287392801,0.12028434799006286,0.5900088771720445
1170,19.5,feeder2_622,0.1291650451151661,0.592558532875947,0.12916459338951386,0.5923072413844647
1170,19.5,feeder2_451,0.11049090505820504,0.5371228348235636,0.1104946065265727,0.5368985009236049
1170,19.5,feeder2_383,0.1135529383583405,0.5439301232392881,0.11355586171633308,0.5437071101767368
1170,19.5,feeder2_385,0.12143613154676548,0.5959955682155299,0.12144336587051657,0.5957264261371005
1170,19.5,feeder2_621,0.12129608986213547,0.5910269438912737,0.1213027827361783,0.590764170831189
1170,19.5,feeder2_611,0.1139692252491187,0.5445489679874785,0.11397321188488438,0.544325963575049
1170,19.5,feeder2_405,0.1136224619560574,0.5442151343177073,0.113627607452567,0.5439942657964062
1170,19.5,feeder2_461,0.1257528947449993,0.6158489690823814,0.125761045964456,0.6155537615474969
1170,19.5,feeder2_594,0.12139633984944256,0.5982636325481224,0.12140327010806919,0.5979952222735192
1170,19.5,feeder2_732,0.1146867056998811,0.5463818809960626,0.11469107294252973,0.5461618929349145
1170,19.5,feeder2_417,0.1140115145387571,0.5459739275517931,0.11401711226854026,0.5457532733742345
1170,19.5,feeder2_663,0.11695778541418829,0.5468948735490179,0.11695990030437033,0.5466770227640525
1170,19.5,feeder2_444,0.11411201700963806,0.5469567504424112,0.11411457010581513,0.5467371996031158
1170,19.5,feeder2_759,0.11183192683894022,0.5445799088163389,0.11183523828720492,0.5443599939387997
1170,19.5,feeder2_842,0.12352388362751324,0.5536323868694922,0.12352059947865934,0.5534185977126114
1170,19.5,feeder2_459,0.11409132947327066,0.54701410837423,0.11409277272524253,0.5467968850721158
1170,19.5,feeder2_702,0.11272538832863878,0.545539889395403,0.11273000423214805,0.5453203014508191
1170,19.5,feeder2_493,0.11417237855265297,0.5478149643685837,0.11417442139939797,0.5475955351746093
1170,19.5,feeder2_651,0.12756185031908418,0.616631141202591,0.1275660032061338,0.6163370927960843
1170,19.5,feeder2_684,0.1292361465953757,0.631194900740142,0.1292480407088935,0.6308770427932898
1170,19.5,feeder2_674,0.11412192153714464,0.5483629260613729,0.11412320437034966,0.5481441567902211
1170,19.5,feeder2_696,0.11418956149452734,0.5479195282605857,0.11418868597940786,0.5477012289341541
1170,19.5,feeder2_681,0.11443940341379219,0.5488780367086156,0.11444211870651577,0.5486604763136701
1170,19.5,feeder2_682,0.11345647932356576,0.5498526479403709,0.11346157679583745,0.549632620489546
1170,19.5,feeder2_728,0.12903779743383756,0.6313364306647729,0.1290507863640565,0.6310183013502557
1170,19.5,feeder2_724,0.13332260910954585,0.6468972350892529,0.13333633515910395,0.6465587126883697
1170,19.5,feeder2_703,0.11430504805027956,0.5480238407034272,0.11430756350423513,0.5478041382413992
1170,19.5,feeder2_704,0.1141980165645396,0.5479270694777838,0.11419682992462417,0.5477087156133282
1170,19.5,feeder2_754,0.13239147711787147,0.6459260388194421,0.13240345121051852,0.645584825741093
1170,19.5,feeder2_747,0.13512664371650504,0.6539197447443288,0.1351406572324823,0.6535703455804843
1170,19.5,feeder2_828,0.12932858363762526,0.6317724850437749,0.1293400481554619,0.6314552647827999
1170,19.5,feeder2_763,0.1285349764594958,0.6309839764486234,0.1285485645398209,0.6306673378866766
1170,19.5,feeder2_836,0.14082213125302334,0.6546240759712344,0.1408355062564586,0.6542768466844817
1170,19.5,feeder2_758,0.1364344643016547,0.6594583496307354,0.13644746902567811,0.6590991748620036
1170,19.5,feeder2_788,0.1336161754732866,0.6565264094485941,0.13363017627166396,0.6561665302097776
1170,19.5,feeder2_812,0.14132363885239566,0.6808750244799436,0.14133937604727173,0.6804865937393388
1170,19.5,feeder2_947,0.12419303765451442,0.6264308176375529,0.12420192531240146,0.6261150764811058
1170,19.5,feeder2_868,0.12818944819668368,0.6305932103159166,0.1282013049972601,0.6302760617548618
1170,19.5,feeder2_785,0.12859035016788462,0.6320483094446201,0.1286026989763256,0.6317312659592113
1170,19.5,feeder2_1176,0.13168568559522362,0.634988571333998,0.13169375425579719,0.6346735155309241
1170,19.5,feeder2_846,0.1282778544353919,0.6328388129857022,0.12828862862278584,0.6325244796900532
1170,19.5,feeder2_911,0.12856216625998262,0.6319408719273395,0.12857070320357597,0.6316267237915664
1170,19.5,feeder2_1107,0.1466067624437363,0.700961209888475,0.14662869906638556,0.7005632322913327
1170,19.5,feeder2_920,0.14129494033040024,0.6816570363336133,0.14131250641624865,0.6812623876700141
1170,19.5,feeder2_926,0.14116425077309946,0.6825887057612487,0.14118470606508834,0.6821889767721341
1170,19.5,feeder2_1239,0.14139926679702755,0.6819521756081786,0.14141753889147435,0.6815609011151713
1170,19.5,feeder2_933,0.14119892840394394,0.6835314899594592,0.14121626012072125,0.6831267938732588
1170,19.5,feeder2_1146,0.14072882351472635,0.680121064666934,0.140748864733943,0.6797216260075951
1170,19.5,feeder2_1124,0.141625058975072,0.6840920789012465,0.14164392763308828,0.683687016347019
1170,19.5,feeder2_942,0.14131354411958313,0.6853403674292836,0.14133611937673957,0.6849269033711801
1170,19.5,feeder2_952,0.14073038702149623,0.6819834029306233,0.14074874266072437,0.6815652595445815
1170,19.5,feeder2_965,0.14141224752103612,0.686138606284496,0.14143347769915432,0.6857241222685995
1170,19.5,feeder2_961,0.14070725944704168,0.6818547852797124,0.14072750824615765,0.6814326488016806
1170,19.5,feeder2_963,0.14072199983338549,0.6819359992926679,0.14074308429342083,0.6815148017056042
1170,19.5,feeder2_973,0.1405446715593415,0.680543077074735,0.14056387247675545,0.6801171164155281
1170,19.5,feeder2_1128,0.14078357249343243,0.6830193233698019,0.1408038481547751,0.6825981443106657
1170,19.5,feeder2_1113,0.13971459034429345,0.6808880153943239,0.13973428496862345,0.6804661119064002
1170,19.5,feeder2_1143,0.14069812182947314,0.6817959378567524,0.14071976424230406,0.6813728580033545
1170,19.5,feeder2_1238,0.13611825035922429,0.6809119071399042,0.13613591822823443,0.68049848879847
1170,19.5,feeder2_979,0.1416432820599458,0.6876370980360276,0.14166153728611425,0.6872239948723374
1170,19.5,feeder2_1236,0.14009587067861703,0.6779874500280612,0.14011215834413676,0.6775529028253796
1170,19.5,feeder2_989,0.14054660646642686,0.6805493556053146,0.14056587616544267,0.6801212833606167
1170,19.5,feeder2_1196,0.14270110282709475,0.6942809318537225,0.14272574268666205,0.6938667515393127
1170,19.5,feeder2_1158,0.1431984199005933,0.6810363191600799,0.143212912500904,0.68061028975874
1170,19.5,feeder2_1122,0.14866240204679865,0.7084116128160253,0.14868715147341088,0.708005374754731
1170,19.5,feeder2_1258,0.1484209093367614,0.7016638827109758,0.14844052477845895,0.701268657741476
1170,19.5,feeder2_1303,0.14685990815336303,0.7065593758726307,0.14688246126326993,0.7061567881828669
1170,19.5,feeder2_1138,0.1504248232178025,0.7151571455960439,0.15045003324527068,0.7147475193685748
1170,19.5,feeder2_1304,0.15652523953668354,0.7228291578655199,0.1565539054283893,0.7224185771932149
1170,19.5,feeder2_1212,0.15250194884177026,0.7242624590747262,0.15252626762991978,0.7238520259626836
1170,19.5,feeder2_1311,0.1481064817881521,0.7202302947369378,0.1481314498623288,0.7198176398344712
1170,19.5,feeder2_1290,0.15591483578817447,0.739485101925319,0.15593992011364474,0.7390686599063836
1170,19.5,feeder2_1325,0.13919061877675595,0.6745380866812682,0.13920905837380812,0.6740912521348625
1170,19.5,feeder2_1248,0.14010675383507282,0.6779865682926016,0.14012324616543573,0.6775532083926008
1170,19.5,feeder2_1249,0.1354910740419035,0.68026168696011,0.13550977784114415,0.6798490540206384
1170,19.5,feeder2_1250,0.13393637884324552,0.6788183744767822,0.1339531792667051,0.6784031176583507
1170,19.5,feeder2_1366,0.14286914035869847,0.6777036043098075,0.1428841067834686,0.6772681001465564
1170,19.5,feeder2_1266,0.14889514569788703,0.7020346359011639,0.14891403394169833,0.7016378137737072
1170,19.5,feeder2_1372,0.155318162698008,0.7388256100952482,0.1553452922093292,0.7384099117776757
1170,19.5,feeder2_1363,0.1597751022446379,0.7572296838579125,0.15980631549014412,0.7568073893870572
1170,19.5,feeder2_1446,0.13729997387461965,0.6725711547277359,0.13731748305579614,0.6721232782616114
1170,19.5,feeder2_1502,0.13865847714858845,0.6733621450362219,0.13867768303245329,0.6729001301472608
1170,19.5,feeder2_1428,0.16043233701182041,0.759680263048338,0.1604629646611769,0.7592581823835216
1170,19.5,feeder2_1380,0.16391745966229326,0.7755867259223342,0.16394939191731298,0.7751608536826111
1170,19.5,feeder2_1550,0.16115909211407753,0.7727927959470084,0.16119117658012985,0.7723641039692266
1170,19.5,feeder2_1386,0.16619760513961698,0.7861906305781166,0.16622896882893015,0.7857615863594781
1170,19.5,feeder2_1551,0.16628019550799258,0.7862807155324933,0.1663140596294701,0.7858496958652508
1170,19.5,feeder2_1400,0.16727934342792378,0.7912512758898674,0.16731204142081346,0.7908207843624785
1170,19.5,feeder2_1552,0.1692064445476315,0.7962227717567688,0.16924063766532205,0.7957919353286913
1170,19.5,feeder2_1408,0.16907108189322384,0.7993564850903255,0.16910145815868521,0.7989263669489979
1170,19.5,feeder2_1553,0.18147097193119546,0.8169479540799752,0.18151106352947446,0.8165129288771318
1170,19.5,feeder2_1416,0.16909826956477,0.7999733870929145,0.16912719180149793,0.7995426603763737
1170,19.5,feeder2_1530,0.16760213548666106,0.7992959279262511,0.16763160561515683,0.7988630110826065
1170,19.5,feeder2_1425,0.16937913460628115,0.8016078871037005,0.16941333552615861,0.8011742839839292
1170,19.5,feeder2_1589,0.16896834835788152,0.8035653203547707,0.1689979972452648,0.8031352245362691
1170,19.5,feeder2_1435,0.16942365409565846,0.8017475744174946,0.16945614628523198,0.8013124144788765
1170,19.5,feeder2_1621,0.16945959096229601,0.8017840681439965,0.1694910566259597,0.8013529292941973
1170,19.5,feeder2_1564,0.16995768258746255,0.8033481586043824,0.16999064188602656,0.8029158502741138
1170,19.5,feeder2_1704,0.13987399743973644,0.6745385230124266,0.13988757347149666,0.6740784902949917
1170,19.5,feeder2_1525,0.1385208128640087,0.672577794883686,0.13853646578340192,0.6721141626470781
1170,19.5,feeder2_1716,0.14489477642894033,0.6721245255049141,0.14490768958713215,0.6716624161593108
1170,19.5,feeder2_1537,0.13823707710185165,0.6716800761525856,0.1382524503721976,0.671210788544975
1170,19.5,feeder2_1645,0.13825567425296845,0.6716984867544764,0.1382703542997973,0.6712290533652102
1170,19.5,feeder2_1561,0.13791163518327565,0.6706545184364229,0.13792901354830928,0.6701776081931413
1170,19.5,feeder2_1657,0.13707253932111405,0.6697794995697692,0.13708805972167296,0.6693046634427716
1170,19.5,feeder2_1570,0.13780943044512478,0.6704254905836837,0.1378274733618863,0.6699467665434269
1170,19.5,feeder2_1756,0.12966398494117826,0.6619261875214835,0.12968140281456889,0.6614447410888955
1170,19.5,feeder2_1588,0.13783255548795842,0.6707749105340873,0.13785174067109704,0.6702942663735361
1170,19.5,feeder2_1628,0.13725313122023985,0.6701707642940572,0.1372692004952356,0.669692111474015
1170,19.5,feeder2_1598,0.1378934879442735,0.6713916442960198,0.13790973970104375,0.6709073665192439
1170,19.5,feeder2_1816,0.13803144575711862,0.6715563871438002,0.13804715378669535,0.6710726554969313
1170,19.5,feeder2_1765,0.13892918311088062,0.6723706289722505,0.13894504464287086,0.671887475646031
1170,19.5,feeder2_1641,0.1381894841077401,0.6738485889706404,0.1382068498577696,0.6733524569109899
1170,19.5,feeder2_1689,0.13870530853052426,0.6774013758399576,0.1387201691642884,0.6768926026760973
1170,19.5,feeder2_1744,0.13731711929826937,0.6729389573416137,0.137334302799458,0.672440980373485
1170,19.5,feeder2_1817,0.13916359932419187,0.678396505538287,0.1391815339516192,0.6778839435742862
1170,19.5,feeder2_1779,0.13962754024734525,0.67832609540666,0.1396448826689598,0.6778156233092055
1170,19.5,feeder2_1800,0.13877855354099072,0.6783056800652517,0.1387926950999862,0.6777960343856412
1170,19.5,feeder2_1818,0.1390161775921197,0.6785043715211243,0.13902176197787788,0.6779674346139986
1170,19.5,feeder2_1753,0.13470856864528233,0.6702189983622797,0.13472418900445998,0.6697211512393682
1170,19.5,feeder2_1754,0.13728089570359533,0.672901179203869,0.1372959132599603,0.672402797169541
1200,20.0,secondary,0.02852611337946729,0.028801784761090937,0.028487002797021165,0.0288414598490425
1200,20.0,feeder2_44,0.05341259445571689,0.1511400181689869,0.05333914572542241,0.15135508268792255
1200,20.0,feeder2_45,0.05453995190541806,0.1571446712038529,0.054462404135199836,0.1573709054837998
1200,20.0,feeder2_46,0.05192346091510853,0.13633497855446775,0.051858611902843375,0.13655636751423184
1200,20.0,feeder2_51,0.05658410420284685,0.16713952984177638,0.05651187812347245,0.16737520237056344
1200,20.0,feeder2_48,0.0507698603261704,0.16044671656042553,0.05069964130359792,0.16066184715738738
1200,20.0,feeder2_52,0.05924166421292099,0.16934885820134693,0.05916669642755833,0.16958727548761554
1200,20.0,feeder2_68,0.062208639344715995,0.19445746064227334,0.06212295452263927,0.1947296319389126
1200,20.0,feeder2_69,0.06101856226358204,0.19239900583520675,0.06093988642418845,0.1926657080092936
1200,20.0,feeder2_71,0.06298120625198868,0.19818146851357213,0.0628996101338789,0.19845343890101874
1200,20.0,feeder2_72,0.06193345996466313,0.1985650883750707,0.06185018074935661,0.1988333753046685
1200,20.0,feeder2_73,0.06539542923512062,0.20984263971297887,0.06531100045710939,0.2101300132119608
1200,20.0,feeder2_74,0.0858337624536263,0.2259989159477776,0.08575069204694608,0.22630027960276244
1200,20.0,feeder2_77,0.06685575898301478,0.21716052523766383,0.06677041453947481,0.21745768326032958
1200,20.0,feeder2_79,0.06562105993141967,0.2147275847707036,0.06553428084521101,0.21502353167943125
1200,20.0,feeder2_81,0.06937752994875487,0.22962792877548427,0.06928811731871745,0.2299366405496019
1200,20.0,feeder2_82,0.06108435919168379,0.2384895230380401,0.060991618796960946,0.2387688980511562
1200,20.0,feeder2_116,0.08056348512593223,0.2817695583506859,0.0804583071392933,0.28218019615428214
1200,20.0,feeder2_119,0.09125175039028283,0.28948669488843093,0.09114247470367272,0.2899118820556366
1200,20.0,feeder2_120,0.083518864618314,0.29667635569975637,0.08340639438279933,0.2971180232738019
1200,20.0,feeder2_248,0.08538460834289785,0.29820241141655784,0.08527326423417353,0.2986470845183745
1200,20.0,feeder2_124,0.08520891030576726,0.30520583424512254,0.08509153611936801,0.30566682698498704
1200,20.0,feeder2_282,0.08430026675019213,0.3055396082535621,0.084184855764295,0.3059956274049051
1200,20.0,feeder2_275,0.0893557010836072,0.30600918467649274,0.08923752689126145,0.30648130037204746
1200,20.0,feeder2_151,0.08738729052182122,0.3192039135550495,0.08726255360070428,0.3196999453345178
1200,20.0,feeder2_295,0.08647665150059063,0.31769403457934237,0.08635601079560012,0.3181854909366957
1200,20.0,feeder2_311,0.08672052194531797,0.3180477301821736,0.08659687386025604,0.3185438119768077
1200,20.0,feeder2_201,0.09178863724092938,0.34610607004800953,0.09165059555436975,0.3466536017886018
1200,20.0,feeder2_314,0.09042588229116959,0.347406013676294,0.09029337632399666,0.34794557172162327
1200,20.0,feeder2_342,0.09853765682623046,0.38191023557723514,0.0983871968218215,0.382525199451008
1200,20.0,feeder2_368,0.10209653913600752,0.39066206332250214,0.10194767839916064,0.3912865726818684
1200,20.0,feeder2_347,0.09766380176377978,0.38359942522453794,0.09750546872927515,0.38422700818845784
1200,20.0,feeder2_353,0.09726430997441315,0.3844679637671125,0.09710472516818291,0.3850972748526417
1200,20.0,feeder2_518,0.09684717736910506,0.38416648613641585,0.09668726521498322,0.38479102833193524
1200,20.0,feeder2_365,0.09670712837845978,0.38470747788640297,0.09653676018713855,0.38534686765637266
1200,20.0,feeder2_653,0.09921295155889147,0.3859871780129548,0.09905351999592135,0.38662008746554244
1200,20.0,feeder2_377,0.0971942213489221,0.3887394883100768,0.09702934504110156,0.38937419944680185
1200,20.0,feeder2_622,0.08879700180234819,0.3696295578709353,0.08863074751826622,0.3702748342415184
1200,20.0,feeder2_451,0.10183700611463413,0.390623971588252,0.1016847799494307,0.39125086600903775
1200,20.0,feeder2_383,0.10792543219705822,0.40526637548052746,0.1077765582893723,0.40591079864441537
1200,20.0,feeder2_385,0.09791100326438004,0.3940251171208055,0.09773799687856496,0.39466524182364615
1200,20.0,feeder2_621,0.09603537749482705,0.3870712924631685,0.09586544417497796,0.3877117161484112
1200,20.0,feeder2_611,0.11044683334127385,0.4066385117062914,0.11029810810033516,0.4072853842035449
1200,20.0,feeder2_405,0.10825348330392626,0.406110845446699,0.10810503579772637,0.40675428854288853
1200,20.0,feeder2_461,0.10091045174437402,0.4148242004599674,0.1007294499960997,0.41545155847020787
1200,20.0,feeder2_594,0.09909947556783251,0.3949219906692131,0.09892492377642384,0.3955637782927343
1200,20.0,feeder2_732,0.1350067941753431,0.428901770962623,0.13486273632656903,0.42956633382508835
1200,20.0,feeder2_417,0.10919006061994915,0.4073133169364928,0.10904803718878593,0.4079553239237561
1200,20.0,feeder2_663,0.10850696581458649,0.40407704615992607,0.10836093950636262,0.4047212384171001
1200,20.0,feeder2_444,0.11005288177453251,0.40922068790674493,0.10990681540520239,0.4098659487174299
1200,20.0,feeder2_759,0.10933015807144504,0.40925483285639014,0.10918035992021166,0.4099030007721796
1200,20.0,feeder2_842,0.10792106560761391,0.40462473019906886,0.10777310301364311,0.40527479269334726
1200,20.0,feeder2_459,0.1104139707864346,0.41016042074928866,0.11026404218746398,0.4108130616998298
1200,20.0,feeder2_702,0.10945398167440086,0.4104364200110282,0.1093044589700154,0.4110813551830859
1200,20.0,feeder2_493,0.11182345974247061,0.413703206114521,0.11167697946991827,0.4143507671563186
1200,20.0,feeder2_651,0.09864189140319816,0.40919530535351983,0.0984525881630288,0.4098279411812845
1200,20.0,feeder2_684,0.10500942932952792,0.4393401210069342,0.10481704115007104,0.43996653261046015
1200,20.0,feeder2_674,0.11526513886213319,0.41659590445850814,0.1151163748560593,0.4172530453822314
1200,20.0,feeder2_696,0.11185857683383027,0.41056115951919014,0.11171223627215739,0.4112130475787059
1200,20.0,feeder2_681,0.11669160182299,0.41779711356774285,0.11654395088045717,0.41845224372191997
1200,20.0,feeder2_682,0.12734275490622188,0.4268353714151816,0.12720039910759914,0.42749273043636304
1200,20.0,feeder2_728,0.10487282761822514,0.44056082053435375,0.10468210695119354,0.4411847636887285
1200,20.0,feeder2_724,0.10973690460157548,0.46242790479861456,0.10953510644021335,0.46305365627493134
1200,20.0,feeder2_703,0.1128343413032924,0.40807868019482224,0.11268926958441323,0.4087217990542835
1200,20.0,feeder2_704,0.11205644416504591,0.41009837004813793,0.11190944290613457,0.41074864846126086
1200,20.0,feeder2_754,0.10871180811530305,0.4641033566156854,0.10850965916194795,0.46472578353535215
1200,20.0,feeder2_747,0.1117677101186064,0.4712130081878476,0.11156003451881776,0.4718385193739077
1200,20.0,feeder2_828,0.10562126038119592,0.44110720000257436,0.10542426584785526,0.4417353053948975
1200,20.0,feeder2_763,0.1044219720185356,0.44147494861806374,0.10422869073578431,0.44209884451374426
1200,20.0,feeder2_836,0.10684597862634097,0.46491350722791736,0.10664026021909011,0.4655364444367819
1200,20.0,feeder2_758,0.11413906240455769,0.4816435697505967,0.11393437330170385,0.4822639986156293
1200,20.0,feeder2_788,0.11417150860352025,0.48302673828643444,0.11396152802420229,0.4836454475448703
1200,20.0,feeder2_812,0.1211675499477272,0.5126571337696061,0.12095355650081012,0.5132807098031447
1200,20.0,feeder2_947,0.10393066090496689,0.4436709475463121,0.10373732265729042,0.4442859817862658
1200,20.0,feeder2_868,0.10392719949359883,0.4420787760016207,0.10373562914967724,0.4427006341501229
1200,20.0,feeder2_785,0.10415907247796541,0.4412488099463607,0.10396340384414389,0.44187901789403
1200,20.0,feeder2_1176,0.1005029190323985,0.43669513817644734,0.1003074406111699,0.43732020558189394
1200,20.0,feeder2_846,0.10485367341610109,0.441099398985182,0.10465945146175702,0.44172570987911586
1200,20.0,feeder2_911,0.1038606444506979,0.44289247305936974,0.10366896136007982,0.443515404685481
1200,20.0,feeder2_1107,0.1233635050745468,0.5240625244752616,0.12314725428823974,0.5247046442747626
1200,20.0,feeder2_920,0.12257398086153218,0.5183023419025508,0.12235162497971264,0.518924531634213
1200,20.0,feeder2_926,0.12452761471452525,0.5267152293354799,0.12430815604491263,0.5273227082495102
1200,20.0,feeder2_1239,0.1227918485108015,0.5184637580355901,0.1225750933490226,0.5190833628448791
1200,20.0,feeder2_933,0.12536315264594475,0.5300640834281639,0.12513951660349903,0.5306747526310764
1200,20.0,feeder2_1146,0.12473886457197414,0.5287321937098355,0.12452046004700765,0.5293337493820294
1200,20.0,feeder2_1124,0.12470029327123441,0.5293609444179501,0.12447754111497791,0.5299692638165763
1200,20.0,feeder2_942,0.12764536854556646,0.5392960313362951,0.1274225816152648,0.5398930332598832
1200,20.0,feeder2_952,0.13016247696658886,0.5518008607673462,0.12992986153836325,0.5523783955506686
1200,20.0,feeder2_965,0.12776769017338177,0.5394914484513281,0.1275421822857203,0.5400899321721977
1200,20.0,feeder2_961,0.1304186805391395,0.5529946561354012,0.13018967211456767,0.55356782240839
1200,20.0,feeder2_963,0.1301672790603209,0.551841046409318,0.12993152342301925,0.5524211633163906
1200,20.0,feeder2_973,0.1313353842253193,0.5564737652272619,0.13109889695154073,0.5570285765075372
1200,20.0,feeder2_1128,0.13126605540718655,0.558313622777726,0.1310351395985315,0.5589079035653283
1200,20.0,feeder2_1113,0.12997055971064236,0.5528533412590638,0.1297387808201306,0.5534288279705668
1200,20.0,feeder2_1143,0.13018718660801779,0.5518943772007974,0.12995040537909824,0.5524735526400955
1200,20.0,feeder2_1238,0.12799128911749996,0.5409960830096081,0.12776461135668699,0.5415922701538752
1200,20.0,feeder2_979,0.1278996082338061,0.5396450528550425,0.1276763437085778,0.5402399951136828
1200,20.0,feeder2_1236,0.13318547627623592,0.5639693427379096,0.1329498218257255,0.5644837722305353
1200,20.0,feeder2_989,0.13133215100931392,0.5564581830836327,0.1311002552638083,0.5570070309895764
1200,20.0,feeder2_1196,0.13115067466120914,0.5400002558156952,0.13092354904173928,0.5406097567117336
1200,20.0,feeder2_1158,0.12966933254487087,0.5545340703168222,0.12943756976789317,0.5550819448713931
1200,20.0,feeder2_1122,0.12593380295227297,0.5366834952638735,0.12571888546577184,0.5373300020047728
1200,20.0,feeder2_1258,0.1151514270813018,0.5140654359829775,0.11493435106395868,0.5147076570431083
1200,20.0,feeder2_1303,0.12675157383447425,0.5438538454412577,0.126541365255653,0.5444701384610537
1200,20.0,feeder2_1138,0.12739161285894987,0.5446640563544082,0.1271752024778119,0.5453242282763089
1200,20.0,feeder2_1304,0.13468570930826146,0.5483305142045933,0.13447016307126028,0.5490041297068726
1200,20.0,feeder2_1212,0.12963995243442875,0.5582355825949726,0.12942484648027577,0.5589094741038192
1200,20.0,feeder2_1311,0.12840092930769698,0.5612204611796955,0.12818746581083187,0.5618891928546484
1200,20.0,feeder2_1290,0.13228826123394627,0.573018093961156,0.1320722324684222,0.5737178515128978
1200,20.0,feeder2_1325,0.13657343856435292,0.5777661702636315,0.13633276419009055,0.5782397989074153
1200,20.0,feeder2_1248,0.13317833054478395,0.5639584105142856,0.13294250868072807,0.5644731383254785
1200,20.0,feeder2_1249,0.12801930386246213,0.5411574471159082,0.12778873081059228,0.5417529715468247
1200,20.0,feeder2_1250,0.1281084481751993,0.5416680987718703,0.12788338504072594,0.5422610707268359
1200,20.0,feeder2_1366,0.13185216220244564,0.5620589150559022,0.13161183324211342,0.5625701076176798
1200,20.0,feeder2_1266,0.10846462262250946,0.5056836139878336,0.10824923865417628,0.5063255169190183
1200,20.0,feeder2_1372,0.1324222374524981,0.5732127299283779,0.13220151179493242,0.5739150185216096
1200,20.0,feeder2_1363,0.1350229810414961,0.5890325407367086,0.13480687687959333,0.5897587825764916
1200,20.0,feeder2_1446,0.1398680203013401,0.5859712678024599,0.13962990224631142,0.5864225201427712
1200,20.0,feeder2_1502,0.138150294420739,0.5847227433704653,0.13790204231871628,0.5851820415075258
1200,20.0,feeder2_1428,0.13643089445216713,0.5899501426840562,0.13620906726198279,0.5906832526335838
1200,20.0,feeder2_1380,0.13809948232442884,0.6072211364437144,0.1378788681461773,0.6079770018922374
1200,20.0,feeder2_1550,0.13779501528315297,0.6083659345275131,0.13757604953330077,0.6091167586910505
1200,20.0,feeder2_1386,0.13950768006121964,0.6157978147253965,0.1392919196691096,0.6165609868909012
1200,20.0,feeder2_1551,0.14122931657101503,0.615411967173007,0.14100882353870348,0.6161846174805083
1200,20.0,feeder2_1400,0.14008728550030108,0.6199602641862878,0.1398645551401998,0.620737813457735
1200,20.0,feeder2_1552,0.1426793407326721,0.6216870276179989,0.1424586447931509,0.6224658394403007
1200,20.0,feeder2_1408,0.1411027039647193,0.6276409935752175,0.14088131391417638,0.6284291547260652
1200,20.0,feeder2_1553,0.15889582365092808,0.6412376228218438,0.15867962779177275,0.6420461235382393
1200,20.0,feeder2_1416,0.14108773792111745,0.6283721722091365,0.1408681264624608,0.6291586262764127
1200,20.0,feeder2_1530,0.1397152778270742,0.629995766914825,0.13949877631500598,0.6307782447441701
1200,20.0,feeder2_1425,0.1411424941652046,0.6289452123549681,0.1409233941585234,0.629731373795051
1200,20.0,feeder2_1589,0.14121427868262457,0.6289993083161771,0.1409961925634092,0.629785216595203
1200,20.0,feeder2_1435,0.14115257389614377,0.6290549559169368,0.1409314311861642,0.6298404006098614
1200,20.0,feeder2_1621,0.14104225321585515,0.628924868272214,0.14082108199430893,0.6297160299196798
1200,20.0,feeder2_1564,0.14130381056235214,0.6304950276024632,0.14108427715011881,0.6312849949491823
1200,20.0,feeder2_1704,0.13568628500334906,0.5820839560660662,0.13543783969271808,0.5825423836310709
1200,20.0,feeder2_1525,0.13877466324928805,0.5875384825253426,0.13852817913714224,0.5879917265599869
1200,20.0,feeder2_1716,0.1354165604142604,0.5839633750806492,0.1351650464757827,0.5844162742884551
1200,20.0,feeder2_1537,0.13959211872353977,0.5912621660081855,0.139338006832542,0.5917123763804494
1200,20.0,feeder2_1645,0.13961673256611115,0.5912771344724713,0.13936048595273445,0.5917302607956191
1200,20.0,feeder2_1561,0.1405285715599636,0.5954955352160827,0.14027637553858663,0.595937305689975
1200,20.0,feeder2_1657,0.14029602038476294,0.5971494420056549,0.14004114095925202,0.5975936173363521
1200,20.0,feeder2_1570,0.1409001263318116,0.5969484765590609,0.14064666548548244,0.5973903530170612
1200,20.0,feeder2_1756,0.14092963322097152,0.604160364450467,0.14067708517269545,0.6045926017737286
1200,20.0,feeder2_1588,0.14119319565215435,0.5978788180642773,0.1409355747531655,0.5983223190825104
1200,20.0,feeder2_1628,0.14089916320573034,0.5991295426794342,0.14064608153873642,0.5995690013476827
1200,20.0,feeder2_1598,0.14154117395113136,0.598710198700028,0.14128520776990225,0.5991505749416347
1200,20.0,feeder2_1816,0.13993126870561348,0.5967313155637635,0.1396720146126336,0.5971622697210784
1200,20.0,feeder2_1765,0.1395311144388817,0.5965794499128878,0.13927092189222579,0.5970234508350164
1200,20.0,feeder2_1641,0.14367727862610763,0.6045127459271049,0.14341561375887432,0.6049523474792502
1200,20.0,feeder2_1689,0.1438419759665716,0.6015419667788733,0.14357635345452652,0.6020057522992027
1200,20.0,feeder2_1744,0.14520524431016069,0.6100357619723522,0.14494928986318972,0.6104611552288055
1200,20.0,feeder2_1817,0.14384521732848235,0.601589681364998,0.14357838444519241,0.6020569094099119
1200,20.0,feeder2_1779,0.14218136275856316,0.5997785663842642,0.1419067873923096,0.6002473618835089
1200,20.0,feeder2_1800,0.15178632821887758,0.6009872351779385,0.15151918554199367,0.6014760601541217
1200,20.0,feeder2_1818,0.1394417521155675,0.5984313819995858,0.13911870041764388,0.598912385910123
1200,20.0,feeder2_1753,0.1533469828653105,0.6250538183977912,0.15310235170474057,0.6254403510972155
1200,20.0,feeder2_1754,0.144897983155822,0.610654303694386,0.14464489171643416,0.6110813359226622
1230,20.5,secondary,0.028734619406713548,0.029400342014796958,0.028718993315383697,0.029412179511357522
1230,20.5,feeder2_44,0.053787812183673935,0.15423744161503933,0.05376345191581873,0.15430923351161394
1230,20.5,feeder2_45,0.05489002751215608,0.15951203231207495,0.05486647253239473,0.15958878589221398
1230,20.5,feeder2_46,0.0471036161079558,0.15053212215622572,0.047077199022498704,0.15060041061693805
1230,20.5,feeder2_51,0.05674589299450034,0.16840227611010314,0.05671424608116813,0.16848405405249162
1230,20.5,feeder2_48,0.05585937961353119,0.16159890200656954,0.05583774506068095,0.1616739167164892
1230,20.5,feeder2_52,0.07910051900145207,0.1643649974413685,0.07907663439679682,0.1644510349205435
1230,20.5,feeder2_68,0.06166061747084515,0.19480611449322724,0.061627767155600886,0.19489497640980039
1230,20.5,feeder2_69,0.06034158285393541,0.19368293335743064,0.06031636634617097,0.19376838700449142
1230,20.5,feeder2_71,0.062341628480080416,0.19837307450996025,0.062313604201529024,0.19846157028338424
1230,20.5,feeder2_72,0.06317400117104292,0.20013197427852283,0.06314082371632734,0.2002220379083441
1230,20.5,feeder2_73,0.06445323465159246,0.20934306494262092,0.06442560020393578,0.20943645190267826
1230,20.5,feeder2_74,0.07229369257543339,0.20535454097090705,0.07226643368479432,0.20545075144235156
1230,20.5,feeder2_77,0.06621473598409126,0.21925031363263223,0.06617972413301126,0.2193475751737681
1230,20.5,feeder2_79,0.06384709303804514,0.21722301448115042,0.0638225839336957,0.21731565676124717
1230,20.5,feeder2_81,0.06923236388948806,0.23580875442643176,0.06920340903256947,0.2359080702355168
1230,20.5,feeder2_82,0.07107327091117638,0.24014312004164282,0.07103738347976776,0.24024233571065842
1230,20.5,feeder2_116,0.08263852125435225,0.3062165321365665,0.08260006718076958,0.30633202046907637
1230,20.5,feeder2_119,0.08266218188631862,0.3062014241417228,0.0826235480663179,0.3063184166271278
1230,20.5,feeder2_120,0.08782426199998981,0.3324867368711624,0.08778465435775712,0.3326088372643525
1230,20.5,feeder2_248,0.0884274099813503,0.3320919185036581,0.08838751551772181,0.3322157719650528
1230,20.5,feeder2_124,0.09109910392042064,0.3487848005959554,0.09106253234334753,0.34890846293923194
1230,20.5,feeder2_282,0.09292237849125574,0.3516521658544157,0.09288366720828659,0.3517763728189607
1230,20.5,feeder2_275,0.09117397429678253,0.3487439793487227,0.09113525282377712,0.34886946418695475
1230,20.5,feeder2_151,0.09655130547216949,0.37554069415754365,0.09651177969358628,0.3756744376082679
1230,20.5,feeder2_295,0.09468214735624444,0.37416910489930244,0.09464016071219881,0.3742993184436728
1230,20.5,feeder2_311,0.09614320526153408,0.37518834529684847,0.09609616190577372,0.3753241767530844
1230,20.5,feeder2_201,0.10633913880354297,0.422975774898157,0.10629235244979957,0.4231197698071552
1230,20.5,feeder2_314,0.10640658380464847,0.4230641704102708,0.10636338341662543,0.4232064367943638
1230,20.5,feeder2_342,0.12046983238482387,0.49044671820284746,0.12041999795649408,0.49060777679639817
1230,20.5,feeder2_368,0.12259108446487779,0.4930975348595393,0.1225429377555775,0.4932568484317344
1230,20.5,feeder2_347,0.12477933586066137,0.5187867378682086,0.12472944736443604,0.5189527133784524
1230,20.5,feeder2_353,0.12673544481404214,0.5318655102245918,0.1266818688340814,0.5320369308489726
1230,20.5,feeder2_518,0.12638557383024374,0.5209201767540768,0.1263360914489835,0.5210834926633949
1230,20.5,feeder2_365,0.12900756360171484,0.5465852167408316,0.12895224328896102,0.5467574964545984
1230,20.5,feeder2_653,0.1269743337386371,0.5314089701509478,0.1269199919177523,0.5315781599929804
1230,20.5,feeder2_377,0.13040159885666602,0.5549244025593253,0.1303463590232607,0.5550985922394369
1230,20.5,feeder2_622,0.12605962387793948,0.5456005946683095,0.12599952971548456,0.5457735428614576
1230,20.5,feeder2_451,0.12374805193805166,0.4944003398829512,0.12369881311235513,0.4945633564351822
1230,20.5,feeder2_383,0.1257254463801089,0.4964171763168572,0.1256735498162729,0.49658053771143634
1230,20.5,feeder2_385,0.13211241111814767,0.5650587567686051,0.13205881859094748,0.5652337838874902
1230,20.5,feeder2_621,0.12849776263276833,0.5535493501025932,0.12843755276749733,0.5537233401548586
1230,20.5,feeder2_611,0.12738454980972788,0.494615802837691,0.12732959564918472,0.49478214632020806
1230,20.5,feeder2_405,0.1259093664928074,0.4967112244661319,0.12585461303209977,0.49687731043901756
1230,20.5,feeder2_461,0.13937406677565992,0.6067625510574427,0.13931298760775387,0.6069475199275443
1230,20.5,feeder2_594,0.1322397031618163,0.5646985629845805,0.13218686141061423,0.5648749801382802
1230,20.5,feeder2_732,0.1322951697795826,0.48996569078418856,0.13224619789392128,0.49013225317106224
1230,20.5,feeder2_417,0.1270433499196211,0.5002987157717316,0.12699451493176594,0.5004603431031815
1230,20.5,feeder2_663,0.1245188917311174,0.4983053303442884,0.12446898423070465,0.49847121976946795
1230,20.5,feeder2_444,0.1280910740526375,0.5036916403875581,0.12804178960883092,0.5038546916731705
1230,20.5,feeder2_759,0.14393601959058108,0.5263894273436164,0.1438869382740734,0.52655244239328
1230,20.5,feeder2_842,0.12504815597083213,0.5016206816847971,0.12499862741855586,0.5017851523972298
1230,20.5,feeder2_459,0.1281509675004992,0.5036022937851101,0.1281029979708966,0.5037631801216533
1230,20.5,feeder2_702,0.12958092152815126,0.5055564501690539,0.1295345800314725,0.5057197977507945
1230,20.5,feeder2_493,0.1281821500074099,0.5025238447317183,0.12812566795847213,0.5026907565801022
1230,20.5,feeder2_651,0.1369313032646288,0.6052850480147363,0.13687127691740347,0.6054685340735952
1230,20.5,feeder2_684,0.14582246993353715,0.6427232527560836,0.14576113178912173,0.6429176230066672
1230,20.5,feeder2_674,0.12894366682664657,0.5016974595836792,0.12889699676840008,0.5018634404878655
1230,20.5,feeder2_696,0.1281473647422166,0.5023910816527342,0.12809599174982575,0.5025568483626748
1230,20.5,feeder2_681,0.1292435419954152,0.5013834511412844,0.12918959279587514,0.5015511802536523
1230,20.5,feeder2_682,0.13182709300113662,0.49880792853179484,0.13177569509287493,0.4989787037432249
1230,20.5,feeder2_728,0.14572385850378503,0.6432045989774936,0.14566325396106533,0.643396701730554
1230,20.5,feeder2_724,0.15271545402795056,0.678521866692126,0.15264798604623434,0.6787258998800455
1230,20.5,feeder2_703,0.12798389791960627,0.5022543684246585,0.12793442053781365,0.5024201351388923
1230,20.5,feeder2_704,0.1281354221765914,0.5023811582133625,0.12808398765545137,0.5025479883204662
1230,20.5,feeder2_754,0.1536007585722459,0.6795388304703949,0.15353303332259136,0.6797426254124254
1230,20.5,feeder2_747,0.15543742727733265,0.6926346346785566,0.1553718399582407,0.6928406227367067
1230,20.5,feeder2_828,0.14583246070217193,0.6428298840570622,0.14577170763467137,0.6430233794657335
1230,20.5,feeder2_763,0.14567516757507695,0.6443620104880522,0.14561563488704368,0.6445532194859213
1230,20.5,feeder2_836,0.14032676242149894,0.682446359669746,0.14026340465770654,0.6826453394980032
1230,20.5,feeder2_758,0.15873316148406574,0.7100137109750966,0.15866759897563165,0.7102271692842513
1230,20.5,feeder2_788,0.16117414212417483,0.7129377635168016,0.1611071752420685,0.7131492219285537
1230,20.5,feeder2_812,0.16809958185856474,0.7602005327940838,0.16802718954241339,0.76043221154793
1230,20.5,feeder2_947,0.14959623813539127,0.6492025477416926,0.14953296759494494,0.6493940332166385
1230,20.5,feeder2_868,0.14574192761789007,0.6444394828742169,0.145674860382832,0.6446327885203448
1230,20.5,feeder2_785,0.14535797864037264,0.6440085259639273,0.14529378586121583,0.6441999951926164
1230,20.5,feeder2_1176,0.13950470134417783,0.642657105865814,0.139445518050786,0.6428448887266295
1230,20.5,feeder2_846,0.14535706140957838,0.6439832602495069,0.14529258057660277,0.644175323528969
1230,20.5,feeder2_911,0.1453876562025619,0.6441126278672127,0.14532295070436171,0.6443068664916847
1230,20.5,feeder2_1107,0.17141873141470226,0.7811008710087011,0.17134761062484402,0.7813438295379288
1230,20.5,feeder2_920,0.16981868798613495,0.7686221741152246,0.16974586108003875,0.7688571550203819
1230,20.5,feeder2_926,0.17244761479922138,0.7813190469638002,0.17237712674121325,0.7815592367971759
1230,20.5,feeder2_1239,0.1697469982757446,0.7684623823077069,0.16967903137337167,0.768696881515813
1230,20.5,feeder2_933,0.17290500425198474,0.7836092430479024,0.17283257498881563,0.783850823976403
1230,20.5,feeder2_1146,0.17578847373002104,0.7970451360631634,0.17571407227792635,0.7972838573625907
1230,20.5,feeder2_1124,0.172273408624831,0.782932158105423,0.17219984214197231,0.7831724488828131
1230,20.5,feeder2_942,0.1741237754212664,0.7900855854565351,0.1740506111768069,0.7903316499418047
1230,20.5,feeder2_952,0.17537540258043574,0.7969759137391702,0.17530388751063514,0.7972294277804574
1230,20.5,feeder2_965,0.17419630185228413,0.7904339803451574,0.17412540532731122,0.7906795315145799
1230,20.5,feeder2_961,0.17522275562600603,0.796364477660118,0.17514668994625707,0.7966165546044491
1230,20.5,feeder2_963,0.17543736882892713,0.7972670010200257,0.1753588671973246,0.7975189827884767
1230,20.5,feeder2_973,0.17460686220771385,0.7943483225688518,0.1745310603590078,0.7946028041521506
1230,20.5,feeder2_1128,0.17489677228935713,0.7942468552652299,0.17482412554302948,0.7945019060570988
1230,20.5,feeder2_1113,0.18086497018000108,0.8041518735247623,0.18078863943209603,0.8044050630570457
1230,20.5,feeder2_1143,0.17546730409193684,0.7974000637945521,0.17538984961370788,0.7976551071536143
1230,20.5,feeder2_1238,0.17967624692074083,0.7996925407988369,0.1796057619003097,0.7999398507601679
1230,20.5,feeder2_979,0.17414421337839253,0.7901260921779735,0.174071321688534,0.7903731696216313
1230,20.5,feeder2_1236,0.17390351200663104,0.7925554871800667,0.17382510188734124,0.7928181062834071
1230,20.5,feeder2_989,0.1746050631961562,0.7943374177358548,0.17452710262007268,0.7945945308918465
1230,20.5,feeder2_1196,0.17483847419787268,0.7886036529196165,0.17476829478404823,0.7888493127600976
1230,20.5,feeder2_1158,0.1729203735806918,0.7931228969211507,0.1728455038111618,0.7933795459587858
1230,20.5,feeder2_1122,0.17295854677226288,0.7903435422982765,0.17289049136479473,0.7905876832533217
1230,20.5,feeder2_1258,0.16959264354790257,0.780052220160383,0.16952236409523622,0.7802913677672249
1230,20.5,feeder2_1303,0.17385752618631678,0.7913935751937632,0.1737859524405152,0.7916353210527791
1230,20.5,feeder2_1138,0.1740979443927674,0.797327822884746,0.17402959109339544,0.797573433191328
1230,20.5,feeder2_1304,0.17409996308826858,0.7973164092080903,0.17402905241207298,0.7975651538943442
1230,20.5,feeder2_1212,0.17653116132655608,0.8122778536403785,0.17646151694759382,0.8125290144162932
1230,20.5,feeder2_1311,0.17674191989703597,0.8146815072112339,0.17667243878264147,0.8149363111976462
1230,20.5,feeder2_1290,0.17929044005713285,0.8289201473474416,0.17921866288428923,0.8291825909205239
1230,20.5,feeder2_1325,0.17332667057463694,0.7908284457269235,0.17324561037435693,0.791097443951003
1230,20.5,feeder2_1248,0.17389416701890717,0.7925529945132913,0.17381608683716557,0.7928157701439768
1230,20.5,feeder2_1249,0.18056676504903355,0.8010967273620637,0.18049498443197207,0.801346715690391
1230,20.5,feeder2_1250,0.18149519181075371,0.8028080928225225,0.18142179622369584,0.8030565161262356
1230,20.5,feeder2_1366,0.17298280147089856,0.7916583009184914,0.17290144068046112,0.7919184287077148
1230,20.5,feeder2_1266,0.16910554291365595,0.7796244640307328,0.1690311546184673,0.7798649598032291
1230,20.5,feeder2_1372,0.18677441801432115,0.8380491975874029,0.1867028753299705,0.8383107042658486
1230,20.5,feeder2_1363,0.1795102693104136,0.8347106526394078,0.17943918859389574,0.8349771211829893
1230,20.5,feeder2_1446,0.17522625617164353,0.7947939032116778,0.1751497037597842,0.7950600284211746
1230,20.5,feeder2_1502,0.1717256526851773,0.7835707832738564,0.17164534590015268,0.7838477605626945
1230,20.5,feeder2_1428,0.17972820608123563,0.8343988496881989,0.17965457257388223,0.8346709821284979
1230,20.5,feeder2_1380,0.1799805994576201,0.8427359650951288,0.17990844728796282,0.8430134133627513
1230,20.5,feeder2_1550,0.1859934249213533,0.8527902451631382,0.18591997369321459,0.8530678197397711
1230,20.5,feeder2_1386,0.17926305155386227,0.8419169212243487,0.17919098802242195,0.8421983484785545
1230,20.5,feeder2_1551,0.17927371657101643,0.841905421499998,0.17919689205367817,0.8421915500637712
1230,20.5,feeder2_1400,0.178934136407709,0.8415906693333888,0.1788597091565567,0.8418789850366495
1230,20.5,feeder2_1552,0.17959013566307064,0.8409577778059705,0.17951569576574508,0.8412462981676109
1230,20.5,feeder2_1408,0.1783617176687052,0.8412285857234199,0.1782860380914526,0.8415209885329985
1230,20.5,feeder2_1553,0.18255210057726767,0.8388313476080012,0.1824781871716532,0.8391283158290541
1230,20.5,feeder2_1416,0.1784164407887347,0.8412830001184548,0.1783471148161366,0.8415688735509025
1230,20.5,feeder2_1530,0.17844664775125021,0.8428167887380652,0.178371326199796,0.8431077766380696
1230,20.5,feeder2_1425,0.1784227146053231,0.8405488410332501,0.17835071617261825,0.8408352972139668
1230,20.5,feeder2_1589,0.1801181317057738,0.8388147816921059,0.1800439048174649,0.8391059024162144
1230,20.5,feeder2_1435,0.17840297893503396,0.8405589363940662,0.17832857071059274,0.8408487266737729
1230,20.5,feeder2_1621,0.17828658844200077,0.840445474354245,0.17820953366246406,0.8407385239485566
1230,20.5,feeder2_1564,0.17818765848472964,0.840816104055778,0.17811263180034698,0.8411073459928293
1230,20.5,feeder2_1704,0.16979518776633135,0.7819323862712066,0.16971405816674456,0.7822039612999117
1230,20.5,feeder2_1525,0.17139880580327896,0.7823726365974764,0.17131779649348264,0.7826489680968697
1230,20.5,feeder2_1716,0.16855725912818842,0.7798840841341803,0.16847336006551736,0.7801583789727834
1230,20.5,feeder2_1537,0.17108257630791718,0.7814522400837055,0.1709967080917377,0.7817325500626934
1230,20.5,feeder2_1645,0.1718742144544583,0.7804465820058011,0.17179282915838862,0.780726647113349
1230,20.5,feeder2_1561,0.17068174228902883,0.7809527634278571,0.17059683249489,0.7812346671283412
1230,20.5,feeder2_1657,0.171836284255876,0.7828258649267398,0.17174914915931266,0.7831102904709859
1230,20.5,feeder2_1570,0.17041867509360592,0.7802770836159056,0.1703347477613027,0.7805598062883049
1230,20.5,feeder2_1756,0.17151610631410075,0.7846453124085283,0.17143179004688805,0.7849284556404861
1230,20.5,feeder2_1588,0.17012314003486617,0.7793478818445726,0.1700360747112699,0.7796330952434768
1230,20.5,feeder2_1628,0.1707945716325577,0.7801307589717037,0.17070491951833514,0.780418961073402
1230,20.5,feeder2_1598,0.16970219186329705,0.7779545744528691,0.16961396213903746,0.7782415589385022
1230,20.5,feeder2_1816,0.16595597551119284,0.7786120543311671,0.165871220105524,0.7788945641928239
1230,20.5,feeder2_1765,0.16910262418190058,0.7773601313165528,0.16901471556090664,0.7776444292989866
1230,20.5,feeder2_1641,0.1679208284000256,0.7713316898095967,0.1678311069631969,0.7716254809345798
1230,20.5,feeder2_1689,0.16622154384705706,0.7648585338403594,0.16612871130907664,0.7651594649161991
1230,20.5,feeder2_1744,0.16840347627102803,0.7718714295943129,0.16831141459277568,0.7721675300839731
1230,20.5,feeder2_1817,0.16631370664870657,0.7635696530425183,0.166222471499308,0.763872295067714
1230,20.5,feeder2_1779,0.1605064452633,0.7620365394634265,0.16041437794396535,0.7623353973561119
1230,20.5,feeder2_1800,0.1660692754598914,0.7620097102876476,0.16598020620292075,0.7623147811530328
1230,20.5,feeder2_1818,0.16053614174524058,0.7634637746134334,0.16042985183078812,0.7637720180097061
1230,20.5,feeder2_1753,0.16978161582892434,0.7734144245618852,0.1696955233583178,0.773707335243053
1230,20.5,feeder2_1754,0.1684379877072645,0.7719092685073105,0.16834808866236378,0.7722045160846035
1260,21.0,secondary,0.00836706175318623,0.006233327427622074,0.00837947676329624,0.006244002143984648
1260,21.0,feeder2_44,0.015573859434196003,0.03251638195080683,0.015596127800235705,0.03257147722378651
1260,21.0,feeder2_45,0.01581289805846394,0.03311910347265304,0.015837682634947055,0.03318291579852332
1260,21.0,feeder2_46,0.01541313787742131,0.037450419539001495,0.015429502067527414,0.03750978575524333
1260,21.0,feeder2_51,0.016153226777483664,0.034438770108457605,0.01617841178423959,0.034500370981533954
1260,21.0,feeder2_48,0.01888586682826564,0.031159663035915098,0.018912889118826645,0.031235458686705124
1260,21.0,feeder2_52,0.014625998337867069,0.034718471129211045,0.014659202570530596,0.034753739524993575
1260,21.0,feeder2_68,0.01751067619327843,0.038539858361647784,0.01753695537740417,0.0386146862921369
1260,21.0,feeder2_69,0.017370454483462312,0.03999160916580416,0.0173948154644716,0.04007074783619919
1260,21.0,feeder2_71,0.017685375976464652,0.03901534694814481,0.01771283286681826,0.03908834543366437
1260,21.0,feeder2_72,0.019337718807244164,0.038085107875604804,0.019366849263550895,0.03817078703661106
1260,21.0,feeder2_73,0.018204962115330563,0.040601304365001735,0.018235580704504737,0.04068026611028181
1260,21.0,feeder2_74,0.015953578619379478,0.03910386445351461,0.015985647159291957,0.039173241101281835
1260,21.0,feeder2_77,0.018757468622369686,0.04227053474955428,0.01878672674394258,0.042362872313394015
1260,21.0,feeder2_79,0.018553977644056766,0.046232487257552315,0.018578900560563744,0.0463176347760132
1260,21.0,feeder2_81,0.019510091189144978,0.04345422610570863,0.01954201932326577,0.04354673281457378
1260,21.0,feeder2_82,0.04493006635556838,0.0364974168436968,0.044962117836519856,0.03669231766919137
1260,21.0,feeder2_116,0.019308297019495754,0.0655845620805064,0.01933679403636186,0.0656222125823971
1260,21.0,feeder2_119,0.0192504919931252,0.06556833548553267,0.01927773966699709,0.06560872040070768
1260,21.0,feeder2_120,0.019525659314686087,0.07475314822182133,0.019552129817077532,0.0747741814790656
1260,21.0,feeder2_248,0.016986508106316724,0.07569997166307087,0.017019110755262832,0.0757078101784876
1260,21.0,feeder2_124,0.020052375586195822,0.08028369910230133,0.020075338364874077,0.08030283141561928
1260,21.0,feeder2_282,0.022313358003160675,0.0778693131372156,0.022341523080830317,0.07789673478962225
1260,21.0,feeder2_275,0.018310919596444434,0.07999351846654758,0.018336978128350216,0.08000423896639114
1260,21.0,feeder2_151,0.02125028453947945,0.09164574594775407,0.021274610765330885,0.09165572909789674
1260,21.0,feeder2_295,0.021809100954923676,0.09343660544531243,0.021828222975368506,0.09344971201197902
1260,21.0,feeder2_311,0.021822164883786032,0.0930702840893828,0.021844391373349228,0.09308169056198107
1260,21.0,feeder2_201,0.022840753147597613,0.1061079041329868,0.022862656419690104,0.10610086767505278
1260,21.0,feeder2_314,0.02367050652797019,0.10526537460629766,0.023690556309861138,0.10525856537126495
1260,21.0,feeder2_342,0.02530153056768446,0.12859613153953753,0.025313592879903257,0.128573646441196
1260,21.0,feeder2_368,0.02518729407065718,0.1284112054973376,0.025200099605826472,0.12838429508467414
1260,21.0,feeder2_347,0.02692858471908642,0.14002012111630693,0.02693666726617984,0.1399894869446173
1260,21.0,feeder2_353,0.02781781381737713,0.14629067286883315,0.027822064465471082,0.14625669584050757
1260,21.0,feeder2_518,0.02743907521768201,0.13883889579249853,0.02744710185195774,0.1388136560332335
1260,21.0,feeder2_365,0.028875193470488995,0.15327402523031225,0.02887680490343129,0.1532389451445384
1260,21.0,feeder2_653,0.0275005594668163,0.14627427266543425,0.027510253643290575,0.14623932392254024
1260,21.0,feeder2_377,0.02937301423257157,0.15663354907000304,0.02937585067583995,0.15659229384658543
1260,21.0,feeder2_622,0.030139150366312657,0.15490386604986664,0.030142743355963144,0.15486734788543544
1260,21.0,feeder2_451,0.025690707061488818,0.12718906789361367,0.02570526977064001,0.1271698773826282
1260,21.0,feeder2_383,0.025016365513309324,0.12904515766191438,0.025032431088610863,0.12901042159414916
1260,21.0,feeder2_385,0.029816930744686023,0.15986418104013864,0.02981886791733774,0.15981911340991398
1260,21.0,feeder2_621,0.03071161416494549,0.15843299062724056,0.030711891611288025,0.15839185796722588
1260,21.0,feeder2_611,0.022979724038138218,0.12898232789986247,0.022993454497543715,0.12894524179175687
1260,21.0,feeder2_405,0.025033745653515755,0.12909945293651123,0.02504540922180689,0.12906929315703677
1260,21.0,feeder2_461,0.03253795057035688,0.17183019033093258,0.03253791580801099,0.17178067211280473
1260,21.0,feeder2_594,0.027439439158375985,0.1607614255160628,0.027436459342603782,0.16071416118809664
1260,21.0,feeder2_732,0.023363846896009385,0.13125159524883329,0.02338293231651305,0.13121361582371843
1260,21.0,feeder2_417,0.025307698819202407,0.12907682908556034,0.02531714013616841,0.12904930849728297
1260,21.0,feeder2_663,0.026538344635049043,0.13095521498950521,0.026543388305618622,0.13093077106616446
1260,21.0,feeder2_444,0.025372786578511806,0.12846295278468042,0.025384912781025865,0.12843243790863831
1260,21.0,feeder2_759,0.028583523812982854,0.12415730863870415,0.028601753078918254,0.1241313220432255
1260,21.0,feeder2_842,0.025426948553811182,0.12855058385344417,0.025442163104375658,0.12851776781024943
1260,21.0,feeder2_459,0.025358616887573526,0.12851180189184536,0.02537385170582295,0.1284805650613971
1260,21.0,feeder2_702,0.02633469600545681,0.12663258039957018,0.02635487172636461,0.12660458695160776
1260,21.0,feeder2_493,0.025283070352556565,0.1294025073561114,0.025292041271025665,0.12937417630023454
1260,21.0,feeder2_651,0.0337789440471077,0.1733568291941362,0.0337725062763484,0.17331457122704683
1260,21.0,feeder2_684,0.034417966620918346,0.17975434461503717,0.03441196344016493,0.1796998538746431
1260,21.0,feeder2_674,0.02444528399623534,0.1293505548005199,0.024458644103926938,0.1293124004869351
1260,21.0,feeder2_696,0.02603409578066839,0.132566468197308,0.026045155547924092,0.13254009189365262
1260,21.0,feeder2_681,0.023320763283023346,0.1293046445519919,0.023335917726259228,0.12926286641312276
1260,21.0,feeder2_682,0.02268305229353013,0.12923917008230423,0.022697751226628295,0.12919275520565632
1260,21.0,feeder2_728,0.03428235814076687,0.17958846417969207,0.03427205301742065,0.17953307406970473
1260,21.0,feeder2_724,0.036669997933121506,0.18826620977767386,0.036663598633507107,0.18821032396766302
1260,21.0,feeder2_703,0.028358069337397863,0.13613373717451355,0.028363355650560043,0.13611114362844615
1260,21.0,feeder2_704,0.02616159137817066,0.13276208724485838,0.02617410941751899,0.13273087853336746
1260,21.0,feeder2_754,0.036875517191528685,0.18696382971710407,0.03686632995548799,0.18691694326585007
1260,21.0,feeder2_747,0.037676547759363216,0.1924043521675897,0.03766259893402241,0.19234840627594724
1260,21.0,feeder2_828,0.03332908164277677,0.17964174251459694,0.03332278081497265,0.17958444058179254
1260,21.0,feeder2_763,0.03442899750729031,0.17940467098590704,0.034426226800970926,0.17935016547539628
1260,21.0,feeder2_836,0.05033092233862769,0.2061176020591225,0.050300760604863,0.2060837598277957
1260,21.0,feeder2_758,0.03713265795593428,0.18966168259951624,0.03712211064404865,0.1895956882811457
1260,21.0,feeder2_788,0.03975581595261054,0.1851160171121968,0.03975338934406104,0.18505082639464865
1260,21.0,feeder2_812,0.035490097158681747,0.18727031407999706,0.03547425582977423,0.18717038931106933
1260,21.0,feeder2_947,0.03503763322189687,0.1767413026622668,0.035040511372547045,0.17669283856004203
1260,21.0,feeder2_868,0.03500868134564397,0.17822818366336346,0.03501070899833159,0.17817286499510393
1260,21.0,feeder2_785,0.03450717385869605,0.18064572398486395,0.03450346053952086,0.18058967716131233
1260,21.0,feeder2_1176,0.038954026527013116,0.185750644301544,0.03894118365295231,0.18570225193022605
1260,21.0,feeder2_846,0.03306277778930375,0.18112541666006746,0.03306001858410331,0.1810671161828844
1260,21.0,feeder2_911,0.03450042202636008,0.18056644770215843,0.03449535490341003,0.18051149868147717
1260,21.0,feeder2_1107,0.03385073078300338,0.1878602116268858,0.03382558432672907,0.18769728274190192
1260,21.0,feeder2_920,0.035548608908561354,0.18681761886412188,0.035534311475598906,0.18672389302266285
1260,21.0,feeder2_926,0.03572664515792541,0.1863314749360133,0.03570926738564431,0.1862571772762222
1260,21.0,feeder2_1239,0.03544234335689667,0.1867336813316983,0.035420545137356964,0.18664207999192622
1260,21.0,feeder2_933,0.035862187293663694,0.1866482131317821,0.03584243861570007,0.18658162162341463
1260,21.0,feeder2_1146,0.035463959099960536,0.18404839282334676,0.03544804594261106,0.18398174918952392
1260,21.0,feeder2_1124,0.03673287856334051,0.18757490171526806,0.036715425158932,0.18750756429098592
1260,21.0,feeder2_942,0.0360192306143562,0.18666569115632053,0.03599801595724351,0.18661241962938516
1260,21.0,feeder2_952,0.03703817602480405,0.19045424587708273,0.037017665255442075,0.1904322294203309
1260,21.0,feeder2_965,0.03591709477913155,0.1862190453470176,0.0359013312139708,0.18616286952009115
1260,21.0,feeder2_961,0.03718403334609978,0.191143257162569,0.03716313554922854,0.19112255240039072
1260,21.0,feeder2_963,0.03703050411041697,0.1903995251954613,0.03701356632297019,0.19037605556729356
1260,21.0,feeder2_973,0.038038838810166814,0.19507864230821007,0.03801870705665204,0.1950721629363931
1260,21.0,feeder2_1128,0.0370491091771876,0.19079149033127682,0.03703121579640139,0.1907654768409171
1260,21.0,feeder2_1113,0.03710038023184097,0.18942185267341408,0.03708235648036888,0.18940187665580732
1260,21.0,feeder2_1143,0.036840575641948446,0.18933653819028362,0.03681822179542289,0.18932163907840646
1260,21.0,feeder2_1238,0.03653959405420756,0.18020869776558007,0.036537681091528905,0.18017367052330355
1260,21.0,feeder2_979,0.035848160849782075,0.18610204445767034,0.035828112976648535,0.18604672029095637
1260,21.0,feeder2_1236,0.0392893613739612,0.20102574666821613,0.03926782301342389,0.20104306507093
1260,21.0,feeder2_989,0.038039089352178444,0.1950798601457298,0.038022652104965755,0.19507628043822436
1260,21.0,feeder2_1196,0.033517588480922254,0.1859076476289129,0.03349060355724115,0.18584446126158086
1260,21.0,feeder2_1158,0.03817678742712583,0.1952300154181435,0.0381520473286353,0.19522545711433262
1260,21.0,feeder2_1122,0.0327488356692699,0.18692442654323554,0.03272097114159614,0.18673034260083762
1260,21.0,feeder2_1258,0.0362765617417446,0.1898987801589268,0.03624072597314073,0.189746887116865
1260,21.0,feeder2_1303,0.0325156810681071,0.18525697702815003,0.032490074710417635,0.18506739541332884
1260,21.0,feeder2_1138,0.03199799318164205,0.18712021511995378,0.031962341622677345,0.18690348572814763
1260,21.0,feeder2_1304,0.03196342573737055,0.18712924730317468,0.03192860604950795,0.18691014271598141
1260,21.0,feeder2_1212,0.030527516540200347,0.18862619739045228,0.03048907413689162,0.1883595595042317
1260,21.0,feeder2_1311,0.03049613357568448,0.18850744850252615,0.030458854035051126,0.18823805544126776
1260,21.0,feeder2_1290,0.028973118519440667,0.19258468419854372,0.02892435104114865,0.19225862309815378
1260,21.0,feeder2_1325,0.04003029738313387,0.20540961343063768,0.04000699255683008,0.20544975131304585
1260,21.0,feeder2_1248,0.039303451382431916,0.20104330225074568,0.03928292633327846,0.2010609606902541
1260,21.0,feeder2_1249,0.03673636455782924,0.1793359610349348,0.03673973879408248,0.17929795062145093
1260,21.0,feeder2_1250,0.03707947947306183,0.17813656952594786,0.0370883776383542,0.1781040356105859
1260,21.0,feeder2_1366,0.0430312256689959,0.20546051026004739,0.04299723422018477,0.2054932642857047
1260,21.0,feeder2_1266,0.03715931031484001,0.1907126450917441,0.03712437144788412,0.19056013360786211
1260,21.0,feeder2_1372,0.029203009455575774,0.1904608023196125,0.029156429704569352,0.19013392011198382
1260,21.0,feeder2_1363,0.028023440401378902,0.2021585741791787,0.02796307439107519,0.20177857242462677
1260,21.0,feeder2_1446,0.04102071303460018,0.20413364931659017,0.041004263562238207,0.20416906119367934
1260,21.0,feeder2_1502,0.04073280481602177,0.21224897996624495,0.04070912540709629,0.21231343990670565
1260,21.0,feeder2_1428,0.025757120367956014,0.20448567484464514,0.025692491722933523,0.20410236171830537
1260,21.0,feeder2_1380,0.027906456831490786,0.21263519584826712,0.027837936511106647,0.2122105406220385
1260,21.0,feeder2_1550,0.027791374285757793,0.21198065196317584,0.02772289483411248,0.21155227813452032
1260,21.0,feeder2_1386,0.028109230518765724,0.21879011311934202,0.028033225019891604,0.21834376917454157
1260,21.0,feeder2_1551,0.02703713781196054,0.21997812436737713,0.026961147576662625,0.2195345287849258
1260,21.0,feeder2_1400,0.028290812984417053,0.22158274597579403,0.02821386465770608,0.22112910742190214
1260,21.0,feeder2_1552,0.02825637662902868,0.22169303139896618,0.028176259066960307,0.22123938716222583
1260,21.0,feeder2_1408,0.028745194258700164,0.2275797601511777,0.028665069528799172,0.22711056772164975
1260,21.0,feeder2_1553,0.029397197166500796,0.24268461743337497,0.029298861807500118,0.242191760121641
1260,21.0,feeder2_1416,0.028805921695361184,0.22783798854555956,0.028723325305488278,0.22736744121382604
1260,21.0,feeder2_1530,0.029170249761099373,0.2269363240935191,0.029095054227990864,0.22646238515032324
1260,21.0,feeder2_1425,0.02900809310925481,0.22890236954269624,0.028927801544825184,0.22843145437616152
1260,21.0,feeder2_1589,0.02878554742781388,0.2295446698583328,0.028698506308061145,0.22907010204692443
1260,21.0,feeder2_1435,0.029043596066826896,0.22906224780536452,0.028960643293517874,0.22859225349551515
1260,21.0,feeder2_1621,0.030394350089540556,0.229671527699563,0.030310624352367185,0.22920240025120334
1260,21.0,feeder2_1564,0.02924302788223973,0.2301477982121957,0.02916035558907697,0.2296693867087432
1260,21.0,feeder2_1704,0.04267472528768449,0.2148341405185935,0.04264463668309305,0.21490796910767843
1260,21.0,feeder2_1525,0.04066301150518874,0.2130063502984747,0.04064236993883119,0.21307458407823845
1260,21.0,feeder2_1716,0.04388468787067376,0.2173259484089597,0.04384465733015607,0.2174142166026333
1260,21.0,feeder2_1537,0.040405082274724925,0.21313349803013895,0.040380203613084156,0.21320336423400515
1260,21.0,feeder2_1645,0.03881849711918566,0.2142499471771512,0.03879914527752732,0.21431117566331853
1260,21.0,feeder2_1561,0.04031920408172506,0.21273423412994136,0.040293725287555364,0.21280778754252128
1260,21.0,feeder2_1657,0.0403250469378282,0.2117558768449183,0.040303510263055335,0.21183271705918866
1260,21.0,feeder2_1570,0.04031860010114807,0.2127804423854322,0.04029472591867748,0.21285673049964787
1260,21.0,feeder2_1756,0.04030690111129831,0.2126215128163487,0.040289314024261544,0.21269313824294306
1260,21.0,feeder2_1588,0.040319800351919684,0.2128329632216855,0.04029731745738871,0.21291075987637256
1260,21.0,feeder2_1628,0.04033015720377958,0.2120439255991985,0.04030970142705223,0.21212072690050587
1260,21.0,feeder2_1598,0.04035519634587496,0.21310703371734038,0.0403295761468629,0.21318331885823105
1260,21.0,feeder2_1816,0.04070049707438765,0.2134916147001205,0.0406818998660523,0.2135654664834739
1260,21.0,feeder2_1765,0.042581804823307506,0.21564532297617572,0.04255208624792205,0.21572567830782963
1260,21.0,feeder2_1641,0.04025738901687726,0.21315271518393977,0.04023675543235482,0.21322579247803042
1260,21.0,feeder2_1689,0.04033454803353957,0.21404725071839228,0.040312215735628945,0.21411554073166422
1260,21.0,feeder2_1744,0.040222200372348596,0.21256285904590108,0.04020402205276965,0.2126414737906852
1260,21.0,feeder2_1817,0.04032694806293302,0.21401163462497955,0.040301186799153545,0.21408215359017216
1260,21.0,feeder2_1779,0.04060554183495524,0.2144096050279827,0.04058088543896017,0.2144819419728888
1260,21.0,feeder2_1800,0.03831842220602353,0.21333057575979517,0.038293256003766735,0.21338979219991927
1260,21.0,feeder2_1818,0.041845290858360924,0.21552656581012114,0.04183838566798457,0.2155921586641611
1260,21.0,feeder2_1753,0.040222512422990464,0.2108072561544059,0.04021553819659454,0.21089050070960957
1260,21.0,feeder2_1754,0.04022015178911508,0.21253907677517875,0.04019831374833316,0.212620273549586
1290,21.5,secondary,0.03453185266295748,0.031829241512858444,0.03451444280377607,0.031808861067763115
1290,21.5,feeder2_44,0.06431592128659668,0.16614371038730288,0.0642862037158429,0.16604053898889892
1290,21.5,feeder2_45,0.06544596019838245,0.1713598800397995,0.06541703759132957,0.17125077016348483
1290,21.5,feeder2_46,0.06099911263445166,0.16694460495474348,0.060969065050135,0.16683138571528047
1290,21.5,feeder2_51,0.06733521394644955,0.1801067952943362,0.06730363128178048,0.17998895485426833
1290,21.5,feeder2_48,0.0677485001875379,0.17334325649522234,0.06771395867199084,0.17323196872192215
1290,21.5,feeder2_52,0.06798101974830019,0.1700552139587462,0.06794791422102904,0.16994252855431677
1290,21.5,feeder2_68,0.07309605388131617,0.20851422213421664,0.0730626060079196,0.20838258386459216
1290,21.5,feeder2_69,0.07165982164318796,0.20886887652935,0.07162243744493113,0.20873440257027556
1290,21.5,feeder2_71,0.0738662341538436,0.21228170279168324,0.07383219236959163,0.21214906104516668
1290,21.5,feeder2_72,0.07690108310428515,0.21492982174026254,0.07686569281264172,0.2148001554369786
1290,21.5,feeder2_73,0.07620397078517979,0.22373923200846532,0.07616879218158185,0.22360155516855632
1290,21.5,feeder2_74,0.07505621511649843,0.22079590556500156,0.07502027292424597,0.22065589898772917
1290,21.5,feeder2_77,0.0783015273394278,0.234009047887041,0.07826626462630915,0.23386734738542192
1290,21.5,feeder2_79,0.07429219160603459,0.23632058936673261,0.07425382404836221,0.2361761501370624
1290,21.5,feeder2_81,0.08179651460773603,0.2496376624129159,0.08175517462818566,0.24948928974870307
1290,21.5,feeder2_82,0.10512749331160418,0.2696489311790668,0.10508892462016081,0.26950752266900174
1290,21.5,feeder2_116,0.09222736995056614,0.2972593401895966,0.09218223221295303,0.2970639389437574
1290,21.5,feeder2_119,0.0926236505340101,0.29468663899707587,0.09257807675028622,0.2944867056244169
1290,21.5,feeder2_120,0.0962674529809288,0.31633389737755113,0.0962171798365236,0.3161190748056935
1290,21.5,feeder2_248,0.09518980085666683,0.31424971471822505,0.09514308702452054,0.31403938344191645
1290,21.5,feeder2_124,0.09894068137993925,0.3288662242140866,0.09889120329149415,0.3286456860720077
1290,21.5,feeder2_282,0.10267533594686541,0.3319858331658684,0.10262374351380453,0.3317618336852153
1290,21.5,feeder2_275,0.09767326701409143,0.3261606043085817,0.09762530549397903,0.32593757733585804
1290,21.5,feeder2_151,0.10352613595514415,0.3503593738634963,0.10347000541663001,0.3501151322311928
1290,21.5,feeder2_295,0.10214577931443442,0.3507491239819833,0.10209066770099444,0.35050135551838096
1290,21.5,feeder2_311,0.10261865400749651,0.3505322438134177,0.10256370512778348,0.35028633402643145
1290,21.5,feeder2_201,0.11127529473848943,0.3859717962915163,0.11121905972176374,0.3857024597895673
1290,21.5,feeder2_314,0.11185125009993988,0.3860883445693576,0.11179345081957959,0.3858194754953532
1290,21.5,feeder2_342,0.12199498731164445,0.4361297449362259,0.12193209334452615,0.4358176968645959
1290,21.5,feeder2_368,0.12281986705583317,0.43850565058925917,0.12275568671543978,0.43819555913342456
1290,21.5,feeder2_347,0.12589439633065133,0.4563171096547804,0.12582513776204174,0.45598535006658325
1290,21.5,feeder2_353,0.12770725201474267,0.46572338411423314,0.12763603438371443,0.46537473492121695
1290,21.5,feeder2_518,0.12724222254943365,0.45748381537797367,0.12717316352512717,0.4571478933859478
1290,21.5,feeder2_365,0.12975229873439276,0.4763136134181554,0.1296816028569496,0.47595880544463626
1290,21.5,feeder2_653,0.12753180000411254,0.46541692876916646,0.12746241552462756,0.46507067599540475
1290,21.5,feeder2_377,0.13085079449542544,0.4820969321736871,0.1307770775145611,0.4817297030159006
1290,21.5,feeder2_622,0.12903910244286063,0.4763777265829822,0.12896871456472211,0.4760162986977905
1290,21.5,feeder2_451,0.12507371490789815,0.43968619658874925,0.12500843509429538,0.4393772236687049
1290,21.5,feeder2_383,0.12358964469386298,0.4412499716862309,0.12352364292155742,0.44093855364060475
1290,21.5,feeder2_385,0.13211311225678093,0.48871252662290954,0.13203986593420464,0.4883385142729135
1290,21.5,feeder2_621,0.12953361475824793,0.48250549394170883,0.12945964699276777,0.48214150375258297
1290,21.5,feeder2_611,0.12346439657478471,0.4410447491163526,0.12339921198534876,0.44073434158875546
1290,21.5,feeder2_405,0.12364085388683375,0.44143184347183373,0.12357265383238986,0.44112076892689045
1290,21.5,feeder2_461,0.13774494883944816,0.5178425262716359,0.13766871368738942,0.5174422101552915
1290,21.5,feeder2_594,0.13128054166769432,0.48735140894457585,0.13120582914611056,0.48698064418592063
1290,21.5,feeder2_732,0.12344915680557032,0.4411119200642232,0.1233852528007492,0.44079715302998634
1290,21.5,feeder2_417,0.12404538886585165,0.44286875649252433,0.12397873870085212,0.44255875551524293
1290,21.5,feeder2_663,0.12332237960385231,0.44290074857198924,0.1232598244662114,0.44258857253759154
1290,21.5,feeder2_444,0.12436463778409979,0.4440073148638834,0.12429847033817998,0.4436935724566168
1290,21.5,feeder2_759,0.13122459879483434,0.44855381814390033,0.1311584459223335,0.4482448158017278
1290,21.5,feeder2_842,0.12432047408556127,0.4439801439327318,0.12425522767459472,0.4436694492299378
1290,21.5,feeder2_459,0.12434795612265004,0.44409220166014823,0.12428125502192433,0.44377894285324615
1290,21.5,feeder2_702,0.12768374985455486,0.4461208326898133,0.12762038973889092,0.4458112358504557
1290,21.5,feeder2_493,0.12388804607879014,0.44352300219338386,0.12382174154927075,0.44320736381122505
1290,21.5,feeder2_651,0.13694414225244947,0.5180795929756566,0.13686717681287666,0.5176811775773387
1290,21.5,feeder2_684,0.14232023716633302,0.5414608323676318,0.14223777426815945,0.5410387160785629
1290,21.5,feeder2_674,0.12345403803615312,0.4428341423444376,0.12338903772599562,0.44251972443590154
1290,21.5,feeder2_696,0.12333477943100071,0.4448341969978146,0.12326873530856128,0.44451820012561033
1290,21.5,feeder2_681,0.12296930590727305,0.44203283199531596,0.12290344670548303,0.4417204957910847
1290,21.5,feeder2_682,0.12240951121344834,0.44119846470374774,0.12234478323650162,0.4408842452001949
1290,21.5,feeder2_728,0.14235018422500953,0.5405556048151019,0.14226740958274392,0.5401352399068584
1290,21.5,feeder2_724,0.147095834931015,0.5677190860777086,0.14701142467070105,0.5672711813001801
1290,21.5,feeder2_703,0.1210984803598366,0.44558921042729516,0.12103284732117256,0.4452669872015919
1290,21.5,feeder2_704,0.12253310328689272,0.4453654209788758,0.1224688870071864,0.4450471906675854
1290,21.5,feeder2_754,0.14817386454307463,0.5686795502482448,0.14808963371004755,0.5682314530895632
1290,21.5,feeder2_747,0.14894242552061765,0.5778985853960252,0.14885518823515104,0.5774426147168512
1290,21.5,feeder2_828,0.14169638542932222,0.5392737420088323,0.14161547643613817,0.5388553107911636
1290,21.5,feeder2_763,0.1428208422057791,0.5410685840806297,0.14273936497380696,0.5406495209060489
1290,21.5,feeder2_836,0.14245811758540589,0.5804419469414,0.14236928932068552,0.5799731448024912
1290,21.5,feeder2_758,0.15057145355853813,0.5861911023999156,0.15048420546882563,0.5857302711122591
1290,21.5,feeder2_788,0.15388833034678673,0.5884638536550849,0.15380027829905227,0.5880040214956797
1290,21.5,feeder2_812,0.15470924930099011,0.608766709395348,0.15461880557770447,0.6082915186338496
1290,21.5,feeder2_947,0.14583173209308284,0.5436945752580197,0.1457509731778108,0.543275992057826
1290,21.5,feeder2_868,0.1446178658068985,0.5423850848281526,0.14453671408488736,0.5419649800370104
1290,21.5,feeder2_785,0.14256953364821937,0.5397894574335104,0.1424878125486085,0.539366135460346
1290,21.5,feeder2_1176,0.1405418073529225,0.5400644466717481,0.14046022383719975,0.5396417224448109
1290,21.5,feeder2_846,0.14180960094874648,0.5374717709439922,0.14172695137959265,0.5370502988926378
1290,21.5,feeder2_911,0.14259553791384286,0.5398847046725209,0.14251323636358923,0.5394610374065065
1290,21.5,feeder2_1107,0.1553629176502329,0.6050762876867275,0.15527263608017167,0.6046037074333805
1290,21.5,feeder2_920,0.1556992177177171,0.6161637704429576,0.15560578548001683,0.6156842340981181
1290,21.5,feeder2_926,0.1573375946169874,0.6279419001449714,0.15724077678964166,0.627450968936673
1290,21.5,feeder2_1239,0.15550850280899528,0.6152887966658357,0.15541275441100547,0.6148101920692707
1290,21.5,feeder2_933,0.15792283110926847,0.6326103789641802,0.15782726133569172,0.6321194879381545
1290,21.5,feeder2_1146,0.15800038302816688,0.630536631059021,0.15790466407596288,0.6300501736753766
1290,21.5,feeder2_1124,0.1566608616432,0.6334269612356119,0.1565633153520202,0.6329381173528023
1290,21.5,feeder2_942,0.15954481742668986,0.6438062928277627,0.15944620904799414,0.6433096084068424
1290,21.5,feeder2_952,0.16157267934409145,0.6612966643739514,0.16147559649056875,0.6607847301232599
1290,21.5,feeder2_965,0.15959257840044078,0.6436824527489577,0.15949571488260014,0.6431859841696901
1290,21.5,feeder2_961,0.16169131779596188,0.6628063595088325,0.1615894995853274,0.6622941511656961
1290,21.5,feeder2_963,0.1615942114354076,0.6613780671351919,0.16149238966275598,0.6608653788008215
1290,21.5,feeder2_973,0.16247778124382928,0.6715062192369856,0.16237611922888426,0.670980180655443
1290,21.5,feeder2_1128,0.16142209483160197,0.6616449772578069,0.1613207109890704,0.6611346551336076
1290,21.5,feeder2_1113,0.16293738561791105,0.6624164653589921,0.16283707421384241,0.6619036942448372
1290,21.5,feeder2_1143,0.1622449566417128,0.6637100682916102,0.16214646596596322,0.663200840489542
1290,21.5,feeder2_1238,0.167461354352719,0.6494623967026216,0.16736193367971913,0.6489713035044493
1290,21.5,feeder2_979,0.1595138495301488,0.6430060451137392,0.15941474559023622,0.6425074045083996
1290,21.5,feeder2_1236,0.16383613593801571,0.6836479158928941,0.1637313676136697,0.683110022010679
1290,21.5,feeder2_989,0.16247612455031415,0.6715139258145917,0.16237284685355327,0.6709847465500357
1290,21.5,feeder2_1196,0.1593838480051635,0.6401928294800758,0.15928404209175415,0.6396934441722645
1290,21.5,feeder2_1158,0.161220623878533,0.672563054688278,0.16111940158856627,0.6720387626237581
1290,21.5,feeder2_1122,0.15571246670660352,0.6035924448616315,0.15562321426002065,0.6031266656471856
1290,21.5,feeder2_1258,0.15029560999877584,0.6063039973140737,0.15020215480540394,0.605823722728058
1290,21.5,feeder2_1303,0.1728831513543046,0.6184099982620421,0.1727902195122754,0.6179532807923372
1290,21.5,feeder2_1138,0.1548097693704653,0.5969986328989925,0.1547178527420774,0.5965361578101965
1290,21.5,feeder2_1304,0.1549484797671426,0.595186047437583,0.15485498008726603,0.5947271096360985
1290,21.5,feeder2_1212,0.15306627276153673,0.5846714304160642,0.1529752273011236,0.5842188649170205
1290,21.5,feeder2_1311,0.15565169506850868,0.5863045338945969,0.155560793872583,0.5858566329605895
1290,21.5,feeder2_1290,0.150424547104482,0.5681357623605123,0.15033175092970366,0.5676967468206984
1290,21.5,feeder2_1325,0.1659290566772448,0.6992146831802323,0.16581921675714809,0.6986542171797925
1290,21.5,feeder2_1248,0.1638284432827917,0.6836535800720108,0.16372426057806116,0.6831151877360666
1290,21.5,feeder2_1249,0.1687745909286488,0.6502792191041935,0.16867551937560687,0.6497872219586301
1290,21.5,feeder2_1250,0.16983267560681847,0.651576277189383,0.169734509776302,0.6510858738905546
1290,21.5,feeder2_1366,0.16189555239080744,0.6851369074956218,0.16178789777141594,0.6845938026837364
1290,21.5,feeder2_1266,0.14583532873506613,0.607669026402223,0.14574092063348948,0.6071807125375908
1290,21.5,feeder2_1372,0.15242172379660715,0.5697989022254607,0.15233377778128798,0.5693584453673861
1290,21.5,feeder2_1363,0.14704571335179173,0.5481019903401675,0.1469560768430032,0.5476753740773612
1290,21.5,feeder2_1446,0.1660903373391701,0.6993606792219427,0.1659821002057357,0.6987995823795476
1290,21.5,feeder2_1502,0.16824211909356884,0.7165065100177842,0.16812871434221185,0.7159247189201888
1290,21.5,feeder2_1428,0.1460554043014805,0.5459455413051609,0.14596649453152832,0.545518983222523
1290,21.5,feeder2_1380,0.14371477402470464,0.5272921518888329,0.14362452981141224,0.5268749311649543
1290,21.5,feeder2_1550,0.14614381574841445,0.5291128852148843,0.14605214974051411,0.5286945898520716
1290,21.5,feeder2_1386,0.14180661366124617,0.5161947654198729,0.14171708692468288,0.5157811576870899
1290,21.5,feeder2_1551,0.14227711267945578,0.5150317375590571,0.1421873273819732,0.5146195224575698
1290,21.5,feeder2_1400,0.14091315732970086,0.5112100008861803,0.1408234197185167,0.5108013895277813
1290,21.5,feeder2_1552,0.14174615321643486,0.509303297489751,0.14165644749919165,0.5088918367993838
1290,21.5,feeder2_1408,0.13909171723963565,0.5019285727710775,0.13900229332385977,0.5015220638989505
1290,21.5,feeder2_1553,0.13245926409068443,0.48577961663092034,0.1323744641018178,0.48538952387349826
1290,21.5,feeder2_1416,0.13891077240997274,0.5005282827686283,0.13882098525051506,0.5001243971158054
1290,21.5,feeder2_1530,0.1391535866958918,0.5007634137370587,0.1390654949204622,0.5003546516178794
1290,21.5,feeder2_1425,0.1385411966875596,0.49773330160908746,0.13845070527643577,0.49732548777992475
1290,21.5,feeder2_1589,0.13897365676000145,0.49468590904548054,0.13888658404816728,0.4942765817472412
1290,21.5,feeder2_1435,0.13849033249900142,0.4974607252098022,0.13840164553311,0.497053320541083
1290,21.5,feeder2_1621,0.13613424505794536,0.49814224307135985,0.1360446146825588,0.4977322549084062
1290,21.5,feeder2_1564,0.13817404727847035,0.4938069547126057,0.1380838814695676,0.49340026306644336
1290,21.5,feeder2_1704,0.16625725150157117,0.717448011041102,0.16614402693556488,0.7168649835387993
1290,21.5,feeder2_1525,0.16889696797208936,0.720707607273418,0.16878109748644404,0.720123915119855
1290,21.5,feeder2_1716,0.16580691041696657,0.7222511121980785,0.16569122172332873,0.7216616503957325
1290,21.5,feeder2_1537,0.16967211704561866,0.7252379814887383,0.16955721036196894,0.7246494444766514
1290,21.5,feeder2_1645,0.1698997706685059,0.7245111889503484,0.16978561942427103,0.7239224270771778
1290,21.5,feeder2_1561,0.17057131810807258,0.7307958488913688,0.1704555732485966,0.7302004080838826
1290,21.5,feeder2_1657,0.17071355264210794,0.7309260113253596,0.17059720522166164,0.7303281004099907
1290,21.5,feeder2_1570,0.1709531977283577,0.7331629113105578,0.1708384432324992,0.7325651789497603
1290,21.5,feeder2_1756,0.17596390826655195,0.7361608100976541,0.1758450011597146,0.7355703972283638
1290,21.5,feeder2_1588,0.17123036373107747,0.7351568456372735,0.17111467519983492,0.7345587773173213
1290,21.5,feeder2_1628,0.17229272346494776,0.7361157372780485,0.17217379583166112,0.7355183069216481
1290,21.5,feeder2_1598,0.17152307732943448,0.7373870302369006,0.17140666964505655,0.7367860619733837
1290,21.5,feeder2_1816,0.1713922471813808,0.7373354227137234,0.17127415309916535,0.7367309906981837
1290,21.5,feeder2_1765,0.17000804471883194,0.7374393485973125,0.169891266725326,0.7368352055089687
1290,21.5,feeder2_1641,0.17295142804569402,0.748490009292953,0.17283031220649744,0.747875540303438
1290,21.5,feeder2_1689,0.17171150271194702,0.7465675475184368,0.17158802226038217,0.7459358582643898
1290,21.5,feeder2_1744,0.18075984710923101,0.7552684961487629,0.18064083229111216,0.7546590838263983
1290,21.5,feeder2_1817,0.17169476977053705,0.7464973772454098,0.17156989490143,0.7458652657672251
1290,21.5,feeder2_1779,0.1702465269935974,0.7474165204785302,0.1701249096389771,0.7467826326428355
1290,21.5,feeder2_1800,0.17101328136788196,0.7425969793985451,0.17089024479325804,0.7419639448195862
1290,21.5,feeder2_1818,0.16428566664416672,0.7436528453314214,0.16414463407649513,0.7429844122698896
1290,21.5,feeder2_1753,0.20546176192597557,0.7768755687650322,0.20534008012810884,0.7762767553159746
1290,21.5,feeder2_1754,0.18079471982834577,0.7553014910739062,0.18067430496739445,0.7546884087562485
1320,22.0,secondary,0.03192680318165378,0.013971094931005762,0.03193698486124742,0.013964200422635846
1320,22.0,feeder2_44,0.05944284503508888,0.07290101846585652,0.059461539926314366,0.07285124418948284
1320,22.0,feeder2_45,0.06040958255324687,0.0748328930817069,0.060432375906536315,0.07477806855302237
1320,22.0,feeder2_46,0.059177513321671274,0.07661028572538077,0.05919276067649976,0.07657767866271874
1320,22.0,feeder2_51,0.06198488729878443,0.07864093530362035,0.062007029431360085,0.0785836894519374
1320,22.0,feeder2_48,0.06365795849634849,0.0721941982828663,0.06367294582534265,0.0721349602197211
1320,22.0,feeder2_52,0.05896761316516504,0.07996899689242279,0.058989856720396104,0.0799074187701822
1320,22.0,feeder2_68,0.06668993581695112,0.08902798041768975,0.06671016311175762,0.08896034714750133
1320,22.0,feeder2_69,0.06701513750925532,0.09021521335929403,0.06703709833363096,0.09014962330466067
1320,22.0,feeder2_71,0.06730027214807205,0.09033489731909594,0.06732142188852988,0.09026639506143386
1320,22.0,feeder2_72,0.06919724590795458,0.08771434301785518,0.06921937998733921,0.08764843079365492
1320,22.0,feeder2_73,0.06919059194438235,0.09473438357265404,0.06921221365318823,0.09466218316240904
1320,22.0,feeder2_74,0.06681566007066635,0.09719950822914272,0.06683969781113894,0.0971196965985768
1320,22.0,feeder2_77,0.07092437452650194,0.09817420505122337,0.07094851892345051,0.09809878403598415
1320,22.0,feeder2_79,0.07099938563219393,0.09842542016263056,0.07102427015643648,0.09835058405276262
1320,22.0,feeder2_81,0.07364634404305048,0.10350514750306929,0.073672623844606,0.10342310842431865
1320,22.0,feeder2_82,0.08703055459549107,0.08556256636365189,0.08705822170075024,0.08548778223418625
1320,22.0,feeder2_116,0.08489207613430129,0.14616772923264834,0.08492092656251708,0.14605446213204099
1320,22.0,feeder2_119,0.08414125819946312,0.14651674923393448,0.08416999744805945,0.1464000262071425
1320,22.0,feeder2_120,0.08925025062276186,0.16182495873453626,0.08927991858239434,0.1616991707207252
1320,22.0,feeder2_248,0.0887697411091938,0.16201703405509157,0.08879726000150931,0.1618894432332536
1320,22.0,feeder2_124,0.09199244896739851,0.17139504089285207,0.09201811815220695,0.17126322176336561
1320,22.0,feeder2_282,0.09483724106489651,0.16725761541743486,0.094863620282493,0.16712547994298252
1320,22.0,feeder2_275,0.06406326969665824,0.1852808541982474,0.06409645163940189,0.18510429030214215
1320,22.0,feeder2_151,0.100538217425702,0.18550796855113186,0.10056945700532866,0.18539853618424756
1320,22.0,feeder2_295,0.10129840430088016,0.1873271664285256,0.10132866679094957,0.18722264392833302
1320,22.0,feeder2_311,0.10127172607120119,0.18703608837880684,0.1013023742056014,0.1869302149167697
1320,22.0,feeder2_201,0.11371476127381194,0.20686915402977585,0.11374679153494564,0.20679331761801958
1320,22.0,feeder2_314,0.11510949742329377,0.20561963907709002,0.11514349039300964,0.20553925951770136
1320,22.0,feeder2_342,0.13187350424696181,0.24377893565735295,0.1319109760683201,0.2437466753462507
1320,22.0,feeder2_368,0.13199460518016745,0.24469501079113182,0.13203191145061474,0.2446611177598765
1320,22.0,feeder2_347,0.14069461678636822,0.26133557636074817,0.1407328841421542,0.2613223994908189
1320,22.0,feeder2_353,0.14506094848712,0.2709495899376487,0.1450998238965857,0.2709464373538994
1320,22.0,feeder2_518,0.1416819445844834,0.25993575732892565,0.14171866904582803,0.25992332694983517
1320,22.0,feeder2_365,0.15000582239522733,0.2817872823223926,0.1500449683605897,0.2817922371146653
1320,22.0,feeder2_653,0.144138058626955,0.2709327182888719,0.14418026366893183,0.27092439215917663
1320,22.0,feeder2_377,0.15262317027015082,0.28733875408066967,0.15266456414261792,0.2873451494884611
1320,22.0,feeder2_622,0.1506255826679123,0.2832263344171516,0.1506666849302437,0.2832318417251536
1320,22.0,feeder2_451,0.13329654183653286,0.24281549887845844,0.1333374213047226,0.2427824156913892
1320,22.0,feeder2_383,0.13202778628855852,0.24762960916537535,0.1320665966203256,0.24759735017954632
1320,22.0,feeder2_385,0.15547969517575436,0.29284407373518,0.1555256957756237,0.2928561704520179
1320,22.0,feeder2_621,0.153519500779124,0.2899322508816236,0.15356297044533468,0.2899400896404509
1320,22.0,feeder2_611,0.1311592884843078,0.24765502149199278,0.1311946857553427,0.2476202934295371
1320,22.0,feeder2_405,0.13204280411335095,0.2478159933639196,0.13208118918192527,0.24778036087931238
1320,22.0,feeder2_461,0.1671869986125557,0.3155934569750707,0.16723399611246748,0.31562424686380464
1320,22.0,feeder2_594,0.155162899335617,0.29281783372186415,0.15520536502964993,0.29283156271883715
1320,22.0,feeder2_732,0.13047098207707644,0.25050827128098707,0.1305105032200435,0.2504715687093033
1320,22.0,feeder2_417,0.13230640179964165,0.24867716192889716,0.13234157145970102,0.24864457823455346
1320,22.0,feeder2_663,0.13243820385519753,0.2506013429358034,0.1324728226098759,0.2505733506659358
1320,22.0,feeder2_444,0.1324170494281418,0.24868814449239776,0.13245232752087682,0.24865707932283043
1320,22.0,feeder2_759,0.13388122444100056,0.24652072895227561,0.1339220591728868,0.24648944260849495
1320,22.0,feeder2_842,0.13251834598481874,0.24887373789948541,0.13255496199350186,0.24884260637416614
1320,22.0,feeder2_459,0.132439876718851,0.24881184547953603,0.13247872357054685,0.24877807865872006
1320,22.0,feeder2_702,0.13488242429356448,0.2459146952642488,0.13492270452283714,0.2458810584894307
1320,22.0,feeder2_493,0.1323167883510864,0.25041457837330233,0.13235584326489025,0.25037990262267773
1320,22.0,feeder2_651,0.16726330204572856,0.31578995392687614,0.1673067817040083,0.3158270728811771
1320,22.0,feeder2_684,0.17666836947212722,0.3341771552419435,0.17671606245946378,0.33422829764380574
1320,22.0,feeder2_674,0.1316170702644077,0.25077461149183894,0.1316577632474907,0.2507372670810469
1320,22.0,feeder2_696,0.13297224118749335,0.2537842715028745,0.13300617096158515,0.253755664976064
1320,22.0,feeder2_681,0.13077186306175076,0.2512454021034463,0.13081173608493632,0.2512088226057344
1320,22.0,feeder2_682,0.13000942251266576,0.25156619462389446,0.13004949320735618,0.25152665873440483
1320,22.0,feeder2_728,0.17653419995420375,0.3317097231466465,0.17658199968292068,0.3317603002261081
1320,22.0,feeder2_724,0.18680548038470443,0.35931018955870375,0.1868558816603096,0.35939071130052613
1320,22.0,feeder2_703,0.13321645768230678,0.25439270405613057,0.13325217149065646,0.25436261930775345
1320,22.0,feeder2_704,0.13338675743114717,0.25482525406026807,0.13342678088973123,0.2547936210135532
1320,22.0,feeder2_754,0.18831928148325486,0.35773493437366477,0.188372631840905,0.35780934871611086
1320,22.0,feeder2_747,0.19080245399670925,0.3705581274887329,0.19085620401896794,0.3706445254680679
1320,22.0,feeder2_828,0.17515596716471896,0.3316135393786558,0.175201625538939,0.3316594051207805
1320,22.0,feeder2_763,0.17693387315148953,0.3284124524790496,0.17698345564635057,0.3284572910665862
1320,22.0,feeder2_836,0.19628026962067638,0.38555354380989265,0.19632521783963913,0.3856526973434422
1320,22.0,feeder2_758,0.19310370387252232,0.3733862863296868,0.19315572932862535,0.3734808130480756
1320,22.0,feeder2_788,0.19465834292290263,0.3713972557294396,0.19471191027112142,0.371494016639707
1320,22.0,feeder2_812,0.20010193809940485,0.3844651854359046,0.20015666300633803,0.3845680405843607
1320,22.0,feeder2_947,0.17911777936689366,0.32554054874419713,0.17916597900701486,0.3255967656304158
1320,22.0,feeder2_868,0.17900292135258866,0.3259716530077935,0.1790516296471268,0.3260229987744523
1320,22.0,feeder2_785,0.17680149262762407,0.32868449909126407,0.17685287431702099,0.3287270083701648
1320,22.0,feeder2_1176,0.17847135539203157,0.33279336306870905,0.1785185141227091,0.3328397055587592
1320,22.0,feeder2_846,0.17399841005065295,0.32929170467500146,0.17404384571796985,0.32933292070853487
1320,22.0,feeder2_911,0.1772498633663696,0.3269911004162094,0.1773006897359565,0.3270364367873603
1320,22.0,feeder2_1107,0.19770470881947047,0.38105449776670486,0.19775845836463168,0.381144347717955
1320,22.0,feeder2_920,0.20272398129853367,0.38854971273092076,0.20278188589341437,0.38865819759942205
1320,22.0,feeder2_926,0.2068228669189056,0.3944485678242543,0.20687818320074838,0.39457030411186855
1320,22.0,feeder2_1239,0.20249732220818406,0.38884189216429155,0.20255698981325054,0.3889492845390283
1320,22.0,feeder2_933,0.20851408070597693,0.3980226827715966,0.2085736947746224,0.39814761581663666
1320,22.0,feeder2_1146,0.20740593129629403,0.39002192285276843,0.20746608423114132,0.39014751963475414
1320,22.0,feeder2_1124,0.20898975881623547,0.3992483388743319,0.20904844815988122,0.39937532021659966
1320,22.0,feeder2_942,0.2125985186108414,0.4059590215954997,0.212656592344757,0.4061005779147659
1320,22.0,feeder2_952,0.21787058751233973,0.42378523895384557,0.21793208950220858,0.42393361989162537
1320,22.0,feeder2_965,0.2126969018106087,0.40517616039291965,0.21275651503400045,0.4053145761519266
1320,22.0,feeder2_961,0.21837477909392855,0.4262385119498951,0.21843586462119002,0.4263903838189021
1320,22.0,feeder2_963,0.21788468015050694,0.42367279448817213,0.21794986137068031,0.42382263565063594
1320,22.0,feeder2_973,0.22124125342421797,0.43927635651928293,0.22130374499659708,0.4394321260204627
1320,22.0,feeder2_1128,0.21806093501323043,0.42627016325129097,0.218123098872764,0.42641939585359323
1320,22.0,feeder2_1113,0.2196419250093336,0.42175132716689173,0.2197064010233918,0.4219011863245528
1320,22.0,feeder2_1143,0.21813037181821712,0.4214448032174347,0.21819639925087364,0.4215927746818152
1320,22.0,feeder2_1238,0.22425441777136282,0.3926397330739893,0.22431443530632184,0.39278038011047545
1320,22.0,feeder2_979,0.21268824711082987,0.40516040124232106,0.21274620344360717,0.40529830679267836
1320,22.0,feeder2_1236,0.22524530812274185,0.45705086936358336,0.22530867865937007,0.4572196201826618
1320,22.0,feeder2_989,0.2212438536793383,0.4392919319234339,0.22130982932224014,0.43944682816504643
1320,22.0,feeder2_1196,0.21250890752939755,0.4051119480300757,0.21257204345458536,0.40524863319541016
1320,22.0,feeder2_1158,0.22194061859192168,0.44120127558000743,0.22200642565620993,0.4413565692296737
1320,22.0,feeder2_1122,0.19662066470172773,0.3789217532164548,0.19667327416692695,0.3790054672820793
1320,22.0,feeder2_1258,0.1981660364729413,0.38207651789062547,0.1982229009728875,0.38216248801210284
1320,22.0,feeder2_1303,0.19702531126630968,0.37835696406758623,0.19708162209984628,0.37843905193797484
1320,22.0,feeder2_1138,0.19576750558005562,0.37744265403116983,0.19582366610976093,0.37751846165664904
1320,22.0,feeder2_1304,0.19521190847193298,0.37734992913210696,0.19526825042210014,0.3774222972969318
1320,22.0,feeder2_1212,0.1940551853354774,0.37449595166985283,0.19411469474829934,0.37456093803698354
1320,22.0,feeder2_1311,0.19581835493503438,0.37223795050481046,0.19587601622716744,0.37230500442743975
1320,22.0,feeder2_1290,0.19185425095941228,0.37274734653672453,0.19191355522557485,0.37279676236715203
1320,22.0,feeder2_1325,0.23064365045268442,0.4808844713997986,0.2307109449727006,0.481061162505744
1320,22.0,feeder2_1248,0.22524666516983444,0.4570534833605063,0.22531035207252678,0.45722191435858667
1320,22.0,feeder2_1249,0.22557187055799147,0.3912107390947553,0.22563560407178174,0.3913502120165931
1320,22.0,feeder2_1250,0.22922522479817148,0.38729689123580835,0.2292827638164696,0.38744193696120427
1320,22.0,feeder2_1366,0.2255170539933682,0.4575706311996364,0.22557801274918665,0.4577386270889713
1320,22.0,feeder2_1266,0.19839314669861433,0.3825332077071493,0.19844916684051195,0.3826198696784101
1320,22.0,feeder2_1372,0.19242395267728538,0.37197373709879544,0.19248272116215293,0.37202414552574536
1320,22.0,feeder2_1363,0.18946367718417956,0.3721276902995458,0.18951755608340132,0.3721600929872255
1320,22.0,feeder2_1446,0.23215688152165564,0.47930898388932897,0.2322203093719819,0.4794890497467489
1320,22.0,feeder2_1502,0.2363746659702131,0.5097870277096531,0.23643836711436478,0.5099785736937589
1320,22.0,feeder2_1428,0.18729585218852765,0.3719854706407317,0.18735203546459606,0.37201135883014935
1320,22.0,feeder2_1380,0.1872820066515729,0.3722210857865317,0.18733699723948016,0.3722368372224818
1320,22.0,feeder2_1550,0.18890916392725085,0.36996724329874237,0.18896730615328677,0.3699867851531065
1320,22.0,feeder2_1386,0.18618064414980148,0.37341683089084854,0.18623761576020675,0.3734224381102639
1320,22.0,feeder2_1551,0.18520710812075994,0.3748825821988556,0.18526580535529272,0.3748821506835023
1320,22.0,feeder2_1400,0.18574171852555887,0.37369829356872075,0.18579496368905485,0.3736985241848553
1320,22.0,feeder2_1552,0.18299960279336633,0.37362359995294064,0.18305255323006178,0.3736232757800815
1320,22.0,feeder2_1408,0.1851248529541228,0.3744873686207077,0.18518297920695576,0.3744800259243217
1320,22.0,feeder2_1553,0.1804270834529871,0.3758188271926367,0.18048319613924063,0.3758080161190041
1320,22.0,feeder2_1416,0.18505501996936674,0.37472453144417495,0.18510813963953657,0.374721358944461
1320,22.0,feeder2_1530,0.18530974405342598,0.37434439926615004,0.18536581159733456,0.37434058884978627
1320,22.0,feeder2_1425,0.18491913462738,0.3753639225184512,0.1849765353627995,0.37535855574408383
1320,22.0,feeder2_1589,0.18467814735903168,0.37535267610807677,0.18473329789696322,0.3753488352424701
1320,22.0,feeder2_1435,0.1848965197214475,0.3754961111012352,0.18495360789582393,0.375490754518145
1320,22.0,feeder2_1621,0.18499226775895453,0.3771568193046482,0.18504825739274458,0.37715082630561797
1320,22.0,feeder2_1564,0.18432178309875588,0.3750415481504987,0.1843766691611203,0.3750309062746904
1320,22.0,feeder2_1704,0.2372608995674319,0.5119143929750553,0.23732672156706758,0.5121089605808267
1320,22.0,feeder2_1525,0.23771482266285757,0.516431631594755,0.2377834206101693,0.516623005900881
1320,22.0,feeder2_1716,0.2378154353506184,0.5166477602427864,0.23788119000597976,0.5168458055671301
1320,22.0,feeder2_1537,0.23920957047740055,0.5238346422330995,0.2392752652240398,0.5240384039181436
1320,22.0,feeder2_1645,0.23863167515249134,0.5244106675787427,0.23870054140511035,0.5246060858289393
1320,22.0,feeder2_1561,0.24101658148810925,0.5319539708989156,0.24108635961986005,0.5321592372766499
1320,22.0,feeder2_1657,0.24133628684693043,0.5315591648531784,0.2414082672151809,0.5317630526679735
1320,22.0,feeder2_1570,0.24179503225004437,0.5355457504410032,0.24186151251617272,0.5357526918159352
1320,22.0,feeder2_1756,0.2449416194864827,0.5317798744137544,0.24501360187072227,0.5319908538106405
1320,22.0,feeder2_1588,0.24251425492717174,0.5391227963741738,0.24258381661218884,0.5393297072606039
1320,22.0,feeder2_1628,0.24355820876865852,0.537984626420998,0.24362985789170288,0.5381909431836801
1320,22.0,feeder2_1598,0.2433809410831872,0.5439616249622944,0.24345358300232448,0.5441683180384684
1320,22.0,feeder2_1816,0.24358952075210763,0.5443510805721471,0.24366002071268575,0.544562354377002
1320,22.0,feeder2_1765,0.24499763051966042,0.5476714739213365,0.24506715337255014,0.5478836980169475
1320,22.0,feeder2_1641,0.24732323900905612,0.5658572059558783,0.24739118035173188,0.5660768620327623
1320,22.0,feeder2_1689,0.2504649048888368,0.5861555631772589,0.25053905574717567,0.5863764425832888
1320,22.0,feeder2_1744,0.24831300571388368,0.5647809399835038,0.24838348134227128,0.5649982630381319
1320,22.0,feeder2_1817,0.2504490907916435,0.5861146841291941,0.25051826736283705,0.586340768695175
1320,22.0,feeder2_1779,0.251215698801976,0.5878589908186728,0.25128303317911427,0.588080449523035
1320,22.0,feeder2_1800,0.2484329905825026,0.5854579916382627,0.24850307196436766,0.5856780796473795
1320,22.0,feeder2_1818,0.26835786697062897,0.6238060841508192,0.26844116264880763,0.6240453716974919
1320,22.0,feeder2_1753,0.248824327555282,0.564102449681704,0.24889615422180886,0.5643208602310431
1320,22.0,feeder2_1754,0.24888628942862628,0.5641851226655918,0.24895544590952007,0.5644013230942485
1350,22.5,secondary,0.0007662790244373668,0.004750470426343918,0.0007704855713964125,0.004748017943586697
1350,22.5,feeder2_44,0.0014262877273708296,0.024780828730936864,0.0014348851332480516,0.024750036715072584
1350,22.5,feeder2_45,0.0013650815692940047,0.024860648295211098,0.0013749830258743703,0.02482668159809192
1350,22.5,feeder2_46,0.008126762554073309,0.03325314145153252,0.008148212529033107,0.033228372383492036
1350,22.5,feeder2_51,0.0012749080154332935,0.025007592055818123,0.001279556477206046,0.024970439918120313
1350,22.5,feeder2_48,0.0018350166538847856,0.02478656766383496,0.0018365588099671672,0.024755461043011122
1350,22.5,feeder2_52,0.004526920893147089,0.02329779136209268,0.004505675094119707,0.023287214020483647
1350,22.5,feeder2_68,0.0015162482041745076,0.026660606223337522,0.0015095369777436269,0.0266130694374785
1350,22.5,feeder2_69,0.002802817775762864,0.028833166106880897,0.002821247844897634,0.028791320371685074
1350,22.5,feeder2_71,0.0015415344496076656,0.02680540175443867,0.0015330159208352895,0.02675494573882228
1350,22.5,feeder2_72,0.004627352057345914,0.0274011261845279,0.00461200456186385,0.027331373634603043
1350,22.5,feeder2_73,0.001583891656114763,0.02719769955864562,0.0015732988802602938,0.027139180243812143
1350,22.5,feeder2_74,0.005327818940665851,0.021299016666088712,0.00530504447033339,0.021253326081509417
1350,22.5,feeder2_77,0.0018429323074248404,0.028581958695378985,0.0018293609457900352,0.028514429839502475
1350,22.5,feeder2_79,0.001771400957201072,0.02891935163728113,0.001769129280846428,0.02885502440646935
1350,22.5,feeder2_81,0.002248156935964605,0.030757376470776983,0.00223334587903,0.030683264238595086
1350,22.5,feeder2_82,0.0028050301042040152,0.030853105614959287,0.0027898551508308534,0.030769519831216386
1350,22.5,feeder2_116,0.00398795642955766,0.04130607764231608,0.003967190311540792,0.041183496246159315
1350,22.5,feeder2_119,0.003344157019847764,0.0389093560157909,0.003310535069415222,0.038791505334789755
1350,22.5,feeder2_120,0.004890277536854051,0.046805704014881024,0.004869796904035671,0.04666468882340692
1350,22.5,feeder2_248,0.005625878233237044,0.04541801912055507,0.0055922527348443805,0.04528588419853381
1350,22.5,feeder2_124,0.005522079503847959,0.050887736057665875,0.0055008587216837075,0.05074230299122419
1350,22.5,feeder2_282,0.011073910227029943,0.053497763527971136,0.011052595767186658,0.05333261649786344
1350,22.5,feeder2_275,0.005291898721984616,0.05008350025142576,0.005266404150639514,0.04993725678229706
1350,22.5,feeder2_151,0.006186767397809761,0.05686984637191291,0.006170351520267351,0.056710529725466266
1350,22.5,feeder2_295,0.006352864380348011,0.05930920878070464,0.006362984951814631,0.059160979845447416
1350,22.5,feeder2_311,0.006062980302945259,0.058252896270750934,0.00606389030463844,0.058095440780377976
1350,22.5,feeder2_201,0.006897793463064213,0.06280829794343816,0.006875867598440035,0.06261373037574672
1350,22.5,feeder2_314,0.007009445709905585,0.06289179067880943,0.006988446971273155,0.06269314666796627
1350,22.5,feeder2_342,0.007921881684948435,0.07229355995000024,0.007894367859192194,0.07204940344217148
1350,22.5,feeder2_368,0.0077892834136871385,0.07178054706945003,0.007765685082519753,0.07154878761918941
1350,22.5,feeder2_347,0.008630224092507244,0.08030214331684411,0.008588021426352076,0.08001824985486218
1350,22.5,feeder2_353,0.008868608925140124,0.0840937663028558,0.00882377769328753,0.08379748213324353
1350,22.5,feeder2_518,0.011047639737919166,0.08233212996078595,0.011007082221845772,0.0820450024238886
1350,22.5,feeder2_365,0.00927109468598576,0.08914808251788611,0.009222474441396851,0.08883350489274754
1350,22.5,feeder2_653,0.008611446758060432,0.08336562288109915,0.008563663719740858,0.08306319204815511
1350,22.5,feeder2_377,0.009613017610712754,0.09181549688746869,0.009561885048346689,0.09149643195626637
1350,22.5,feeder2_622,0.007011108244608653,0.09045306684295928,0.006963835873104724,0.09013843376015555
1350,22.5,feeder2_451,0.00952894045742262,0.07307396253658527,0.009505001472505277,0.07284307152637404
1350,22.5,feeder2_383,0.007713669211640395,0.07115417606539134,0.007704793128047996,0.07094812539236203
1350,22.5,feeder2_385,0.010150919804195071,0.09529921778095339,0.010096572654164734,0.09497061562213827
1350,22.5,feeder2_621,0.007063605660537155,0.09186641409567248,0.007027378594949037,0.09154645852765532
1350,22.5,feeder2_611,0.00704172509754976,0.06968571383699039,0.007020816909747574,0.06948588849509943
1350,22.5,feeder2_405,0.007750390408052472,0.07125681662658703,0.0077445641749912504,0.0710554069439471
1350,22.5,feeder2_461,0.012678938286755346,0.11498161291029929,0.012613096345335062,0.11462510111315725
1350,22.5,feeder2_594,0.011068947895368357,0.09382930830923104,0.011011995293338041,0.09349841384119446
1350,22.5,feeder2_732,0.007428400660189062,0.06997305923338973,0.007408612023823955,0.0697761831528557
1350,22.5,feeder2_417,0.008211605633074517,0.07251101931638836,0.008212911453039203,0.07232110213907056
1350,22.5,feeder2_663,0.00827717312365745,0.07258322007542549,0.008277040779417207,0.07240268693468994
1350,22.5,feeder2_444,0.008671927013439922,0.07363178168766903,0.008679819441175456,0.07345584708793579
1350,22.5,feeder2_759,0.012445122313232474,0.07306486516753914,0.012446951885130838,0.07287559782575571
1350,22.5,feeder2_842,0.009484756690726875,0.07488213148984828,0.009500887724807162,0.07471269845651102
1350,22.5,feeder2_459,0.008779219963042506,0.07401932092176856,0.00879034214176663,0.07384434377995798
1350,22.5,feeder2_702,0.009127981927553389,0.07437360616880526,0.00912857459102417,0.07420388459943288
1350,22.5,feeder2_493,0.00928444480327999,0.07555866876841678,0.009303334529591291,0.07539923101550204
1350,22.5,feeder2_651,0.01249536496599898,0.11491757902182193,0.01243568320128851,0.11456188325160876
1350,22.5,feeder2_684,0.0150470805544758,0.13350795779832092,0.01498046533544043,0.13314094623582198
1350,22.5,feeder2_674,0.007865830804982007,0.07417019852980436,0.007882892809664229,0.07401327805934528
1350,22.5,feeder2_696,0.013131713666508527,0.08780144443685675,0.013155977233785749,0.08768703995165858
1350,22.5,feeder2_681,0.006489118474066622,0.07288568172190368,0.006496013220005925,0.07273866137133099
1350,22.5,feeder2_682,0.004124185015421166,0.07039474367052531,0.004139810424665649,0.07024109277369282
1350,22.5,feeder2_728,0.015460553041494265,0.13497290957088096,0.015394062836771206,0.1346072732888794
1350,22.5,feeder2_724,0.017150692586488322,0.15012658715414542,0.017084234637002604,0.14974051455565696
1350,22.5,feeder2_703,0.013606211620374443,0.0883787873149342,0.013631986992014176,0.08826343142948882
1350,22.5,feeder2_704,0.017691344149491427,0.09292137243349441,0.01772800668888558,0.09281266328086803
1350,22.5,feeder2_754,0.017362713033549818,0.15041684866581528,0.017291081466150555,0.15003011553410195
1350,22.5,feeder2_747,0.01797746759133295,0.15686939290129037,0.017906607551773705,0.15647494156758782
1350,22.5,feeder2_828,0.016111190722034145,0.13374139926916925,0.016045760056916564,0.1333756874591081
1350,22.5,feeder2_763,0.016148006126337204,0.1388083130222636,0.016084680751206275,0.13844211866795655
1350,22.5,feeder2_836,0.01397829121949129,0.15468163165404006,0.013906930672815662,0.15428856628021737
1350,22.5,feeder2_758,0.018960395270210723,0.16390490196786411,0.01889083461121822,0.16351022781127045
1350,22.5,feeder2_788,0.020946525341085258,0.16745499829423763,0.020877816123487627,0.1670616667850477
1350,22.5,feeder2_812,0.021186926901136945,0.18140708050811588,0.021110261058608366,0.18100132568906163
1350,22.5,feeder2_947,0.0203934720635566,0.1444697920597201,0.02032361829535844,0.1441016360578757
1350,22.5,feeder2_868,0.018107763070749325,0.14149025176780752,0.018042705786555754,0.1411247321465026
1350,22.5,feeder2_785,0.01580065479439715,0.13801382421169814,0.01573388183373602,0.137649206891765
1350,22.5,feeder2_1176,0.010883755331145334,0.1388027409659413,0.010820575057265332,0.13843542947196746
1350,22.5,feeder2_846,0.016904235329353805,0.13623732792236437,0.016840630078331663,0.1358743469024934
1350,22.5,feeder2_911,0.01582673818585341,0.13811822159165546,0.015762057807873566,0.13774987795553661
1350,22.5,feeder2_1107,0.02502147104746211,0.19822881596692316,0.02494491802291168,0.19783502615619022
1350,22.5,feeder2_920,0.020785765767267164,0.18192042856417542,0.020707924849672796,0.18150445001936755
1350,22.5,feeder2_926,0.020222059965235815,0.182920793704362,0.02014431343219711,0.18249438249723196
1350,22.5,feeder2_1239,0.020750029260928487,0.18167240014267114,0.02067381819395232,0.181255242946348
1350,22.5,feeder2_933,0.019967708882839958,0.18334402580738413,0.019889513914046184,0.18291423129102408
1350,22.5,feeder2_1146,0.02025307441666946,0.18306469324441932,0.020178668437538825,0.18264097489229725
1350,22.5,feeder2_1124,0.018945579070903208,0.18263864930245266,0.01886459648762703,0.18220633669293612
1350,22.5,feeder2_942,0.019463565103606455,0.18516543027741503,0.019380616252900773,0.1847234328732239
1350,22.5,feeder2_952,0.018383604995392985,0.18627015745686692,0.018306368918038104,0.18580967765475406
1350,22.5,feeder2_965,0.01950877726000174,0.1853802291326484,0.019429324950699767,0.1849398413630541
1350,22.5,feeder2_961,0.018214470534692103,0.18611619911940488,0.018134569713169926,0.18565300196732226
1350,22.5,feeder2_963,0.01839513572248149,0.18633023970160353,0.01831261935020085,0.18586926480558258
1350,22.5,feeder2_973,0.017446499597433596,0.18607744348423438,0.017362745608614574,0.18560116033853774
1350,22.5,feeder2_1128,0.018015000827009034,0.18488387160134584,0.017928392772295822,0.18442309219025257
1350,22.5,feeder2_1113,0.018446312837715216,0.18639361169426166,0.01836647561652151,0.18593270008603052
1350,22.5,feeder2_1143,0.019162495185990846,0.19033399792885936,0.019079436699153705,0.18987527066111973
1350,22.5,feeder2_1238,0.02320971129808927,0.190394227533012,0.023128058867624292,0.18995225095607499
1350,22.5,feeder2_979,0.019484710488390355,0.1852531931433246,0.019404822970999273,0.18481143594590588
1350,22.5,feeder2_1236,0.01638277492541996,0.1864706132067715,0.016293030987055514,0.18598006072546414
1350,22.5,feeder2_989,0.017446091390085215,0.18607502417335775,0.01735936296552717,0.1855983545273275
1350,22.5,feeder2_1196,0.01982016528343128,0.18461058270309974,0.019743234899918388,0.18417194572445542
1350,22.5,feeder2_1158,0.017055882147801838,0.18580661814909227,0.01697009666647457,0.18533303124287007
1350,22.5,feeder2_1122,0.026614214542694335,0.20538241567188098,0.026541375930004687,0.20499156156250758
1350,22.5,feeder2_1258,0.02450778576478668,0.19787171138588988,0.02443439998127471,0.19747718180233853
1350,22.5,feeder2_1303,0.026701150269423442,0.20550190523848777,0.02662667760412119,0.20510942534884544
1350,22.5,feeder2_1138,0.02787154226589654,0.21108466131783465,0.027792424304516623,0.21069989227911415
1350,22.5,feeder2_1304,0.028600295066619447,0.21047188506449718,0.028527832077269787,0.2100875720546952
1350,22.5,feeder2_1212,0.03057801985089666,0.2237600942225876,0.030503893431272685,0.22338201529873508
1350,22.5,feeder2_1311,0.03239225203182984,0.2270628440760445,0.032312786414707056,0.22668347889192247
1350,22.5,feeder2_1290,0.033438094254555156,0.23708758824603363,0.033369377418594165,0.2367160651171824
1350,22.5,feeder2_1325,0.0153912825374236,0.18698017577679912,0.015305667757280995,0.18646627547270805
1350,22.5,feeder2_1248,0.016374530023789125,0.18647279358114174,0.016285559988042694,0.18598306284669508
1350,22.5,feeder2_1249,0.02386200445759612,0.1912269311899002,0.02378295496608828,0.19078456608234842
1350,22.5,feeder2_1250,0.024398735038566457,0.19190702895932923,0.0243217673993887,0.19146423389465111
1350,22.5,feeder2_1366,0.01439214406021645,0.18713803602305568,0.01430709500320034,0.18664457434316642
1350,22.5,feeder2_1266,0.02444624403717641,0.19782269378749778,0.024369501551617604,0.19742738473889787
1350,22.5,feeder2_1372,0.0397127155072634,0.24685939808747015,0.039640030678612194,0.24648503315320494
1350,22.5,feeder2_1363,0.03389273730290867,0.23860435641541577,0.033820600407148245,0.2382513825213741
1350,22.5,feeder2_1446,0.015579751062215761,0.1875767900319483,0.015490314564460216,0.1870646932857183
1350,22.5,feeder2_1502,0.014203302768654884,0.18700805978592597,0.014116217935855106,0.18646937259092444
1350,22.5,feeder2_1428,0.03415429398184617,0.23849674703195484,0.03408132230197564,0.23814298109826018
1350,22.5,feeder2_1380,0.034639113568634514,0.2416994201324977,0.03456676598630282,0.24136101252713846
1350,22.5,feeder2_1550,0.035992428069152746,0.2445083209149912,0.03592014984779942,0.24416776408659113
1350,22.5,feeder2_1386,0.03481425640862027,0.24230768281855278,0.0347423688975014,0.24197870709861882
1350,22.5,feeder2_1551,0.03489086326044146,0.24231835793860376,0.034819823313726676,0.24199316422133677
1350,22.5,feeder2_1400,0.03491794264801213,0.2427047589655303,0.03485119215093761,0.24238371474438317
1350,22.5,feeder2_1552,0.03525792098284849,0.24273855489491963,0.035193716205791585,0.2424165456836071
1350,22.5,feeder2_1408,0.03516911762745764,0.2436950744487464,0.03510508016869572,0.24338369579453129
1350,22.5,feeder2_1553,0.04795245139211949,0.24336024774049028,0.0478955509516037,0.2430713321906259
1350,22.5,feeder2_1416,0.03516321226104327,0.24415173288769368,0.03509979008553653,0.2438401111564937
1350,22.5,feeder2_1530,0.03435372258778122,0.24947559559281313,0.034284278576777856,0.2491630850125325
1350,22.5,feeder2_1425,0.034980077417510656,0.24220714333625498,0.03491105865018659,0.24189794544005827
1350,22.5,feeder2_1589,0.036956662588270676,0.24057152094205914,0.036887333094067554,0.24026307929750734
1350,22.5,feeder2_1435,0.0349077266093946,0.24196142335121887,0.03484228533090729,0.24165179452961977
1350,22.5,feeder2_1621,0.03155810893831611,0.23926732176115978,0.03149078650524528,0.23895465995350715
1350,22.5,feeder2_1564,0.03495430702138527,0.24239019636167627,0.03489311031429404,0.242081953323785
1350,22.5,feeder2_1704,0.011419509371116318,0.1868409088245818,0.01133268089728794,0.1863008639228008
1350,22.5,feeder2_1525,0.014078141425753268,0.18723997182243027,0.013989247694004699,0.18669704524197314
1350,22.5,feeder2_1716,0.011397622275072593,0.1888043021595672,0.011304301595443912,0.18825905983758895
1350,22.5,feeder2_1537,0.014034825321148131,0.18730445170625307,0.01394585950601483,0.1867536632586922
1350,22.5,feeder2_1645,0.014000235645329553,0.18726359796788083,0.013912190197857102,0.18671429791634675
1350,22.5,feeder2_1561,0.013997891406924853,0.18739931627128134,0.013904560812630279,0.18684150168335298
1350,22.5,feeder2_1657,0.014603760539984965,0.1882805977776634,0.014512502741286461,0.18772214550638938
1350,22.5,feeder2_1570,0.013929302759352209,0.18721058161465626,0.013841018932481887,0.18665084115094682
1350,22.5,feeder2_1756,0.01948132955820583,0.19344742743526327,0.01939290145753657,0.19288738222674334
1350,22.5,feeder2_1588,0.013780642643200757,0.18663118747551222,0.013686617659394683,0.1860686072364032
1350,22.5,feeder2_1628,0.014409639691308396,0.18734675389234856,0.014319654917958669,0.18678519533825558
1350,22.5,feeder2_1598,0.013550022280444158,0.18569389444922424,0.013461580167463223,0.1851271912844984
1350,22.5,feeder2_1816,0.013286757720535272,0.1855070049570019,0.013195737939770616,0.18493914353415533
1350,22.5,feeder2_1765,0.01059866959473807,0.18433010750150913,0.010516458397781269,0.1837631888280603
1350,22.5,feeder2_1641,0.01258810750987944,0.1819844709854777,0.012493264786516745,0.18139710256290456
1350,22.5,feeder2_1689,0.011735230204811159,0.17867614186205913,0.01164216066009048,0.1780764529316679
1350,22.5,feeder2_1744,0.012686381297155536,0.18209304599709308,0.012590100444430385,0.1815104774556938
1350,22.5,feeder2_1817,0.01182440291701142,0.17728651849359267,0.011726310861440537,0.1766846622271472
1350,22.5,feeder2_1779,0.010313752798468622,0.17804525031693783,0.010219940598366032,0.17744568359527912
1350,22.5,feeder2_1800,0.011807701483621388,0.1764081643313156,0.011705506534553722,0.17580918969909815
1350,22.5,feeder2_1818,0.006670691174379304,0.17821468572682309,0.006554179936665452,0.17758622428694604
1350,22.5,feeder2_1753,0.012850829595469423,0.18227266142729176,0.012758050632789533,0.18168846428968138
1350,22.5,feeder2_1754,0.012718609601818516,0.18212904146014736,0.012624247894884102,0.1815460362281057
1380,23.0,secondary,0.02400847386552426,0.03212206712696299,0.023990990459769837,0.03211221984161773
1380,23.0,feeder2_44,0.044699763477966684,0.16761124648551318,0.04466854970524078,0.16755981617968674
1380,23.0,feeder2_45,0.04549167537547759,0.17291193402936242,0.045463254941556876,0.17286003643683215
1380,23.0,feeder2_46,0.04395004672831066,0.16713141259170236,0.04392717177449211,0.16708096367871564
1380,23.0,feeder2_51,0.04685437017730228,0.1820272244983332,0.04682307007372537,0.18197231363376765
1380,23.0,feeder2_48,0.04567064438420415,0.17355860520303648,0.04564659017315783,0.1735052670040215
1380,23.0,feeder2_52,0.07005586517534484,0.17115619306362553,0.0700352899243477,0.17112954822290743
1380,23.0,feeder2_68,0.05031644113486772,0.21147570172140115,0.05028140268870489,0.21140402531584446
1380,23.0,feeder2_69,0.05014050642161549,0.21135791052659153,0.05010966688769517,0.2112862101234217
1380,23.0,feeder2_71,0.05079464149740138,0.21539326568533507,0.050758321567812056,0.2153180601514006
1380,23.0,feeder2_72,0.05089653489998189,0.21564493057010425,0.05086772316270572,0.2155701324698241
1380,23.0,feeder2_73,0.05230965873780716,0.22763491859567445,0.05226999187053945,0.22755784735536458
1380,23.0,feeder2_74,0.05678688545360528,0.22430253391045163,0.0567565329408741,0.2242293634123893
1380,23.0,feeder2_77,0.05361717114337694,0.238573235823626,0.053578027228171045,0.23848851823176875
1380,23.0,feeder2_79,0.05230659838483364,0.23920757146449556,0.05227184234203813,0.2391175470415049
1380,23.0,feeder2_81,0.055931423829366465,0.2557762135371019,0.05589067300030154,0.25568277105925674
1380,23.0,feeder2_82,0.05618436425659074,0.2563867650872517,0.056146800142984364,0.2562925703267877
1380,23.0,feeder2_116,0.06704401964654857,0.3326549482426243,0.06699294037414502,0.3325171373923099
1380,23.0,feeder2_119,0.0695495316890481,0.32978958413277576,0.06950410902700793,0.3296509629800298
1380,23.0,feeder2_120,0.07130954573163584,0.362704041924108,0.07125752115936446,0.3625470965432218
1380,23.0,feeder2_248,0.07148608762054459,0.3624493208686397,0.07142989083012115,0.3622945212141843
1380,23.0,feeder2_124,0.07400929919067283,0.3813063476837869,0.07395710278695923,0.3811400040953422
1380,23.0,feeder2_282,0.07411213642863161,0.3814626130359514,0.07406035065325076,0.38129941721306676
1380,23.0,feeder2_275,0.07865591076197659,0.3761087757182104,0.07860122358731486,0.37594477450762054
1380,23.0,feeder2_151,0.07843260202291108,0.416964877860348,0.07837218783385957,0.41678268910564736
1380,23.0,feeder2_295,0.07833629952304359,0.41690960313388775,0.0782772646439715,0.41672436195922663
1380,23.0,feeder2_311,0.07598525433631675,0.41566396457780674,0.07592358721443124,0.415479416674882
1380,23.0,feeder2_201,0.08661834828139775,0.4783766651170893,0.08655253148598883,0.4781623559269868
1380,23.0,feeder2_314,0.0870228701636496,0.4789462071860694,0.08695707715858644,0.4787329979573465
1380,23.0,feeder2_342,0.09848601725975031,0.5644919305854925,0.09841317377760647,0.5642366340613296
1380,23.0,feeder2_368,0.09808886537767167,0.5663530322480155,0.0980136386343496,0.5660937913632397
1380,23.0,feeder2_347,0.10452114187901854,0.6036164522600059,0.1044446752063333,0.6033557285505717
1380,23.0,feeder2_353,0.10727628056070332,0.6218350074172726,0.10719684631238385,0.6215673628936398
1380,23.0,feeder2_518,0.10574801302086739,0.6060457929120865,0.1056719255813183,0.6057860133297749
1380,23.0,feeder2_365,0.11040692325840165,0.6424795736849759,0.11032140492893419,0.6422056812113669
1380,23.0,feeder2_653,0.10752132346854755,0.6209290115780055,0.10744373851927873,0.6206607831900383
1380,23.0,feeder2_377,0.11229672677955821,0.6534551971720864,0.1122122065848478,0.653177833264645
1380,23.0,feeder2_622,0.10743512620486498,0.643771824583005,0.10735281101412349,0.6434938838906246
1380,23.0,feeder2_451,0.09876416444671357,0.5671069091441648,0.09869243144055878,0.5668514817379066
1380,23.0,feeder2_383,0.09733781430833578,0.5689974121550139,0.09726128082837118,0.5687290094952973
1380,23.0,feeder2_385,0.11447781092492981,0.6661356615890391,0.11439447171538335,0.6658572406543707
1380,23.0,feeder2_621,0.11220072656164953,0.6533960950832282,0.1121190180252148,0.6531185311021948
1380,23.0,feeder2_611,0.09735855531849984,0.5688683244971708,0.09728222207264725,0.5686046323198775
1380,23.0,feeder2_405,0.09729412475135933,0.5691779278814116,0.0972180148700746,0.5689127374519596
1380,23.0,feeder2_461,0.12338019520181333,0.7180131903210928,0.12329061622615403,0.7177177597059229
1380,23.0,feeder2_594,0.11452244183752756,0.6659665497855869,0.11443440622238019,0.665685781165422
1380,23.0,feeder2_732,0.09732915684917723,0.5689744523312162,0.09725134490314875,0.5687105592602152
1380,23.0,feeder2_417,0.09697998476335058,0.5706132410953125,0.09690775534474795,0.5703430665549841
1380,23.0,feeder2_663,0.0958175351861674,0.5711880273729819,0.09573841762479503,0.5709188357424874
1380,23.0,feeder2_444,0.09686508989205558,0.5716007909213349,0.0967895243408164,0.5713287605281874
1380,23.0,feeder2_759,0.11532281428397909,0.5944217051623154,0.11524582403877005,0.5941517526343186
1380,23.0,feeder2_842,0.09118750323247797,0.5693239950811968,0.09111092178658314,0.5690485247636367
1380,23.0,feeder2_459,0.09652417263381692,0.5706625569700385,0.09644710494209313,0.570390596976272
1380,23.0,feeder2_702,0.09720270506140533,0.571484026393807,0.09712774855180419,0.5712100797818169
1380,23.0,feeder2_493,0.09514678558472127,0.5668016556684609,0.09507143277611016,0.5665225626901559
1380,23.0,feeder2_651,0.12319154585019143,0.7179055780662721,0.12310645769433401,0.7176086767708564
1380,23.0,feeder2_684,0.13065275320338146,0.7605022165551552,0.13055909966391108,0.7601936563041126
1380,23.0,feeder2_674,0.09542742591560818,0.5659324366257499,0.09535144533604017,0.5656570495636459
1380,23.0,feeder2_696,0.09136134220095422,0.5594695263797139,0.0912860414531023,0.5591825961415213
1380,23.0,feeder2_681,0.0959405740109302,0.5652699976016025,0.09586503541107588,0.564994025719447
1380,23.0,feeder2_682,0.09592645390555195,0.5633519585527728,0.09585223128795163,0.5630802980984242
1380,23.0,feeder2_728,0.13081806781511107,0.7614920975583966,0.1307224992289439,0.761185194187033
1380,23.0,feeder2_724,0.1376788763305214,0.8018289396118224,0.13758225002467905,0.801512068940647
1380,23.0,feeder2_703,0.08888393935200169,0.5584467954417891,0.08880613669091375,0.5581574100012519
1380,23.0,feeder2_704,0.08598587245925436,0.5577193772160991,0.08590704454332973,0.5574260606841045
1380,23.0,feeder2_754,0.13790157826877744,0.8021209665829692,0.13780605117153158,0.8018037649138596
1380,23.0,feeder2_747,0.14051503785676653,0.8185804778598667,0.14042078137708242,0.8182574999357612
1380,23.0,feeder2_828,0.1308219933635662,0.7614684139977962,0.13072647936175563,0.761161619362867
1380,23.0,feeder2_763,0.131069921318586,0.7629835853274535,0.13097491224633578,0.7626765637924041
1380,23.0,feeder2_836,0.13502883987862732,0.8168043683326482,0.13492720041591133,0.8164793524870895
1380,23.0,feeder2_758,0.14337224573919644,0.8340563932672089,0.14327407825647495,0.8337310984549635
1380,23.0,feeder2_788,0.1436554241723558,0.834433501806636,0.14355648021925016,0.8341055644082317
1380,23.0,feeder2_812,0.1520686609293244,0.8814226449075189,0.15196325651173131,0.8810891925786442
1380,23.0,feeder2_947,0.13399029718662367,0.7685582246562782,0.1338954680088943,0.768251876104962
1380,23.0,feeder2_868,0.13123685080551847,0.7632012339573325,0.1311415508179919,0.7628961178989465
1380,23.0,feeder2_785,0.13092325759159637,0.7625180923186632,0.13082621911768388,0.7622110461333512
1380,23.0,feeder2_1176,0.12772235192859366,0.7605989761005064,0.12763331623243068,0.7602891615671117
1380,23.0,feeder2_846,0.13095262091023463,0.7623903053838621,0.13086164473260212,0.7620803552517993
1380,23.0,feeder2_911,0.13095114671421182,0.7626223032542416,0.13085680925224744,0.7623139090907697
1380,23.0,feeder2_1107,0.15106683213222463,0.8777901253712439,0.1509632487205034,0.8774645401530707
1380,23.0,feeder2_920,0.15478819395911086,0.8957839503269721,0.15468073187170908,0.8954463095116809
1380,23.0,feeder2_926,0.15889800801313625,0.9173908907422794,0.15879373915124337,0.9170438347748651
1380,23.0,feeder2_1239,0.15472319373991159,0.8955398389071106,0.15461810327571415,0.8952011700312518
1380,23.0,feeder2_933,0.16068516206363617,0.9267381980175584,0.16057584434872055,0.9263860296720392
1380,23.0,feeder2_1146,0.15905455543920816,0.9184211619571395,0.1589502220916381,0.9180722145413582
1380,23.0,feeder2_1124,0.1603462275235466,0.9263939017857843,0.16023926968497074,0.9260457367206906
1380,23.0,feeder2_942,0.16524182300237267,0.9507473834037852,0.16512833535071603,0.9503887245330694
1380,23.0,feeder2_952,0.16436713504622608,0.9513460817687605,0.1642528663572165,0.9509757535426514
1380,23.0,feeder2_965,0.16622794082685333,0.955266831937856,0.1661195209622004,0.9549085446015957
1380,23.0,feeder2_961,0.16420963811437805,0.9510872660719087,0.16409506737504628,0.9507156709101768
1380,23.0,feeder2_963,0.16438066537314602,0.9514155314915557,0.16426966505502077,0.951043557130643
1380,23.0,feeder2_973,0.1635249861071646,0.9504247709452579,0.1634107539215941,0.9500460460775622
1380,23.0,feeder2_1128,0.16394717800129857,0.9498575488330491,0.16383331700823625,0.9494852595291089
1380,23.0,feeder2_1113,0.16441503784241582,0.9518227519956207,0.1642987027269945,0.9514508247170452
1380,23.0,feeder2_1143,0.16512160355860078,0.9549375941633003,0.165008008653878,0.9545648148634375
1380,23.0,feeder2_1238,0.22783844104380027,1.03173494092198,0.2277178265817176,1.0313723261277228
1380,23.0,feeder2_979,0.1662319865820061,0.954999206601891,0.16612447557464521,0.9546415271820464
1380,23.0,feeder2_1236,0.16251650901260967,0.9495383887458319,0.16240054461381237,0.9491444905456177
1380,23.0,feeder2_989,0.16352487393701481,0.950423851069666,0.16340882203197687,0.9500450971730378
1380,23.0,feeder2_1196,0.1670316907269736,0.9538110906514728,0.16692186761391595,0.9534491844562459
1380,23.0,feeder2_1158,0.16340314380757578,0.9503196440421793,0.16328823769689468,0.9499385960424332
1380,23.0,feeder2_1122,0.15103335441029175,0.8762462921950142,0.15093044993175808,0.8759282152334033
1380,23.0,feeder2_1258,0.1493403642938877,0.8782690774001459,0.14923832137377024,0.8779452727045993
1380,23.0,feeder2_1303,0.1510263914603316,0.8773878678840411,0.15092323281221331,0.8770699352473311
1380,23.0,feeder2_1138,0.15095185247588777,0.8746440668539383,0.15085139349731203,0.8743323907548175
1380,23.0,feeder2_1304,0.15230836500236328,0.8728048736696735,0.15220653836988324,0.8724916951405352
1380,23.0,feeder2_1212,0.15075418638610433,0.8727750183781326,0.15065306397258788,0.8724722268052274
1380,23.0,feeder2_1311,0.1507705971196599,0.8739041780046389,0.1506700945895439,0.8736015497083987
1380,23.0,feeder2_1290,0.15039723492318255,0.8696705280714707,0.1502963393241278,0.86937393415067
1380,23.0,feeder2_1325,0.16127923802946315,0.9489129858742754,0.16116083725865357,0.9485058102540939
1380,23.0,feeder2_1248,0.16251207211386792,0.949536044292705,0.1623966870019865,0.9491425963775619
1380,23.0,feeder2_1249,0.2469130286352683,1.054030945459855,0.24679281466076092,1.0536659998833613
1380,23.0,feeder2_1250,0.2278923709821498,1.0317962630489501,0.22777265974513078,1.0314333421371709
1380,23.0,feeder2_1366,0.16149315944268267,0.9490356428509117,0.1613789565765354,0.9486436016373551
1380,23.0,feeder2_1266,0.14861060605378038,0.8785367360913999,0.14850648667671892,0.8782093649640461
1380,23.0,feeder2_1372,0.15165320189925502,0.8721952172122108,0.1515469647538139,0.87190202610037
1380,23.0,feeder2_1363,0.14939008807790763,0.8629642843158182,0.14928720166476103,0.8626800242953854
1380,23.0,feeder2_1446,0.16141017961793883,0.949082603219419,0.1612874819525187,0.9486770747548261
1380,23.0,feeder2_1502,0.15984611036478102,0.9479928962370398,0.15972178164841996,0.9475696987308226
1380,23.0,feeder2_1428,0.15068565553374275,0.8614689009099292,0.15058596200059224,0.86118326884807
1380,23.0,feeder2_1380,0.14800108293891762,0.857415174930967,0.14790206484122087,0.8571395480288643
1380,23.0,feeder2_1550,0.1477919510033779,0.8588449764896771,0.14769504341545703,0.8585704874574379
1380,23.0,feeder2_1386,0.1472576396313925,0.8540351904519091,0.1471587129473812,0.853767908152527
1380,23.0,feeder2_1551,0.14741951125824704,0.8537880409729276,0.1473256684001471,0.8535167603322307
1380,23.0,feeder2_1400,0.14692098356091104,0.8524935382291347,0.14682034197476262,0.8522265821705437
1380,23.0,feeder2_1552,0.146937934489261,0.8524537416390991,0.14684095546028064,0.8521875098513938
1380,23.0,feeder2_1408,0.14624434570909037,0.849353336950328,0.14614223214529423,0.8490923735343464
1380,23.0,feeder2_1553,0.151624721962254,0.8434315123877836,0.15153429488131356,0.8431786688101205
1380,23.0,feeder2_1416,0.14611114205626657,0.8487817750498154,0.14601503027891244,0.8485183695996983
1380,23.0,feeder2_1530,0.14629056800224652,0.8490327993358214,0.14619546359943503,0.8487704718169031
1380,23.0,feeder2_1425,0.14583007996745895,0.8475644870588054,0.14573155608200117,0.8473000196789682
1380,23.0,feeder2_1589,0.14589383347479615,0.8474775321399443,0.1457982930640368,0.8472127681868465
1380,23.0,feeder2_1435,0.14577486838747933,0.8473258505760193,0.14567966566366947,0.8470606314619912
1380,23.0,feeder2_1621,0.1426564622758675,0.8450440999974513,0.14255976772512335,0.8447808674467955
1380,23.0,feeder2_1564,0.14565688081523803,0.8473456763451426,0.14555653810323563,0.8470856559220592
1380,23.0,feeder2_1704,0.1595795661409075,0.9478254185525115,0.15945296524466354,0.9474014374450547
1380,23.0,feeder2_1525,0.1594916305361744,0.9478272835462903,0.15937074329092574,0.9473983302774827
1380,23.0,feeder2_1716,0.15931021741811088,0.9476971530136405,0.15918398445604065,0.9472705072978886
1380,23.0,feeder2_1537,0.15909882327556213,0.9476645046777813,0.15897083551473012,0.9472329013713235
1380,23.0,feeder2_1645,0.15908134435152585,0.9476455046336194,0.15895317272444964,0.9472113994662077
1380,23.0,feeder2_1561,0.1586621194066167,0.9474857073870604,0.15853189102987536,0.9470466418219723
1380,23.0,feeder2_1657,0.15877906021632004,0.9476351412403352,0.15864827939649243,0.9471982003131149
1380,23.0,feeder2_1570,0.15846626262682936,0.9473728506682698,0.1583335269454878,0.9469344309023204
1380,23.0,feeder2_1756,0.1587057191835509,0.9494199726277889,0.15857741877236478,0.9489813434881228
1380,23.0,feeder2_1588,0.15826093350741532,0.947125565218286,0.15813199611071216,0.9466853975267536
1380,23.0,feeder2_1628,0.1588977921905764,0.9479271199164043,0.15876734540966872,0.9474857785408523
1380,23.0,feeder2_1598,0.15795369899070522,0.9465866898678109,0.15782507138043597,0.9461410921093056
1380,23.0,feeder2_1816,0.1576460616631273,0.9463303952661215,0.1575184071911716,0.9458850826221348
1380,23.0,feeder2_1765,0.15405241870214348,0.9440099496105707,0.15392465305707684,0.9435600738445811
1380,23.0,feeder2_1641,0.15669855059194357,0.9453802820963465,0.1565662392441359,0.9449203006944585
1380,23.0,feeder2_1689,0.15548007599449415,0.943404650764305,0.15534596669569647,0.9429350062322092
1380,23.0,feeder2_1744,0.1567752224680912,0.9459316779223145,0.15664278203014237,0.9454741617690622
1380,23.0,feeder2_1817,0.15547137313980122,0.943377403530795,0.1553353878508771,0.9429048821655789
1380,23.0,feeder2_1779,0.15444484980697987,0.9438587864481766,0.15431419072812397,0.9433860573031403
1380,23.0,feeder2_1800,0.1557380013482859,0.9420273025475777,0.1555999739959773,0.941560618244913
1380,23.0,feeder2_1818,0.1482786616205653,0.9360739308192769,0.1481265799178262,0.9355738489171854
1380,23.0,feeder2_1753,0.15690380818791236,0.9475196830673315,0.15677247647502596,0.9470621535024395
1380,23.0,feeder2_1754,0.156804905180241,0.9459682215208329,0.15666820899991618,0.945509969554448
1410,23.5,secondary,0.01954092092661762,0.02194448744464105,0.019531216051922082,0.021927038942609296
1410,23.5,feeder2_44,0.03636484287009748,0.11445140522346106,0.036354007017035575,0.11437267604283423
1410,23.5,feeder2_45,0.036982516598035114,0.11800605558334193,0.03697440948180765,0.11792576317531127
1410,23.5,feeder2_46,0.037036404748830076,0.11472570646866048,0.03702585635733323,0.11464718398307833
1410,23.5,feeder2_51,0.0380695350634962,0.12428262726112654,0.03805999228080662,0.12419693885546103
1410,23.5,feeder2_48,0.036976781963533246,0.11736843987028478,0.03696446488315911,0.11728563310221508
1410,23.5,feeder2_52,0.03394230585127182,0.12777681796235968,0.033930716841102715,0.127685504304821
1410,23.5,feeder2_68,0.041319977909917045,0.14093047198664096,0.04130796083881914,0.14083148717362085
1410,23.5,feeder2_69,0.04148163192951517,0.14101234224615886,0.0414733027292402,0.14091513377568243
1410,23.5,feeder2_71,0.041749140628118644,0.14313735402326733,0.04173660967778265,0.14303821211790382
1410,23.5,feeder2_72,0.041724486236503405,0.14288624736417077,0.04171164391506409,0.14278690284053136
1410,23.5,feeder2_73,0.04309696090153097,0.1500822241226307,0.043081057264294606,0.14997957745395302
1410,23.5,feeder2_74,0.03751990328695903,0.1547507841862877,0.037499981955067596,0.1546417797240027
1410,23.5,feeder2_77,0.0443564281478544,0.1554582153775626,0.04434297826533665,0.15535124318146667
1410,23.5,feeder2_79,0.04469744970619592,0.15562248115038813,0.04468229044440208,0.15551638092475784
1410,23.5,feeder2_81,0.04631415412768593,0.16393249595521314,0.04629934955880133,0.16382615826816743
1410,23.5,feeder2_82,0.04629528330314875,0.16332713389650638,0.046278944386418934,0.16321940615833683
1410,23.5,feeder2_116,0.05516362521644422,0.20317188976566739,0.05515404784506647,0.2030487147077954
1410,23.5,feeder2_119,0.05302494306009261,0.20463799365220306,0.053009639818720325,0.20451131853362506
1410,23.5,feeder2_120,0.05857087580983967,0.21727189843087072,0.058556515992490406,0.2171421439241841
1410,23.5,feeder2_248,0.05816809551929626,0.21752061972433948,0.0581538335694823,0.2173921817363824
1410,23.5,feeder2_124,0.060684679841856506,0.2259263571243722,0.060674991646550436,0.22579623938764776
1410,23.5,feeder2_282,0.06066648155604651,0.22577251536709447,0.06065276383599579,0.22564407851129223
1410,23.5,feeder2_275,0.05948050387554853,0.22718818950856934,0.05946705933004245,0.22705824738826103
1410,23.5,feeder2_151,0.06454499613525398,0.2403946452698935,0.06453248005109354,0.24026270035540603
1410,23.5,feeder2_295,0.06463765907792572,0.24045722358218996,0.06462668644203103,0.24032616345400548
1410,23.5,feeder2_311,0.066624204860386,0.241777822701872,0.06661250113116814,0.24164956569640966
1410,23.5,feeder2_201,0.07034331737724737,0.2627117003102078,0.0703338758422272,0.262573072514488
1410,23.5,feeder2_314,0.07199338211118662,0.2603935892431481,0.07198544601883379,0.2602527158267683
1410,23.5,feeder2_342,0.07844704819546787,0.2998364533698413,0.07843581697845808,0.2996916872117741
1410,23.5,feeder2_368,0.08221854239362658,0.30794458433582456,0.08220599846654848,0.30781455967470095
1410,23.5,feeder2_347,0.07710054599500296,0.3035602942456416,0.07708948960405429,0.30338284936272264
1410,23.5,feeder2_353,0.0766151305768879,0.30712927674209245,0.07660654911262385,0.30693092585159854
1410,23.5,feeder2_518,0.07696113797701393,0.3006925382971449,0.07695509916940077,0.3005129668708938
1410,23.5,feeder2_365,0.07615299552386552,0.31094684888523744,0.07614127272018421,0.3107326574128059
1410,23.5,feeder2_653,0.07540258954874884,0.3078337383545679,0.07538615965743563,0.30763343225048756
1410,23.5,feeder2_377,0.07580721410229628,0.31310337837762386,0.07579661942914015,0.3128789022625757
1410,23.5,feeder2_622,0.07710400660162343,0.31070090804691325,0.07708934673740772,0.3104884670481619
1410,23.5,feeder2_451,0.0833553188496474,0.3057097953069759,0.08334810915018524,0.30557924627266503
1410,23.5,feeder2_383,0.08823826946938249,0.3236197278622027,0.08822217838856902,0.32351719911865606
1410,23.5,feeder2_385,0.07540284583590132,0.3156310879676159,0.07538807221783128,0.31539272800863266
1410,23.5,feeder2_621,0.07590689717131692,0.3131665776344199,0.07588943157674778,0.31293981192946047
1410,23.5,feeder2_611,0.08806057674489634,0.32368754863927607,0.08805168177122041,0.3235815696303138
1410,23.5,feeder2_405,0.0886168482678003,0.3246238593411167,0.08860685426174297,0.32452261933630244
1410,23.5,feeder2_461,0.07382514619751789,0.3263392463122462,0.07381204527415176,0.32604566118018335
1410,23.5,feeder2_594,0.07514738557299841,0.3157955839954278,0.07512941822825592,0.31555549211316647
1410,23.5,feeder2_732,0.08833934237934293,0.32473143726746023,0.08832201474673759,0.32462903721379577
1410,23.5,feeder2_417,0.09148218389101787,0.3322689161755935,0.09146840029404457,0.33217862663471864
1410,23.5,feeder2_663,0.09163236659974397,0.3324010760842563,0.09162341149148052,0.3323089476897968
1410,23.5,feeder2_444,0.09364789103924404,0.3381474454369024,0.09363808798126354,0.3380640459856674
1410,23.5,feeder2_759,0.09326300114996185,0.3343169546237031,0.0932479255828066,0.33423893206258604
1410,23.5,feeder2_842,0.11990395594037234,0.35919361470374267,0.11988302265039066,0.3591418334352565
1410,23.5,feeder2_459,0.09396262482521638,0.3391639086400303,0.09394933294531636,0.33908226173905975
1410,23.5,feeder2_702,0.09376012583360004,0.3375030147876824,0.09374775067970677,0.3374220930264459
1410,23.5,feeder2_493,0.09524212067315938,0.34367024475947555,0.09522423840179174,0.3435920408516088
1410,23.5,feeder2_651,0.07401345607592706,0.32643629420390785,0.07399422146472288,0.3261429792923405
1410,23.5,feeder2_684,0.07251221449978383,0.3356780238714537,0.07249640410341017,0.3353391180301257
1410,23.5,feeder2_674,0.09442871342659785,0.34394388818405097,0.09441509170661594,0.34386388123123574
1410,23.5,feeder2_696,0.09967368946329302,0.3560910303536332,0.0996567022797957,0.35603077392118376
1410,23.5,feeder2_681,0.09436488470969888,0.3439552276427481,0.0943474691974205,0.34387523510378776
1410,23.5,feeder2_682,0.09120114256953961,0.34508897993231313,0.09118033433886565,0.34500250316186665
1410,23.5,feeder2_728,0.07259420139754866,0.33399530627213386,0.0725807769296863,0.333655931977214
1410,23.5,feeder2_724,0.07128035542129811,0.3497475902109299,0.07125637031630927,0.34936414202376787
1410,23.5,feeder2_703,0.10362929697149377,0.35936600937014596,0.10360891224426914,0.35930726537408425
1410,23.5,feeder2_704,0.10391987936356668,0.3596025242536594,0.10390425709726701,0.35954393430642717
1410,23.5,feeder2_754,0.07122888033395562,0.3494607029127709,0.0712109556623153,0.34907761181171987
1410,23.5,feeder2_747,0.07081966389508784,0.3558059177010386,0.07079498592981914,0.3554053487111962
1410,23.5,feeder2_828,0.072554770317216,0.33402478821569154,0.07254116034015325,0.3336852032070285
1410,23.5,feeder2_763,0.07273506551387023,0.33147253507818386,0.07271551800999844,0.3311342757190904
1410,23.5,feeder2_836,0.07533177280656667,0.3575373213033204,0.07530855270940766,0.35714415186185516
1410,23.5,feeder2_758,0.06997355805693667,0.36017720993299174,0.06994495227252655,0.35975653191486767
1410,23.5,feeder2_788,0.06990372918585767,0.35980868991898934,0.06987558048980538,0.35938548424872624
1410,23.5,feeder2_812,0.06751647816640619,0.374860344102318,0.06748609567847473,0.3743796121497031
1410,23.5,feeder2_947,0.07230077286769632,0.3250994552517934,0.07229876833954313,0.3247604471380534
1410,23.5,feeder2_868,0.07270690768830364,0.33125794408841436,0.07269439892520636,0.3309174967833788
1410,23.5,feeder2_785,0.07300061790551617,0.33147054514322594,0.07298422955519053,0.33112898021559645
1410,23.5,feeder2_1176,0.07610639209317885,0.33309633816912165,0.07608748820981999,0.3327627575903476
1410,23.5,feeder2_846,0.07279672137930507,0.331626193875004,0.07278481044217354,0.3312853679603015
1410,23.5,feeder2_911,0.07321539073540813,0.3304563482465607,0.07319675511319026,0.3301131626405458
1410,23.5,feeder2_1107,0.06562318476448027,0.3908994101944471,0.06558527842723758,0.39039643561338416
1410,23.5,feeder2_920,0.06739213498947899,0.37478804437251717,0.06735697394681352,0.37429980704179405
1410,23.5,feeder2_926,0.06723716147602322,0.37432644267069465,0.06720895440376928,0.37382590147115247
1410,23.5,feeder2_1239,0.06735720300161095,0.3752126213061337,0.06732029460638433,0.37472265067670035
1410,23.5,feeder2_933,0.06717412766884732,0.37415516827622114,0.06714008631587949,0.37364654811380243
1410,23.5,feeder2_1146,0.0672123958740292,0.37417742066570114,0.067180718200137,0.37367465249191034
1410,23.5,feeder2_1124,0.06809323696257105,0.3737603618659476,0.0680609200273453,0.3732556054145205
1410,23.5,feeder2_942,0.06675003683392422,0.37398609341484695,0.06671788626399627,0.3734581365797239
1410,23.5,feeder2_952,0.06646791915990304,0.37582949495591583,0.0664337437309183,0.3752845898895567
1410,23.5,feeder2_965,0.06670571750195335,0.37371729354559724,0.06667021567218329,0.37319131392112076
1410,23.5,feeder2_961,0.06647856052281431,0.37629695466266877,0.06644735604634201,0.375744867587729
1410,23.5,feeder2_963,0.0664591092179778,0.37577204505638373,0.06642787771425823,0.3752244835732914
1410,23.5,feeder2_973,0.06664299434389603,0.3776027950224834,0.06661766445802683,0.3770439347150665
1410,23.5,feeder2_1128,0.06629634595453504,0.37834864743366026,0.06626526837274806,0.37779228319069014
1410,23.5,feeder2_1113,0.06643644267887422,0.3757088508300746,0.06640092674874623,0.3751629495953692
1410,23.5,feeder2_1143,0.06587859832635982,0.37195741553120554,0.06584651220559225,0.37140774763278
1410,23.5,feeder2_1238,0.06722179374128671,0.3684189183872459,0.06720055147415253,0.3678862014775793
1410,23.5,feeder2_979,0.06669695713420329,0.3738244192912264,0.06667055912285812,0.37329919339570433
1410,23.5,feeder2_1236,0.06686508136910035,0.37948492530206085,0.06683369586266247,0.3789078520852062
1410,23.5,feeder2_989,0.06664322905827072,0.3776034180975394,0.06661766445802683,0.3770439347150665
1410,23.5,feeder2_1196,0.06619865421244772,0.37432571897400296,0.06616917129596434,0.3738013606907556
1410,23.5,feeder2_1158,0.06678806910990762,0.3776695303434758,0.06675451076679356,0.37711100896803246
1410,23.5,feeder2_1122,0.06480778967342639,0.39748162149694266,0.06476937092937887,0.39696676341481946
1410,23.5,feeder2_1258,0.06611658924851699,0.3906249396280169,0.0660802023409553,0.39012360871375645
1410,23.5,feeder2_1303,0.06475454335194218,0.39735837661851725,0.06471772849338533,0.39684566519508324
1410,23.5,feeder2_1138,0.06419181306821443,0.4027852830920003,0.06414777580744888,0.40226472200425806
1410,23.5,feeder2_1304,0.0630134772507687,0.40420077343015515,0.06296557725484782,0.4036791148218105
1410,23.5,feeder2_1212,0.06298691568234624,0.4131337743612519,0.06294589994911196,0.4126014802919537
1410,23.5,feeder2_1311,0.06462415972141214,0.41215990032448235,0.06458742626089889,0.41162211551564754
1410,23.5,feeder2_1290,0.06158630791891295,0.42716654737291043,0.06153392082259996,0.4266193474174755
1410,23.5,feeder2_1325,0.06687334669383323,0.3817902767131458,0.06684342678334713,0.3811908573268684
1410,23.5,feeder2_1248,0.0668708200893437,0.37948562179156203,0.06683927032999465,0.3789089603546954
1410,23.5,feeder2_1249,0.06747158645289807,0.3669029943382378,0.06745798646083427,0.36636886069772356
1410,23.5,feeder2_1250,0.06721046757178936,0.3683602127672483,0.06718928450562504,0.367829928316955
1410,23.5,feeder2_1366,0.06820862858543521,0.37960376426095904,0.06818030060677965,0.3790315130812817
1410,23.5,feeder2_1266,0.06618133613275903,0.39065181138475913,0.06613688491848442,0.3901489348275501
1410,23.5,feeder2_1372,0.0607032929154752,0.4253707090582774,0.06065582940007987,0.4248260089023623
1410,23.5,feeder2_1363,0.06073765097457072,0.4449965598645852,0.06067691364869621,0.44444083697278597
1410,23.5,feeder2_1446,0.06683781355158237,0.38162749267507273,0.06680732490155511,0.38102863827316535
1410,23.5,feeder2_1502,0.06691988900304699,0.3845986334663709,0.06689371285894492,0.3839762428524606
1410,23.5,feeder2_1428,0.06046002202409641,0.44541083377674284,0.06040258938455877,0.44485332549239154
1410,23.5,feeder2_1380,0.05997773233719353,0.46623049269253114,0.05990806293209174,0.46566063990518597
1410,23.5,feeder2_1550,0.06039701844852333,0.46594133818612415,0.0603283686885549,0.465368902135645
1410,23.5,feeder2_1386,0.05973065152953467,0.4768523397136163,0.059655871685989945,0.47627779759336364
1410,23.5,feeder2_1551,0.05635784816860851,0.4807331873534585,0.056283653574636765,0.4801611418508025
1410,23.5,feeder2_1400,0.059748112771738686,0.4810152255274618,0.05967241328647361,0.4804381597402502
1410,23.5,feeder2_1552,0.0596867810777449,0.4811693628861173,0.059617239116899874,0.48059425882845613
1410,23.5,feeder2_1408,0.059817964251709106,0.4895819795378102,0.05973927722854152,0.4889990411340759
1410,23.5,feeder2_1553,0.05263782403017019,0.5062776277450238,0.05253158500722126,0.5056859911062513
1410,23.5,feeder2_1416,0.05988294151580873,0.49055274170217616,0.059802605795216214,0.4899735346518455
1410,23.5,feeder2_1530,0.05973795539328447,0.49031733493771845,0.05966256740121776,0.4897396745375018
1410,23.5,feeder2_1425,0.06003248121033382,0.4925338230295816,0.05995523485621757,0.4919558189537125
1410,23.5,feeder2_1589,0.05993007628601363,0.4927384265877915,0.059849088689524425,0.49215891523042365
1410,23.5,feeder2_1435,0.06006211028860076,0.4929150044056933,0.059984511883921426,0.49233493021502844
1410,23.5,feeder2_1621,0.06353009480501952,0.49360681104150383,0.06345257808685566,0.49303363546431267
1410,23.5,feeder2_1564,0.0597480115651328,0.49631178819282173,0.059665881965631974,0.4957312691718976
1410,23.5,feeder2_1704,0.06719593769237575,0.3846811198491527,0.06716503603263868,0.38405815490248313
1410,23.5,feeder2_1525,0.06690982074533809,0.3852812521086087,0.06688529320766756,0.3846539799519541
1410,23.5,feeder2_1716,0.06764006324906485,0.3840738750121804,0.06760701474726534,0.3834463167525491
1410,23.5,feeder2_1537,0.06684676172323413,0.3862072194010265,0.06682144957353887,0.38557123643026375
1410,23.5,feeder2_1645,0.0658543150240873,0.3872602270329816,0.06582837178232867,0.3866213669991995
1410,23.5,feeder2_1561,0.06688985938846652,0.38666908399400507,0.06685925514299783,0.3860204602188508
1410,23.5,feeder2_1657,0.06685976193314638,0.38652516300578244,0.06682956220566122,0.3858760307087108
1410,23.5,feeder2_1570,0.0669139487267506,0.38690445424984676,0.06688689439562139,0.38625144358631364
1410,23.5,feeder2_1756,0.07085364219214675,0.38470578897100693,0.07083574940718751,0.38404392652684005
1410,23.5,feeder2_1588,0.06692028370082162,0.3872996453692037,0.06689571825162902,0.3866457749163996
1410,23.5,feeder2_1628,0.06676228418986169,0.38655509125326576,0.0667382189789242,0.38590115245845313
1410,23.5,feeder2_1598,0.06695980735346825,0.3880177889399539,0.06693255261756298,0.3873577450727564
1410,23.5,feeder2_1816,0.06732182027843245,0.38817569379461087,0.06730240512604914,0.38751633842681693
1410,23.5,feeder2_1765,0.07070968307966138,0.38929847047374455,0.07067989231275498,0.38864697243523105
1410,23.5,feeder2_1641,0.06675060055942954,0.390752485054089,0.06672631127764674,0.3900683552811551
1410,23.5,feeder2_1689,0.0665292566377873,0.39380991253179004,0.06650495316987598,0.3931086105680619
1410,23.5,feeder2_1744,0.06729337161175435,0.39036916562645196,0.06727103132768436,0.38968396131160293
1410,23.5,feeder2_1817,0.0665246697013014,0.39386179280929473,0.06649334068507107,0.3931607665359361
1410,23.5,feeder2_1779,0.06673813003958835,0.3933775853554336,0.06671250463777101,0.3926787045779298
1410,23.5,feeder2_1800,0.06192918974366042,0.39855478697488733,0.06190003476109552,0.39784990961866173
1410,23.5,feeder2_1818,0.0690829742355119,0.39260424858735554,0.06908121160505042,0.39186872480986307
1410,23.5,feeder2_1753,0.06723843157543793,0.390192087578482,0.0672126150793246,0.389507597061279
1410,23.5,feeder2_1754,0.0676837742761907,0.39014383635510064,0.06766006880846741,0.3894561018933245
1440,24.0,secondary,0.0206338701970485,0.01917774280943703,0.02060686450469491,0.019145967627982763
1440,24.0,feeder2_44,0.03839934945645156,0.1000229507582263,0.038346671896931986,0.09985840417936237
1440,24.0,feeder2_45,0.039005284043292454,0.10341523899580492,0.0389481784167189,0.10324021546225315
1440,24.0,feeder2_46,0.04047386180177525,0.09671815254725338,0.04042148766555698,0.0965489622914718
1440,24.0,feeder2_51,0.04007633990786216,0.10938753161591384,0.04002181272814232,0.10920953493445522
1440,24.0,feeder2_48,0.03880607761010411,0.10294156148803818,0.03875057614387675,0.10276993646334942
1440,24.0,feeder2_52,0.034208332572808094,0.11709431705339232,0.034155177332790373,0.11691543801883675
1440,24.0,feeder2_68,0.04336409442293136,0.12335858226341768,0.04330344519521759,0.12315490647882399
1440,24.0,feeder2_69,0.04353997166940072,0.12333121051967867,0.04348349762474915,0.12313001403524303
1440,24.0,feeder2_71,0.0437978723517492,0.1252101872027889,0.04373531485229518,0.12500062747902138
1440,24.0,feeder2_72,0.043701434749680586,0.1250120045837998,0.043639309781155905,0.12480151272523182
1440,24.0,feeder2_73,0.04516081018927058,0.13103133886034896,0.045099739490456654,0.13081427802202966
1440,24.0,feeder2_74,0.040662837948937845,0.13921337321868563,0.04059464462149612,0.1389946750314827
1440,24.0,feeder2_77,0.0463637319155,0.13481432041820884,0.046295423285603106,0.13458301628061853
1440,24.0,feeder2_79,0.04825694944461312,0.13137468474839972,0.04819328782246182,0.1311462935693344
1440,24.0,feeder2_81,0.047995519028741634,0.1420219279727737,0.04792272869339814,0.14177842767019247
1440,24.0,feeder2_82,0.04780659909546752,0.14156540537428325,0.0477421980324732,0.14132752235976018
1440,24.0,feeder2_116,0.05543233033238759,0.17491962516648343,0.055355173776170136,0.17461496145717234
1440,24.0,feeder2_119,0.05220374885285102,0.18007360664489283,0.05212172544546246,0.17976774284015257
1440,24.0,feeder2_120,0.05830848170370834,0.18443409748533077,0.058228822655749336,0.18410559745257926
1440,24.0,feeder2_248,0.05799289286748725,0.18490791553291172,0.05790633160519484,0.18457459974594337
1440,24.0,feeder2_124,0.060092978862362666,0.1901200338596447,0.06000587663325464,0.1897716216660878
1440,24.0,feeder2_282,0.06003785682957108,0.18999137259902527,0.05995611837726579,0.18964718273308911
1440,24.0,feeder2_275,0.0588542990874406,0.19130555307787403,0.05877101954733341,0.19096080936731213
1440,24.0,feeder2_151,0.06338029380612303,0.1993228686219967,0.06328914515793393,0.198945664143003
1440,24.0,feeder2_295,0.06347966889826254,0.19931745310028415,0.06338974454162247,0.19894272042283392
1440,24.0,feeder2_311,0.06567374032993152,0.1990980405811282,0.06559014640284427,0.19872198597105012
1440,24.0,feeder2_201,0.06827122721856711,0.21468389886992253,0.06817403024085346,0.21426861272205228
1440,24.0,feeder2_314,0.06839400786866474,0.2135441763932979,0.06830076577332173,0.2131327640303264
1440,24.0,feeder2_342,0.07564831648503605,0.23919205612783356,0.07554492432903656,0.2387160149876921
1440,24.0,feeder2_368,0.07882503363148911,0.23984381140871708,0.07871971430404819,0.2393511315989348
1440,24.0,feeder2_347,0.07495424750685288,0.2512538538131832,0.07484365718243619,0.25077463330458527
1440,24.0,feeder2_353,0.07481604780267662,0.25890647439530834,0.07470274664346503,0.2584271183883872
1440,24.0,feeder2_518,0.07431094742149066,0.24928309894958794,0.07420508896108537,0.24880699942139675
1440,24.0,feeder2_365,0.07470347360832091,0.26699996919508034,0.07459075466887406,0.2665215330053127
1440,24.0,feeder2_653,0.07384632077404793,0.2603199547033003,0.07373213627716327,0.25984034083023744
1440,24.0,feeder2_377,0.0746079603321301,0.27154107482860174,0.07449202312273645,0.2710627283036035
1440,24.0,feeder2_622,0.07537353728532972,0.2668775083265658,0.07525703167176737,0.26640038683820977
1440,24.0,feeder2_451,0.07875395322136942,0.23961459884832567,0.07864495497588804,0.23911856302200135
1440,24.0,feeder2_383,0.08400170517540695,0.2423439077298845,0.08389597039670386,0.2418313958497078
1440,24.0,feeder2_385,0.07449190049357388,0.2768869917966124,0.07437258292297678,0.2764072645380698
1440,24.0,feeder2_621,0.07471285724835217,0.2715193660786043,0.07459118406189381,0.2710354882028957
1440,24.0,feeder2_611,0.08384904169602223,0.242536217924439,0.08374220600314138,0.24202139960515479
1440,24.0,feeder2_405,0.08432685069831332,0.24254154869865935,0.0842220770275454,0.2420268506429292
1440,24.0,feeder2_461,0.07405850291824914,0.2991241681201956,0.07392995724455236,0.2986512050350074
1440,24.0,feeder2_594,0.07427726867230978,0.2772116922215956,0.074151337047681,0.2767298592123339
1440,24.0,feeder2_732,0.07862567204975267,0.2482358833104045,0.07852004072682456,0.24771597107205562
1440,24.0,feeder2_417,0.08712918484468608,0.24293815642600528,0.08702442244713099,0.24241684116895132
1440,24.0,feeder2_663,0.08770641020342668,0.24193838076851013,0.08759649673110376,0.2414126445357151
1440,24.0,feeder2_444,0.08917803964235076,0.24372068343388598,0.0890724630675352,0.24319234736954304
1440,24.0,feeder2_759,0.08971540283213898,0.23956921354960928,0.08960960068229563,0.23904315876705357
1440,24.0,feeder2_842,0.1142055567242597,0.24756287229701787,0.11409627891615884,0.2470138725042992
1440,24.0,feeder2_459,0.08948657799156538,0.24404151573613683,0.08938618600116659,0.24351369473848264
1440,24.0,feeder2_702,0.08994558878906529,0.24139384583249207,0.0898382867465734,0.24086726922097887
1440,24.0,feeder2_493,0.09074562963395472,0.2464360732031644,0.09064026821548764,0.24590252394183645
1440,24.0,feeder2_651,0.07425848698283315,0.2990509332519808,0.07412732565888765,0.298571928422446
1440,24.0,feeder2_684,0.07367318173307359,0.3183793390697105,0.07353348369951067,0.31790646750059137
1440,24.0,feeder2_674,0.08993101596008549,0.24739872515836164,0.08982663046797233,0.24686813907925312
1440,24.0,feeder2_696,0.09502510392484108,0.2500106165676194,0.09492137705869833,0.2494657994510918
1440,24.0,feeder2_681,0.0898779388845308,0.24746443685539546,0.08977125505927401,0.24693243849977817
1440,24.0,feeder2_682,0.08672311609617843,0.2513029437001578,0.08661178677417529,0.25077306838696006
1440,24.0,feeder2_728,0.07368924860017526,0.3169167555210006,0.07355461936604665,0.3164460217164126
1440,24.0,feeder2_724,0.07335896541891368,0.342283150866751,0.07321816760274995,0.3418207949446032
1440,24.0,feeder2_703,0.09833282548479909,0.25068182956467794,0.09822313600553517,0.25013351097329556
1440,24.0,feeder2_704,0.0995204939856669,0.25092143997197786,0.09940906125078533,0.2503721616453823
1440,24.0,feeder2_754,0.07326018631589752,0.34211701961420116,0.07311616644037894,0.34165218168383626
1440,24.0,feeder2_747,0.07326460407735033,0.3523338677049551,0.07311683968530995,0.3518674941541743
1440,24.0,feeder2_828,0.07365701492061992,0.31697107777529643,0.07352271190101418,0.3165009044500082
1440,24.0,feeder2_763,0.07372180223906492,0.3146776340335606,0.07359032608044778,0.31420904660863985
1440,24.0,feeder2_836,0.07348185922422537,0.3522338577734509,0.07333590936271364,0.35176911808849526
1440,24.0,feeder2_758,0.07316779338030222,0.36109346956396166,0.07302290177646252,0.3606334492789639
1440,24.0,feeder2_788,0.07458577530386491,0.361964620919564,0.07444530462945984,0.3615115627464588
1440,24.0,feeder2_812,0.07296666081005376,0.3875731230806719,0.0728080269076117,0.3871084533714977
1440,24.0,feeder2_947,0.07214808844354711,0.31127932348660176,0.07201710152017687,0.3108220763900616
1440,24.0,feeder2_868,0.07399118993371057,0.31473543993842945,0.073860428635248,0.31427016560143695
1440,24.0,feeder2_785,0.0739340599427748,0.3141467693297049,0.0737985586939966,0.3136770114134451
1440,24.0,feeder2_1176,0.0789637304130073,0.3092165202812711,0.07882972465412423,0.3087405255960874
1440,24.0,feeder2_846,0.07307513194745009,0.31490047143699534,0.07293497457298156,0.3144252327692613
1440,24.0,feeder2_911,0.07391527548119413,0.3140721828958419,0.0737817684215972,0.3136012223291598
1440,24.0,feeder2_1107,0.07136016023818362,0.4124956758572463,0.07120481819836387,0.41203270415794907
1440,24.0,feeder2_920,0.07340277568548922,0.3881676243164176,0.07324481883891444,0.387700390070112
1440,24.0,feeder2_926,0.07406238227999913,0.38894294120388656,0.07390106463723375,0.38847477137222947
1440,24.0,feeder2_1239,0.07339849545712752,0.38834938513450146,0.0732394473739217,0.3878835573060924
1440,24.0,feeder2_933,0.07435496968470928,0.3891053173388568,0.07419432646423191,0.3886366400579541
1440,24.0,feeder2_1146,0.07407121098609237,0.38987076947668,0.07391056833157668,0.3894119763472355
1440,24.0,feeder2_1124,0.07450545396938509,0.3890278207041202,0.07434401915999439,0.38856256269709194
1440,24.0,feeder2_942,0.07506979014111338,0.38960012276528166,0.07490908924275477,0.38913203294224624
1440,24.0,feeder2_952,0.07656518186863492,0.3881585773048308,0.07639814140512374,0.38768070696822016
1440,24.0,feeder2_965,0.07501293513830168,0.3898860962640169,0.07484795919600974,0.38941842708031055
1440,24.0,feeder2_961,0.0767528642459231,0.3880145443163806,0.07658255314801152,0.38753479400055524
1440,24.0,feeder2_963,0.07655956932161816,0.3881562132360734,0.07639179585931512,0.3876785372433989
1440,24.0,feeder2_973,0.07780994688658449,0.38506651069142,0.07763496901109365,0.3845721539206373
1440,24.0,feeder2_1128,0.07665489690077194,0.3917944259563396,0.07648602070098504,0.39131540555335936
1440,24.0,feeder2_1113,0.07719575701961745,0.38867943608976846,0.07702853059873062,0.38820465525070297
1440,24.0,feeder2_1143,0.07615221186379297,0.3867563753488574,0.07597978634794816,0.3862773271664604
1440,24.0,feeder2_1238,0.07828866052651458,0.3918693082013971,0.07812749575817868,0.39142170725814307
1440,24.0,feeder2_979,0.07496820236567193,0.39017359879170155,0.07480102812651125,0.38970197298836007
1440,24.0,feeder2_1236,0.07917122553532902,0.38182106536666266,0.07899688143423385,0.3813146708185336
1440,24.0,feeder2_989,0.07781191641975645,0.38505610398168866,0.07763920208616483,0.38456513602764464
1440,24.0,feeder2_1196,0.07373687848703875,0.391307673876034,0.07356704876728273,0.3908340558940342
1440,24.0,feeder2_1158,0.07848544086559234,0.38373420953612236,0.07831305692697342,0.3832448419765795
1440,24.0,feeder2_1122,0.07076003864915183,0.42228990668636646,0.07060321468679882,0.42182535610411614
1440,24.0,feeder2_1258,0.07166534058795164,0.4123508699707514,0.071507586044536,0.4118836505840614
1440,24.0,feeder2_1303,0.07068923056064051,0.4222108638103364,0.07053502064904282,0.42174738568873416
1440,24.0,feeder2_1138,0.07032602078643452,0.4300401076985393,0.07016380623741034,0.4295733960060102
1440,24.0,feeder2_1304,0.06848300781324515,0.43384720234407187,0.06832764834849557,0.43338262553101203
1440,24.0,feeder2_1212,0.06949027851418328,0.4433538643419846,0.0693367878884577,0.4428915125965231
1440,24.0,feeder2_1311,0.07007250768124075,0.44395295391443135,0.06991245031595504,0.4434877672877464
1440,24.0,feeder2_1290,0.06863434136261157,0.4594371696359003,0.06847814743908161,0.4589689527099306
1440,24.0,feeder2_1325,0.08071660109130882,0.3782412113227183,0.08053171848375322,0.3777140302256917
1440,24.0,feeder2_1248,0.07917809126538203,0.38181648600355383,0.0790027614693934,0.38131105379233315
1440,24.0,feeder2_1249,0.07847493518519093,0.39179719089032644,0.07831454007649992,0.3913495099468792
1440,24.0,feeder2_1250,0.08048254216850292,0.393518848443799,0.08032769557630384,0.39307875552879473
1440,24.0,feeder2_1366,0.0808027048769256,0.38069633113433254,0.08062510445095891,0.3801860570537541
1440,24.0,feeder2_1266,0.0717299262333482,0.41232699175646353,0.07157016770234116,0.41185815263075604
1440,24.0,feeder2_1372,0.06766744922135835,0.4584700157058595,0.06751035060483612,0.45800394348722484
1440,24.0,feeder2_1363,0.06831453376049434,0.4782246627600929,0.06815883655182094,0.47775464883301366
1440,24.0,feeder2_1446,0.08219495362989013,0.3794101160251847,0.08201049442992014,0.37888664742977596
1440,24.0,feeder2_1502,0.08243219181872974,0.37304416940929697,0.08224208780513786,0.3724908861425752
1440,24.0,feeder2_1428,0.06811185087690572,0.47875970730755196,0.06796038057676514,0.47829099021723814
1440,24.0,feeder2_1380,0.06814681559059017,0.5002058336079435,0.06799392588233147,0.499731045597781
1440,24.0,feeder2_1550,0.06839535964780394,0.5006149873054035,0.06823881970714898,0.5001388644608947
1440,24.0,feeder2_1386,0.06819720015125239,0.5107881202659159,0.06804576669320667,0.5103103879828642
1440,24.0,feeder2_1551,0.0666520568514677,0.5134077208972352,0.06650200816911458,0.51292766827281
1440,24.0,feeder2_1400,0.06825871748464367,0.5152011914211568,0.06810305749410746,0.5147165721865473
1440,24.0,feeder2_1552,0.06652942363708324,0.5165467838904344,0.06637890297089874,0.5160639542321777
1440,24.0,feeder2_1408,0.06854450033494194,0.5235846817725548,0.06839272942897343,0.5230985589742787
1440,24.0,feeder2_1553,0.06439645913851841,0.5422293401968092,0.06425394874703605,0.541740182713038
1440,24.0,feeder2_1416,0.06855877059724338,0.5237856655663066,0.06840215770086099,0.5232974819854253
1440,24.0,feeder2_1530,0.06838567323158685,0.5236441848305754,0.06823535983147974,0.523159632317246
1440,24.0,feeder2_1425,0.06861296581070836,0.5242573940635585,0.06845633959249772,0.523769029536761
1440,24.0,feeder2_1589,0.06681740506098297,0.5256658356247738,0.06666522799119587,0.5251787563902436
1440,24.0,feeder2_1435,0.06864774061996022,0.5242061586994996,0.06849184727057132,0.523715616945171
1440,24.0,feeder2_1621,0.07082941254234959,0.5231547229762306,0.07067810986200185,0.5226634561636616
1440,24.0,feeder2_1564,0.06866903058086074,0.5245789166978079,0.06851539180049604,0.5240921491452367
1440,24.0,feeder2_1704,0.08377174431772362,0.3705414349687768,0.08358331279608226,0.36998714229764806
1440,24.0,feeder2_1525,0.082698297802466,0.3726198542224727,0.08250688391159225,0.3720577810745409
1440,24.0,feeder2_1716,0.08499291152074773,0.36762871977254163,0.0847992920021264,0.3670646922159357
1440,24.0,feeder2_1537,0.08286040730464224,0.3729037505412409,0.08266899982666132,0.37233668441984163
1440,24.0,feeder2_1645,0.08282104138888027,0.373007736822723,0.08262434099390266,0.3724392740623538
1440,24.0,feeder2_1561,0.08304242224924754,0.37317092376818833,0.08284602751043965,0.37259232258989944
1440,24.0,feeder2_1657,0.08298812772969169,0.3730935679896191,0.08279005833452305,0.37251489865821497
1440,24.0,feeder2_1570,0.08312699050812124,0.37330842624005495,0.0829309217839211,0.3727291199942002
1440,24.0,feeder2_1756,0.08474730634857348,0.37449909814761595,0.084552606977747,0.3739255211930676
1440,24.0,feeder2_1588,0.08320663074658471,0.37338080410608177,0.08300804547552486,0.3727928907028291
1440,24.0,feeder2_1628,0.08313799668105942,0.37328122568393707,0.0829420340458899,0.37269907623012105
1440,24.0,feeder2_1598,0.08331646823840715,0.3735066742478716,0.08312291759376038,0.37291874293680777
1440,24.0,feeder2_1816,0.08368415680410374,0.37336851340259236,0.08348719693886164,0.3727757489014684
1440,24.0,feeder2_1765,0.08730228281564929,0.37149464190390097,0.0870995683045409,0.3708922461118301
1440,24.0,feeder2_1641,0.08346210543840003,0.3749437293101607,0.083261266584429,0.3743344435759897
1440,24.0,feeder2_1689,0.0836171163977345,0.3762889855198885,0.08340455789294075,0.3756539803831117
1440,24.0,feeder2_1744,0.08341413819640475,0.37487872823837876,0.08320943600993706,0.374264644352274
1440,24.0,feeder2_1817,0.08361578127142581,0.37637729636859363,0.08340930565021652,0.37574489280838574
1440,24.0,feeder2_1779,0.08393585164929535,0.3755897210352822,0.08372539771997378,0.3749556875731931
1440,24.0,feeder2_1800,0.08066458470580769,0.37990560720010375,0.08045676852035216,0.37927229066430485
1440,24.0,feeder2_1818,0.08722721814004869,0.3733638952621308,0.08699529215355135,0.372707857596199
1440,24.0,feeder2_1753,0.0833291884003827,0.3747658220742513,0.08312555352254566,0.37415007017825447
1440,24.0,feeder2_1754,0.0833995199270693,0.37485835920669164,0.08320018457483955,0.3742501169092973
