Time_sample,Time_h,Bus,OPF_VUF2_percent,OPF_VUF0_percent,DSS_VUF2_percent,DSS_VUF0_percent
30,0.5,secondary,0.014519566380311275,0.02353483319843395,0.014517361800418009,0.023532356638851094
30,0.5,feeder2_44,0.027015532422987973,0.12272414322366478,0.027018082629689875,0.12272457346335881
30,0.5,feeder2_45,0.027437117898016835,0.1266416715916622,0.027432748705591918,0.126645001912167
30,0.5,feeder2_46,0.02823252645051836,0.12149745672075486,0.028232408270187928,0.12149885554168396
30,0.5,feeder2_51,0.028182810262068942,0.13354476472915486,0.028184897984534708,0.13354782842336105
30,0.5,feeder2_48,0.027399988443117786,0.12599696071507296,0.02740003777353326,0.1259981223144642
30,0.5,feeder2_52,0.024691624221911648,0.1375755607007081,0.02468797223495326,0.1375778785148437
30,0.5,feeder2_68,0.03059113059898558,0.15149251578320533,0.030586618290520277,0.1514925688798275
30,0.5,feeder2_69,0.030756475830496437,0.15158411045040904,0.03075635316666883,0.15158662988680308
30,0.5,feeder2_71,0.03090870257119681,0.15386401375713532,0.030906819537716297,0.15386597978638217
30,0.5,feeder2_72,0.030871631190726265,0.1536122360214193,0.030871388735985217,0.15361053562257354
30,0.5,feeder2_73,0.03190749010020839,0.16131521515804426,0.03190290499020289,0.16131691772062554
30,0.5,feeder2_74,0.03180627777162727,0.16138948509741252,0.031808875185794803,0.16138745634996665
30,0.5,feeder2_77,0.03276649244794321,0.167696089874925,0.032772608055942835,0.16769585880273408
30,0.5,feeder2_79,0.033117395804128466,0.16787468061301933,0.03311080969284067,0.16787688284016425
30,0.5,feeder2_81,0.03409372124694691,0.17769871489309969,0.0340967930029992,0.1776978302535415
30,0.5,feeder2_82,0.034037516725788836,0.17709202787225745,0.034038566006736284,0.17709192063759766
30,0.5,feeder2_116,0.04015327981746863,0.2231956362141071,0.04015287460204697,0.2231932737177921
30,0.5,feeder2_119,0.037916210712953764,0.22551975543257768,0.0379170054000812,0.2255211452982171
30,0.5,feeder2_120,0.0426417480551232,0.23882072773980237,0.04264489737811033,0.23882102874367472
30,0.5,feeder2_248,0.04047244492103579,0.24104919826987628,0.04047402266292924,0.24104997214187263
30,0.5,feeder2_124,0.04434446151529457,0.24755928161323582,0.044348209837933035,0.24755788670485418
30,0.5,feeder2_282,0.04430988435977269,0.2474050087895576,0.04430948801126535,0.2474070016445946
30,0.5,feeder2_275,0.044227085362657736,0.24763079263434196,0.04422660418389997,0.24763141502615113
30,0.5,feeder2_151,0.047325222614011134,0.2628355895461639,0.04732290412836114,0.262834780965927
30,0.5,feeder2_295,0.04742193124062141,0.26289121202449367,0.04742132647122296,0.26289203882477036
30,0.5,feeder2_311,0.047602851675278474,0.2629864467242188,0.047605880116714405,0.2629845465624417
30,0.5,feeder2_201,0.05217840125241456,0.2879740528233527,0.05218455906709841,0.2879721210855213
30,0.5,feeder2_314,0.052138199568746026,0.28785044607278804,0.05213831602679546,0.28785087099757306
30,0.5,feeder2_342,0.0591060611702951,0.3239218398177385,0.05910391902006407,0.323921847248212
30,0.5,feeder2_368,0.060877283314958536,0.32803434415643795,0.060877789843335986,0.3280347832231794
30,0.5,feeder2_347,0.06008906897024997,0.3340038357231867,0.06009178106161934,0.3340014516536283
30,0.5,feeder2_353,0.06060430319295948,0.3392299616512623,0.060609157657809345,0.3392226851145906
30,0.5,feeder2_518,0.06002927373097094,0.3337179172792103,0.060028456293273975,0.33371442580720545
30,0.5,feeder2_365,0.06118990422078713,0.3449865573871788,0.06118978703677841,0.34497936188263767
30,0.5,feeder2_653,0.060366496975436404,0.33941119760808197,0.060363524308002015,0.339404244866608
30,0.5,feeder2_377,0.06083628446099229,0.3464276352769237,0.06084130492597488,0.34641623266034205
30,0.5,feeder2_622,0.07296007470754812,0.35090015490307425,0.07296146285324034,0.35089795142073815
30,0.5,feeder2_451,0.06082386151961958,0.3277677778170349,0.060826701971588196,0.3277714338974309
30,0.5,feeder2_383,0.06377402373697427,0.33504788355932535,0.06377362029711058,0.3350544226244096
30,0.5,feeder2_385,0.06042467212209954,0.348149279925385,0.06042384655843959,0.3481312896781248
30,0.5,feeder2_621,0.06093993157573561,0.34648307776631937,0.0609443039819393,0.3464715813868807
30,0.5,feeder2_611,0.06361142890196221,0.33515246243646074,0.06361585580087806,0.33515883806391034
30,0.5,feeder2_405,0.06395672876899176,0.33548759014955215,0.06395953175763677,0.33549386132804426
30,0.5,feeder2_461,0.05925416136426747,0.35348737522937235,0.05925552897018441,0.35345761240325174
30,0.5,feeder2_594,0.059005834236294685,0.34961536707668156,0.05900632391178693,0.34960050032172146
30,0.5,feeder2_732,0.06123203347634486,0.33832210759422254,0.061235480489460814,0.3383279743273692
30,0.5,feeder2_417,0.06550215458318387,0.33822107838749066,0.0655021202747246,0.3382266769335188
30,0.5,feeder2_663,0.06565511842611371,0.3383335436816708,0.06565604449242947,0.3383423746543604
30,0.5,feeder2_444,0.06666379072635797,0.3402896285417108,0.06666331695314616,0.3402993240170794
30,0.5,feeder2_759,0.06860335366837013,0.338399766692785,0.0686075303825448,0.33840811299957263
30,0.5,feeder2_842,0.08754309514488103,0.3531060567425424,0.08754233803310361,0.35312171332740055
30,0.5,feeder2_459,0.06668333653949168,0.34034010659191194,0.06668718021109349,0.34035204177180206
30,0.5,feeder2_702,0.06666998863936303,0.34028101612135886,0.06667314585965886,0.34029384877592
30,0.5,feeder2_493,0.06676095906735084,0.34055483879302545,0.06676673539288847,0.34056289472071116
30,0.5,feeder2_651,0.05945159564778016,0.3535675800236071,0.05945710313816457,0.3535364558227923
30,0.5,feeder2_684,0.05828717933727653,0.3586967536288923,0.05828708002631192,0.35865179069152303
30,0.5,feeder2_674,0.06672633326169891,0.3405733156534489,0.06672902655286943,0.3405870003398585
30,0.5,feeder2_696,0.06701107229352087,0.34111536235490963,0.06701514981002635,0.3411249619409256
30,0.5,feeder2_681,0.06666804600223433,0.3406028538066797,0.06667111414405767,0.34061186970155977
30,0.5,feeder2_682,0.06667136847055143,0.34060511691730083,0.06667136227289944,0.340616612606004
30,0.5,feeder2_728,0.05815260806701964,0.35874437161548406,0.05815037138852813,0.3587005696738441
30,0.5,feeder2_724,0.05761196700332892,0.364748571776744,0.0576080313261912,0.36469052015667575
30,0.5,feeder2_703,0.06765270066616234,0.34150698564278253,0.06765820548154305,0.34151663293607104
30,0.5,feeder2_704,0.06714929862074334,0.3411986223041238,0.06715445455200893,0.34120838621169935
30,0.5,feeder2_754,0.057522473404126154,0.36446649298716827,0.057524468769686664,0.36441133186660907
30,0.5,feeder2_747,0.0573736028557301,0.3675877799301853,0.057374333013092166,0.3675253734166498
30,0.5,feeder2_828,0.05811886609692228,0.3587780035257911,0.058123320570194086,0.35873603436315743
30,0.5,feeder2_763,0.05796246550134507,0.3587715778245331,0.05796637895033571,0.35873107402930476
30,0.5,feeder2_836,0.05817741532927003,0.3666585623665978,0.05817422559039069,0.36659673449145225
30,0.5,feeder2_758,0.05703907951826064,0.37049588847157333,0.05703612389076346,0.37042671869429
30,0.5,feeder2_788,0.057743698186015664,0.369690902800682,0.05774384640866441,0.3696260785913201
30,0.5,feeder2_812,0.056087391299259354,0.3812171542058824,0.056090876025945306,0.3811368922648612
30,0.5,feeder2_947,0.05778617245415172,0.3581434267012492,0.05778929922422316,0.3581016910297577
30,0.5,feeder2_868,0.05825830537072085,0.3583317131224697,0.058256792376324154,0.35828718750683664
30,0.5,feeder2_785,0.057855497708871474,0.3592688467310439,0.057854188738211854,0.35922599059547833
30,0.5,feeder2_1176,0.05832982293734025,0.35944599511676195,0.05832853374552647,0.3594006741633079
30,0.5,feeder2_846,0.05699281089765446,0.36017115131773847,0.05699584838010242,0.3601293992528321
30,0.5,feeder2_911,0.05783763908672672,0.3591649235911764,0.05783671804104367,0.35912111297899035
30,0.5,feeder2_1107,0.05567868376406631,0.38298467522157414,0.05567560214097292,0.38290118211234064
30,0.5,feeder2_920,0.05594577830208408,0.3838722959533869,0.05594764264705581,0.3837862809647399
30,0.5,feeder2_926,0.05574382667830289,0.38782447984586144,0.0557448302448352,0.38773359753839864
30,0.5,feeder2_1239,0.05594108045273244,0.38399710663858166,0.05594116059749645,0.38391054102941996
30,0.5,feeder2_933,0.05565975940443993,0.3897267235295838,0.055660736226594246,0.38963307234420663
30,0.5,feeder2_1146,0.05572942995306902,0.3872749508417756,0.05572656389645239,0.38718305997996627
30,0.5,feeder2_1124,0.055810486881193916,0.3897572740247997,0.055802904688456015,0.3896603199270332
30,0.5,feeder2_942,0.05542691767711455,0.3945881774244162,0.055425078141628295,0.3944863062293349
30,0.5,feeder2_952,0.05536118296173348,0.40161454005396835,0.055355539339795576,0.4015037364023972
30,0.5,feeder2_965,0.05539549144949659,0.3946271511945882,0.05539360481952355,0.39452741985235806
30,0.5,feeder2_961,0.05536367843998187,0.40247200279294587,0.05536106262845668,0.4023631191843664
30,0.5,feeder2_963,0.05535985034031109,0.40159484883048896,0.055350649687923775,0.40148489755010547
30,0.5,feeder2_973,0.055392908397478784,0.4070190518476459,0.05538478140192676,0.4069031505371334
30,0.5,feeder2_1128,0.05536373382286756,0.4025146706478417,0.055357117167497666,0.4024007898671601
30,0.5,feeder2_1113,0.055574867932972005,0.4014272020707168,0.055567179657993196,0.40131554464416735
30,0.5,feeder2_1143,0.05530446763341979,0.40086876211941713,0.05530254476394113,0.400758791228897
30,0.5,feeder2_1238,0.05923609506038232,0.3928937779198522,0.05923809382420319,0.39278901476165057
30,0.5,feeder2_979,0.05535376225770917,0.39487861450101475,0.055353484778064024,0.3947760006641976
30,0.5,feeder2_1236,0.05525508293745721,0.41458030994389616,0.055244845496877686,0.4144586021935068
30,0.5,feeder2_989,0.055394969805671504,0.40701254031505535,0.05539297709000474,0.4068976744024365
30,0.5,feeder2_1196,0.05436358722262887,0.3959160398806383,0.054356813372412056,0.3958146372577791
30,0.5,feeder2_1158,0.05617272784051995,0.40610975839899255,0.056167345917938274,0.40599708495361886
30,0.5,feeder2_1122,0.05539187047978966,0.38387556574310566,0.05539148959760124,0.3837950543067701
30,0.5,feeder2_1258,0.05621920137149941,0.38267476272635526,0.05621708821946304,0.3825953263613722
30,0.5,feeder2_1303,0.05533112476814365,0.38375299327093315,0.055328203033810724,0.38366686332305966
30,0.5,feeder2_1138,0.05517441823693457,0.38462297950007135,0.055173648738569274,0.3845404702886297
30,0.5,feeder2_1304,0.05360694811134266,0.38631616769972354,0.053604181144123755,0.3862344606838067
30,0.5,feeder2_1212,0.05492202521369269,0.38483945748582243,0.054921537590027686,0.38475772118474044
30,0.5,feeder2_1311,0.05537063832373192,0.3836249616249583,0.05536697952075787,0.38353984078431147
30,0.5,feeder2_1290,0.054723113661825286,0.3862392208223313,0.05472330657937886,0.38615834176973657
30,0.5,feeder2_1325,0.05510828590120301,0.4249513349314826,0.05509915247151328,0.4248201892002335
30,0.5,feeder2_1248,0.05525634801012044,0.41458063314211374,0.055246856624916664,0.4144586433562634
30,0.5,feeder2_1249,0.059582772685868354,0.39272491543435506,0.059580366404143596,0.3926181354795015
30,0.5,feeder2_1250,0.06135394289787998,0.39214532520575285,0.061360903797202576,0.3920367240239344
30,0.5,feeder2_1366,0.055434197471835506,0.4146229704359382,0.055428695971298236,0.4144999919797784
30,0.5,feeder2_1266,0.056284091400881864,0.3826985229578606,0.05628393363380926,0.38261801813696517
30,0.5,feeder2_1372,0.05460973922395375,0.38595347660461865,0.05460481355747173,0.38586893297160413
30,0.5,feeder2_1363,0.05458774762112565,0.38815833568701025,0.05458165612239789,0.388075234744168
30,0.5,feeder2_1446,0.055542738977657,0.424589409537044,0.055537100301657476,0.4244581822445749
30,0.5,feeder2_1502,0.05516275874161904,0.4373510701788888,0.05514434900725677,0.43720908002584724
30,0.5,feeder2_1428,0.05428789733845091,0.38856028697345263,0.05428593279048336,0.3884764406186988
30,0.5,feeder2_1380,0.054448393470080264,0.3899001562837814,0.05444241946645618,0.3898139467409931
30,0.5,feeder2_1550,0.05442155655378358,0.38983725559994203,0.054421631103649934,0.3897536882818691
30,0.5,feeder2_1386,0.05438822677507159,0.3907830612992807,0.054386580845661364,0.3907001078815274
30,0.5,feeder2_1551,0.05431646439717372,0.3908914920237955,0.054310230648790446,0.39081070573119964
30,0.5,feeder2_1400,0.054359510947649736,0.39118053470179237,0.054357818216071975,0.3910973829359229
30,0.5,feeder2_1552,0.052483912172665834,0.3931418709042449,0.05247601347535735,0.3930587377524582
30,0.5,feeder2_1408,0.05447247565668033,0.3909850497839773,0.054472195529825504,0.39090303188761355
30,0.5,feeder2_1553,0.05427647990946932,0.39125772343032855,0.054266580916508225,0.391175288819288
30,0.5,feeder2_1416,0.05453237301263978,0.3908278929816466,0.054529405940444295,0.39074483115677744
30,0.5,feeder2_1530,0.054424870245101446,0.39058605044972394,0.05442359342171325,0.39050682308084567
30,0.5,feeder2_1425,0.054669980991667005,0.39065959834725705,0.054662675933005646,0.39057787100078023
30,0.5,feeder2_1589,0.05452970228525202,0.39085178340635085,0.05452075929084474,0.3907690127391338
30,0.5,feeder2_1435,0.05469813884669095,0.39060898494638474,0.054697573191702105,0.3905268426832389
30,0.5,feeder2_1621,0.055631026042718495,0.3897393431314163,0.055624317597545075,0.38965905379001436
30,0.5,feeder2_1564,0.054693954941522065,0.39086024607919684,0.054690255820087574,0.3907771439740528
30,0.5,feeder2_1704,0.056138445517016355,0.43648293366924,0.056122273050835544,0.4363425470248224
30,0.5,feeder2_1525,0.05510250034109476,0.44084244562534347,0.055091522311838476,0.44069888988709294
30,0.5,feeder2_1716,0.05709535082164633,0.4386123916277746,0.057078766663982206,0.4384729647590498
30,0.5,feeder2_1537,0.05495513179320796,0.44507495004032493,0.054935923255939746,0.44492712223833714
30,0.5,feeder2_1645,0.05071132636435484,0.45421326534730727,0.050689145071700095,0.45406610814953724
30,0.5,feeder2_1561,0.05479342868604316,0.44507390607965924,0.05477483310106049,0.4449218392095891
30,0.5,feeder2_1657,0.05470781667385586,0.44493920984338364,0.05469219102673977,0.4447874422842614
30,0.5,feeder2_1570,0.054730938406205326,0.4451076425723962,0.05471433887435969,0.4449560333045918
30,0.5,feeder2_1756,0.05479680644503684,0.44320372352240556,0.054783204571655926,0.44305148434182196
30,0.5,feeder2_1588,0.05469981956029296,0.4452819573723046,0.05468119312575734,0.4451310002726407
30,0.5,feeder2_1628,0.054589924632595876,0.4451058573012547,0.054574659993699814,0.44495507696018755
30,0.5,feeder2_1598,0.05467133720963905,0.4455554415573226,0.05465851752167891,0.44540647808657485
30,0.5,feeder2_1816,0.05502907847068556,0.44564266992307233,0.05501311456487211,0.4454917919569922
30,0.5,feeder2_1765,0.05517431684837119,0.44560675443405634,0.05516262743582989,0.44545722833217016
30,0.5,feeder2_1641,0.054474376477024106,0.44682004929206554,0.05445852978792522,0.4466643024889058
30,0.5,feeder2_1689,0.05434203526148044,0.4480683438390914,0.05432332667855287,0.447908037647812
30,0.5,feeder2_1744,0.05440571148185441,0.4467181292985581,0.05439296217280977,0.44656640744891146
30,0.5,feeder2_1817,0.05434521176773052,0.44813279699440556,0.05432763686118206,0.44797623939301723
30,0.5,feeder2_1779,0.05438154791680598,0.4480725911617216,0.05436486310083576,0.4479103544170464
30,0.5,feeder2_1800,0.052695969428403586,0.449734132748803,0.05268059296633552,0.4495790537059467
30,0.5,feeder2_1818,0.05645261305460489,0.44592692346204066,0.056446567122545366,0.4457578495846999
30,0.5,feeder2_1753,0.05428752197992545,0.44654755988785927,0.054276188865540025,0.44639381388211946
30,0.5,feeder2_1754,0.05438401964996176,0.4466847683002162,0.05436822491574003,0.44653242715337726
60,1.0,secondary,0.015717285032026324,0.0061296134995239655,0.01572295928299565,0.006140366386829437
60,1.0,feeder2_44,0.029234815340864126,0.03195324112586779,0.02924393173058161,0.031998120608409564
60,1.0,feeder2_45,0.029699662071134524,0.033270766984055955,0.029708005042728136,0.03331297564851633
60,1.0,feeder2_46,0.02989108860044593,0.028116858427511743,0.029899774297615884,0.028159401658836885
60,1.0,feeder2_51,0.030465460435978402,0.035394772170789957,0.03047533286738522,0.03544282587404836
60,1.0,feeder2_48,0.03241282189371802,0.034894605898782655,0.032418266402509804,0.034939137531300346
60,1.0,feeder2_52,0.03027449433850604,0.03562764269240411,0.030278055183731438,0.03567025260122903
60,1.0,feeder2_68,0.03264563097746852,0.041339989566301506,0.03264836218504202,0.0413869030499068
60,1.0,feeder2_69,0.03279729503509891,0.041245406905322225,0.032802555198309366,0.041296226076118915
60,1.0,feeder2_71,0.03293388395661158,0.042135775755626076,0.03294071556484851,0.04218880424571895
60,1.0,feeder2_72,0.032937092679617995,0.04200829905589565,0.032945175841300696,0.04206092157296468
60,1.0,feeder2_73,0.03384133096520456,0.04464958263372515,0.03384641198058777,0.04470212869779218
60,1.0,feeder2_74,0.03372732791985477,0.044791996227188824,0.033739774562823406,0.04484955805595033
60,1.0,feeder2_77,0.03462420498940757,0.04678915133708247,0.03462882620712253,0.04684313399716705
60,1.0,feeder2_79,0.03503356271816366,0.044427332474909854,0.03504309664568086,0.04448639830223103
60,1.0,feeder2_81,0.03574119542653407,0.051046367022694966,0.035746897491074896,0.051103727000774576
60,1.0,feeder2_82,0.03743461113353434,0.05175912475040694,0.037439804634000734,0.051816033533339835
60,1.0,feeder2_116,0.04064947748794824,0.06988001090333258,0.04066142404809535,0.06996153929815262
60,1.0,feeder2_119,0.03997034231636816,0.07072226612994083,0.03998179300133419,0.07080211519133392
60,1.0,feeder2_120,0.04252974985514831,0.07644495083608219,0.042542297241575856,0.0765295076988741
60,1.0,feeder2_248,0.04211507198868613,0.07695658667440979,0.04211964008540426,0.07703514201348641
60,1.0,feeder2_124,0.04370837339528914,0.08028835500560332,0.043718679030489864,0.08037814815256404
60,1.0,feeder2_282,0.04369528945359072,0.08019202440916393,0.04370520500788759,0.08027759452266786
60,1.0,feeder2_275,0.04357059496272272,0.08047738644973555,0.04358060054951485,0.08056314025226174
60,1.0,feeder2_151,0.0457818280152314,0.08693948459124583,0.04579254282252418,0.08703449782229464
60,1.0,feeder2_295,0.04587336158680943,0.08690270486471603,0.04588678203135842,0.08699895657546824
60,1.0,feeder2_311,0.04604346437138993,0.08682085703714633,0.04604904536160143,0.08691210986745261
60,1.0,feeder2_201,0.049130369168643,0.0981916481708002,0.049144471359434276,0.09829940140704868
60,1.0,feeder2_314,0.04910517398809373,0.09810143379980489,0.04911496004035011,0.09820330948706703
60,1.0,feeder2_342,0.05393161088614112,0.11439348165647638,0.05394653819969946,0.1145167938581748
60,1.0,feeder2_368,0.05588729960359198,0.11199746684896618,0.05589754357759431,0.11211608965059677
60,1.0,feeder2_347,0.053454590372927865,0.1276194418978572,0.05346218565303934,0.12774310871408437
60,1.0,feeder2_353,0.05323699104782993,0.13462137095827556,0.05324345007660309,0.13474658368049205
60,1.0,feeder2_518,0.053428520908965785,0.12745948491380518,0.05344129277029164,0.1275887513384926
60,1.0,feeder2_365,0.05301205218208111,0.14240447122127609,0.053029034517493245,0.14253978065000605
60,1.0,feeder2_653,0.05297283842969987,0.13496053509193673,0.05298664831978908,0.13508793018542717
60,1.0,feeder2_377,0.052888300123948906,0.1467094955957998,0.05290604836780532,0.1468461937263552
60,1.0,feeder2_622,0.053045727727294864,0.14238624102611458,0.053054510183210404,0.14251428311592426
60,1.0,feeder2_451,0.05707503014056688,0.11221973390928734,0.05708591841157093,0.11233953622055214
60,1.0,feeder2_383,0.05889755330742609,0.10912169281334715,0.05891397562945585,0.10924156967242121
60,1.0,feeder2_385,0.05273839928035353,0.15174098326468313,0.05274780795095727,0.1518742582845251
60,1.0,feeder2_621,0.0529872353417348,0.14665607172797032,0.05299462746421409,0.14678684169041084
60,1.0,feeder2_611,0.05747876575810922,0.11044606389855847,0.05748777024340211,0.11056251346554209
60,1.0,feeder2_405,0.05910792982528059,0.1089182563169836,0.05912040784314763,0.10903690050884077
60,1.0,feeder2_461,0.05218142813123572,0.1721114399587895,0.05220078852199244,0.17225665615743063
60,1.0,feeder2_594,0.052480925178024725,0.15207566302704872,0.05249479535157812,0.15221258678147476
60,1.0,feeder2_732,0.05883430471468087,0.1092556748510455,0.05884326237019826,0.10937082682196227
60,1.0,feeder2_417,0.06070638654165178,0.10749300869017972,0.060719034889171714,0.10761082935166891
60,1.0,feeder2_663,0.06135732442402726,0.10515236386404207,0.06137259755861082,0.10527320841718583
60,1.0,feeder2_444,0.061801477670665524,0.10729295273053407,0.06181221251918036,0.1074103565287604
60,1.0,feeder2_759,0.06177299575960657,0.10714892817467335,0.061787329161094806,0.10726545634219307
60,1.0,feeder2_842,0.08227658456858257,0.10709282694360613,0.08229585965593211,0.10720012574835056
60,1.0,feeder2_459,0.06182062896452176,0.10730300303449004,0.06182678594403079,0.10741717300286169
60,1.0,feeder2_702,0.06181145043313859,0.10725298332691653,0.0618191507240193,0.10736616068965195
60,1.0,feeder2_493,0.061896343376947646,0.10736237602453605,0.061904791980777016,0.10747634327933854
60,1.0,feeder2_651,0.05236823024001331,0.1719824854899456,0.052378516065191685,0.1721236250728787
60,1.0,feeder2_684,0.051682059672644026,0.1893028286488737,0.05169600345435034,0.18944962008478552
60,1.0,feeder2_674,0.061858930733395136,0.10740855049192492,0.06187483099339595,0.10752666209331871
60,1.0,feeder2_696,0.062145448278913266,0.10734715350815645,0.06216172670076494,0.10746712150202269
60,1.0,feeder2_681,0.06179563017126787,0.10748758226657383,0.06181130168187497,0.10760375601863474
60,1.0,feeder2_682,0.06180000961954421,0.10748007801906212,0.06181555067815706,0.10759691952977142
60,1.0,feeder2_728,0.05168784198711405,0.19019767996725703,0.05170117650912831,0.1903450851290161
60,1.0,feeder2_724,0.051297603095850394,0.20512083427082967,0.05131342066527439,0.2052751482280151
60,1.0,feeder2_703,0.06276852666129461,0.10728482844919085,0.06277676383322812,0.10739653674742217
60,1.0,feeder2_704,0.06227963254269785,0.1073316396954536,0.06228824538563311,0.10744583310641707
60,1.0,feeder2_754,0.05226793083327197,0.2058834881811936,0.052277751837720855,0.20603516767770313
60,1.0,feeder2_747,0.05112141689137908,0.21127778434160857,0.05113469852343886,0.2114338001634042
60,1.0,feeder2_828,0.05164755683930296,0.19025220400029635,0.051660186751429686,0.19039840566851365
60,1.0,feeder2_763,0.051712463190598607,0.19144617455496893,0.051730058643714334,0.191596140792614
60,1.0,feeder2_836,0.05166612524917447,0.20960275593421163,0.051680753745516866,0.20975490798129906
60,1.0,feeder2_758,0.050855874218317124,0.2173289853676865,0.05087227398727353,0.21748755319599256
60,1.0,feeder2_788,0.0508017885726101,0.21721544395157857,0.05081753511243732,0.2173741464936892
60,1.0,feeder2_812,0.05012555788441063,0.2361648487342553,0.05014410251605603,0.23633170187106556
60,1.0,feeder2_947,0.05164638028690652,0.19122543286555393,0.051660385677317934,0.1913734953600239
60,1.0,feeder2_868,0.05211591739964816,0.191715242597626,0.05213330632138049,0.19186477251781034
60,1.0,feeder2_785,0.05170520589451835,0.1921068692127353,0.05171675483160266,0.1922517566200853
60,1.0,feeder2_1176,0.05215127151619715,0.19178632455825684,0.05215890861180532,0.19192988888523244
60,1.0,feeder2_846,0.0508442408260064,0.19266993735456814,0.05086174544664194,0.19281925359587038
60,1.0,feeder2_911,0.05192933426878564,0.19293564484516415,0.051938359259934015,0.1930781107007157
60,1.0,feeder2_1107,0.0498534136978698,0.23826450666383886,0.04987339686396111,0.23843389446161928
60,1.0,feeder2_920,0.050002415780752034,0.2408694091055514,0.05001736145016077,0.24103407295848803
60,1.0,feeder2_926,0.04983174348836903,0.2477339175871664,0.04984646579306775,0.24790202149942306
60,1.0,feeder2_1239,0.0499905555584792,0.2410503026431202,0.05000400979339126,0.2412154341048486
60,1.0,feeder2_933,0.049762291454453426,0.25079157188012374,0.04978096766061037,0.25096425741046163
60,1.0,feeder2_1146,0.049807761480484485,0.24765819184302756,0.0498277867002418,0.24783139757772332
60,1.0,feeder2_1124,0.050160316529140575,0.24973705044044345,0.0501780516722658,0.24990962133112815
60,1.0,feeder2_942,0.049425172611828966,0.25951676602418056,0.04944192516144104,0.25968929362545273
60,1.0,feeder2_952,0.04916019407795013,0.2708003689136438,0.049178781232779634,0.27098229607692015
60,1.0,feeder2_965,0.049395837514484474,0.2597249866182656,0.049415112863226855,0.2599050952747213
60,1.0,feeder2_961,0.04913315995035526,0.2719799664427035,0.04915405332806667,0.2721650211205075
60,1.0,feeder2_963,0.049159983319208865,0.2708089208838524,0.049184758458379454,0.2709948179697226
60,1.0,feeder2_973,0.0489942195237402,0.27821724477060383,0.04901493937094989,0.2784035548243499
60,1.0,feeder2_1128,0.04913030800340225,0.2720420639057886,0.04914678432408724,0.2722208154338574
60,1.0,feeder2_1113,0.04913762440049996,0.27078271359685085,0.04915918837425607,0.2709660504836496
60,1.0,feeder2_1143,0.049177766737289456,0.27150350623267927,0.04919802407218721,0.2716842225390244
60,1.0,feeder2_1238,0.051374224050562384,0.2615847763257011,0.05139333227864841,0.26176200691646506
60,1.0,feeder2_979,0.04934857156552416,0.25986554643735993,0.04936912379962572,0.2600438162221631
60,1.0,feeder2_1236,0.04877105733453168,0.2876032175427187,0.04879769837085673,0.2877984934199486
60,1.0,feeder2_989,0.04899445191384879,0.2782166391174644,0.04901493937094989,0.2784035548243499
60,1.0,feeder2_1196,0.048357126910997805,0.2603720634998033,0.04837215045882595,0.2605449190480914
60,1.0,feeder2_1158,0.04913877955871137,0.27812968971478513,0.04916229229247355,0.2783160157062824
60,1.0,feeder2_1122,0.04969533012749221,0.2392337706863723,0.049715480870546974,0.23940337945886486
60,1.0,feeder2_1258,0.050144941750318694,0.23805688528838448,0.05016130197162958,0.2382204285310818
60,1.0,feeder2_1303,0.049655293808566606,0.2391797582349745,0.049668090846869406,0.23934341418738306
60,1.0,feeder2_1138,0.0495781685370565,0.24002042713860214,0.04959525543805351,0.2401870250617867
60,1.0,feeder2_1304,0.0491546783274112,0.24059294036590756,0.049171397238429164,0.24076005697699737
60,1.0,feeder2_1212,0.049363065052299475,0.24121031449125066,0.04937937628993345,0.24137617677504777
60,1.0,feeder2_1311,0.05021755046661944,0.24198191785506576,0.05023590918238314,0.24215039836001734
60,1.0,feeder2_1290,0.049067309754640506,0.24214093975303444,0.04908696806751702,0.24230972766870573
60,1.0,feeder2_1325,0.048431664088700054,0.3006173452096235,0.04845824949870218,0.30081915492403344
60,1.0,feeder2_1248,0.04877230938077708,0.2876024129107887,0.04879769837085673,0.2877984934199486
60,1.0,feeder2_1249,0.051974405715678594,0.26213961668819896,0.05199417366818022,0.26231950856354314
60,1.0,feeder2_1250,0.05136176435427251,0.261565669860158,0.05138262093907104,0.2617439644086717
60,1.0,feeder2_1366,0.04894761869582254,0.2874870358028066,0.04896766293791858,0.28767401169068185
60,1.0,feeder2_1266,0.05020847886564086,0.2380188005834797,0.050223004002873,0.23818365373891853
60,1.0,feeder2_1372,0.04900667083082013,0.24204963560817525,0.049023012519702626,0.24221213793294266
60,1.0,feeder2_1363,0.048816294828669685,0.24331340564949502,0.04883593898804547,0.24348181944824854
60,1.0,feeder2_1446,0.048386071296741696,0.3005719053754596,0.048413355742227646,0.3007718977862735
60,1.0,feeder2_1502,0.04811408084480638,0.3153273829570273,0.04813706297664182,0.3155329980701447
60,1.0,feeder2_1428,0.04844282888567606,0.24383476027822806,0.04846531672650982,0.2440066166128125
60,1.0,feeder2_1380,0.04857022104605877,0.24390104074957872,0.04859303948399144,0.24407263427967024
60,1.0,feeder2_1550,0.04855471569330874,0.24387941327108717,0.048575665952701,0.24404974140007393
60,1.0,feeder2_1386,0.04845706792535123,0.2442061841052372,0.048481875173275804,0.24437815790098893
60,1.0,feeder2_1551,0.04835885350898932,0.24437588147518907,0.04837842323804829,0.24454557407065336
60,1.0,feeder2_1400,0.048404752223967326,0.24431303819114078,0.048418813773356696,0.24447744221541973
60,1.0,feeder2_1552,0.04827692763656101,0.24453868770309561,0.04830052802363196,0.24470787263629387
60,1.0,feeder2_1408,0.04829976685363202,0.2444204728692964,0.04832058542529133,0.2445913437273735
60,1.0,feeder2_1553,0.04805146079185262,0.24478575993628834,0.04806857990343405,0.2449522419191246
60,1.0,feeder2_1416,0.04824972877592425,0.24439484593248412,0.04826678169176971,0.24455920434040362
60,1.0,feeder2_1530,0.048184570812386966,0.2443066355908719,0.04820649316450543,0.24447602317810177
60,1.0,feeder2_1425,0.0481750244336541,0.24440663352946504,0.04819904257125307,0.24458087805601472
60,1.0,feeder2_1589,0.04800017496112366,0.24465650917517923,0.0480208598613264,0.24482715919016199
60,1.0,feeder2_1435,0.04816145052543111,0.24438524886500784,0.048183459031847065,0.24455553748537026
60,1.0,feeder2_1621,0.04887031569230945,0.24284742568644002,0.04888578896457498,0.24301494640200225
60,1.0,feeder2_1564,0.047694497804994566,0.24585593790028867,0.04771794761858944,0.24602854416763448
60,1.0,feeder2_1704,0.048398159326026535,0.31511012540833383,0.04842658171677544,0.3153179352049665
60,1.0,feeder2_1525,0.048015468775190896,0.31918454598651935,0.04803535399310075,0.31938690320215823
60,1.0,feeder2_1716,0.04821856611210819,0.3190420017902138,0.0482435876250834,0.3192467077007731
60,1.0,feeder2_1537,0.04790155033995486,0.3235201303485562,0.047925249521313114,0.3237267466858722
60,1.0,feeder2_1645,0.04329591516190229,0.3309310890851155,0.04332954590419609,0.3311405783554761
60,1.0,feeder2_1561,0.04796042293988039,0.32422353269716614,0.04798223448068902,0.32443195349291276
60,1.0,feeder2_1657,0.04845028249964846,0.3247804564471516,0.048477994781564754,0.3249935508036139
60,1.0,feeder2_1570,0.04798648924241883,0.3244119900433022,0.04800734064939034,0.32462047416340095
60,1.0,feeder2_1756,0.049427187252202666,0.3260097086199661,0.049450625887011504,0.3262182494413734
60,1.0,feeder2_1588,0.04801001609921424,0.3245000775730302,0.04803416922834605,0.3247125459062491
60,1.0,feeder2_1628,0.04795326196045534,0.3244510021556694,0.04798260566791269,0.3246650872498811
60,1.0,feeder2_1598,0.04804872588583141,0.32463068377581733,0.048075149101508716,0.32484411541321323
60,1.0,feeder2_1816,0.048414197862774525,0.3243981360614146,0.048441511430000625,0.3246162989945193
60,1.0,feeder2_1765,0.04854291690616184,0.32425829003737866,0.04856607213205193,0.3244698499986538
60,1.0,feeder2_1641,0.04817227721688578,0.3254925588565594,0.0481963816883352,0.32571022863889215
60,1.0,feeder2_1689,0.04826592758069261,0.3254968047517193,0.04829231531880612,0.32572133808342685
60,1.0,feeder2_1744,0.04864552637099359,0.3260195682282995,0.048667245091574635,0.32623560126568035
60,1.0,feeder2_1817,0.04826293414186136,0.325585544842146,0.04828706531066376,0.3258054211980215
60,1.0,feeder2_1779,0.04830439556581913,0.3254675409860966,0.04833224201464437,0.32569285853693136
60,1.0,feeder2_1800,0.04822971367875691,0.3255525452882252,0.04825560238418174,0.32577758506024246
60,1.0,feeder2_1818,0.04977402478392316,0.3238417217671185,0.04979841979012919,0.32407751853128786
60,1.0,feeder2_1753,0.04857545220354628,0.32595188501279354,0.04860617804952475,0.326174059327198
60,1.0,feeder2_1754,0.048993358503484526,0.32639914936116976,0.049014031717485425,0.32661317379481275
90,1.5,secondary,0.017212063049203308,0.004044866469351913,0.017202855877556125,0.004037901606102692
90,1.5,feeder2_44,0.03200898031283973,0.021081528696222436,0.03200129186360147,0.021051578005060346
90,1.5,feeder2_45,0.032554531621435866,0.021678526478159623,0.03254670962851248,0.021646071224693118
90,1.5,feeder2_46,0.03218079854623724,0.02178195290571974,0.032172879842427796,0.021752944689248276
90,1.5,feeder2_51,0.03349877207645403,0.022798917013661015,0.03349100223191742,0.022766467180487287
90,1.5,feeder2_48,0.03299529368149389,0.021103262572654012,0.03298429760457479,0.021073141921357445
90,1.5,feeder2_52,0.03252411534435517,0.02571784562760457,0.03251197546444823,0.025689516090616354
90,1.5,feeder2_68,0.0363859726938854,0.02500578372240142,0.03637473844963256,0.02496891038078454
90,1.5,feeder2_69,0.03644303295244959,0.025176238873859086,0.03642977446219289,0.025141438166921038
90,1.5,feeder2_71,0.036768874200744144,0.02529178489792767,0.03675862219815494,0.02525223551352207
90,1.5,feeder2_72,0.036922121532360005,0.025081845196067654,0.03691092149927977,0.02504433623310079
90,1.5,feeder2_73,0.03796884347597597,0.02621332786179483,0.03795890424878704,0.026172112154792045
90,1.5,feeder2_74,0.037839809932823404,0.026203771306597026,0.03782908166946521,0.02616671575390941
90,1.5,feeder2_77,0.03900540712822588,0.027011509979432163,0.03899140009396336,0.026970097267244936
90,1.5,feeder2_79,0.039115984776016674,0.027375106463399745,0.039103454897160564,0.027334935092684063
90,1.5,feeder2_81,0.04062462554000744,0.028134269448092948,0.04061353926057399,0.02809026043022139
90,1.5,feeder2_82,0.04101451920985282,0.02761611773137665,0.041003244657673694,0.027571728757807407
90,1.5,feeder2_116,0.047923708920563524,0.03372312869065258,0.04791098228034033,0.033666914998582494
90,1.5,feeder2_119,0.047161042466448776,0.03368017800475837,0.04714794050341973,0.033623922117774485
90,1.5,feeder2_120,0.050737911812669546,0.03589531092071885,0.05072208341121481,0.035835967280918576
90,1.5,feeder2_248,0.050253058224929655,0.035831352658831764,0.05023784943965178,0.03577244865487125
90,1.5,feeder2_124,0.05251219323759688,0.0372905704782709,0.05249764700671115,0.03722377188738293
90,1.5,feeder2_282,0.05259597240003047,0.037175110149345506,0.05257926099503568,0.03711190990342301
90,1.5,feeder2_275,0.052325336710089224,0.037227200722591176,0.05230849198505813,0.03716200223973104
90,1.5,feeder2_151,0.05562661873663295,0.039868006737162655,0.05561241692114329,0.039795716679828994
90,1.5,feeder2_295,0.055670954973805205,0.03996879958478015,0.05565573129660817,0.03989599595375641
90,1.5,feeder2_311,0.05574529988049392,0.04015792760208523,0.05572736649962977,0.04008843887966549
90,1.5,feeder2_201,0.060732173573773765,0.043713522598273775,0.060714824169129475,0.043632844092609355
90,1.5,feeder2_314,0.06078688400080816,0.0436358835457308,0.060766596515313055,0.04355948743656246
90,1.5,feeder2_342,0.06799932718861708,0.04940927255919883,0.06797994667403033,0.04931769253751849
90,1.5,feeder2_368,0.06910872874776733,0.05663640549691368,0.06909064306662825,0.05654487451123545
90,1.5,feeder2_347,0.06970078895714049,0.03877820153398182,0.06967678647048738,0.038683622014074624
90,1.5,feeder2_353,0.07054791642528921,0.03358264860457996,0.07052932924245935,0.03347722991600497
90,1.5,feeder2_518,0.06985737783298508,0.03858136905202681,0.06983530223496985,0.03848355660575923
90,1.5,feeder2_365,0.07152284787637687,0.02788623432097788,0.07149722139936006,0.02778311953997522
90,1.5,feeder2_653,0.07022671204800743,0.033492439047815376,0.07020443945028633,0.03339024929914032
90,1.5,feeder2_377,0.07205424287337968,0.024601247546813452,0.07203168534347887,0.024493160234764402
90,1.5,feeder2_622,0.07070938587553453,0.028541339876641078,0.07068944679195552,0.02843298261721894
90,1.5,feeder2_451,0.06924720868624555,0.056454012303611814,0.06922448338842913,0.05636414416942824
90,1.5,feeder2_383,0.07093346786801481,0.06846659394119751,0.0709150880483869,0.068374014998488
90,1.5,feeder2_385,0.07266109175217966,0.02078430610867076,0.07263674810022726,0.02067484277722652
90,1.5,feeder2_621,0.07210226529042779,0.024710374003818703,0.07208270394475777,0.024602884160365445
90,1.5,feeder2_611,0.07002569717674031,0.06930205626613528,0.07000258310175048,0.06921065775854911
90,1.5,feeder2_405,0.07106780228654831,0.06916900135099466,0.07104688671007885,0.06907714798715002
90,1.5,feeder2_461,0.07525146533580065,0.005581823759988216,0.07522718345126626,0.00547367735652362
90,1.5,feeder2_594,0.07234401148217687,0.02069793868272785,0.07232375910044174,0.02059053731680906
90,1.5,feeder2_732,0.0691900662170306,0.07114407974849538,0.0691666126111222,0.07105408655982438
90,1.5,feeder2_417,0.07225410116711402,0.07410634764508262,0.0722327608808582,0.07401448243637232
90,1.5,feeder2_663,0.07181378878315675,0.07473749968874517,0.07179320681531313,0.07464432068756774
90,1.5,feeder2_444,0.07316895540807315,0.07764899078762791,0.07315023100230808,0.07755566983359662
90,1.5,feeder2_759,0.07556319604029968,0.07513618135806296,0.07554595376883692,0.07504226038993748
90,1.5,feeder2_842,0.08579954618798993,0.10015627615842077,0.08578248665589903,0.10006165898028
90,1.5,feeder2_459,0.07318078657258575,0.07771766808901615,0.07316202696354265,0.07762227237681772
90,1.5,feeder2_702,0.07320740454595663,0.07767977447990485,0.07319123495860949,0.07758432694505912
90,1.5,feeder2_493,0.07322471728184704,0.07799168662224493,0.07320030097420156,0.07790038728398163
90,1.5,feeder2_651,0.07532895573453492,0.005777632103499548,0.075300711522996,0.005672784569422621
90,1.5,feeder2_684,0.07733676063866182,0.007319853318307315,0.07730838972525983,0.007445134483553648
90,1.5,feeder2_674,0.07317370804974906,0.07796949262619149,0.07315694199233773,0.07787577809880059
90,1.5,feeder2_696,0.07341039234010337,0.07890015000043743,0.073393549999694,0.07880375820316837
90,1.5,feeder2_681,0.07308508234271095,0.07792827642134571,0.07306656507344202,0.07783624421224654
90,1.5,feeder2_682,0.07309673130537916,0.07794018110865182,0.07307970179213794,0.07784741163266701
90,1.5,feeder2_728,0.0772682035175314,0.007038693323364372,0.07724044052908824,0.007162683527158006
90,1.5,feeder2_724,0.07955370347513971,0.020881716654458836,0.07952440000632775,0.02101545448404685
90,1.5,feeder2_703,0.07374597641408857,0.0795953611426831,0.07372765225118447,0.07950177914139421
90,1.5,feeder2_704,0.07348129806854639,0.07905030002384283,0.073457128899422,0.07896088022104021
90,1.5,feeder2_754,0.07972715746349586,0.021036394264308457,0.07970304229224011,0.021173446329162276
90,1.5,feeder2_747,0.08046113712068947,0.02634747606709939,0.08043659611086355,0.02648540258288702
90,1.5,feeder2_828,0.0772163311956636,0.00706142251309301,0.07718827648403406,0.007181366318389639
90,1.5,feeder2_763,0.07718908953780931,0.006790079659108171,0.07716278103724439,0.006907903438403614
90,1.5,feeder2_836,0.0805396553684985,0.02611809758475334,0.08050910518630523,0.02625475334810946
90,1.5,feeder2_758,0.08122802342303302,0.031151440692646734,0.08119893647815847,0.03128873381397282
90,1.5,feeder2_788,0.08279682806599388,0.03276322633170665,0.082771129810445,0.03290643872652113
90,1.5,feeder2_812,0.08324097739231165,0.04392722248116459,0.08321074632269433,0.04407298840894787
90,1.5,feeder2_947,0.07756221643200327,0.007287355508171947,0.07753319284019108,0.007403535290841625
90,1.5,feeder2_868,0.07731433876020458,0.006954998244144602,0.07728624069094525,0.007067794120681651
90,1.5,feeder2_785,0.0771172424040013,0.006551209010433352,0.07708742515725034,0.006662952118630079
90,1.5,feeder2_1176,0.0754236585230376,0.006753231412568727,0.07539911329630421,0.006813096433435739
90,1.5,feeder2_846,0.07686117404158749,0.006580977443637738,0.07683576212772189,0.006698443076983357
90,1.5,feeder2_911,0.07712477604412388,0.006627748133926134,0.07709613995325432,0.006737607359826904
90,1.5,feeder2_1107,0.08338523367309134,0.048391070647579915,0.0833584834881106,0.04854216384787306
90,1.5,feeder2_920,0.08376788532721441,0.04628961041526644,0.08373652699229894,0.04643836578314449
90,1.5,feeder2_926,0.08458429339087907,0.049731798560657806,0.08455175218800694,0.049882715113125246
90,1.5,feeder2_1239,0.08373218564967212,0.046391068732136206,0.08369894926572281,0.0465387693229763
90,1.5,feeder2_933,0.08482591772717,0.050625936199468424,0.08479964577785017,0.05078055641177996
90,1.5,feeder2_1146,0.08515090401809236,0.05271363753621443,0.085121223748106,0.052866509504738556
90,1.5,feeder2_1124,0.08487684863584982,0.05046767724476934,0.08484384480259206,0.050619504878973015
90,1.5,feeder2_942,0.08541458251113139,0.053039047240524564,0.08538372768024384,0.05319495617127634
90,1.5,feeder2_952,0.08672177454826227,0.05746097846144905,0.08668929487992552,0.05762079756428104
90,1.5,feeder2_965,0.08535771892022258,0.05293825560321474,0.08532840920514041,0.0530928912771222
90,1.5,feeder2_961,0.08681357310611301,0.05767862447527644,0.08678274782804002,0.05783869694931785
90,1.5,feeder2_963,0.08673236546238551,0.05751847175407476,0.08670109249455608,0.05768177243736439
90,1.5,feeder2_973,0.08730864006614268,0.058835267304401646,0.08727563628023619,0.058995712364758264
90,1.5,feeder2_1128,0.08680166453271261,0.05771198585863536,0.08677202155273338,0.05787562475832237
90,1.5,feeder2_1113,0.08795920064132852,0.05880904143132965,0.08792758627261085,0.05896958707657304
90,1.5,feeder2_1143,0.08674375162193364,0.05767807658443741,0.08671089563266389,0.05783939398042355
90,1.5,feeder2_1238,0.08548453478619468,0.05304015226547936,0.08545537062481516,0.05319794908899263
90,1.5,feeder2_979,0.08528308210235315,0.05280223010349533,0.08525096168661889,0.05296083971253566
90,1.5,feeder2_1236,0.08802428283387598,0.0607529640931905,0.08799032016043914,0.06091616100438778
90,1.5,feeder2_989,0.08730885615131145,0.05883405858008712,0.08727563628023619,0.058995712364758264
90,1.5,feeder2_1196,0.08452690769331488,0.052120073616715404,0.0844990811256495,0.05228133908861647
90,1.5,feeder2_1158,0.08737722514986158,0.058682054436739385,0.08734445101592475,0.05884549983843152
90,1.5,feeder2_1122,0.08341759793503277,0.050877228010582316,0.08338528874921465,0.05102378900016956
90,1.5,feeder2_1258,0.08299675958575659,0.04757967407898753,0.08296966240737753,0.047731394992745736
90,1.5,feeder2_1303,0.08497391004025377,0.052483711882729656,0.0849442745943594,0.05262932658003029
90,1.5,feeder2_1138,0.08333636694156182,0.0523016780411108,0.08330796034383035,0.052451044353882544
90,1.5,feeder2_1304,0.0827894040499385,0.05262563234404941,0.08276149861634655,0.05277233573172115
90,1.5,feeder2_1212,0.08326109405621027,0.05507329409463591,0.08323301025274979,0.05522272772283918
90,1.5,feeder2_1311,0.0849210394225436,0.05675811854151883,0.08489452736463249,0.05690486606251447
90,1.5,feeder2_1290,0.08290537293220186,0.057244742043460764,0.08287357013033446,0.05739019069654828
90,1.5,feeder2_1325,0.08898829496492287,0.06435535366002978,0.08895587769856951,0.06452948588695293
90,1.5,feeder2_1248,0.08802132367380518,0.06074916667087371,0.08798687313934428,0.06091344378087185
90,1.5,feeder2_1249,0.0855066699282659,0.053057448077631006,0.085478250545806,0.05321663452766325
90,1.5,feeder2_1250,0.08552038493175379,0.05307036239177749,0.08549022922650716,0.05322680742364011
90,1.5,feeder2_1366,0.0880959986036653,0.06056369242622875,0.08806092565054809,0.060732581249040234
90,1.5,feeder2_1266,0.08254116439143028,0.04703551824402479,0.08250968732495025,0.04718020792307551
90,1.5,feeder2_1372,0.08309879208229301,0.05735523757335934,0.08307049871997993,0.05750028290106556
90,1.5,feeder2_1363,0.0825081064231812,0.05960485219316179,0.08247983561008106,0.05975058775305182
90,1.5,feeder2_1446,0.09049475759277377,0.06593431397337196,0.09045913510026103,0.066105078493677
90,1.5,feeder2_1502,0.08969216629544437,0.06637930120414179,0.08965374018782218,0.06655436984373361
90,1.5,feeder2_1428,0.08201321807686389,0.05995784211631716,0.08198563764408003,0.06010417631816786
90,1.5,feeder2_1380,0.08219794333095756,0.06202872287547497,0.08216841465051965,0.06216909169405661
90,1.5,feeder2_1550,0.08224041272173781,0.062045649887669724,0.08220738731839304,0.06218690253631722
90,1.5,feeder2_1386,0.0820464393584014,0.06326075266749263,0.08201894680558158,0.0634037556197738
90,1.5,feeder2_1551,0.08188580406352242,0.06339872081544815,0.08185705992955035,0.06354199582064829
90,1.5,feeder2_1400,0.0819820347102862,0.06382423667818755,0.08195822864426612,0.06396934793433726
90,1.5,feeder2_1552,0.08176836147969978,0.06401065220001773,0.08174075749558543,0.0641524306175592
90,1.5,feeder2_1408,0.08187083810171884,0.06491040983331531,0.081839483175488,0.06504818165317484
90,1.5,feeder2_1553,0.08099953740784008,0.06497804357152334,0.08097110443537649,0.06511731315986445
90,1.5,feeder2_1416,0.08188831665497902,0.06543684749077974,0.08185904161445164,0.06557763272045168
90,1.5,feeder2_1530,0.08395497313696863,0.06736951098653685,0.08392665143294986,0.0675157152753816
90,1.5,feeder2_1425,0.08170909020176677,0.06548827115684167,0.08167741922626577,0.06562502832236486
90,1.5,feeder2_1589,0.08086378304755623,0.06546579099955088,0.08083587276713956,0.06560288143489514
90,1.5,feeder2_1435,0.08170732147625309,0.06548803507767814,0.0816805517615556,0.06563111516612162
90,1.5,feeder2_1621,0.08179684537682086,0.06520022641853392,0.08176858407140765,0.06533851796611119
90,1.5,feeder2_1564,0.08163301138912038,0.0657970448273736,0.08160293283813108,0.06593643148796516
90,1.5,feeder2_1704,0.08912106103699767,0.06567513667829407,0.08908463791367845,0.06585190863526398
90,1.5,feeder2_1525,0.08986656653216964,0.06720494958207764,0.08983580585802316,0.0673868816228138
90,1.5,feeder2_1716,0.08994448439173422,0.06699256298819205,0.08990723441539429,0.06717318122457334
90,1.5,feeder2_1537,0.0900562905360547,0.06816152864035546,0.09002090062191107,0.06834203974577976
90,1.5,feeder2_1645,0.08995418354164292,0.0682214589305533,0.08991725278767142,0.0684030177461216
90,1.5,feeder2_1561,0.0902815556452135,0.06920755332527279,0.09024274754028971,0.06938726602487688
90,1.5,feeder2_1657,0.09121863137435476,0.07018927603136538,0.09118386918283783,0.07037863213915448
90,1.5,feeder2_1570,0.09033575122556059,0.0694203462869887,0.09029855379074342,0.0696054229141639
90,1.5,feeder2_1756,0.09350449016798024,0.07273849191432552,0.0934669045843543,0.07292355725944287
90,1.5,feeder2_1588,0.09034724226961424,0.06940641525856142,0.09031088315643869,0.06959151690682132
90,1.5,feeder2_1628,0.09046974257961128,0.06953671697612884,0.09043414062985129,0.06972591750373279
90,1.5,feeder2_1598,0.09035958395258463,0.06935523833190543,0.09032501131198903,0.06954241984566006
90,1.5,feeder2_1816,0.08834229747732748,0.06765816382762471,0.08830353634213944,0.06784247558066615
90,1.5,feeder2_1765,0.09052761843173124,0.06883777606735836,0.09049041156105689,0.06902707240468156
90,1.5,feeder2_1641,0.09039187589941908,0.07000648157562331,0.0903540047953917,0.07020364707966323
90,1.5,feeder2_1689,0.09019791817393531,0.0693587030980011,0.09016326095445279,0.06956317850428015
90,1.5,feeder2_1744,0.09112535293146339,0.07077509294444712,0.09108672947845346,0.07096836590473748
90,1.5,feeder2_1817,0.08996008654523338,0.06871781982059964,0.08992143979986275,0.06892225311482698
90,1.5,feeder2_1779,0.0902107751032021,0.06931799326197932,0.09017476917078049,0.06952177676219518
90,1.5,feeder2_1800,0.090144378178781,0.06937998309185726,0.09010645575469461,0.06958401149526515
90,1.5,feeder2_1818,0.08981218297726716,0.06880290893033134,0.08976851214681904,0.06901670744100899
90,1.5,feeder2_1753,0.09336172244060853,0.07311985328975741,0.09332228845088418,0.07331578269641731
90,1.5,feeder2_1754,0.0911464731628251,0.07079695088627315,0.09111203601125953,0.07099333266218999
120,2.0,secondary,0.004680872240077687,0.02396617998652281,0.0046753362275778,0.023963155983637185
120,2.0,feeder2_44,0.008708961736504083,0.12496759476603198,0.008695710255738297,0.12494415772638148
120,2.0,feeder2_45,0.00886237016216388,0.12882561139564935,0.008853347313250954,0.12880193228701434
120,2.0,feeder2_46,0.00905287555662229,0.12556383076869723,0.00904133325825919,0.12554003078395126
120,2.0,feeder2_51,0.00914612580639946,0.13562191586354425,0.009131668177152968,0.13559755023551037
120,2.0,feeder2_48,0.008267497401022738,0.12820265922751378,0.008256239708503796,0.12817832904171605
120,2.0,feeder2_52,0.009287865836331819,0.13566411318391916,0.009278546057250555,0.13563800620500482
120,2.0,feeder2_68,0.009932723782331159,0.15476631231592447,0.009922431700344708,0.15473518768136854
120,2.0,feeder2_69,0.009987619290156582,0.15491541206430545,0.009977501776643609,0.1548842042957577
120,2.0,feeder2_71,0.010037900661984367,0.1572954338812409,0.01002542306607514,0.1572620857680003
120,2.0,feeder2_72,0.00981078031514043,0.15706046181567473,0.009799909250267254,0.15702909096984483
120,2.0,feeder2_73,0.010372239925261272,0.16523863969187902,0.010359469555824126,0.16520623677035312
120,2.0,feeder2_74,0.010462801448895715,0.16526032482751676,0.010450484960162692,0.16523094749887793
120,2.0,feeder2_77,0.010655261181278275,0.17205224074588996,0.010641118718156916,0.1720209738055783
120,2.0,feeder2_79,0.01215123159479841,0.17216179635810927,0.012139433737476163,0.17212758445640255
120,2.0,feeder2_81,0.011030358684976942,0.1827093930384277,0.011015875956445825,0.18267328695759494
120,2.0,feeder2_82,0.010477137723819127,0.1821284975523242,0.010463396859853941,0.18209399016396144
120,2.0,feeder2_116,0.012863091926202747,0.23107094825072036,0.012848795268752933,0.23102453483291938
120,2.0,feeder2_119,0.013301544053427913,0.23295381738255017,0.013292872113558646,0.2329055004243433
120,2.0,feeder2_120,0.013382476162898397,0.2480502806011575,0.013368609789826165,0.24799887754265118
120,2.0,feeder2_248,0.01365263914819918,0.24991692791078526,0.013640635560906639,0.24986564081330145
120,2.0,feeder2_124,0.01359814572758554,0.257800335372333,0.013582968484404288,0.2577464816846454
120,2.0,feeder2_282,0.013459657674627867,0.2576592068802358,0.01344403694480732,0.25760817069565595
120,2.0,feeder2_275,0.013667167710854343,0.2608079009853043,0.013657191831956664,0.2607543820597234
120,2.0,feeder2_151,0.013805270158624986,0.27302463816747113,0.013787591832999706,0.2729668950563826
120,2.0,feeder2_295,0.013827259638476098,0.2731110220367207,0.013809018368181656,0.2730589722758098
120,2.0,feeder2_311,0.013882878911772726,0.2732681451763315,0.013864696700786744,0.2732123313961273
120,2.0,feeder2_201,0.0142303765693195,0.2980006224211979,0.014205641372946751,0.2979410714196316
120,2.0,feeder2_314,0.01269889751029343,0.2960369067821207,0.012676921452885832,0.2959746769848681
120,2.0,feeder2_342,0.01586742788793531,0.3379004546100284,0.015843879026705178,0.337832607513336
120,2.0,feeder2_368,0.01593839780663705,0.34343423264565875,0.015911117972214724,0.3433692194636231
120,2.0,feeder2_347,0.017384396709639673,0.3472218115332065,0.017359650435632343,0.34715076413613766
120,2.0,feeder2_353,0.018242799749745887,0.3519920775865854,0.01821980179386358,0.3519157875692193
120,2.0,feeder2_518,0.01711999385964572,0.3469620448315841,0.01709611837855451,0.34689055242205996
120,2.0,feeder2_365,0.019208477981455686,0.3572806408284322,0.01918773691445704,0.3572034446039119
120,2.0,feeder2_653,0.018482002605690148,0.35202838731369024,0.018457187246434064,0.35195274266054133
120,2.0,feeder2_377,0.019752937253162302,0.36014407997386416,0.019732909258852373,0.36006608847774974
120,2.0,feeder2_622,0.019213392223727838,0.35731262196844776,0.01919091760529961,0.35723968140968454
120,2.0,feeder2_451,0.015683276552255165,0.34319410732106864,0.015653668234169513,0.3431317885474004
120,2.0,feeder2_383,0.016550170683306407,0.3526191360492848,0.016517803195604825,0.3525578070530361
120,2.0,feeder2_385,0.02039860032601469,0.3634082455818064,0.020378722603321953,0.3633272571382627
120,2.0,feeder2_621,0.019763039750364038,0.360238224492202,0.01974139231453935,0.3601581724784727
120,2.0,feeder2_611,0.016632919030104523,0.3526327877199021,0.01660137709212053,0.35257092415194524
120,2.0,feeder2_405,0.016603560144007306,0.3531954707410413,0.016574003310854762,0.3531326211894352
120,2.0,feeder2_461,0.02278398508075293,0.3747852789213271,0.022766153488552907,0.374698657616948
120,2.0,feeder2_594,0.02065328546486198,0.36457046198836063,0.02063378403188374,0.36449077737389113
120,2.0,feeder2_732,0.015765849149134866,0.354865678824051,0.015733758575823893,0.354803655175963
120,2.0,feeder2_417,0.017097529071958717,0.3572086446151099,0.017064786079714043,0.35714461215773247
120,2.0,feeder2_663,0.017184666478518438,0.35735825033433777,0.017151614467856832,0.3572968634966559
120,2.0,feeder2_444,0.017551171846928778,0.36022249645470117,0.0175150787510839,0.36016578218377576
120,2.0,feeder2_759,0.017394638886077948,0.36007552486771005,0.01736044399953098,0.36001440109244287
120,2.0,feeder2_842,0.037056060016869063,0.37935665735831403,0.03702071922577957,0.37930194213233986
120,2.0,feeder2_459,0.017536795374261123,0.36012156415841323,0.017504785525040065,0.3600593951652689
120,2.0,feeder2_702,0.017132870695413912,0.3585535646035311,0.017102068349543295,0.3584901971479798
120,2.0,feeder2_493,0.01759423223449055,0.3603866597889374,0.017563230541013976,0.36032375897838265
120,2.0,feeder2_651,0.022793248894263714,0.3749585735063582,0.022773126818148387,0.3748738955488443
120,2.0,feeder2_684,0.024838854884149157,0.38382771559086587,0.02482173849979431,0.38373451824164223
120,2.0,feeder2_674,0.017610134731232976,0.3603837897920007,0.017576604239299538,0.36032349361838584
120,2.0,feeder2_696,0.017723138686341317,0.36118703975285205,0.0176905802614949,0.36112303425569986
120,2.0,feeder2_681,0.01764077082610633,0.36037595150843627,0.017604523478358683,0.3603153593589173
120,2.0,feeder2_682,0.017630338684485106,0.3603838129787147,0.017596391012862794,0.3603239865870686
120,2.0,feeder2_728,0.02482409312349309,0.38360043746153516,0.02480475508309494,0.3835090925177217
120,2.0,feeder2_724,0.027007591344338017,0.393603549123964,0.02698835176584195,0.39350533248201336
120,2.0,feeder2_703,0.018249565503632353,0.3617806765107624,0.018213765228570645,0.36172122716691557
120,2.0,feeder2_704,0.017837128608072357,0.36131448655417703,0.017804183498759667,0.36125293185630036
120,2.0,feeder2_754,0.026779255059379933,0.3933410703923396,0.02676208912225568,0.3932421749663537
120,2.0,feeder2_747,0.02791963099590215,0.3977297020003255,0.02790028009459512,0.3976299367987418
120,2.0,feeder2_828,0.024871498855467165,0.38360307788039993,0.024852306600360287,0.38351183891020424
120,2.0,feeder2_763,0.024780353264935582,0.38326796584542544,0.024760969712213348,0.3831751750719258
120,2.0,feeder2_836,0.03015435859558202,0.39783864411944136,0.03013489445743173,0.3977401849950422
120,2.0,feeder2_758,0.02862820162628296,0.4011170196459783,0.028606192658280998,0.40101382396752333
120,2.0,feeder2_788,0.028336786068161725,0.4007741322354219,0.028318016245918325,0.4006691894968415
120,2.0,feeder2_812,0.030918854471375642,0.4119883189928025,0.030901083988804326,0.41187350228650527
120,2.0,feeder2_947,0.02426428245064738,0.3826880503405317,0.02424418877889239,0.38259261148822166
120,2.0,feeder2_868,0.024605999329133765,0.3830725130191729,0.02458517243338608,0.38298134696619396
120,2.0,feeder2_785,0.024803630073523535,0.38331941287811694,0.02478271747038181,0.3832299895987589
120,2.0,feeder2_1176,0.024787006329523013,0.3837390989381009,0.024763844666185003,0.3836438203336661
120,2.0,feeder2_846,0.025033358801180065,0.3833441584156016,0.02501190747130079,0.3832525338021808
120,2.0,feeder2_911,0.024786957793746976,0.3832316567873937,0.024768817716721528,0.38314056352172526
120,2.0,feeder2_1107,0.03242834267257608,0.418820770113242,0.0324119747234702,0.418706020149783
120,2.0,feeder2_920,0.0311668642809276,0.41317612198422793,0.03114779501530634,0.4130634297268599
120,2.0,feeder2_926,0.0314154252668842,0.41442987205773185,0.03139542390833265,0.41431625577151715
120,2.0,feeder2_1239,0.03131001173837249,0.4137937851893285,0.03129538949691959,0.4136797942153469
120,2.0,feeder2_933,0.031526830333889165,0.41501288020704363,0.03151097935417391,0.41489639495964303
120,2.0,feeder2_1146,0.0314090640219497,0.41431171569599734,0.03139172085200086,0.41419836717753206
120,2.0,feeder2_1124,0.03150084506150229,0.41514343776461016,0.03148069820610249,0.4150268188439422
120,2.0,feeder2_942,0.031828765243340995,0.41636837203977184,0.03180835498428808,0.41625073621926933
120,2.0,feeder2_952,0.03222475202670051,0.41848098056569477,0.03220487297687613,0.4183595497809539
120,2.0,feeder2_965,0.0318351948266667,0.4163563358396527,0.03181852116468699,0.4162401721531562
120,2.0,feeder2_961,0.032269558939044075,0.41873898483401295,0.03225010725384303,0.41861966247543536
120,2.0,feeder2_963,0.03222431540549951,0.4184748895677446,0.03220743144688688,0.4183578925078409
120,2.0,feeder2_973,0.03250059718865859,0.42011784190480095,0.03248440236887916,0.41999798805301325
120,2.0,feeder2_1128,0.03228219939824615,0.4187347087785494,0.0322641163264868,0.4186129664894784
120,2.0,feeder2_1113,0.03218327405613626,0.4184218535998217,0.03216059357590342,0.4183023636219708
120,2.0,feeder2_1143,0.03220220602912641,0.4181997184040882,0.03218167048139314,0.41808004314696007
120,2.0,feeder2_1238,0.0316795888529564,0.4161548945016814,0.03166477866338465,0.4160378333799206
120,2.0,feeder2_979,0.031844515897939726,0.41635620957358466,0.031826493373343784,0.41623613241505725
120,2.0,feeder2_1236,0.03286714921011682,0.4220635558743051,0.03284780907755863,0.4219394619903923
120,2.0,feeder2_989,0.03250040540195516,0.4201189922283407,0.0324832975727371,0.41999871117306037
120,2.0,feeder2_1196,0.0320140886739005,0.41637346630609123,0.03199631826660415,0.41625775326185877
120,2.0,feeder2_1158,0.032454913264134945,0.4202578463053301,0.03243407592893456,0.42013755999548735
120,2.0,feeder2_1122,0.033036434286933966,0.42127929683345183,0.03302336113199297,0.42116055935467944
120,2.0,feeder2_1258,0.03301560906513157,0.4190222879641142,0.032999365438146945,0.4189059877733899
120,2.0,feeder2_1303,0.03296220581620614,0.42117172322829377,0.032947957503240206,0.42105363022117825
120,2.0,feeder2_1138,0.03352889071958318,0.4232790648109226,0.03351508797627819,0.4231554172929714
120,2.0,feeder2_1304,0.034477356328731064,0.4245397465719712,0.0344659102880986,0.4244194940954728
120,2.0,feeder2_1212,0.03433789017725966,0.4266342388007236,0.034329011525096896,0.4265095540734201
120,2.0,feeder2_1311,0.034242679765515927,0.426486555167037,0.03423139954967009,0.42636266551924196
120,2.0,feeder2_1290,0.03538485192532879,0.43099419362981495,0.03537584868321084,0.43086921600733263
120,2.0,feeder2_1325,0.03333538455291801,0.4243781687652078,0.03331183754879698,0.4242525759186109
120,2.0,feeder2_1248,0.03287104256848335,0.4220646970994805,0.03285194445196999,0.421941245335473
120,2.0,feeder2_1249,0.031652013160761994,0.41611829955716956,0.03163412787774669,0.4160004174640885
120,2.0,feeder2_1250,0.03163717929618013,0.4161016892993685,0.03162227976166928,0.41598700432596925
120,2.0,feeder2_1366,0.03282587627451861,0.4222300232133774,0.0328033917112253,0.42210722579405485
120,2.0,feeder2_1266,0.03299526873829941,0.41908189357884146,0.03297812882635435,0.41896635416854966
120,2.0,feeder2_1372,0.03408397570948577,0.4297723780450147,0.0340735311242831,0.42964448814327844
120,2.0,feeder2_1363,0.036888218186404066,0.4375901423673576,0.036877800686204644,0.437457436856151
120,2.0,feeder2_1446,0.032400857723575385,0.42346432054303285,0.03238117753757365,0.42333600233909074
120,2.0,feeder2_1502,0.03411346815706768,0.42823174603367575,0.034091085834003235,0.4281021608146209
120,2.0,feeder2_1428,0.03792677627760596,0.4389238196959065,0.03791686839006456,0.4387947854197597
120,2.0,feeder2_1380,0.038221157969161215,0.4437280817824816,0.038215264317392895,0.44359324184327215
120,2.0,feeder2_1550,0.038182370657771664,0.44366564695964683,0.038178592018792847,0.44353306436365114
120,2.0,feeder2_1386,0.03888363576093854,0.4467833572468943,0.03887905583273301,0.44664721765195137
120,2.0,feeder2_1551,0.040419810889706254,0.44961435479816014,0.040417250115847334,0.44947858448017464
120,2.0,feeder2_1400,0.03907091236876929,0.447616833620597,0.039067446105013844,0.4474806150812454
120,2.0,feeder2_1552,0.03928639100919704,0.44762833153789916,0.03927865523545822,0.44749320227573003
120,2.0,feeder2_1408,0.03944057477124659,0.44935415921466193,0.039435235299588006,0.4492146944500856
120,2.0,feeder2_1553,0.04174552246893797,0.4532846851104193,0.04174450250952483,0.45314652351411344
120,2.0,feeder2_1416,0.03945532166033922,0.4494239937755927,0.03945195729558257,0.44928766429554506
120,2.0,feeder2_1530,0.03776887081319657,0.4479294970672044,0.0377601457256398,0.4477905764565071
120,2.0,feeder2_1425,0.03964403144870292,0.4503901939165847,0.03963696000043179,0.450254036862612
120,2.0,feeder2_1589,0.040758944486137476,0.4522382858913273,0.04075781332319345,0.4521006697564747
120,2.0,feeder2_1435,0.039645082692107925,0.45041724044083736,0.039639434101709,0.4502789212396601
120,2.0,feeder2_1621,0.03952541705500719,0.45064801425233464,0.0395228661006297,0.45051002152058384
120,2.0,feeder2_1564,0.03971618104598662,0.45045946627005584,0.03971330536146294,0.45032099932327785
120,2.0,feeder2_1704,0.034070132646945604,0.4284850964874707,0.03404471857695813,0.42835520159535134
120,2.0,feeder2_1525,0.03432849924986479,0.42912706381581683,0.03430594201868397,0.4289962866941986
120,2.0,feeder2_1716,0.0378524424119335,0.4293610869926804,0.037824620736982506,0.429234423724719
120,2.0,feeder2_1537,0.03453047958400405,0.4300297852032434,0.03451096165719114,0.42989868943540555
120,2.0,feeder2_1645,0.03507311174968823,0.4315260616949817,0.035053057510850576,0.4313924658959359
120,2.0,feeder2_1561,0.034606382373566724,0.43027383745075537,0.034584917794510964,0.4301405053434652
120,2.0,feeder2_1657,0.03449961226585973,0.4301427185902403,0.034478105382576923,0.4300066905163246
120,2.0,feeder2_1570,0.034641590033067264,0.4304098081423561,0.03461620875915986,0.43027331000394936
120,2.0,feeder2_1756,0.03443591139126141,0.43014528344595065,0.034416518163158036,0.43001140980070657
120,2.0,feeder2_1588,0.03467539422708594,0.43055286855418023,0.03465635809328998,0.4304154067263131
120,2.0,feeder2_1628,0.033816814635377314,0.4297035008514166,0.033794173457762415,0.42956474522399674
120,2.0,feeder2_1598,0.034767553576205916,0.4309864674732117,0.03474742231796333,0.43084742864050835
120,2.0,feeder2_1816,0.037406352293765974,0.4313927559828728,0.03737898698173572,0.4312598246152346
120,2.0,feeder2_1765,0.034677324891620495,0.43143401504192813,0.034653396851863257,0.43129702654124347
120,2.0,feeder2_1641,0.035207301534446726,0.4326710053231513,0.03518821184957173,0.432529063576837
120,2.0,feeder2_1689,0.0355914558164409,0.43423990050747646,0.03557114747789309,0.4340961752005001
120,2.0,feeder2_1744,0.03513635709418185,0.43258010155780213,0.03511452510867238,0.4324401974025307
120,2.0,feeder2_1817,0.0358096268036504,0.43532175882982926,0.035788591823696494,0.4351750397179479
120,2.0,feeder2_1779,0.03558349785885673,0.4342751127639029,0.03556323032665481,0.4341304502669882
120,2.0,feeder2_1800,0.03596439650321892,0.43529610029571275,0.03594155824893313,0.43515069785309707
120,2.0,feeder2_1818,0.03632131346865131,0.4320483081197058,0.03628858756771176,0.43189506445871495
120,2.0,feeder2_1753,0.03502450251194349,0.4324338211756955,0.035004721726442076,0.43229201796437305
120,2.0,feeder2_1754,0.03511175592572604,0.43254907992809116,0.03509138219490876,0.43241134213240773
150,2.5,secondary,0.00960943798366539,0.013454084714012205,0.009602336105511429,0.013449500457949053
150,2.5,feeder2_44,0.017871734637082432,0.07012645361866857,0.01785044147425797,0.07010122948719569
150,2.5,feeder2_45,0.01815375729381846,0.07220248995948662,0.018134799617047528,0.07217378978798472
150,2.5,feeder2_46,0.01789622612248017,0.07123126803110887,0.01786495057268043,0.07121561184148582
150,2.5,feeder2_51,0.01864826596767847,0.07588465217498404,0.01862766392216656,0.07585709659259318
150,2.5,feeder2_48,0.018362798653675173,0.07165417587859824,0.018347697365388157,0.0716253493375831
150,2.5,feeder2_52,0.01843974023638041,0.07586342912695039,0.018421893741265266,0.07582913668035873
150,2.5,feeder2_68,0.020054900195612964,0.08625747147676843,0.020037003716636897,0.08621944624324578
150,2.5,feeder2_69,0.02018049340192004,0.08643209833488717,0.02015780974243822,0.08639827958069393
150,2.5,feeder2_71,0.02023944027381816,0.08762111010153634,0.02021753565850215,0.08758234654696141
150,2.5,feeder2_72,0.020299814122527893,0.08741736038346613,0.02028009909754658,0.08737986424477306
150,2.5,feeder2_73,0.02081909700832545,0.09190951002000142,0.020795238014307153,0.09187025191054572
150,2.5,feeder2_74,0.019525074511125933,0.09336433978694639,0.01950661945617059,0.09331894642333345
150,2.5,feeder2_77,0.02137715884210504,0.09538383505856496,0.02135946135543998,0.09533639342907647
150,2.5,feeder2_79,0.02163647000194668,0.09575161217934361,0.021617554578873134,0.09570816643632801
150,2.5,feeder2_81,0.022228712828431953,0.10072882424749457,0.022211706865247625,0.10067861689042866
150,2.5,feeder2_82,0.022409577857920117,0.10021300193372101,0.02238968904667997,0.10016317672196977
150,2.5,feeder2_116,0.026092378183604856,0.12519228036362062,0.02606601736841324,0.12512799943823805
150,2.5,feeder2_119,0.02533756475636584,0.12516003829240177,0.025310288399351517,0.12509457137894073
150,2.5,feeder2_120,0.027594825095708365,0.13432224616503058,0.027567947451849532,0.13425202003284645
150,2.5,feeder2_248,0.027125653694681083,0.1342764793216921,0.027101799234162425,0.13420331280452424
150,2.5,feeder2_124,0.028548483683017392,0.13997680905422466,0.028521602169544396,0.13990369443932985
150,2.5,feeder2_282,0.028576043217193516,0.1398558711058533,0.028548113980619075,0.13978383181913454
150,2.5,feeder2_275,0.026017400783444118,0.14250436369707473,0.026001058306263407,0.14242285646482847
150,2.5,feeder2_151,0.03067426418778521,0.14841547657423695,0.03065124911101305,0.14834013799464493
150,2.5,feeder2_295,0.030751090165311783,0.148514194830833,0.030718879174843994,0.1484461661849407
150,2.5,feeder2_311,0.03089033016264457,0.14869816984973944,0.030862728865258635,0.14862621608995716
150,2.5,feeder2_201,0.03410556471860822,0.1620432700479756,0.03407737375573629,0.16197064302570693
150,2.5,feeder2_314,0.03484507412868487,0.1611781111501123,0.034819851041624474,0.16110621142327655
150,2.5,feeder2_342,0.038786657713741124,0.18333826760051486,0.03875203725319019,0.18327060375919968
150,2.5,feeder2_368,0.040479630461016776,0.19029878623434973,0.04044882425354085,0.19023004641511435
150,2.5,feeder2_347,0.03848369253947071,0.18087626113336358,0.03844799085347057,0.1807939649522414
150,2.5,feeder2_353,0.03834516073312977,0.17976442485691005,0.0383169012845993,0.17967214661294642
150,2.5,feeder2_518,0.03854079074043209,0.18065631788099967,0.03850952380766926,0.18057207627600233
150,2.5,feeder2_365,0.03821806181189632,0.17857951551710716,0.038191792567902,0.17847978032776937
150,2.5,feeder2_653,0.038036703772285796,0.17971394566413146,0.0380054495875599,0.1796252112939252
150,2.5,feeder2_377,0.03814784421619664,0.17792854275075776,0.03812013713453735,0.17782837093136647
150,2.5,feeder2_622,0.03824562336189877,0.17861561942065926,0.03821229982892334,0.17852026118815353
150,2.5,feeder2_451,0.040522037188769906,0.19009865091342337,0.040486929727013565,0.19003677555888326
150,2.5,feeder2_383,0.04327026121647343,0.201759494025339,0.043232629235117975,0.20170295921912562
150,2.5,feeder2_385,0.03805994712163744,0.17714387926118394,0.0380295879809733,0.17703729837481105
150,2.5,feeder2_621,0.038229063705323474,0.17803427706978958,0.03820290724158959,0.17793411428701247
150,2.5,feeder2_611,0.04306787950671896,0.20171021893736102,0.04302666394791051,0.20165605575562007
150,2.5,feeder2_405,0.043448757596398775,0.202481388083565,0.04340744436811214,0.20242672536163972
150,2.5,feeder2_461,0.03779553112613745,0.1741127657879544,0.03777140184658058,0.1739911766023861
150,2.5,feeder2_594,0.03775463776574146,0.1770948271946391,0.037721767803607205,0.1769895402093207
150,2.5,feeder2_732,0.04313384689351654,0.2024080053211078,0.04309579723321472,0.2023478712313954
150,2.5,feeder2_417,0.04481429888166241,0.20794973485100537,0.04477875480166025,0.20789432575828543
150,2.5,feeder2_663,0.04489946806742311,0.20848761245864272,0.0448532178585893,0.20843919568486394
150,2.5,feeder2_444,0.04581284190100883,0.21191587429334352,0.045773790534618795,0.21186496973774138
150,2.5,feeder2_759,0.045822826996558375,0.21179753372207988,0.04578721418506812,0.21174489102525534
150,2.5,feeder2_842,0.06450049534759753,0.23378172609533499,0.0644350884202207,0.23375012404990297
150,2.5,feeder2_459,0.04581701262371906,0.21200564771374666,0.0457746138323296,0.2119568635783859
150,2.5,feeder2_702,0.04702082152290318,0.21060598506257114,0.04698441185100684,0.21055543786743158
150,2.5,feeder2_493,0.04572910010971741,0.2129088784209798,0.04568846101390503,0.2128586964797492
150,2.5,feeder2_651,0.037940218035221754,0.17431040254878694,0.03790930822351679,0.1741884712714389
150,2.5,feeder2_684,0.03754447137714506,0.17143359891966437,0.03751692099808894,0.17129649293361354
150,2.5,feeder2_674,0.045302661854663195,0.21322225087333338,0.045259162429434126,0.21317203042501282
150,2.5,feeder2_696,0.04607386511618069,0.21430334564817036,0.04603503189108792,0.214254113357905
150,2.5,feeder2_681,0.04473108712887163,0.21361928346176234,0.04468806016904218,0.21357009874578745
150,2.5,feeder2_682,0.04440951164122498,0.21392209664303502,0.04436600719857865,0.2138712951746794
150,2.5,feeder2_728,0.037684362604525824,0.17026856494868134,0.03765819343172074,0.17012960172090713
150,2.5,feeder2_724,0.03716679362283673,0.171400873942908,0.03714154618375766,0.17125300693029702
150,2.5,feeder2_703,0.046621677278104186,0.2149822961611465,0.046579203309031966,0.21493679763979842
150,2.5,feeder2_704,0.0461740719139929,0.21459786320851834,0.04613256593784591,0.21455142411689695
150,2.5,feeder2_754,0.03724036417454979,0.17117215901207408,0.03721350223686477,0.1710256865971062
150,2.5,feeder2_747,0.03702120871512425,0.17150211245480815,0.036997925717122716,0.17134880677033504
150,2.5,feeder2_828,0.037634501932750294,0.17025904311959997,0.03760789108688334,0.17011773536657085
150,2.5,feeder2_763,0.0379139635621881,0.1685722550997601,0.03789152767600262,0.16842837276434686
150,2.5,feeder2_836,0.03717638269513021,0.17171498356992557,0.03714750716250976,0.171566810942779
150,2.5,feeder2_758,0.03687533347270345,0.17149144737859087,0.03684592554989034,0.17133674250463465
150,2.5,feeder2_788,0.036976741621635785,0.17119101888469415,0.036949611000059106,0.1710361046297446
150,2.5,feeder2_812,0.03645132371026702,0.17181974551020818,0.03642272167930094,0.1716479449637532
150,2.5,feeder2_947,0.03809046549212344,0.16806458374609518,0.038067703859536575,0.16792769928187679
150,2.5,feeder2_868,0.038503180242057275,0.16785382921760794,0.03848308823359855,0.16771219398654505
150,2.5,feeder2_785,0.03796667831990217,0.16816882451179446,0.037947798229072564,0.168019684148992
150,2.5,feeder2_1176,0.03830500433787294,0.1686391162110205,0.038283278070428604,0.16849439947172784
150,2.5,feeder2_846,0.037208753125734295,0.16869158898233694,0.03718588432170975,0.16854716531690705
150,2.5,feeder2_911,0.03833403902711546,0.1664853890855365,0.038312300573631046,0.16633575648238244
150,2.5,feeder2_1107,0.03555696069879609,0.17341130378073347,0.035526726232579596,0.17322403344707962
150,2.5,feeder2_920,0.03657943175413861,0.17148678595735714,0.036555177372049344,0.17131438277384387
150,2.5,feeder2_926,0.036792966853660736,0.1710311678970675,0.03676702556185005,0.17086081125245042
150,2.5,feeder2_1239,0.03655271160318664,0.1714479146680875,0.03652727321007194,0.17127483548657702
150,2.5,feeder2_933,0.03685536029337057,0.17109879845699733,0.036828702383610114,0.17092515097926458
150,2.5,feeder2_1146,0.03694514635184102,0.1697773257497743,0.036915944841027046,0.16960649196621755
150,2.5,feeder2_1124,0.03696307792006705,0.17124648822814276,0.03693917580720211,0.17107633067616262
150,2.5,feeder2_942,0.03698375969538098,0.17113843636701576,0.036954416724276275,0.17097209067691937
150,2.5,feeder2_952,0.037070958476738594,0.17243407977942968,0.03704205802983596,0.17227432811928342
150,2.5,feeder2_965,0.0369971429823722,0.17098179361262936,0.036967258597067704,0.1708182965010716
150,2.5,feeder2_961,0.03706894526047558,0.17269921306848757,0.03704353115897005,0.17253955337296636
150,2.5,feeder2_963,0.0370734363098627,0.1724077276799803,0.037041585324647276,0.17225060952630797
150,2.5,feeder2_973,0.037158641911164254,0.1738228102916601,0.03712876136991769,0.17367106743706465
150,2.5,feeder2_1128,0.036897194028257536,0.1732151092416254,0.036867948629574966,0.17305056971793825
150,2.5,feeder2_1113,0.037542521392752236,0.17187763677031934,0.03751045553465874,0.17171739006078124
150,2.5,feeder2_1143,0.037054549536545654,0.17218238471238778,0.03702699054425895,0.1720228117321854
150,2.5,feeder2_1238,0.0391006238479298,0.16866220262730425,0.03907345002775303,0.16849411118509017
150,2.5,feeder2_979,0.03699052463919546,0.17097096326858702,0.036966346422191695,0.17079979787890678
150,2.5,feeder2_1236,0.03718699531936178,0.17502607649284677,0.03715124831616751,0.17488005286640057
150,2.5,feeder2_989,0.03715961230581199,0.1738273010312462,0.0371315864176806,0.17367389642547829
150,2.5,feeder2_1196,0.036816580685194646,0.1709431255851442,0.03678970737749952,0.17077685628688094
150,2.5,feeder2_1158,0.037077013958564047,0.17428202229743062,0.03704430689134721,0.17413280994921607
150,2.5,feeder2_1122,0.035156128981533974,0.17380426810113164,0.03512446984392855,0.1736112152714183
150,2.5,feeder2_1258,0.03577837866741744,0.17370602175226676,0.0357526139499889,0.173518592365227
150,2.5,feeder2_1303,0.03517111153017885,0.17371352068981916,0.03514507960398406,0.17351695480306095
150,2.5,feeder2_1138,0.034843921073822906,0.1741533752511367,0.03481451231844096,0.17394992149384836
150,2.5,feeder2_1304,0.03430050675451373,0.17411696044986358,0.03427026665725228,0.17391110921790837
150,2.5,feeder2_1212,0.03425444251381943,0.1749894262680932,0.03422614080013731,0.17477766961281538
150,2.5,feeder2_1311,0.03427630412026637,0.1748635346298598,0.03425064175764154,0.17465245940613358
150,2.5,feeder2_1290,0.03353756900291525,0.17615629940514868,0.03350509009303803,0.17593369204448187
150,2.5,feeder2_1325,0.03694386854863372,0.1753595447885236,0.03691657501342376,0.17519434317880142
150,2.5,feeder2_1248,0.037185393103821705,0.1750310048505718,0.03714909573659517,0.1748844817024836
150,2.5,feeder2_1249,0.03910557585168464,0.1686325463526806,0.03908203676175799,0.16846302140560812
150,2.5,feeder2_1250,0.04057267094455422,0.16710924888535347,0.040550006905375004,0.16693820274682297
150,2.5,feeder2_1366,0.0368411923256291,0.17619080385176106,0.03679023919342402,0.17606207688288852
150,2.5,feeder2_1266,0.035830148249533164,0.17377113418929915,0.035803948493635315,0.17358078341482852
150,2.5,feeder2_1372,0.03361444087244889,0.17590344959504267,0.033586603671215375,0.17568086380463238
150,2.5,feeder2_1363,0.03279252449235766,0.17779788647893183,0.03276554525632701,0.17755797134568027
150,2.5,feeder2_1446,0.03698384561804717,0.175232636925031,0.036957123543833625,0.1750705992885482
150,2.5,feeder2_1502,0.03668752553617372,0.17589151004178233,0.03665629328048049,0.175717340968935
150,2.5,feeder2_1428,0.03230144402218941,0.17778568380641194,0.032275276658924115,0.17754456761798953
150,2.5,feeder2_1380,0.032013491301959913,0.17995011352019913,0.03198747388401519,0.17969619965961356
150,2.5,feeder2_1550,0.032029151392939395,0.1798938416189086,0.032001886055883354,0.17964082918856325
150,2.5,feeder2_1386,0.031635299946125774,0.18104545777550923,0.03160601017606489,0.1807853119551066
150,2.5,feeder2_1551,0.030688241835957274,0.18193966591166238,0.030658279129847664,0.1816782855859317
150,2.5,feeder2_1400,0.03151314839085073,0.18138052598313556,0.03148385791172733,0.18112037293449934
150,2.5,feeder2_1552,0.029987005293558276,0.18289347309891926,0.02996631772421182,0.18262659565549097
150,2.5,feeder2_1408,0.03147129013145785,0.1813610301128608,0.031439657382079815,0.18109819738628746
150,2.5,feeder2_1553,0.031132828631704107,0.1813543803235861,0.03110578491472762,0.18109164430724273
150,2.5,feeder2_1416,0.03146131516578,0.18136021616401826,0.031429442387855236,0.18109635560254278
150,2.5,feeder2_1530,0.03151816651613873,0.181144871844498,0.031491697284636404,0.18087843916821011
150,2.5,feeder2_1425,0.03145050158752045,0.18146582454229943,0.0314188007466614,0.1812032134500807
150,2.5,feeder2_1589,0.031215951945967765,0.1814691336788919,0.031189316699141705,0.18120349814392853
150,2.5,feeder2_1435,0.03145189496672421,0.18148905121022663,0.03141890525868199,0.18122903448455122
150,2.5,feeder2_1621,0.03166498092116812,0.18175828215032924,0.03163432598708897,0.18149382567955558
150,2.5,feeder2_1564,0.031398605085331745,0.18144842077725482,0.03136930087450484,0.1811806110163212
150,2.5,feeder2_1704,0.036890739866108184,0.17617723610188818,0.036861291015502444,0.17600034516582755
150,2.5,feeder2_1525,0.03659968847385456,0.1759207375858196,0.03657427200418595,0.17573861830352513
150,2.5,feeder2_1716,0.03642020601845692,0.1766044263787332,0.03637965890261219,0.17643682428757765
150,2.5,feeder2_1537,0.036474859051838456,0.17582456182079845,0.03644911498120426,0.1756388681257956
150,2.5,feeder2_1645,0.035869493954782145,0.1763099803788417,0.035843401706226026,0.17612039400418217
150,2.5,feeder2_1561,0.036423670689904944,0.1754785044657057,0.03639883587612307,0.17528672410765006
150,2.5,feeder2_1657,0.03646081394453685,0.17536613864172793,0.03643587607708439,0.1751769553257834
150,2.5,feeder2_1570,0.03640388909646805,0.1753546301595925,0.03637979310974991,0.17516110483548422
150,2.5,feeder2_1756,0.036451508275326776,0.17513687194892327,0.036429151499257274,0.17494350280138324
150,2.5,feeder2_1588,0.03638713120393702,0.17525164633820603,0.03636120272096092,0.1750548995312154
150,2.5,feeder2_1628,0.03643961922288438,0.17510158216262578,0.036416055020046,0.1749060052638621
150,2.5,feeder2_1598,0.036369004318019156,0.1751618873191655,0.036343162584257946,0.1749652468435731
150,2.5,feeder2_1816,0.0366578105708951,0.17553780759115512,0.03663509164105146,0.17533831407616665
150,2.5,feeder2_1765,0.03672257620338289,0.17565923117752957,0.036693268126440456,0.17546149083460086
150,2.5,feeder2_1641,0.03620970969929391,0.17437701928466665,0.036182006510540335,0.17416364405776213
150,2.5,feeder2_1689,0.03589752279217182,0.17513900831432908,0.03587613318768316,0.17491052878729846
150,2.5,feeder2_1744,0.036999769599767154,0.17350150619917049,0.03698102445126799,0.17328178195221822
150,2.5,feeder2_1817,0.03588489976627012,0.17511259379986607,0.035859958879535685,0.1748838432392603
150,2.5,feeder2_1779,0.03592467533089107,0.17517775544092073,0.03590362711858084,0.1749485235598598
150,2.5,feeder2_1800,0.03466981258242695,0.17641842747014408,0.03465365917648834,0.17618563584396252
150,2.5,feeder2_1818,0.035537638451535264,0.17430778391652513,0.035543676724917185,0.17405941683590576
150,2.5,feeder2_1753,0.03702805166503044,0.17337995277895973,0.03700820676033982,0.1731650607990254
150,2.5,feeder2_1754,0.037540824071642456,0.17292334491170042,0.03752084782930142,0.17270412818665695
180,3.0,secondary,0.019714970708945897,0.003834387576833124,0.01971258848974196,0.0038487043885261935
180,3.0,feeder2_44,0.03666682043480352,0.019986287214887405,0.036660654480476305,0.020060721905621116
180,3.0,feeder2_45,0.03729784255315844,0.020315843211407364,0.03728958324034306,0.020394164262224047
180,3.0,feeder2_46,0.035174690579879625,0.023372169582390925,0.035163692646667626,0.02346257748960049
180,3.0,feeder2_51,0.0382995509286545,0.021350075010859764,0.038291135380171426,0.021426374412930053
180,3.0,feeder2_48,0.04057605184122054,0.017225446143193386,0.04056912683608976,0.017322525910072432
180,3.0,feeder2_52,0.03808635036308762,0.021181062759379993,0.03807577373870147,0.02126289367007462
180,3.0,feeder2_68,0.04114769525102991,0.02435099084840961,0.041138752732953456,0.024430147843231904
180,3.0,feeder2_69,0.04122082619599674,0.024535665270511566,0.04121503745451339,0.024608846180823266
180,3.0,feeder2_71,0.04152444652869055,0.02474114007886788,0.041518147632561134,0.024816534716660222
180,3.0,feeder2_72,0.04166008024056488,0.024676075454127453,0.04165320845675351,0.02475129608414018
180,3.0,feeder2_73,0.04270467348053402,0.025968994832019133,0.04269198020451418,0.026048016267677592
180,3.0,feeder2_74,0.04189027168689872,0.026428787637597925,0.041882181517054806,0.026491123762948196
180,3.0,feeder2_77,0.043772387960242166,0.026994941383722718,0.043759250129895684,0.027075332541165908
180,3.0,feeder2_79,0.04391628801926208,0.027401894476721277,0.04390404307916117,0.02748027970431912
180,3.0,feeder2_81,0.04543780318843295,0.028466488491824957,0.04542747626351713,0.028551981566061514
180,3.0,feeder2_82,0.04578923040945021,0.028261835112051305,0.04578231116322806,0.028345118278828525
180,3.0,feeder2_116,0.05294347949783097,0.03521367110611942,0.05293310882779357,0.03530574581357487
180,3.0,feeder2_119,0.05217068029361073,0.03468988949612797,0.052157434767723616,0.03477623951564279
180,3.0,feeder2_120,0.05582726994372367,0.038042614579456825,0.055814293459159885,0.038140373037470324
180,3.0,feeder2_248,0.05533843320044467,0.03770240864476342,0.055328155645870084,0.03779639000528059
180,3.0,feeder2_124,0.05764213653374034,0.03993465984723676,0.05763308525941844,0.040039145629370915
180,3.0,feeder2_282,0.05771578384753927,0.03989514279379343,0.05770374912870101,0.040001625193642525
180,3.0,feeder2_275,0.05686598962487218,0.04008662408346521,0.05685391192442372,0.04018019130489395
180,3.0,feeder2_151,0.060971862377756286,0.04325224927729959,0.060959191114901834,0.04337413878125324
180,3.0,feeder2_295,0.06102342858569369,0.043353106700358274,0.061012106104014106,0.04347412395036544
180,3.0,feeder2_311,0.06111192734109178,0.04354944341828422,0.061102861914420985,0.043667199025005814
180,3.0,feeder2_201,0.06643163528361354,0.04834506314703524,0.0664163635198626,0.04849704812842698
180,3.0,feeder2_314,0.06647759784825891,0.04833388568992539,0.06646720411766997,0.048485108609118956
180,3.0,feeder2_342,0.07420735503201185,0.05567125539293934,0.07419367131321003,0.05585733763415349
180,3.0,feeder2_368,0.07534724346421323,0.06214560341465488,0.07533126734534588,0.062302773407364884
180,3.0,feeder2_347,0.07614247480824238,0.04820671980916575,0.0761322768597017,0.048489873463213304
180,3.0,feeder2_353,0.07710695903019063,0.04511566547165301,0.07709041127809643,0.04545926437670777
180,3.0,feeder2_518,0.07627959455790795,0.04820185437370142,0.0762660438937361,0.048491137531569674
180,3.0,feeder2_365,0.07820949989729442,0.04248037809874902,0.07819555120771193,0.04289312080370395
180,3.0,feeder2_653,0.0767839972178064,0.044811855991893856,0.07676989197469937,0.045150667751250345
180,3.0,feeder2_377,0.07880158264794405,0.040940700446243164,0.07878922028495518,0.04139178807474286
180,3.0,feeder2_622,0.07752175125508169,0.04411604935032246,0.07750964019547504,0.04452645672368157
180,3.0,feeder2_451,0.07546866082758981,0.06208139386396012,0.07544936463479328,0.0622436825023359
180,3.0,feeder2_383,0.07721518388155933,0.07305409007653167,0.07719428692784842,0.07317445035125998
180,3.0,feeder2_385,0.07947731759715145,0.03946046461687397,0.07946841886380333,0.039952682036427344
180,3.0,feeder2_621,0.07885796466908186,0.04101395535643867,0.07884557246477078,0.04146142078893889
180,3.0,feeder2_611,0.0769958772330514,0.07290171688005004,0.07697964205163395,0.073016213406743
180,3.0,feeder2_405,0.07733635707992072,0.07375754052654636,0.07731809039574944,0.07386882519959434
180,3.0,feeder2_461,0.08233538543204642,0.038154326957801445,0.08232455477153287,0.03880102800824732
180,3.0,feeder2_594,0.07915830927422912,0.039129649176614135,0.07914455039497827,0.03962506857745623
180,3.0,feeder2_732,0.07526726858154638,0.07446401256556752,0.07525254643410169,0.0745556664181252
180,3.0,feeder2_417,0.07842787006551642,0.07899896129210508,0.0784073777437245,0.07910730961619084
180,3.0,feeder2_663,0.07804098475395996,0.08008130483087787,0.07802088948829532,0.08019150032816548
180,3.0,feeder2_444,0.07925963447558294,0.0826499304118567,0.0792358998795484,0.0827484805468752
180,3.0,feeder2_759,0.0793237388125375,0.08259723677848474,0.07930250346151589,0.08269899111296852
180,3.0,feeder2_842,0.09283548903142913,0.10548846255299718,0.09279062916648571,0.10557052731384992
180,3.0,feeder2_459,0.07926513237513301,0.0826165128410032,0.07924284531330524,0.0827152087660529
180,3.0,feeder2_702,0.08061638839051453,0.08122754449662092,0.08059681159646878,0.08132111922092053
180,3.0,feeder2_493,0.07914962810288728,0.08303117528337696,0.07913177819737144,0.0831188987197722
180,3.0,feeder2_651,0.08186738785875794,0.039411928967769856,0.08185767675998246,0.040055399469767265
180,3.0,feeder2_684,0.08461951038377916,0.041055536463198046,0.08461105917959762,0.041753254407805314
180,3.0,feeder2_674,0.07882514703834076,0.08314573683161368,0.07880771762249174,0.08323056997284804
180,3.0,feeder2_696,0.07934581651877481,0.08392925951215148,0.0793273706252625,0.08401527620975074
180,3.0,feeder2_681,0.07838298266449652,0.08327919805140958,0.07836283641157105,0.0833622352721357
180,3.0,feeder2_682,0.07816084342260322,0.08343406434098993,0.07814246672662106,0.08351488655488909
180,3.0,feeder2_728,0.08461133146507155,0.041160945095909666,0.08460301092937077,0.04185834342032934
180,3.0,feeder2_724,0.08701564502785869,0.0478805637672075,0.08701033685996847,0.048570076364888415
180,3.0,feeder2_703,0.07971880057485221,0.08463577561052528,0.07969967357753491,0.08472050637109772
180,3.0,feeder2_704,0.07942491679184499,0.0840824083900411,0.07940043428937235,0.08417329991833862
180,3.0,feeder2_754,0.08851092932350382,0.04878242210332144,0.08850871822848438,0.04946099963926509
180,3.0,feeder2_747,0.08786018498082356,0.05088651590742468,0.08785503582673923,0.05156455584017625
180,3.0,feeder2_828,0.08455923028428865,0.04111846688367762,0.084549548631816,0.041817078113107004
180,3.0,feeder2_763,0.08462037568791417,0.041377150388452896,0.08461804836153573,0.04207032897260448
180,3.0,feeder2_836,0.08795985827305383,0.05078573401407728,0.08795699827589605,0.051466337572611626
180,3.0,feeder2_758,0.08856961571105446,0.05373701276407519,0.08857010724298021,0.05440640036683301
180,3.0,feeder2_788,0.09011664306933723,0.054886461589160856,0.09011366269449991,0.05555038840054194
180,3.0,feeder2_812,0.0904251742553777,0.06170330459902477,0.09042522194468637,0.062353769677847254
180,3.0,feeder2_947,0.0849494932562722,0.041965416499373374,0.08494802884403646,0.04265928627885409
180,3.0,feeder2_868,0.08584297870378647,0.041799343370469706,0.08583959854743944,0.04249100503335942
180,3.0,feeder2_785,0.08439608576541563,0.041027229655501575,0.08438748621783443,0.041728708549327656
180,3.0,feeder2_1176,0.08300003278352153,0.04390809395004603,0.08298863890826458,0.04460934067688848
180,3.0,feeder2_846,0.08343037443738964,0.039441561775957194,0.08342571818011993,0.04014031755323743
180,3.0,feeder2_911,0.08440123243717751,0.04112711869621351,0.08439356391185901,0.04182742155379203
180,3.0,feeder2_1107,0.09106301930105422,0.0657805093189017,0.09106311165536629,0.0664004140042943
180,3.0,feeder2_920,0.09076949162339724,0.06296938419332834,0.09076967057135721,0.06362162033450865
180,3.0,feeder2_926,0.09131175627876974,0.06492143675327493,0.09131091982862054,0.06558153923592927
180,3.0,feeder2_1239,0.09073550433504218,0.06291449123771461,0.090736177277771,0.0635701346366583
180,3.0,feeder2_933,0.09155250376532345,0.06576240020878724,0.09155390984151299,0.06642324948961231
180,3.0,feeder2_1146,0.09130930284105392,0.0650597828930973,0.09131187506230397,0.06571880318983349
180,3.0,feeder2_1124,0.09161998929605336,0.06566181323246999,0.09162409046430098,0.06632741590955162
180,3.0,feeder2_942,0.09213678612602519,0.06801263809660313,0.09213757823723497,0.06867814490243435
180,3.0,feeder2_952,0.09281227737164384,0.07032775474694972,0.09281168474153584,0.07101348515486645
180,3.0,feeder2_965,0.09216109306157935,0.06814629555900108,0.09215993968910527,0.06881201125379442
180,3.0,feeder2_961,0.0928852071561617,0.07054619939503975,0.09288984879845183,0.07123528700026441
180,3.0,feeder2_963,0.09281228789638067,0.07033465401723149,0.09281224130593907,0.07101936168626463
180,3.0,feeder2_973,0.09336211914899477,0.07215129633239586,0.09336582842961197,0.07285042238253131
180,3.0,feeder2_1128,0.09273100972776699,0.06978120604119296,0.0927334564395807,0.07046636748674376
180,3.0,feeder2_1113,0.09283923505069319,0.07039489190971307,0.09284499177088067,0.07107908261304106
180,3.0,feeder2_1143,0.09281596424506278,0.0706416701173591,0.09281962227677143,0.07132697217050889
180,3.0,feeder2_1238,0.09486556376219077,0.0702791510604589,0.09486537480020334,0.07092818262049759
180,3.0,feeder2_979,0.09215261869829713,0.06813487565557624,0.092151889417841,0.0688033948796202
180,3.0,feeder2_1236,0.09404896637569705,0.07466311927839703,0.09405531490786209,0.0753787386676954
180,3.0,feeder2_989,0.09336234918284857,0.0721502932397249,0.09336648798448906,0.07284927906795674
180,3.0,feeder2_1196,0.0919730604470676,0.06807149492322803,0.09197766685776959,0.06873538689263499
180,3.0,feeder2_1158,0.09344503122183598,0.07203343726449092,0.09344898713953144,0.07273126301403965
180,3.0,feeder2_1122,0.0912649390551683,0.0674940584703276,0.09126296606843338,0.0680944652328554
180,3.0,feeder2_1258,0.09079088451340532,0.06582571808816161,0.09078868694549769,0.06645692760787562
180,3.0,feeder2_1303,0.09282174524494617,0.0687429423612424,0.09282047227919629,0.06933834721035846
180,3.0,feeder2_1138,0.0913241923981257,0.06841531143054641,0.09132160874559482,0.06900805840184626
180,3.0,feeder2_1304,0.09076631015760418,0.06823478737506918,0.09076499990202909,0.06882229161157973
180,3.0,feeder2_1212,0.0915401142907325,0.07054454194396682,0.09153860739967995,0.07111529767150687
180,3.0,feeder2_1311,0.09299853118267645,0.07179686013971048,0.09300218380929348,0.07236342469123731
180,3.0,feeder2_1290,0.09159251413033181,0.07216852592917421,0.09159278433106659,0.07272355725902818
180,3.0,feeder2_1325,0.09493769112583363,0.07833872924014644,0.09494181145892212,0.07907082836648928
180,3.0,feeder2_1248,0.09404964120634779,0.07466213026374256,0.09405597298633352,0.07537758242115751
180,3.0,feeder2_1249,0.09488324454610955,0.0703205808807593,0.09488655962227928,0.0709697603231975
180,3.0,feeder2_1250,0.09671841372600644,0.07170409866556694,0.09672107853473118,0.07234349486857743
180,3.0,feeder2_1366,0.09414195287373556,0.0745255071866138,0.0941429140238068,0.07523845106114838
180,3.0,feeder2_1266,0.09042426728022239,0.0660402425310344,0.09041772859442868,0.06667484201126286
180,3.0,feeder2_1372,0.091756673581765,0.07245750906289629,0.09175890373824505,0.07301376944909732
180,3.0,feeder2_1363,0.09164225470473372,0.07359514883391581,0.09163955717424335,0.07412712354470846
180,3.0,feeder2_1446,0.09644256425512276,0.07956962623492232,0.09644953945063264,0.08029467584458126
180,3.0,feeder2_1502,0.09558176223913732,0.08076331274518544,0.09558950912312224,0.081527945011513
180,3.0,feeder2_1428,0.091136371782096,0.0734870157080043,0.09113448600375969,0.07401382828988128
180,3.0,feeder2_1380,0.09186316821446026,0.07551250204133444,0.09186584478540837,0.07602762828931009
180,3.0,feeder2_1550,0.09189875614118964,0.07557448906605772,0.09190065139494852,0.07608928766580435
180,3.0,feeder2_1386,0.09197058603923446,0.0764406741165462,0.09197227939518357,0.07694321459272085
180,3.0,feeder2_1551,0.09180984206985161,0.0764398620650871,0.09181023727594771,0.0769442861941753
180,3.0,feeder2_1400,0.09202836069717649,0.07688326657703344,0.09202796754432419,0.07738130979304787
180,3.0,feeder2_1552,0.09181491095144467,0.07688652315518982,0.0918203899664449,0.07738560397927052
180,3.0,feeder2_1408,0.09216772081896928,0.07779484184059984,0.09217098948013674,0.07828885505591429
180,3.0,feeder2_1553,0.09181587268728023,0.07774982751617633,0.09181439622700292,0.07824201452889483
180,3.0,feeder2_1416,0.09225572097871308,0.07827521557663236,0.09226086870223314,0.07876773832580042
180,3.0,feeder2_1530,0.0943207696992608,0.08019337925249723,0.09432254810882734,0.0806768721240158
180,3.0,feeder2_1425,0.0922286769105501,0.07814012371117472,0.09223095915521456,0.0786286204423026
180,3.0,feeder2_1589,0.0919873530180389,0.07810329068168992,0.09198750501735184,0.0785885474434627
180,3.0,feeder2_1435,0.09222782870947967,0.0781143695451299,0.09222883213985913,0.0786048461147534
180,3.0,feeder2_1621,0.09235771656856873,0.07786831761838105,0.09235472902356079,0.07835883541254343
180,3.0,feeder2_1564,0.09215788058379054,0.0781050462346204,0.09215472624283917,0.07859164610943078
180,3.0,feeder2_1704,0.09514220519633197,0.08086233133827898,0.09514309012311184,0.08163936532159397
180,3.0,feeder2_1525,0.09572931323507451,0.08140073901665162,0.09573411622119135,0.08216740814550978
180,3.0,feeder2_1716,0.09582800600891868,0.08124694333680571,0.09583438250437346,0.08201795577159111
180,3.0,feeder2_1537,0.09588856757636824,0.08214256243110292,0.09589484314617654,0.08291834485636018
180,3.0,feeder2_1645,0.09578797228740644,0.08213999512362667,0.0957933820504899,0.08291227226251012
180,3.0,feeder2_1561,0.0960784598503549,0.08298270645129788,0.09608580567836697,0.08376292066625761
180,3.0,feeder2_1657,0.09615743155921232,0.08312629499553108,0.09616552173748587,0.08390388643066297
180,3.0,feeder2_1570,0.0961599782516821,0.08331223623860168,0.09616961263763736,0.08409604136217869
180,3.0,feeder2_1756,0.09894563497948876,0.08565819869679739,0.09895300123282119,0.08642292780293641
180,3.0,feeder2_1588,0.09620418413583397,0.08346181539015081,0.09621357793027968,0.08424680990260468
180,3.0,feeder2_1628,0.09631058000170403,0.08365120320568965,0.09631580525042502,0.08443792957846379
180,3.0,feeder2_1598,0.09625912688046567,0.08359780902652302,0.09626351839282135,0.08438762624760716
180,3.0,feeder2_1816,0.09646024499087402,0.08329782341843471,0.09646874066838038,0.08408597663194022
180,3.0,feeder2_1765,0.09647887549623742,0.08323173543985005,0.09648832639438866,0.08402448064292757
180,3.0,feeder2_1641,0.09646475690917815,0.08455406387735004,0.09647594466519108,0.08535879795311081
180,3.0,feeder2_1689,0.09643352289564955,0.08430670080707159,0.096444282715396,0.08513005883745468
180,3.0,feeder2_1744,0.09719479049517644,0.08518504893509327,0.09720475851169276,0.08598908887505641
180,3.0,feeder2_1817,0.0964173620548946,0.08429588262857791,0.09642397845912347,0.08512168325897626
180,3.0,feeder2_1779,0.09645057497873372,0.08427757794968295,0.09646085899110629,0.08510305388646915
180,3.0,feeder2_1800,0.09637925816369255,0.08429303512428861,0.09638961993918928,0.08511824729787247
180,3.0,feeder2_1818,0.09583046094497295,0.08345878367037154,0.09586903351054801,0.08432346572093377
180,3.0,feeder2_1753,0.09943455812167004,0.08705033343442108,0.09944355777239411,0.08783819905380018
180,3.0,feeder2_1754,0.09721279904437201,0.08521929165205887,0.09721969278245712,0.08602269054037871
210,3.5,secondary,0.0111148723790024,0.011103502629459874,0.011089242814462937,0.011116115334176786
210,3.5,feeder2_44,0.020672207436550596,0.0578763818453532,0.020626796356850333,0.05792472278948632
210,3.5,feeder2_45,0.021059326173925013,0.0597912162382956,0.021014187828519392,0.059841947285398836
210,3.5,feeder2_46,0.0178783819344414,0.05635451884911081,0.017837852274001826,0.05639254677918387
210,3.5,feeder2_51,0.0216174175756678,0.06345952241127664,0.02156835222172089,0.06351194986919421
210,3.5,feeder2_48,0.023964761097125708,0.0579899448303891,0.023920316225082852,0.058047422179423484
210,3.5,feeder2_52,0.0228082846676232,0.0692326348922701,0.02275842100307644,0.06928203826198366
210,3.5,feeder2_68,0.023394018374993733,0.07164744093050214,0.023342158636748395,0.07170630900090304
210,3.5,feeder2_69,0.023375155470070297,0.07172709351429653,0.023323490104917313,0.07178834558190016
210,3.5,feeder2_71,0.023629955048104008,0.07272766866451734,0.02357763753986811,0.07278968959966366
210,3.5,feeder2_72,0.02384289347941344,0.07247693190098903,0.023792146604289723,0.0725394091180899
210,3.5,feeder2_73,0.02436670719488798,0.07613917602903496,0.024313752778251586,0.0762041863469475
210,3.5,feeder2_74,0.024259966719837732,0.0762212020715685,0.024205844694447996,0.07628777477178635
210,3.5,feeder2_77,0.025005461568946376,0.07905526939967801,0.02494974028219583,0.07912372645968681
210,3.5,feeder2_79,0.02318706090587967,0.07802041381468484,0.023132565056801755,0.07808023247343841
210,3.5,feeder2_81,0.026096163570605894,0.08397198535991524,0.026042251609854267,0.08404782794595948
210,3.5,feeder2_82,0.02662194200255322,0.08337099771038531,0.02656646078091307,0.08344826724809357
210,3.5,feeder2_116,0.030918951661777355,0.1066516948856328,0.030849710034065843,0.1067560680822213
210,3.5,feeder2_119,0.030453862694228426,0.10902908531025157,0.03038671059831343,0.10913725948487114
210,3.5,feeder2_120,0.032910731216900344,0.1137758501321505,0.0328401862930497,0.11388950325722132
210,3.5,feeder2_248,0.03258433905439519,0.11604070038701933,0.03251400923041608,0.1161550823555367
210,3.5,feeder2_124,0.03426553251689989,0.11725820429174981,0.03419146512375855,0.11737616535207313
210,3.5,feeder2_282,0.03439403184993317,0.11710437267632788,0.034322790849955355,0.11722543454168377
210,3.5,feeder2_275,0.03409327332589386,0.11734798783952897,0.03402166807956625,0.11746885592860473
210,3.5,feeder2_151,0.0366510372267423,0.12336544385219371,0.03657472391953058,0.12349229011892103
210,3.5,feeder2_295,0.036652092683945085,0.12341101548767992,0.0365744488052966,0.12353869316896768
210,3.5,feeder2_311,0.036642809262822984,0.12348693457600732,0.03656757078402135,0.12361598079024315
210,3.5,feeder2_201,0.040590198385581706,0.13327123051471676,0.04050637713681696,0.13341460450081807
210,3.5,feeder2_314,0.04187905521796408,0.132521245014491,0.04179886646726802,0.1326727623588104
210,3.5,feeder2_342,0.0455947114825085,0.14914049689196537,0.045500957306964594,0.1493007860754079
210,3.5,feeder2_368,0.046555176743846516,0.15327291659881764,0.04646648239660948,0.15342310057518455
210,3.5,feeder2_347,0.04637144749925061,0.14943917485722819,0.04627322712900372,0.1496314193434052
210,3.5,feeder2_353,0.04675039131909873,0.14983809184763822,0.04664819872106715,0.15004740205023373
210,3.5,feeder2_518,0.046608044401951175,0.14915599785082387,0.04651041726419335,0.1493510202436621
210,3.5,feeder2_365,0.047212951787225885,0.1502531761923581,0.04711195410237032,0.15048309202526877
210,3.5,feeder2_653,0.04647426398152946,0.15005553044433978,0.046374704142026414,0.15026833655673436
210,3.5,feeder2_377,0.04754844609791264,0.15096977276181986,0.047443394739443236,0.15121223353708407
210,3.5,feeder2_622,0.0445618856071421,0.14828497296445822,0.04446339379983575,0.1485058152245244
210,3.5,feeder2_451,0.04818688732200372,0.15221848825213638,0.04809798167064551,0.1523735471195603
210,3.5,feeder2_383,0.04779874827203756,0.16118042394556203,0.04770891953491383,0.1613097196577461
210,3.5,feeder2_385,0.04793565887921954,0.15183140414668853,0.04782934965153139,0.1520874998227101
210,3.5,feeder2_621,0.04755018661509455,0.15100998856295136,0.047442815461434924,0.15124686612327903
210,3.5,feeder2_611,0.047407073589423955,0.16268666653661887,0.047317968076741934,0.16281622375409188
210,3.5,feeder2_405,0.047892378214711234,0.16160865483257056,0.04779901622875027,0.1617348344447101
210,3.5,feeder2_461,0.04991027677579567,0.1532996412999728,0.04979509113154626,0.15361693247925912
210,3.5,feeder2_594,0.047659197812422935,0.15331842121492403,0.04755265703371972,0.15357279050595585
210,3.5,feeder2_732,0.047243478228475404,0.16447180799528824,0.04715062235733768,0.16459883071567094
210,3.5,feeder2_417,0.04871245102595643,0.16426799278608423,0.04862310372099296,0.1643839196939816
210,3.5,feeder2_663,0.04875989454663131,0.16437351397188962,0.04867377465482803,0.16448982835867845
210,3.5,feeder2_444,0.04934915642747894,0.16630738623931568,0.04925884616803735,0.16641494376287252
210,3.5,feeder2_759,0.05325544845388279,0.16382148410748573,0.053170203787786044,0.16394196196293295
210,3.5,feeder2_842,0.056350816222128515,0.1788103814619167,0.05628382036104049,0.17886870581363834
210,3.5,feeder2_459,0.04934149110202797,0.16644502430035057,0.04925259308402615,0.16655263386601607
210,3.5,feeder2_702,0.049384621407589854,0.16638569093819416,0.04929632833754739,0.16649518211816336
210,3.5,feeder2_493,0.04930915987016707,0.16699062592874372,0.04922265661486765,0.16709972273318827
210,3.5,feeder2_651,0.049893382638996356,0.15334600060795245,0.049780659161869224,0.15366474167162733
210,3.5,feeder2_684,0.051531647291696486,0.15506687189244336,0.05141308981764927,0.15543498956020518
210,3.5,feeder2_674,0.049214625738692834,0.1672367727845345,0.049126770949272196,0.1673464814438309
210,3.5,feeder2_696,0.04942047584317516,0.16751844822167639,0.04933226161954906,0.16762625140545495
210,3.5,feeder2_681,0.049009470419744704,0.16788714757509127,0.048920060953641556,0.1679958756198158
210,3.5,feeder2_682,0.04914143882417852,0.16727182923909611,0.04905355882190725,0.16738140895234027
210,3.5,feeder2_728,0.051553836688034704,0.15489275226281968,0.0514326755639988,0.15526176051568127
210,3.5,feeder2_724,0.053202652498838966,0.15785216364126672,0.05307809241818235,0.15827298758728275
210,3.5,feeder2_703,0.049518456807383426,0.1678836672478652,0.04943315119914109,0.167987605056851
210,3.5,feeder2_704,0.049439379133486255,0.1675959389441275,0.049352788714765006,0.16769976948955226
210,3.5,feeder2_754,0.05458258938393889,0.15735785382252485,0.054457387110696066,0.15778742692009032
210,3.5,feeder2_747,0.053715246313090347,0.15946990956583748,0.05358801139683939,0.15991409532621514
210,3.5,feeder2_828,0.05151005184217538,0.15493329772605965,0.051387606858023384,0.15530112228152512
210,3.5,feeder2_763,0.05160827775525878,0.15458020580291126,0.05149042771881201,0.15495255583552436
210,3.5,feeder2_836,0.05237373840648735,0.15829244719631047,0.052245463676368786,0.15873261722197995
210,3.5,feeder2_758,0.05423094822870684,0.1613925870547484,0.054099197238447694,0.16185074128246565
210,3.5,feeder2_788,0.05567568389811124,0.16088404582847307,0.0555454138071463,0.1613458231389224
210,3.5,feeder2_812,0.055411497628617655,0.1684020803996196,0.055272993482993193,0.16891165404708589
210,3.5,feeder2_947,0.05216444945444583,0.15398209375431585,0.05204558138517881,0.15435407743078536
210,3.5,feeder2_868,0.05179558144957505,0.15437832742137614,0.05167516551560001,0.15474866916572416
210,3.5,feeder2_785,0.05158400376084392,0.15467005444721474,0.051463072929516365,0.1550382355737968
210,3.5,feeder2_1176,0.051542852393447997,0.1547606139998698,0.05142296448962531,0.15512865798288536
210,3.5,feeder2_846,0.05137393486070398,0.15487859275028218,0.051252999752871876,0.15524994067205425
210,3.5,feeder2_911,0.05160354077056464,0.15456865409921267,0.05148205800241221,0.15493559213367047
210,3.5,feeder2_1107,0.0551449493200659,0.1779607019591673,0.055006114625223236,0.17847531943129719
210,3.5,feeder2_920,0.05582993581064318,0.16778175380288565,0.05569140228711819,0.16830508877286632
210,3.5,feeder2_926,0.05648524117162853,0.1667534768247885,0.05634424623203165,0.16729504607044665
210,3.5,feeder2_1239,0.055792513464798604,0.1679290806083402,0.05565247044521918,0.168454919199855
210,3.5,feeder2_933,0.05669922964587189,0.1663904877902723,0.05655851147469768,0.16693996957559282
210,3.5,feeder2_1146,0.05684421348475163,0.1663565389814844,0.05670443814896587,0.16690184022124374
210,3.5,feeder2_1124,0.055840100874728606,0.16559301134790363,0.05569565210998334,0.16613761167362673
210,3.5,feeder2_942,0.05733721905829944,0.16616682724291237,0.057191368083028396,0.16673430573147935
210,3.5,feeder2_952,0.058223161523122076,0.16468522646470168,0.05807067384461051,0.16528115269500765
210,3.5,feeder2_965,0.05734442949794436,0.16632088594704617,0.05720184583417173,0.16689160269825898
210,3.5,feeder2_961,0.0582853774866311,0.1645768798711774,0.05813454117428436,0.16517602443166007
210,3.5,feeder2_963,0.0582303447099724,0.16467454043873794,0.05807981160359378,0.1652700290948918
210,3.5,feeder2_973,0.058623753330072755,0.16397313470506242,0.05847021479798275,0.16458693804072996
210,3.5,feeder2_1128,0.05827250444438878,0.16462638630214146,0.05812131297035319,0.1652257631439214
210,3.5,feeder2_1113,0.05883384150203794,0.16459082484186385,0.05868537838705462,0.1651900736986581
210,3.5,feeder2_1143,0.05827124216322136,0.1643847461424427,0.0581188244625368,0.16497868636693258
210,3.5,feeder2_1238,0.05918929069172341,0.16601074840681915,0.05904296208464471,0.1665847966052553
210,3.5,feeder2_979,0.05731576170308524,0.16656568446136588,0.05716973338484654,0.16713440496856372
210,3.5,feeder2_1236,0.05911519848732017,0.16304539169037335,0.05895715400908904,0.16367734400586337
210,3.5,feeder2_989,0.058623881825356376,0.1639734027060976,0.05847128429013519,0.16458803746320427
210,3.5,feeder2_1196,0.05727660475748074,0.16755822516708646,0.057131363237676765,0.16812490837866534
210,3.5,feeder2_1158,0.058623999110284174,0.16399360156534276,0.058469450786661624,0.1646048224930777
210,3.5,feeder2_1122,0.055039014674651686,0.1816534092090855,0.054902886020453345,0.18217244383917097
210,3.5,feeder2_1258,0.05509297953230504,0.17797417773722984,0.05495547983410122,0.1784897923891729
210,3.5,feeder2_1303,0.055146137939316636,0.18153783013899646,0.055007422430173605,0.1820577216502732
210,3.5,feeder2_1138,0.054957721077514766,0.18461023766496984,0.05481899937571492,0.1851277721555233
210,3.5,feeder2_1304,0.05477807146155188,0.18627631555951846,0.05464054020139278,0.186795274669914
210,3.5,feeder2_1212,0.05497733326969625,0.1895051241365941,0.054841352462998996,0.19003430160815593
210,3.5,feeder2_1311,0.057424210929465244,0.18920822747173885,0.05728508341113132,0.18974521330001462
210,3.5,feeder2_1290,0.05448315383537555,0.1960691494638095,0.05434657234313895,0.1965924626409803
210,3.5,feeder2_1325,0.05976088782901243,0.16173593435299935,0.059599688612075846,0.16240190011490913
210,3.5,feeder2_1248,0.05911514928471772,0.1630455057563049,0.05895715400908904,0.16367734400586337
210,3.5,feeder2_1249,0.05970917740865516,0.16594761585166756,0.05956123723517638,0.16652236482214972
210,3.5,feeder2_1250,0.059241451595933185,0.1659583119800552,0.05909725024587879,0.16653295326280182
210,3.5,feeder2_1366,0.059105530461996354,0.1630585084514644,0.05894986679361189,0.16369124278982894
210,3.5,feeder2_1266,0.05508923789255711,0.17798453132948813,0.05495236283163604,0.17850044575320484
210,3.5,feeder2_1372,0.054761869561029665,0.19581015212970557,0.05462594513968779,0.19633469893496663
210,3.5,feeder2_1363,0.053925531651207455,0.20349705088933326,0.05378808046258035,0.2040176137352677
210,3.5,feeder2_1446,0.06089333776653623,0.1615778474490821,0.06073063619677775,0.16224689810378695
210,3.5,feeder2_1502,0.06011743048811701,0.1606465070356411,0.059951603418229665,0.16133901215646956
210,3.5,feeder2_1428,0.053896394362292224,0.20515260611749853,0.053760238569986275,0.2056745162028516
210,3.5,feeder2_1380,0.05358548717291485,0.20982674842649368,0.05344967298416527,0.2103484788714022
210,3.5,feeder2_1550,0.05438762883725545,0.20970658213618731,0.05425256224921137,0.21023339469537417
210,3.5,feeder2_1386,0.05331444452789924,0.21303054646796674,0.05317985833903262,0.21354815136394614
210,3.5,feeder2_1551,0.053696293008018224,0.214875298314415,0.053560272726417245,0.2153920629700553
210,3.5,feeder2_1400,0.05322014812330409,0.21411357295028052,0.05308294397764005,0.21463482695591682
210,3.5,feeder2_1552,0.05305555803336336,0.21428735882992206,0.05291905521643942,0.2148072377109467
210,3.5,feeder2_1408,0.05305131651237621,0.21627419061972633,0.052915277551219685,0.2167915050916077
210,3.5,feeder2_1553,0.053531423714382645,0.21884111623729766,0.0533952328011567,0.2193545416593765
210,3.5,feeder2_1416,0.05301019719870249,0.2168086702853791,0.052873594097563544,0.21732381953661511
210,3.5,feeder2_1530,0.053246740133091254,0.21658674569963154,0.0531096950357534,0.2171044858195783
210,3.5,feeder2_1425,0.052911746013849736,0.21795000073073184,0.0527763151012763,0.21846661120620905
210,3.5,feeder2_1589,0.05275879932228518,0.2181714377294319,0.052623615381129696,0.21868630568096345
210,3.5,feeder2_1435,0.05289674826820668,0.21815984895284316,0.05276100199614543,0.21867594106360647
210,3.5,feeder2_1621,0.05280153441232464,0.21816792319889555,0.05266705183609627,0.21868631661791177
210,3.5,feeder2_1564,0.052707743749576805,0.22060131165936359,0.052570581083823335,0.22111448938091255
210,3.5,feeder2_1704,0.05907841548615804,0.15964809919816328,0.05891190771819815,0.16033889849871086
210,3.5,feeder2_1525,0.0602511824560934,0.16070548395405176,0.060082049701381514,0.16140234266266743
210,3.5,feeder2_1716,0.05773056974616266,0.15822795705829548,0.05756085479690627,0.15892500983261065
210,3.5,feeder2_1537,0.06045098537877841,0.16113012233172416,0.06028251741481129,0.1618426488000602
210,3.5,feeder2_1645,0.06056885060542726,0.16298958548988451,0.06039959166288948,0.1636952837410566
210,3.5,feeder2_1561,0.06079043283750121,0.1605395312392472,0.060619632151040145,0.161265106226818
210,3.5,feeder2_1657,0.06161969720577146,0.1604133787905682,0.06144575837741266,0.16114012782147827
210,3.5,feeder2_1570,0.06088717779160042,0.1603398690578058,0.0607163506203384,0.16107231577359757
210,3.5,feeder2_1756,0.06587698721751097,0.1601538160901675,0.06570196314140357,0.16090529686995309
210,3.5,feeder2_1588,0.060896172866111285,0.16020853618593536,0.0607210193915164,0.16094348216615748
210,3.5,feeder2_1628,0.06106928300126357,0.1600460930606813,0.06089745992179451,0.16078380497817568
210,3.5,feeder2_1598,0.06090032285859879,0.16009236563756923,0.06072373661195917,0.16083353995069385
210,3.5,feeder2_1816,0.06089648478808917,0.16012513275446016,0.06072089279881332,0.16085845684848188
210,3.5,feeder2_1765,0.06082978672859037,0.1600686045344962,0.06065483526240999,0.16080726037144052
210,3.5,feeder2_1641,0.06088961310521535,0.15949335149334318,0.06071118850154132,0.1602550601268631
210,3.5,feeder2_1689,0.0608615431613548,0.15914563856010314,0.06067669926244343,0.15992135149046113
210,3.5,feeder2_1744,0.060981203494927895,0.15939755043802434,0.06080236595982309,0.16015756322028174
210,3.5,feeder2_1817,0.06084309745887666,0.15921780803245175,0.060659325884683805,0.15999776893329082
210,3.5,feeder2_1779,0.060265688423262964,0.1585567777978567,0.06007969587597465,0.1593318464591837
210,3.5,feeder2_1800,0.06081795855591266,0.15919565812279984,0.06063286882316107,0.15997011045634163
210,3.5,feeder2_1818,0.061363181972204306,0.15862028086160596,0.061144707262952736,0.1594364036635332
210,3.5,feeder2_1753,0.061129432005607436,0.15923618451316596,0.06094900061625045,0.15999471012160763
210,3.5,feeder2_1754,0.06101230868100628,0.15936642584422242,0.06083268591557048,0.16012647849765024
240,4.0,secondary,0.010385367186705782,0.010928505853455409,0.010388693490146836,0.010927863131298161
240,4.0,feeder2_44,0.019407753650917303,0.057236517772557054,0.019410889281024832,0.057253461997049594
240,4.0,feeder2_45,0.019745039124063873,0.059013408196247175,0.019751615541292938,0.05903214949913162
240,4.0,feeder2_46,0.019155123068569296,0.05744064706624977,0.019161564646975986,0.057458324499867604
240,4.0,feeder2_51,0.02031670786568781,0.06220147559823982,0.020324004785227327,0.06222315242604017
240,4.0,feeder2_48,0.020338479721280403,0.05838475114676551,0.020344654543856207,0.058403682457426206
240,4.0,feeder2_52,0.02240484201393636,0.06853536305605087,0.022416698063285653,0.06855767195382269
240,4.0,feeder2_68,0.022111765922782613,0.06881150105304229,0.022120583285485024,0.06883543281429776
240,4.0,feeder2_69,0.022073127124439724,0.06887549902539494,0.02207895256216357,0.06889889721736608
240,4.0,feeder2_71,0.022352073805922967,0.06968387270311371,0.02235622294260031,0.06970501325753073
240,4.0,feeder2_72,0.022578508585134462,0.06943132175324408,0.02258498984226286,0.06945334838901235
240,4.0,feeder2_73,0.023104187400800356,0.07244629824603949,0.023113547717581267,0.07247162669153667
240,4.0,feeder2_74,0.023465684257602662,0.07466459498819061,0.02347623937630271,0.07468904418304656
240,4.0,feeder2_77,0.023784829091150435,0.07446885940291514,0.023791972136289228,0.07449195054404231
240,4.0,feeder2_79,0.023694114135901077,0.07458558810071891,0.0237015090844985,0.07460826893240621
240,4.0,feeder2_81,0.024862082153196324,0.0776077731011178,0.024868232728853284,0.07763018827288647
240,4.0,feeder2_82,0.02540621874120466,0.07701455231393686,0.025414490686378348,0.07703964237209912
240,4.0,feeder2_116,0.029742086046253773,0.09236634900820125,0.029748325665362823,0.09239787932522105
240,4.0,feeder2_119,0.029138080058443944,0.09295761534057619,0.029145317735860595,0.09298873214685002
240,4.0,feeder2_120,0.03169192372732657,0.09756597886862502,0.03169985996375751,0.09759933472359625
240,4.0,feeder2_248,0.03128853580453864,0.0979069654849733,0.031295002567154576,0.09793950139034659
240,4.0,feeder2_124,0.03294447224421204,0.10064882806332695,0.032950015939270716,0.10068395694633303
240,4.0,feeder2_282,0.03307758563084723,0.10049167867193466,0.03308534679345682,0.10052616169099193
240,4.0,feeder2_275,0.03276942783826542,0.1007501005958866,0.03277701881953043,0.10078472713883072
240,4.0,feeder2_151,0.035157472508931406,0.10607173294644576,0.03516634172809614,0.10611127525386058
240,4.0,feeder2_295,0.035157288931567,0.10611411174413482,0.03516567527632227,0.10615248975882426
240,4.0,feeder2_311,0.035145109785321954,0.10618164533798474,0.03515195723867334,0.10621984052015068
240,4.0,feeder2_201,0.038823453292380364,0.11489318226164402,0.03883277002355501,0.11493786628049774
240,4.0,feeder2_314,0.04084641411132031,0.11382404742767678,0.04085408577997749,0.11386461314136687
240,4.0,feeder2_342,0.043099689368383313,0.1302179494538894,0.04311014202195628,0.1302739250096573
240,4.0,feeder2_368,0.04383942490513054,0.13382081861838319,0.04384810028855885,0.13388472349631225
240,4.0,feeder2_347,0.043783787608536594,0.13144465053117424,0.04379309949760454,0.1314928218236456
240,4.0,feeder2_353,0.044124046501101175,0.13235889320565344,0.044134027319656134,0.13240367788462568
240,4.0,feeder2_518,0.044026433504427566,0.13115749973035848,0.04403884543224416,0.13120681394241152
240,4.0,feeder2_365,0.044550268912798584,0.13337568850006484,0.04455931022153957,0.13341534556414358
240,4.0,feeder2_653,0.043846428862863225,0.13258849927155267,0.04385779847073489,0.13263231024589245
240,4.0,feeder2_377,0.044828460136483186,0.134214178078373,0.044839694299572345,0.13425291874349018
240,4.0,feeder2_622,0.04319261645866522,0.1323500329161486,0.04320516759929422,0.13239435491019905
240,4.0,feeder2_451,0.044055650246834006,0.1335496336303835,0.04406251079522229,0.13361314539323738
240,4.0,feeder2_383,0.045125254924171465,0.14028944564767723,0.04513013533191179,0.14036318790906546
240,4.0,feeder2_385,0.0451508837555825,0.13521926807106077,0.04516430562093913,0.13525102005475634
240,4.0,feeder2_621,0.044827837236930776,0.1342520339261007,0.04483988084397769,0.1342878847899029
240,4.0,feeder2_611,0.04491877113861357,0.14040652007577017,0.044924111150451064,0.1404784044515062
240,4.0,feeder2_405,0.04521396490060491,0.14070461048669103,0.04521992675267181,0.14077983154445448
240,4.0,feeder2_461,0.04664832341575929,0.1394742027318179,0.04666457661090185,0.13949027735098227
240,4.0,feeder2_594,0.0448820117865394,0.13546011771597066,0.0448952164755164,0.1354905211462336
240,4.0,feeder2_732,0.044483759122584225,0.14359459764187815,0.044491486370776163,0.1436667934176705
240,4.0,feeder2_417,0.04600583094082792,0.14327773546528427,0.04600678659616562,0.14335481428070057
240,4.0,feeder2_663,0.04605784860942027,0.14338902545421497,0.04605933509311656,0.14346854592690453
240,4.0,feeder2_444,0.04662459908979995,0.1452684821322755,0.04662959996796633,0.1453515205538042
240,4.0,feeder2_759,0.051016907079063374,0.14237679644384482,0.05101991021466063,0.14245695527484464
240,4.0,feeder2_842,0.0542358855173016,0.15833616365980094,0.05422216497311988,0.15843554043057656
240,4.0,feeder2_459,0.04659615786035916,0.14539467882126006,0.046596312671670574,0.14547751616487833
240,4.0,feeder2_702,0.04663985621857334,0.14533336749919223,0.04664097165137494,0.14541693771685116
240,4.0,feeder2_493,0.0464851416961875,0.14589884976911358,0.046487670912433776,0.14598044608991598
240,4.0,feeder2_651,0.04662294923783377,0.13951207946516406,0.04664047712880092,0.13953022655490777
240,4.0,feeder2_684,0.04792016494787544,0.14349402938116085,0.047940913859977896,0.14349852564491394
240,4.0,feeder2_674,0.04636531677650915,0.14621590858799316,0.04636878288836733,0.14629957998884946
240,4.0,feeder2_696,0.0464291512542971,0.14601942646040683,0.04643473123732332,0.14610680716215524
240,4.0,feeder2_681,0.04627490157878843,0.14624778916714512,0.04627857446121138,0.14633175263974157
240,4.0,feeder2_682,0.04602513329582053,0.1474790876208916,0.04602547445767918,0.14755935552593938
240,4.0,feeder2_728,0.04794558859902636,0.14332244427898894,0.047964505420875235,0.14332819170484076
240,4.0,feeder2_724,0.04926009619446183,0.14853288522383548,0.04928269134724098,0.1485217633672525
240,4.0,feeder2_703,0.04655060932972167,0.1464132860545394,0.04655391508520788,0.14650174704726576
240,4.0,feeder2_704,0.04609540014345496,0.14590276417794312,0.04609884058653658,0.14598936983648714
240,4.0,feeder2_754,0.04952578880582785,0.14826715902095702,0.0495469183608715,0.14825417535274243
240,4.0,feeder2_747,0.04980163487414282,0.1508743709334393,0.04982354747264208,0.1508560816322784
240,4.0,feeder2_828,0.04790131703065264,0.14336631209952364,0.04792119897249142,0.14337118459034465
240,4.0,feeder2_763,0.048005481028880546,0.14300873710996448,0.048025911414827725,0.1430119920988226
240,4.0,feeder2_836,0.048394086882600613,0.14964190799880142,0.04841379330709487,0.14962456202400598
240,4.0,feeder2_758,0.050354266606469675,0.1534612144281111,0.05037859117514402,0.15343605510919994
240,4.0,feeder2_788,0.05070169586352314,0.15312982213253298,0.050723797541409404,0.15310657983735715
240,4.0,feeder2_812,0.05203998953977616,0.16229733754911185,0.05206749293684276,0.16225475150805047
240,4.0,feeder2_947,0.04858544472266002,0.14240813139410785,0.04860294358021073,0.142409071195416
240,4.0,feeder2_868,0.0482010661992929,0.14280572912438289,0.04822095801228874,0.1428079434194623
240,4.0,feeder2_785,0.04798057787500156,0.14310039631854804,0.047998249132154044,0.1431005717431203
240,4.0,feeder2_1176,0.04791462300453367,0.14317178560439117,0.047934590536019624,0.14317873881615556
240,4.0,feeder2_846,0.04777367346077163,0.14332099423942363,0.04779282746999892,0.1433258796271455
240,4.0,feeder2_911,0.04800196179260153,0.1429955185686942,0.04802116876568381,0.14299460161933006
240,4.0,feeder2_1107,0.05238019134572401,0.16810977897978566,0.05240822926017779,0.16806225854054085
240,4.0,feeder2_920,0.052432430536975806,0.16327560268501076,0.05245902266999763,0.16323118842529613
240,4.0,feeder2_926,0.05305176370807096,0.16462377409184142,0.05308162335217268,0.16457077031753548
240,4.0,feeder2_1239,0.05239480923697393,0.16343302452335853,0.05242349672647241,0.16338752731696182
240,4.0,feeder2_933,0.05332290603562763,0.1652603670021482,0.05335281992612276,0.1652080653383122
240,4.0,feeder2_1146,0.053070757181883,0.1644768584658072,0.05309933011112525,0.16442450445062617
240,4.0,feeder2_1124,0.05328499652025188,0.16525207229722502,0.053313449167254945,0.16519749467660763
240,4.0,feeder2_942,0.05400325910875804,0.16689107089310964,0.05403156437694513,0.16682771084954381
240,4.0,feeder2_952,0.054470852851130125,0.16736790783003253,0.05450225665284927,0.16730873317923567
240,4.0,feeder2_965,0.05407337102679386,0.16714552847436748,0.05410268438020435,0.16708187809493072
240,4.0,feeder2_961,0.05451660855395522,0.1674515194747433,0.05454840485457749,0.16738788478158087
240,4.0,feeder2_963,0.05447189410155369,0.16736106368064632,0.05450309718317242,0.16729759922191936
240,4.0,feeder2_973,0.05480658571378884,0.16736093081572265,0.05483933543081166,0.16729282979353302
240,4.0,feeder2_1128,0.05443645208043649,0.16837983466215545,0.05446912126676583,0.16831777882622403
240,4.0,feeder2_1113,0.05453072650815589,0.1673011909198093,0.054562771210852776,0.16724347860927258
240,4.0,feeder2_1143,0.054519653924154914,0.16707094436377015,0.054552800935961016,0.16701343013356923
240,4.0,feeder2_1238,0.05992637035240815,0.1671175316432948,0.059952642305823596,0.1670453296521006
240,4.0,feeder2_979,0.05403561103550472,0.16755325393274473,0.05406686349553752,0.1674948793777379
240,4.0,feeder2_1236,0.05522813282497119,0.16720613877332494,0.05526372780030138,0.16713787539915756
240,4.0,feeder2_989,0.054806694435746546,0.1673611407268277,0.05483727043227852,0.16729440029936798
240,4.0,feeder2_1196,0.05423440989987185,0.16918859795099092,0.05426597628180295,0.16912873630575861
240,4.0,feeder2_1158,0.054789885197103975,0.16737328887270506,0.054824674667649134,0.1673066003971537
240,4.0,feeder2_1122,0.05256515808955144,0.17076894747693036,0.0525954559872102,0.17071268520220567
240,4.0,feeder2_1258,0.051796781202783214,0.16761120523013345,0.051824928528125265,0.1675584964302384
240,4.0,feeder2_1303,0.052679896766681555,0.17065263884534151,0.05270722480299087,0.17059813031593107
240,4.0,feeder2_1138,0.05270865514482489,0.17292650800636705,0.05273744483654391,0.17286776533642673
240,4.0,feeder2_1304,0.052324801744562374,0.1734727866740982,0.052352937561543175,0.17341426461600556
240,4.0,feeder2_1212,0.05311851556862947,0.17711286972610618,0.05314782016418708,0.1770525958726361
240,4.0,feeder2_1311,0.054477789794569575,0.1770091963732908,0.05450400358918906,0.1769424792423457
240,4.0,feeder2_1290,0.05333853134571907,0.18256348246473014,0.05337006144641522,0.1824984058927137
240,4.0,feeder2_1325,0.05578367243535654,0.16696977700225815,0.05581905901534177,0.16689295206618848
240,4.0,feeder2_1248,0.05522793005921536,0.16720617982279995,0.05526372780030138,0.16713787539915756
240,4.0,feeder2_1249,0.06114482309051593,0.1671570308705827,0.06117131530285472,0.16708280216884933
240,4.0,feeder2_1250,0.061233351790132846,0.16715159017293715,0.06126140568213364,0.16707858805216216
240,4.0,feeder2_1366,0.05519659592785103,0.16720865112318806,0.05522868004200806,0.16713747759870343
240,4.0,feeder2_1266,0.05178899172220934,0.16761684284594194,0.051816359336365234,0.1675638047364635
240,4.0,feeder2_1372,0.05445326772521083,0.18237157991006137,0.054483855955615376,0.18229946133599956
240,4.0,feeder2_1363,0.053186785995093154,0.18888498151269834,0.05321780043256797,0.18881605095235926
240,4.0,feeder2_1446,0.05687423990493109,0.16685974127638267,0.05690698985472663,0.16678174594743492
240,4.0,feeder2_1502,0.05603232043624428,0.1670283457767409,0.05606787867570324,0.16695209674964206
240,4.0,feeder2_1428,0.05285630594336552,0.18938769639059463,0.052885143768859576,0.18931999745325814
240,4.0,feeder2_1380,0.05320331428026309,0.195788184442059,0.05323423835111878,0.19572046538804772
240,4.0,feeder2_1550,0.05400208851182479,0.19578607616160185,0.05403151340146683,0.1957159532621602
240,4.0,feeder2_1386,0.05310617791119803,0.19921286391392884,0.05313935524971687,0.1991484375531743
240,4.0,feeder2_1551,0.05391226085390558,0.2019755494922719,0.05394717711334049,0.20190822837788278
240,4.0,feeder2_1400,0.05310566713242591,0.20017251957205454,0.05314045812695718,0.2001051917895625
240,4.0,feeder2_1552,0.052940087897745305,0.2003717535104883,0.05297353283369876,0.2003008950739388
240,4.0,feeder2_1408,0.053130991412981665,0.20206298552817864,0.053162482680573865,0.20199413079590137
240,4.0,feeder2_1553,0.05290480237119257,0.2024112936481646,0.052939254847824475,0.2023441567416485
240,4.0,feeder2_1416,0.0531616134505566,0.2029724729550789,0.053194702877237786,0.20290262557649008
240,4.0,feeder2_1530,0.05447872631359323,0.20284170294225437,0.054512131185060944,0.20276963149991628
240,4.0,feeder2_1425,0.0530271004229882,0.2048669568896989,0.05306134261098204,0.2047997925382679
240,4.0,feeder2_1589,0.05415772494778069,0.208409091986083,0.05419341886367174,0.2083441668630092
240,4.0,feeder2_1435,0.05302171607255818,0.2048950861109615,0.053053188620716125,0.20482786541851467
240,4.0,feeder2_1621,0.052910899615419366,0.20486304145249118,0.052942226517660354,0.20479849515837437
240,4.0,feeder2_1564,0.05294689498235198,0.20523241862187047,0.052983334214972,0.20516477766495117
240,4.0,feeder2_1704,0.05594784622339335,0.16699350393214077,0.055984657787201436,0.16691330597539036
240,4.0,feeder2_1525,0.05609068258245674,0.16704617832175317,0.056128324886455236,0.16696411202837627
240,4.0,feeder2_1716,0.05604450894513206,0.16703775659263387,0.05608099215588534,0.16695734103845133
240,4.0,feeder2_1537,0.056153827371453954,0.16706445059309244,0.05619008007071278,0.16698471656301225
240,4.0,feeder2_1645,0.05606090954493229,0.16715063023820848,0.056098418903226296,0.16706868925696725
240,4.0,feeder2_1561,0.05623860326920722,0.16704113767949333,0.056277261496794476,0.1669599140108718
240,4.0,feeder2_1657,0.05637983845773187,0.16691569773285644,0.05641945869688565,0.16683387072520792
240,4.0,feeder2_1570,0.05626979546933114,0.16706352011238482,0.05630784112056884,0.16697966964578612
240,4.0,feeder2_1756,0.058930190843498584,0.16686172716151337,0.05896606569934617,0.16677163188163294
240,4.0,feeder2_1588,0.056253711666715445,0.16711951531112365,0.05629442980150126,0.16703628052294142
240,4.0,feeder2_1628,0.05643908502500809,0.1669575913056989,0.05647732165341293,0.16687492217949806
240,4.0,feeder2_1598,0.05622483663158258,0.16724025444622828,0.05626418969830982,0.1671546123477466
240,4.0,feeder2_1816,0.05617183651196705,0.16725811596759985,0.05621084133798086,0.1671768476659511
240,4.0,feeder2_1765,0.05608622263235424,0.16719187676964883,0.05612747454808421,0.1671120861414305
240,4.0,feeder2_1641,0.05606034821137655,0.16781983278787382,0.05610314029942462,0.16773308879683188
240,4.0,feeder2_1689,0.05589662939601431,0.1684840875968199,0.05593714957568912,0.16839879709571456
240,4.0,feeder2_1744,0.05616332345364746,0.16772023031773303,0.05620393763334369,0.1676368306418472
240,4.0,feeder2_1817,0.055785786414123927,0.16980682130479122,0.05582618387131434,0.16972512118441882
240,4.0,feeder2_1779,0.05525282082413346,0.16787446075065524,0.05529527504739897,0.1677923140964396
240,4.0,feeder2_1800,0.05585539507080757,0.1685385714774542,0.05590021970573868,0.16845427946946237
240,4.0,feeder2_1818,0.056364039943056395,0.16872411673004836,0.05642075053707285,0.1686309146464028
240,4.0,feeder2_1753,0.05633038022159275,0.1675529088783666,0.0563717477567085,0.16747196346679105
240,4.0,feeder2_1754,0.056198195575878976,0.16768777556766248,0.05623806472433531,0.16760437286393745
270,4.5,secondary,0.024115106735957428,0.010329669980840043,0.02409430254444006,0.010362260282023222
270,4.5,feeder2_44,0.04504671676619892,0.054077847996970047,0.04501099014120346,0.054257942113696195
270,4.5,feeder2_45,0.045815307846738956,0.05548192988330125,0.04578070319385362,0.05566447414096342
270,4.5,feeder2_46,0.04444600894502421,0.05762164370476692,0.04440609611739336,0.05780050452455733
270,4.5,feeder2_51,0.04715423929068233,0.05788761475446194,0.04712019563919703,0.058073910536440065
270,4.5,feeder2_48,0.04609786453528966,0.055645860700749776,0.046068115095568456,0.055822839366628386
270,4.5,feeder2_52,0.04566746467641326,0.05695385383783007,0.04563525431629264,0.057148481850642315
270,4.5,feeder2_68,0.051124911130594114,0.06515365983896376,0.05108525656474728,0.06537510729004732
270,4.5,feeder2_69,0.05123538016390491,0.06527924510789411,0.05119843762781514,0.06549649219840117
270,4.5,feeder2_71,0.05165079584385424,0.06611487011582333,0.05161556297341316,0.06633201020468105
270,4.5,feeder2_72,0.05174059056031931,0.06620410425248723,0.05169758331672678,0.06642745712571521
270,4.5,feeder2_73,0.05330021981937735,0.06911449820811362,0.05325918285579812,0.0693487433366027
270,4.5,feeder2_74,0.053168150486722875,0.06897192747652137,0.05313143309533812,0.06919960456545962
270,4.5,feeder2_77,0.05472149865322712,0.07171585297409336,0.05468481597363978,0.07195213044572552
270,4.5,feeder2_79,0.05494468143919998,0.07199781333561549,0.054907570709267425,0.072235673742194
270,4.5,feeder2_81,0.05694317270443759,0.07574779687672323,0.056899028645338835,0.07600208479939717
270,4.5,feeder2_82,0.057186323195996994,0.07593524871583084,0.05714146554621043,0.07618950765001067
270,4.5,feeder2_116,0.06699562231713008,0.09369769942045027,0.06694440378726342,0.09401966678434918
270,4.5,feeder2_119,0.06621809213056294,0.09286369540463404,0.06616648674150177,0.09318789412294037
270,4.5,feeder2_120,0.07082030444388322,0.10085492969797909,0.07076786357423007,0.10119911010266522
270,4.5,feeder2_248,0.07033312525768094,0.10034082057071612,0.07028173628243994,0.10068363079637874
270,4.5,feeder2_124,0.07321107873736629,0.10547581649296044,0.0731591590766353,0.10582981346214439
270,4.5,feeder2_282,0.07325530882720031,0.1055460086383898,0.0732038082015397,0.10590271120159789
270,4.5,feeder2_275,0.07303224225516305,0.10527608634701269,0.07297821546719196,0.10563277591502558
270,4.5,feeder2_151,0.07740251631936658,0.11361285281951926,0.07734821215722287,0.11399307939677342
270,4.5,feeder2_295,0.07747381562392933,0.11367219205650322,0.0774190225815827,0.11405108796185001
270,4.5,feeder2_311,0.07759863572068881,0.11379475101675862,0.07753965261435715,0.11418071381613776
270,4.5,feeder2_201,0.08429395610875719,0.12693477099081774,0.0842323518785374,0.12736291193856966
270,4.5,feeder2_314,0.08507661671592909,0.12658623803833416,0.08501611525947171,0.1270116962429516
270,4.5,feeder2_342,0.09389401686255612,0.146482027844071,0.09382543039172302,0.14697146486867496
270,4.5,feeder2_368,0.09587857107811908,0.15079445662661553,0.09580868149668502,0.1512980280753597
270,4.5,feeder2_347,0.09555155868678283,0.14854519513259512,0.09548186978132138,0.14904368657108089
270,4.5,feeder2_353,0.09638478663386454,0.14969274455252835,0.09631468321198237,0.15019556232186282
270,4.5,feeder2_518,0.0956344683792631,0.1486873719651978,0.0955637182823164,0.1491897905758787
270,4.5,feeder2_365,0.0973374018112594,0.1512952332055834,0.09726519719341123,0.15180137095333956
270,4.5,feeder2_653,0.09606367133413474,0.14934891232181782,0.0959894272048552,0.14985588437457187
270,4.5,feeder2_377,0.09785304715126651,0.1522263821562962,0.09778176797822391,0.15273476690324617
270,4.5,feeder2_622,0.09736392535339504,0.15131242298840916,0.09729120244349067,0.15181611971986944
270,4.5,feeder2_451,0.09595063174254728,0.15090639457407665,0.09588653613150057,0.15140289223424405
270,4.5,feeder2_383,0.0991186907561497,0.15796427667032334,0.09905108404561704,0.15847553564416397
270,4.5,feeder2_385,0.09843930634895275,0.15334231075021032,0.09836739182924992,0.1538488889604854
270,4.5,feeder2_621,0.0979314618103809,0.15227276363799555,0.09786022999206506,0.15278002020094694
270,4.5,feeder2_611,0.09890294793660039,0.15773266632608338,0.09883197480788819,0.15824704287770097
270,4.5,feeder2_405,0.09932507660309534,0.15843639244208774,0.09925227096291567,0.15895302620071436
270,4.5,feeder2_461,0.10091313867197271,0.15904550890179933,0.10083506864303211,0.15956040053209447
270,4.5,feeder2_594,0.09812285468628046,0.15300401295432514,0.0980463451140458,0.15351419171070174
270,4.5,feeder2_732,0.09898900083066897,0.15807720429405356,0.09891919979097064,0.15859031069980356
270,4.5,feeder2_417,0.10090141809965394,0.1621127338032395,0.1008321681858839,0.1626294910674638
270,4.5,feeder2_663,0.10059482152138624,0.16483566619096762,0.10051998092219072,0.1653575000116926
270,4.5,feeder2_444,0.10205735793711679,0.16411516443136023,0.1019889059991071,0.16463934914585326
270,4.5,feeder2_759,0.10365569456555555,0.16314311368015164,0.1035848489753065,0.16366452853623828
270,4.5,feeder2_842,0.11829466974332685,0.18052501839066815,0.11820618189803968,0.18107722237998342
270,4.5,feeder2_459,0.1021126975397129,0.16404821626441274,0.10204064696203174,0.164574658857605
270,4.5,feeder2_702,0.1037229141662216,0.1630076808070201,0.10365500420953484,0.16352983509530536
270,4.5,feeder2_493,0.10217340111772893,0.16415909380310928,0.10210264235687615,0.16468570238778316
270,4.5,feeder2_651,0.10105127550494251,0.15912555480035484,0.10097481777610895,0.15963641540486506
270,4.5,feeder2_684,0.10288081790726694,0.16427415336385806,0.10280674749852943,0.16477805792165734
270,4.5,feeder2_674,0.10212431744108376,0.16410398661275227,0.10205016846490698,0.16462892561763878
270,4.5,feeder2_696,0.10239945798971406,0.1647257197183409,0.10232714794267445,0.16525222977466603
270,4.5,feeder2_681,0.10203978354291125,0.16400767273353714,0.10196642330138421,0.16453677457882854
270,4.5,feeder2_682,0.10204913692335749,0.16402168251437643,0.10197531822591994,0.16454933976636016
270,4.5,feeder2_728,0.10304354189185319,0.16424417192281354,0.10296825765524278,0.16474728991804372
270,4.5,feeder2_724,0.1046850155137564,0.17013514475722594,0.10460724753840972,0.17064388625348742
270,4.5,feeder2_703,0.10288536995509327,0.165212854995075,0.10281450510723253,0.1657405416800623
270,4.5,feeder2_704,0.10250278310912661,0.16483182540867872,0.1024336951625682,0.1653558396876842
270,4.5,feeder2_754,0.10477063036973362,0.1703451505005633,0.10469157901521167,0.17085402988979512
270,4.5,feeder2_747,0.10542992026704989,0.1724905437553246,0.10534532791308866,0.17300205993140352
270,4.5,feeder2_828,0.102991219066074,0.164189580417225,0.10291426198806136,0.16469393042343086
270,4.5,feeder2_763,0.10330371130967926,0.16429154864334644,0.10322294150775539,0.16479256070613138
270,4.5,feeder2_836,0.10497234167645905,0.17534175152337514,0.1048859002629938,0.17586075329204576
270,4.5,feeder2_758,0.1059684933812675,0.1733485145290671,0.10588680626228404,0.17385757601534926
270,4.5,feeder2_788,0.10608561260135901,0.17362317730210655,0.10600428868370908,0.17413074480927385
270,4.5,feeder2_812,0.10765038924367737,0.17591722709973387,0.10756367082631763,0.17642138242020847
270,4.5,feeder2_947,0.10349735139944287,0.1647423755404443,0.10342035042649753,0.16524071343740945
270,4.5,feeder2_868,0.10336837491173767,0.16444391024689353,0.10329393157260591,0.1649384467089921
270,4.5,feeder2_785,0.10346145393158766,0.16410608931410453,0.10338346459983487,0.1646002766853954
270,4.5,feeder2_1176,0.10379875952005291,0.16424612189651538,0.1037192850613147,0.16474393442143603
270,4.5,feeder2_846,0.10320378658862167,0.16383818099102468,0.10312372142846375,0.16433499688620742
270,4.5,feeder2_911,0.1038359899262555,0.1639911261804425,0.10376134109058213,0.1644780089791817
270,4.5,feeder2_1107,0.10768864039826466,0.17456940149339176,0.1076042578089978,0.1750565135122285
270,4.5,feeder2_920,0.10811203299873309,0.17708688522979152,0.10802252003769136,0.1775916856933158
270,4.5,feeder2_926,0.10895219446877709,0.1795474603390157,0.10886574455287444,0.18005174666003126
270,4.5,feeder2_1239,0.10793315759142365,0.1762767157693616,0.10784725730704496,0.17678437166392819
270,4.5,feeder2_933,0.10929019233424526,0.18061343460625862,0.10920645051671186,0.18111794121167682
270,4.5,feeder2_1146,0.10911381361099744,0.17971485860260306,0.10902792098334681,0.18021312213507723
270,4.5,feeder2_1124,0.10939521318444595,0.18063560111758054,0.1093124285639201,0.1811381202770608
270,4.5,feeder2_942,0.11011646946749575,0.183327610701932,0.11002750443559661,0.18383772127954104
270,4.5,feeder2_952,0.11138764172025069,0.1875215364772668,0.11130087756837567,0.18803078739536544
270,4.5,feeder2_965,0.11010992706683093,0.18331019924125663,0.11002323511873335,0.1838158975489434
270,4.5,feeder2_961,0.11149847840122418,0.18793571333556655,0.11140510542485602,0.18845148787427585
270,4.5,feeder2_963,0.11139334084225326,0.18753058008881546,0.11130511155047523,0.18804168510763059
270,4.5,feeder2_973,0.11209362391032128,0.19017235057691126,0.11200383727678943,0.19068859686097142
270,4.5,feeder2_1128,0.11148904931348384,0.18788062740102884,0.1113965448777951,0.18839442264891795
270,4.5,feeder2_1113,0.11188084862583304,0.18757218339011086,0.11179143740987578,0.1880770124740928
270,4.5,feeder2_1143,0.11158364725086364,0.187898864349942,0.1114975186433114,0.18840073725675122
270,4.5,feeder2_1238,0.11015529892831387,0.1835246076690337,0.11006518568036634,0.18403274902480513
270,4.5,feeder2_979,0.1101027823965802,0.18326896341413976,0.11001418878820637,0.18377796050982187
270,4.5,feeder2_1236,0.11295445369893709,0.1935411000747552,0.112858038409657,0.19407336209956316
270,4.5,feeder2_989,0.11209388661521358,0.19017217298977623,0.11200383727678943,0.19068859686097142
270,4.5,feeder2_1196,0.10992248186984926,0.1830905975205363,0.10982981821450605,0.1836001525018638
270,4.5,feeder2_1158,0.11221235499352947,0.19016466458796033,0.11212470965295336,0.1906839899536792
270,4.5,feeder2_1122,0.10764996047740454,0.17405136550530728,0.1075618955719806,0.17453360267552984
270,4.5,feeder2_1258,0.10790384445167242,0.17461267684070605,0.1078142022091462,0.1751035158439189
270,4.5,feeder2_1303,0.1076719946498469,0.1741631438291449,0.10758953111547978,0.1746431760345378
270,4.5,feeder2_1138,0.1076228105140484,0.17361031630187573,0.10754192708048928,0.17408355955696855
270,4.5,feeder2_1304,0.10706383454581928,0.1730523881774642,0.10697508031301459,0.17353011220950898
270,4.5,feeder2_1212,0.10764168189159372,0.17313845990279017,0.10755599467607599,0.17360680443599869
270,4.5,feeder2_1311,0.1089295757677567,0.17322719599885505,0.10884932165538988,0.17368580873553977
270,4.5,feeder2_1290,0.10751392257526377,0.17240458769060726,0.10742639746758201,0.17286552721801088
270,4.5,feeder2_1325,0.11407492801715448,0.1982058219025082,0.11398315539328471,0.19874827867465858
270,4.5,feeder2_1248,0.112955453150473,0.19354108227991013,0.112858038409657,0.19407336209956316
270,4.5,feeder2_1249,0.11016182063087002,0.1835656411088177,0.11007475765966392,0.1840713555885262
270,4.5,feeder2_1250,0.11017162900675145,0.18357628621119823,0.11008181264840476,0.18408329979876
270,4.5,feeder2_1366,0.11309354849775699,0.19354207792055306,0.11299860773781624,0.19407430317889002
270,4.5,feeder2_1266,0.10795543585641983,0.1746142891337721,0.1078672718556935,0.17510460301112354
270,4.5,feeder2_1372,0.10760791711278213,0.1726485054359101,0.10752434094404607,0.17310520552397798
270,4.5,feeder2_1363,0.10739562988620899,0.17126290880610096,0.1073132330617255,0.17171420573009327
270,4.5,feeder2_1446,0.11412583827457772,0.19834747996142804,0.11402661257110998,0.1988932280224825
270,4.5,feeder2_1502,0.11534689859687916,0.2032783195855683,0.1152497194427102,0.20383633167960244
270,4.5,feeder2_1428,0.10688841174237042,0.17076341203354922,0.10680732973790581,0.17121101845252187
270,4.5,feeder2_1380,0.10738731856361222,0.17065898223194018,0.10730270386009402,0.17110371080102407
270,4.5,feeder2_1550,0.10922492186032401,0.17067135737274267,0.10914054313004813,0.1711071112888306
270,4.5,feeder2_1386,0.10724238342942037,0.170275578704228,0.10715424751932676,0.17072480532028697
270,4.5,feeder2_1551,0.10630357542505964,0.1691640867291133,0.1062219430113037,0.16961183574610106
270,4.5,feeder2_1400,0.10723216234652555,0.17036099018056375,0.1071472330039931,0.17080920277347003
270,4.5,feeder2_1552,0.10702448281032094,0.17016521146269292,0.10693690333512043,0.1706144881445817
270,4.5,feeder2_1408,0.10722675048410021,0.1706328333630905,0.10714445690766629,0.1710782032595301
270,4.5,feeder2_1553,0.10687446771968603,0.17028822187850742,0.10678771873060869,0.17073526920695944
270,4.5,feeder2_1416,0.10723688578183886,0.17084842252523455,0.10715341787271776,0.1712969447314894
270,4.5,feeder2_1530,0.10730890262429858,0.17106163909458041,0.10722286564033869,0.17150891888518696
270,4.5,feeder2_1425,0.10726319159273677,0.171140901170451,0.10717663089307254,0.17159369167690527
270,4.5,feeder2_1589,0.10702033987539233,0.17090118551284222,0.10693770180494877,0.17134896424507928
270,4.5,feeder2_1435,0.10727238359323815,0.17122192578993733,0.10718897511087673,0.17167055621927627
270,4.5,feeder2_1621,0.10719146979367164,0.17247029124546193,0.10710485261606108,0.1729276577586684
270,4.5,feeder2_1564,0.10721429112300904,0.17088611471333892,0.10712553557873314,0.17134038902777418
270,4.5,feeder2_1704,0.11554370233594066,0.20331013527019628,0.1154416819106725,0.20387227505931138
270,4.5,feeder2_1525,0.1156517249033124,0.2045862449221479,0.11555000413177384,0.20514853234797933
270,4.5,feeder2_1716,0.11538521928355287,0.20635870293436398,0.11528647382778286,0.20692506138749747
270,4.5,feeder2_1537,0.11596647525439119,0.20580010706213328,0.11586308405292477,0.20636798863120226
270,4.5,feeder2_1645,0.11587215135016526,0.2057160434243719,0.1157732770180305,0.20627731594058837
270,4.5,feeder2_1561,0.11633010709106556,0.20722348067480334,0.1162280378026845,0.20779119103748175
270,4.5,feeder2_1657,0.11637297503638994,0.20735125791927148,0.11627406039221343,0.20792052278205136
270,4.5,feeder2_1570,0.11648887197491423,0.20780632715031236,0.11638944330065865,0.20837450332398072
270,4.5,feeder2_1756,0.11895174062607537,0.20815484172804474,0.11885030840798103,0.208712585443111
270,4.5,feeder2_1588,0.11661506540387202,0.20831446047253305,0.11651164615182326,0.20888905359953114
270,4.5,feeder2_1628,0.1174017343663703,0.20848924654411957,0.1173028653041972,0.20905397506592746
270,4.5,feeder2_1598,0.11674469728754071,0.20888347538359073,0.11664664756429617,0.2094555915887075
270,4.5,feeder2_1816,0.11704349784727375,0.20885621223702142,0.1169407835445811,0.20943416120747477
270,4.5,feeder2_1765,0.11709946115514919,0.20891944662799455,0.11699888139296975,0.2094954978288478
270,4.5,feeder2_1641,0.11730635032493542,0.21170348490340396,0.11720059988742929,0.21229635594481686
270,4.5,feeder2_1689,0.11760631539548495,0.21380118745657029,0.117495499126046,0.21441822316750594
270,4.5,feeder2_1744,0.11811028516762029,0.2118161736831447,0.11800513065805181,0.21240534082693652
270,4.5,feeder2_1817,0.11759285550217292,0.2137231142250286,0.11748646525789719,0.214340621722671
270,4.5,feeder2_1779,0.11738048720346696,0.21488983673070466,0.11727020675071001,0.2155134715804422
270,4.5,feeder2_1800,0.1175505564318064,0.21374761063702583,0.11744147378417986,0.21436699014486688
270,4.5,feeder2_1818,0.11772600172157945,0.21625238109265768,0.11762321111499666,0.21691371156042524
270,4.5,feeder2_1753,0.11814077441877557,0.2119858684082953,0.11803788615443137,0.2125733814388287
270,4.5,feeder2_1754,0.11865946615352926,0.21185939492253839,0.11855615869988045,0.21244666327649023
300,5.0,secondary,0.012191345082450648,0.013923792779222744,0.012218237831955196,0.0139115769058696
300,5.0,feeder2_44,0.022762164985150293,0.07285820938530752,0.022809158131739934,0.072795260973391
300,5.0,feeder2_45,0.02311840728135557,0.07496251070915518,0.02316738043921195,0.07489760984100191
300,5.0,feeder2_46,0.023418427958735503,0.07476029137958573,0.02346344594579234,0.0746898834059783
300,5.0,feeder2_51,0.023746488985312137,0.07868109298543859,0.02379848361263229,0.07861171350194808
300,5.0,feeder2_48,0.023208226895828084,0.07449374555860472,0.023250362263572133,0.07443216339509652
300,5.0,feeder2_52,0.02355031908162313,0.07861148334442161,0.023597821832784572,0.07854742341052491
300,5.0,feeder2_68,0.025529973365474516,0.08918356849689558,0.025579216992924394,0.08911151289740067
300,5.0,feeder2_69,0.02568112522683486,0.0893738625029912,0.02573301110301633,0.08929885673448794
300,5.0,feeder2_71,0.02576471733657792,0.09056485825476755,0.025816109760895458,0.09048943384107759
300,5.0,feeder2_72,0.025777060852200964,0.09039311886225673,0.025829619625508334,0.09031890480171402
300,5.0,feeder2_73,0.026503300748117315,0.09490567654896279,0.026559362499399303,0.09482840814569454
300,5.0,feeder2_74,0.024969865279108255,0.09608268539381365,0.025024993361981256,0.0960079931921012
300,5.0,feeder2_77,0.027199197195307567,0.0984757793384386,0.027254595224766014,0.098395814544576
300,5.0,feeder2_79,0.027549182276546024,0.09959185465777004,0.027602502912871606,0.09950869136791612
300,5.0,feeder2_81,0.02818163676190762,0.10361796283006981,0.028242280520192807,0.10353568261041311
300,5.0,feeder2_82,0.029959889092823044,0.10114770120493714,0.030020269155886948,0.10106277228924208
300,5.0,feeder2_116,0.032435745132928566,0.12932162265836575,0.03250528755560723,0.12922486817704412
300,5.0,feeder2_119,0.030245070214487753,0.13039293903646557,0.03031911190356221,0.13029953644158476
300,5.0,feeder2_120,0.03428310346434143,0.13842241084331267,0.03435321802570816,0.13831903479403262
300,5.0,feeder2_248,0.033846932554088174,0.13828346964183946,0.033918046757619794,0.13818207465825155
300,5.0,feeder2_124,0.03544324531504362,0.1441017479004436,0.035514861583609815,0.14399465585305962
300,5.0,feeder2_282,0.03544158125198173,0.1439980797164624,0.03551917720309953,0.14388634353789787
300,5.0,feeder2_275,0.033521865658913214,0.14537241877911328,0.03359385686348258,0.14527024748800707
300,5.0,feeder2_151,0.0377710159784276,0.15335917868739027,0.03785128655740162,0.1532386443241058
300,5.0,feeder2_295,0.0378610457136192,0.15346543759465467,0.03794289256247993,0.1533464051771073
300,5.0,feeder2_311,0.0380242028035562,0.15366263390612322,0.03809804953060406,0.15354330959786547
300,5.0,feeder2_201,0.04153917667768982,0.16832309736305465,0.04162742794195518,0.168181029662619
300,5.0,feeder2_314,0.041524824573580706,0.1682530881666125,0.04161044812881911,0.16811590758489195
300,5.0,feeder2_342,0.04693191866586529,0.18983262245045918,0.047030909579654834,0.18966364882193235
300,5.0,feeder2_368,0.04843927177235762,0.19771154945269195,0.04853521610808483,0.1975420121848917
300,5.0,feeder2_347,0.04732291198976359,0.1857693208292303,0.047423880476838605,0.18559047670802511
300,5.0,feeder2_353,0.04753363026960309,0.18383777891091874,0.04763239969128204,0.1836522901868024
300,5.0,feeder2_518,0.04733005911961636,0.18558532594317906,0.04742742012087928,0.18540782008532558
300,5.0,feeder2_365,0.047787458927170026,0.1817768845518876,0.04788662061262076,0.18158524609846005
300,5.0,feeder2_653,0.047244327621861176,0.18372029701583045,0.04734929073735845,0.18353128127961107
300,5.0,feeder2_377,0.04792344589380998,0.1806497479408859,0.04803179343547752,0.18044937396334426
300,5.0,feeder2_622,0.04782019610962579,0.18181617779077636,0.04792093764728678,0.18162465965514277
300,5.0,feeder2_451,0.04843936181094974,0.19753935432828962,0.048532365017100204,0.1973709377426092
300,5.0,feeder2_383,0.05091219951098453,0.21058388910720466,0.05100355772228658,0.21041795999426866
300,5.0,feeder2_385,0.0480721570349128,0.179314612753216,0.04817645917129036,0.179112900015608
300,5.0,feeder2_621,0.048019474874456555,0.18076424965216253,0.04812926269490563,0.18056172599647252
300,5.0,feeder2_611,0.050722017296215234,0.2105018862262758,0.05081830179730754,0.2103343912089141
300,5.0,feeder2_405,0.05106950769947331,0.2113939364661068,0.05116428589397814,0.2112281125465839
300,5.0,feeder2_461,0.048743292436557,0.17419508579082915,0.04885909004637522,0.17396308087716847
300,5.0,feeder2_594,0.047787100363693685,0.17919131095533203,0.04789781616440095,0.17898414324082276
300,5.0,feeder2_732,0.048034741961744634,0.21316522502575688,0.04812715414436585,0.21300579220370217
300,5.0,feeder2_417,0.05245804570983215,0.21717157092399383,0.052557573732927576,0.21700006724388646
300,5.0,feeder2_663,0.05274153507650104,0.21786945118364445,0.0528346353701242,0.21770021735541206
300,5.0,feeder2_444,0.053456902242245,0.22132191401350523,0.05355738042601229,0.221150966606437
300,5.0,feeder2_759,0.05344345018891022,0.2212180083358397,0.05353796508122963,0.2210497390595686
300,5.0,feeder2_842,0.07324509911125872,0.24390130540221036,0.07334047444660334,0.24372429266937493
300,5.0,feeder2_459,0.053448120811786924,0.22144292921181088,0.05354799441447776,0.2212702356178673
300,5.0,feeder2_702,0.05344426936310118,0.2214057538494801,0.05354395158532494,0.2212327691326555
300,5.0,feeder2_493,0.05341736264025404,0.22191555390149317,0.05351039814240542,0.22175201526728164
300,5.0,feeder2_651,0.048916858105319524,0.17440998106670247,0.04902446222124558,0.174183473249363
300,5.0,feeder2_684,0.04924233792549457,0.16983214947718378,0.04935954506890935,0.16958120257208062
300,5.0,feeder2_674,0.0531562504260955,0.222039227184794,0.053255389968036144,0.22186893575395072
300,5.0,feeder2_696,0.05366566731102627,0.22283765544498865,0.05375806351600415,0.22267477537897618
300,5.0,feeder2_681,0.05308551058871995,0.22199388807351775,0.053184924087534044,0.22182700408799888
300,5.0,feeder2_682,0.05218497527482185,0.2226216739920258,0.05228188914719078,0.2224557789455236
300,5.0,feeder2_728,0.04923783778056858,0.16984982627701645,0.04935551620812638,0.1696019530573545
300,5.0,feeder2_724,0.049746888800447434,0.16535199552690152,0.04986701736525292,0.16508603543343733
300,5.0,feeder2_703,0.0542676182568648,0.22354719842106485,0.05435963678140496,0.2233828088713751
300,5.0,feeder2_704,0.05379443190063738,0.22299025967955594,0.053888049527737555,0.22282336204001346
300,5.0,feeder2_754,0.049763133024842865,0.16518172426080655,0.049888982440818457,0.16490959987362325
300,5.0,feeder2_747,0.049969498747372686,0.16360708065486954,0.050088842499099055,0.163333437889746
300,5.0,feeder2_828,0.04919116527937632,0.16982445212625966,0.049306847042112495,0.16957542979272586
300,5.0,feeder2_763,0.04924630742579397,0.16992263630138488,0.049363260779749334,0.16967093623778967
300,5.0,feeder2_836,0.05015775838493951,0.16384178633636862,0.050283030421033055,0.16356439816074927
300,5.0,feeder2_758,0.05013971830959131,0.16200230680952107,0.05026660532753877,0.1617196576423495
300,5.0,feeder2_788,0.05135323566565627,0.16035359791030268,0.05147779892671865,0.16006976704142378
300,5.0,feeder2_812,0.05052472820970443,0.15913901741750855,0.050659268930908795,0.15883704619135755
300,5.0,feeder2_947,0.04927758204969645,0.16954430371086077,0.04939533902116685,0.16928895199211205
300,5.0,feeder2_868,0.04973588652243093,0.16920757921235222,0.04985526935701798,0.1689523342863641
300,5.0,feeder2_785,0.04920233356022543,0.1705337330080915,0.04931910068127804,0.17027933962699232
300,5.0,feeder2_1176,0.04988534305925441,0.1728505888361066,0.05000267301105311,0.1725907482052179
300,5.0,feeder2_846,0.048347833060185426,0.17080874372758786,0.04847052018893823,0.17055489535021703
300,5.0,feeder2_911,0.049192410569655926,0.17048363867272698,0.049310618319130944,0.17022800784645334
300,5.0,feeder2_1107,0.050016885663908696,0.15798495782256952,0.05014815034826601,0.15769531036022896
300,5.0,feeder2_920,0.05077292704962924,0.15866814674913482,0.05090465279285726,0.15835784713988463
300,5.0,feeder2_926,0.05116102060794642,0.15806479866198012,0.0512937578960609,0.1577405114745722
300,5.0,feeder2_1239,0.05075178366747331,0.1585729450763488,0.05088219551281412,0.15826502240870427
300,5.0,feeder2_933,0.051300980213609036,0.158170618901642,0.051436825619834106,0.15784072623425013
300,5.0,feeder2_1146,0.05131283445461567,0.1563400804735098,0.051448602907242576,0.15601502830799457
300,5.0,feeder2_1124,0.05143080638170221,0.15833275235213026,0.051570543508659965,0.15799821555313032
300,5.0,feeder2_942,0.051624332482701,0.15830572679789817,0.05176109333804741,0.15795971046971405
300,5.0,feeder2_952,0.05201305405866679,0.1600675820393586,0.05215555065909323,0.1596961433588741
300,5.0,feeder2_965,0.05163599680472743,0.15810882074494018,0.05177285142013787,0.15776268850886294
300,5.0,feeder2_961,0.05203523798879685,0.16051223296971115,0.05217666704308895,0.16013883993518324
300,5.0,feeder2_963,0.05201734541699664,0.16001366631117303,0.052163682134343546,0.15963923867960284
300,5.0,feeder2_973,0.05225670938185613,0.1627366854452081,0.052405068047759934,0.16234764731405427
300,5.0,feeder2_1128,0.051860067110957725,0.16077590944828002,0.052000528875925156,0.16040976128405265
300,5.0,feeder2_1113,0.05260160363394757,0.15926979959846965,0.052741848042093836,0.1589017020526473
300,5.0,feeder2_1143,0.05212830228832949,0.15845105876642396,0.05227526239495782,0.15807335564426608
300,5.0,feeder2_1238,0.05391694704542855,0.1552434199941743,0.05405423780437806,0.1548932803240396
300,5.0,feeder2_979,0.0516307617842456,0.15808361546996128,0.05177297627601557,0.1577366249471883
300,5.0,feeder2_1236,0.052565593233089,0.16595936880258763,0.052720364371830454,0.16554638659472937
300,5.0,feeder2_989,0.05225697169647589,0.16273792040050422,0.052405068047759934,0.16234764731405427
300,5.0,feeder2_1196,0.051466475403581055,0.15799433216177117,0.051605372541327584,0.15764747080508973
300,5.0,feeder2_1158,0.05239611884051592,0.16289521054425649,0.05254496551473557,0.16250645394975474
300,5.0,feeder2_1122,0.049763905143334904,0.15728405452799582,0.04989392338948796,0.15699846235722656
300,5.0,feeder2_1258,0.05028129839625505,0.15831025669233123,0.050415374575810176,0.15801508340687195
300,5.0,feeder2_1303,0.04975431602603081,0.15722333212172543,0.04989082517423822,0.15693134252293856
300,5.0,feeder2_1138,0.04957005479810725,0.1567558442916592,0.04970379453586278,0.15647205609468617
300,5.0,feeder2_1304,0.04797376234901595,0.15723461161804786,0.048105235473178444,0.1569560110267746
300,5.0,feeder2_1212,0.049437080246356416,0.1553869474987968,0.049573907090663845,0.1551068398976109
300,5.0,feeder2_1311,0.04942583487010878,0.15530149452034192,0.04955903996906848,0.15501975358421433
300,5.0,feeder2_1290,0.049289860483335717,0.15376001759801802,0.049426081069779366,0.1534791710156988
300,5.0,feeder2_1325,0.052748728528541206,0.16906990740556838,0.05290169703049512,0.16863803971017155
300,5.0,feeder2_1248,0.0525671319768513,0.1659651834630663,0.05272250261548551,0.16555209404144264
300,5.0,feeder2_1249,0.053913437543742816,0.15522593684534647,0.05405525602014846,0.15487481485943444
300,5.0,feeder2_1250,0.055547494015113344,0.15327770196823357,0.05568158703593745,0.15293240769697491
300,5.0,feeder2_1366,0.05285960830589268,0.16731249056512612,0.05300998323452575,0.16689961145848184
300,5.0,feeder2_1266,0.050341883908533676,0.15838047980880593,0.05047701498842263,0.15808348785831083
300,5.0,feeder2_1372,0.049309505332062895,0.1535742239638778,0.04944135278197217,0.1532961251968766
300,5.0,feeder2_1363,0.049173044948584904,0.15225743816160744,0.049304645628952364,0.15198603828565097
300,5.0,feeder2_1446,0.05396502954765289,0.1674888124075529,0.05412246325923327,0.16705333147244303
300,5.0,feeder2_1502,0.05281096069778826,0.17462612151267118,0.05297381512760492,0.174164872804218
300,5.0,feeder2_1428,0.04871080159002018,0.15205934124073128,0.04884369114305607,0.15179155357102272
300,5.0,feeder2_1380,0.049130333512012146,0.15083592488071298,0.049261186324122214,0.15057300860032202
300,5.0,feeder2_1550,0.04913369770138375,0.1507937003854271,0.04926465751202153,0.1505269822623001
300,5.0,feeder2_1386,0.04911286221060411,0.15016327995068954,0.04924674690072168,0.14989776155976112
300,5.0,feeder2_1551,0.04897681023029416,0.15007487399477348,0.04910728339127704,0.1498160607446363
300,5.0,feeder2_1400,0.049107990472021926,0.14986780326056262,0.04924108695713825,0.14960382115727916
300,5.0,feeder2_1552,0.048928948616191896,0.14974818812876944,0.04905861048700428,0.14948990993780634
300,5.0,feeder2_1408,0.04910777029440323,0.14932772307537284,0.04923977742389863,0.149070850579558
300,5.0,feeder2_1553,0.04741692811422971,0.15011296502315485,0.04754903080017981,0.1498591311333156
300,5.0,feeder2_1416,0.04919350766035762,0.14890879014796085,0.04932563238709436,0.1486463373638941
300,5.0,feeder2_1530,0.05089533120455733,0.14670626779317383,0.0510246453771341,0.1464465605406427
300,5.0,feeder2_1425,0.04926380557891259,0.14926536344887167,0.04939935215810888,0.14899802349468996
300,5.0,feeder2_1589,0.04904197720955245,0.14917406185973892,0.0491751410556021,0.1489113888592856
300,5.0,feeder2_1435,0.04928086292008786,0.14934808511892025,0.049412861407969036,0.14908354761612141
300,5.0,feeder2_1621,0.049592559337220926,0.1502745295979224,0.04973043361966505,0.15000309494442396
300,5.0,feeder2_1564,0.04923908016166534,0.14916900369628383,0.049373160576780144,0.14890646237811733
300,5.0,feeder2_1704,0.05316768306101218,0.17562814614677558,0.053334520512405156,0.17516503228160682
300,5.0,feeder2_1525,0.05275507208793095,0.17566078385820472,0.052923757589101096,0.17519570434547638
300,5.0,feeder2_1716,0.05356224532818203,0.1788828216928284,0.05372680831008098,0.17840340811705555
300,5.0,feeder2_1537,0.05259394494031757,0.17627870287157682,0.0527625691195979,0.17581158171502712
300,5.0,feeder2_1645,0.0516287343168292,0.1766173405324457,0.05179349050377635,0.1761540409247643
300,5.0,feeder2_1561,0.05253379535440585,0.17684505376283904,0.05270017768884207,0.17637143164189448
300,5.0,feeder2_1657,0.052530682769421855,0.17677519727441182,0.05270035549470456,0.17629898331121197
300,5.0,feeder2_1570,0.052511956313338194,0.17710358002883977,0.05267919983578873,0.17662935658700252
300,5.0,feeder2_1756,0.052469074328220074,0.1769848422628066,0.05264117851945006,0.17650316604682853
300,5.0,feeder2_1588,0.052494360551663136,0.17735098963089635,0.052665212849571444,0.17687089993469474
300,5.0,feeder2_1628,0.05249325274836079,0.1772566969036015,0.052661036103274,0.1767799032254218
300,5.0,feeder2_1598,0.05247835157942959,0.17768620173854707,0.05265301560223867,0.17720244713325262
300,5.0,feeder2_1816,0.05283774243980062,0.17808448413038858,0.05300947718911308,0.17760416797659215
300,5.0,feeder2_1765,0.05293396944584462,0.17823053934403263,0.0531056340121614,0.17774907323066308
300,5.0,feeder2_1641,0.05232392475166418,0.17896443648116642,0.052498993605528656,0.17846996085699257
300,5.0,feeder2_1689,0.05221745448584484,0.18010625719026202,0.052398208976615686,0.1796006997434893
300,5.0,feeder2_1744,0.05231106909702107,0.17892135688773453,0.05248377612605135,0.17842643623824267
300,5.0,feeder2_1817,0.05220940401688026,0.1800452744432576,0.05239187166539634,0.17953490149595366
300,5.0,feeder2_1779,0.05225444193572408,0.18015025582409336,0.052435464937502604,0.17964260716326835
300,5.0,feeder2_1800,0.050641767353959345,0.18079522312277632,0.050817000041386104,0.18029873533294047
300,5.0,feeder2_1818,0.05189952662917204,0.18132890477598856,0.05210583613077771,0.1807903953440792
300,5.0,feeder2_1753,0.052283528419157614,0.1788572917221004,0.05245460103245849,0.1783625600273985
300,5.0,feeder2_1754,0.052308321641768955,0.17890555458928767,0.052486483636575966,0.17840630917848294
330,5.5,secondary,0.010735631387055146,0.009061955324363848,0.010729551914589417,0.009053618970143734
330,5.5,feeder2_44,0.020052276663745382,0.0474369778758567,0.02003780260705737,0.04738940598365875
330,5.5,feeder2_45,0.020393546712062765,0.048876502201902775,0.02038084051662375,0.048823365769370033
330,5.5,feeder2_46,0.020211873860256635,0.0479962670873505,0.020197689258053306,0.047945960318305794
330,5.5,feeder2_51,0.02088459787026024,0.051866226869639424,0.02087039626562408,0.051810687161569675
330,5.5,feeder2_48,0.023678486728858104,0.04601078659323054,0.023665239363851412,0.04595881187915566
330,5.5,feeder2_52,0.020042965213228226,0.055131782117953644,0.02002617570329937,0.055077439574656016
330,5.5,feeder2_68,0.022495793474114473,0.059185373837529975,0.022481875793569663,0.059121664115098886
330,5.5,feeder2_69,0.022551746293076033,0.05933113258441721,0.02253479900102389,0.059266332003098554
330,5.5,feeder2_71,0.022709876484230025,0.06015220447621449,0.022695759524282745,0.06008848221622382
330,5.5,feeder2_72,0.022868709381838635,0.059909000149519845,0.022855050738457564,0.05984690150594063
330,5.5,feeder2_73,0.023381792917100283,0.06321238089668044,0.023366775055855948,0.06314882382583423
330,5.5,feeder2_74,0.0227458276452497,0.06495801625614286,0.022731071084398362,0.0648930621985222
330,5.5,feeder2_77,0.02401259945469666,0.06558943444552583,0.023997455460285696,0.06551766172646001
330,5.5,feeder2_79,0.024122313213965924,0.06589231339020099,0.024108345428050657,0.06582149640944597
330,5.5,feeder2_81,0.024992779666213237,0.06923746991018592,0.02497392066175662,0.06916584274172852
330,5.5,feeder2_82,0.027274424700890233,0.06704279691644131,0.027257116679496173,0.06696965011901343
330,5.5,feeder2_116,0.02905026162449216,0.08829883114950816,0.029030637772970592,0.08820738626701856
330,5.5,feeder2_119,0.02827838028342439,0.0884534934207333,0.028258390490142886,0.08836325192910666
330,5.5,feeder2_120,0.03068141812528199,0.09541407518867417,0.030657772814864228,0.09531620951337941
330,5.5,feeder2_248,0.0301894023928496,0.09547374423569815,0.03016737242091368,0.09537128905880832
330,5.5,feeder2_124,0.0317316780897357,0.09981196884030086,0.03171330824313672,0.09970711666359745
330,5.5,feeder2_282,0.031812328720928644,0.09967141680084207,0.031792448255965555,0.09956609240213195
330,5.5,feeder2_275,0.030602862212106632,0.10165453963272529,0.030579766704902464,0.10155205085688591
330,5.5,feeder2_151,0.03384424034717667,0.10649494428143565,0.03382304645789047,0.10638326615191489
330,5.5,feeder2_295,0.033894678067183444,0.1065876003420629,0.03387504163581832,0.10647383824949762
330,5.5,feeder2_311,0.03397901118938129,0.10675477417743669,0.033962030551932365,0.1066423975117314
330,5.5,feeder2_201,0.037303876991882194,0.11732611402860735,0.03728031299387696,0.1172018175019594
330,5.5,feeder2_314,0.03870097117413561,0.11596851411577346,0.03867403786709087,0.11584256065939452
330,5.5,feeder2_342,0.04178895401872806,0.1359457931576279,0.041768008571760454,0.13580429985790662
330,5.5,feeder2_368,0.04315618093148839,0.1423509324275893,0.043130654416394805,0.14221289793181274
330,5.5,feeder2_347,0.0417904665705219,0.13327667287258188,0.04176471769275976,0.13312387478089616
330,5.5,feeder2_353,0.041793524848452224,0.13207976673579983,0.04176919812585505,0.13192211600069192
330,5.5,feeder2_518,0.04192757433954584,0.13302790195044945,0.041901688959315155,0.1328809613986936
330,5.5,feeder2_365,0.04183059597242098,0.13077493713597,0.041800886881726326,0.13061600501009693
330,5.5,feeder2_653,0.04146530352811833,0.13208121557758776,0.04143793277282836,0.13192614387042273
330,5.5,feeder2_377,0.04184942014138263,0.13005936269266266,0.041819800338733774,0.12989641314817574
330,5.5,feeder2_622,0.041850476729478135,0.13080993312115488,0.04182075072978973,0.13064938706592275
330,5.5,feeder2_451,0.04482607542393318,0.1406218812089628,0.04480151793184979,0.14048179922458096
330,5.5,feeder2_383,0.0451105821264725,0.15424013536580708,0.045091237981397574,0.1540980392668836
330,5.5,feeder2_385,0.04186435644963256,0.1292012724762595,0.04183706874184699,0.12903228092398245
330,5.5,feeder2_621,0.04190859707902351,0.13016181133818752,0.04188041236339467,0.1299960240510017
330,5.5,feeder2_611,0.04404618327302789,0.15532261540200465,0.04402122543535248,0.1551822053667936
330,5.5,feeder2_405,0.045256034785666505,0.15493580205540952,0.04523402144262959,0.15479368009266348
330,5.5,feeder2_461,0.04203877407627409,0.12578413459538995,0.042006521839545376,0.12560366844425994
330,5.5,feeder2_594,0.04154047462045041,0.12920472531269678,0.04151004129034398,0.1290384237077278
330,5.5,feeder2_732,0.043766661368773795,0.15640714745407194,0.04374290471298404,0.15626641022519197
330,5.5,feeder2_417,0.046481873949507306,0.15991267384596972,0.04645679099833043,0.1597771248235946
330,5.5,feeder2_663,0.04659875323766196,0.16007372789399563,0.04657520040316003,0.1599331738155178
330,5.5,feeder2_444,0.047416420542755314,0.16367415657161555,0.047396127248420905,0.16353606750714797
330,5.5,feeder2_759,0.04977433153445115,0.1612268030536396,0.049749740968993796,0.16109156820867077
330,5.5,feeder2_842,0.06292240068569974,0.18471075671223916,0.0629109270517317,0.18457165529108022
330,5.5,feeder2_459,0.04740767271725682,0.1638929820373025,0.047386462177531063,0.16375482415861087
330,5.5,feeder2_702,0.0474274861625947,0.16384506227675083,0.04740454080881338,0.16370669620902145
330,5.5,feeder2_493,0.047375792851821086,0.164743854552992,0.04735643017899937,0.16460592891629988
330,5.5,feeder2_651,0.04213630611254051,0.12596864115018486,0.042104479123368004,0.12578904326514773
330,5.5,feeder2_684,0.042145781133837885,0.12280542434140126,0.042111482911497,0.12261460905073106
330,5.5,feeder2_674,0.04716188885521277,0.16492346557540302,0.04714216345237716,0.16478461862420912
330,5.5,feeder2_696,0.04761963536087551,0.16654478393513894,0.047603139984202375,0.1664083959050799
330,5.5,feeder2_681,0.047073369333414744,0.1648991934822641,0.047051757807439476,0.16476471985610724
330,5.5,feeder2_682,0.046417986471436454,0.16570523335079937,0.046394871122905294,0.1655682090676259
330,5.5,feeder2_728,0.04215222093851253,0.12251679827363349,0.04212122194286167,0.12232559002814537
330,5.5,feeder2_724,0.04231634416104715,0.12044294838549877,0.04228011264383033,0.1202427801549413
330,5.5,feeder2_703,0.04742200265587221,0.16779579870768438,0.047401352701364696,0.1676633255160649
330,5.5,feeder2_704,0.04757334147169997,0.16679662827472408,0.04754721834950577,0.1666602211474766
330,5.5,feeder2_754,0.043831043521049703,0.11892298156046979,0.04379781233612864,0.11871708587578042
330,5.5,feeder2_747,0.042250102344271616,0.1203212688530895,0.042215031825882654,0.12011607978709211
330,5.5,feeder2_828,0.04209799171085694,0.1225161550075934,0.04206764788368451,0.12232544805794059
330,5.5,feeder2_763,0.04218507884007708,0.12210111293419457,0.04215209265098957,0.12190698684387385
330,5.5,feeder2_836,0.042355951207066964,0.12052140606657406,0.04232105973866249,0.12031304676783097
330,5.5,feeder2_758,0.04217441633850343,0.1201227183983904,0.04213605164301859,0.11991273874750374
330,5.5,feeder2_788,0.04237466120646725,0.11978342421480272,0.04233800651281954,0.11957299122461944
330,5.5,feeder2_812,0.04193653383488408,0.11992689484594436,0.04189846784836546,0.11970485673228137
330,5.5,feeder2_947,0.042523151575848746,0.12152577872008039,0.042491762799404344,0.1213346032775266
330,5.5,feeder2_868,0.042860229489991374,0.12138772958630055,0.042829001347175336,0.12119609036641801
330,5.5,feeder2_785,0.04208019343877153,0.12248350022753537,0.04204289493950785,0.12229286863240352
330,5.5,feeder2_1176,0.04231473399736433,0.12292545284680331,0.04228325889890176,0.12273408272684574
330,5.5,feeder2_846,0.04145095975410863,0.12312538209364997,0.04141622500010719,0.12293286012289248
330,5.5,feeder2_911,0.04208559736488952,0.12239563211865878,0.04205007898397053,0.1222064628505449
330,5.5,feeder2_1107,0.04060019559351533,0.12431404326078885,0.04056145694885795,0.12409251321722353
330,5.5,feeder2_920,0.04223868822483944,0.11867335676905286,0.04219956511847961,0.11844628456002047
330,5.5,feeder2_926,0.04271809391473537,0.11681903690492013,0.04267652087686333,0.1165895343310553
330,5.5,feeder2_1239,0.0422046037347738,0.11866495577691813,0.042165964673905175,0.1184391669104144
330,5.5,feeder2_933,0.04288270965007819,0.11628294721677823,0.04284253016678217,0.11604773856712576
330,5.5,feeder2_1146,0.04294351491212597,0.11549284219206427,0.04290151860683507,0.11526439179748584
330,5.5,feeder2_1124,0.04253374428339745,0.1164756845871823,0.042493580065757874,0.11624362006313003
330,5.5,feeder2_942,0.043263837649144925,0.11466799057828336,0.043220117187830843,0.1144328862580102
330,5.5,feeder2_952,0.04389170515078242,0.1126113704507044,0.04385013728359323,0.11236312206928825
330,5.5,feeder2_965,0.043255476893881865,0.11462872658459089,0.04321332815189321,0.11439343618041249
330,5.5,feeder2_961,0.04394027173229277,0.1125245367232767,0.04389677272992432,0.11227937833867506
330,5.5,feeder2_963,0.04389584912752999,0.11258292696261689,0.04385188535234399,0.11234030727484605
330,5.5,feeder2_973,0.04429280876421038,0.11172237077460292,0.044252438105472726,0.11147148713424804
330,5.5,feeder2_1128,0.043778364888803586,0.11314164997329533,0.043733345181615715,0.11289539325025101
330,5.5,feeder2_1113,0.04445537687516379,0.1120265524472346,0.04441478566492166,0.11178081373285655
330,5.5,feeder2_1143,0.043896722892429255,0.11231664269666208,0.04385678734118472,0.11206747517664586
330,5.5,feeder2_1238,0.045997370245789544,0.11197156555137065,0.045957817968308286,0.11173247424984888
330,5.5,feeder2_979,0.04320503738175839,0.11480411594407033,0.0431662302879972,0.11456440331487226
330,5.5,feeder2_1236,0.04479437236741272,0.11043821801986467,0.044750068757450634,0.11018348999494473
330,5.5,feeder2_989,0.044293054506007866,0.11172360394196976,0.044252438105472726,0.11147148713424804
330,5.5,feeder2_1196,0.04254936334034133,0.11560318556023057,0.04250593210597575,0.1153657005639091
330,5.5,feeder2_1158,0.04438561441434048,0.11187356119967977,0.04434590034483888,0.11161992401769241
330,5.5,feeder2_1122,0.040018085161301994,0.12568223498007192,0.03997828731353267,0.1254595970569341
330,5.5,feeder2_1258,0.039968500657567255,0.12461553225969417,0.03993538803063747,0.12438954608622849
330,5.5,feeder2_1303,0.041597595579751935,0.12420465844968907,0.041559238993495035,0.12397886307859635
330,5.5,feeder2_1138,0.039461776752439254,0.12734675259680575,0.03941906448951234,0.12712168412846545
330,5.5,feeder2_1304,0.03889496937379383,0.12742587222211002,0.03885398936264854,0.12720357937149318
330,5.5,feeder2_1212,0.03837862782638949,0.13092860992850208,0.038339676242633326,0.1307053742685168
330,5.5,feeder2_1311,0.03845274466408924,0.13077647267356993,0.038410598322330486,0.13055372517710315
330,5.5,feeder2_1290,0.0370498899343073,0.1356002981719701,0.03701191884293099,0.13537677421418454
330,5.5,feeder2_1325,0.045385922961483735,0.10776551067753018,0.04534206138937434,0.10749614462510018
330,5.5,feeder2_1248,0.04478857357983204,0.11044131030993815,0.044743724099816515,0.1101859260265141
330,5.5,feeder2_1249,0.04601441925564122,0.11193523323035058,0.04597058924653692,0.11169792246739814
330,5.5,feeder2_1250,0.04787867893812146,0.11020423222694914,0.04783521380247159,0.10996589601546818
330,5.5,feeder2_1366,0.0433396459704951,0.11115649947876008,0.043299841670358684,0.11090196343004619
330,5.5,feeder2_1266,0.03966652628219746,0.12470131108092851,0.0396278617639356,0.12447889794425944
330,5.5,feeder2_1372,0.03721746904691088,0.13531254042352886,0.03717627138778206,0.13508842138942093
330,5.5,feeder2_1363,0.03562579474867442,0.141155684806891,0.03558325109453831,0.14093166842429194
330,5.5,feeder2_1446,0.04633443398992063,0.1067890468277775,0.04628732034154212,0.10652270745707083
330,5.5,feeder2_1502,0.045846470281513806,0.10606395326184534,0.04579999865193335,0.10578709699107378
330,5.5,feeder2_1428,0.03450195718841967,0.14251879692775735,0.03445907900070166,0.14229141014972033
330,5.5,feeder2_1380,0.03445739591669731,0.1460189839360858,0.03441455136003936,0.14579443612421455
330,5.5,feeder2_1550,0.034496092844515346,0.1459528147127472,0.03445520603671807,0.14572735990485677
330,5.5,feeder2_1386,0.03388900650130245,0.1484554030283322,0.03385013713217054,0.14822908236860863
330,5.5,feeder2_1551,0.03288893518400058,0.15028081848489516,0.03284766763423242,0.15005796363257473
330,5.5,feeder2_1400,0.033706068413690816,0.14921664366648751,0.03366855945929178,0.14899222884323782
330,5.5,feeder2_1552,0.03348318702682188,0.14923585721228905,0.033442407487904675,0.14901155435485203
330,5.5,feeder2_1408,0.03334881701878474,0.15079952635536623,0.03331060561411931,0.15057382017723211
330,5.5,feeder2_1553,0.03228798383282055,0.15243560223244268,0.03225071391371671,0.15221056003800915
330,5.5,feeder2_1416,0.033244450474467085,0.15128007402992322,0.033203591624723285,0.15105557698428207
330,5.5,feeder2_1530,0.03338995923864997,0.15103128521871317,0.03335331705401353,0.1508070334017154
330,5.5,feeder2_1425,0.033043121672531164,0.152324796641445,0.03299964502764562,0.15210054250352892
330,5.5,feeder2_1589,0.0327981011627367,0.15239544742434627,0.03275779444255486,0.1521714646525057
330,5.5,feeder2_1435,0.03300737506762999,0.15253086383774542,0.03296884980074582,0.152306637121638
330,5.5,feeder2_1621,0.03313026707601101,0.15275842856808183,0.03309070966258672,0.15253427068145395
330,5.5,feeder2_1564,0.03252599323416459,0.15469649200447502,0.03248399377301336,0.15447414891442002
330,5.5,feeder2_1704,0.04598369895503051,0.1063392726653333,0.04593273312823989,0.10606372251650958
330,5.5,feeder2_1525,0.04594487424093183,0.10552046050931096,0.04589748030983114,0.10524012585511915
330,5.5,feeder2_1716,0.04605902411942478,0.10572913116631369,0.046008956140220034,0.10545447233679367
330,5.5,feeder2_1537,0.04604866352027035,0.10487917976027053,0.04599685838713704,0.10459714859282726
330,5.5,feeder2_1645,0.04594504833017258,0.10484293331111706,0.04589958394365587,0.10455753620997968
330,5.5,feeder2_1561,0.04617569390471186,0.10417807428778642,0.0461264191097738,0.10389250035990928
330,5.5,feeder2_1657,0.0471208015621241,0.10320911281627514,0.04707114102938608,0.10292069344939804
330,5.5,feeder2_1570,0.04619170269874821,0.10411666148458046,0.04614276613146503,0.10382693048648377
330,5.5,feeder2_1756,0.04632652816108001,0.10386212099298996,0.046274969720670904,0.10357818203649348
330,5.5,feeder2_1588,0.04620712184843954,0.10407440758136402,0.046153931213715985,0.10378605660093523
330,5.5,feeder2_1628,0.046308706438779206,0.10390783561820137,0.04625688099248337,0.10361606268355751
330,5.5,feeder2_1598,0.04622626506858239,0.10406624017575995,0.046176365011508035,0.10377431334786429
330,5.5,feeder2_1816,0.04645504998816383,0.10445072055244779,0.04640237138719831,0.10416030552080958
330,5.5,feeder2_1765,0.046476759655783226,0.10455656377571995,0.04642606194027783,0.1042663989793602
330,5.5,feeder2_1641,0.046251956237904145,0.10367253672899202,0.04619898968838066,0.10337390824082754
330,5.5,feeder2_1689,0.04607475063236693,0.10458328387346376,0.04602474255435216,0.10427606217274428
330,5.5,feeder2_1744,0.04699303662009965,0.10291044150725838,0.046944416023215293,0.10260625204204332
330,5.5,feeder2_1817,0.046058181727362646,0.10456244054511106,0.046004287797397916,0.10425547546151093
330,5.5,feeder2_1779,0.04609497944866873,0.10462307045595168,0.04604445691069824,0.10431367954984816
330,5.5,feeder2_1800,0.045383077326339304,0.10555360332332599,0.04533048328399766,0.10524370434392015
330,5.5,feeder2_1818,0.0445428091683762,0.10489296867289184,0.04447693395703547,0.10457120425266404
330,5.5,feeder2_1753,0.0492720517311826,0.10062876759822878,0.04921839614435353,0.10032684820597879
330,5.5,feeder2_1754,0.04701040157331215,0.10288014389831462,0.04695948440413227,0.10257895853466553
360,6.0,secondary,0.013336774941765243,0.028162107007225348,0.013325050686801213,0.028159899210276212
360,6.0,feeder2_44,0.024890912749496875,0.1473038656461712,0.02487019353380726,0.1472907145221323
360,6.0,feeder2_45,0.025333889227567408,0.15199088271560873,0.025313551281570236,0.15197778447442364
360,6.0,feeder2_46,0.02491857866408208,0.14657300468136908,0.024897503905378916,0.14656113297478787
360,6.0,feeder2_51,0.026115460796118675,0.16014993474918277,0.026094850301034377,0.16014014442682176
360,6.0,feeder2_48,0.024812917263350585,0.15199209080817672,0.024791610290283,0.1519827487224318
360,6.0,feeder2_52,0.02631108634885466,0.16036232948468096,0.026290138821806454,0.1603448890128654
360,6.0,feeder2_68,0.028310679838350724,0.18308230799488104,0.028289667261738836,0.1830663985922708
360,6.0,feeder2_69,0.02829485591676017,0.18292425458658088,0.02827329474275847,0.1829128426900481
360,6.0,feeder2_71,0.02860401331420444,0.186131577151869,0.02858058001379922,0.18611913445323375
360,6.0,feeder2_72,0.028412106464555446,0.18610797593262468,0.02838741923208044,0.18609518152888785
360,6.0,feeder2_73,0.029526248402778867,0.19568615887773153,0.02950038101541015,0.19567448917750005
360,6.0,feeder2_74,0.029648110546274795,0.19581794341500264,0.02962506568874765,0.19580417768895408
360,6.0,feeder2_77,0.030314627025423417,0.2038659792136357,0.030292243270945752,0.2038521920705598
360,6.0,feeder2_79,0.0319328249231949,0.20153901812355238,0.03190767817399195,0.20151870975501665
360,6.0,feeder2_81,0.031523829266256034,0.2177124515563683,0.03149899349105312,0.21769730652970518
360,6.0,feeder2_82,0.031051923214593505,0.21769193401421005,0.03102812167230792,0.2176751102319299
360,6.0,feeder2_116,0.03709713495061348,0.28010516929922735,0.037068113397979344,0.2800879094014803
360,6.0,feeder2_119,0.03781316011075403,0.28086352025121103,0.03778415278787653,0.28084512198743466
360,6.0,feeder2_120,0.039095818494286304,0.30284454596959237,0.039063726363943355,0.3028216009412486
360,6.0,feeder2_248,0.04006201055990741,0.30369142645820113,0.040033110091294524,0.3036687649548901
360,6.0,feeder2_124,0.040172630342873716,0.3164295735340544,0.040139222830341596,0.3164073636494108
360,6.0,feeder2_282,0.04006326128090222,0.3164040091443809,0.040031879229759516,0.31637929233473305
360,6.0,feeder2_275,0.04067129266011509,0.3168593432840821,0.04064214896579636,0.3168342625596055
360,6.0,feeder2_151,0.04191478140372841,0.33976306683026625,0.04187897124484577,0.33974149306364415
360,6.0,feeder2_295,0.04189088686584498,0.3396804604170434,0.041857644516993316,0.33964835793941445
360,6.0,feeder2_311,0.04185844375874179,0.339516021280003,0.041826650022083314,0.33948943082349986
360,6.0,feeder2_201,0.044901720973089865,0.3790359304949244,0.04486322353325998,0.3790077708171874
360,6.0,feeder2_314,0.04482434839803366,0.3790028847165345,0.04478712420829727,0.3789686737309812
360,6.0,feeder2_342,0.04917265763497417,0.43495901315267216,0.049129654555249924,0.43492583041635796
360,6.0,feeder2_368,0.05190245937785062,0.4454956562881666,0.05186168671450895,0.44546019484161486
360,6.0,feeder2_347,0.04751939872268698,0.4428607283695476,0.0474789987908027,0.44281640632284575
360,6.0,feeder2_353,0.04671778196619424,0.44686042377631063,0.046674275250616154,0.44681160287537885
360,6.0,feeder2_518,0.047324496537280505,0.44283042634781977,0.04728053268775477,0.44279201700551957
360,6.0,feeder2_365,0.045803222625064095,0.4511537429979668,0.0457603093488157,0.4511006897600521
360,6.0,feeder2_653,0.04703374274182098,0.4471720399780301,0.046989087282932364,0.44712917639649585
360,6.0,feeder2_377,0.04529950828575752,0.45391988752065154,0.04525551618532073,0.453870260016416
360,6.0,feeder2_622,0.046834071716525726,0.4495622715804265,0.04678748389069014,0.4495158411287988
360,6.0,feeder2_451,0.05183837033385442,0.44547608451554277,0.05179568009786825,0.44544045950524963
360,6.0,feeder2_383,0.05632822835193976,0.46262258370106657,0.05628572324861398,0.46259233544375544
360,6.0,feeder2_385,0.044732537373468856,0.45714321856769385,0.044687025037379674,0.45708601746412125
360,6.0,feeder2_621,0.04526290334707974,0.4538299507069316,0.04521481438110307,0.45377902872316134
360,6.0,feeder2_611,0.05654219218598619,0.46284108749499947,0.05650373984855887,0.4628086647384435
360,6.0,feeder2_405,0.05660160797516068,0.46368382018853843,0.056559262543924634,0.4636529386010699
360,6.0,feeder2_461,0.0420129112479239,0.46926956918376905,0.04196433574928353,0.4692016310256488
360,6.0,feeder2_594,0.045524920482696074,0.45765255598868493,0.04547874118430172,0.457598442120758
360,6.0,feeder2_732,0.05693322091939485,0.4640222236282453,0.056892194051807045,0.463985819589088
360,6.0,feeder2_417,0.058639607948187365,0.47161058443549636,0.058596827275845205,0.4715810909772107
360,6.0,feeder2_663,0.05857760016274097,0.47150315499449297,0.058540487099617705,0.4714701744677763
360,6.0,feeder2_444,0.0601981489057086,0.4776746922115497,0.06015340664886408,0.47764851260724894
360,6.0,feeder2_759,0.060083214047538906,0.4776391226261837,0.06004254361741081,0.47760750404702973
360,6.0,feeder2_842,0.06012073314598549,0.47754698348426805,0.060080927479267514,0.4775140605067304
360,6.0,feeder2_459,0.06074680637056679,0.4798076461227052,0.060707248206789,0.4797796069268487
360,6.0,feeder2_702,0.05939308083432451,0.48083975166484116,0.0593520389087055,0.48080616728762404
360,6.0,feeder2_493,0.06298298875045731,0.48753913590646414,0.06294393106999557,0.4875067437343626
360,6.0,feeder2_651,0.042667466656361064,0.4679070356997581,0.04261761842320124,0.4678440269513088
360,6.0,feeder2_684,0.03992378347086958,0.48088072191035514,0.0398741501528084,0.4808061456073303
360,6.0,feeder2_674,0.06797509849770222,0.4926463045227198,0.06793278208986593,0.4926202564127911
360,6.0,feeder2_696,0.06285502632859885,0.48685832967745285,0.06281681414863975,0.4868279069843105
360,6.0,feeder2_681,0.08175324661570407,0.5066144501570672,0.08171259606791842,0.506588002476062
360,6.0,feeder2_682,0.06805269040665697,0.49272607548746367,0.06800921136844505,0.4926969838379343
360,6.0,feeder2_728,0.039723973729379324,0.48164389847347705,0.03967267975593774,0.48156814370572687
360,6.0,feeder2_724,0.03820092657665553,0.4911328853138346,0.03814959192664243,0.49105034369490363
360,6.0,feeder2_703,0.06271977417718504,0.4862956446244988,0.06267852508908765,0.48626340192894063
360,6.0,feeder2_704,0.06282678383616946,0.48673571419905504,0.06278560100073574,0.48670553960333035
360,6.0,feeder2_754,0.03805208009113274,0.4911225684857387,0.03799583718995347,0.49104702063976213
360,6.0,feeder2_747,0.03753170671393653,0.4953630249025288,0.03747825311358208,0.4952808534344123
360,6.0,feeder2_828,0.03977801985117147,0.481695578630573,0.03972907918582286,0.48161958552854384
360,6.0,feeder2_763,0.039407750195054686,0.48269420269132113,0.03935705886000516,0.4826189531219324
360,6.0,feeder2_836,0.03742433268772744,0.4951648831483263,0.037368135980754225,0.4950852432194394
360,6.0,feeder2_758,0.03699074421954929,0.49909587887168316,0.036939582851147096,0.4990067459274744
360,6.0,feeder2_788,0.035452094664042054,0.5002549326295642,0.0354007745452203,0.5001629440927463
360,6.0,feeder2_812,0.035720303773257356,0.5092934037558584,0.035665541369856175,0.5091969097022275
360,6.0,feeder2_947,0.03905706652764638,0.4826672128803079,0.03900667931871105,0.48259569303377464
360,6.0,feeder2_868,0.03928891772795637,0.48268461880708724,0.03924148826819578,0.4826076236834856
360,6.0,feeder2_785,0.03924030907627685,0.48336332553275,0.03918915593109675,0.4832893756215066
360,6.0,feeder2_1176,0.03913905901679391,0.4831817381915969,0.039086067572837446,0.48311171509131756
360,6.0,feeder2_846,0.03950205574209397,0.48360842271098076,0.039454124919522125,0.4835323387668321
360,6.0,feeder2_911,0.03879855146062322,0.4846100134516509,0.03874757677798235,0.484538108932006
360,6.0,feeder2_1107,0.036074770420357644,0.5176584508351412,0.03602112912454312,0.5175628230072653
360,6.0,feeder2_920,0.03529044511986723,0.509852154633873,0.03523332667960567,0.5097562097251791
360,6.0,feeder2_926,0.034625956773809835,0.5105517163255734,0.034572741779774915,0.5104483947110365
360,6.0,feeder2_1239,0.03532249914771963,0.5100210188536651,0.03526882988189889,0.509927101528179
360,6.0,feeder2_933,0.03437578573181721,0.5106616046537252,0.0343181225764035,0.5105586975388068
360,6.0,feeder2_1146,0.034424490283083996,0.5115105555355172,0.03437014902902883,0.5114071071072283
360,6.0,feeder2_1124,0.03434056468312212,0.5106130852705498,0.034282186072466636,0.5105125623081009
360,6.0,feeder2_942,0.033755252878443526,0.5109888468961064,0.033693478414269146,0.5108865040002344
360,6.0,feeder2_952,0.03296912733688509,0.510407763662149,0.0329054355166972,0.5103002008068392
360,6.0,feeder2_965,0.03373899366096743,0.5111286625211544,0.033679508641840536,0.511027142901224
360,6.0,feeder2_961,0.032900681316507745,0.510265124718685,0.03283769999868389,0.5101574733369415
360,6.0,feeder2_963,0.032965640411757806,0.5104250501586726,0.03290722759602535,0.5103101698965014
360,6.0,feeder2_973,0.03253081404448227,0.5094725034415705,0.032470606280453465,0.5093567001819975
360,6.0,feeder2_1128,0.032911040797603285,0.5103254406047185,0.032855636232090354,0.5102090610464796
360,6.0,feeder2_1113,0.03242565221940245,0.5108769966099436,0.0323632671228221,0.5107685515222916
360,6.0,feeder2_1143,0.032974566895206434,0.5103897272579916,0.03291963825936839,0.5102749611359157
360,6.0,feeder2_1238,0.031511576204469934,0.51299901832412,0.03145347759374356,0.5128909075382405
360,6.0,feeder2_979,0.03374682167281706,0.5111707513123394,0.033687979590316865,0.5110627247128539
360,6.0,feeder2_1236,0.032006800024598415,0.5083915334889053,0.031941922452629674,0.5082736486609618
360,6.0,feeder2_989,0.03253056033264417,0.5094715981776664,0.03246963560382795,0.5093571445149172
360,6.0,feeder2_1196,0.03392958710956495,0.5113383788406599,0.033873761134932186,0.5112298332024062
360,6.0,feeder2_1158,0.032424447394490095,0.5093497011714684,0.032361645222719976,0.5092373302102091
360,6.0,feeder2_1122,0.03624565021347643,0.5209925348949812,0.036194353106184816,0.5208956666094203
360,6.0,feeder2_1258,0.03599324438403836,0.5175551812134153,0.03594049087282478,0.5174636743526579
360,6.0,feeder2_1303,0.036212431492779994,0.5209722863391429,0.03615720405582358,0.5208821912096997
360,6.0,feeder2_1138,0.0363825236034824,0.5236318424233788,0.03632898884297613,0.5235411979180113
360,6.0,feeder2_1304,0.03694643507601238,0.5241471703056533,0.03689152765176506,0.5240553494788697
360,6.0,feeder2_1212,0.03660447355788024,0.5287778233174443,0.03655644193646764,0.528681488880407
360,6.0,feeder2_1311,0.03362629446505911,0.5313338422091982,0.03357419225932531,0.5312380066887744
360,6.0,feeder2_1290,0.03728666550975428,0.533195845484742,0.03723013079392399,0.5331097161974542
360,6.0,feeder2_1325,0.03141403622561575,0.5085977364381036,0.03135316587185479,0.5084712122700874
360,6.0,feeder2_1248,0.03200827460811886,0.5083838472209856,0.03194367715633826,0.5082657742607015
360,6.0,feeder2_1249,0.03150132527364226,0.5129910968633491,0.031440467377588294,0.5128863735198098
360,6.0,feeder2_1250,0.0299814006245261,0.5143313081140797,0.029920785336261642,0.5142259245191552
360,6.0,feeder2_1366,0.03254930621833324,0.5065275509196631,0.03248981020870855,0.5064043575583115
360,6.0,feeder2_1266,0.03594811576574306,0.517501277037266,0.03589420482587597,0.5174083741063403
360,6.0,feeder2_1372,0.03608594247361884,0.5341533603717256,0.036035654594610965,0.534058149134474
360,6.0,feeder2_1363,0.03826351370035123,0.5367381443032331,0.03820831098955173,0.5366515192180206
360,6.0,feeder2_1446,0.03135277450506109,0.5085986057446207,0.031289498298108065,0.5084704297375453
360,6.0,feeder2_1502,0.030752401416116397,0.5088555285599362,0.030687766490611838,0.5087215995739078
360,6.0,feeder2_1428,0.03877267755907964,0.5372124859084546,0.038726134258801385,0.5371195765358532
360,6.0,feeder2_1380,0.03931494194626372,0.5402889259426338,0.039263616027889275,0.5402027841327909
360,6.0,feeder2_1550,0.037472959693026206,0.5418742018437208,0.037421800350998735,0.5417865893871483
360,6.0,feeder2_1386,0.039974823539636495,0.5413037451307695,0.03992321476371386,0.5412187003171448
360,6.0,feeder2_1551,0.04013356694744999,0.5414706697312983,0.04008453812517021,0.5413826504019816
360,6.0,feeder2_1400,0.04028294690672387,0.5417524524567887,0.0402360733251761,0.5416672054195827
360,6.0,feeder2_1552,0.04049279941018513,0.5419752469939488,0.040440013115776795,0.5418956541945028
360,6.0,feeder2_1408,0.04090498859787928,0.5425760318701303,0.04085538249415383,0.5424926635638639
360,6.0,feeder2_1553,0.04298778448166906,0.5432615065501691,0.0429388093471328,0.5431812938472881
360,6.0,feeder2_1416,0.041101830001484076,0.5428056104351683,0.041052420078497354,0.5427215342679763
360,6.0,feeder2_1530,0.041026282527653016,0.5427857121802404,0.04097193480262195,0.5427084997522079
360,6.0,feeder2_1425,0.04147087170155542,0.5432715672020952,0.041421900151589905,0.5431857940092781
360,6.0,feeder2_1589,0.04439209562172649,0.5440484897996934,0.04434526312019173,0.5439647090399614
360,6.0,feeder2_1435,0.04146674259171028,0.5432601159041356,0.04141560300385167,0.5431787800088204
360,6.0,feeder2_1621,0.04126972421669646,0.5430030238174405,0.04121460337118979,0.5429255399527851
360,6.0,feeder2_1564,0.04148743390673888,0.5433958577485384,0.041436671669260364,0.5433143456954017
360,6.0,feeder2_1704,0.03093318307637294,0.5075454540453187,0.030864469582311226,0.5074149114521204
360,6.0,feeder2_1525,0.03062715153618162,0.509418638031347,0.03056361394544815,0.5092802029910937
360,6.0,feeder2_1716,0.030483455982412658,0.5092310190795274,0.030417301530933295,0.5090950174838731
360,6.0,feeder2_1537,0.030496427445968508,0.510076258809698,0.030426437268357816,0.5099423078565708
360,6.0,feeder2_1645,0.03108922515865461,0.5102359244947454,0.031024663437322172,0.5101003366789764
360,6.0,feeder2_1561,0.030261152736419224,0.510696403802724,0.030192882954047973,0.5105570957069596
360,6.0,feeder2_1657,0.030215315507189533,0.5106963326225715,0.030147670804303486,0.5105589466410577
360,6.0,feeder2_1570,0.030159042663860727,0.5109679978623587,0.030089385204080603,0.5108292357838291
360,6.0,feeder2_1756,0.02458449150804067,0.5159974334015593,0.024517529956244764,0.5158551035305308
360,6.0,feeder2_1588,0.03011890194894904,0.5109241911504351,0.030048869183346857,0.5107870191058883
360,6.0,feeder2_1628,0.030057172966088175,0.5109276180816023,0.029992707017582648,0.5107831133940303
360,6.0,feeder2_1598,0.03006600301225207,0.5108732790630877,0.030001296317053103,0.5107292944765471
360,6.0,feeder2_1816,0.029780762250790533,0.5105563977497846,0.029707112643400823,0.5104158453159575
360,6.0,feeder2_1765,0.029728433633652615,0.5104040378521365,0.029664430536486187,0.5102606484271751
360,6.0,feeder2_1641,0.029882872317061212,0.5109182325600514,0.029816374979971663,0.5107652779843671
360,6.0,feeder2_1689,0.029911864375842805,0.5099277555554992,0.02983976772135396,0.5097789869810642
360,6.0,feeder2_1744,0.029080204956976892,0.5116201095813968,0.029015158214710103,0.5114669776936113
360,6.0,feeder2_1817,0.03020081679758331,0.5102267192375061,0.03012989399477742,0.5100766289250829
360,6.0,feeder2_1779,0.030205655497540753,0.5087774238898815,0.030130113861491163,0.5086262100000528
360,6.0,feeder2_1800,0.029967661108876945,0.5099804168195885,0.029895814696253544,0.5098312992695169
360,6.0,feeder2_1818,0.027464481945352098,0.508578128692551,0.02737560239053053,0.508417338475736
360,6.0,feeder2_1753,0.029051353043423225,0.5115970409369653,0.028986266203544702,0.511446427618641
360,6.0,feeder2_1754,0.028534215130018917,0.5121102536983652,0.028471486911143352,0.5119579851334259
390,6.5,secondary,0.025504093190470575,0.019557053600405397,0.025489554948466667,0.019547335214483878
390,6.5,feeder2_44,0.04748891521942661,0.1020574677357055,0.04746316554130275,0.10199673593935901
390,6.5,feeder2_45,0.04828732211412961,0.10502277711474206,0.04826463875535039,0.10495945847571438
390,6.5,feeder2_46,0.047075783693789536,0.1045151251253117,0.047048717532563865,0.1044592526976777
390,6.5,feeder2_51,0.049676818047927764,0.11023431275987315,0.04964647235190293,0.1101680615919944
390,6.5,feeder2_48,0.04858926143738726,0.10456637734348982,0.04856209448459983,0.10450698764064797
390,6.5,feeder2_52,0.04946134870864476,0.11015984963943916,0.049434925664109695,0.11009189866058322
390,6.5,feeder2_68,0.05361720914482478,0.12493849285561294,0.053592834821673145,0.12485873742940311
390,6.5,feeder2_69,0.0537202006028493,0.12512786684636573,0.053692149474708704,0.12505056918428414
390,6.5,feeder2_71,0.054138665747926994,0.12687604491694865,0.05410777682445353,0.1268039835411638
390,6.5,feeder2_72,0.05423635554341084,0.12671203870890285,0.05420388814107462,0.12663467207175125
390,6.5,feeder2_73,0.05577326640703815,0.13295597756395444,0.055747336904063034,0.13287329610355614
390,6.5,feeder2_74,0.055642009240541454,0.13290815227500857,0.055612214872549255,0.1328257339405919
390,6.5,feeder2_77,0.0571811129224525,0.13817989334452754,0.057151613697441664,0.1380923054381496
390,6.5,feeder2_79,0.05686057838897771,0.13911297809246834,0.05683030012359891,0.13902703134253475
390,6.5,feeder2_81,0.05936241863630145,0.1460239198748982,0.0593306800285249,0.14593032285049867
390,6.5,feeder2_82,0.05962716065532435,0.14559715608477658,0.059594988090285114,0.14550365383288008
390,6.5,feeder2_116,0.06918630554419779,0.1815854453989824,0.06915295939044291,0.1814673430787445
390,6.5,feeder2_119,0.06735590615953294,0.1825632100594864,0.06731729258295031,0.18244703504049037
390,6.5,feeder2_120,0.07311395157371528,0.19437095789227107,0.07307626190945213,0.19424470081868803
390,6.5,feeder2_248,0.07299749739056652,0.19432439750280528,0.07295867015682606,0.194197301881542
390,6.5,feeder2_124,0.075540020158949,0.20226080845487937,0.07549967372156895,0.20212682262841028
390,6.5,feeder2_282,0.07559159492923753,0.20216325942899732,0.07554824284562174,0.20203342751680026
390,6.5,feeder2_275,0.07460452948671344,0.20290851487889427,0.07456892009094057,0.20277417591387606
390,6.5,feeder2_151,0.07994459427862553,0.2157045030375978,0.07990033125697725,0.21556347676484408
390,6.5,feeder2_295,0.08001023469911481,0.21580975241059794,0.07996742874582793,0.2156662907487234
390,6.5,feeder2_311,0.0801255611100356,0.21600744716588488,0.08008519033148612,0.21586411530448396
390,6.5,feeder2_201,0.08718346094079522,0.2375839656820849,0.08713869032635846,0.23742497020314418
390,6.5,feeder2_314,0.08797958510160724,0.23670089190764043,0.08793758390030766,0.2365408977681587
390,6.5,feeder2_342,0.09723537293532568,0.2705041873007425,0.09718269578773635,0.27032369666713524
390,6.5,feeder2_368,0.10006387188951585,0.2827776380567851,0.10001796880852686,0.28259087532949256
390,6.5,feeder2_347,0.09774161040577323,0.26382642269647194,0.09768979104459513,0.2636308663220505
390,6.5,feeder2_353,0.09800257251890428,0.26058761092907884,0.09794984169783658,0.26038950034034064
390,6.5,feeder2_518,0.09784110242526903,0.26364450050495053,0.09778685140047291,0.2634521639463705
390,6.5,feeder2_365,0.0983239231423816,0.257071345536822,0.0982659187378069,0.25687031090646784
390,6.5,feeder2_653,0.09768134580394501,0.2604724277279815,0.09762535888426942,0.26027361739217236
390,6.5,feeder2_377,0.0984788214678529,0.25494168683793,0.09842175051141687,0.25473425597653715
390,6.5,feeder2_622,0.09786779802203821,0.25779726022642935,0.09781350705660388,0.25758978400352106
390,6.5,feeder2_451,0.10008891206322701,0.2827215584915285,0.1000417417352506,0.28253752719841885
390,6.5,feeder2_383,0.10470845744933058,0.30268168782147714,0.1046608627487573,0.302496208237942
390,6.5,feeder2_385,0.09865158748895916,0.2524515076517206,0.09859166628814814,0.25223666920033183
390,6.5,feeder2_621,0.09854897100366328,0.2550536846107046,0.09849048742332361,0.2548427247929742
390,6.5,feeder2_611,0.10449330776591721,0.3025964144022094,0.10444170657924834,0.3024139714721983
390,6.5,feeder2_405,0.10500420448807914,0.3039317668498412,0.1049549431408631,0.3037502853278674
390,6.5,feeder2_461,0.0993958435308717,0.2424219912928001,0.09933896317051426,0.2421856828493803
390,6.5,feeder2_594,0.09857602618168072,0.2524184001178263,0.098515398392687,0.25220519470566105
390,6.5,feeder2_732,0.10252318808999493,0.30564789761019445,0.10247577412630293,0.30546586670436077
390,6.5,feeder2_417,0.10742989213724352,0.31303742850655736,0.10737846568302696,0.31286014186061395
390,6.5,feeder2_663,0.10726967821172055,0.31378172466686527,0.10722054940065257,0.3136017745177561
390,6.5,feeder2_444,0.10925940375021007,0.3197039601980457,0.10920811718859127,0.3195245062845523
390,6.5,feeder2_759,0.10929782193310336,0.3196051028049216,0.10924841579524502,0.3194237218142136
390,6.5,feeder2_842,0.13896117380194195,0.36085335899044785,0.13890932911534837,0.36067700760193394
390,6.5,feeder2_459,0.10932076291513511,0.3196121633752376,0.10926969464651809,0.3194338358882184
390,6.5,feeder2_702,0.11094413403320859,0.3178282339117772,0.11089524206931789,0.3176486998769136
390,6.5,feeder2_493,0.10940015999742389,0.3199718746745131,0.10935010625856059,0.31979056483383866
390,6.5,feeder2_651,0.09951668816600658,0.2426332410676055,0.09945546649983573,0.242404395563051
390,6.5,feeder2_684,0.09997994494543962,0.23403443566209223,0.09991736712189671,0.23378598826232946
390,6.5,feeder2_674,0.10935151969289182,0.31994664430433,0.10930050363401152,0.31976868167604217
390,6.5,feeder2_696,0.10968059516390015,0.321141429806387,0.10962632227069637,0.32096358089185634
390,6.5,feeder2_681,0.10926766633306713,0.31990014374535297,0.10921544407338768,0.3197198299857948
390,6.5,feeder2_682,0.10927713911960904,0.31991263436857453,0.10922597539043263,0.31973589048490997
390,6.5,feeder2_728,0.0999387953691652,0.23417220541000952,0.0998724907446332,0.23392594662842214
390,6.5,feeder2_724,0.10061967254596912,0.22515884024504343,0.10055398051830408,0.22489450765652508
390,6.5,feeder2_703,0.11037501259582659,0.32220148751037836,0.11032585157677308,0.3220196782386209
390,6.5,feeder2_704,0.10977964798117686,0.321293900361111,0.10972866417195823,0.3211122442174909
390,6.5,feeder2_754,0.10073740237478215,0.22496787041344246,0.10067545466809866,0.2246996692068644
390,6.5,feeder2_747,0.10089326503574239,0.22164554593013308,0.10082936978512813,0.22137030574814412
390,6.5,feeder2_828,0.09988676734492305,0.2341511015914551,0.09982698625314258,0.23390054045790812
390,6.5,feeder2_763,0.09989830994345382,0.23441971298581196,0.09983256642788844,0.23417637145062162
390,6.5,feeder2_836,0.10101963668172681,0.22187282040986187,0.10095215312611813,0.22160128268722598
390,6.5,feeder2_758,0.10111313325491363,0.21853060698976715,0.10104765474454148,0.2182509019036164
390,6.5,feeder2_788,0.10395774127403572,0.2154774000144971,0.10389111080958599,0.21519633378789385
390,6.5,feeder2_812,0.10121818911385266,0.21292422621728024,0.1011520216467228,0.21262095997363661
390,6.5,feeder2_947,0.10014743619914725,0.23401027727750842,0.10008170044207593,0.2337658954824717
390,6.5,feeder2_868,0.09998169337491203,0.23428174169509075,0.09992203845735231,0.2340326238961016
390,6.5,feeder2_785,0.09986783828727935,0.23473663297243122,0.09980782462821898,0.23448997562319582
390,6.5,feeder2_1176,0.09886766111160988,0.23647959859443504,0.09880672877956972,0.23623661460344625
390,6.5,feeder2_846,0.09960990044130034,0.23464155034702128,0.0995454320813186,0.23439487886918642
390,6.5,feeder2_911,0.09986867719649298,0.23468134078925623,0.09980824777898406,0.23443333376913664
390,6.5,feeder2_1107,0.10101272195025858,0.20953225660850927,0.10094249675287773,0.20923097122805323
390,6.5,feeder2_920,0.10130747386461858,0.21231448345555878,0.10123633941196508,0.21200891300037664
390,6.5,feeder2_926,0.10158746295225621,0.21111092321596184,0.10151773362196972,0.21079574489172198
390,6.5,feeder2_1239,0.10113472204553826,0.21266469118815814,0.10106820764403124,0.21235793630157676
390,6.5,feeder2_933,0.1016120476853865,0.21120159139302788,0.10154144886995985,0.2108882891563869
390,6.5,feeder2_1146,0.10205739348554828,0.20817238659167925,0.10198463824618251,0.20785908600252817
390,6.5,feeder2_1124,0.10164571151854661,0.21125904768801643,0.10157512101284037,0.2109436164654766
390,6.5,feeder2_942,0.10166397116504637,0.21137761341520073,0.10159226415208233,0.21105539157072317
390,6.5,feeder2_952,0.10224331526340932,0.21048171269074215,0.1021663170030155,0.2101507036055138
390,6.5,feeder2_965,0.10159875359855086,0.21152962839691924,0.10152491766731273,0.21120972116969652
390,6.5,feeder2_961,0.10226603504918343,0.21065140235805008,0.10219148059424454,0.21031795360083788
390,6.5,feeder2_963,0.10225186761344267,0.21042491480243208,0.10217932082916062,0.2100936997652382
390,6.5,feeder2_973,0.10239313739912369,0.21157518684446364,0.10231421997680518,0.21124099728902487
390,6.5,feeder2_1128,0.10225563224641739,0.21062367289883455,0.10218243776020279,0.21028952298941977
390,6.5,feeder2_1113,0.10343682859989621,0.20917646194325876,0.10336236256698497,0.20884359955549908
390,6.5,feeder2_1143,0.10224665592425257,0.21023265480698103,0.10217030564935355,0.2099030326646241
390,6.5,feeder2_1238,0.10167623681299322,0.21138853366642682,0.10160397568819843,0.21106767300640683
390,6.5,feeder2_979,0.10151417849693727,0.21173928496726904,0.10143898087651929,0.2114160168066461
390,6.5,feeder2_1236,0.10255657179838239,0.21283512537746122,0.10247923801995065,0.2124919785593711
390,6.5,feeder2_989,0.10239338328399178,0.21157642218904293,0.10231421997680518,0.21124099728902487
390,6.5,feeder2_1196,0.10039199795542073,0.21275437277790354,0.10032079363528888,0.2124293690786136
390,6.5,feeder2_1158,0.1024930094517417,0.21173093973891208,0.1024162340876162,0.21139311394798455
390,6.5,feeder2_1122,0.10091333581907738,0.20812698052092987,0.10084848468470764,0.2078198598394811
390,6.5,feeder2_1258,0.10108985330237706,0.20965904738839383,0.10102228707301616,0.2093535456857621
390,6.5,feeder2_1303,0.10095293118497534,0.20805155582084806,0.10088300351854373,0.20774723724668703
390,6.5,feeder2_1138,0.10083723536373701,0.20705100741524396,0.10076595940042457,0.20674724680672438
390,6.5,feeder2_1304,0.09954754347852443,0.20777397016624094,0.09948235603979261,0.20746162720578784
390,6.5,feeder2_1212,0.10096318551866773,0.2043188855526846,0.10089186397386393,0.20401299823825406
390,6.5,feeder2_1311,0.10101921560532529,0.20421386320325516,0.10095029647393819,0.20390804227681658
390,6.5,feeder2_1290,0.10112563752904598,0.2010341469743779,0.10105984919916981,0.20072755723460986
390,6.5,feeder2_1325,0.10272566279064131,0.21430712334504406,0.10264403334560572,0.21395114962614722
390,6.5,feeder2_1248,0.1025574028645347,0.2128364684265907,0.1024802238498806,0.21249231579442035
390,6.5,feeder2_1249,0.10168890394637532,0.21136386219549655,0.10161929998555386,0.2110390775442237
390,6.5,feeder2_1250,0.1017002878268081,0.21134902333182606,0.10162831297292209,0.21102671832180625
390,6.5,feeder2_1366,0.10267177082576377,0.21302464850559144,0.10259542959819108,0.21267676625667972
390,6.5,feeder2_1266,0.10113282145071177,0.20972724962275816,0.10106558114162198,0.20942657578439808
390,6.5,feeder2_1372,0.10126187718911145,0.20081527640011745,0.10119128903472563,0.20051026461391305
390,6.5,feeder2_1363,0.10130522517427806,0.1978167480855912,0.10123467332969921,0.19750631664728163
390,6.5,feeder2_1446,0.10420808773797101,0.21272117985310987,0.10412940529656119,0.21236285261567361
390,6.5,feeder2_1502,0.10260291944676672,0.21807721648257833,0.10252195537331026,0.2177092147582296
390,6.5,feeder2_1428,0.10079511134890021,0.19770128734528913,0.10072730003763193,0.1973894005697858
390,6.5,feeder2_1380,0.10167633794199993,0.19419979241525498,0.10161055945912086,0.19388602815370268
390,6.5,feeder2_1550,0.10170629059960797,0.1941508547075609,0.10163816781553943,0.19384019849342823
390,6.5,feeder2_1386,0.1018587002181943,0.19246490551928003,0.10179083613528783,0.1921502496429058
390,6.5,feeder2_1551,0.1010772479561831,0.19317958642335814,0.10100650278222637,0.192866030219836
390,6.5,feeder2_1400,0.10200113151284804,0.19149819949090785,0.10193604076399773,0.19118321879845931
390,6.5,feeder2_1552,0.10178859762817448,0.19141518254719106,0.10172012034068226,0.1911036712729585
390,6.5,feeder2_1408,0.10231456690816164,0.18955044091899378,0.10224401594670192,0.18923678182607087
390,6.5,feeder2_1553,0.10218635902890501,0.18951234388750152,0.10211406443097627,0.1892032161708814
390,6.5,feeder2_1416,0.10248298190849205,0.18854811159745216,0.10241688025506268,0.18823534150860022
390,6.5,feeder2_1530,0.10608284665646975,0.1848149173642183,0.10601595924183936,0.18449685080110131
390,6.5,feeder2_1425,0.10247865888622701,0.18863534499198326,0.10240928351486259,0.1883244193605047
390,6.5,feeder2_1589,0.1022348218963979,0.1885865514692929,0.10216958564405994,0.18826826532857707
390,6.5,feeder2_1435,0.10248214743288322,0.1886597955633087,0.10241445926806379,0.1883456117951611
390,6.5,feeder2_1621,0.10264036667372442,0.18895564928037117,0.1025711358298853,0.18864514196585108
390,6.5,feeder2_1564,0.10245914228600354,0.18860930386587474,0.10239205250045956,0.18829322290268155
390,6.5,feeder2_1704,0.10196172147852209,0.21931886229517053,0.10187897927455573,0.21895439678510006
390,6.5,feeder2_1525,0.10252488639821822,0.21852803142740612,0.10243932799518403,0.21815632615158495
390,6.5,feeder2_1716,0.10099127712503314,0.22078264621351118,0.10090583442201806,0.22041876162333887
390,6.5,feeder2_1537,0.10240790840477293,0.21863373194062072,0.10232470600813313,0.2182572159151785
390,6.5,feeder2_1645,0.10128560927257416,0.21962181687148538,0.10119900655176793,0.21924631767485533
390,6.5,feeder2_1561,0.1024736339548934,0.21828528057429805,0.10238912419477891,0.21790524261761068
390,6.5,feeder2_1657,0.1025342281789758,0.2181911710490147,0.10244934106900858,0.21780878946131418
390,6.5,feeder2_1570,0.1025027287142579,0.21815530439384007,0.10241349740153073,0.2177735534013508
390,6.5,feeder2_1756,0.1026020301274117,0.21798082719475106,0.10251635576324089,0.21760141349636983
390,6.5,feeder2_1588,0.10253081172242441,0.21804346196624513,0.10244515893446059,0.21765732324241335
390,6.5,feeder2_1628,0.10335576942039752,0.21713886851047293,0.10326636174612285,0.2167534661573426
390,6.5,feeder2_1598,0.1025301652684307,0.21816089668693106,0.10244049622445502,0.21777502016953362
390,6.5,feeder2_1816,0.10278035639964109,0.21855175986572228,0.10269465238567724,0.21816152349744206
390,6.5,feeder2_1765,0.10281973697500865,0.21868765396203063,0.10272733408362572,0.21830144955351985
390,6.5,feeder2_1641,0.10245709956206417,0.218373599832913,0.10236545094134027,0.21797269284695825
390,6.5,feeder2_1689,0.10240145776912468,0.2186398569217228,0.10231174670030273,0.21822714092690712
390,6.5,feeder2_1744,0.10249329810836398,0.21831205074163185,0.10240699364178488,0.21791067936547068
390,6.5,feeder2_1817,0.1023866952397082,0.2185966602924724,0.1022932430233924,0.21818571041593324
390,6.5,feeder2_1779,0.10242426139032278,0.21868151814104445,0.10233464009159578,0.21826752163979812
390,6.5,feeder2_1800,0.1023465610748604,0.21861864286579583,0.10225556302821451,0.21820516580594995
390,6.5,feeder2_1818,0.10173412526062967,0.21832129401160272,0.10163234048320736,0.21788747645963472
390,6.5,feeder2_1753,0.10254683791712323,0.21821649179132127,0.10245814073826871,0.2178179055902956
390,6.5,feeder2_1754,0.10250674182944533,0.2182903128644875,0.10241702795118433,0.21789170233396646
420,7.0,secondary,0.028693575233536533,0.01841944076635104,0.02868154171274624,0.018413174827524127
420,7.0,feeder2_44,0.053394507981562034,0.09606105768971737,0.053374713290170225,0.096033324596653
420,7.0,feeder2_45,0.05428236768825918,0.09860946922476137,0.05425989358531734,0.09858107588346839
420,7.0,feeder2_46,0.05300366301149306,0.1014757084636143,0.05298202400800067,0.1014516553917848
420,7.0,feeder2_51,0.05582413822260838,0.10304186732026832,0.0558048764588041,0.10301032627393979
420,7.0,feeder2_48,0.05465289030549759,0.09851460936101691,0.05463390590552515,0.0984851240195502
420,7.0,feeder2_52,0.05560951512668107,0.10285112654624758,0.05558623190055768,0.102824909410049
420,7.0,feeder2_68,0.0601936365563474,0.11561047795956647,0.06017390395749449,0.11557520871139011
420,7.0,feeder2_69,0.06027494267848351,0.1157825418400183,0.0602512468116194,0.1157521814096383
420,7.0,feeder2_71,0.06077198263712269,0.11726846025000404,0.060750307449329535,0.11723190181008648
420,7.0,feeder2_72,0.060898466278886725,0.11725322875807451,0.06087842907678837,0.1172176138092282
420,7.0,feeder2_73,0.06258358399564719,0.12245704520246026,0.06255901702038662,0.12242194468209992
420,7.0,feeder2_74,0.06245221063836059,0.12233820184764889,0.062425498055759004,0.12230533139718203
420,7.0,feeder2_77,0.06414344777597657,0.12692880376613055,0.0641227228747621,0.12688840999946885
420,7.0,feeder2_79,0.06430367841829866,0.12730901073349432,0.06428191828617415,0.12726649276454274
420,7.0,feeder2_81,0.06658555270958749,0.13386588405176386,0.0665575642741297,0.1338299407867889
420,7.0,feeder2_82,0.06691707436497721,0.13379446161750605,0.06689467920386462,0.13375208011781342
420,7.0,feeder2_116,0.0775766391993884,0.1650181728024073,0.07754684092501092,0.1649656176543872
420,7.0,feeder2_119,0.07675812695113453,0.1642886990092977,0.07672648897020916,0.16423870757368675
420,7.0,feeder2_120,0.08175239212601326,0.17699974341930044,0.08172016058928776,0.17695037154448276
420,7.0,feeder2_248,0.08163456139866487,0.1768915649806361,0.08159890596322558,0.17684245037963012
420,7.0,feeder2_124,0.08433237711946694,0.1844181352248109,0.08430287815035202,0.18435948999471838
420,7.0,feeder2_282,0.08453100767696721,0.1844861072392969,0.08449947529151934,0.18442821068986712
420,7.0,feeder2_275,0.08351989274379927,0.18421164852834418,0.08348664690852874,0.18415707051559163
420,7.0,feeder2_151,0.08900781884369553,0.1974814628509984,0.08897019288085548,0.19742460107499638
420,7.0,feeder2_295,0.0892406696434771,0.19778771259398842,0.0892057337826514,0.19772452609357655
420,7.0,feeder2_311,0.08906996245561383,0.19758339819355453,0.08903483949021966,0.19752640717671227
420,7.0,feeder2_201,0.09666572676869871,0.2187183363153965,0.09662412389927952,0.21865715200083766
420,7.0,feeder2_314,0.0974901511540371,0.218046179251604,0.09745143827114125,0.21798450284008553
420,7.0,feeder2_342,0.10728259011552499,0.2501793428802741,0.10723944800015112,0.2501094684716859
420,7.0,feeder2_368,0.10739334379580351,0.25023625008944794,0.10734817238220559,0.25016513329373175
420,7.0,feeder2_347,0.1123323970609804,0.26552310183924527,0.1122884891773388,0.26544511176129937
420,7.0,feeder2_353,0.11473813164735687,0.27366748500905436,0.11469174130779523,0.2735900236016532
420,7.0,feeder2_518,0.11366927888231738,0.264469134902012,0.11362509105291775,0.2643897751108615
420,7.0,feeder2_365,0.1174398892250323,0.28286161260867637,0.11739175255924615,0.2827805648549682
420,7.0,feeder2_653,0.11441469987474195,0.2733752999183363,0.11437166095357168,0.27329198328955334
420,7.0,feeder2_377,0.11890624245377329,0.2878468569452297,0.11885760247357599,0.28776528236124177
420,7.0,feeder2_622,0.11746087124332838,0.282894257919282,0.11741311815212446,0.2828118887319613
420,7.0,feeder2_451,0.10743119718157192,0.25024270427134493,0.10738764243054656,0.2501715540600613
420,7.0,feeder2_383,0.10757070095545654,0.2503176781913715,0.10752950346991866,0.25024364212649647
420,7.0,feeder2_385,0.12056822762786597,0.29349016164457054,0.12052191908972587,0.29340045132318826
420,7.0,feeder2_621,0.11916938922983046,0.2881615535721557,0.11912433926485066,0.28807300141021824
420,7.0,feeder2_611,0.10735090568941907,0.25011780129788774,0.10730703094277087,0.2500469298744482
420,7.0,feeder2_405,0.10758485029928824,0.25033378399847034,0.1075458233500022,0.2502570650354844
420,7.0,feeder2_461,0.12734443953682234,0.3165289489448565,0.12729435689712273,0.3164348625894571
420,7.0,feeder2_594,0.1204921933031731,0.2934179017515965,0.12044700825229024,0.2933311870902129
420,7.0,feeder2_732,0.10596331862218213,0.25007030501737404,0.10591956096951778,0.24999431866385693
420,7.0,feeder2_417,0.10782986482625943,0.2505670032927146,0.10778993634162251,0.2504872995235804
420,7.0,feeder2_663,0.107935383193545,0.2506908089964961,0.10788919503223979,0.2506194985223728
420,7.0,feeder2_444,0.10800422879202619,0.2507095183468591,0.10796126574353063,0.2506400950552842
420,7.0,feeder2_759,0.10807245469123199,0.25071843010220335,0.1080285768134606,0.2506444470721489
420,7.0,feeder2_842,0.10805487650443288,0.2507942075570876,0.10801185926727912,0.2507217951090697
420,7.0,feeder2_459,0.10806371981808495,0.2507533048953471,0.10802013154129582,0.2506802663237997
420,7.0,feeder2_702,0.10996939200698636,0.24928005143630755,0.10992899019451187,0.2492036764733525
420,7.0,feeder2_493,0.10810816730955047,0.2514543514353759,0.10806561092833182,0.25137982760396715
420,7.0,feeder2_651,0.12745698061984914,0.31671469866986274,0.1274092523527578,0.3166183073275465
420,7.0,feeder2_684,0.13281737702252389,0.3350692898929339,0.13276300751485917,0.33497368011869116
420,7.0,feeder2_674,0.1079405470912004,0.25130122906788105,0.1078953292457892,0.25122845832597185
420,7.0,feeder2_696,0.10843480280183176,0.2541878224949212,0.10839636520608173,0.25410869484965626
420,7.0,feeder2_681,0.10753282358488822,0.2509300794554191,0.1074916726159744,0.2508567727195679
420,7.0,feeder2_682,0.10786364615560427,0.2512291955515877,0.10781816303051922,0.25115799751120654
420,7.0,feeder2_728,0.13295735693811148,0.33443202153606355,0.1329044177580039,0.3343350772348659
420,7.0,feeder2_724,0.1382182097333821,0.35550643209527755,0.13816312951262208,0.35539999599783617
420,7.0,feeder2_703,0.10936183245899336,0.2558020973380962,0.10932091699126789,0.2557249903158856
420,7.0,feeder2_704,0.10831354092756972,0.254791546375244,0.10826946633056424,0.25472251960707654
420,7.0,feeder2_754,0.13833632134536733,0.3555126522044513,0.13827731500345358,0.3554095873047142
420,7.0,feeder2_747,0.1404289319575386,0.3638332987490483,0.14036888984066717,0.36372895398387517
420,7.0,feeder2_828,0.13277163222609925,0.33424364686249397,0.13271552412146234,0.33414906055367594
420,7.0,feeder2_763,0.13323282605495712,0.33378182080427016,0.1331826843149189,0.3336793921107807
420,7.0,feeder2_836,0.13957276332811439,0.3666891724660454,0.13951284562999589,0.36658437268520694
420,7.0,feeder2_758,0.14226774760116623,0.36968434373203757,0.14220836657734384,0.36957744524836633
420,7.0,feeder2_788,0.1422905366327834,0.3696876104855526,0.14223072913729545,0.3695813743875703
420,7.0,feeder2_812,0.14792794550086258,0.3876797850571017,0.14786727992337287,0.3875592917371197
420,7.0,feeder2_947,0.13619473293912918,0.3314723339504256,0.13614349210154694,0.3313725095686071
420,7.0,feeder2_868,0.13326062884501486,0.33378782168064675,0.1332060761966926,0.3336912657731892
420,7.0,feeder2_785,0.133246269435777,0.3338328844132054,0.13319112667344213,0.33373954734764466
420,7.0,feeder2_1176,0.13355646909874855,0.3343171166430857,0.13350651675294842,0.3342166802784113
420,7.0,feeder2_846,0.1331570082086263,0.333747861539307,0.13310659986450646,0.3336479371751861
420,7.0,feeder2_911,0.13324817345816378,0.3338494946365046,0.13319042529790687,0.333754830944387
420,7.0,feeder2_1107,0.14692092635438392,0.38764592228519174,0.14685691717794502,0.38753361717887563
420,7.0,feeder2_920,0.1497962237087798,0.3927539592821855,0.14973439297519164,0.39262912975386544
420,7.0,feeder2_926,0.1525919627056761,0.40037946212453623,0.15253448710328346,0.40024731363823823
420,7.0,feeder2_1239,0.14978805302980483,0.392706948634523,0.14972516368944977,0.3925871091315653
420,7.0,feeder2_933,0.1537760611859052,0.40403763819205957,0.1537106298046032,0.40390731029534405
420,7.0,feeder2_1146,0.1528539018594947,0.39909760396519894,0.15279161814779796,0.3989703612260479
420,7.0,feeder2_1124,0.15381182163608056,0.404085901381432,0.15374747566202815,0.4039534628463865
420,7.0,feeder2_942,0.1567690218850507,0.41328818100054815,0.15670675813597018,0.4131501979597326
420,7.0,feeder2_952,0.16109328956920127,0.4305393863417149,0.16102863307841878,0.4303909170347163
420,7.0,feeder2_965,0.15678301100097458,0.41283245388066975,0.15671869716487305,0.4126954270375448
420,7.0,feeder2_961,0.16154016556980463,0.4325207951927766,0.16147360540251263,0.4323732807955505
420,7.0,feeder2_963,0.16109786560446276,0.4305154733124127,0.16103342467719964,0.4303648697913748
420,7.0,feeder2_973,0.16392676305368617,0.4431172439567458,0.16385779271073692,0.4429624902696065
420,7.0,feeder2_1128,0.16153042687664193,0.4324636101500722,0.16146611895823287,0.43231324321375936
420,7.0,feeder2_1113,0.16178110422021583,0.4299128975723097,0.16171200681588468,0.42977037939879575
420,7.0,feeder2_1143,0.161088252700462,0.43053789777441237,0.1610208147881067,0.43039000634132246
420,7.0,feeder2_1238,0.16170575818237615,0.4085257334872568,0.1616436697830857,0.4083876934014025
420,7.0,feeder2_979,0.1567350102891389,0.4125679930000437,0.15666811589506233,0.4124322803857016
420,7.0,feeder2_1236,0.16742645885861832,0.4578949465543988,0.16735623548551304,0.45772744937173343
420,7.0,feeder2_989,0.1639274588933255,0.4431274882066809,0.1638609211194547,0.442971148404836
420,7.0,feeder2_1196,0.15558760015273163,0.4115250593390928,0.15552200198512656,0.4113892802782371
420,7.0,feeder2_1158,0.16365790251037174,0.444369086563713,0.1635923862392475,0.4442087475068562
420,7.0,feeder2_1122,0.1464418484156171,0.38632095677569195,0.1463855229830845,0.3862062333194276
420,7.0,feeder2_1258,0.1466353985416435,0.3892572120992969,0.14657789373960475,0.38914009417487777
420,7.0,feeder2_1303,0.14816962294204078,0.38506807985422464,0.14810758150594042,0.3849615741837641
420,7.0,feeder2_1138,0.14598055738502239,0.3856829188620726,0.14591909808398176,0.3855731624464677
420,7.0,feeder2_1304,0.14539048015729916,0.3851353729031986,0.1453302025305479,0.3850262213469461
420,7.0,feeder2_1212,0.14510246854287798,0.3848179003623474,0.14504269207124526,0.38471145647664934
420,7.0,feeder2_1311,0.14515695335700213,0.3848471420243191,0.14509818262522226,0.38473591488489317
420,7.0,feeder2_1290,0.14404496131908404,0.3837453804327815,0.14398324612919863,0.3836417028619109
420,7.0,feeder2_1325,0.17219730839052386,0.4781138564439982,0.17212839264236854,0.477931347477514
420,7.0,feeder2_1248,0.16742708016385893,0.45789583965532515,0.16735730739072266,0.45772936038483336
420,7.0,feeder2_1249,0.16313373555202954,0.4072730542274743,0.16307374821808185,0.40713596702985105
420,7.0,feeder2_1250,0.16172696059058647,0.4085278932297865,0.16166599879743968,0.40838936995416275
420,7.0,feeder2_1366,0.1675128002901072,0.4580230597929931,0.16744511078407104,0.45785600915883345
420,7.0,feeder2_1266,0.14651800802979298,0.39029883239180163,0.14645861327294424,0.39018347992296726
420,7.0,feeder2_1372,0.1441808362767033,0.3837604038821346,0.14412240191004125,0.3836526403074688
420,7.0,feeder2_1363,0.14294023018358717,0.38257089666290145,0.14288223085595617,0.38246873499316275
420,7.0,feeder2_1446,0.17340044410021693,0.47700853510595653,0.17332494359370568,0.47683276625795634
420,7.0,feeder2_1502,0.17733664594341197,0.5024045980938833,0.17726581757791907,0.5022079793834183
420,7.0,feeder2_1428,0.14212352612206425,0.38232654040525066,0.14206237409110056,0.38222500793405706
420,7.0,feeder2_1380,0.14206134733072798,0.38181281636468933,0.14200493826566235,0.38171215325997937
420,7.0,feeder2_1550,0.1420922967598955,0.38181856605745146,0.14203594993589663,0.38171986533163604
420,7.0,feeder2_1386,0.14164472154244404,0.38147551595042195,0.14158465952576496,0.3813844129221029
420,7.0,feeder2_1551,0.14088794435944593,0.38114510875687535,0.14083205037379426,0.3810487050023674
420,7.0,feeder2_1400,0.14150444114832791,0.38142638414389457,0.1414469214937202,0.381333445375921
420,7.0,feeder2_1552,0.14030166438981573,0.3809241009031301,0.14024732695765138,0.3808277297946583
420,7.0,feeder2_1408,0.14141873868277435,0.3817112960233393,0.14135836085743073,0.38162702450971
420,7.0,feeder2_1553,0.14129143826536134,0.38158573724440814,0.1412361792568182,0.381493210225734
420,7.0,feeder2_1416,0.14138173516812003,0.3819099580338142,0.14132385447840468,0.3818235371715815
420,7.0,feeder2_1530,0.14621403155942642,0.38289137956187874,0.14615905998409953,0.3828105234607444
420,7.0,feeder2_1425,0.1412939789165078,0.381420199198302,0.1412356726530761,0.3813323960884143
420,7.0,feeder2_1589,0.1401417429075411,0.38032704345470525,0.14008659391609785,0.38023731553219364
420,7.0,feeder2_1435,0.14129733924184273,0.3814306488928127,0.14124164647888,0.381337738506181
420,7.0,feeder2_1621,0.14144764621296108,0.3816769827189278,0.14138862984434752,0.3815892661486116
420,7.0,feeder2_1564,0.14127400975292032,0.38129872665618986,0.14122116655965838,0.38120802912655805
420,7.0,feeder2_1704,0.1773684612514815,0.5024494542362,0.1772969896511828,0.5022504504974409
420,7.0,feeder2_1525,0.17865956118801615,0.5086710102893921,0.17858089980353606,0.5084762412334523
420,7.0,feeder2_1716,0.17827993824178107,0.5105601271335568,0.17820512837869149,0.5103617588212218
420,7.0,feeder2_1537,0.18011925988984612,0.5153968960918182,0.180039410344716,0.5151958137264103
420,7.0,feeder2_1645,0.18002675446508973,0.5152962321615235,0.17994607541363006,0.5150969297359076
420,7.0,feeder2_1561,0.18178232867209146,0.5230964978870144,0.181705949355293,0.5228857918298214
420,7.0,feeder2_1657,0.18182936142335668,0.5230814223550133,0.18175357950852275,0.5228741533454967
420,7.0,feeder2_1570,0.18250207171577346,0.5264258510615596,0.18242730131704518,0.5262142509708784
420,7.0,feeder2_1756,0.18257006964098355,0.5264289066261227,0.18249569737783855,0.5262143471600221
420,7.0,feeder2_1588,0.18317625288003875,0.5295382394293298,0.18309801493978053,0.5293235877095998
420,7.0,feeder2_1628,0.18319142667400373,0.5295344145859975,0.183114535416824,0.5293223460443042
420,7.0,feeder2_1598,0.1840291128558322,0.5334743095797299,0.18395124925780973,0.5332577814623027
420,7.0,feeder2_1816,0.18422154213897526,0.533737741404767,0.18413870728728193,0.5335253855995346
420,7.0,feeder2_1765,0.18416469891062273,0.533659441654463,0.18408332487727483,0.5334476326482329
420,7.0,feeder2_1641,0.18818390608928495,0.552699258380755,0.18810541892584928,0.5524679379650308
420,7.0,feeder2_1689,0.1915819028547342,0.570149699068766,0.19149779471031095,0.5699115966294191
420,7.0,feeder2_1744,0.18893749336861324,0.5520196794642606,0.18885362082876664,0.5517933700340593
420,7.0,feeder2_1817,0.19156890921632103,0.5700725540740548,0.19148906608648894,0.5698295754170882
420,7.0,feeder2_1779,0.1916087060552566,0.5701890026654292,0.1915247928684881,0.5699497721853106
420,7.0,feeder2_1800,0.1915288194118579,0.5701043127913257,0.19144229220936904,0.5698653128068258
420,7.0,feeder2_1818,0.21406765174118403,0.6063321037581593,0.2139690931810141,0.6060648844520057
420,7.0,feeder2_1753,0.19129642508802566,0.5498750427957451,0.19121476407464644,0.5496473397642391
420,7.0,feeder2_1754,0.18894714627314357,0.5520167569870088,0.18886862531202073,0.5517850899386201
450,7.5,secondary,0.02835501359598575,0.041702013589043005,0.028337501916566605,0.04169422066308082
450,7.5,feeder2_44,0.052770992018298546,0.21751109948783756,0.0527380377986997,0.21748579955311312
450,7.5,feeder2_45,0.0537039642170324,0.2244943525779615,0.053674638576627735,0.22446448970414068
450,7.5,feeder2_46,0.05367803856141225,0.21524289523214085,0.05364950609855297,0.215219172710134
450,7.5,feeder2_51,0.055444412982453034,0.23637936263650708,0.05541299704369318,0.2363507356699699
450,7.5,feeder2_48,0.05101591146754189,0.2264809635285993,0.05098911185799959,0.22644911217345648
450,7.5,feeder2_52,0.055054359161981425,0.23767191242129163,0.05502140779619123,0.23763983274288175
450,7.5,feeder2_68,0.060266749454177905,0.26926794543613525,0.060233067061117716,0.26923038072583544
450,7.5,feeder2_69,0.060300402978319984,0.2691428011604674,0.060266176497510184,0.26910828474862475
450,7.5,feeder2_71,0.060908621932917156,0.27363184414333663,0.060873782945173455,0.2735949361855978
450,7.5,feeder2_72,0.06068900586953217,0.27354932087694006,0.0606537802718607,0.27351102879724154
450,7.5,feeder2_73,0.06292448285171684,0.2873039101912574,0.06288985451501564,0.28726161499329833
450,7.5,feeder2_74,0.06325982576519784,0.2877146721273933,0.06322141840300727,0.2876806575825293
450,7.5,feeder2_77,0.06464379364941153,0.29896941801452664,0.06460767808272093,0.29892528472997903
450,7.5,feeder2_79,0.06705932866666892,0.29519692662873204,0.06702360282767224,0.29515895170542045
450,7.5,feeder2_81,0.06733164478795745,0.3187721046168654,0.06729490154666086,0.3187253624981734
450,7.5,feeder2_82,0.06679348920972598,0.3186094629721385,0.06675528507821624,0.3185694397172176
450,7.5,feeder2_116,0.07963312401380145,0.40782485364610366,0.07958827638493998,0.4077635438344204
450,7.5,feeder2_119,0.08023225173721728,0.40862769557412093,0.08018412267153115,0.4085724274091023
450,7.5,feeder2_120,0.08414642920486907,0.4403604425959267,0.0840989146217189,0.44029698230988135
450,7.5,feeder2_248,0.08417883010928905,0.4412515735055414,0.08412742933392266,0.4411941820274043
450,7.5,feeder2_124,0.08684468018747557,0.4599495805515927,0.086795321792805,0.4598783700318779
450,7.5,feeder2_282,0.08411083878305681,0.4591795844510465,0.08405762877548963,0.45910963133942456
450,7.5,feeder2_275,0.11036467383442293,0.4887709224829796,0.11030404667948492,0.48870752219349245
450,7.5,feeder2_151,0.08783294242957661,0.47564207775365336,0.08777939918916303,0.47556654890724076
450,7.5,feeder2_295,0.0882107399358541,0.47417662761787444,0.08815725849887171,0.4741024189779437
450,7.5,feeder2_311,0.0878389132490914,0.47556980194873,0.08778447675561955,0.47549398438637747
450,7.5,feeder2_201,0.089723363553618,0.5038398749481039,0.08966411378060436,0.5037479942906119
450,7.5,feeder2_314,0.08848130274529371,0.5046373014088054,0.0884238139854557,0.5045498957523925
450,7.5,feeder2_342,0.0930566866577067,0.5424486084747039,0.09299417028342129,0.5423445314630695
450,7.5,feeder2_368,0.09304550572927826,0.5436494081209512,0.09298360938298832,0.5435458795888889
450,7.5,feeder2_347,0.0946268229836682,0.5591467689520448,0.09456219414542132,0.5590269849502035
450,7.5,feeder2_353,0.09542552104852217,0.5675238164486881,0.09536051142903777,0.5674006020765888
450,7.5,feeder2_518,0.09438233185215027,0.5590554001266629,0.09431637262302045,0.5589400965407975
450,7.5,feeder2_365,0.09629991230103188,0.5767623293704083,0.09623028145213221,0.576632776579938
450,7.5,feeder2_653,0.09551077178144571,0.5676285891813303,0.09544574540616078,0.5675029445894314
450,7.5,feeder2_377,0.09677581521739526,0.5817865369112574,0.09670559691546739,0.5816561041470188
450,7.5,feeder2_622,0.09630121964790866,0.5767379220876272,0.09623103045915883,0.5766108901081808
450,7.5,feeder2_451,0.09296581248921391,0.5436114955447774,0.09290228579463292,0.5435086525864472
450,7.5,feeder2_383,0.09304339631187128,0.545638407101723,0.09297858291271988,0.5455356882464499
450,7.5,feeder2_385,0.09738372189894987,0.588065962818151,0.0973128265686974,0.5879316648957386
450,7.5,feeder2_621,0.09709108055178411,0.5802105716538508,0.09702332236446218,0.5800759677070141
450,7.5,feeder2_611,0.09324634670893957,0.5464154398231806,0.09317768240645365,0.5463168942696565
450,7.5,feeder2_405,0.09303360897444236,0.5457170059005849,0.09297014954660211,0.5456136953054023
450,7.5,feeder2_461,0.09958571164071378,0.6124562123047744,0.09950878600198072,0.6122997630833015
450,7.5,feeder2_594,0.09746751198220853,0.5886244983769304,0.09739608076167167,0.5884885137107233
450,7.5,feeder2_732,0.09321207556441563,0.5469350092068745,0.09314523371911497,0.5468380162516958
450,7.5,feeder2_417,0.09289837650892084,0.5460017669041046,0.0928323839558978,0.5459042523671371
450,7.5,feeder2_663,0.09287983136704087,0.5459214393585996,0.09281803893902957,0.5458154126251282
450,7.5,feeder2_444,0.09280152190242141,0.5462394586781889,0.09273702256952386,0.5461340122102356
450,7.5,feeder2_759,0.0906469138869069,0.5476513529591255,0.090584483623489,0.5475489363857419
450,7.5,feeder2_842,0.0928068060332637,0.5461770149370989,0.09274295006752109,0.5460733520490592
450,7.5,feeder2_459,0.09281152048473236,0.5462482906783368,0.09274783518770177,0.5461419677217628
450,7.5,feeder2_702,0.09231335576280601,0.5460672416392869,0.09224967944071706,0.545961680367865
450,7.5,feeder2_493,0.0928939401155585,0.5463732454067243,0.09282838941238644,0.5462719578337214
450,7.5,feeder2_651,0.09958709465607857,0.6124212065440222,0.0995099446860788,0.6122649428072143
450,7.5,feeder2_684,0.10138446827257941,0.6323957644368612,0.10130135226013011,0.6322240660465537
450,7.5,feeder2_674,0.09309520103121546,0.5467017329664406,0.09303399592178159,0.5465974975206357
450,7.5,feeder2_696,0.09276293727523603,0.5452194794758691,0.09269667985951499,0.5451213499867764
450,7.5,feeder2_681,0.09351030056448979,0.5474460564592019,0.09344599000938432,0.547342599843835
450,7.5,feeder2_682,0.09330817380664871,0.5469359013655463,0.09324324555855103,0.5468356799390294
450,7.5,feeder2_728,0.10155100678137653,0.6338587216738034,0.1014712025318442,0.6336897133588507
450,7.5,feeder2_724,0.10285604889782789,0.6494847008202657,0.10277357014107673,0.6492933325094653
450,7.5,feeder2_703,0.09295241204552385,0.5438131549273872,0.09288990249388522,0.5437195321326228
450,7.5,feeder2_704,0.09277677045760616,0.5451172716724378,0.09271171872417931,0.5450212112076225
450,7.5,feeder2_754,0.1014326918649,0.6503177855652016,0.10134735705930531,0.6501288778969696
450,7.5,feeder2_747,0.10363182656308018,0.6560993239752734,0.10354736241932809,0.6559015230611166
450,7.5,feeder2_828,0.10238239987210628,0.6349012615994798,0.10230245078381536,0.634726789226912
450,7.5,feeder2_763,0.10137724409796198,0.6344354579091641,0.1012969407650799,0.6342608955995985
450,7.5,feeder2_836,0.10491762490576996,0.6544287747925273,0.1048334062841507,0.6542270399185044
450,7.5,feeder2_758,0.10423972940463287,0.6625435903198618,0.10415309437143286,0.6623427743839183
450,7.5,feeder2_788,0.10418935982886765,0.6625247692656504,0.10410411715456266,0.6623252525169743
450,7.5,feeder2_812,0.10611924485165727,0.6824209530222574,0.10603143014449246,0.682196957260915
450,7.5,feeder2_947,0.10083826635096996,0.634250342286865,0.1007588570779365,0.6340760199795129
450,7.5,feeder2_868,0.10082842996090532,0.6347809754707853,0.10074838378789584,0.6346045961256304
450,7.5,feeder2_785,0.10141832361740429,0.6346204303518996,0.10133974709810069,0.6344436157968656
450,7.5,feeder2_1176,0.10141558096807969,0.6344811282978724,0.1013374247472558,0.6343075871907347
450,7.5,feeder2_846,0.10151816998667769,0.634974603995531,0.10143898894321596,0.6348059015168048
450,7.5,feeder2_911,0.10140008716276797,0.6345763875190231,0.10132275656695645,0.6344005888594533
450,7.5,feeder2_1107,0.10981846466030318,0.6999278085228585,0.1097275046216474,0.699712486119281
450,7.5,feeder2_920,0.1056254845854365,0.683168561485647,0.10553526513790426,0.682939159227816
450,7.5,feeder2_926,0.10488076275779985,0.68425311025142,0.1047871533653258,0.6840177743560351
450,7.5,feeder2_1239,0.10563610339250219,0.6832192976828023,0.10554503285510175,0.6829951397669003
450,7.5,feeder2_933,0.10455341889356787,0.6847483126833248,0.10446242707604562,0.6845058895201299
450,7.5,feeder2_1146,0.10486972184752523,0.6842061405280297,0.10477787461592732,0.6839747486769605
450,7.5,feeder2_1124,0.10455191280928211,0.684710970805791,0.10445826888216732,0.6844681048823718
450,7.5,feeder2_942,0.10373063148206824,0.6860469168137681,0.10363817956647665,0.6858005653528932
450,7.5,feeder2_952,0.10285175456570848,0.6858662606645906,0.10275260526559912,0.6856070051872656
450,7.5,feeder2_965,0.10368715525613677,0.6863221196248201,0.10359334095506276,0.6860721930959932
450,7.5,feeder2_961,0.10276564773150997,0.6858752394045331,0.10267269366723629,0.6856082944817564
450,7.5,feeder2_963,0.10284986536808104,0.6858603738187012,0.10275394220028819,0.6855940159327245
450,7.5,feeder2_973,0.10228676197009115,0.6858213547306462,0.10218914716118858,0.6855467690726775
450,7.5,feeder2_1128,0.10280205060124976,0.6860550565962409,0.10270353317114572,0.6857906391645989
450,7.5,feeder2_1113,0.10281028265166849,0.6858452392603102,0.10271503176908109,0.6855778322160269
450,7.5,feeder2_1143,0.10273241764795615,0.685509212369656,0.10263462712276504,0.6852442873647158
450,7.5,feeder2_1238,0.09945135516707354,0.689484635432386,0.09935833016025253,0.6892326208458116
450,7.5,feeder2_979,0.10371473756768984,0.6864542381998694,0.10362140851556303,0.6862068150522651
450,7.5,feeder2_1236,0.10158070488690228,0.6858031187219552,0.1014827919688735,0.6855165396955245
450,7.5,feeder2_989,0.10228667896051659,0.6858208596741391,0.10218945996703889,0.6855451828780852
450,7.5,feeder2_1196,0.1041802651556015,0.6869986077350217,0.10408446084396072,0.6867498960993541
450,7.5,feeder2_1158,0.10228724282894718,0.6857528208465558,0.10218956360778532,0.6854811415452179
450,7.5,feeder2_1122,0.11119960607612087,0.7084099450035287,0.11111077618931554,0.708191877649042
450,7.5,feeder2_1258,0.1111138974214914,0.697869325528681,0.11102596413849171,0.6976507358975971
450,7.5,feeder2_1303,0.11006086637135847,0.7080358534789328,0.10996925817568699,0.7078215446226191
450,7.5,feeder2_1138,0.11234082607535295,0.7152736243856395,0.11225145126142581,0.7150566671889343
450,7.5,feeder2_1304,0.11281006889264251,0.7158321426639068,0.11271822799315953,0.7156149520931975
450,7.5,feeder2_1212,0.11466139016506748,0.7293414771878252,0.11456903065995823,0.7291312336239244
450,7.5,feeder2_1311,0.11341511376167404,0.7301806342746952,0.11332398202684277,0.7299655063742901
450,7.5,feeder2_1290,0.11777483924642707,0.7461339696983899,0.11768464062822633,0.7459209544994281
450,7.5,feeder2_1325,0.10063561186513953,0.6859279526475568,0.10053263285350227,0.6856312217115972
450,7.5,feeder2_1248,0.10158071596046393,0.6858024253653927,0.10148200290086867,0.6855156334353338
450,7.5,feeder2_1249,0.09890455022232869,0.6898814774728282,0.09881371184363415,0.689626447436291
450,7.5,feeder2_1250,0.09781747923924536,0.6907567727891387,0.0977261777449488,0.690496739492639
450,7.5,feeder2_1366,0.10158479121932833,0.6857027951781307,0.10148496704524125,0.6854174939891736
450,7.5,feeder2_1266,0.11115343622789967,0.6973567355967855,0.11106655655196024,0.6971400464845183
450,7.5,feeder2_1372,0.11752302155828354,0.7460505471091228,0.11743076374011663,0.7458421927068425
450,7.5,feeder2_1363,0.12116335317751915,0.7643257760184224,0.1210687293680894,0.7641235903370338
450,7.5,feeder2_1446,0.09951675392734498,0.6867666701766582,0.09941596938350644,0.6864628124308085
450,7.5,feeder2_1502,0.09992621304808029,0.6851165363252247,0.09981925617980167,0.6848030228257669
450,7.5,feeder2_1428,0.12159685419782391,0.7648460426601901,0.12150443400946331,0.7646366712723064
450,7.5,feeder2_1380,0.12510355172939688,0.7855969017047314,0.12501064205136678,0.7853931210612284
450,7.5,feeder2_1550,0.12338093312083949,0.7868215548471814,0.123286371173586,0.7866233049713668
450,7.5,feeder2_1386,0.12723654177420646,0.7954530922302673,0.12714074787108465,0.7952565550094595
450,7.5,feeder2_1551,0.1275191151547034,0.7963257802443054,0.12742508311802855,0.7961277281752617
450,7.5,feeder2_1400,0.12819067330161463,0.7999042378792459,0.12809840016326557,0.7997025120703024
450,7.5,feeder2_1552,0.12831559563401157,0.8000511246265156,0.12821968688587343,0.799857160118471
450,7.5,feeder2_1408,0.13015020656388157,0.8090481168245156,0.13005705787848665,0.8088509044775434
450,7.5,feeder2_1553,0.1304450778523138,0.8101109739326477,0.13034749565073986,0.8099209610089867
450,7.5,feeder2_1416,0.13109838934716733,0.813527825749358,0.13100484678057264,0.8133298444622911
450,7.5,feeder2_1530,0.1306017122073167,0.8133095579132397,0.13050439427640642,0.8131172858704261
450,7.5,feeder2_1425,0.13293554869111743,0.8222116961796626,0.1328399151080463,0.8220181878026009
450,7.5,feeder2_1589,0.14867561987562822,0.8407865987295541,0.14857385667724138,0.8405953065742408
450,7.5,feeder2_1435,0.1329280142110807,0.8221636233850329,0.13283403502058583,0.8219724836469094
450,7.5,feeder2_1621,0.1329506591333465,0.8214711039882272,0.13285600967081782,0.8212753271128956
450,7.5,feeder2_1564,0.13295662455572144,0.8223015064228462,0.13286136200608498,0.8221108631698287
450,7.5,feeder2_1704,0.09992650640959601,0.6850822599425127,0.09981876845838401,0.6847710140139783
450,7.5,feeder2_1525,0.09974568706259904,0.6849209850657825,0.09963993634237164,0.6845975608248025
450,7.5,feeder2_1716,0.10138752187094364,0.6828356832685206,0.1012833113667557,0.6825167740968049
450,7.5,feeder2_1537,0.09951678609386751,0.6850269399101055,0.0994073176966243,0.6847058556120541
450,7.5,feeder2_1645,0.10010946747940726,0.6857217701848064,0.10000055969319442,0.6854006610809102
450,7.5,feeder2_1561,0.09917500975048378,0.6847555065698055,0.0990674031427009,0.6844195258203037
450,7.5,feeder2_1657,0.09829910446192806,0.685333031600862,0.0981878621919534,0.6850027945170813
450,7.5,feeder2_1570,0.09907672690864452,0.6845171550976801,0.09896843819343307,0.684183687354118
450,7.5,feeder2_1756,0.09671660250416171,0.6862285649477022,0.09661068594286279,0.685889571337882
450,7.5,feeder2_1588,0.09902085787339648,0.6841983687354352,0.09891095890865134,0.6838610881292736
450,7.5,feeder2_1628,0.09897683073351986,0.6841833422076128,0.0988665072526805,0.6838448779104174
450,7.5,feeder2_1598,0.09895182992678199,0.6838014676141109,0.09884203744480438,0.6834655611951231
450,7.5,feeder2_1816,0.09894912287759651,0.6836040382425141,0.0988413312173166,0.6832627962293504
450,7.5,feeder2_1765,0.09894951020723217,0.6836628541667553,0.09883836364430114,0.6833291086471747
450,7.5,feeder2_1641,0.09863284783343394,0.681967673081376,0.09852068597135666,0.6816170082266267
450,7.5,feeder2_1689,0.09847543383745919,0.6807625361725533,0.09835917411985774,0.6804041656004799
450,7.5,feeder2_1744,0.09807412584464142,0.681808596272035,0.0979613680264098,0.6814621856495203
450,7.5,feeder2_1817,0.09849420559841021,0.6808519664386403,0.09838178838699674,0.680489884711404
450,7.5,feeder2_1779,0.09949187530631591,0.6795373095720356,0.09937756045755519,0.6791781441792055
450,7.5,feeder2_1800,0.09857682201179681,0.6813314537360737,0.09845950331016744,0.6809732252679623
450,7.5,feeder2_1818,0.0953127212451578,0.6766141764013435,0.09520257295487414,0.6762356403729849
450,7.5,feeder2_1753,0.09643718450745704,0.6813534572052764,0.09632022216587138,0.681002555004017
450,7.5,feeder2_1754,0.09804484156067869,0.6817983258211971,0.09793394341754941,0.6814483429560358
480,8.0,secondary,0.040398132451383593,0.05371670630633713,0.040392372291158336,0.05371256394629698
480,8.0,feeder2_44,0.07521397829608564,0.2802887372710999,0.07519742530119297,0.28024429820137364
480,8.0,feeder2_45,0.0765399144110168,0.2891817584531301,0.0765246902597832,0.28913310658789365
480,8.0,feeder2_46,0.07601543507129734,0.27868928391452474,0.07599885733295055,0.2786424514391679
480,8.0,feeder2_51,0.07885423660600292,0.30465239747769607,0.07883815121782774,0.3046006204664074
480,8.0,feeder2_48,0.07635714130684104,0.2890690898601677,0.07634133887783823,0.2890213518464305
480,8.0,feeder2_52,0.0786687343414076,0.306188057017783,0.07865061208057875,0.3061358718049172
480,8.0,feeder2_68,0.08532447848601925,0.34758196088399446,0.08530605017194581,0.347521262831709
480,8.0,feeder2_69,0.08535299224291608,0.34749841583929575,0.08533379802883002,0.34744022284721743
480,8.0,feeder2_71,0.08618601841544139,0.3532730654791019,0.08616504871000907,0.35321662040159285
480,8.0,feeder2_72,0.08596903779417933,0.3531317398747863,0.08594953447601027,0.3530748364442992
480,8.0,feeder2_73,0.08889098453585445,0.3711045222071284,0.08887178629963108,0.3710455910011749
480,8.0,feeder2_74,0.09319788840940699,0.37993084348689876,0.09317952625855966,0.37986781207174913
480,8.0,feeder2_77,0.09095484785666116,0.3849805584072879,0.09093576802960888,0.3849152019974831
480,8.0,feeder2_79,0.09164336883470647,0.3835586761938267,0.09162353298943718,0.3834914839440934
480,8.0,feeder2_81,0.09428252154197797,0.4073568099514384,0.09426322424056183,0.40729029258116356
480,8.0,feeder2_82,0.09241994538737602,0.40627416938652605,0.09239712831183895,0.40620709443256325
480,8.0,feeder2_116,0.10960937203006872,0.5090690039995963,0.10958345810380186,0.5089800203440373
480,8.0,feeder2_119,0.1095369979061901,0.5102207473726773,0.10951176648739157,0.510137141059206
480,8.0,feeder2_120,0.11521315493769312,0.5460185872014707,0.11518770770934991,0.5459233275651147
480,8.0,feeder2_248,0.12651886373185062,0.5607220754938432,0.12649122359521364,0.5606274745300074
480,8.0,feeder2_124,0.11744716401477391,0.562885887527837,0.11742232446631871,0.5627832713169465
480,8.0,feeder2_282,0.10090190949886041,0.5532665447719162,0.10087781123817716,0.5531640553231413
480,8.0,feeder2_275,0.11833930690395608,0.5654166534186513,0.11831343521585846,0.5653195667547575
480,8.0,feeder2_151,0.1225122913419203,0.5975506038446787,0.12248356917208304,0.5974409629106705
480,8.0,feeder2_295,0.12509074544836285,0.5917259206514265,0.12506435420587503,0.5916227431469555
480,8.0,feeder2_311,0.12252043495397306,0.5975057458769385,0.12249381470216035,0.5973992061368709
480,8.0,feeder2_201,0.13243049349498864,0.6628239261505349,0.13240161782443258,0.6627030454110396
480,8.0,feeder2_314,0.13232975740706507,0.6627390799504198,0.13229964820016274,0.6626207976543036
480,8.0,feeder2_342,0.14655963976170175,0.7556347600882001,0.14652520085442988,0.7554927754690313
480,8.0,feeder2_368,0.14678319372176432,0.7587341441909157,0.14674795825678122,0.7585941574067333
480,8.0,feeder2_347,0.15303371440601096,0.79540817144184,0.1529975856640208,0.7952595968950572
480,8.0,feeder2_353,0.1562606014753785,0.8152334932123325,0.15622355341042032,0.8150815595454939
480,8.0,feeder2_518,0.1529623442179624,0.7953554564062543,0.1529254039546625,0.7952116090629967
480,8.0,feeder2_365,0.15982785526916563,0.8371657588717054,0.1597900589366353,0.8370112256434435
480,8.0,feeder2_653,0.15634509550271128,0.8153403122670942,0.15630770905266606,0.8151857269022575
480,8.0,feeder2_377,0.16177165317953207,0.8490785263673614,0.16173444062867365,0.8489169130084004
480,8.0,feeder2_622,0.1597911761396316,0.837142629957249,0.15975297700440347,0.8369885946418404
480,8.0,feeder2_451,0.14537899188922027,0.7592879716535672,0.14534626201674244,0.7591511297504754
480,8.0,feeder2_383,0.14751332358923055,0.7634157641258288,0.14747706735440055,0.7632806755064437
480,8.0,feeder2_385,0.16439357263670396,0.8645960079929729,0.16435513841734145,0.8644365607147739
480,8.0,feeder2_621,0.16397157191527992,0.8428726829615907,0.16393219908684017,0.84271694925522
480,8.0,feeder2_611,0.14759113107345906,0.7635102420899905,0.14755683905554673,0.7633747459213619
480,8.0,feeder2_405,0.14755784017226967,0.7637036026908391,0.1475261117837449,0.7635614187933442
480,8.0,feeder2_461,0.17162710981534773,0.91117757699908,0.17158677169798972,0.9109979901449197
480,8.0,feeder2_594,0.17184916604884626,0.8741952190159981,0.17181198911520382,0.8740341974857025
480,8.0,feeder2_732,0.14768771838536773,0.7638648945378906,0.14765210741602794,0.7637292366768828
480,8.0,feeder2_417,0.14788461915188675,0.7658375171841093,0.1478515662042757,0.7656985541105494
480,8.0,feeder2_663,0.14788766304287385,0.7658003322742712,0.14785374917492866,0.7656632256093157
480,8.0,feeder2_444,0.14813627243319244,0.7674688735201987,0.14810220964369886,0.7673335446781119
480,8.0,feeder2_759,0.14658046935746027,0.7680139388232425,0.14654663564088752,0.7678743297196154
480,8.0,feeder2_842,0.1481429546998654,0.767427826695461,0.14810687571524078,0.7672925309547936
480,8.0,feeder2_459,0.14825608018675804,0.7680167658785937,0.1482223000598227,0.7678802173358269
480,8.0,feeder2_702,0.14675262437844835,0.7669382173196096,0.1467195667913783,0.7667988001710416
480,8.0,feeder2_493,0.14884173607998824,0.7705736460515953,0.14880829040241048,0.7704384586414108
480,8.0,feeder2_651,0.1716289398967791,0.9111551744277981,0.17158816152661632,0.9109771241954124
480,8.0,feeder2_684,0.17756644819273212,0.949217375510194,0.17752160798717553,0.9490291759305759
480,8.0,feeder2_674,0.14985828449471628,0.7723400933808058,0.14982315844762734,0.7722045849595973
480,8.0,feeder2_696,0.14875893774295806,0.7700835436864754,0.14872331706309722,0.7699487697965566
480,8.0,feeder2_681,0.15068874604871707,0.7737632366672266,0.1506566347155877,0.7736234031656494
480,8.0,feeder2_682,0.15289639516774273,0.7774960810785424,0.15286077619741906,0.7773598435757402
480,8.0,feeder2_728,0.1788938890184989,0.9562489543209276,0.17885027318184826,0.9560561586195582
480,8.0,feeder2_724,0.18112075400810557,0.9720395675270033,0.18107522261630601,0.9718395845709429
480,8.0,feeder2_703,0.14876648179032276,0.770014110337256,0.14873438077268247,0.7698729964955908
480,8.0,feeder2_704,0.14880356475316978,0.7698850014723958,0.14876814475236047,0.7697467963144172
480,8.0,feeder2_754,0.18104587425033947,0.9719853433617498,0.1810030323343622,0.971783540110356
480,8.0,feeder2_747,0.18258235438347528,0.9813969000505647,0.18253718107879074,0.9811937897661032
480,8.0,feeder2_828,0.18420386161682592,0.9629888537450448,0.18415951626231095,0.9627986957253267
480,8.0,feeder2_763,0.1782363364532687,0.9566957919506692,0.17819182544207463,0.9565039764601886
480,8.0,feeder2_836,0.182581936162001,0.9813508315154783,0.1825379597405057,0.9811399619174744
480,8.0,feeder2_758,0.18384742964414286,0.989466615959619,0.18379940844643292,0.9892562578613537
480,8.0,feeder2_788,0.18260225878174033,0.9900170159318483,0.182557023693147,0.9898056039788128
480,8.0,feeder2_812,0.18813672750965788,1.013766807108518,0.18808798833428209,1.0135411157804446
480,8.0,feeder2_947,0.1780823921985321,0.9565835839565674,0.17804226421346284,0.956390699413018
480,8.0,feeder2_868,0.1775345048010552,0.956783899639626,0.17749174021651448,0.956590982046324
480,8.0,feeder2_785,0.17799228412784654,0.95697793692609,0.1779486256592336,0.9567906472402271
480,8.0,feeder2_1176,0.17798851585944234,0.9568892339416074,0.17794845315261926,0.9566962368428075
480,8.0,feeder2_846,0.1782938501334419,0.9577458895786952,0.17824984464496813,0.9575519841106319
480,8.0,feeder2_911,0.17726068236082718,0.9566326065948936,0.17722080041996077,0.9564381053764834
480,8.0,feeder2_1107,0.19007017422592695,1.031709858434116,0.1900246205584108,1.031485032399076
480,8.0,feeder2_920,0.18881089438216414,1.015625124817161,0.18876202927492253,1.0153969244709091
480,8.0,feeder2_926,0.18980641519620084,1.0183542549892741,0.18975564202401315,1.0181285604663526
480,8.0,feeder2_1239,0.18882156658128435,1.0156757203026732,0.18877129846722235,1.0154536311721025
480,8.0,feeder2_933,0.1902493422060044,1.0195794857123057,0.19019908108256683,1.0193487880359533
480,8.0,feeder2_1146,0.1897960010015796,1.0182790982754337,0.18974977006894422,1.018045814926196
480,8.0,feeder2_1124,0.19102811946967854,1.0185990034907884,0.19097821115876404,1.0183662144467276
480,8.0,feeder2_942,0.1912913275245802,1.0235821207367946,0.1912408669669093,1.023342472444092
480,8.0,feeder2_952,0.19174052385529525,1.0211011009035162,0.19168986556358306,1.0208512886392436
480,8.0,feeder2_965,0.19143254230271728,1.0246709327464154,0.19138195679030143,1.0244352585883754
480,8.0,feeder2_961,0.19179834078141045,1.0208961553907505,0.19174439317932798,1.0206508978568463
480,8.0,feeder2_963,0.1917385292100601,1.0210875871147365,0.19168709109828375,1.0208406000101615
480,8.0,feeder2_973,0.19164299023802914,1.01749131839856,0.19158830383026654,1.017242288158366
480,8.0,feeder2_1128,0.1926002663270458,1.0249038505214794,0.19254669044388967,1.0246549898967738
480,8.0,feeder2_1113,0.19169972262911242,1.0210594417160757,0.19164893587288054,1.0208115773376516
480,8.0,feeder2_1143,0.19161294532269202,1.0202417594154534,0.19156264115646685,1.019994495213206
480,8.0,feeder2_1238,0.18606084902731013,1.0260358028063574,0.18601170527071859,1.0257916864416206
480,8.0,feeder2_979,0.19171366886548658,1.0260306734049784,0.19166279574324632,1.0257918208231231
480,8.0,feeder2_1236,0.191421793838926,1.0124381487363974,0.19136554558879806,1.0121794819912195
480,8.0,feeder2_989,0.19164290426811176,1.0174910303148912,0.19158830383026654,1.017242288158366
480,8.0,feeder2_1196,0.1960680810211187,1.03170915684122,0.1960154008629942,1.0314713644590763
480,8.0,feeder2_1158,0.19164157959148842,1.0174476556260894,0.1915902313415931,1.0171927177608653
480,8.0,feeder2_1122,0.19086381357848436,1.0387775581789398,0.1908123562584859,1.0385585503914296
480,8.0,feeder2_1258,0.19004153137989818,1.0315768916215096,0.18999256083182683,1.031355973983793
480,8.0,feeder2_1303,0.19045392327507196,1.0384496388389863,0.19040782387336785,1.0382261465821732
480,8.0,feeder2_1138,0.1915073157942177,1.0444786913753823,0.19145969645638214,1.0442535564402953
480,8.0,feeder2_1304,0.19164638358643554,1.0452916818025924,0.19159774380239175,1.0450754226767582
480,8.0,feeder2_1212,0.19274179235780747,1.0558096806585622,0.19269441144482854,1.0555866208260447
480,8.0,feeder2_1311,0.19120369659144648,1.0564337818158778,0.19115484455807139,1.0562122617771412
480,8.0,feeder2_1290,0.19457181382622246,1.0694225561496868,0.19452166245884236,1.069204113186653
480,8.0,feeder2_1325,0.19085967991328998,1.0084868565243579,0.19080484999832656,1.008214767734632
480,8.0,feeder2_1248,0.19143297410791316,1.0124240303573793,0.1913749851482637,1.0121646367859392
480,8.0,feeder2_1249,0.18575693014509534,1.0258269718541595,0.18570841619566508,1.0255856276279456
480,8.0,feeder2_1250,0.18303741848766406,1.0275104839641576,0.18298816740920631,1.0272680742235611
480,8.0,feeder2_1366,0.19305303747420446,1.0103851915769193,0.19299533324762255,1.0101285650489211
480,8.0,feeder2_1266,0.1900166803984743,1.0314686905073187,0.1899679815484335,1.0312513719849317
480,8.0,feeder2_1372,0.19351382725818356,1.069876186631297,0.19346609822258107,1.069657803474235
480,8.0,feeder2_1363,0.19689716456484613,1.0835365466996298,0.196850881581472,1.083312167472945
480,8.0,feeder2_1446,0.19079959505326172,1.0084458806188519,0.190741540639013,1.0081742652701535
480,8.0,feeder2_1502,0.19023760944759413,1.0041112651509168,0.19017877423126422,1.00382688520732
480,8.0,feeder2_1428,0.1981882194978133,1.085087348144244,0.19813925670749385,1.0848681042835489
480,8.0,feeder2_1380,0.199221126435766,1.0982316640088425,0.19917591427947925,1.098009989637239
480,8.0,feeder2_1550,0.1991680845803479,1.098195950383829,0.19911885785280914,1.0979791678810604
480,8.0,feeder2_1386,0.20036379167744944,1.1054279625161523,0.20031458975726088,1.1052111815672283
480,8.0,feeder2_1551,0.20051893865395756,1.1055984019977376,0.20047017092640224,1.1053791727338464
480,8.0,feeder2_1400,0.20089985954396708,1.1088102456383186,0.20085374692680635,1.1085872962117795
480,8.0,feeder2_1552,0.20102867549934259,1.1089604141985832,0.20097812059287523,1.1087422598752077
480,8.0,feeder2_1408,0.20199615057853315,1.115738393971341,0.2019476340076144,1.1155206576956243
480,8.0,feeder2_1553,0.2023077600231518,1.116858213116499,0.20226058445778147,1.1166367235210486
480,8.0,feeder2_1416,0.20251578568813972,1.1190716485528838,0.20247127970677462,1.1188517623329426
480,8.0,feeder2_1530,0.19942464097557916,1.1189909273579144,0.1993753534497779,1.1187727588218783
480,8.0,feeder2_1425,0.20380664431916862,1.1256401715102398,0.20376009621709107,1.1254185454212882
480,8.0,feeder2_1589,0.21206202725426154,1.138152798871055,0.21201660806506312,1.1379345145503261
480,8.0,feeder2_1435,0.2038191141068292,1.1257411118987426,0.2037701111607658,1.1255236013892849
480,8.0,feeder2_1621,0.2037214015842045,1.1252190349822384,0.20367516054849719,1.125001774787338
480,8.0,feeder2_1564,0.20413784645390304,1.1274158381367307,0.20409288203479908,1.1271977130876023
480,8.0,feeder2_1704,0.19117495656129088,1.0029459160467915,0.19111606791044455,1.002668603455049
480,8.0,feeder2_1525,0.1900383518856137,1.0034125957772126,0.18997619771572086,1.0031298819594574
480,8.0,feeder2_1716,0.19240451175067497,1.0004308048416797,0.19234560078374188,1.000146571351227
480,8.0,feeder2_1537,0.1897759777492321,1.003083280929798,0.1897165948542675,1.002795232144031
480,8.0,feeder2_1645,0.19059329907721193,1.004623376927879,0.19053205558808042,1.0043384159866005
480,8.0,feeder2_1561,0.1893047544946374,1.0018204036010285,0.18924546537493203,1.0015254605959891
480,8.0,feeder2_1657,0.18925719184228695,1.0017861384947253,0.1891979461028936,1.0014915882517548
480,8.0,feeder2_1570,0.18910277497601574,1.0012854450232598,0.18904400985629674,1.000990106014568
480,8.0,feeder2_1756,0.1862079827594137,1.0025236413132381,0.18614898773660632,1.0022280877228062
480,8.0,feeder2_1588,0.18895795812388028,1.000725995670502,0.1888968323479155,1.0004288259437941
480,8.0,feeder2_1628,0.18891464058532592,1.0006958787842677,0.1888549620052857,1.0003983333787094
480,8.0,feeder2_1598,0.18877651719062274,1.0000294096131093,0.18871140949637025,0.9997351963838068
480,8.0,feeder2_1816,0.19191827517318735,0.9960689095100266,0.19185694333909595,0.9957698927797443
480,8.0,feeder2_1765,0.18877079596797236,0.9999429032844688,0.18871107792445116,0.9996446609648334
480,8.0,feeder2_1641,0.18779269312436517,0.9978488824804079,0.18773211631553924,0.9975402017184417
480,8.0,feeder2_1689,0.18739757031923293,0.9965111855902166,0.18733404962635888,0.9961949815681538
480,8.0,feeder2_1744,0.18625588360531528,0.997684814337473,0.1861896635782788,0.9973778120102146
480,8.0,feeder2_1817,0.18757097426394906,0.9974721833335513,0.18750536314921493,0.9971586326096111
480,8.0,feeder2_1779,0.18739827296662845,0.9964916480322175,0.18733340148666505,0.9961737213848583
480,8.0,feeder2_1800,0.1874459835930453,0.9965697165477442,0.1873829746413651,0.9962507514027447
480,8.0,feeder2_1818,0.18381757824067868,0.9874944709104818,0.18374166546265547,0.9871597626864959
480,8.0,feeder2_1753,0.18566199123383934,0.9972255029241941,0.1856001419322794,0.9969147812163168
480,8.0,feeder2_1754,0.18532349984915272,0.9976726258523426,0.18526155542793818,0.9973616501503157
510,8.5,secondary,0.02121065161080704,0.022230001276735224,0.021216471797738452,0.02223209222241206
510,8.5,feeder2_44,0.03946816666865686,0.11592882397031001,0.03947678076238448,0.11593745198992841
510,8.5,feeder2_45,0.04005965861643494,0.11987888882842579,0.04006626471254347,0.11988889625818064
510,8.5,feeder2_46,0.0469931021848369,0.11151909239584148,0.047005391499139536,0.11152755094341563
510,8.5,feeder2_51,0.04110059776959578,0.12676169291391293,0.041108195256601546,0.12677241347995014
510,8.5,feeder2_48,0.03987812319587332,0.11972327822884515,0.039887757027960484,0.11973813115636357
510,8.5,feeder2_52,0.039559034605405434,0.1287463380942175,0.03956667533763386,0.1287555190400745
510,8.5,feeder2_68,0.04410715373804602,0.1453277831951133,0.04411777923004107,0.14534315883652624
510,8.5,feeder2_69,0.044236281896665834,0.14528862622020136,0.04424870506720945,0.14530569028225207
510,8.5,feeder2_71,0.044508259529451435,0.14778610162301498,0.04452114808587871,0.14780356586573504
510,8.5,feeder2_72,0.04428520458449712,0.14759865698395103,0.04429721526991321,0.14761600576613337
510,8.5,feeder2_73,0.04577426846015371,0.1555016945100894,0.04578531725602851,0.15552436510471035
510,8.5,feeder2_74,0.043877260600939404,0.16068438614477995,0.04389061602717304,0.1607043388298398
510,8.5,feeder2_77,0.046841973944912546,0.16128112037752035,0.04685461324916153,0.1613023897383101
510,8.5,feeder2_79,0.04834683750024941,0.16056111200667386,0.04835547855944259,0.1605816168345955
510,8.5,feeder2_81,0.04847314288528023,0.17061486879152923,0.04848642198790873,0.17063986538432113
510,8.5,feeder2_82,0.04632193325829935,0.16878724734280848,0.04633586902507721,0.16881050108076795
510,8.5,feeder2_116,0.056351766164269824,0.2146176044080195,0.056364006559539395,0.21465385013331736
510,8.5,feeder2_119,0.05636853198545598,0.21468474308534063,0.056383406694530264,0.21472726031179132
510,8.5,feeder2_120,0.05928567846330375,0.23088161051239794,0.05930212591939378,0.23092775695623463
510,8.5,feeder2_248,0.05932700634122171,0.23099987893456164,0.05934146090153078,0.23104521236477943
510,8.5,feeder2_124,0.06108663793039324,0.24083899953286936,0.06110087803587722,0.24088777949359286
510,8.5,feeder2_282,0.04681095813607877,0.23057766592511258,0.04682294768754945,0.230629825041139
510,8.5,feeder2_275,0.060409653822164885,0.244172032997744,0.06042849148960547,0.2442208252290295
510,8.5,feeder2_151,0.06599179313143405,0.26307121725926375,0.06601065491647379,0.26312252000840786
510,8.5,feeder2_295,0.07348051340545232,0.2602896798030188,0.07349378935419908,0.2603323246350364
510,8.5,feeder2_311,0.0660649940417712,0.2630469744644478,0.06607788387628309,0.2630935473412672
510,8.5,feeder2_201,0.07339059888441854,0.3033596034087192,0.07340987366520048,0.3034181411865823
510,8.5,feeder2_314,0.07330686097577443,0.3032956897903636,0.07332627685208364,0.3033583288776623
510,8.5,feeder2_342,0.0840733774098405,0.36092505695169813,0.08409449301514607,0.36100635843739237
510,8.5,feeder2_368,0.08636484148942594,0.371592458013198,0.0863852958694774,0.37167424564609564
510,8.5,feeder2_347,0.08544277654459394,0.3693963044052826,0.08546217433306154,0.3694791706997598
510,8.5,feeder2_353,0.08614445362996873,0.3736487703382933,0.08616238534028063,0.37373820039176425
510,8.5,feeder2_518,0.08536167122028072,0.36933550320654995,0.08538221934731187,0.3694237839998406
510,8.5,feeder2_365,0.08692253311287,0.3783133269189056,0.08694546870909037,0.37840697755212066
510,8.5,feeder2_653,0.086180734708119,0.3737521717546552,0.08620026853992155,0.37384089394769393
510,8.5,feeder2_377,0.08727179507840037,0.3812339657490535,0.08729127005398084,0.3813245929000499
510,8.5,feeder2_622,0.08873399035766244,0.3767157650116225,0.08875510741047678,0.37680923083920714
510,8.5,feeder2_451,0.08627262821891508,0.3715231525820624,0.08629788121103653,0.3716042254643692
510,8.5,feeder2_383,0.09026980047258167,0.3889208960803595,0.0902908713985074,0.38899814922748915
510,8.5,feeder2_385,0.08751003623459869,0.3856115525928187,0.08752983775650004,0.3857126929113983
510,8.5,feeder2_621,0.09487821563242915,0.37754116775788615,0.09489523593480827,0.37762997188716535
510,8.5,feeder2_611,0.09031471405958859,0.3890119259647029,0.09033922544636483,0.38909647720528323
510,8.5,feeder2_405,0.09051966727211325,0.38999997133119946,0.09054131489409227,0.3900777041202165
510,8.5,feeder2_461,0.08846314838466275,0.40376565355661015,0.08848429411525001,0.4038870147341501
510,8.5,feeder2_594,0.0875403871717006,0.385689968970499,0.0875635336017285,0.3857897241657844
510,8.5,feeder2_732,0.08913558428558224,0.3924040495665434,0.08916231369071982,0.39248115197344563
510,8.5,feeder2_417,0.09245038459423725,0.3975720112889567,0.0924762339237569,0.3976560948503233
510,8.5,feeder2_663,0.09501199911247643,0.39500329920171134,0.09503736195817869,0.39508172852224105
510,8.5,feeder2_444,0.09373173276793212,0.4041008271137981,0.09375631236825203,0.4041819901479202
510,8.5,feeder2_759,0.09271062265482871,0.40443930935230654,0.09273670427404769,0.4045237685067436
510,8.5,feeder2_842,0.09378007390344083,0.40407039314394166,0.09380509973218264,0.40415026931782844
510,8.5,feeder2_459,0.09421049246331799,0.40637540738933847,0.094237730991877,0.4064587433703735
510,8.5,feeder2_702,0.09231696160282624,0.40501020687481826,0.09234085021841,0.4050896765675915
510,8.5,feeder2_493,0.09625007004783732,0.4155964509404947,0.09627643290368341,0.4156802291259697
510,8.5,feeder2_651,0.08849496471241207,0.40374727305274294,0.08851666346883243,0.4038689940406222
510,8.5,feeder2_684,0.08924792012332339,0.41910423860465884,0.08927413850961803,0.41924406316793655
510,8.5,feeder2_674,0.09892238643128957,0.42227292493804724,0.09895416663434217,0.42235430076043645
510,8.5,feeder2_696,0.09684799212475952,0.4132904009958617,0.09687321049932855,0.4133693454741786
510,8.5,feeder2_681,0.10764030566778686,0.43864310468745543,0.10767398725418183,0.43872672625266057
510,8.5,feeder2_682,0.09884624488680255,0.4251568596094449,0.09887683351510557,0.4252430124064361
510,8.5,feeder2_728,0.09026228691447968,0.42422834077257765,0.09028660359569869,0.42436550058133576
510,8.5,feeder2_724,0.08788081198661801,0.4233855823020261,0.08790190776822177,0.42353706914468614
510,8.5,feeder2_703,0.09949734302101244,0.4106444086287233,0.09952511768743168,0.4107269701459299
510,8.5,feeder2_704,0.09721881373381107,0.41305394700506165,0.09724547817041794,0.4131348840743053
510,8.5,feeder2_754,0.08779302183791071,0.4233284776062069,0.08781439928375025,0.42348581749411096
510,8.5,feeder2_747,0.08733452737775353,0.4252517328037656,0.0873566455028379,0.4254118561250168
510,8.5,feeder2_828,0.09221431978062944,0.42976528647838685,0.09223928106954621,0.42990107675813743
510,8.5,feeder2_763,0.09035529100096777,0.4236486574351165,0.09037852307236625,0.42378384484442566
510,8.5,feeder2_836,0.08739815990227472,0.425208475823261,0.08742134528473504,0.4253700928307632
510,8.5,feeder2_758,0.08686439886650794,0.4269106820568884,0.08688779191369682,0.4270781048642981
510,8.5,feeder2_788,0.08680703088628415,0.4268753056195383,0.08683155938178379,0.42704321868264244
510,8.5,feeder2_812,0.08543947122252159,0.4322833934734623,0.08546485707955763,0.4324707993406898
510,8.5,feeder2_947,0.09017431516472635,0.4235272288624152,0.09019654203709802,0.42366824206439646
510,8.5,feeder2_868,0.08972583490337754,0.4235634754564319,0.08974952824621374,0.42370700273380074
510,8.5,feeder2_785,0.09057522421604405,0.42344189364225454,0.09059917683559425,0.42358270649182994
510,8.5,feeder2_1176,0.09418560896920149,0.41975454141237706,0.09421133105914853,0.4198944467799064
510,8.5,feeder2_846,0.09043384620466881,0.4244166906676297,0.09045741740270492,0.4245561151779551
510,8.5,feeder2_911,0.09054775297202151,0.4233694421783356,0.09057195110029968,0.423510839189151
510,8.5,feeder2_1107,0.08549300627286817,0.4370153004696791,0.0855157908002353,0.43720079036177995
510,8.5,feeder2_920,0.08502745056820989,0.4325402264148696,0.08505176603445301,0.4327321864655669
510,8.5,feeder2_926,0.08440820058492693,0.4329262154504322,0.08443126639423264,0.4331221087341946
510,8.5,feeder2_1239,0.08503581024707661,0.4325903201932936,0.08505975519639414,0.4327775689377132
510,8.5,feeder2_933,0.08423994479700586,0.43291581227437126,0.08425967152430874,0.4331143366254496
510,8.5,feeder2_1146,0.08391249836618829,0.4338596901666808,0.08393510513539533,0.43406431463826955
510,8.5,feeder2_1124,0.08427321159757678,0.43289154223417353,0.08429362502276071,0.4330908107823451
510,8.5,feeder2_942,0.08381334690757421,0.43293334370307357,0.08383242160175376,0.43313888699238684
510,8.5,feeder2_952,0.08313897509284697,0.43254599611447153,0.08316090415056195,0.43276777424880564
510,8.5,feeder2_965,0.08381951386541409,0.4329944065329585,0.08384098231200975,0.43320010669307824
510,8.5,feeder2_961,0.08315589942955656,0.4324786875220261,0.08317646098394993,0.4327023537091034
510,8.5,feeder2_963,0.08311976298027708,0.4325521700046231,0.08314467172808496,0.4327767513483142
510,8.5,feeder2_973,0.08318073537390724,0.43091256344290846,0.08320025750723628,0.431137405202853
510,8.5,feeder2_1128,0.08327210301479687,0.4345749196980246,0.08329301850577406,0.43479330901863317
510,8.5,feeder2_1113,0.08265008891944506,0.43308526875176934,0.08267462738340231,0.4333089762245066
510,8.5,feeder2_1143,0.08241131651246054,0.4317237180106075,0.08243545233211036,0.4319506365799801
510,8.5,feeder2_1238,0.0825726906678252,0.4322790646814149,0.08259398352904926,0.43248997293456526
510,8.5,feeder2_979,0.0838485614110016,0.43314162633193926,0.0838718397276586,0.43334945630883065
510,8.5,feeder2_1236,0.08321872278648276,0.42861535356480174,0.08324201785862062,0.4288516053134651
510,8.5,feeder2_989,0.08318076336609764,0.43091224815140233,0.08320025750723628,0.431137405202853
510,8.5,feeder2_1196,0.08418603056657716,0.43377258689696313,0.08420664234465254,0.43398192374605093
510,8.5,feeder2_1158,0.08324194505698063,0.43086516039387307,0.08326426691348329,0.4310929288580814
510,8.5,feeder2_1122,0.08550867819606618,0.43894287149065764,0.08553143450699886,0.4391293461319748
510,8.5,feeder2_1258,0.08568851607007912,0.4368810982393295,0.08571231124708824,0.4370695686117427
510,8.5,feeder2_1303,0.08500071700353533,0.4386161527874306,0.08502503446902984,0.4388040279578816
510,8.5,feeder2_1138,0.0855565672038317,0.4405918149103209,0.08557955197108569,0.4407798123319336
510,8.5,feeder2_1304,0.08557234736499128,0.4406397898595476,0.08559861939050623,0.4408272168633833
510,8.5,feeder2_1212,0.085651705547991,0.44404199093849106,0.08567651249528828,0.4442255029402157
510,8.5,feeder2_1311,0.08500174176177737,0.44458365199822114,0.08502373976375618,0.4447684421409535
510,8.5,feeder2_1290,0.08599100400786028,0.4479699253229831,0.08601425252946276,0.44815393349028276
510,8.5,feeder2_1325,0.0826470762011833,0.4287392514462407,0.08266681473766216,0.4289840190698949
510,8.5,feeder2_1248,0.08323347949025388,0.4285999132892643,0.08325695603530621,0.42883667276735016
510,8.5,feeder2_1249,0.08223269107559608,0.43208439943044064,0.08225478718232947,0.4322961978106405
510,8.5,feeder2_1250,0.08251619729363213,0.4322468268375822,0.08253758975541974,0.4324560090189669
510,8.5,feeder2_1366,0.08697339412693682,0.4246680329047477,0.08699585324767253,0.42490586257886087
510,8.5,feeder2_1266,0.08584938024434266,0.4367719784459926,0.0858714706076332,0.4369563368071097
510,8.5,feeder2_1372,0.08593888371484393,0.4479377731835227,0.08596195453202762,0.4481220815649354
510,8.5,feeder2_1363,0.08637064126483703,0.4522361941289062,0.08639355168223951,0.4524218524325094
510,8.5,feeder2_1446,0.08209318805039874,0.4293992174206223,0.08211493477280926,0.4296490183208066
510,8.5,feeder2_1502,0.08234037679505693,0.42820618259178084,0.08236334533927707,0.4284700474520567
510,8.5,feeder2_1428,0.08681789859765018,0.4536000226640692,0.08684237142958064,0.45378637346628137
510,8.5,feeder2_1380,0.08648340099965304,0.4552559800042943,0.08650776924174067,0.4554339989203178
510,8.5,feeder2_1550,0.08601608884869394,0.4556673525412325,0.08603909974864958,0.45585292733408744
510,8.5,feeder2_1386,0.08663706957613397,0.4565753732412938,0.08665803010535766,0.4567542320950963
510,8.5,feeder2_1551,0.08668139566760011,0.45669603661463704,0.08670590708663704,0.4568811080768697
510,8.5,feeder2_1400,0.08670547103218093,0.4571761193948647,0.08673003638820732,0.45735585070725093
510,8.5,feeder2_1552,0.08675821786412274,0.45732341973235247,0.08678220135097493,0.457508255556092
510,8.5,feeder2_1408,0.08683458871158081,0.4583476379594581,0.08685581206495915,0.45852715138403366
510,8.5,feeder2_1553,0.08598373538886828,0.4594503914904322,0.08600909666576857,0.45963296973248496
510,8.5,feeder2_1416,0.08690429974581622,0.4586873665349837,0.08692618972812591,0.458868234238652
510,8.5,feeder2_1530,0.08617983200086476,0.45926743089368305,0.0862017075883547,0.4594451958213224
510,8.5,feeder2_1425,0.08719348717916792,0.45911248901147866,0.08721683056078507,0.4592914796166576
510,8.5,feeder2_1589,0.08679646681469545,0.4619838934608089,0.086824233596335,0.462160478864915
510,8.5,feeder2_1435,0.08722813419297006,0.4589142405269281,0.08725167100306588,0.45909065216385586
510,8.5,feeder2_1621,0.08996580668454328,0.4565166408721206,0.08999118067227059,0.4566964961652932
510,8.5,feeder2_1564,0.08725132780452483,0.45904800661605444,0.08727525777958069,0.45922577811666765
510,8.5,feeder2_1704,0.08237145920456902,0.42818210581784505,0.08239316072916081,0.42843755602721023
510,8.5,feeder2_1525,0.08226111258548659,0.42807777138877356,0.0822858452947841,0.4283410857376241
510,8.5,feeder2_1716,0.08239425533119936,0.42797600189309926,0.08241598793232845,0.42823456838676177
510,8.5,feeder2_1537,0.08217140685872551,0.4279478053095669,0.08219635525950043,0.4282180004575667
510,8.5,feeder2_1645,0.0823140177869709,0.42850285299384633,0.08233735266068803,0.42876476392708024
510,8.5,feeder2_1561,0.08202378578655026,0.4274925151519621,0.08204660339826655,0.4277590290511896
510,8.5,feeder2_1657,0.08196779163067425,0.42746093834812626,0.08199035591474922,0.4277294963603022
510,8.5,feeder2_1570,0.08196301133558048,0.42730516618387254,0.08198731441767047,0.42757918653865995
510,8.5,feeder2_1756,0.0808772663037097,0.4285180516827956,0.08089455725387172,0.4287918602429361
510,8.5,feeder2_1588,0.08193781729872705,0.4270691043430425,0.08195903100748314,0.4273429460814925
510,8.5,feeder2_1628,0.08188752220441929,0.42704143893489377,0.08191167469025709,0.4273147039154422
510,8.5,feeder2_1598,0.08190905654477725,0.4267801615521343,0.08193087955842528,0.42705798953795937
510,8.5,feeder2_1816,0.08208866019900798,0.42664259500279167,0.08210733885257758,0.4269176865502617
510,8.5,feeder2_1765,0.08203507117696737,0.4266836973640741,0.08205809215483893,0.4269572229758967
510,8.5,feeder2_1641,0.08176181088098138,0.4254359118556451,0.08178398716271995,0.4257211692186211
510,8.5,feeder2_1689,0.08172712750786366,0.42458723047895536,0.08175226131446277,0.424880373377046
510,8.5,feeder2_1744,0.08148614064569804,0.4252746113884175,0.08150894902226737,0.42556163216302184
510,8.5,feeder2_1817,0.0817413736975596,0.42467625463715525,0.08176098510467694,0.42496461615414477
510,8.5,feeder2_1779,0.08239521007121019,0.42388423832044053,0.08241756074073074,0.424179039095364
510,8.5,feeder2_1800,0.08174370952513614,0.42464483997751545,0.0817658711369103,0.42493517793409324
510,8.5,feeder2_1818,0.08108706792807101,0.42210419594580884,0.08109978397126169,0.4224130972923725
510,8.5,feeder2_1753,0.08076438245491704,0.4248482055002676,0.08078699211716212,0.42513197975018163
510,8.5,feeder2_1754,0.08145245414247572,0.4252559278429227,0.08147367097084113,0.4255405374195856
540,9.0,secondary,0.015000884754741385,0.007403058605406424,0.01499121800938287,0.007393476695428802
540,9.0,feeder2_44,0.027929650856743832,0.03862947619716836,0.027916247432518797,0.03860062193337531
540,9.0,feeder2_45,0.028472303782815355,0.03972728179351828,0.028459059620216765,0.03969641164017585
540,9.0,feeder2_46,0.025699939272585546,0.04041777573066666,0.025687019526783227,0.04038712919254148
540,9.0,feeder2_51,0.029410377828155893,0.04161239208681726,0.029394412812212042,0.04158413698576252
540,9.0,feeder2_48,0.02861542681771226,0.039936583263819506,0.028600100411034696,0.039908186701568496
540,9.0,feeder2_52,0.03238530585753976,0.038170265585536135,0.032366060189517695,0.03814251982793396
540,9.0,feeder2_68,0.031913945738356035,0.048238560374181234,0.03189689250828368,0.048205083898809085
540,9.0,feeder2_69,0.017681925511960427,0.05301576603061512,0.017684388725299156,0.05293952444458313
540,9.0,feeder2_71,0.032610987750371426,0.05051164426961931,0.03258991494531601,0.050479422131817574
540,9.0,feeder2_72,0.08725136006950855,0.11675053021871928,0.08722914252735409,0.1167227726035814
540,9.0,feeder2_73,0.03319977656147899,0.050425564209388665,0.03318717814492681,0.050404286314734655
540,9.0,feeder2_74,0.03357308121126482,0.049910598728202554,0.03355369801733258,0.04989547411447141
540,9.0,feeder2_77,0.03375226739869963,0.051325239538017514,0.033735773000617544,0.05131599806351388
540,9.0,feeder2_79,0.020195521059817916,0.04223246271211252,0.02017795174432422,0.0421997851997916
540,9.0,feeder2_81,0.03558883197274794,0.05938250353581889,0.03557244238432986,0.05939352051049533
540,9.0,feeder2_82,0.035631814371003795,0.05944162345878555,0.035617206886866815,0.05945259037841972
540,9.0,feeder2_116,0.04516655848761378,0.11444006712607335,0.04514971904883317,0.11450478652132572
540,9.0,feeder2_119,0.04520104990566965,0.11447109577202667,0.04518564588376001,0.11453836594318731
540,9.0,feeder2_120,0.04909953833668636,0.13764623152830271,0.0490803421754023,0.13772628672422127
540,9.0,feeder2_248,0.05102848103455288,0.13690969594972285,0.05101329137173412,0.13698643336235666
540,9.0,feeder2_124,0.051441925146459816,0.1524025064495005,0.05142811906282469,0.15248516063704817
540,9.0,feeder2_282,0.052485233830372284,0.1545835117432589,0.0524677752156873,0.15466496921131045
540,9.0,feeder2_275,0.06196965680496544,0.16139739643253292,0.061958480482789284,0.16149133794607126
540,9.0,feeder2_151,0.05492882267325496,0.17077025146019062,0.05491535243961037,0.17085773277454797
540,9.0,feeder2_295,0.052591057668994884,0.16823118870634693,0.05257751995332996,0.16831962714575582
540,9.0,feeder2_311,0.05481615284162623,0.17065263754949023,0.05479991252609316,0.17074272915170552
540,9.0,feeder2_201,0.06154633736163108,0.2052974373865527,0.06153086366154953,0.20539850504323523
540,9.0,feeder2_314,0.06037883596757913,0.20755166419808435,0.06036439615110387,0.20764911226729454
540,9.0,feeder2_342,0.07104786278298911,0.24972320440693907,0.0710322748139143,0.24983706515241108
540,9.0,feeder2_368,0.07095695080966238,0.25135987761879236,0.07094089275743,0.2514749624986023
540,9.0,feeder2_347,0.07602353864478914,0.2684996097455565,0.07600708613678628,0.26861684620264836
540,9.0,feeder2_353,0.0784925762820098,0.2778502921518014,0.07847778832911487,0.27796941866172253
540,9.0,feeder2_518,0.07605514427526883,0.2685333118814571,0.07604216117651451,0.26864655212031197
540,9.0,feeder2_365,0.08121482359319677,0.2879091334220161,0.08119838017492852,0.28802812842785547
540,9.0,feeder2_653,0.07907867218975152,0.27840755633870057,0.07905926513743226,0.2785313903677358
540,9.0,feeder2_377,0.0826950302879554,0.2933889338266649,0.08267811489837157,0.29351302532453805
540,9.0,feeder2_622,0.08117892656085934,0.28787114568590794,0.08116178907300828,0.28799125513539836
540,9.0,feeder2_451,0.07099290261657346,0.25139515767167586,0.0709733263934796,0.25151090880686394
540,9.0,feeder2_383,0.07080581198266142,0.2540471170606214,0.07078856558082486,0.2541648645276412
540,9.0,feeder2_385,0.08458689771345873,0.30062337894085367,0.0845701824546781,0.3007475030437265
540,9.0,feeder2_621,0.08027102282846124,0.29070922383406034,0.08025377260246373,0.29083397765158064
540,9.0,feeder2_611,0.07137315155367607,0.25462323093325023,0.07136081856220598,0.25473863442469225
540,9.0,feeder2_405,0.07079209523196542,0.2541844409861944,0.07077426861299799,0.25430285423748766
540,9.0,feeder2_461,0.0918316596883622,0.3307302300483353,0.09181464126448269,0.3308562629858545
540,9.0,feeder2_594,0.0858409281395557,0.3001463108790256,0.08582541583784598,0.30027079185233785
540,9.0,feeder2_732,0.07267491503354113,0.25362768699924987,0.07266305104873717,0.25374397697705453
540,9.0,feeder2_417,0.07057574424001911,0.25531158028493867,0.07056221028356373,0.25542873669205185
540,9.0,feeder2_663,0.07048469448019026,0.25521614560720474,0.07047213702614817,0.25533225718799984
540,9.0,feeder2_444,0.07042031420874895,0.2562021067140813,0.07040752758239989,0.2563195462843164
540,9.0,feeder2_759,0.06904272904567878,0.25866602607037337,0.06902217517946216,0.2587891057037314
540,9.0,feeder2_842,0.07032956062657286,0.2561056516540769,0.07031379823934024,0.25622492382165013
540,9.0,feeder2_459,0.07038033432067665,0.25636732818659724,0.07036765777277317,0.2564859080002314
540,9.0,feeder2_702,0.06900184624533669,0.2600934775605111,0.06898539181964385,0.2602138040755401
540,9.0,feeder2_493,0.07025722027114649,0.2556071668350062,0.07024639275187301,0.25572321750506305
540,9.0,feeder2_651,0.09133722546130822,0.3299688010155982,0.0913204119084248,0.3300982803586134
540,9.0,feeder2_684,0.09797055112117552,0.3562740614324434,0.09795427320144177,0.35640596375681965
540,9.0,feeder2_674,0.07199768064987853,0.256588348175314,0.07198661860143095,0.25670798173556764
540,9.0,feeder2_696,0.06836570431437744,0.2484565886957237,0.06835432371413275,0.24857272388384877
540,9.0,feeder2_681,0.07644545218015765,0.25894229848378386,0.07643541161703203,0.25906210555064446
540,9.0,feeder2_682,0.07259648378616895,0.25719317159930016,0.07257945302193387,0.2573173325233278
540,9.0,feeder2_728,0.09990990703392513,0.3632403228586207,0.09989345128946642,0.36337485762734223
540,9.0,feeder2_724,0.10105160635730231,0.36641854791663664,0.1010331061941341,0.366553030488629
540,9.0,feeder2_703,0.06760520549375505,0.2476469992388868,0.0675940149582447,0.24776256411630718
540,9.0,feeder2_704,0.0665071851824699,0.24606772854985476,0.06649250747358494,0.24618591371299964
540,9.0,feeder2_754,0.1010864577152886,0.3664620678485247,0.10106639832411629,0.36659693390342146
540,9.0,feeder2_747,0.10230655332150193,0.37057475849244337,0.10228490927877824,0.37071236241939476
540,9.0,feeder2_828,0.10088616000373861,0.3637455972071109,0.10086831726603071,0.36388051737569116
540,9.0,feeder2_763,0.10249737321545295,0.3726339799176813,0.10248039490545265,0.3727669846380244
540,9.0,feeder2_836,0.10220439301793485,0.3704668938370589,0.10217922320870854,0.3706058239875978
540,9.0,feeder2_758,0.10339776978548607,0.3742128107292358,0.10337359717532751,0.3743524305356295
540,9.0,feeder2_788,0.1026292834951668,0.37565632458564674,0.10260993222102877,0.37579159985247224
540,9.0,feeder2_812,0.10678799298827928,0.38365726854771837,0.10676285800013552,0.38379839846549385
540,9.0,feeder2_947,0.1025667158189087,0.3727191516019595,0.10255444542346623,0.37284858779814634
540,9.0,feeder2_868,0.10461375743122858,0.3772087016234765,0.1045979355978544,0.37733502164343147
540,9.0,feeder2_785,0.10321047159846503,0.37550301334081826,0.10319776174288264,0.37563731432505454
540,9.0,feeder2_1176,0.10300419059943572,0.3752852679645497,0.10298867785499262,0.3754197911178494
540,9.0,feeder2_846,0.11041722025671276,0.3800874118859534,0.11040194318738888,0.3802300974142396
540,9.0,feeder2_911,0.10322875041569146,0.37554088750723014,0.10321348259090068,0.3756762053984948
540,9.0,feeder2_1107,0.11155370627122843,0.39867849362331015,0.11153170985158257,0.3988142718359038
540,9.0,feeder2_920,0.1064264289282374,0.38217916162497106,0.10640402832827606,0.3823219314008374
540,9.0,feeder2_926,0.10576940590027431,0.3802120831181535,0.10575062898105024,0.3803523495507093
540,9.0,feeder2_1239,0.10656628658234414,0.3819077770900262,0.10654342527347249,0.3820516086090841
540,9.0,feeder2_933,0.10547442042041924,0.37933372545637944,0.10545419601960761,0.37947629224916657
540,9.0,feeder2_1146,0.10578896701082653,0.38025940424517246,0.10576633034031213,0.38040416349862827
540,9.0,feeder2_1124,0.10542005075089066,0.37927663296559616,0.10539729326309148,0.3794200354803171
540,9.0,feeder2_942,0.10473775767642242,0.3771696878897336,0.10471604514112932,0.37731385031937165
540,9.0,feeder2_952,0.10313229410324413,0.3747546328692769,0.10311117535237553,0.3749004692815616
540,9.0,feeder2_965,0.10480508197157797,0.37707347251791823,0.10477890051822308,0.37721988297511244
540,9.0,feeder2_961,0.10295748880564538,0.37439472342091684,0.10293798515096451,0.37454019847481984
540,9.0,feeder2_963,0.10313260310103338,0.3747766246371208,0.10310912812230816,0.37492353173870235
540,9.0,feeder2_973,0.10201841628549271,0.37226327463319336,0.1019950327650959,0.3724100785160053
540,9.0,feeder2_1128,0.10297421662156926,0.3747941984639992,0.10295160511558797,0.37493810855682835
540,9.0,feeder2_1113,0.10315190636217472,0.3748017413801324,0.10312944829998667,0.3749474007767424
540,9.0,feeder2_1143,0.10312959041098779,0.3762469677421476,0.10310657376011487,0.3763924047960869
540,9.0,feeder2_1238,0.10512467605741398,0.37756545101495576,0.1051071535250795,0.3777087196784779
540,9.0,feeder2_979,0.10488099745286948,0.3769135103943108,0.10485854580052968,0.37706014084147416
540,9.0,feeder2_1236,0.10082407457371435,0.3698290148350461,0.1008062972234667,0.36997278177205195
540,9.0,feeder2_989,0.10201653861386605,0.37225680830476526,0.10198881585793296,0.37240520336181054
540,9.0,feeder2_1196,0.10648567075855483,0.37611818905423755,0.10646705234853036,0.37626256119357526
540,9.0,feeder2_1158,0.1014375226837456,0.3715518352080805,0.10142140578721312,0.3716945198761556
540,9.0,feeder2_1122,0.11345962812120494,0.4047787635699341,0.113440877782857,0.4049144263727918
540,9.0,feeder2_1258,0.11126961383330497,0.39837868955237815,0.11124583285339937,0.3985190506471867
540,9.0,feeder2_1303,0.11361175945502891,0.40502900877186976,0.11359070639400458,0.4051649988299963
540,9.0,feeder2_1138,0.11493753946242617,0.4095135024320207,0.11491784566842583,0.4096461292225439
540,9.0,feeder2_1304,0.11496551843121787,0.40953538434475595,0.1149452185821851,0.4096718428924337
540,9.0,feeder2_1212,0.11806720912750811,0.4195183291563198,0.11804102476163261,0.4196586848517305
540,9.0,feeder2_1311,0.11734242814822149,0.42104590021091753,0.11731682026160473,0.42118417462748153
540,9.0,feeder2_1290,0.12193615459146964,0.4306408303632637,0.12191209503559129,0.4307763182844926
540,9.0,feeder2_1325,0.0996303894250462,0.3683550241322889,0.09960401858988696,0.36850429535353646
540,9.0,feeder2_1248,0.1008168770498524,0.36982101797725414,0.10079777286522869,0.3699637611563212
540,9.0,feeder2_1249,0.10513518994331335,0.37758018321271186,0.10511233094663854,0.3777250039611773
540,9.0,feeder2_1250,0.10532673276366028,0.3778756520379161,0.10530960361215201,0.37801757731432634
540,9.0,feeder2_1366,0.0995095862971949,0.3683229786738932,0.09948646705392554,0.36846848816437017
540,9.0,feeder2_1266,0.11104311719422558,0.3981393226299758,0.11102435320268528,0.39827275469759393
540,9.0,feeder2_1372,0.1256874942450278,0.43656150297904284,0.125663729998764,0.4366901896627359
540,9.0,feeder2_1363,0.12377899314753674,0.4355021027041779,0.1237547604267368,0.43564143168112995
540,9.0,feeder2_1446,0.09916744320262735,0.36928677490877465,0.09914528723815341,0.3694334410922994
540,9.0,feeder2_1502,0.09829460350465069,0.36553010512281425,0.09827389291082414,0.36567919104675334
540,9.0,feeder2_1428,0.129545623999468,0.436408812002669,0.12952102407331126,0.4365524168867917
540,9.0,feeder2_1380,0.12492562661704298,0.4392016773807825,0.12490273638687416,0.4393413466550666
540,9.0,feeder2_1550,0.12367576800936865,0.4427583708919421,0.12364921228466763,0.4428992434213525
540,9.0,feeder2_1386,0.12542842551714184,0.4392609331342674,0.12540666516385127,0.43940022582229
540,9.0,feeder2_1551,0.128385598260773,0.43784685250717714,0.1283588485280583,0.4379900597170353
540,9.0,feeder2_1400,0.1255352763441821,0.4395616677507828,0.12551598453712545,0.43970107704894595
540,9.0,feeder2_1552,0.12740625833523134,0.4387211263479368,0.12738173893899363,0.43886372305421956
540,9.0,feeder2_1408,0.1255740121496133,0.4405399171805298,0.12554714892232516,0.44068178994245194
540,9.0,feeder2_1553,0.12564583882100824,0.44060972147925337,0.1256226715778456,0.440749761083717
540,9.0,feeder2_1416,0.1255939432758345,0.44103304676201244,0.12557080849258692,0.44117409908264726
540,9.0,feeder2_1530,0.1254749439993056,0.4437086847298636,0.12544982458429474,0.44384816318846265
540,9.0,feeder2_1425,0.12547369855583743,0.44065394393256063,0.12544792669866603,0.44079360655461286
540,9.0,feeder2_1589,0.1255198934046486,0.44068839895058975,0.12549607858632375,0.44083031158033287
540,9.0,feeder2_1435,0.12544928261910154,0.4405738141876302,0.12542895882718427,0.44071020513200504
540,9.0,feeder2_1621,0.12477126794539016,0.43976592282953264,0.12474744533690622,0.43990820024484
540,9.0,feeder2_1564,0.12545095967041464,0.4406543557555342,0.12542793804186644,0.44079152988331405
540,9.0,feeder2_1704,0.09780742489422847,0.3649653257601444,0.09778707151507939,0.3651144780173851
540,9.0,feeder2_1525,0.09802656205448287,0.36505276898006145,0.09800062299450811,0.3652043515374342
540,9.0,feeder2_1716,0.09461138284994668,0.36138036988581096,0.09458590857260854,0.3615322798335175
540,9.0,feeder2_1537,0.09785717805295618,0.36510784518402783,0.09783008576632907,0.3652616355301635
540,9.0,feeder2_1645,0.09837709563041735,0.3654244490627073,0.09835447955493372,0.36557770393899
540,9.0,feeder2_1561,0.09764846551942585,0.36495860909381017,0.09762171646283216,0.3651122655688411
540,9.0,feeder2_1657,0.09787905626867686,0.3652926036112914,0.097856653372184,0.36544200221137807
540,9.0,feeder2_1570,0.09753400109466999,0.3648252165243642,0.0975157276216048,0.36497408927586994
540,9.0,feeder2_1756,0.09611381511204084,0.3677454708868125,0.09608597815476465,0.3679024922913808
540,9.0,feeder2_1588,0.09742767839964735,0.3645150257663053,0.09739999552803691,0.36467090992784856
540,9.0,feeder2_1628,0.0970192347995407,0.36532683115235015,0.09699127936517463,0.3654819057909861
540,9.0,feeder2_1598,0.09729472841390163,0.3638905527089628,0.09726530854394959,0.36404737360265277
540,9.0,feeder2_1816,0.09597270867975946,0.3625060813040455,0.09594718035459208,0.3626615871000649
540,9.0,feeder2_1765,0.09710265018920182,0.3636890862344407,0.0970826897542707,0.3638413003942717
540,9.0,feeder2_1641,0.09673959467423328,0.3613498187701384,0.09671338687919478,0.361506713374856
540,9.0,feeder2_1689,0.09620249700047599,0.3589825674316788,0.09617738013356704,0.3591412287241234
540,9.0,feeder2_1744,0.09682670146071992,0.3615017260054234,0.0968016755492232,0.3616561936276914
540,9.0,feeder2_1817,0.09620436268746105,0.3590289579894819,0.0961839520535615,0.35918799664514994
540,9.0,feeder2_1779,0.09492900701996523,0.3575720381440079,0.09490492666305717,0.3577294157559735
540,9.0,feeder2_1800,0.09739467884162369,0.3583287827277969,0.09737437753864876,0.3584876280261191
540,9.0,feeder2_1818,0.09368841082641209,0.35633805497175114,0.0936693249038443,0.3565009768162752
540,9.0,feeder2_1753,0.0970408203856098,0.36189222395770704,0.0970176255666782,0.36204768128120374
540,9.0,feeder2_1754,0.09684092533346235,0.3615219844787254,0.09681925113395064,0.36167361377999047
570,9.5,secondary,0.016883097151249124,0.04488248585680943,0.01687348952486929,0.044877833286147424
570,9.5,feeder2_44,0.03145759745937537,0.2343739468823883,0.031438572765381874,0.2343471068136772
570,9.5,feeder2_45,0.03205959572195988,0.24188337584950975,0.03204230504946016,0.24185790279433664
570,9.5,feeder2_46,0.029964462019377455,0.23289610714967288,0.029941839374485815,0.23287183858218902
570,9.5,feeder2_51,0.03310015133967001,0.25443583818144005,0.03307866250314315,0.25441012911784505
570,9.5,feeder2_48,0.03076177735353654,0.24515055090946256,0.03074251133705752,0.245126641829719
570,9.5,feeder2_52,0.0332137635331462,0.25453139771012995,0.03318981866889058,0.2545058905509112
570,9.5,feeder2_68,0.03603951402583455,0.289822340121211,0.036016530359566194,0.2897940176463232
570,9.5,feeder2_69,0.011723033471306581,0.23957131088710343,0.01174657062170761,0.23954072909654547
570,9.5,feeder2_71,0.036912335381191486,0.2971206274291747,0.03688962234968224,0.2970916407064829
570,9.5,feeder2_72,0.08464187594891236,0.3436303017115904,0.08462041884084628,0.34358868772008017
570,9.5,feeder2_73,0.03825524488991046,0.31574952281729896,0.03822634273857868,0.3157226260174362
570,9.5,feeder2_74,0.05406897395696843,0.3255572676454047,0.054045952674953504,0.32553518417290517
570,9.5,feeder2_77,0.03936088418392724,0.33009101328062274,0.03933337770783164,0.33006236682429024
570,9.5,feeder2_79,0.03715989642684245,0.32770036497961746,0.03713671159771947,0.327672348104955
570,9.5,feeder2_81,0.041299244674858904,0.3537990812038922,0.04127248302584691,0.3537686964210151
570,9.5,feeder2_82,0.040322714853299045,0.35589929895160344,0.040297634926539275,0.3558688297918908
570,9.5,feeder2_116,0.05011373068749864,0.45915470018830323,0.05008234205961294,0.4591214319367022
570,9.5,feeder2_119,0.05338956317139274,0.45933721129435157,0.053359554596639006,0.4593058283718299
570,9.5,feeder2_120,0.05315534208679047,0.4981697405618478,0.05312216878466707,0.49813986799134735
570,9.5,feeder2_248,0.05798570969647737,0.5020342511762058,0.0579503823594562,0.5020074736392399
570,9.5,feeder2_124,0.05491736865081734,0.5204387938875444,0.0548859787522423,0.5204028680866626
570,9.5,feeder2_282,0.05580136076695495,0.5216539084056241,0.05576720090511408,0.5216187328466129
570,9.5,feeder2_275,0.06284760641715052,0.5264933518709628,0.06280947151745198,0.5264679512291376
570,9.5,feeder2_151,0.057456649719063085,0.5541566344146722,0.05741689330593297,0.5541210124725984
570,9.5,feeder2_295,0.055826170086852596,0.5524376014042737,0.05578924139958548,0.5524001049800747
570,9.5,feeder2_311,0.0573438716302823,0.554038974332621,0.05730118506148187,0.5540058308163441
570,9.5,feeder2_201,0.06230278009826748,0.613015493922418,0.06226040010450729,0.6129715409033699
570,9.5,feeder2_314,0.06125443776217201,0.6152875178671164,0.06121571399056476,0.6152415491518763
570,9.5,feeder2_342,0.0692745510333749,0.6919807944153767,0.06922864821333155,0.6919265482063937
570,9.5,feeder2_368,0.06956400524196159,0.6957709905539362,0.0695169823869599,0.6957192703243533
570,9.5,feeder2_347,0.07270825958079254,0.7237603785226898,0.07265485400450669,0.723701737862244
570,9.5,feeder2_353,0.07444476320035529,0.7396290639162256,0.07439501925061284,0.7395611737128595
570,9.5,feeder2_518,0.07275298205738291,0.7237985121813356,0.07270537000299901,0.7237392378829618
570,9.5,feeder2_365,0.07639683938287058,0.7570547296580221,0.07634248936243267,0.7569854919308836
570,9.5,feeder2_653,0.07481656170183482,0.7400035509416617,0.07477009127847199,0.7399349821400611
570,9.5,feeder2_377,0.07747038315779212,0.7665501142791759,0.07742074410178142,0.7664770775810001
570,9.5,feeder2_622,0.0763603771412867,0.757016735887586,0.07630747110890101,0.7569507001011619
570,9.5,feeder2_451,0.06961068680306251,0.6958114902411118,0.06956476546746938,0.6957586058405919
570,9.5,feeder2_383,0.07005750594931998,0.7019626308655195,0.07001392744481807,0.7019102359982066
570,9.5,feeder2_385,0.07882591982315564,0.778124171492508,0.0787725098910251,0.7780504841434688
570,9.5,feeder2_621,0.07572547156246687,0.7647334099034527,0.07567949771185448,0.764656465015666
570,9.5,feeder2_611,0.07200386724551312,0.702058218798204,0.07196243075580562,0.7020067589104929
570,9.5,feeder2_405,0.07006664244052815,0.7023390512492073,0.07002224034522915,0.7022883349570874
570,9.5,feeder2_461,0.08453596863529496,0.8208697273295648,0.08448626424667945,0.8207753317413161
570,9.5,feeder2_594,0.08115316397217007,0.7804110295379038,0.08110245537028293,0.7803347153850532
570,9.5,feeder2_732,0.07015408026200781,0.7024304042967088,0.0701129034140863,0.7023778310505481
570,9.5,feeder2_417,0.0701370562002568,0.7051605898472961,0.0700950193275873,0.7051091987709565
570,9.5,feeder2_663,0.0697395190702141,0.7047433206573329,0.06969106129290324,0.7046980120844352
570,9.5,feeder2_444,0.0702299948360958,0.7074427074818654,0.07018880347687274,0.707392296253044
570,9.5,feeder2_759,0.07030316845883969,0.7075129366569965,0.0702586662678886,0.7074661551031872
570,9.5,feeder2_842,0.06855883584611985,0.7056922198668616,0.06850998949421057,0.7056471393265664
570,9.5,feeder2_459,0.07028895941211737,0.7083416024749852,0.07024230412230258,0.7082939384756949
570,9.5,feeder2_702,0.06939686256103184,0.7123784388456779,0.06935356003949385,0.7123297228634511
570,9.5,feeder2_493,0.07048086924532049,0.7102484015853007,0.07043918343073298,0.710197416297791
570,9.5,feeder2_651,0.08448501751012603,0.8208163088752705,0.08443400000082935,0.8207234871291491
570,9.5,feeder2_684,0.08938497455283476,0.8561124458500016,0.08933030569282374,0.8560074196840538
570,9.5,feeder2_674,0.07251841433318931,0.7119862039013634,0.0724761846141889,0.711936102413029
570,9.5,feeder2_696,0.06966508782726145,0.7072498364531246,0.06962313244405464,0.7071989633531743
570,9.5,feeder2_681,0.07255985836614161,0.7120291311999691,0.07252002391578403,0.7119817630088497
570,9.5,feeder2_682,0.08159177678318419,0.719219726614421,0.08155100107337866,0.7191746998672209
570,9.5,feeder2_728,0.08972488973391986,0.8584045094746615,0.08966824298125303,0.8583033856318247
570,9.5,feeder2_724,0.0939149064296913,0.8872715808282021,0.0938589296438455,0.8871548222148723
570,9.5,feeder2_703,0.06888809128147544,0.7064358519096133,0.06884249303108413,0.7063885964829791
570,9.5,feeder2_704,0.06883990649719356,0.7063550757301112,0.0687934131954449,0.7063107057343352
570,9.5,feeder2_754,0.09362552825313575,0.8887405858874453,0.09356298878374192,0.8886285165797011
570,9.5,feeder2_747,0.0957525890157347,0.8993301435604809,0.09569463186494331,0.8992075120197257
570,9.5,feeder2_828,0.09006712750621867,0.858803628843818,0.09001015391896343,0.8587022940516
570,9.5,feeder2_763,0.09020160381329634,0.8611035636634543,0.09014625118930597,0.8610032770408396
570,9.5,feeder2_836,0.09370950285489789,0.8978665254928242,0.09365083318682686,0.8977419616197289
570,9.5,feeder2_758,0.09762019952478322,0.9105112623569478,0.09756274070954546,0.91038289442761
570,9.5,feeder2_788,0.09703726972587776,0.9133861579796757,0.09698178998101786,0.9132596195879343
570,9.5,feeder2_812,0.10319979318889282,0.9414483044206445,0.10314018106381952,0.9413056763111504
570,9.5,feeder2_947,0.09032609499897085,0.8612008244548494,0.0902684610592793,0.8610989653719974
570,9.5,feeder2_868,0.09065496327924209,0.862489665348312,0.09060248035313674,0.8623843868498473
570,9.5,feeder2_785,0.0902937425694392,0.8617897627134419,0.09023841549634325,0.8616851284483158
570,9.5,feeder2_1176,0.08909305417192294,0.8605333457711538,0.08904033664701594,0.8604286697451076
570,9.5,feeder2_846,0.09170970262466127,0.8619407843905164,0.09165808347399346,0.861836756184412
570,9.5,feeder2_911,0.09032972252494491,0.8635003100110079,0.09027659981544808,0.8633964519257565
570,9.5,feeder2_1107,0.11024669133496783,0.9703988847614812,0.11018279249460847,0.970252273097664
570,9.5,feeder2_920,0.10284658949430148,0.942267058917917,0.1027819887104723,0.9421300964792227
570,9.5,feeder2_926,0.10232404880810456,0.9434812210358382,0.10226013480188084,0.9433376839311336
570,9.5,feeder2_1239,0.10284367419894215,0.9422934766184592,0.10278086636855617,0.9421523199104859
570,9.5,feeder2_933,0.10208819178087478,0.9440137511806737,0.10202245770149387,0.943873444968509
570,9.5,feeder2_1146,0.10234770796079473,0.9435343877915581,0.10228513618359356,0.943392611529986
570,9.5,feeder2_1124,0.10203571409116961,0.9439567934216528,0.10196887423424385,0.9438179883212116
570,9.5,feeder2_942,0.10150004810170468,0.9454324588031743,0.1014322824326572,0.9452902550840261
570,9.5,feeder2_952,0.10001447688114593,0.9472205328015149,0.09994460573733517,0.947073510241014
570,9.5,feeder2_965,0.1015805966372339,0.9454765973449892,0.10151454473507295,0.9453311569798774
570,9.5,feeder2_961,0.09984453497618173,0.9473123698485133,0.09977865703723252,0.9471619835067384
570,9.5,feeder2_963,0.10001655561366372,0.9472426823088903,0.09994723544651353,0.9470938033351874
570,9.5,feeder2_973,0.09918262662086774,0.9449780485874957,0.09911399952164594,0.944823513559332
570,9.5,feeder2_1128,0.09945446220968535,0.9522472227603097,0.09938692707850258,0.9521002002303417
570,9.5,feeder2_1113,0.10005094015922614,0.9472690869361111,0.09998323689726957,0.9471200586222815
570,9.5,feeder2_1143,0.10013169666858314,0.9487208170001535,0.10006634986990119,0.9485698469048673
570,9.5,feeder2_1238,0.10236482745901157,0.9487669472596525,0.10230040692650597,0.9486187500980224
570,9.5,feeder2_979,0.10164451794108442,0.9452778236107854,0.10157433959419215,0.9451369225230245
570,9.5,feeder2_1236,0.09828465557379307,0.9420148110179611,0.09821257010606628,0.9418577327695175
570,9.5,feeder2_989,0.09918191150544867,0.9449733927809777,0.09911113352144386,0.9448208989964723
570,9.5,feeder2_1196,0.1033763356943373,0.9443107523651625,0.10330761428042809,0.9441717021500209
570,9.5,feeder2_1158,0.09863840103069069,0.9443994401205238,0.09857144930408268,0.9442470588494869
570,9.5,feeder2_1122,0.11345930188938537,0.9835171631098274,0.11339668401622112,0.9833700074996617
570,9.5,feeder2_1258,0.10789785884453867,0.9685215439480159,0.10783830237023825,0.9683737731626039
570,9.5,feeder2_1303,0.11458447100607125,0.9863027849344292,0.11452267734217167,0.9861529401475663
570,9.5,feeder2_1138,0.11581912980175386,0.9929722833551695,0.11575352894725918,0.9928233061160849
570,9.5,feeder2_1304,0.1175178945058222,0.9926736042153016,0.11745718681234847,0.9925249881136722
570,9.5,feeder2_1212,0.12075069134738817,1.0131934332080441,0.12068882194450486,1.013039365262135
570,9.5,feeder2_1311,0.12084166425649584,1.0132716742457566,0.1207831823768382,1.0131172384897749
570,9.5,feeder2_1290,0.12687068065291718,1.0384051433314732,0.12680761856827621,1.0382459230196512
570,9.5,feeder2_1325,0.09744599384072579,0.9404302282491341,0.09737025902960075,0.9402671837449399
570,9.5,feeder2_1248,0.09827387923163021,0.9420034160937523,0.09820057865318658,0.9418456513853639
570,9.5,feeder2_1249,0.1023845670756282,0.9487828175445965,0.10231401925549427,0.9486423171118477
570,9.5,feeder2_1250,0.10292951515362318,0.951035904194487,0.10286644232713922,0.9508892552101682
570,9.5,feeder2_1366,0.09699016701275566,0.9406640115180273,0.09691588402334565,0.9405067926131185
570,9.5,feeder2_1266,0.1063153599333824,0.967124529758011,0.10625345508753171,0.9669771538340536
570,9.5,feeder2_1372,0.12742785786321306,1.0387992319776451,0.12736176575998776,1.0386422134067514
570,9.5,feeder2_1363,0.1332792739501004,1.0652850360842143,0.1332167794621412,1.0651208828993268
570,9.5,feeder2_1446,0.09749845641971863,0.9404726641841107,0.09742714683993928,0.9403019326712238
570,9.5,feeder2_1502,0.09650199490259945,0.9386214420360312,0.09642696522685848,0.938445277043669
570,9.5,feeder2_1428,0.13353296733439246,1.0653777792600738,0.13347002826972532,1.0652169722115448
570,9.5,feeder2_1380,0.14116251109961825,1.0980800500112433,0.14110487624650422,1.0979083075280327
570,9.5,feeder2_1550,0.1426155322133038,1.0990222436921142,0.1425568859791121,1.098848862549916
570,9.5,feeder2_1386,0.1448535531476884,1.1138360650934094,0.14479438754339463,1.1136615952682065
570,9.5,feeder2_1551,0.14751705554772793,1.111921479914538,0.1474558143938884,1.1117512692756266
570,9.5,feeder2_1400,0.146531752989148,1.1217504960964757,0.14647174254910936,1.1215779297116943
570,9.5,feeder2_1552,0.14667223944904287,1.1219762996396776,0.1466157928767227,1.121801091495546
570,9.5,feeder2_1408,0.15005379176876127,1.1380634714513687,0.14999062301199312,1.1378887999063747
570,9.5,feeder2_1553,0.1500631439734445,1.13810932851983,0.15000514746678117,1.1379329530397118
570,9.5,feeder2_1416,0.15189797118542953,1.1465843651135168,0.15183883348040758,1.1464034832317676
570,9.5,feeder2_1530,0.17426477602759843,1.1800549544190826,0.17421261822157094,1.1798711487100604
570,9.5,feeder2_1425,0.1517490812463375,1.1463005414671241,0.15168855231469272,1.146123893848327
570,9.5,feeder2_1589,0.15176013057343613,1.1463203360152618,0.1517034322450443,1.1461397011595058
570,9.5,feeder2_1435,0.15171969105172914,1.1462409527053636,0.1516629759346057,1.1460606077121342
570,9.5,feeder2_1621,0.15052872341385995,1.1456890309185994,0.15047178370541264,1.1455110189260587
570,9.5,feeder2_1564,0.151706751435196,1.1462972833403382,0.15164865069101127,1.146119065581425
570,9.5,feeder2_1704,0.09482272467026343,0.9375380699394568,0.09474373365861052,0.9373655223349396
570,9.5,feeder2_1525,0.09643962525280372,0.9386308412181004,0.09636078467072448,0.9384549684265464
570,9.5,feeder2_1716,0.09173800171381115,0.935115515548024,0.09165813508892408,0.9349385988900036
570,9.5,feeder2_1537,0.09655565930277263,0.9392477182640505,0.09647627626044918,0.9390727021047273
570,9.5,feeder2_1645,0.09739334004633961,0.9391354423351398,0.09731132880305324,0.938961218350141
570,9.5,feeder2_1561,0.09665625212397193,0.9399509391494886,0.09657226675401033,0.9397727922296715
570,9.5,feeder2_1657,0.09704722966782,0.9412652029415833,0.09696795903611116,0.9410827108389065
570,9.5,feeder2_1570,0.09664807206486882,0.9399506621395209,0.0965716585333038,0.9397623604291829
570,9.5,feeder2_1756,0.09681768276536586,0.940086277614177,0.09673622870195481,0.9399054290807605
570,9.5,feeder2_1588,0.09663778645668991,0.9399430012553431,0.0965613306688279,0.9397566250457047
570,9.5,feeder2_1628,0.09667742588992984,0.939973310141903,0.0966014060413226,0.9397854419449353
570,9.5,feeder2_1598,0.09662220735118557,0.9399259177500809,0.09654389428283604,0.9397414743488273
570,9.5,feeder2_1816,0.09299044115585453,0.9359799066808209,0.09290979486806851,0.9357941197837196
570,9.5,feeder2_1765,0.0964391326337975,0.9397244543871364,0.09635935208286599,0.9395393111507216
570,9.5,feeder2_1641,0.09673735819627784,0.941160290341626,0.09665473504544407,0.9409695358544875
570,9.5,feeder2_1689,0.09634715986850176,0.9389859699386268,0.0962644567207234,0.9387894206590648
570,9.5,feeder2_1744,0.09719257763017346,0.9432625099300431,0.09711600130362208,0.943066608456975
570,9.5,feeder2_1817,0.09634057028198119,0.9390340324322028,0.09625618051091353,0.9388361810113833
570,9.5,feeder2_1779,0.09542825506286409,0.9379093124846181,0.09534367280188309,0.9377128656680207
570,9.5,feeder2_1800,0.09791355580679631,0.938077762742558,0.09782720155451555,0.9378829708067228
570,9.5,feeder2_1818,0.09069017866733076,0.9333638504250946,0.09059282273574368,0.93315214689105
570,9.5,feeder2_1753,0.09899829347695105,0.947171342990173,0.09891839112581874,0.9469752886260187
570,9.5,feeder2_1754,0.09714810829295907,0.9438666462565933,0.09706479051396502,0.9436759496670215
600,10.0,secondary,0.045771646879717985,0.06102884121254635,0.045776372807458374,0.061035600603588334
600,10.0,feeder2_44,0.0852966999041895,0.31873504260044627,0.08531021764286742,0.3187693726430336
600,10.0,feeder2_45,0.0867851752551204,0.3287438331559469,0.08679720082532158,0.32877834600382233
600,10.0,feeder2_46,0.08532593816278239,0.3186217526734172,0.08533685271451268,0.3186599077386068
600,10.0,feeder2_51,0.08938125410673418,0.34615345250177737,0.08939400812476299,0.34618710375434286
600,10.0,feeder2_48,0.08660218414858363,0.3286796657567954,0.08661389816577911,0.3287158597439961
600,10.0,feeder2_52,0.08954641042508872,0.34638442239977196,0.08955913322269783,0.34642181949957424
600,10.0,feeder2_68,0.09671311094581622,0.39515710847130503,0.09672660063446055,0.39519873862547994
600,10.0,feeder2_69,0.11708386923350948,0.36102263335440005,0.11709696987322982,0.36106026468086166
600,10.0,feeder2_71,0.09785532531370242,0.4032722358475352,0.09786789270138431,0.40331088143681465
600,10.0,feeder2_72,0.04294195612022515,0.3920483363797431,0.04295243085754001,0.3921000830234525
600,10.0,feeder2_73,0.10254907848657789,0.4315823623831613,0.10256413143235202,0.4316290267455977
600,10.0,feeder2_74,0.12279703767900639,0.45868324433907326,0.12281364208337125,0.45872651289175365
600,10.0,feeder2_77,0.10569480020623931,0.4515772646330473,0.1057091010818739,0.4516241301465453
600,10.0,feeder2_79,0.11137058016437318,0.4431173757854907,0.11138399635015955,0.44316563582219015
600,10.0,feeder2_81,0.11055848649827733,0.4862914402731395,0.11057245311252963,0.4863407786853861
600,10.0,feeder2_82,0.11049989070872877,0.48626732038046705,0.11051638390531376,0.4863196654917264
600,10.0,feeder2_116,0.13273653633106985,0.6421129223953919,0.1327558214531243,0.6421772618308433
600,10.0,feeder2_119,0.13278940454707153,0.6421819232590208,0.13280667217829542,0.6422439806719946
600,10.0,feeder2_120,0.14105528641938897,0.699824294401227,0.14107305951514965,0.6998946390611174
600,10.0,feeder2_248,0.1411935815892745,0.7007537156979975,0.141208622435278,0.7008265671502786
600,10.0,feeder2_124,0.14609804146066577,0.7348917636464267,0.14611505575129025,0.7349669321550638
600,10.0,feeder2_282,0.14356309242763768,0.7338951703133987,0.14358002027798777,0.7339685300410783
600,10.0,feeder2_275,0.1515551376911549,0.7416635916318527,0.15157468881794203,0.7417364617920202
600,10.0,feeder2_151,0.15417159904948136,0.792250482427232,0.15419245167117207,0.7923286792654305
600,10.0,feeder2_295,0.15428067810268017,0.7909478534457335,0.15429895519737177,0.7910257097597064
600,10.0,feeder2_311,0.15417029510626004,0.7921800755993035,0.15418994514646345,0.7922578926749382
600,10.0,feeder2_201,0.1679827816576712,0.8895770798837912,0.16800498018108717,0.8896643155893145
600,10.0,feeder2_314,0.16791085148210877,0.8895420254439148,0.1679306430975969,0.8896339285289265
600,10.0,feeder2_342,0.18772126461031727,1.0278358328101036,0.18774820253143581,1.0279358512014014
600,10.0,feeder2_368,0.18956417804862563,1.0357268812232316,0.18958889665611336,1.0358328156615084
600,10.0,feeder2_347,0.19474698176281774,1.0809960267716403,0.19477413728879053,1.0811042052319877
600,10.0,feeder2_353,0.19825501275842938,1.1074831604452684,0.19828038338013532,1.1075995359001571
600,10.0,feeder2_518,0.19468026246532832,1.08096066402925,0.19470341268495672,1.0810742351557192
600,10.0,feeder2_365,0.20197095652799316,1.1360014944670263,0.2019968334384508,1.1361176500838934
600,10.0,feeder2_653,0.19962906906779565,1.1091201974379592,0.199656659937797,1.1092339010338885
600,10.0,feeder2_377,0.20395524677921995,1.1519269759919537,0.20398410479765047,1.1520461326125977
600,10.0,feeder2_622,0.20328169284876885,1.1343279857449302,0.2033060551409506,1.134450053176749
600,10.0,feeder2_451,0.18786232365439354,1.036470634870002,0.18788638909716127,1.0365780911585913
600,10.0,feeder2_383,0.19295016529186815,1.0480370676861235,0.19297459824578655,1.0481386273244555
600,10.0,feeder2_385,0.20632375851469967,1.1706921284651968,0.20635214018905826,1.1708160303792183
600,10.0,feeder2_621,0.20392196495850295,1.1505530783389788,0.2039483270750194,1.1506726699892964
600,10.0,feeder2_611,0.1938008458831248,1.0495062116678797,0.19382746662357456,1.0496041799170786
600,10.0,feeder2_405,0.19314157108706256,1.0487253631390197,0.1931656849391962,1.048823572641332
600,10.0,feeder2_461,0.21565750481257204,1.245649871104794,0.21568798426964225,1.2457825156521092
600,10.0,feeder2_594,0.20653764554213117,1.1713109946233375,0.20656748729415136,1.1714310359719042
600,10.0,feeder2_732,0.1935764481111667,1.0502541729286183,0.1936005916524248,1.0503542647422865
600,10.0,feeder2_417,0.1944974096435697,1.0535313128507735,0.19452018893157164,1.0536312707248638
600,10.0,feeder2_663,0.1944987181556639,1.0527071302595565,0.19452151387158922,1.0528060726576405
600,10.0,feeder2_444,0.19556408810078238,1.0574152248711155,0.19558989202357455,1.0575194910240213
600,10.0,feeder2_759,0.19543025965660307,1.0573442735110496,0.19545364658943298,1.0574494281049749
600,10.0,feeder2_842,0.1955281232126929,1.0558623699332046,0.19555498567873636,1.0559631627116635
600,10.0,feeder2_459,0.19595297148693389,1.0588615665954735,0.19598055151076574,1.0589592291939478
600,10.0,feeder2_702,0.19529493451580082,1.058570459711681,0.19531809017183482,1.0586742746484996
600,10.0,feeder2_493,0.1974841755148865,1.0644922462573754,0.19750954987274688,1.0645962042627424
600,10.0,feeder2_651,0.21565354254676072,1.2456167918654937,0.2156847918139385,1.2457490882354325
600,10.0,feeder2_684,0.22328626537021715,1.3066914481698773,0.2233176637325839,1.3068357622298454
600,10.0,feeder2_674,0.20068500276549645,1.0683324920387982,0.20070873857458937,1.0684393484732555
600,10.0,feeder2_696,0.19737059771323143,1.0638286694736776,0.19739322702374337,1.0639326052127105
600,10.0,feeder2_681,0.20074748139250778,1.0684049789860326,0.20077066299456814,1.068509531610826
600,10.0,feeder2_682,0.21399362926823007,1.0841093998023565,0.2140203397089951,1.0842117102676339
600,10.0,feeder2_728,0.22362209618485956,1.3081591193671076,0.22365133841069626,1.3083057117017323
600,10.0,feeder2_724,0.23036946516324153,1.365833400910945,0.23040223421099187,1.3659814520811335
600,10.0,feeder2_703,0.19736253564619852,1.063724583409545,0.19738540173306024,1.0638305253500868
600,10.0,feeder2_704,0.19736389749249617,1.0635820814667127,0.19738803643795494,1.0636826013157166
600,10.0,feeder2_754,0.23029973767185555,1.3657969699422963,0.23033223411597722,1.3659519940132137
600,10.0,feeder2_747,0.2332688602877558,1.3900098436284671,0.23330418755660357,1.3901618332153651
600,10.0,feeder2_828,0.22453911040432234,1.3092252752998434,0.22457228983619412,1.309366784642901
600,10.0,feeder2_763,0.22368700892177462,1.3087331196030525,0.22371882451295597,1.308872492158632
600,10.0,feeder2_836,0.23325784671766217,1.3899432912750431,0.23329264681697898,1.3900967301469458
600,10.0,feeder2_758,0.23577083139341842,1.4108377831178511,0.2358055603793964,1.4109931123706805
600,10.0,feeder2_788,0.23572444055881275,1.4108153042611913,0.23575549107819546,1.410978187604212
600,10.0,feeder2_812,0.24348389365343218,1.474970447189229,0.243520941076581,1.4751353830381704
600,10.0,feeder2_947,0.22354382190997144,1.3086574046174482,0.22357455162654505,1.3088027993777909
600,10.0,feeder2_868,0.22133480056036062,1.3088190937208661,0.2213645993870833,1.3089628710491392
600,10.0,feeder2_785,0.22414538844112505,1.3092055333959745,0.22417963774488803,1.3093444835078742
600,10.0,feeder2_1176,0.22688509941510732,1.3047287967856975,0.2269157226147496,1.3048739007829795
600,10.0,feeder2_846,0.22625348008766905,1.3119840080597256,0.2262836048315995,1.3121276716561991
600,10.0,feeder2_911,0.22400374866524617,1.308668972999578,0.22403422601107678,1.3088149624697665
600,10.0,feeder2_1107,0.24766968379282273,1.4938481888913018,0.24770619924458093,1.4940141892651049
600,10.0,feeder2_920,0.24449261377061343,1.4877335828019282,0.24452569450752495,1.4879077645588896
600,10.0,feeder2_926,0.2459868401846589,1.5067151517714699,0.24602392805865309,1.5068848283635594
600,10.0,feeder2_1239,0.24450330914527638,1.4877855256052326,0.24453891639233874,1.487955687883074
600,10.0,feeder2_933,0.246831895766634,1.514666410372133,0.2468683207023265,1.514841473330254
600,10.0,feeder2_1146,0.24512212506518485,1.5088604254786926,0.24515896967815445,1.5090359121558377
600,10.0,feeder2_1124,0.24751108290108031,1.5135889024220464,0.24754822180033448,1.5137628689229194
600,10.0,feeder2_942,0.24893468392922735,1.5357947409964676,0.2489713096935063,1.5359741371315194
600,10.0,feeder2_952,0.25260061551979773,1.5654556686023384,0.2526389447874373,1.5656411174767393
600,10.0,feeder2_965,0.24886167404327067,1.5359917790880426,0.24889842210692475,1.5361752788241028
600,10.0,feeder2_961,0.25308310562160785,1.568542232026104,0.25311847622687866,1.568734671215806
600,10.0,feeder2_963,0.2525820500031308,1.5654807890915872,0.2526223053397578,1.5656679215563711
600,10.0,feeder2_973,0.2541799327801142,1.5779215335418946,0.25422056499730045,1.5781079990431741
600,10.0,feeder2_1128,0.255625628943158,1.5807201575370164,0.255661935742597,1.5809080428491347
600,10.0,feeder2_1113,0.2509482459963074,1.5665489414231948,0.2509849276809729,1.566738822020822
600,10.0,feeder2_1143,0.25239581009194895,1.5644870139995808,0.25243517361507395,1.5646704694962223
600,10.0,feeder2_1238,0.24356242206152115,1.539450444947431,0.24359850655754786,1.539636249885835
600,10.0,feeder2_979,0.24886465859783677,1.5360063020730224,0.2489019950466561,1.5361854191256767
600,10.0,feeder2_1236,0.2559037624044488,1.5923725061294747,0.2559415601780429,1.5925690368944323
600,10.0,feeder2_989,0.2541791629671572,1.5779175885835421,0.2542212774157745,1.578107744772999
600,10.0,feeder2_1196,0.24891823870908875,1.5360668721817798,0.24895428599855315,1.5362442305920447
600,10.0,feeder2_1158,0.25413013623900493,1.5773775310250746,0.25417018586098516,1.5775680447272062
600,10.0,feeder2_1122,0.24942052505441456,1.501757538024793,0.24945495057603234,1.5019291002547477
600,10.0,feeder2_1258,0.24756514970162877,1.493090680839049,0.24760368615511716,1.4932557516866702
600,10.0,feeder2_1303,0.24784357879684082,1.5010516799181965,0.24787737054315992,1.5012246651462475
600,10.0,feeder2_1138,0.250860315377873,1.5083124913066563,0.2508977882074944,1.508479107286629
600,10.0,feeder2_1304,0.2509033352368661,1.5083616116457195,0.25093925946202755,1.5085268169132784
600,10.0,feeder2_1212,0.25390060032089606,1.5221452135409108,0.2539375877965933,1.5223095700798797
600,10.0,feeder2_1311,0.25380808216236217,1.5221000053229838,0.2538454402094882,1.5222641164032427
600,10.0,feeder2_1290,0.2576677391146072,1.5392859831479884,0.2577019821146811,1.5394573416254569
600,10.0,feeder2_1325,0.25849270516248735,1.613285342303739,0.2585312991308466,1.6134912226944822
600,10.0,feeder2_1248,0.25590309040424924,1.5923667634634093,0.25594069065535063,1.5925639261261393
600,10.0,feeder2_1249,0.24275019176426366,1.5399828021007311,0.24279039679235087,1.5401607330290183
600,10.0,feeder2_1250,0.241806822846968,1.540601474495301,0.24184608152709947,1.5407814056277545
600,10.0,feeder2_1366,0.25589050945702024,1.5922768083187013,0.25592989746386946,1.5924774523709038
600,10.0,feeder2_1266,0.2474745042829895,1.4923759754876915,0.24750835991473066,1.4925459624215744
600,10.0,feeder2_1372,0.2570596020464241,1.5387447584636997,0.25709407686498176,1.5389085250801025
600,10.0,feeder2_1363,0.2617594209056774,1.558569928138893,0.2617940281518214,1.5587398839575743
600,10.0,feeder2_1446,0.25710255610069443,1.614159600854987,0.2571437024776316,1.61435999432344
600,10.0,feeder2_1502,0.26180957207521643,1.6358203948676022,0.26185572852523253,1.6360267968159135
600,10.0,feeder2_1428,0.26336841485390394,1.5604371453231822,0.2634067844174854,1.560601661513802
600,10.0,feeder2_1380,0.26609833493052737,1.578985819348517,0.26613168005973364,1.5791549736582318
600,10.0,feeder2_1550,0.2660477848863376,1.5789626272904675,0.26608133812005674,1.579129929045497
600,10.0,feeder2_1386,0.26821972233499874,1.588970032863616,0.26825643744283456,1.5891346771922055
600,10.0,feeder2_1551,0.2683303825640206,1.5890947103632067,0.26836568392683885,1.589258256159826
600,10.0,feeder2_1400,0.26922218837263745,1.5936871107310384,0.26925909359738714,1.5938504922427557
600,10.0,feeder2_1552,0.27026545604529706,1.5948828926649325,0.27030101965364384,1.595048127489353
600,10.0,feeder2_1408,0.27116983504770265,1.6028378489297084,0.27120222009680794,1.6030085606674283
600,10.0,feeder2_1553,0.27175807684302616,1.6040425842492327,0.2717946309242959,1.604208314225977
600,10.0,feeder2_1416,0.27210036465099596,1.6072913144796668,0.2721368443454574,1.6074585553064273
600,10.0,feeder2_1530,0.26896789038575064,1.6062984740114965,0.2690006324280889,1.606468602556914
600,10.0,feeder2_1425,0.27406962163775844,1.6165098371233482,0.2741002561844144,1.6166779658371413
600,10.0,feeder2_1589,0.29034051129516886,1.635458886720198,0.29037220060511987,1.6356269922874398
600,10.0,feeder2_1435,0.274079895242403,1.616538531862208,0.27411510165707464,1.6167092194166832
600,10.0,feeder2_1621,0.2738481026219343,1.6151645992752108,0.2738855663867184,1.615328088286467
600,10.0,feeder2_1564,0.2745132249514096,1.6182738385700126,0.2745482330708903,1.6184405602261944
600,10.0,feeder2_1704,0.2618038317217645,1.635789994393833,0.2618502364806005,1.6359977722411285
600,10.0,feeder2_1525,0.26266514144473146,1.641627518404927,0.26270816786465523,1.641842846688732
600,10.0,feeder2_1716,0.262477474508499,1.639951779414087,0.26252092389148346,1.6401646723631431
600,10.0,feeder2_1537,0.2636702994871393,1.6483590984825338,0.2637144789096339,1.648578448146969
600,10.0,feeder2_1645,0.27716577335675535,1.664012636429816,0.2772113653473963,1.6642222447906923
600,10.0,feeder2_1561,0.2629635989006146,1.6472049256580628,0.26300872279284315,1.6474192089217397
600,10.0,feeder2_1657,0.26171889596754166,1.6475649677295363,0.26176208449059546,1.6477858105131387
600,10.0,feeder2_1570,0.2627150620255714,1.6466508643963818,0.26276151441376355,1.6468677450358393
600,10.0,feeder2_1756,0.2625390379333385,1.6465652223817109,0.2625804359044254,1.646787807275055
600,10.0,feeder2_1588,0.2624840033790882,1.6461401041002361,0.2625289385659047,1.646358883033377
600,10.0,feeder2_1628,0.26244406614171967,1.6461195342675223,0.2624906429050048,1.646337763107314
600,10.0,feeder2_1598,0.2621933072794273,1.645502367741726,0.26223648534036503,1.6457224196460525
600,10.0,feeder2_1816,0.26180167133390025,1.642093090792202,0.26184763104079,1.64231275078971
600,10.0,feeder2_1765,0.2621656574258442,1.645380485454658,0.2622112186792818,1.6456042568573712
600,10.0,feeder2_1641,0.26097839938849693,1.6433783270955622,0.26102406826678487,1.6436074935646294
600,10.0,feeder2_1689,0.26011277573037755,1.6426692128630522,0.2601594869108975,1.6429061335196486
600,10.0,feeder2_1744,0.259905644605518,1.6428315118391785,0.2599538611102812,1.643057421325452
600,10.0,feeder2_1817,0.2603141193178891,1.643414004411595,0.26036382041987305,1.6436458424528466
600,10.0,feeder2_1779,0.2601088615558896,1.6426426975565778,0.26015569638044606,1.6428800520177447
600,10.0,feeder2_1800,0.26016483029011306,1.642728326780802,0.2602131177229894,1.64296415909082
600,10.0,feeder2_1818,0.25053040746662386,1.6326759997557116,0.2505859921756239,1.6329189657338692
600,10.0,feeder2_1753,0.2576623351076694,1.641817633187315,0.25770800678187156,1.6420469321521054
600,10.0,feeder2_1754,0.25965413810026966,1.642674869040122,0.2596992458509035,1.6429044575190428
630,10.5,secondary,0.015416025796346074,0.011613020306578247,0.015423436180283847,0.011617618913064318
630,10.5,feeder2_44,0.02870762318110688,0.06060786614301521,0.028724782073917387,0.06063493167352248
630,10.5,feeder2_45,0.02921590291595634,0.062275726397429614,0.029227797270500358,0.06231029316640349
630,10.5,feeder2_46,0.026925505214287496,0.0632017094494088,0.026937345297355402,0.06323169162223462
630,10.5,feeder2_51,0.030098165227809837,0.06517227285639231,0.030112645579545686,0.0652002508007087
630,10.5,feeder2_48,0.029350636273871543,0.06225354808314386,0.02936565850935115,0.062285687777584926
630,10.5,feeder2_52,0.029888852916581162,0.0649838425795282,0.029901552408647673,0.06501724113602805
630,10.5,feeder2_68,0.03260507213356151,0.07340315779692572,0.03261772444222582,0.07344705333832889
630,10.5,feeder2_69,0.06236007480324828,0.12197421136212853,0.06238197852496566,0.12202438225153503
630,10.5,feeder2_71,0.03256559572938944,0.07221024125972238,0.03258055409445734,0.07225135259887905
630,10.5,feeder2_72,0.08832103200575578,0.09013207960875332,0.08832798767972347,0.09009582781363791
630,10.5,feeder2_73,0.031990664335024635,0.06898496653184072,0.032004308944999046,0.0690295440425115
630,10.5,feeder2_74,0.015230737679133435,0.05640143033961487,0.015236946182153162,0.056468827096776066
630,10.5,feeder2_77,0.03218406892417281,0.06889826968655215,0.03219984755899865,0.06894648958168838
630,10.5,feeder2_79,0.03149886284812138,0.07159013797952923,0.03151586631151356,0.0716385789457422
630,10.5,feeder2_81,0.032443964641621754,0.06779192828780872,0.03246002647774334,0.067851029425811
630,10.5,feeder2_82,0.032485565449298946,0.06777864521990906,0.03250104100894787,0.06783465047797037
630,10.5,feeder2_116,0.03368567556569533,0.06409435076853807,0.03370549175572355,0.0641902560239944
630,10.5,feeder2_119,0.033272702222964703,0.0638386711978585,0.03329139371938987,0.06393568601798713
630,10.5,feeder2_120,0.03422486729271765,0.06344529081055661,0.034243753050770126,0.06355349825342388
630,10.5,feeder2_248,0.034106788106758955,0.06337125568964998,0.03412645519988329,0.0634818535787178
630,10.5,feeder2_124,0.03457308529930019,0.06322635211304622,0.03459700203307994,0.06334041933683589
630,10.5,feeder2_282,0.035887169494148934,0.06215205568593106,0.03591054684904588,0.06226468098407595
630,10.5,feeder2_275,0.03394348428680785,0.06369482297038398,0.03396362071816016,0.0638130011796801
630,10.5,feeder2_151,0.03532133731674484,0.06348323161804337,0.035345835168997926,0.06361504639120268
630,10.5,feeder2_295,0.03593037456348348,0.06497149054618223,0.035957481968093535,0.06510111657979455
630,10.5,feeder2_311,0.035374872877652556,0.06360219768917574,0.03540179820782454,0.06373325757987851
630,10.5,feeder2_201,0.03622120233864853,0.0624185262331394,0.03624616615221226,0.06258009406369261
630,10.5,feeder2_314,0.03626380622467887,0.062362432834086344,0.03629447801678074,0.06252237279555999
630,10.5,feeder2_342,0.03760312007341201,0.06299411080998375,0.037636009174878526,0.06319287079762677
630,10.5,feeder2_368,0.03657457595827075,0.06041968999215702,0.03660492311679334,0.060618931506791394
630,10.5,feeder2_347,0.03996514927281294,0.06883177455794641,0.03999616791428918,0.06904575914546435
630,10.5,feeder2_353,0.04116499672253171,0.07195358311733083,0.041196341708839554,0.07217699547092822
630,10.5,feeder2_518,0.04006685867599432,0.06863460171180016,0.040098328087440384,0.06884945393043695
630,10.5,feeder2_365,0.04260868144631134,0.07553947406724591,0.04264210709680845,0.07577060025938476
630,10.5,feeder2_653,0.040131988302820394,0.07194795392913841,0.04016628723707981,0.07216893364588794
630,10.5,feeder2_377,0.043396349940252245,0.07749665790551166,0.043430315332513604,0.0777316774657531
630,10.5,feeder2_622,0.04263068724559182,0.07557325838727554,0.042664568572022055,0.07580341583880366
630,10.5,feeder2_451,0.03674145966679531,0.060119336921339375,0.036768391051040454,0.06032016854349404
630,10.5,feeder2_383,0.03492360992361137,0.05649380111032098,0.03494984876223507,0.05669636826251145
630,10.5,feeder2_385,0.04420576800884969,0.07928810653401341,0.044241413670010145,0.07952855793476936
630,10.5,feeder2_621,0.04427873562305768,0.07884827554030294,0.04431635761630888,0.07908256310609262
630,10.5,feeder2_611,0.03416946537295761,0.0564338304273101,0.034199011728575986,0.05663304517681408
630,10.5,feeder2_405,0.03483220729092761,0.05625600713206031,0.034861903727718635,0.0564570206876089
630,10.5,feeder2_461,0.047548300748487766,0.08678052430812512,0.04758568367617632,0.08704068737469542
630,10.5,feeder2_594,0.04412993885545228,0.07928547058226987,0.04416382730875629,0.07952468402807904
630,10.5,feeder2_732,0.033411159957610036,0.058345947740544475,0.033440412581734746,0.05854531707716858
630,10.5,feeder2_417,0.03427839639429672,0.05405172355212914,0.034309255619389384,0.05425309336857789
630,10.5,feeder2_663,0.0346967788120188,0.056282481492961584,0.034731058792559,0.0564789826676753
630,10.5,feeder2_444,0.03375474620313022,0.05165072299372292,0.03378314223958864,0.051852485867916104
630,10.5,feeder2_759,0.033837819269750026,0.05151693898675308,0.033867638992020374,0.05171688702419024
630,10.5,feeder2_842,0.035259840944586486,0.05468476948329435,0.03528904455727243,0.054885296916081426
630,10.5,feeder2_459,0.03353588793652767,0.05063708639898315,0.03356481176518271,0.050835182211115715
630,10.5,feeder2_702,0.04138928908313589,0.041037876102472594,0.041411287310901226,0.04122820858090167
630,10.5,feeder2_493,0.032336873311136646,0.050731898121958885,0.032361832929722875,0.050935783243728217
630,10.5,feeder2_651,0.047581302037368677,0.0868254231731745,0.04761811009798848,0.08708319951962798
630,10.5,feeder2_684,0.05028994991722249,0.09301961746551486,0.050327484686752244,0.09329341909991225
630,10.5,feeder2_674,0.029536314528021634,0.05106827857465619,0.0295669183749761,0.0512742495049654
630,10.5,feeder2_696,0.03238104093846693,0.05148499369734694,0.032410416000454995,0.05168638856216779
630,10.5,feeder2_681,0.029468742585166345,0.05106781986910264,0.02949931808491685,0.05127264778242779
630,10.5,feeder2_682,0.01817366117104332,0.054173980688363536,0.01819858286203652,0.05438048147701371
630,10.5,feeder2_728,0.04991513259701318,0.09210561676809159,0.04995506391379951,0.09237877370291459
630,10.5,feeder2_724,0.05385446873639437,0.10164274549043686,0.05389742965085062,0.1019311617323509
630,10.5,feeder2_703,0.03246442608827056,0.051644382799753176,0.03249443603419633,0.05184729050828346
630,10.5,feeder2_704,0.032222077773212204,0.05168578517208738,0.032251135717425834,0.0518878703162448
630,10.5,feeder2_754,0.05387826871156792,0.10155870308776839,0.053920976807140565,0.10184861683350374
630,10.5,feeder2_747,0.05532244601122162,0.10520673222948207,0.055370297599527794,0.10550030906077866
630,10.5,feeder2_828,0.04918095414052861,0.0922355521073126,0.04921970428308659,0.09250758204216693
630,10.5,feeder2_763,0.049644664959037924,0.09068854472668844,0.04968918772343308,0.09096054248981009
630,10.5,feeder2_836,0.05539460923963095,0.10529520534499572,0.05544202044288073,0.10558749661311027
630,10.5,feeder2_758,0.056579762302569746,0.10823103577673777,0.05662341706132437,0.10853161204519672
630,10.5,feeder2_788,0.05659566487862765,0.10817522459065858,0.056639675780784646,0.10847723606741226
630,10.5,feeder2_812,0.06047416362616486,0.1176052124171906,0.06052201059322067,0.11791902931796187
630,10.5,feeder2_947,0.049826151474451956,0.09019579258375228,0.049869924742185844,0.09046601321538345
630,10.5,feeder2_868,0.05060872261244548,0.08901409086078084,0.05065326844092238,0.08928347305088587
630,10.5,feeder2_785,0.04938706053589179,0.09112057683029763,0.0494270683595718,0.09139422431792256
630,10.5,feeder2_1176,0.050125950814723146,0.09205103115024656,0.050164276389700786,0.0923234291773855
630,10.5,feeder2_846,0.04737909569691978,0.09202910716832746,0.04742264368734988,0.09230012997814445
630,10.5,feeder2_911,0.04939222697413231,0.09073799471364542,0.04943063136067545,0.09101183725715213
630,10.5,feeder2_1107,0.062212887101734886,0.1126183459299257,0.062257952671951895,0.11293546610736822
630,10.5,feeder2_920,0.061119843041402826,0.12169203599058018,0.06116722342762595,0.12201378738138316
630,10.5,feeder2_926,0.062128551861465174,0.12784433348682958,0.06218221217145995,0.1281679431898053
630,10.5,feeder2_1239,0.06111276734441963,0.12169321598552013,0.06116629271155942,0.12201439252623575
630,10.5,feeder2_933,0.06255855229346734,0.13082605308141082,0.0626087631557478,0.13115376430099107
630,10.5,feeder2_1146,0.062280063340650234,0.12672573995442593,0.062327702935207195,0.1270530090649496
630,10.5,feeder2_1124,0.06273785972192186,0.13101877076462443,0.06279111113309316,0.13134911949229255
630,10.5,feeder2_942,0.06364557328860315,0.13822985085754708,0.06369512667028508,0.13856427393912743
630,10.5,feeder2_952,0.06525454353009916,0.15016952395778377,0.06530906180967094,0.15051442510890675
630,10.5,feeder2_965,0.06366017814499175,0.13810932694575723,0.06371520821017798,0.1384456151660474
630,10.5,feeder2_961,0.06543652623538036,0.1516635791280848,0.06548859977099201,0.15200966419264772
630,10.5,feeder2_963,0.06525463095542107,0.15012660290370963,0.06530736104996472,0.15047422210783298
630,10.5,feeder2_973,0.06719059396496839,0.15833564485058718,0.06724863720728519,0.1586900826599376
630,10.5,feeder2_1128,0.06411657105647725,0.1542080075033387,0.06417487013957474,0.15455049384200015
630,10.5,feeder2_1113,0.06570308793585092,0.14968928437396534,0.06575715314953208,0.1500360109301104
630,10.5,feeder2_1143,0.06509363957103828,0.14852865859924871,0.06514650850453466,0.14887314369800794
630,10.5,feeder2_1238,0.06557362465398316,0.13629422498102797,0.06562651907503117,0.13662985446899112
630,10.5,feeder2_979,0.06365838697627905,0.13811029885735382,0.06371067883573436,0.1384465101450304
630,10.5,feeder2_1236,0.06960395561820792,0.16750255427542488,0.06965976730803425,0.16786728711335153
630,10.5,feeder2_989,0.06719273761193073,0.15834382265631874,0.06725255506643399,0.15869912984361254
630,10.5,feeder2_1196,0.06360630391587874,0.13811971583281185,0.06365761848502864,0.13845435918047166
630,10.5,feeder2_1158,0.06817470722597137,0.1592931778702468,0.0682339040927151,0.1596487199168291
630,10.5,feeder2_1122,0.061766874106185254,0.10570389315890333,0.061815542639189355,0.10602074759639664
630,10.5,feeder2_1258,0.0666665290285049,0.11850140508440139,0.0667178378415566,0.11881795680607839
630,10.5,feeder2_1303,0.06732285455453958,0.09408237721442561,0.06736480590980637,0.09439677132078877
630,10.5,feeder2_1138,0.06157699746347288,0.10428284104093442,0.061622783907189685,0.1045987349595754
630,10.5,feeder2_1304,0.061276280869897254,0.10432404463840647,0.06131819342679351,0.10464087120863087
630,10.5,feeder2_1212,0.061224057106277305,0.10147844497722211,0.061271059977427024,0.1017931139968222
630,10.5,feeder2_1311,0.06282601572601387,0.1000142611092637,0.06287425109941475,0.10033130540755839
630,10.5,feeder2_1290,0.060589507259314404,0.09966316270646029,0.06063742631582388,0.09997854021205688
630,10.5,feeder2_1325,0.06979216592997155,0.167986454153612,0.06985061117367092,0.1683630650508859
630,10.5,feeder2_1248,0.0696586034464547,0.1675557096173036,0.06971671756308555,0.16792035518932277
630,10.5,feeder2_1249,0.06612992963346387,0.13579088282549148,0.06617974240679039,0.13612727869560243
630,10.5,feeder2_1250,0.06558330520404883,0.13623738537779712,0.06563740740493029,0.13657417252121284
630,10.5,feeder2_1366,0.06976948933470631,0.16766406494953753,0.06982858206435046,0.16803045996393426
630,10.5,feeder2_1266,0.07151524311493714,0.12440532833785797,0.07156162564436364,0.12472385211069731
630,10.5,feeder2_1372,0.06180485090635566,0.09819175745937449,0.06184663769461282,0.09850646707818297
630,10.5,feeder2_1363,0.05972158317521067,0.1002614345263739,0.05976545570155081,0.10057256439992049
630,10.5,feeder2_1446,0.07085519087537372,0.1669378807979042,0.07091630093983808,0.1673163496618798
630,10.5,feeder2_1502,0.06989693574546285,0.17007038357684517,0.0699586002606716,0.17045973021921673
630,10.5,feeder2_1428,0.057452763737904464,0.10205211945883015,0.05749856097951637,0.10236407678893208
630,10.5,feeder2_1380,0.05950755983471206,0.09875943183109391,0.05955593762183144,0.09906940797049554
630,10.5,feeder2_1550,0.06137413012485144,0.09733294797720479,0.061419921196100416,0.0976439791927427
630,10.5,feeder2_1386,0.059249514825447366,0.09887412121450798,0.05929463788966234,0.0991841593360504
630,10.5,feeder2_1551,0.05913581248429637,0.09890996459200689,0.05917970447755255,0.09922025240987535
630,10.5,feeder2_1400,0.05913150898658431,0.09893118368547804,0.05917633616412846,0.09923727005737278
630,10.5,feeder2_1552,0.05731649541476425,0.09963029153626737,0.057362910174727305,0.0999367616033802
630,10.5,feeder2_1408,0.059053048384878314,0.09878921521641677,0.05909852561647561,0.0990982678932931
630,10.5,feeder2_1553,0.05892665173340197,0.09882763790025986,0.05897221762899785,0.09913429202065074
630,10.5,feeder2_1416,0.059017496245121676,0.09871041348874733,0.059065825347086244,0.09901679644386287
630,10.5,feeder2_1530,0.061146911897164376,0.09537276757739786,0.06118682492178915,0.09568192634666342
630,10.5,feeder2_1425,0.05888724165410969,0.10033557870812386,0.05893181212085965,0.10064290530746929
630,10.5,feeder2_1589,0.056872501741776584,0.10253845282473466,0.05692012862128654,0.10284169566319121
630,10.5,feeder2_1435,0.058911406565991094,0.10046473505824238,0.05895339876225374,0.10076994702697101
630,10.5,feeder2_1621,0.05996820334595135,0.10163139504012213,0.060012592461571715,0.10194178370182619
630,10.5,feeder2_1564,0.05882341709788601,0.10057260315695185,0.05887046874655774,0.10088111548787163
630,10.5,feeder2_1704,0.06993779307681433,0.17010770310338844,0.0700012540279239,0.1704971394266551
630,10.5,feeder2_1525,0.06993152964583749,0.17060207235334732,0.06999806724881265,0.1709946743803546
630,10.5,feeder2_1716,0.07116516292503908,0.17171435943419947,0.07122378296113702,0.17211035963827373
630,10.5,feeder2_1537,0.06992789231676028,0.1710195997307196,0.06999375886352673,0.171415263146936
630,10.5,feeder2_1645,0.058179700823181746,0.17534896256087437,0.058244726378510504,0.1757380248549714
630,10.5,feeder2_1561,0.07081298000874021,0.17022019457322324,0.07088103363563847,0.1706225793455993
630,10.5,feeder2_1657,0.0708405020938466,0.16973349667613485,0.07090185352739502,0.1701381644172341
630,10.5,feeder2_1570,0.07120863212627608,0.17006843838710362,0.07126979632997832,0.17047424119283314
630,10.5,feeder2_1756,0.07384532855497067,0.16733602676857773,0.0739078294872338,0.16773993299091594
630,10.5,feeder2_1588,0.07156026120454627,0.17015604581179686,0.07162188059994738,0.17056327461229842
630,10.5,feeder2_1628,0.07156018227118462,0.170106270680172,0.07162072843953732,0.1705134547002923
630,10.5,feeder2_1598,0.07200685011037108,0.1703426265417268,0.07207627765174583,0.17075210333539864
630,10.5,feeder2_1816,0.110586136428068,0.20713623150827024,0.1106551361945243,0.20754821372691826
630,10.5,feeder2_1765,0.07217625873183989,0.17050843802696036,0.07223928358554622,0.17092108042833218
630,10.5,feeder2_1641,0.07130320157935449,0.16018763316881565,0.07137047401745918,0.16060985973970213
630,10.5,feeder2_1689,0.07158768508599965,0.16033384446250443,0.07165997106322287,0.16076306741771837
630,10.5,feeder2_1744,0.0720390807943251,0.15464327662516944,0.07210527811053892,0.15506491035503417
630,10.5,feeder2_1817,0.07157846716934275,0.16032781004119637,0.07164548346985816,0.16076250288042607
630,10.5,feeder2_1779,0.07162862216444925,0.16034649852326302,0.07169964058770187,0.16077815250054142
630,10.5,feeder2_1800,0.07153930597681449,0.16033700496503517,0.07160833606504659,0.16076935629399683
630,10.5,feeder2_1818,0.07116329526490457,0.159389789685702,0.07124313152238064,0.159839043979599
630,10.5,feeder2_1753,0.07702529601729856,0.13788048049377194,0.07708561495095546,0.13830505103311297
630,10.5,feeder2_1754,0.07206060812292508,0.1545106125502434,0.07212605733920827,0.15493557039929748
660,11.0,secondary,0.04360022104433304,0.04996570170002696,0.04357913758733944,0.04992542425739765
660,11.0,feeder2_44,0.08122442946768904,0.26087290177383565,0.08118531879406392,0.26066336241309396
660,11.0,feeder2_45,0.08263741591008265,0.2690420330140728,0.08259605084662056,0.26883098573086184
660,11.0,feeder2_46,0.08128528851609228,0.26103495253633524,0.08124377761489358,0.2608299050575608
660,11.0,feeder2_51,0.08508887511362428,0.2832776953309147,0.08504507449253285,0.28305946654483854
660,11.0,feeder2_48,0.08341555915183577,0.2686686549855878,0.08337421080346478,0.2684586927542447
660,11.0,feeder2_52,0.08366057284070129,0.283646157383606,0.08361775143034972,0.283422945711792
660,11.0,feeder2_68,0.0922659792365416,0.3234486994315349,0.09221733399100994,0.32319947600426724
660,11.0,feeder2_69,0.09233947637994083,0.323629337938816,0.09229404313663243,0.32337558689830503
660,11.0,feeder2_71,0.09321965374253241,0.32876890041351065,0.09316982581764108,0.32851617049334886
660,11.0,feeder2_72,0.09335645214444034,0.3287290216553507,0.0933065546809604,0.32847188818501555
660,11.0,feeder2_73,0.09621003963908223,0.3454293027186882,0.0961619508557374,0.34516318949390234
660,11.0,feeder2_74,0.09370147014675181,0.34426923598277537,0.09365461514364014,0.3439961549846639
660,11.0,feeder2_77,0.09889118098619083,0.3599717223186449,0.09884581577509854,0.35968604004509824
660,11.0,feeder2_79,0.09845477029899431,0.3700789418509936,0.09840533209172118,0.36979909708685926
660,11.0,feeder2_81,0.10277820248214156,0.37912986855888775,0.10272655223212297,0.3788313458136916
660,11.0,feeder2_82,0.10281467712543635,0.3791202276247723,0.10276275330627989,0.3788222215662937
660,11.0,feeder2_116,0.12023852013663938,0.4653813048297106,0.12017660077753699,0.46500376307769403
660,11.0,feeder2_119,0.11896383158307795,0.4651257405975967,0.11890113524356423,0.46474778488446167
660,11.0,feeder2_120,0.12695270493359617,0.4977258512812573,0.12688747687520407,0.4973193067707802
660,11.0,feeder2_248,0.12652519475545804,0.4973687016362058,0.1264606291262057,0.49695887171270203
660,11.0,feeder2_124,0.13111911941950863,0.5178074466492173,0.13105559124490368,0.5173793163714
660,11.0,feeder2_282,0.1325922182496233,0.5175922940955326,0.1325249532687211,0.5171658053129435
660,11.0,feeder2_275,0.12948117029004697,0.5179050662052294,0.12941880020069593,0.5174740642343794
660,11.0,feeder2_151,0.1387727794099439,0.5529557908579797,0.1387058973740121,0.55249969747929
660,11.0,feeder2_295,0.13965949175657094,0.5546987669185129,0.13958895182178369,0.5542452383773172
660,11.0,feeder2_311,0.13882887146128783,0.5530631181653481,0.13876183416267068,0.5526040051549249
660,11.0,feeder2_201,0.150996389982489,0.6090437680721371,0.15091758726228835,0.60853754517997
660,11.0,feeder2_314,0.15238397163637213,0.607808365903618,0.15230685651866327,0.607302373128881
660,11.0,feeder2_342,0.16786837088481862,0.6913497805216187,0.16778748228141038,0.6907635860781051
660,11.0,feeder2_368,0.1736133693666795,0.7157024267151902,0.17353319092492314,0.7151124118742135
660,11.0,feeder2_347,0.1667999761361912,0.6877393989042817,0.16671364642541553,0.6871270845835442
660,11.0,feeder2_353,0.1661880086621342,0.6870043858726378,0.1660931533024957,0.6863820433929356
660,11.0,feeder2_518,0.16857113751080602,0.6866468385015346,0.1684850371976575,0.6860330479628853
660,11.0,feeder2_365,0.16563420870242943,0.6870370432715164,0.16554022480984917,0.6863967665566673
660,11.0,feeder2_653,0.16531795512700787,0.6862225312054212,0.16522875008733168,0.6855966883319962
660,11.0,feeder2_377,0.16534923384717196,0.686824682506837,0.16525586357021563,0.6861742297412219
660,11.0,feeder2_622,0.1648312216862863,0.6885894220490667,0.1647369232133559,0.687952180303312
660,11.0,feeder2_451,0.17389934715720043,0.7156761819098876,0.1738178837575681,0.7150887627416762
660,11.0,feeder2_383,0.1832236640237503,0.7556701600113968,0.1831420036472733,0.7550805511102866
660,11.0,feeder2_385,0.1649157966307816,0.6862089630106132,0.16482052832550234,0.6855517711109149
660,11.0,feeder2_621,0.16623171398885128,0.6885224009953733,0.16613865741579845,0.6878723134435504
660,11.0,feeder2_611,0.18269533944056654,0.7551983141444494,0.18261321419005203,0.7546061225658194
660,11.0,feeder2_405,0.18384446118620282,0.7582173872895785,0.18376569102647103,0.7576244111725448
660,11.0,feeder2_461,0.16344533730949531,0.686074215949054,0.16334596487400072,0.6853849256974627
660,11.0,feeder2_594,0.16463749007168618,0.6859478821367124,0.16454017066261675,0.6852963634916718
660,11.0,feeder2_732,0.18369335824135272,0.7580875937411735,0.18361221894837285,0.7574978678961317
660,11.0,feeder2_417,0.18857387503057613,0.7775132230476008,0.1884893145762223,0.776922970111936
660,11.0,feeder2_663,0.2201738484063322,0.828188928870429,0.22009997268840834,0.8275899550094825
660,11.0,feeder2_444,0.18869882929158024,0.7773567604663898,0.18862013837426372,0.7767630653373775
660,11.0,feeder2_759,0.19108262198540693,0.7751724000831188,0.1910017795745854,0.7745765546485935
660,11.0,feeder2_842,0.19051340846476822,0.7806231733167911,0.19042785364725615,0.7800357157967228
660,11.0,feeder2_459,0.18866088058313796,0.7772508975285848,0.18857837390755727,0.776661452413781
660,11.0,feeder2_702,0.18912836070789885,0.7769157676606359,0.18904721345460015,0.7763192680067043
660,11.0,feeder2_493,0.18848044080166476,0.7769657326784353,0.1883981252832165,0.776378177474309
660,11.0,feeder2_651,0.16346559648713124,0.6861167585561032,0.16336544639473172,0.6854268499026319
660,11.0,feeder2_684,0.16247065963687024,0.6881563386845131,0.16236040891198103,0.6874500427577899
660,11.0,feeder2_674,0.18801366443142076,0.7767220449264844,0.18793373711101055,0.7761274450120873
660,11.0,feeder2_696,0.18858346799430434,0.7773924179644781,0.188497247502432,0.7768038783146916
660,11.0,feeder2_681,0.18785266794230385,0.7765879415475232,0.1877716782235194,0.775997632586303
660,11.0,feeder2_682,0.1863286471303353,0.7759196154704846,0.18624934216826117,0.7753237607253567
660,11.0,feeder2_728,0.16264203164040256,0.6915964048408019,0.16253285517804136,0.690884504767939
660,11.0,feeder2_724,0.1610742065015907,0.6844929096105258,0.1609607068818993,0.6837652799272915
660,11.0,feeder2_703,0.1886836881724009,0.7775565599425598,0.1885996235358035,0.7769663049597088
660,11.0,feeder2_704,0.18865065178746948,0.7775151558527527,0.1885662731451492,0.7769265930327315
660,11.0,feeder2_754,0.16144843419116248,0.6845777265045555,0.16133611866026396,0.6838483614818935
660,11.0,feeder2_747,0.16060014160046202,0.6835619659188434,0.16048462636656527,0.6828303078075413
660,11.0,feeder2_828,0.16169771617549245,0.6906473344047739,0.16159052206269142,0.689931325419134
660,11.0,feeder2_763,0.1633091626980102,0.6981336433411893,0.16319812953895574,0.6974220729669858
660,11.0,feeder2_836,0.15967237977381685,0.6851580887833159,0.1595600488718401,0.684420550790662
660,11.0,feeder2_758,0.16026550171482953,0.6823331475617309,0.16014938152445551,0.6815936921644619
660,11.0,feeder2_788,0.16030666116920367,0.682352307645379,0.16019136399114453,0.681612463175547
660,11.0,feeder2_812,0.15957147485327927,0.6801988813181733,0.15944630809073645,0.6794529256807164
660,11.0,feeder2_947,0.16743587676651395,0.6964992421869546,0.16732693341403648,0.6957925774424051
660,11.0,feeder2_868,0.164098459686375,0.6983558033083174,0.16399170871544713,0.6976457726121609
660,11.0,feeder2_785,0.16342131550503114,0.7021063816998682,0.1633114757495,0.701397826945631
660,11.0,feeder2_1176,0.163392144264419,0.7264374314526919,0.16328334224651175,0.7257267176356232
660,11.0,feeder2_846,0.16192912124608072,0.7006241894811358,0.1618227704209236,0.6999104188019517
660,11.0,feeder2_911,0.16343010764927954,0.7021385442103113,0.16332037245402165,0.7014303189041126
660,11.0,feeder2_1107,0.16293583935119738,0.6927619740608081,0.16281607138478316,0.6920101694587262
660,11.0,feeder2_920,0.1585369831933806,0.6765832374432031,0.15841440426442455,0.675831382165152
660,11.0,feeder2_926,0.15846075672812243,0.6782917474382931,0.15833856463522378,0.6775399115313185
660,11.0,feeder2_1239,0.1568663677387325,0.6686415743543097,0.15674438994750878,0.6678895461197977
660,11.0,feeder2_933,0.1584455961873876,0.6791848536978959,0.15831981760382569,0.678436982036343
660,11.0,feeder2_1146,0.158467947394336,0.6783506573638972,0.15834131961215747,0.6776032619924531
660,11.0,feeder2_1124,0.15851627582628325,0.6794004394465777,0.15839307159329832,0.678649943488302
660,11.0,feeder2_942,0.15841508094480392,0.6816883486960906,0.1582909866915679,0.6809359073223542
660,11.0,feeder2_952,0.15849867270671256,0.6863321821167585,0.15837050533424019,0.6855840981498489
660,11.0,feeder2_965,0.15841730906949453,0.6817031821920218,0.15828998778118,0.6809533105405613
660,11.0,feeder2_961,0.15841836260869332,0.6863487618539297,0.15829051583098414,0.6856021632549917
660,11.0,feeder2_963,0.15851992140759721,0.6864513998079289,0.15839017982088072,0.6857053830135397
660,11.0,feeder2_973,0.15817075067698264,0.6873420193988319,0.15803867559338775,0.6865979815040141
660,11.0,feeder2_1128,0.1581300950437016,0.6849983311799873,0.15800037812329693,0.6842540681997905
660,11.0,feeder2_1113,0.15855698518183914,0.686476592038027,0.15842906483505398,0.6857322023927647
660,11.0,feeder2_1143,0.16001956474497173,0.6948202304746165,0.15989153163037162,0.6940892609917771
660,11.0,feeder2_1238,0.15907714053943675,0.6820469951228811,0.15894878424885533,0.6813039085058228
660,11.0,feeder2_979,0.1584144181054836,0.6816890393768537,0.15828399179843747,0.6809419699074156
660,11.0,feeder2_1236,0.15782161442292764,0.6877083272883144,0.15768931582262882,0.6869643396187192
660,11.0,feeder2_989,0.15817098814366787,0.6873558842396501,0.15804030598926236,0.6866074393095657
660,11.0,feeder2_1196,0.15836159696411664,0.6816305917693838,0.1582316785811008,0.6808852567932089
660,11.0,feeder2_1158,0.15731063840226026,0.6891895136669572,0.15717872233174415,0.6884443975816122
660,11.0,feeder2_1122,0.16322993459841595,0.6921450565747309,0.1631098660510312,0.6913935267164402
660,11.0,feeder2_1258,0.16410483629611972,0.700309169095421,0.1639853592629574,0.6995493840042978
660,11.0,feeder2_1303,0.17857746022511298,0.6972527875802383,0.17845753634453393,0.6965248921125946
660,11.0,feeder2_1138,0.1628620396520377,0.6894170309649326,0.1627392692771459,0.6886727565134132
660,11.0,feeder2_1304,0.16225202044950832,0.6885280712010565,0.1621313556336053,0.6877823827914931
660,11.0,feeder2_1212,0.1622995254128682,0.6844639773258057,0.16218020521455684,0.6837156132429869
660,11.0,feeder2_1311,0.16362530585029003,0.6837126290318544,0.16350498287572113,0.6829687393979665
660,11.0,feeder2_1290,0.16137479044797606,0.6788802883762504,0.1612559948630416,0.6781285406941883
660,11.0,feeder2_1325,0.1574555306882507,0.6870236411823679,0.1573189013212594,0.6862852914480105
660,11.0,feeder2_1248,0.15781614362840393,0.6877186617268229,0.15768338183196748,0.6869736805766159
660,11.0,feeder2_1249,0.159098211835484,0.6820596104573448,0.15897064692844995,0.6813116500373066
660,11.0,feeder2_1250,0.15948966772407053,0.6822581014417651,0.15936435401320148,0.6815122580404096
660,11.0,feeder2_1366,0.1563226169034525,0.6897838610775039,0.15619007746771613,0.6890335688405328
660,11.0,feeder2_1266,0.16582195964586968,0.7078131301037555,0.16570130288993457,0.7070481805771489
660,11.0,feeder2_1372,0.1682602211620479,0.681937434428088,0.16814279888725966,0.6811887580045626
660,11.0,feeder2_1363,0.15940116761022302,0.6677475341987028,0.15928154265516076,0.6669878145367154
660,11.0,feeder2_1446,0.1575157052562964,0.6870658027900558,0.15737911165665835,0.6863239911157675
660,11.0,feeder2_1502,0.15720994314128253,0.6874783761665205,0.1570703405131837,0.6867456586527529
660,11.0,feeder2_1428,0.1504284151488663,0.6578028419843702,0.1503103957804501,0.6570353179590488
660,11.0,feeder2_1380,0.16041176531925033,0.6708506061896887,0.16029345932273184,0.670075194375207
660,11.0,feeder2_1550,0.16046157662352578,0.6708712854315447,0.16034096704177447,0.6700972162723774
660,11.0,feeder2_1386,0.16090661909789344,0.6724584124311144,0.16078366897291618,0.6716829389989252
660,11.0,feeder2_1551,0.16038901303512243,0.6716755611019949,0.16026809806165235,0.6708941384279448
660,11.0,feeder2_1400,0.16121240795771075,0.6734657775073135,0.16109179323456296,0.6726867532480683
660,11.0,feeder2_1552,0.15945124280546538,0.6713490536589691,0.15933465550001213,0.670565929356928
660,11.0,feeder2_1408,0.16214902669021863,0.6767760326243265,0.1620281726526891,0.6759917114699961
660,11.0,feeder2_1553,0.1616635639289349,0.6760945522309798,0.16154168579892456,0.6753129014237574
660,11.0,feeder2_1416,0.162697783540691,0.6786972836399097,0.1625790192792228,0.6779095224774717
660,11.0,feeder2_1530,0.16542353156838796,0.678095331174509,0.16530036121519467,0.6773148481651393
660,11.0,feeder2_1425,0.1635127656411841,0.682579991957738,0.16338956732808113,0.6817959867806375
660,11.0,feeder2_1589,0.16269382483116815,0.6817033951041569,0.16257293012943144,0.6809119173889988
660,11.0,feeder2_1435,0.1636956349687149,0.683453391776164,0.1635729297874935,0.682667462333971
660,11.0,feeder2_1621,0.16687878871463777,0.6946380262698924,0.16675692622991195,0.693846128346218
660,11.0,feeder2_1564,0.16351673841457443,0.6825717564929656,0.16339730865193794,0.6817803857154225
660,11.0,feeder2_1704,0.1572116568624786,0.6874984666811246,0.1570751267252598,0.6867650841346897
660,11.0,feeder2_1525,0.15717466410218736,0.6878090260084333,0.1570325561147042,0.6870788765710691
660,11.0,feeder2_1716,0.15502080259024334,0.691236570747019,0.1548787929121321,0.6905062535566447
660,11.0,feeder2_1537,0.15716198604671727,0.687797014209775,0.15702174631930987,0.6870684671577759
660,11.0,feeder2_1645,0.1480564981441212,0.6764048746055777,0.14791573763782942,0.6756812406416848
660,11.0,feeder2_1561,0.15850149443078201,0.6942344795635502,0.15836231033883902,0.6935110905542506
660,11.0,feeder2_1657,0.15879363198209026,0.6944758186367419,0.15864927895861614,0.6937529041631648
660,11.0,feeder2_1570,0.1590776325072744,0.696985251098627,0.1589346899443369,0.6962639583185845
660,11.0,feeder2_1756,0.1614421281110648,0.6962809474281202,0.16129808811537524,0.6955655855867029
660,11.0,feeder2_1588,0.15958318563636734,0.6996045904659736,0.15943888081581417,0.6988865275367825
660,11.0,feeder2_1628,0.16721131577747456,0.7041213070455998,0.16706832177312772,0.7034142926372732
660,11.0,feeder2_1598,0.15990715529360766,0.7014631790836563,0.15976283665920799,0.7007401830053552
660,11.0,feeder2_1816,0.15984223908072062,0.7025843063678309,0.15969581106593547,0.7018638922950157
660,11.0,feeder2_1765,0.15990928319000922,0.7015322523612383,0.1597644820921192,0.7008140332376543
660,11.0,feeder2_1641,0.1614202066939705,0.7104253751609745,0.16127189606532233,0.7097060765919183
660,11.0,feeder2_1689,0.1609255044537493,0.7096435943158703,0.16077409186151032,0.7089074884874937
660,11.0,feeder2_1744,0.1691417860641088,0.715186252279506,0.16899877669957147,0.7144703890796342
660,11.0,feeder2_1817,0.16090689099741634,0.7095578798903494,0.16075631782322075,0.7088187594314338
660,11.0,feeder2_1779,0.160923231048676,0.7096590514263881,0.16077144385202605,0.7089225933118459
660,11.0,feeder2_1800,0.16087928585214906,0.709587368315721,0.16073057280314496,0.7088449716838245
660,11.0,feeder2_1818,0.15676351178300515,0.7049928698904723,0.15659448569197867,0.7042174797871688
660,11.0,feeder2_1753,0.19384355825986585,0.7306927867244696,0.19370342152672906,0.7300033878878152
660,11.0,feeder2_1754,0.1691726233443517,0.7152109205318604,0.16902774413019986,0.7144976376352513
690,11.5,secondary,0.024997432301971045,0.00810862964055663,0.02500061244831616,0.008105007698440804
690,11.5,feeder2_44,0.046530048839872995,0.04230040951130951,0.046533813931485896,0.04226522813545235
690,11.5,feeder2_45,0.04738785335042691,0.043357771397114796,0.047393525342110165,0.043322380633822245
690,11.5,feeder2_46,0.043375834808428146,0.0456193919594637,0.04337950542476691,0.0455844303226272
690,11.5,feeder2_51,0.04875462503387941,0.04516399653528079,0.048759636397686164,0.0451289117137229
690,11.5,feeder2_48,0.05007420347735964,0.04328951090194607,0.050078972192424735,0.04324417388995616
690,11.5,feeder2_52,0.04968136077614821,0.040472198337994925,0.04968028562495393,0.04044017419134774
690,11.5,feeder2_68,0.05279351022896646,0.05210937574530647,0.052795711103570495,0.052065168243586694
690,11.5,feeder2_69,0.0527166015154153,0.052164196918642686,0.052720115482962814,0.05212466309121529
690,11.5,feeder2_71,0.053330917275216896,0.05302747608236442,0.053336125137166915,0.05298420760614807
690,11.5,feeder2_72,0.05356395069329266,0.05320219672052287,0.05357054948895587,0.053165440025131266
690,11.5,feeder2_73,0.05501106236666019,0.05587698132452388,0.05501727526998047,0.055837274581345624
690,11.5,feeder2_74,0.053991306780571076,0.05364586915426903,0.05399499775242491,0.05360309814313695
690,11.5,feeder2_77,0.05652115885664952,0.058660234890934776,0.056524563650279656,0.05861681193303596
690,11.5,feeder2_79,0.0558777735444887,0.059194381762769206,0.05588369693698106,0.05915047084118186
690,11.5,feeder2_81,0.05891041262228322,0.06292501047101011,0.05891599198589055,0.06288041170637901
690,11.5,feeder2_82,0.060243566956993566,0.06385737516301075,0.06024873670618109,0.06380619306113647
690,11.5,feeder2_116,0.06943562269622482,0.08096164671369709,0.06943996626606704,0.08090183126743716
690,11.5,feeder2_119,0.06877202410107403,0.07984805823497702,0.06877777980649132,0.07978784276265402
690,11.5,feeder2_120,0.07348555820521166,0.08823457286116293,0.07349179251862704,0.08816965037200082
690,11.5,feeder2_248,0.0740441509066908,0.08668643889132986,0.07404840500017375,0.08662649770342015
690,11.5,feeder2_124,0.07602605189119348,0.0933818857814183,0.07603272035786733,0.09331316100414003
690,11.5,feeder2_282,0.08425218089206085,0.09716395101926012,0.0842589924805165,0.09708245301827956
690,11.5,feeder2_275,0.0770233101052422,0.09083272269762281,0.0770247359986264,0.09077381455214614
690,11.5,feeder2_151,0.07951339455812015,0.10163797772929535,0.07951943705934533,0.10157486833066948
690,11.5,feeder2_295,0.07580762165483036,0.10548812327695911,0.07581618885859488,0.10543454382674947
690,11.5,feeder2_311,0.07939349631610365,0.1017440768703901,0.0793996198556069,0.10167831019118173
690,11.5,feeder2_201,0.08571910970874085,0.11047274787525771,0.08572680518298618,0.11039438645296996
690,11.5,feeder2_314,0.08634962454682658,0.11037996171332565,0.08635659718009682,0.11030338786180598
690,11.5,feeder2_342,0.09418282280715766,0.12319774170760033,0.09419016959291024,0.12310230562041707
690,11.5,feeder2_368,0.09394080056345384,0.12180377916539305,0.09394941774375992,0.1217312426351332
690,11.5,feeder2_347,0.0979438935843813,0.13433676367262007,0.09794807233395805,0.13419159719132745
690,11.5,feeder2_353,0.09977692392042684,0.14036586105080398,0.09978293703393512,0.14020131225849894
690,11.5,feeder2_518,0.09887097609051641,0.13513166333621296,0.09887512800015177,0.1349848704913497
690,11.5,feeder2_365,0.10185104781196969,0.14766985626381138,0.10185314999865912,0.14747795094777372
690,11.5,feeder2_653,0.09971339167194788,0.14027440418598394,0.09971731206103308,0.14010394453992506
690,11.5,feeder2_377,0.10298981875381912,0.15186011012563633,0.10299207255645075,0.15165884924193843
690,11.5,feeder2_622,0.10183799172300048,0.1476673056029696,0.10184011523503604,0.14747519181276883
690,11.5,feeder2_451,0.09424254025125439,0.12202215243294345,0.09425011576967486,0.12194761589109081
690,11.5,feeder2_383,0.09370158873750263,0.12106277932896785,0.09371355852790439,0.12103213095415971
690,11.5,feeder2_385,0.10442595770850688,0.1564909141638773,0.10442826324050587,0.156271759438842
690,11.5,feeder2_621,0.09883185703059721,0.15388269611759217,0.09883638347180365,0.15369386833788531
690,11.5,feeder2_611,0.08906387997617991,0.11404173597211692,0.08907191396998218,0.11400662461210805
690,11.5,feeder2_405,0.09378603567490205,0.12145380553038726,0.09379842980914621,0.12142606334536146
690,11.5,feeder2_461,0.11054860599308504,0.18070844522832774,0.11054647815886585,0.18042801670435904
690,11.5,feeder2_594,0.10481440997914838,0.1552294610274972,0.1048177087594083,0.15501094667989426
690,11.5,feeder2_732,0.09425416715423479,0.11940559394100689,0.09426495371412887,0.11938168403538962
690,11.5,feeder2_417,0.09450826853787307,0.12515526115970058,0.09452295118360587,0.12514088422544795
690,11.5,feeder2_663,0.0924975238682446,0.13205926719738945,0.09251859672886467,0.13207162284796753
690,11.5,feeder2_444,0.09499302242997977,0.12645058501967069,0.09501021689493741,0.126441018870656
690,11.5,feeder2_759,0.09858268431644504,0.12600912463604402,0.09859939870153898,0.12599151371500403
690,11.5,feeder2_842,0.0927614649500897,0.14114488030750738,0.09279075962238811,0.1411789342231
690,11.5,feeder2_459,0.09505250112399512,0.1262596036651243,0.0950663678267729,0.12624721851520662
690,11.5,feeder2_702,0.0980462015371403,0.1255906838938475,0.09806252996585735,0.1255782362490491
690,11.5,feeder2_493,0.09491269619687905,0.1257080770143987,0.09492676351444929,0.12569937909622533
690,11.5,feeder2_651,0.11052676094695159,0.18069201124545564,0.11052494847987145,0.1804117633667559
690,11.5,feeder2_684,0.11571651908466325,0.20324767137750743,0.11571159402557543,0.20292590710114716
690,11.5,feeder2_674,0.09464070960881539,0.12531720683440367,0.09465485882982606,0.12530478171600845
690,11.5,feeder2_696,0.09493589968898808,0.1258339085925232,0.09494888208274495,0.12582956112358779
690,11.5,feeder2_681,0.0944990963071615,0.12510287965987746,0.0945134269292465,0.12509444006256618
690,11.5,feeder2_682,0.09373539366532196,0.12402488807260076,0.09374760806497572,0.12401119167581573
690,11.5,feeder2_728,0.11564609486536197,0.2016925573418001,0.11564023145632016,0.20136524592620675
690,11.5,feeder2_724,0.12148441640959409,0.23125831903106245,0.12147489120664964,0.23090551944175436
690,11.5,feeder2_703,0.09490959037410439,0.12591833239739442,0.09492533356950891,0.12591190533189978
690,11.5,feeder2_704,0.09493039713147938,0.12586948480609603,0.0949463327026265,0.12586495417846222
690,11.5,feeder2_754,0.12271963644425131,0.23246281905108462,0.1227109899352749,0.23210905789865918
690,11.5,feeder2_747,0.12366651093655442,0.24215212000498298,0.12365720971277265,0.2417891862925441
690,11.5,feeder2_828,0.11521213804252604,0.1990347488071032,0.11520393037194833,0.19870828344702665
690,11.5,feeder2_763,0.1161429041091894,0.20318605790977154,0.11613777154344555,0.20285574381809257
690,11.5,feeder2_836,0.123616584001001,0.24210047213559194,0.12360929010037938,0.2417351484889055
690,11.5,feeder2_758,0.12555320341036086,0.2516001768681937,0.12554355829577296,0.25122879798162795
690,11.5,feeder2_788,0.12561173606966902,0.2516615843460033,0.1256003688317499,0.251287595897533
690,11.5,feeder2_812,0.13139663662573095,0.2808294878152203,0.13138422198817545,0.2804248414425675
690,11.5,feeder2_947,0.11823385711837162,0.20535879610502397,0.11822683816612804,0.20503204387523338
690,11.5,feeder2_868,0.1170091298487546,0.20408598696325525,0.11700321770381325,0.2037585047137966
690,11.5,feeder2_785,0.11615525174779248,0.20298033753770964,0.11614990787960852,0.20265189960647811
690,11.5,feeder2_1176,0.11469698378669178,0.2017824695289067,0.11468993793072382,0.2014582278680666
690,11.5,feeder2_846,0.11562473045781385,0.2022879067210008,0.11561873148354368,0.2019572846935241
690,11.5,feeder2_911,0.11654595663053398,0.2039688023052022,0.11654111319867111,0.2036397817325604
690,11.5,feeder2_1107,0.13546029902528542,0.2965000877024318,0.1354495225979972,0.29610138745902553
690,11.5,feeder2_920,0.1319250091461084,0.2847834583336566,0.13191149730593654,0.2843720590214531
690,11.5,feeder2_926,0.13283560221361226,0.291072675085408,0.1328220659839966,0.2906448303718853
690,11.5,feeder2_1239,0.13178500338022803,0.2844272509590247,0.13177185713294248,0.2840168339097429
690,11.5,feeder2_933,0.133235976770128,0.29386448112893226,0.13322223154782928,0.2934334968454741
690,11.5,feeder2_1146,0.13285626308854015,0.2911861657346,0.13284338649413363,0.2907637745462017
690,11.5,feeder2_1124,0.1331346218138162,0.2937634026410605,0.13311878321719858,0.2933362342691043
690,11.5,feeder2_942,0.13425606503468918,0.3011244456954406,0.13423990287530596,0.30068039582958206
690,11.5,feeder2_952,0.13549406701840014,0.31181303046477765,0.13547819516839438,0.3113481039109006
690,11.5,feeder2_965,0.1342920830814196,0.301151381332863,0.1342763979192676,0.30070608691201856
690,11.5,feeder2_961,0.1355961136930931,0.31281569110703517,0.13557794616562702,0.31235003682531565
690,11.5,feeder2_963,0.1355009972110907,0.31184794934753063,0.13548686164341162,0.3113841041210446
690,11.5,feeder2_973,0.13623810926485902,0.31838905021402375,0.13621965334603875,0.31791380311518147
690,11.5,feeder2_1128,0.13542677740366155,0.3124468465777813,0.13540695047127915,0.3119807375564652
690,11.5,feeder2_1113,0.13554798279608027,0.31189682606537195,0.13553359389088182,0.31143221355678286
690,11.5,feeder2_1143,0.13595753085056114,0.3141388766444772,0.13594069801994607,0.3136743197233718
690,11.5,feeder2_1238,0.13640483661540645,0.303581434224281,0.1363910831356705,0.30313451849990597
690,11.5,feeder2_979,0.13428984325618407,0.3009761282985645,0.1342730741745132,0.3005347142714853
690,11.5,feeder2_1236,0.13721841867932028,0.3273875011238162,0.1371988782497793,0.3268938195687724
690,11.5,feeder2_989,0.13623796840489602,0.3183838004706141,0.1362200399077565,0.3179050551184473
690,11.5,feeder2_1196,0.13461950423678287,0.30023445968256335,0.13460251333386722,0.29979156292555675
690,11.5,feeder2_1158,0.13567660215657715,0.3178052537159286,0.1356590267447239,0.31732786631872323
690,11.5,feeder2_1122,0.13724727456477567,0.3043424029901308,0.1372345356866703,0.3039427614348616
690,11.5,feeder2_1258,0.13204483352786198,0.29490912101496464,0.13203335804369312,0.29451416805582986
690,11.5,feeder2_1303,0.14522650250461633,0.31274062207982983,0.1452137687383932,0.312340548666063
690,11.5,feeder2_1138,0.1381005442189635,0.3075548547100331,0.1380865805683132,0.30715203378175826
690,11.5,feeder2_1304,0.1377288592819845,0.30718141649698344,0.13771278681692076,0.30678043509926994
690,11.5,feeder2_1212,0.14003392542721607,0.31462289258186876,0.1400179691315247,0.3142218690042687
690,11.5,feeder2_1311,0.1408295999663761,0.31553992809060316,0.1408131217326809,0.31513651463257625
690,11.5,feeder2_1290,0.14220673992706243,0.3225294657328664,0.14219108989111062,0.3221236095721496
690,11.5,feeder2_1325,0.13859875994261156,0.340828093821908,0.13857707806313316,0.34031306414469503
690,11.5,feeder2_1248,0.13721492335822397,0.32738370075263395,0.13719566113312592,0.3268898416870163
690,11.5,feeder2_1249,0.1364316311924208,0.30360945481601476,0.13641826869995838,0.30316397774449283
690,11.5,feeder2_1250,0.13783581024693137,0.305222481056879,0.13782306232014827,0.30477608383148913
690,11.5,feeder2_1366,0.1371383248063482,0.32729936399981474,0.1371184040861896,0.3268091101414359
690,11.5,feeder2_1266,0.12971118225202308,0.2929622546086375,0.12970539473059203,0.292570227719486
690,11.5,feeder2_1372,0.15041768886274814,0.33119138260327946,0.1504008232537149,0.3307871874861648
690,11.5,feeder2_1363,0.14222726278696024,0.3187817759531248,0.14220914948723345,0.3183762183576859
690,11.5,feeder2_1446,0.13932769200809553,0.34188347138843556,0.13930443373868012,0.34136676804126154
690,11.5,feeder2_1502,0.13981723624475376,0.3546770246944963,0.13979413997921275,0.35413761619714496
690,11.5,feeder2_1428,0.14221771949521506,0.31835944793715254,0.14220190814414713,0.31795316943762464
690,11.5,feeder2_1380,0.1423508214205372,0.3148981657872322,0.14233434241508103,0.3144861430862009
690,11.5,feeder2_1550,0.14241439253670665,0.3149652644301562,0.1423967395453142,0.31455859219500026
690,11.5,feeder2_1386,0.14240657020694117,0.3129817282987639,0.1423883583508968,0.31257245576921777
690,11.5,feeder2_1551,0.1429424735682856,0.31181195736393014,0.1429261644298026,0.31139869467970716
690,11.5,feeder2_1400,0.14243590714194185,0.3123401228433657,0.14241933914637817,0.311926043697949
690,11.5,feeder2_1552,0.14187823073098293,0.3116033922552941,0.14186029835239772,0.31119060200617954
690,11.5,feeder2_1408,0.14262733389414833,0.31133483668697925,0.1426072040322078,0.31092300124383815
690,11.5,feeder2_1553,0.14477560366722395,0.30716219575453235,0.1447569475042606,0.30675046064612416
690,11.5,feeder2_1416,0.1427229958150441,0.31173664607498225,0.1427082105199652,0.31132283516242243
690,11.5,feeder2_1530,0.14507753359038156,0.3144417352745991,0.1450617150789991,0.31402599922662705
690,11.5,feeder2_1425,0.14256327676978464,0.31101004558811823,0.14254573615928634,0.31059913547011014
690,11.5,feeder2_1589,0.14222255989357707,0.3105732138957673,0.14220115016561244,0.3101617449527907
690,11.5,feeder2_1435,0.14254572530394244,0.31089893934858936,0.14252789175388977,0.3104841896690281
690,11.5,feeder2_1621,0.14106837264900768,0.31008499502742226,0.14105441351309547,0.3096743770893864
690,11.5,feeder2_1564,0.1424685738589378,0.31071611675175204,0.1424511168211533,0.3103033336633487
690,11.5,feeder2_1704,0.1397903624685981,0.3546446034918752,0.13976375090573587,0.3541037128442817
690,11.5,feeder2_1525,0.1401359448052257,0.3582848825899472,0.14011280562851125,0.35773683551965557
690,11.5,feeder2_1716,0.13786513917251275,0.35822896317432107,0.13784012907013082,0.357683654631797
690,11.5,feeder2_1537,0.14055028088228902,0.36238399274903416,0.1405239120657283,0.3618307161245233
690,11.5,feeder2_1645,0.13798928913622885,0.3596047937881348,0.1379585435787137,0.3590453850058938
690,11.5,feeder2_1561,0.14174453283877972,0.36826857704561045,0.14172077336968397,0.3677066546595378
690,11.5,feeder2_1657,0.14601999818493003,0.3727531891092625,0.14599140770935493,0.37219238795300114
690,11.5,feeder2_1570,0.1420473465187671,0.3697389652810745,0.1420195238150736,0.3691767325120067
690,11.5,feeder2_1756,0.14345966833626017,0.37188908362022194,0.14343546672254467,0.37132387792032845
690,11.5,feeder2_1588,0.1422964421961219,0.3709649390278346,0.14226963543858495,0.37039826307127777
690,11.5,feeder2_1628,0.14311705976853836,0.37182708610188264,0.14309032005316316,0.37126252743269467
690,11.5,feeder2_1598,0.1425626110352394,0.37226997133114365,0.14253645955628977,0.3717009457638117
690,11.5,feeder2_1816,0.1404589327652248,0.36989633560698704,0.14043356017190228,0.36932915759792423
690,11.5,feeder2_1765,0.14219535532370436,0.3718435490233479,0.14216848083189285,0.37127406066561686
690,11.5,feeder2_1641,0.14390072284845365,0.37969773659054906,0.14387326604384465,0.3791120391335824
690,11.5,feeder2_1689,0.14361411123607223,0.3790188650317112,0.14358658205692354,0.37842017807389383
690,11.5,feeder2_1744,0.14789097740526108,0.3840960190324642,0.1478624058075161,0.38350998047289525
690,11.5,feeder2_1817,0.14359872166967144,0.379000021382473,0.14356833175422462,0.3784017166659794
690,11.5,feeder2_1779,0.14359021298199395,0.3789924302604442,0.1435598768230366,0.37839231414604196
690,11.5,feeder2_1800,0.14359217502184848,0.3790002974474599,0.14356197713656726,0.37840074744305996
690,11.5,feeder2_1818,0.14064878335406064,0.3759793706528269,0.14060035521165626,0.37535516325401747
690,11.5,feeder2_1753,0.15931798406004924,0.3961007599566713,0.15929321221536644,0.395514761861964
690,11.5,feeder2_1754,0.148173116309582,0.38452904116901854,0.148145211370663,0.38394334472692276
720,12.0,secondary,0.013547747507452223,0.008956107715674354,0.013552505136059061,0.008963741412804826
720,12.0,feeder2_44,0.025207569966210354,0.04670272218565965,0.025219454863547496,0.04674877850718634
720,12.0,feeder2_45,0.025643759280870603,0.04815829520783784,0.02565737303750023,0.048206210776865974
720,12.0,feeder2_46,0.025233118749528185,0.04680474482537159,0.025243116171183133,0.04685642297666427
720,12.0,feeder2_51,0.02638624337267437,0.050620253285231565,0.026397779123458788,0.05067443186451816
720,12.0,feeder2_48,0.02657302800380291,0.048475341332177374,0.026585561533493438,0.04852231939866434
720,12.0,feeder2_52,0.023892397948475558,0.04701305724473482,0.02390674900721302,0.04706511414262885
720,12.0,feeder2_68,0.028828109450716934,0.05903788292160585,0.02883883190382602,0.059099804555324424
720,12.0,feeder2_69,0.03869292311519011,0.07735779084382276,0.03869350247704891,0.07742224506768591
720,12.0,feeder2_71,0.028991645617055233,0.05946942158019102,0.02900411244592572,0.059527786953277005
720,12.0,feeder2_72,0.05625833538561346,0.07744198769123113,0.056272273988647994,0.07749623452490007
720,12.0,feeder2_73,0.02919874385552821,0.05903809539173438,0.029213238280906332,0.05910064775016017
720,12.0,feeder2_74,0.027375087390659716,0.05694137052746027,0.02738798339371225,0.05700841376663399
720,12.0,feeder2_77,0.029448931593865083,0.05899844938418902,0.02946195288978846,0.0590633047672971
720,12.0,feeder2_79,0.03380163834300832,0.0686953651884231,0.03380574480528581,0.06876707562675455
720,12.0,feeder2_81,0.029139632570501825,0.056334901049993856,0.029150906106777938,0.05640614534379623
720,12.0,feeder2_82,0.030412213415400673,0.057129792749081976,0.030428194138662,0.05719973705779129
720,12.0,feeder2_116,0.02763519550003742,0.049523003926383126,0.0276526136327374,0.04959307113370496
720,12.0,feeder2_119,0.026405958730326366,0.04825957624238941,0.026425901555706826,0.048328458352888654
720,12.0,feeder2_120,0.02724438653710117,0.050563765167353954,0.02725934669026634,0.05063226243407516
720,12.0,feeder2_248,0.027132497652476485,0.050468524531854395,0.027150699550151387,0.05053448762228169
720,12.0,feeder2_124,0.02701632864173456,0.051966269125196425,0.02703449352839983,0.05202976025253285
720,12.0,feeder2_282,0.02784703441091829,0.05264811662595429,0.027864678622463727,0.05271265318810271
720,12.0,feeder2_275,0.026902707299766473,0.05187674924381597,0.026921291195194274,0.05193782723755038
720,12.0,feeder2_151,0.026558868583954013,0.05512220506998183,0.026578878437769994,0.05517611601087819
720,12.0,feeder2_295,0.026405518979785908,0.05514900896441964,0.026422691393037073,0.055204031989705096
720,12.0,feeder2_311,0.026578392189920575,0.05507513848713969,0.026596596088123998,0.05512881510515469
720,12.0,feeder2_201,0.025742573396468578,0.06317874926453525,0.025764578036482667,0.06321227910209772
720,12.0,feeder2_314,0.026543539122822236,0.06376974329735319,0.026564102649697035,0.06380281485872517
720,12.0,feeder2_342,0.024253443214439542,0.07712378453578342,0.024274361721225074,0.07713341350876164
720,12.0,feeder2_368,0.024133116730923235,0.07609304827903342,0.02416018380196252,0.07610299899699761
720,12.0,feeder2_347,0.023672019363755105,0.08681676869917485,0.023695775648080748,0.0868168487324809
720,12.0,feeder2_353,0.023312159907816953,0.09108032220105745,0.023339182544594352,0.09107303084022435
720,12.0,feeder2_518,0.024897818918096736,0.08821750230960922,0.02492253771487571,0.08822181020835267
720,12.0,feeder2_365,0.0229271059225969,0.09591550067588023,0.022952488797455064,0.09590659434281594
720,12.0,feeder2_653,0.023223785357092575,0.09106774009754645,0.023253685708554593,0.09106240396878888
720,12.0,feeder2_377,0.022718090566264337,0.09858996527502836,0.02274691095127536,0.09857505593999852
720,12.0,feeder2_622,0.022928379985397165,0.09588402204812166,0.022955633684071542,0.09587629849375963
720,12.0,feeder2_451,0.02420673908301609,0.07618413627239937,0.024230490869470357,0.07619533298184479
720,12.0,feeder2_383,0.023928467609628138,0.07435672076090914,0.023950708721340187,0.07436540117635629
720,12.0,feeder2_385,0.022472695527890378,0.10183827884221698,0.022502615553229438,0.1018252658112672
720,12.0,feeder2_621,0.022486103672486418,0.09824694962470656,0.022513675300590903,0.09823480916620625
720,12.0,feeder2_611,0.023215574389823843,0.07296017798322406,0.023241328507977915,0.07296572855626166
720,12.0,feeder2_405,0.02393411413128015,0.07431672000255359,0.023958324581148823,0.07432491562861607
720,12.0,feeder2_461,0.02152685311756925,0.11534404299937082,0.02155519495824515,0.11531522445155382
720,12.0,feeder2_594,0.022404380494829238,0.10183803125048504,0.02243394147745038,0.10182223645441889
720,12.0,feeder2_732,0.023632474919026546,0.07251601095406106,0.023657602014842776,0.07252483213473773
720,12.0,feeder2_417,0.02403876707322827,0.07439420222356334,0.024063299873054618,0.07440424532683293
720,12.0,feeder2_663,0.02309082373345127,0.07383490458083916,0.023112355654758353,0.0738506187641375
720,12.0,feeder2_444,0.02414835109327203,0.074698121914895,0.024172428364981416,0.07470738900407022
720,12.0,feeder2_759,0.02729348016395207,0.07799404369418887,0.027319438279335424,0.07800195718304438
720,12.0,feeder2_842,0.024438222882769877,0.07316413883299017,0.02446333568512427,0.0731752577236456
720,12.0,feeder2_459,0.02412167535294186,0.07469075240738719,0.02414239280497407,0.0747008077355681
720,12.0,feeder2_702,0.025730502392756097,0.0761015487682484,0.025754728360070978,0.07610646216016297
720,12.0,feeder2_493,0.023828321800280865,0.07407445387137718,0.023851373424484484,0.07408302944120787
720,12.0,feeder2_651,0.02049100748948601,0.11523259942808257,0.020521339357078425,0.11520499405865708
720,12.0,feeder2_684,0.02093462449564706,0.12696906092790738,0.020968121819490766,0.12692737648431499
720,12.0,feeder2_674,0.023344203664077866,0.07374946437794444,0.023366502845292517,0.07375643318591271
720,12.0,feeder2_696,0.023736122596547095,0.07353521677435242,0.02375982031737655,0.07354690909921859
720,12.0,feeder2_681,0.02274095520090609,0.0730213679271592,0.02276309756164114,0.07302905681688068
720,12.0,feeder2_682,0.022299613081543684,0.07353255985893677,0.022322999472256508,0.07353826677452639
720,12.0,feeder2_728,0.02087630051893806,0.12739169966402122,0.020907307806093445,0.12735348293493465
720,12.0,feeder2_724,0.020494409615002093,0.13837792028541093,0.020526189798188457,0.13832573399576467
720,12.0,feeder2_703,0.023761858397310744,0.07340580730860874,0.023784135131199806,0.07341886500127569
720,12.0,feeder2_704,0.0234079861903929,0.07344037855098336,0.023430488343240678,0.07345111840872734
720,12.0,feeder2_754,0.020967711822901816,0.13881622312038436,0.021002553371639865,0.13876295252991966
720,12.0,feeder2_747,0.02028909377271548,0.14296453001384915,0.020323558014058843,0.14290749458767463
720,12.0,feeder2_828,0.020719095762082113,0.12728266870770621,0.020753231207231316,0.12724530026683903
720,12.0,feeder2_763,0.02089004877048819,0.12816310928152286,0.020922465044748623,0.12813089096397448
720,12.0,feeder2_836,0.017740590302517234,0.14201166183722783,0.017776409864351816,0.14195418474725016
720,12.0,feeder2_758,0.020266733989933984,0.14756736347992727,0.02030362295219175,0.14750484880210266
720,12.0,feeder2_788,0.021401836425902578,0.14896431643044816,0.021437480762327762,0.1488958116045394
720,12.0,feeder2_812,0.019924382181382597,0.16055826150161348,0.019963627594579862,0.16047556507365002
720,12.0,feeder2_947,0.023817589676842006,0.13100901006595897,0.023853362540915333,0.13097634430558602
720,12.0,feeder2_868,0.021596500583047892,0.12885546853009697,0.021628304880173952,0.12882015586060333
720,12.0,feeder2_785,0.02064534285242436,0.12760687944822569,0.020680065324879468,0.12757253829909385
720,12.0,feeder2_1176,0.01781447436289332,0.12498057320606513,0.017845311622579962,0.12495486572728916
720,12.0,feeder2_846,0.01987570018151206,0.12761976107062112,0.019908971675232458,0.12758265880697658
720,12.0,feeder2_911,0.020664702194017146,0.1276874351973472,0.02069812060253006,0.12765680726463519
720,12.0,feeder2_1107,0.02079326801892253,0.16654557612181098,0.020832239877115678,0.16645771810405818
720,12.0,feeder2_920,0.019628640833207894,0.1626969832174071,0.019669891894468543,0.16260919756609785
720,12.0,feeder2_926,0.019303461423845487,0.16578877821082633,0.01934163509309086,0.16569335473372154
720,12.0,feeder2_1239,0.01949292639457188,0.1629250220750288,0.019530907131242916,0.16283354469313743
720,12.0,feeder2_933,0.019033117738125258,0.16656964150537432,0.019073062123617337,0.1664693751295087
720,12.0,feeder2_1146,0.01990062698970561,0.16870870334191587,0.019940541948229654,0.16861216838340343
720,12.0,feeder2_1124,0.019020945559673052,0.166513140911739,0.0190605363066492,0.16641444343876854
720,12.0,feeder2_942,0.018346722659883172,0.1686814881102553,0.01838754091888312,0.1685730521871882
720,12.0,feeder2_952,0.01745598454649047,0.1731375826947676,0.017497569116939095,0.17302322716943186
720,12.0,feeder2_965,0.01833160789871487,0.16852648323528077,0.018373838789268394,0.16842125882710846
720,12.0,feeder2_961,0.017262322980287664,0.1731798617625453,0.01730553378687573,0.17306136017828938
720,12.0,feeder2_963,0.0174769788909005,0.17323334577605787,0.017517790349159273,0.1731145456984082
720,12.0,feeder2_973,0.016344096600962806,0.17318631334267498,0.016388004737335853,0.17306798284686817
720,12.0,feeder2_1128,0.01707465910028912,0.17361382636779935,0.01711470247326019,0.17349561152756746
720,12.0,feeder2_1113,0.018391362053052706,0.1744807014034119,0.01843222801230579,0.17436353942944724
720,12.0,feeder2_1143,0.018179201105656028,0.17618214056720422,0.018218377608867548,0.17606966944794777
720,12.0,feeder2_1238,0.019054032876693272,0.16897867864220273,0.019096423756565197,0.1688732083166875
720,12.0,feeder2_979,0.018303381138167044,0.1682923961836162,0.018343601947581188,0.16818380911447636
720,12.0,feeder2_1236,0.014918193629694326,0.17429001046204656,0.014963062203708811,0.1741561811790261
720,12.0,feeder2_989,0.016344648069036884,0.17317728162651055,0.016387746965883288,0.17305177186257611
720,12.0,feeder2_1196,0.018801474256110628,0.1671874934065645,0.018843706918049645,0.16707556685280006
720,12.0,feeder2_1158,0.016128115553812546,0.17205723521032357,0.016169718806662455,0.1719375212654136
720,12.0,feeder2_1122,0.02115384085547077,0.16899425653447797,0.02119091082831559,0.16891396037280595
720,12.0,feeder2_1258,0.020763913347527037,0.16640133564715004,0.02080269427117642,0.16631864225659382
720,12.0,feeder2_1303,0.021298890456548543,0.1690858862282001,0.021336835482833945,0.1689988758216433
720,12.0,feeder2_1138,0.021441861290713835,0.17089602550455965,0.02147907435020211,0.17081069373436608
720,12.0,feeder2_1304,0.02086049895021485,0.17118474290448632,0.020898819750270844,0.1711034625685258
720,12.0,feeder2_1212,0.02223666015858674,0.1746198416392615,0.022273752210082678,0.17453869303396877
720,12.0,feeder2_1311,0.023231814491046065,0.17612975974903072,0.023271968478955636,0.17604269615358742
720,12.0,feeder2_1290,0.023018804007555238,0.17796369771420115,0.02305664878229209,0.17788465669486844
720,12.0,feeder2_1325,0.0130871985169283,0.1784658490941865,0.013132102564704744,0.17831835411424632
720,12.0,feeder2_1248,0.014909774462097122,0.1742792216648522,0.014954604073212063,0.17414539253465955
720,12.0,feeder2_1249,0.019079929391634193,0.1689963230251658,0.019123053525779733,0.16888623010519238
720,12.0,feeder2_1250,0.019499715359092243,0.16925455638318287,0.019540246956605938,0.16914973783278706
720,12.0,feeder2_1366,0.013201102789057065,0.17331389637339004,0.013245159793898247,0.1731817798038
720,12.0,feeder2_1266,0.02075095782671058,0.16631462526620827,0.020787340916171848,0.1662323816295255
720,12.0,feeder2_1372,0.028352052463642762,0.18213760216246389,0.02838903148637775,0.1820622040343475
720,12.0,feeder2_1363,0.022468628691937855,0.176263327429447,0.02250773227994855,0.1761747886515589
720,12.0,feeder2_1446,0.013799812404408366,0.17939469555378879,0.01384590429383064,0.17925205074490946
720,12.0,feeder2_1502,0.010783791432618843,0.18231037122265814,0.010832723554809584,0.18215232141714702
720,12.0,feeder2_1428,0.022410235940023563,0.17599764456964934,0.022448778387590747,0.17590590772528525
720,12.0,feeder2_1380,0.02207640198414632,0.1745569231306175,0.022112479456573794,0.17446919953703835
720,12.0,feeder2_1550,0.023230492894126514,0.17652841144499617,0.023268764009978488,0.17643743767165673
720,12.0,feeder2_1386,0.021694206953199006,0.17274925703709465,0.021730570872908944,0.17265903620685355
720,12.0,feeder2_1551,0.022132386492100045,0.172083737816734,0.022171091439695884,0.17198746770694032
720,12.0,feeder2_1400,0.021521750213224933,0.1720298637173271,0.02155943764830524,0.171935699862001
720,12.0,feeder2_1552,0.02072436639409673,0.17258651322024252,0.02076168682397081,0.17249151480581143
720,12.0,feeder2_1408,0.021323639396333794,0.17018901617582802,0.021359540335487957,0.17009338578827896
720,12.0,feeder2_1553,0.021251783948966253,0.17023835216541597,0.021290842635417535,0.17014130814549977
720,12.0,feeder2_1416,0.021226350181540433,0.16921791891890905,0.021265659819527497,0.16912521507151457
720,12.0,feeder2_1530,0.021345946301920802,0.1692971866204612,0.021382436611121016,0.1692023670245975
720,12.0,feeder2_1425,0.021029991321932673,0.1673316270417125,0.02106583183450255,0.16723317942755178
720,12.0,feeder2_1589,0.02151458296740682,0.16642879836603555,0.021552896944524377,0.1663296566387408
720,12.0,feeder2_1435,0.02100954562193901,0.16701966814745714,0.021048692175687132,0.16692551601416658
720,12.0,feeder2_1621,0.018710543952883046,0.16383850514469792,0.018750529708411578,0.16374598081456118
720,12.0,feeder2_1564,0.02098377484964625,0.16708138211325707,0.021019111985983847,0.16698811563704216
720,12.0,feeder2_1704,0.009728775669393753,0.18166813947097865,0.009774830806686589,0.1815101046264997
720,12.0,feeder2_1525,0.010252174844271902,0.18363254763188444,0.010301629954335003,0.18346702618621674
720,12.0,feeder2_1716,0.008425475756464886,0.18143406975832657,0.008470578720147599,0.1812685768567047
720,12.0,feeder2_1537,0.009691569197869508,0.18551065050973828,0.009738689926617614,0.1853462902791951
720,12.0,feeder2_1645,0.007488395019711934,0.18918146229880164,0.00751873133834175,0.1890055444962236
720,12.0,feeder2_1561,0.009877412250578662,0.18536095435808855,0.009925246348792941,0.18519112479439842
720,12.0,feeder2_1657,0.010882030313350152,0.18644010946820558,0.010930344612903995,0.18626973299744176
720,12.0,feeder2_1570,0.00989889814091655,0.1850446776386161,0.009949323315858068,0.18486816685536336
720,12.0,feeder2_1756,0.012124540048415448,0.1879367577614455,0.012173970063626628,0.18776888758322524
720,12.0,feeder2_1588,0.009880887261857488,0.18456695381631572,0.009927969306750542,0.18439230414856123
720,12.0,feeder2_1628,0.0105644471153502,0.1849464877790161,0.010613530117047397,0.18477534050721714
720,12.0,feeder2_1598,0.009825120181711638,0.1838715336866515,0.009875807510953618,0.1836968268320697
720,12.0,feeder2_1816,0.009345647855822502,0.17937627227064631,0.009390520643552691,0.17920310323082772
720,12.0,feeder2_1765,0.009775069574761014,0.18366988834085063,0.009822712294613447,0.18349453933540655
720,12.0,feeder2_1641,0.009492300516084434,0.18193563491191944,0.009542552861791643,0.18175624842491925
720,12.0,feeder2_1689,0.009185428804095449,0.18024085530579853,0.009236947014735122,0.18005196048694252
720,12.0,feeder2_1744,0.009605076586432745,0.18198225618083938,0.009656045268641677,0.18179879280414143
720,12.0,feeder2_1817,0.009109700515241646,0.17982230372377445,0.009161517803917673,0.17963238266068454
720,12.0,feeder2_1779,0.008028507264228024,0.1795204499678354,0.008078924764518375,0.1793358599250909
720,12.0,feeder2_1800,0.00978611125426037,0.17951538535029896,0.009834529732772528,0.17932607663335212
720,12.0,feeder2_1818,0.008671197282257672,0.179069431525596,0.008731839877703028,0.17887792453015464
720,12.0,feeder2_1753,0.009810210195976735,0.1820562612933212,0.00985849080286524,0.18187727880805968
720,12.0,feeder2_1754,0.009638553029419038,0.18199844605115104,0.00969030310605315,0.18181902997074212
750,12.5,secondary,0.03147285299269717,0.043113401322821716,0.03145762999272371,0.04309375911644801
750,12.5,feeder2_44,0.058577120012268724,0.22488639817965683,0.05855051748185408,0.22478905317018447
750,12.5,feeder2_45,0.059601227634976724,0.23181472155373536,0.05957313570344554,0.23171811430250755
750,12.5,feeder2_46,0.05688255591666127,0.22596438904738847,0.056854694865297394,0.22586791204924367
750,12.5,feeder2_51,0.06137106760453533,0.2440170156309574,0.06134311958460785,0.243909751380129
750,12.5,feeder2_48,0.060697407408482416,0.23060203272178365,0.06066778987274751,0.23050024585524512
750,12.5,feeder2_52,0.05789763323610665,0.24481395616569981,0.05786959708538687,0.24471019732846172
750,12.5,feeder2_68,0.06674355003615644,0.27833200571400735,0.06670993483894665,0.2782165604324581
750,12.5,feeder2_69,0.0666335798308519,0.279427961922931,0.06660595762259205,0.27930719865136994
750,12.5,feeder2_71,0.06745095880843223,0.2828215576039458,0.0674176120069008,0.28269902610404946
750,12.5,feeder2_72,0.06899057362227387,0.28113148698303175,0.06896164341904341,0.2810077908901477
750,12.5,feeder2_73,0.06964230910972753,0.2970688489340094,0.0696070720418171,0.296939209682121
750,12.5,feeder2_74,0.06877997986314845,0.29841694332173613,0.0687483294000844,0.29829197504383675
750,12.5,feeder2_77,0.07158627308447142,0.3091176255226797,0.07155344697698689,0.3089845774181711
750,12.5,feeder2_79,0.0703887942972983,0.3104095048277509,0.07035842962564029,0.3102775993408812
750,12.5,feeder2_81,0.07465443532641318,0.3275859366541153,0.07462028526917985,0.32744330209495304
750,12.5,feeder2_82,0.07602374835551189,0.32604357679466706,0.07599118170949196,0.3259037420573086
750,12.5,feeder2_116,0.08840352490429113,0.4118597934495455,0.08836507916793579,0.41167621437042834
750,12.5,feeder2_119,0.08721680621984716,0.4128795099687559,0.08718020453263217,0.4126969512816358
750,12.5,feeder2_120,0.09375065734099639,0.4426475150615659,0.09370946036369336,0.44244964545750937
750,12.5,feeder2_248,0.09363273108948493,0.44259911676689107,0.09359014943105098,0.4424017907805859
750,12.5,feeder2_124,0.09705395561546695,0.4616129410520407,0.09701092969058576,0.4614084857417918
750,12.5,feeder2_282,0.09729922150434668,0.46132605826621254,0.0972559515811991,0.4611175597513366
750,12.5,feeder2_275,0.09693350048860758,0.4615641767128048,0.09688900560091522,0.4613577874612626
750,12.5,feeder2_151,0.10282612340451343,0.49482295719932695,0.10278136344896793,0.49460312532286965
750,12.5,feeder2_295,0.10298216438251512,0.4951569917383439,0.10293476106388649,0.4949399670465802
750,12.5,feeder2_311,0.10287941157549661,0.49494180978801827,0.10283461252092102,0.49472040722646154
750,12.5,feeder2_201,0.11233916110423971,0.5494712378312522,0.11228521838840234,0.5492270000349664
750,12.5,feeder2_314,0.112383976888365,0.5494178440041555,0.11233382205735197,0.5491714551497922
750,12.5,feeder2_342,0.12587321624029377,0.6271493612349001,0.1258187925410902,0.6268683161332264
750,12.5,feeder2_368,0.12625316703764983,0.6340505061385553,0.12619397174157843,0.6337676739860769
750,12.5,feeder2_347,0.13162348645149763,0.6525545677069543,0.13156411334822332,0.6522627299834453
750,12.5,feeder2_353,0.13447749227456357,0.6656284678423748,0.13441832685743912,0.6653271249348722
750,12.5,feeder2_518,0.13235002184396613,0.6517146314403862,0.1322911715087834,0.6514222837568823
750,12.5,feeder2_365,0.137653055634012,0.6801762682061415,0.13759383917823986,0.6798650376408174
750,12.5,feeder2_653,0.1343772485988752,0.6655875097708468,0.13431679406198407,0.6652871838665351
750,12.5,feeder2_377,0.1393759194789975,0.6880759447098721,0.13931615546280696,0.6877607565136433
750,12.5,feeder2_622,0.13767036403815577,0.6802148860601898,0.1376120624883573,0.679904189471098
750,12.5,feeder2_451,0.12784819878792297,0.6323869891004009,0.1277931479090394,0.6321028650194831
750,12.5,feeder2_383,0.12655892396500942,0.6466094393313905,0.1265001675412716,0.6463244735155304
750,12.5,feeder2_385,0.14133820505906738,0.6970608319649009,0.1412806134098422,0.6967359754477096
750,12.5,feeder2_621,0.13954864517386342,0.68843205866632,0.13948526362442215,0.6881176653087466
750,12.5,feeder2_611,0.1251117478391743,0.6460901336004122,0.1250585262763306,0.6457998747761295
750,12.5,feeder2_405,0.12660001833548104,0.647430088424592,0.1265404841151924,0.6471453578929708
750,12.5,feeder2_461,0.14932851696790225,0.7336813764040714,0.14926546717120226,0.7333426279553357
750,12.5,feeder2_594,0.14126155579616997,0.6970251448003536,0.14120186537547713,0.6967030824522645
750,12.5,feeder2_732,0.12644851246198172,0.6473708191849828,0.12639437302033507,0.6470803046726549
750,12.5,feeder2_417,0.12692315571852855,0.653631944851934,0.12686331982696428,0.6533455438673998
750,12.5,feeder2_663,0.1261363676145103,0.6565077523735703,0.1260774084043732,0.6562174054644254
750,12.5,feeder2_444,0.1271236601596734,0.6573897457729203,0.12706330324241216,0.6571017386041728
750,12.5,feeder2_759,0.12985452539573442,0.6542696726267874,0.1297963458911532,0.6539820065796911
750,12.5,feeder2_842,0.1399242977385335,0.6821585416791233,0.1398550144085769,0.6818722780397399
750,12.5,feeder2_459,0.1268665254146406,0.6574332219323267,0.12681087793621457,0.6571417663815442
750,12.5,feeder2_702,0.12860926174170734,0.6555865046097501,0.12854769738323338,0.6552999738805488
750,12.5,feeder2_493,0.1257169159507356,0.6583474624466134,0.12565709060355043,0.6580551901724928
750,12.5,feeder2_651,0.14950271345304836,0.7340865655311077,0.14944159732114878,0.7337431887369199
750,12.5,feeder2_684,0.15574718292815734,0.7630875471987512,0.15568398408768347,0.7627314449352746
750,12.5,feeder2_674,0.12328538903694172,0.6590106860802797,0.1232298889764848,0.6587149909564384
750,12.5,feeder2_696,0.12591708794301354,0.6593059107927958,0.12585690355117027,0.6590146904969421
750,12.5,feeder2_681,0.11717819139455864,0.66040922916643,0.11712499033733421,0.6601091619913038
750,12.5,feeder2_682,0.12259004127027821,0.6597304716448663,0.12253266448105533,0.6594391551545781
750,12.5,feeder2_728,0.15697049563648163,0.7686722946424217,0.15690369367139914,0.7683182131797351
750,12.5,feeder2_724,0.15988299447388588,0.7803562434533299,0.15981895479215188,0.7799809682811871
750,12.5,feeder2_703,0.12600476581870562,0.6594823824052908,0.1259463086415873,0.6591912114190471
750,12.5,feeder2_704,0.12607016084389516,0.6596143546388459,0.12601305122097656,0.6593186556297107
750,12.5,feeder2_754,0.16030365400819144,0.779916090662972,0.16023906718523714,0.7795432633682631
750,12.5,feeder2_747,0.16156832922289235,0.7876296785418497,0.16150432604352374,0.7872477557214803
750,12.5,feeder2_828,0.15680607048411851,0.7685905308089506,0.1567362313633979,0.7682381627535209
750,12.5,feeder2_763,0.15885326875233688,0.7770635857320768,0.15878558572960536,0.7767087976977802
750,12.5,feeder2_836,0.16192228298042943,0.7883495055237996,0.16185734505383909,0.7879655500910828
750,12.5,feeder2_758,0.162961585381951,0.793574027853044,0.16289790640992666,0.7931879530345418
750,12.5,feeder2_788,0.16437982248227592,0.7920971241203355,0.1643089914120406,0.7917151360551258
750,12.5,feeder2_812,0.16692265514717844,0.8137712297672887,0.16684989516211735,0.8133712185218082
750,12.5,feeder2_947,0.1604779867550267,0.7753002245716254,0.1604134964559985,0.7749457737843051
750,12.5,feeder2_868,0.1596903250569125,0.7761768370517879,0.15962351172182457,0.7758240281190764
750,12.5,feeder2_785,0.1598116935733851,0.7830345261816205,0.15974772710951607,0.7826771081253844
750,12.5,feeder2_1176,0.17366822860449246,0.812181440919461,0.17358433148520483,0.8118263158016605
750,12.5,feeder2_846,0.15883430722189737,0.7831693818749988,0.15876844192715167,0.782810142023977
750,12.5,feeder2_911,0.15981724292621688,0.7829853096891052,0.1597529497604166,0.7826249206728697
750,12.5,feeder2_1107,0.16818648566144176,0.8265613534093802,0.16811913686013474,0.8261474671173309
750,12.5,feeder2_920,0.1676870166035113,0.8159261215002643,0.16761786390054198,0.8155171788622264
750,12.5,feeder2_926,0.16894057345857846,0.8194644550387443,0.16887032145805103,0.8190520526953106
750,12.5,feeder2_1239,0.1675572521380988,0.8155846084329873,0.16748853192052002,0.815173369684963
750,12.5,feeder2_933,0.1694499784412956,0.8213101678528721,0.1693840107905205,0.8208940745815061
750,12.5,feeder2_1146,0.1691636951130771,0.8182199372036032,0.16909602971998428,0.8178030422057262
750,12.5,feeder2_1124,0.16898374506107683,0.8218523941863582,0.1689129763639504,0.821436055073725
750,12.5,feeder2_942,0.17074227933106706,0.8254508011453061,0.17067225538086564,0.8250331114738438
750,12.5,feeder2_952,0.17241857151149703,0.8333807831097171,0.17235096327658497,0.8329484193388994
750,12.5,feeder2_965,0.1707738370881567,0.8252242080080638,0.170705582034821,0.8248041378282802
750,12.5,feeder2_961,0.17254712329742697,0.834890005530806,0.17248016684377787,0.8344564071803651
750,12.5,feeder2_963,0.17242998934734338,0.8332416791114973,0.1723614834143434,0.8328117573343097
750,12.5,feeder2_973,0.17333361622093077,0.8427133843018537,0.17326178043424412,0.8422775054116717
750,12.5,feeder2_1128,0.17237034241944132,0.8352396033879834,0.17230100653624753,0.8348098855148016
750,12.5,feeder2_1113,0.1729451901807631,0.8327072603297215,0.17287790849217358,0.8322763687947784
750,12.5,feeder2_1143,0.17297154042471768,0.825261994049447,0.17290633068791625,0.8248427581823706
750,12.5,feeder2_1238,0.17436714180084717,0.8215836512737731,0.17429727040848164,0.8211682894420292
750,12.5,feeder2_979,0.1707712354726032,0.8252160329642526,0.17070165266573173,0.824798538264953
750,12.5,feeder2_1236,0.17433726653185969,0.8533871520674245,0.1742665204667969,0.8529331872277599
750,12.5,feeder2_989,0.17333517806928275,0.8427225064568867,0.1732636268935089,0.8422831654053726
750,12.5,feeder2_1196,0.17071546893786202,0.825186913754303,0.17064291739930135,0.8247716889655964
750,12.5,feeder2_1158,0.17379433946202424,0.8438726666334141,0.1737195277933132,0.8434392491833343
750,12.5,feeder2_1122,0.1686529723254043,0.8314221022862852,0.16857832314517207,0.8310111340956631
750,12.5,feeder2_1258,0.16827898106293818,0.8267321680913021,0.1682074540899057,0.8263245013277142
750,12.5,feeder2_1303,0.1687264058216473,0.8313462320405585,0.16865831527750139,0.8309359492549238
750,12.5,feeder2_1138,0.16902322129532796,0.8352829232579567,0.16895608077939936,0.8348677987919826
750,12.5,feeder2_1304,0.168102444957765,0.8358340285741703,0.16803743931051218,0.8354178509678093
750,12.5,feeder2_1212,0.17005057468588866,0.8431339901441557,0.16997975922050176,0.8427161868834597
750,12.5,feeder2_1311,0.1717113055200309,0.841404530010343,0.17164083688714044,0.8409845687792178
750,12.5,feeder2_1290,0.17106969532166993,0.8542903937601807,0.17099449345933831,0.8538685164994246
750,12.5,feeder2_1325,0.17546087719744263,0.8664968331318803,0.17538583800659624,0.8660281212641637
750,12.5,feeder2_1248,0.17433995033047764,0.8533942918170208,0.17426931350297356,0.8529394229318871
750,12.5,feeder2_1249,0.17438264722108726,0.8215692618838273,0.1743146366002845,0.82114745630706
750,12.5,feeder2_1250,0.17685306754450306,0.8190686234630451,0.17678717177885858,0.8186493033841551
750,12.5,feeder2_1366,0.17439504399628136,0.8535381800699297,0.1743201055156267,0.8530870532403806
750,12.5,feeder2_1266,0.16834417682897013,0.8268426864092472,0.16827410250586883,0.8264342210782221
750,12.5,feeder2_1372,0.1722662837350636,0.8530422847901502,0.172195917903442,0.8526167235535222
750,12.5,feeder2_1363,0.17186912929394693,0.8680557962015919,0.1717950017555063,0.8676313774197805
750,12.5,feeder2_1446,0.17550143753159167,0.8664592355698484,0.17542662893940836,0.8659885456145483
750,12.5,feeder2_1502,0.17672464201772978,0.8812690228642525,0.17664357458254343,0.8807825556849013
750,12.5,feeder2_1428,0.17115967057897366,0.8687498112911798,0.1710897398952394,0.8683199445315898
750,12.5,feeder2_1380,0.17326438697103963,0.8838787121543676,0.1731903429809752,0.8834463285260951
750,12.5,feeder2_1550,0.17330863321122708,0.8838277760865382,0.173232822250081,0.8833973779550727
750,12.5,feeder2_1386,0.17395228222451659,0.891632171290331,0.17388014692029033,0.8911996774657859
750,12.5,feeder2_1551,0.1738378447489715,0.8915807552619797,0.17376282045474029,0.8911513643550624
750,12.5,feeder2_1400,0.17428554443649974,0.8953331317426254,0.17421105105617857,0.8948969389002872
750,12.5,feeder2_1552,0.17269491958164285,0.894642255741739,0.17262261562995268,0.8942034101622284
750,12.5,feeder2_1408,0.175133453956541,0.9034299574695573,0.17505944349519853,0.9029971147700165
750,12.5,feeder2_1553,0.17500588108201842,0.9033701001744104,0.1749286860746506,0.902937171135115
750,12.5,feeder2_1416,0.17558126427837006,0.9076615914248357,0.1755031290405929,0.9072289648147625
750,12.5,feeder2_1530,0.17564126141023628,0.9075916261766431,0.17556663338308467,0.9071556187288917
750,12.5,feeder2_1425,0.17643697622459265,0.9157600522130988,0.17635887151003865,0.9153264585557368
750,12.5,feeder2_1589,0.1746858318393337,0.9165339791902354,0.17461061402087988,0.9160957478007209
750,12.5,feeder2_1435,0.17665836132508023,0.9173392153329623,0.1765839583590485,0.9169054748730205
750,12.5,feeder2_1621,0.1837166391507655,0.9330044064621179,0.18363534233637888,0.9325663006239068
750,12.5,feeder2_1564,0.17621546366854188,0.9183684235228133,0.17613870978846316,0.9179327772650693
750,12.5,feeder2_1704,0.1761757161556615,0.8819647634694626,0.17609406581615739,0.8814811534475051
750,12.5,feeder2_1525,0.17704705387326633,0.8847809636338797,0.17697037027959087,0.8842852074592156
750,12.5,feeder2_1716,0.18591992797752102,0.9106788446154643,0.185820115784241,0.910188929491061
750,12.5,feeder2_1537,0.1767937919024975,0.8847233990716236,0.17671673839293128,0.8842243637533165
750,12.5,feeder2_1645,0.17608840855515534,0.8852187040869708,0.1760088604209112,0.8847181686936051
750,12.5,feeder2_1561,0.17664585081748146,0.8844482271852456,0.17656835207465615,0.8839411583757527
750,12.5,feeder2_1657,0.17720796525583835,0.8839242968100998,0.17713187366204308,0.88341701774243
750,12.5,feeder2_1570,0.17657689541093038,0.8844402559010872,0.1764948680068416,0.8839327518784925
750,12.5,feeder2_1756,0.17974860572312815,0.881145589285068,0.17966833565929152,0.8806386352542619
750,12.5,feeder2_1588,0.1764742793722573,0.8846427158335562,0.17639341765185843,0.8841312521723859
750,12.5,feeder2_1628,0.17690424602178983,0.8842400034485467,0.17682690975795937,0.8837292329839548
750,12.5,feeder2_1598,0.17633896213678105,0.885000162694799,0.17625694422844027,0.884487785006843
750,12.5,feeder2_1816,0.17795573700875766,0.8891826010728372,0.1778723164479282,0.8886696206397088
750,12.5,feeder2_1765,0.17642626431835007,0.8852071329416616,0.1763458313750355,0.8846906742160562
750,12.5,feeder2_1641,0.17544581452857821,0.8853879681353597,0.17536473141302336,0.8848571389012125
750,12.5,feeder2_1689,0.17469087502829928,0.885795113490336,0.17460800841679283,0.8852483364534383
750,12.5,feeder2_1744,0.17550914108891,0.8853318369132052,0.175429758692596,0.8847951961019191
750,12.5,feeder2_1817,0.1744397139709969,0.8862994803778482,0.1743575361692364,0.885748334394686
750,12.5,feeder2_1779,0.17472453222423667,0.8858630211716554,0.17464262120232082,0.8853136392658427
750,12.5,feeder2_1800,0.17411915543726367,0.8863785758784446,0.1740411241754582,0.8858260858778512
750,12.5,feeder2_1818,0.17250273382212136,0.8810426902318261,0.17243609649263444,0.8804607903183957
750,12.5,feeder2_1753,0.17562178889891478,0.885235402985213,0.17554052399298012,0.8847049161558788
750,12.5,feeder2_1754,0.17552849416433525,0.8853140207576468,0.17544610273790998,0.8847803530108093
780,13.0,secondary,0.03627027934709108,0.02885975538538823,0.03624765984952013,0.028832494812647606
780,13.0,feeder2_44,0.06765781125100094,0.15087548845283869,0.06761179444021648,0.1507218303765487
780,13.0,feeder2_45,0.06884070145900197,0.15562365248465215,0.06879505148110479,0.15546732516076534
780,13.0,feeder2_46,0.0675446975084348,0.15078727375391776,0.06750036078150941,0.15063312011525284
780,13.0,feeder2_51,0.07013330659404249,0.16011859102044756,0.07008221465880324,0.15995505992172376
780,13.0,feeder2_48,0.09011024291204525,0.17984337850031928,0.09006932867107025,0.17968902259397684
780,13.0,feeder2_52,0.07376086617350927,0.1534796558851835,0.07371358500495237,0.15331655099766922
780,13.0,feeder2_68,0.07383433550109884,0.17520419541230428,0.07378232731341777,0.1750140386042519
780,13.0,feeder2_69,0.07044616670755802,0.1750999043389403,0.07039405835313424,0.17490557821758393
780,13.0,feeder2_71,0.07435940318239273,0.17723677400137391,0.07431034350977035,0.17704459145735804
780,13.0,feeder2_72,0.0778901066804147,0.18177573876118977,0.07783862015045048,0.1815892004709579
780,13.0,feeder2_73,0.07588625989474813,0.18303343123831994,0.07583604405728404,0.1828316598021257
780,13.0,feeder2_74,0.07584591940258315,0.18296752583089537,0.07579155928842693,0.1827670354535919
780,13.0,feeder2_77,0.07721012439262911,0.18802356736808007,0.07715292907983975,0.18781641375129568
780,13.0,feeder2_79,0.07527970480100526,0.18789867388085144,0.07522681310811559,0.1876855329287794
780,13.0,feeder2_81,0.0794296442341162,0.19608865541461368,0.07937419848507841,0.1958714322218485
780,13.0,feeder2_82,0.08030883768461321,0.19705138079492346,0.08025066065754873,0.19683522142336912
780,13.0,feeder2_116,0.0893949375301284,0.23170572150502258,0.08933112337023479,0.23143940399307172
780,13.0,feeder2_119,0.086105542969221,0.22518460187717199,0.08602896792451638,0.22494364595866964
780,13.0,feeder2_120,0.09449816030841171,0.24800809453151906,0.09443232080181442,0.247712852367478
780,13.0,feeder2_248,0.09549830656975497,0.2460183058184826,0.09542768485334882,0.24572591529069787
780,13.0,feeder2_124,0.09768106866318123,0.2588510860279597,0.09761466927154426,0.2585367744545741
780,13.0,feeder2_282,0.09919762236167479,0.26043750090891493,0.0991280974038004,0.2601226960209733
780,13.0,feeder2_275,0.09762584864725522,0.2588013752893211,0.09755631307220755,0.25848601637089863
780,13.0,feeder2_151,0.10313608241638984,0.2768450229120594,0.10306111211269631,0.27649824338762824
780,13.0,feeder2_295,0.10259307665937524,0.27622273651741974,0.10252334710851443,0.2758740635475348
780,13.0,feeder2_311,0.10307679463904193,0.2767744325832171,0.10300608081620585,0.27642650346312075
780,13.0,feeder2_201,0.1124091829215252,0.30804335992688053,0.11233146708782984,0.30764611136618125
780,13.0,feeder2_314,0.11321607665899713,0.30897167364102407,0.11314137265071088,0.3085732350970181
780,13.0,feeder2_342,0.12527900271397974,0.3503936064348374,0.12519653070833067,0.34991666905840574
780,13.0,feeder2_368,0.12313097770249445,0.3458168023009006,0.12304610484121059,0.34536258375735085
780,13.0,feeder2_347,0.13537525724372068,0.3809538349532206,0.1352925066943184,0.38039881799911507
780,13.0,feeder2_353,0.13985532958573768,0.3940424768363013,0.13977159734974398,0.3934502787804068
780,13.0,feeder2_518,0.1404693473751649,0.3860685866280909,0.14038973777638522,0.38551848676920875
780,13.0,feeder2_365,0.14488102994093754,0.40907848384437756,0.1447985848510276,0.4084427135624755
780,13.0,feeder2_653,0.13979724765947826,0.393983002257506,0.13971379578933332,0.39339173235925795
780,13.0,feeder2_377,0.1477666965979969,0.4170304813966955,0.14768161443586086,0.41637667722538246
780,13.0,feeder2_622,0.1417122785625977,0.41090850553333463,0.14162804011214447,0.41027030063673764
780,13.0,feeder2_451,0.1232256092101666,0.34591563961028554,0.12314138291577975,0.34545938985233854
780,13.0,feeder2_383,0.11971704205583363,0.3393060419922417,0.11962964564639328,0.338889921498885
780,13.0,feeder2_385,0.1510903313635958,0.4265061183541598,0.15100935343540006,0.42582530948444586
780,13.0,feeder2_621,0.14735761229484023,0.4165579537157557,0.14727579607308874,0.4158994267401296
780,13.0,feeder2_611,0.11448532133505307,0.3338519277841102,0.11439032510467306,0.3334596670307006
780,13.0,feeder2_405,0.11964551872455965,0.3391825421930249,0.11955845524309673,0.3387674720100834
780,13.0,feeder2_461,0.1648172205636133,0.46843753642895564,0.16473026809457134,0.4676650652231779
780,13.0,feeder2_594,0.1514757478204368,0.42518159233747777,0.15139149748121916,0.4245018475148583
780,13.0,feeder2_732,0.11939180135577532,0.33894686872082747,0.11930484224109003,0.33853170162075175
780,13.0,feeder2_417,0.11913368213788272,0.3383296077096394,0.11904978013772916,0.33792239366454224
780,13.0,feeder2_663,0.11908799380949753,0.33826624384330073,0.11900084027235822,0.3378583772942153
780,13.0,feeder2_444,0.11874851182137526,0.3377449154113624,0.11866046749727252,0.33734504671994003
780,13.0,feeder2_759,0.12212788968487345,0.3418564714153208,0.12204367338168193,0.3414644548176289
780,13.0,feeder2_842,0.11791070452065036,0.33676039823851334,0.11782403490580243,0.3363601302700302
780,13.0,feeder2_459,0.11854294426977281,0.3373377999690299,0.11845371594047546,0.3369423870872511
780,13.0,feeder2_702,0.11962594494835067,0.33850725127526626,0.11954120816953981,0.3381083053662291
780,13.0,feeder2_493,0.11764198353827156,0.3353663528242894,0.1175540011904182,0.3349775987848016
780,13.0,feeder2_651,0.16479929833610252,0.4684194686918841,0.16471648702003058,0.46764441480910185
780,13.0,feeder2_684,0.17611048524855155,0.5036970981202987,0.17602430184301637,0.5028532286866964
780,13.0,feeder2_674,0.11650382515786169,0.3339995287709568,0.1164140069052727,0.3336162734988378
780,13.0,feeder2_696,0.1175959942404364,0.33475137054580695,0.11750818057598761,0.33436256742669
780,13.0,feeder2_681,0.11377735516704048,0.3304054768489036,0.11367940958452569,0.3300394483461479
780,13.0,feeder2_682,0.11646614337389163,0.3339750776788767,0.11637706764708974,0.33359196271137875
780,13.0,feeder2_728,0.17710085806176584,0.5067238882265257,0.1770136615053422,0.505880732248942
780,13.0,feeder2_724,0.18613663430049582,0.5339422105847812,0.18604749234104664,0.5330159976884925
780,13.0,feeder2_703,0.11750888146545332,0.3346347853972433,0.11742266510452343,0.33424459126067646
780,13.0,feeder2_704,0.11746628772030089,0.3345734808150071,0.11737816698515804,0.3341817171910311
780,13.0,feeder2_754,0.19638534843783936,0.5442558433346878,0.19629585112175088,0.5433330131221231
780,13.0,feeder2_747,0.18933593366774615,0.5410315727889299,0.18925062972544768,0.5400682743886392
780,13.0,feeder2_828,0.1767446281600719,0.5063462370766876,0.17665922835114226,0.5055051464492921
780,13.0,feeder2_763,0.17876359246784795,0.5117373806789353,0.17867508621801842,0.5109005104380968
780,13.0,feeder2_836,0.185893391364918,0.53915791531288,0.18581668025827386,0.5381850041791615
780,13.0,feeder2_758,0.19189561853609005,0.5486524759036414,0.19181030180968453,0.5476661551935844
780,13.0,feeder2_788,0.19298888354889016,0.5491355017137186,0.1929022117075157,0.5481540716257638
780,13.0,feeder2_812,0.19942053393011638,0.5716776479039325,0.19933042605431076,0.5706229983846505
780,13.0,feeder2_947,0.19055427132180686,0.5219777140732317,0.19046934516099132,0.5211496059926877
780,13.0,feeder2_868,0.1794720146060787,0.5124640630574483,0.17938643729031784,0.5116293238054045
780,13.0,feeder2_785,0.17890323465682695,0.5119599108323382,0.17881667014369063,0.5111230937581305
780,13.0,feeder2_1176,0.17850743781176504,0.5115933303514361,0.17842400868694805,0.5107554293691767
780,13.0,feeder2_846,0.17835728716815724,0.5113060492389001,0.17826902617473467,0.510471890750745
780,13.0,feeder2_911,0.1794809152758036,0.5134226887840628,0.17939552181863583,0.5125899662777694
780,13.0,feeder2_1107,0.19730187894438292,0.5570395289696742,0.19721514742158794,0.555979850779602
780,13.0,feeder2_920,0.20212334960459963,0.5822565132088596,0.20203280519343916,0.5811805178813232
780,13.0,feeder2_926,0.20631042415844716,0.59912193995723,0.20621688425081458,0.5980161430712313
780,13.0,feeder2_1239,0.20194059365593675,0.5810222896730834,0.20184614063728226,0.5799501456915738
780,13.0,feeder2_933,0.2081625236396245,0.606585281549922,0.20807188453496783,0.6054705855665823
780,13.0,feeder2_1146,0.2063270642826702,0.5992371663752316,0.20623651376895305,0.5981336383200311
780,13.0,feeder2_1124,0.20815084579465307,0.6065733489936505,0.20805993929292194,0.6054582250442461
780,13.0,feeder2_942,0.21285275328337272,0.6255493780916284,0.21275861056148127,0.6244008241298903
780,13.0,feeder2_952,0.21662673459958212,0.6394279371076593,0.2165327018224614,0.6382243887561175
780,13.0,feeder2_965,0.21326519977829242,0.6274254540666334,0.21317048815790238,0.6262758515270058
780,13.0,feeder2_961,0.2168598529511528,0.639957331035574,0.2167654451354124,0.6387463896543207
780,13.0,feeder2_963,0.2166648847405727,0.6396435879783595,0.21657003404837988,0.6384419580720698
780,13.0,feeder2_973,0.21812621723726586,0.6429627211975998,0.21803116496150274,0.6417219170535482
780,13.0,feeder2_1128,0.2168469086812272,0.639911273548233,0.21675072603461334,0.638705042312522
780,13.0,feeder2_1113,0.21671080410132332,0.6396911231782781,0.21661675198968677,0.6384901983001674
780,13.0,feeder2_1143,0.21931505859198913,0.6545714518797884,0.21921825649308166,0.653375278949981
780,13.0,feeder2_1238,0.24766487429865755,0.6560812718446221,0.24757112196023318,0.6549545848640692
780,13.0,feeder2_979,0.2132622800337298,0.6274153721862072,0.21316707593994616,0.6262695757788486
780,13.0,feeder2_1236,0.2201483857864182,0.6473046492361236,0.2200545940457107,0.6460155375786776
780,13.0,feeder2_989,0.21812551674374828,0.6429681526196876,0.21803328775867248,0.6417249195448669
780,13.0,feeder2_1196,0.21322069943547356,0.6273701011792654,0.21312631640491037,0.6262239191296162
780,13.0,feeder2_1158,0.21676405431130782,0.6438411920917062,0.21666963008281576,0.6425964268149784
780,13.0,feeder2_1122,0.19645887992904104,0.5514443290804494,0.19636990954122716,0.5503846488165041
780,13.0,feeder2_1258,0.19715986520689655,0.556968450992839,0.19707105625425217,0.5559113675873804
780,13.0,feeder2_1303,0.19723583908746994,0.5522157226622357,0.1971478843874685,0.5511568538704534
780,13.0,feeder2_1138,0.195749847994765,0.5467533921106745,0.1956608039225956,0.5456922430818487
780,13.0,feeder2_1304,0.18919429752513536,0.5384521232285328,0.1891002615937988,0.5374003148641686
780,13.0,feeder2_1212,0.19595500385208384,0.5432171272259048,0.195866018764566,0.5421526422963857
780,13.0,feeder2_1311,0.19730507528286428,0.5445501851387833,0.19721894068280527,0.5434829965371896
780,13.0,feeder2_1290,0.19603850171471668,0.537839668014005,0.1959500161481022,0.5367640711940842
780,13.0,feeder2_1325,0.2222034307285182,0.6551812532165584,0.2221054717285899,0.6538402573479708
780,13.0,feeder2_1248,0.2201334219144353,0.6473036266738942,0.22003979232271711,0.6460141542224469
780,13.0,feeder2_1249,0.25675252875112453,0.6639232869441491,0.25665995408244224,0.6628003906089072
780,13.0,feeder2_1250,0.24994568712464588,0.6576429285886887,0.24985136934723298,0.6565201612824697
780,13.0,feeder2_1366,0.22010352137275296,0.6472962047100121,0.22000889850048605,0.6460063132609662
780,13.0,feeder2_1266,0.1970324922858262,0.5569110787674942,0.19694452944484733,0.5558515986281911
780,13.0,feeder2_1372,0.19629849739131355,0.5381068039524243,0.1962148390538375,0.5370303897105315
780,13.0,feeder2_1363,0.1960882467433176,0.5318515019908467,0.19600393647652034,0.5307628624691643
780,13.0,feeder2_1446,0.22245505145849573,0.6554223735895333,0.22235992442490002,0.65408043049471
780,13.0,feeder2_1502,0.22448761392233219,0.6639340821915654,0.22438999192548265,0.662529293941255
780,13.0,feeder2_1428,0.19602375264698227,0.531778418023948,0.19593983832588485,0.5306917661863889
780,13.0,feeder2_1380,0.19620364695135906,0.5249391429537539,0.19612317233503804,0.5238409476515732
780,13.0,feeder2_1550,0.19629983868881332,0.5250447255534555,0.19621991003150635,0.5239438909932177
780,13.0,feeder2_1386,0.1962631614967843,0.5216138853695368,0.19618288675748666,0.5205072766521625
780,13.0,feeder2_1551,0.1965225603649478,0.519740769758172,0.19643978429243142,0.5186364501597146
780,13.0,feeder2_1400,0.19633145471450075,0.520504619280905,0.19625377521188414,0.5193960700637062
780,13.0,feeder2_1552,0.19542094224636167,0.5173734856721653,0.1953376455546167,0.5162642790897192
780,13.0,feeder2_1408,0.19673462643522208,0.5198579403838786,0.1966571301747537,0.5187454702305613
780,13.0,feeder2_1553,0.19663410957335598,0.5197491489798957,0.19655592249730997,0.5186331759147396
780,13.0,feeder2_1416,0.19695545200401118,0.5195715289055742,0.19687634272122606,0.5184569186846573
780,13.0,feeder2_1530,0.19858502437934805,0.5199343907092666,0.19851170537029955,0.5188173020088882
780,13.0,feeder2_1425,0.19715453888676476,0.5188070626353047,0.19708014583475153,0.5176838113481791
780,13.0,feeder2_1589,0.1963079539078792,0.5177643944821408,0.1962315178359917,0.5166391272539597
780,13.0,feeder2_1435,0.197219752373459,0.5187594386492025,0.1971461869090188,0.5176356515348889
780,13.0,feeder2_1621,0.19310577675371893,0.5201078904344726,0.19304273261761923,0.5189708016120601
780,13.0,feeder2_1564,0.19719115085987368,0.5186541773543333,0.1971157239181035,0.5175293856014256
780,13.0,feeder2_1704,0.22344245215790767,0.6648943711348181,0.22334547787133036,0.6634889203279951
780,13.0,feeder2_1525,0.22513098483650995,0.665896004195537,0.22503319329893384,0.6644770450217711
780,13.0,feeder2_1716,0.2216678699477128,0.6665911336235718,0.2215885496276392,0.6651581574222095
780,13.0,feeder2_1537,0.2256623512726986,0.6683254095525811,0.22555989336738055,0.6668942433696893
780,13.0,feeder2_1645,0.2251860232155914,0.6670799869642671,0.22508463713740218,0.6656460731309863
780,13.0,feeder2_1561,0.2263827285770338,0.6717678414086191,0.22628198882736775,0.6703146667979645
780,13.0,feeder2_1657,0.2343902792044143,0.679297134182477,0.2342857917577944,0.6778482792125398
780,13.0,feeder2_1570,0.2263922446995641,0.6713428758329577,0.22628742555508588,0.6698860317384852
780,13.0,feeder2_1756,0.22892694119494061,0.6737234693010733,0.22882326305375691,0.6722683841688176
780,13.0,feeder2_1588,0.2263765916954683,0.670788317474646,0.22627527321719831,0.6693224459172037
780,13.0,feeder2_1628,0.22765717864668128,0.671492346844785,0.2275532537039888,0.6700267711002802
780,13.0,feeder2_1598,0.22628018377952253,0.6698601262594712,0.2261770370764881,0.6683855073368686
780,13.0,feeder2_1816,0.2210457922951556,0.6721608677033878,0.22098309159482385,0.6706531759056313
780,13.0,feeder2_1765,0.2262517588029366,0.6698496527539972,0.22614947611850933,0.6683709073770421
780,13.0,feeder2_1641,0.2250329033463378,0.6661539385218112,0.2249257966136133,0.664640011635532
780,13.0,feeder2_1689,0.22353151151501463,0.6616838486559825,0.22342127779286092,0.6601409459288945
780,13.0,feeder2_1744,0.22635118509560037,0.666886764591741,0.22624418161041163,0.6653752232098216
780,13.0,feeder2_1817,0.22347608276987674,0.6614780457389312,0.2233639054515814,0.6599324003939964
780,13.0,feeder2_1779,0.22352826478343624,0.6616734434392522,0.2234150843106496,0.6601296223143329
780,13.0,feeder2_1800,0.21904520167895508,0.654660041239876,0.21892763825023578,0.653115901857734
780,13.0,feeder2_1818,0.21643571326876943,0.6595695709086701,0.21627612130168442,0.6579535827169425
780,13.0,feeder2_1753,0.2274442693367837,0.6679197756009229,0.22733875535986553,0.6664057262799027
780,13.0,feeder2_1754,0.22702467498899592,0.6671698234163548,0.22691761219611667,0.6656567037061115
810,13.5,secondary,0.052170978407540126,0.0626687720378208,0.05215888031413315,0.0626548301355659
810,13.5,feeder2_44,0.0972027918089538,0.32723514595797765,0.0971744773740391,0.3271532192441762
810,13.5,feeder2_45,0.09895495141133695,0.3372823940213008,0.09892591246184985,0.3371968486155673
810,13.5,feeder2_46,0.09416742031636657,0.3300781532087526,0.09413967548019896,0.3299950127139497
810,13.5,feeder2_51,0.10191367408913143,0.35438917874785253,0.10188371208355523,0.35429971880957495
810,13.5,feeder2_48,0.10116981851017684,0.3394062691913948,0.10113974803788862,0.3393200343949175
810,13.5,feeder2_52,0.10175731372730218,0.3531799802690701,0.10172372964111506,0.3530906134288381
810,13.5,feeder2_68,0.11035622682652449,0.4030478680202386,0.1103252723509647,0.4029465526918333
810,13.5,feeder2_69,0.1102276257588581,0.40303594955134064,0.11019568738892828,0.4029327321093222
810,13.5,feeder2_71,0.11147967733553169,0.40950203807744695,0.1114470470262078,0.4093988184470745
810,13.5,feeder2_72,0.11170559020439916,0.4097315198013687,0.11167507732410789,0.4096274769652137
810,13.5,feeder2_73,0.1149954915562085,0.42968015303753143,0.11495977029162194,0.4295684188840474
810,13.5,feeder2_74,0.1161785424513047,0.42793103808100436,0.11614381935530979,0.42781984760165764
810,13.5,feeder2_77,0.11800739739720398,0.4472815786580943,0.11797296855382186,0.4471693151081019
810,13.5,feeder2_79,0.11792162786426598,0.4472726364750999,0.11788835537044375,0.44715840393487705
810,13.5,feeder2_81,0.12278513170998406,0.4751341206010509,0.12274863504766186,0.4750151070141487
810,13.5,feeder2_82,0.12538169837652857,0.47742686995033534,0.1253448559853251,0.4773073893804645
810,13.5,feeder2_116,0.14355039088402147,0.5974549455689677,0.14351089295218772,0.5973026521614904
810,13.5,feeder2_119,0.14353416321894105,0.5973977076350622,0.14349247486276698,0.5972461611189822
810,13.5,feeder2_120,0.15130373573366893,0.6428467223621547,0.15125873643381457,0.6426784479885642
810,13.5,feeder2_248,0.15126358762268483,0.6427497808665024,0.1512162502075636,0.6425836859493965
810,13.5,feeder2_124,0.15609290558528283,0.6708146141014745,0.15604817835885693,0.6706394980482023
810,13.5,feeder2_282,0.162763848727436,0.6766112274108214,0.16271919902161808,0.6764396034748432
810,13.5,feeder2_275,0.1560521383329871,0.6707151070969068,0.15600679755264807,0.6705420735297251
810,13.5,feeder2_151,0.16338181427914492,0.715726283837105,0.16333733833747222,0.7155394068784438
810,13.5,feeder2_295,0.1584363881980207,0.7175025601943915,0.15838702286686238,0.7173145749994221
810,13.5,feeder2_311,0.16331003600723,0.71571039786445,0.16326238187879433,0.715521218001936
810,13.5,feeder2_201,0.17654778961747059,0.788751953335168,0.1764945924447285,0.7885426082633875
810,13.5,feeder2_314,0.17663297976916106,0.788836289037429,0.17658303682071488,0.7886288164700397
810,13.5,feeder2_342,0.195222527977451,0.8923857084014071,0.1951663877095609,0.8921482988145256
810,13.5,feeder2_368,0.19672462677789085,0.8962046224455477,0.19666792937324368,0.8959655623189183
810,13.5,feeder2_347,0.202567011039105,0.9361611081748586,0.20250452621133358,0.9359107034389812
810,13.5,feeder2_353,0.20609954968948513,0.9573036870957846,0.20603729877689378,0.9570441951505338
810,13.5,feeder2_518,0.20379455953492212,0.9373655517358916,0.203736273442967,0.9371136134538682
810,13.5,feeder2_365,0.2100355104569783,0.9807972632738717,0.20997056010427598,0.9805260366341563
810,13.5,feeder2_653,0.20606458515627954,0.9572201994944061,0.2060009034597461,0.9569616786345633
810,13.5,feeder2_377,0.2123394698103355,0.9929530764609609,0.2122740165130285,0.9926775629384434
810,13.5,feeder2_622,0.20684911059362623,0.9833676226687185,0.20678482847934138,0.983098766833705
810,13.5,feeder2_451,0.19681831252348309,0.8962984718792741,0.19675828519755248,0.896061629063126
810,13.5,feeder2_383,0.19914140903567584,0.9023183026038825,0.19908048635969183,0.9020824517012666
810,13.5,feeder2_385,0.21521751065987277,1.0065750681714611,0.21515209723586615,1.0062956788605675
810,13.5,feeder2_621,0.20722768740714126,0.9946802279781625,0.2071619384662334,0.9944063692470511
810,13.5,feeder2_611,0.1992043682562822,0.9016949323163194,0.1991447550771044,0.9014564573684611
810,13.5,feeder2_405,0.19929491899773882,0.9027331602431817,0.19923580336419486,0.902499158785496
810,13.5,feeder2_461,0.2269317468351808,1.0620471780389455,0.22686218783577455,1.0617482174793413
810,13.5,feeder2_594,0.21518659902067064,1.0065138264541131,0.21512178827543396,1.0062345462453737
810,13.5,feeder2_732,0.20085132414098872,0.8986150466786885,0.2007939910869804,0.8983779957232134
810,13.5,feeder2_417,0.20043617348391055,0.906763676781191,0.20037967132209875,0.90652942631629
810,13.5,feeder2_663,0.200377849008584,0.9067477207277637,0.2003212730620419,0.906513663576496
810,13.5,feeder2_444,0.20130686511016546,0.9098371206737572,0.20125041406346406,0.9096014086578199
810,13.5,feeder2_759,0.20226100717975853,0.9107801153615095,0.20220416572734132,0.9105426429123278
810,13.5,feeder2_842,0.20103183009015582,0.9097697545445318,0.20097299859728937,0.9095357909811761
810,13.5,feeder2_459,0.20159637086305873,0.9108573423300265,0.20153810299884434,0.9106241652222196
810,13.5,feeder2_702,0.21301121878043905,0.9221050415209027,0.21295409519299652,0.9218699207597205
810,13.5,feeder2_493,0.20137288455634356,0.9101567123544614,0.20131379067734168,0.9099209239916657
810,13.5,feeder2_651,0.22690067425319332,1.0620391137877607,0.22683057773562462,1.0617410848403506
810,13.5,feeder2_684,0.2364693763206179,1.1072638948333375,0.23639832453573972,1.1069511093363664
810,13.5,feeder2_674,0.2014005364765794,0.9094629022569187,0.20133870438161997,0.9092290683630415
810,13.5,feeder2_696,0.20098003033937806,0.9111120961315275,0.2009221379260441,0.9108771309854078
810,13.5,feeder2_681,0.20108394992547535,0.9082495095990814,0.20102267687346886,0.9080147658438598
810,13.5,feeder2_682,0.20200696908323273,0.908428475134879,0.2019499790338504,0.9081925063203072
810,13.5,feeder2_728,0.23807964368948,1.1120992511604562,0.23800571369162346,1.1117872822390553
810,13.5,feeder2_724,0.24387011373761358,1.1424078950519156,0.24379409218298406,1.142077610439608
810,13.5,feeder2_703,0.2008717273123932,0.9110855982089275,0.2008120412865363,0.9108510940675449
810,13.5,feeder2_704,0.20047668008567887,0.9115123724980098,0.2004195191705768,0.9112790979158856
810,13.5,feeder2_754,0.24502110204942582,1.1434870098144416,0.24494372787404062,1.1431550931641237
810,13.5,feeder2_747,0.24676756999483512,1.1561530897000805,0.24668914741452466,1.1558162627182695
810,13.5,feeder2_828,0.23820213734743784,1.109218626578998,0.238130133677498,1.1089051025007175
810,13.5,feeder2_763,0.24081684216276164,1.123470282535004,0.24074146764901438,1.1231569470807494
810,13.5,feeder2_836,0.23961732769844407,1.1549058654821875,0.23953942463956468,1.1545615397337623
810,13.5,feeder2_758,0.24942255305942387,1.1691210359129984,0.24934445415060819,1.1687795175690647
810,13.5,feeder2_788,0.2503907447472923,1.170070719259599,0.2503114177481035,1.1697258730085176
810,13.5,feeder2_812,0.257337791408958,1.207930030590189,0.25725571910081163,1.2075721328451072
810,13.5,feeder2_947,0.24357120567480633,1.1261978574227487,0.24349730973677536,1.1258895103832351
810,13.5,feeder2_868,0.24181366853153538,1.1244546795156634,0.24174094054278603,1.1241421888049963
810,13.5,feeder2_785,0.2420896689620978,1.1289892129028452,0.24201838140565599,1.1286783501045505
810,13.5,feeder2_1176,0.23725620389639943,1.1311550391241099,0.23718169069802766,1.1308415340780475
810,13.5,feeder2_846,0.2416696375763377,1.1279421716446958,0.24159798075865008,1.1276322083192174
810,13.5,feeder2_911,0.24571590844003321,1.1417137810933695,0.2456417237251538,1.1414032829233989
810,13.5,feeder2_1107,0.2554008597862884,1.2028241047982056,0.25531756604477257,1.2024693931686135
810,13.5,feeder2_920,0.26009035496070093,1.220248471279518,0.2600080234698514,1.2198887228490698
810,13.5,feeder2_926,0.2642998411373033,1.2397585722937512,0.2642143951520444,1.2393894533433583
810,13.5,feeder2_1239,0.25996361247564764,1.2189024109151185,0.2598810338290427,1.2185390745682758
810,13.5,feeder2_933,0.2660974513865025,1.2482662774268258,0.2660082652303178,1.2478964173713958
810,13.5,feeder2_1146,0.2646115553165739,1.2403925989995996,0.2645261800739438,1.2400264316468341
810,13.5,feeder2_1124,0.2660673982885874,1.2482532435519333,0.26598295220723117,1.247882631038287
810,13.5,feeder2_942,0.270649022751715,1.269830821669018,0.2705581850808605,1.269455866296087
810,13.5,feeder2_952,0.27461509417730245,1.2900942026090259,0.2745220105683384,1.2897054296657382
810,13.5,feeder2_965,0.27100618439535995,1.2713317264228825,0.2709174834075396,1.270951531402315
810,13.5,feeder2_961,0.2748525775990465,1.291462273699272,0.27476135882704966,1.291072091627271
810,13.5,feeder2_963,0.27465609689198905,1.2902702446685002,0.2745630703537728,1.2898796935705918
810,13.5,feeder2_973,0.27611637097796443,1.299217561335189,0.27602297673320947,1.2988175316238681
810,13.5,feeder2_1128,0.2748537423476101,1.29063376121464,0.27476227416565563,1.2902390484842823
810,13.5,feeder2_1113,0.2750079874593803,1.290486316734238,0.27491782766592976,1.2900991896566962
810,13.5,feeder2_1143,0.2771156453598522,1.3017303053271634,0.2770244970558269,1.3013430769896668
810,13.5,feeder2_1238,0.29765766183155173,1.2973379893321662,0.29756635968901746,1.2969646685079237
810,13.5,feeder2_979,0.27100733111484127,1.27110234067189,0.2709167913365245,1.2707268796937548
810,13.5,feeder2_1236,0.2780252681897247,1.3109960809750716,0.27793115756396786,1.310585935948915
810,13.5,feeder2_989,0.27611622049034795,1.2992158475356512,0.27602019633673963,1.298817334814931
810,13.5,feeder2_1196,0.2714963954594379,1.2701736229733818,0.27140836080441477,1.2697986138329045
810,13.5,feeder2_1158,0.2756355134240854,1.2990855352787856,0.2755408651684789,1.2986828855249088
810,13.5,feeder2_1122,0.2549397343559696,1.1999498829772932,0.2548579904867193,1.1995946683701586
810,13.5,feeder2_1258,0.2532940745008339,1.2041071629264346,0.2532090635832955,1.2037535081894666
810,13.5,feeder2_1303,0.2565693523434152,1.2012562697532057,0.2564879654429012,1.2009032658753587
810,13.5,feeder2_1138,0.25440899770976794,1.197173667536125,0.2543263420045112,1.1968185300947423
810,13.5,feeder2_1304,0.25439123583451534,1.197137323477252,0.2543113158427101,1.196783650668869
810,13.5,feeder2_1212,0.2532925717699461,1.191339762720501,0.25320874937198806,1.1909833552682465
810,13.5,feeder2_1311,0.2558825038722053,1.1938514127923772,0.2557994019064509,1.1934981480836382
810,13.5,feeder2_1290,0.2514526997143038,1.182010269948453,0.2513712930410111,1.181656374098255
810,13.5,feeder2_1325,0.28073847867823387,1.3274891801394193,0.2806381617061107,1.3270629461297228
810,13.5,feeder2_1248,0.27801852689884304,1.3109954786403133,0.2779228600413159,1.3105853599118857
810,13.5,feeder2_1249,0.298529992069346,1.2980840046238546,0.29844292098600433,1.2977102060429437
810,13.5,feeder2_1250,0.31429761550264734,1.3138364526726765,0.3142063325591621,1.3134652821394255
810,13.5,feeder2_1366,0.2779392215930272,1.3109715420416355,0.2778412908345409,1.3105593272779275
810,13.5,feeder2_1266,0.2521578780369183,1.2046770465193926,0.25207391967799064,1.204321300293198
810,13.5,feeder2_1372,0.25216580419724655,1.1827532648720014,0.25208525745873145,1.1824026148041966
810,13.5,feeder2_1363,0.24929545216616877,1.1709662332178945,0.2492123153054407,1.1706164093862315
810,13.5,feeder2_1446,0.2820404031358211,1.328478421399105,0.28194284387748836,1.3280536017722235
810,13.5,feeder2_1502,0.2832774572694775,1.3445605482531926,0.2831780415200403,1.3441186017644038
810,13.5,feeder2_1428,0.24925955061394262,1.1708985527779843,0.2491762993796447,1.1705501329670611
810,13.5,feeder2_1380,0.24670254817096177,1.1576894966117144,0.24661882033346666,1.1573443251032276
810,13.5,feeder2_1550,0.24847679083564428,1.1589184146663505,0.24839502135626146,1.158569302633467
810,13.5,feeder2_1386,0.24512610398910065,1.1504734294295047,0.24504280808987006,1.1501230226947055
810,13.5,feeder2_1551,0.24507738926933648,1.1503855519577433,0.24499642302312574,1.1500378778981766
810,13.5,feeder2_1400,0.24438180152256905,1.1470639183578188,0.2443005911077602,1.1467167455317648
810,13.5,feeder2_1552,0.24393684772281254,1.1461233435598521,0.24385190355133607,1.1457792324977396
810,13.5,feeder2_1408,0.24294684529189772,1.140458565391714,0.24286345937525705,1.1401119434096056
810,13.5,feeder2_1553,0.24288962337935227,1.1403628970712036,0.24280756621183097,1.1400146719857625
810,13.5,feeder2_1416,0.24220523058848067,1.1370403870557988,0.24212333633598643,1.1366929230996816
810,13.5,feeder2_1530,0.24303262712521467,1.1375746778986011,0.2429468076367102,1.1372293705032712
810,13.5,feeder2_1425,0.24062935785138578,1.1301746773110246,0.24054306835793346,1.129826289496188
810,13.5,feeder2_1589,0.2352561801718592,1.117024361829725,0.23517232840468377,1.116684120593492
810,13.5,feeder2_1435,0.24057895647214925,1.1299738627068032,0.2404985835751963,1.1296272458066303
810,13.5,feeder2_1621,0.23308038306855938,1.129181847988394,0.23299597815742734,1.1288295575915879
810,13.5,feeder2_1564,0.24055504174200132,1.1298842953088724,0.2404718119730923,1.1295380634593621
810,13.5,feeder2_1704,0.28280483859004807,1.3444502044118607,0.28270033605343,1.3440070231012922
810,13.5,feeder2_1525,0.28393814779651283,1.3490232758731409,0.2838370269790246,1.3485759175145253
810,13.5,feeder2_1716,0.2774870275892547,1.3475268302708998,0.2773832522907066,1.3470752971668927
810,13.5,feeder2_1537,0.2847179934210246,1.3544298809780246,0.28461488281650776,1.3539756259756701
810,13.5,feeder2_1645,0.28504421858760426,1.3536078014662456,0.2849394941533137,1.3531542258004274
810,13.5,feeder2_1561,0.28561273873908255,1.3610240409236454,0.2855050922264176,1.3605683605582801
810,13.5,feeder2_1657,0.2859611907961657,1.361330033901146,0.28585637792374574,1.3608726453470505
810,13.5,feeder2_1570,0.285977528169463,1.3637901076913452,0.28587107088987845,1.3633298293847698
810,13.5,feeder2_1756,0.29094592064493485,1.3685903470760221,0.29083805333367113,1.368132809817984
810,13.5,feeder2_1588,0.28625054774361397,1.3660579882965016,0.28614543707215007,1.3655963492852223
810,13.5,feeder2_1628,0.28746805701875683,1.3671038609239163,0.2873630674858172,1.3666393121318436
810,13.5,feeder2_1598,0.28650441182913716,1.368597241707934,0.2863969738639371,1.3681315044805316
810,13.5,feeder2_1816,0.28249517752537795,1.3682745265917764,0.2823881006724576,1.367807751528207
810,13.5,feeder2_1765,0.28639896748095295,1.3685538807803177,0.2862912283167839,1.368092453611423
810,13.5,feeder2_1641,0.2878294750901457,1.3813843244373123,0.2877183435877027,1.3809069567384915
810,13.5,feeder2_1689,0.2865311633583557,1.380840578565783,0.2864202804996678,1.3803487710346092
810,13.5,feeder2_1744,0.2949835639628154,1.3883291843265053,0.2948738521013963,1.3878502351099922
810,13.5,feeder2_1817,0.2864372288762464,1.3804922851679569,0.28632607288980455,1.3800033313888955
810,13.5,feeder2_1779,0.28457847454624113,1.3821596621430672,0.2844653346324731,1.381670210301757
810,13.5,feeder2_1800,0.28650834493081895,1.3807974506108123,0.28639589539504173,1.3803081469116192
810,13.5,feeder2_1818,0.2774788389214548,1.371903764471826,0.27734709692093346,1.3713888303030553
810,13.5,feeder2_1753,0.29737356675707927,1.3902355541975977,0.29726235752416696,1.3897632519765057
810,13.5,feeder2_1754,0.29941142863371517,1.3927170668063347,0.299301301025672,1.392242046589599
840,14.0,secondary,0.048573792829022785,0.046593124448452025,0.04856975038705319,0.0465850952518932
840,14.0,feeder2_44,0.09050704068278324,0.24331068584137466,0.09050195800643392,0.2432720740675329
840,14.0,feeder2_45,0.09207672585546,0.2508543687472753,0.09207252186873356,0.2508137669558466
840,14.0,feeder2_46,0.09028982352686567,0.24445040695291748,0.0902870819165846,0.24441036034921837
840,14.0,feeder2_51,0.09460839266302624,0.2645354783758343,0.09460233333469176,0.264497699238544
840,14.0,feeder2_48,0.09759871576650106,0.24664151369280732,0.0975956665791525,0.24659957443002783
840,14.0,feeder2_52,0.093055777570882,0.26266934824600796,0.09305101260698284,0.2626254627284599
840,14.0,feeder2_68,0.1019485450824269,0.3038053405561391,0.10194369397212928,0.30375873550447335
840,14.0,feeder2_69,0.10193581820018632,0.30396705937424845,0.10193289264089397,0.30391595098376817
840,14.0,feeder2_71,0.10292444066449806,0.30900113022819087,0.102922207685052,0.3089520537662962
840,14.0,feeder2_72,0.10313601778594464,0.30901614162896346,0.10313504708543265,0.3089655510936096
840,14.0,feeder2_73,0.10598124660303497,0.3252579271162602,0.10597909130866587,0.32520419084329616
840,14.0,feeder2_74,0.10598096772417899,0.3250149432093735,0.10597681371398315,0.3249676530338982
840,14.0,feeder2_77,0.10864337656753438,0.3392769900955076,0.10863829206610642,0.3392216765370952
840,14.0,feeder2_79,0.10687884801636514,0.3413298098868653,0.10687406310057944,0.3412779492831357
840,14.0,feeder2_81,0.11294541523773194,0.3606388709763539,0.11294173458462704,0.36058233345956536
840,14.0,feeder2_82,0.11565317057082028,0.36064427413747485,0.11565099251217516,0.3605836521609734
840,14.0,feeder2_116,0.1319998309537303,0.45612619504471813,0.13199529117168288,0.45605364170262647
840,14.0,feeder2_119,0.1319455579226687,0.4559070859547054,0.13193888567285234,0.45583984420171547
840,14.0,feeder2_120,0.1392383354602715,0.49175733358732576,0.13923314540988704,0.491684045175344
840,14.0,feeder2_248,0.13913298808396327,0.49164344756222794,0.1391316776332192,0.49156326908076936
840,14.0,feeder2_124,0.14371568498190251,0.5137295110681368,0.14370956114562924,0.5136526373720588
840,14.0,feeder2_282,0.1634614014123969,0.5147405129385332,0.16345308003850803,0.5146573172546162
840,14.0,feeder2_275,0.14351223334198626,0.513362648570683,0.1435068449154483,0.5132811658895031
840,14.0,feeder2_151,0.15020696371425074,0.5509265613740106,0.15020196210286949,0.5508402925012358
840,14.0,feeder2_295,0.15074998042503993,0.5644494263719364,0.15074866222681166,0.5643628329918536
840,14.0,feeder2_311,0.1502161558974248,0.5510247919787532,0.15021113595895116,0.5509383430856548
840,14.0,feeder2_201,0.15875172340530289,0.5939546548056243,0.1587456431332713,0.5938635441454256
840,14.0,feeder2_314,0.1595437654797815,0.5932959974674687,0.15953556002640634,0.593207984779102
840,14.0,feeder2_342,0.17062177218186045,0.656311459981951,0.17061901033147386,0.6562055902419232
840,14.0,feeder2_368,0.17018787568183685,0.6547332571576715,0.17018231452079197,0.6546303410814052
840,14.0,feeder2_347,0.17724002264851774,0.6898977346896897,0.17723123234479785,0.6897882647774483
840,14.0,feeder2_353,0.1804989744358688,0.7065456443726479,0.18049126643798,0.7064302918875506
840,14.0,feeder2_518,0.17810591100382092,0.6899444054788595,0.1780991179209197,0.6898346283038458
840,14.0,feeder2_365,0.18413714675395804,0.725064016622147,0.18413164920913502,0.7249417133200301
840,14.0,feeder2_653,0.18040646693715265,0.7064517059213018,0.18039957708051768,0.7063378678443649
840,14.0,feeder2_377,0.1861168164273135,0.7351143860703714,0.1861114109294648,0.7349935560857864
840,14.0,feeder2_622,0.18414224863525275,0.7250964920234213,0.18413507722290645,0.7249728193482208
840,14.0,feeder2_451,0.17026209125449668,0.6547433532540394,0.1702553829407234,0.6546412167858665
840,14.0,feeder2_383,0.16947692198755598,0.6521809429550831,0.16947052446619734,0.6520768433023273
840,14.0,feeder2_385,0.18773672799796137,0.7421384730568559,0.18772814804991905,0.7420191059017394
840,14.0,feeder2_621,0.18792212587669754,0.7494785105416499,0.18791540637830131,0.749359714371723
840,14.0,feeder2_611,0.16830203521202614,0.6510553204591808,0.16829795266708225,0.6509523464890623
840,14.0,feeder2_405,0.16946249322755863,0.6520942380431428,0.1694561296333183,0.6519905635654462
840,14.0,feeder2_461,0.19434171417284013,0.7709591327307103,0.1943326800263927,0.7708279376922841
840,14.0,feeder2_594,0.18766431953054283,0.7420648507207962,0.18765714553884152,0.741948592129629
840,14.0,feeder2_732,0.16680240853127257,0.6494358305400006,0.1667975791291215,0.6493310101840978
840,14.0,feeder2_417,0.1695770415734732,0.6520880194506289,0.1695695722894912,0.651987683410968
840,14.0,feeder2_663,0.16856725060578462,0.6534113380526918,0.16855948074177995,0.6533050129252765
840,14.0,feeder2_444,0.1697228439798025,0.6516658291846206,0.16971514659645956,0.6515624159967478
840,14.0,feeder2_759,0.17101631305030957,0.6517045973221709,0.17101058333204908,0.6515981086809542
840,14.0,feeder2_842,0.1699600720865147,0.6540415482377109,0.1699544773159554,0.6539398741016899
840,14.0,feeder2_459,0.16973879718651513,0.6513770418836109,0.16973080857753903,0.6512743866101028
840,14.0,feeder2_702,0.17333034212586906,0.6495693246253423,0.173323847029156,0.6494607112362338
840,14.0,feeder2_493,0.1694224687236619,0.6508955026558898,0.16941588980118286,0.6507907021039931
840,14.0,feeder2_651,0.194413092275345,0.7716641436214938,0.19440634919123367,0.7715320304658979
840,14.0,feeder2_684,0.19960128011510012,0.7938572949060424,0.19959311145395148,0.7937146070873228
840,14.0,feeder2_674,0.1688042682854491,0.6502822427537981,0.1687966567192964,0.6501776863471668
840,14.0,feeder2_696,0.16954527511469908,0.6525124875966911,0.16953831029225092,0.6524071752980312
840,14.0,feeder2_681,0.1672507504486809,0.6487132058714244,0.16724604933674267,0.6486082731580005
840,14.0,feeder2_682,0.16861392687124063,0.6501231572040596,0.16860422015976784,0.6500189040872536
840,14.0,feeder2_728,0.1973904288684607,0.7856503209840264,0.1973826713789425,0.7855077196316096
840,14.0,feeder2_724,0.20904558592510022,0.8365250839432401,0.20903639055036674,0.8363777071573011
840,14.0,feeder2_703,0.16956340540288417,0.6526627460209887,0.16955925020794843,0.652557494162478
840,14.0,feeder2_704,0.1694902577263345,0.6531024774343067,0.16948384541946146,0.6529982449089796
840,14.0,feeder2_754,0.21176027390874427,0.83490006672108,0.21175061151007224,0.8347501434158932
840,14.0,feeder2_747,0.21261362394206987,0.8547876823772371,0.2126039475494919,0.8546357510048843
840,14.0,feeder2_828,0.19039699936919846,0.7784331871133456,0.19038812220973433,0.7782922278771761
840,14.0,feeder2_763,0.19743032419716086,0.7848173947929928,0.19742305418326092,0.7846736094880444
840,14.0,feeder2_836,0.21462586131691125,0.868436425790269,0.2146197801988819,0.8682820644034066
840,14.0,feeder2_758,0.2147933609622924,0.8649399959089938,0.21478219247596536,0.8647823360652722
840,14.0,feeder2_788,0.21580055256129843,0.8650598649112098,0.21579173990144215,0.8648971233639036
840,14.0,feeder2_812,0.22138470920861247,0.8963814404658309,0.22137476017069468,0.8962074136993684
840,14.0,feeder2_947,0.1993524395440723,0.7850289724819443,0.19934789881257114,0.7848836662334259
840,14.0,feeder2_868,0.19838049403478453,0.7848995957134262,0.19837415751977122,0.784753583458421
840,14.0,feeder2_785,0.197233484588542,0.7841106903315742,0.1972258120633427,0.7839677707094844
840,14.0,feeder2_1176,0.19726881023898285,0.784287354307662,0.19726317743676028,0.784142974722721
840,14.0,feeder2_846,0.19592603545969342,0.7827601616535751,0.19591642098139225,0.7826183457179484
840,14.0,feeder2_911,0.19729575936546423,0.7842324343237346,0.19728978069093733,0.7840901923549347
840,14.0,feeder2_1107,0.22277620180619126,0.9006339330598414,0.2227648525110656,0.9004669534098129
840,14.0,feeder2_920,0.22286231870200518,0.9041419128559113,0.22285170805506102,0.9039694406083961
840,14.0,feeder2_926,0.2252143324301149,0.9164207204227874,0.22520310856620462,0.9162439020591627
840,14.0,feeder2_1239,0.22268558215313888,0.9033271375686219,0.22267682191591445,0.903152338212636
840,14.0,feeder2_933,0.22620151050403958,0.922030575513098,0.2261907612176618,0.9218470709085526
840,14.0,feeder2_1146,0.2254703101052844,0.9156446790471183,0.2254607631368121,0.91546395950804
840,14.0,feeder2_1124,0.2262110697138744,0.9220736947946135,0.22620317655152206,0.921891747891903
840,14.0,feeder2_942,0.2286939095098118,0.9362174655248386,0.2286832161713178,0.9360369670057215
840,14.0,feeder2_952,0.23207375916047135,0.9575862887779726,0.2320647964436932,0.9573963202206357
840,14.0,feeder2_965,0.22873312760354997,0.9361656678436451,0.22872280355834768,0.935984595383395
840,14.0,feeder2_961,0.23238153836700803,0.95996732422134,0.2323716903000179,0.959777974462717
840,14.0,feeder2_963,0.23208614363322957,0.9575709160611661,0.232072615455474,0.9573837409392475
840,14.0,feeder2_973,0.23409049317521924,0.9728119408065842,0.23408152695802792,0.9726157498334707
840,14.0,feeder2_1128,0.23226140275155385,0.959653171859764,0.23225164768919546,0.9594608422768784
840,14.0,feeder2_1113,0.23258224334470043,0.9572095975955741,0.2325692011905281,0.9570222018858633
840,14.0,feeder2_1143,0.23262314135635856,0.9574854479980531,0.2326149080878754,0.9572962757099843
840,14.0,feeder2_1238,0.2352067675732229,0.9355945715884553,0.23519540300201477,0.9354072245513484
840,14.0,feeder2_979,0.22870709075959386,0.9360976536749092,0.22869859647201332,0.9359091939870596
840,14.0,feeder2_1236,0.23654810815626381,0.9914475073668331,0.23653624059444073,0.9912472169735271
840,14.0,feeder2_989,0.2340914252432164,0.9728169699295184,0.23407831734366347,0.97262570379377
840,14.0,feeder2_1196,0.22854798246415334,0.935883645763872,0.22853729051469895,0.9356962151955244
840,14.0,feeder2_1158,0.23420752468936,0.9735092558042197,0.23419571060219613,0.9733155013580033
840,14.0,feeder2_1122,0.22331229535008557,0.9015227294596216,0.22329921872542244,0.901352945583387
840,14.0,feeder2_1258,0.2223976764852907,0.901655520678909,0.22238908485798192,0.9014800053823531
840,14.0,feeder2_1303,0.22412003084350157,0.901666804629183,0.22410723042568967,0.9014941837602594
840,14.0,feeder2_1138,0.22370917986465566,0.9021617310430685,0.22369843788306246,0.901985782121679
840,14.0,feeder2_1304,0.22352561081490718,0.9018316222353476,0.22351546299598438,0.9016602941822235
840,14.0,feeder2_1212,0.2247107172516922,0.903938709514525,0.22470206919104357,0.9037644891966413
840,14.0,feeder2_1311,0.23986652513631368,0.9054573616562742,0.23985574817982927,0.9052768087948357
840,14.0,feeder2_1290,0.2243146028741112,0.9038718607366913,0.22430164005018066,0.9036968120576845
840,14.0,feeder2_1325,0.23976705997749473,1.0108053274064455,0.23975515279000809,1.0105993032673428
840,14.0,feeder2_1248,0.23653655104812574,0.9914773502554026,0.23652603796990584,0.9912780773180424
840,14.0,feeder2_1249,0.23652803559208851,0.9353480438112738,0.23651604452105832,0.9351605643404143
840,14.0,feeder2_1250,0.23657932104719795,0.9358102037694879,0.23656758252983487,0.9356251137561536
840,14.0,feeder2_1366,0.23512217660277024,0.9935122624770396,0.23511247403997007,0.9933079814984825
840,14.0,feeder2_1266,0.22243013393403702,0.9020883714712632,0.22241897979198474,0.9019139327649988
840,14.0,feeder2_1372,0.22459147875705182,0.904221481133774,0.22457919368318235,0.9040460703503654
840,14.0,feeder2_1363,0.2238912929984525,0.9032707336118354,0.2238810677159536,0.903095637731288
840,14.0,feeder2_1446,0.24170498044506045,1.0103230403806007,0.24169453068880056,1.0101137498849528
840,14.0,feeder2_1502,0.24297404324573538,1.0329932682858203,0.2429637968334918,1.0327749679772074
840,14.0,feeder2_1428,0.22368148435615468,0.9028862590221127,0.2236707228654858,0.9027152388728458
840,14.0,feeder2_1380,0.2236740085452648,0.9033789500361097,0.22366236145167687,0.9032087853526726
840,14.0,feeder2_1550,0.22552346364916018,0.9028403330588232,0.2255115774350403,0.9026663012684653
840,14.0,feeder2_1386,0.2234042703037497,0.903631551666247,0.22339162823236353,0.9034604353636039
840,14.0,feeder2_1551,0.22318671208270924,0.9032714810125327,0.22317642876789698,0.9030949948529838
840,14.0,feeder2_1400,0.2233143472238971,0.9038621741576905,0.22330361800011253,0.9036927907580163
840,14.0,feeder2_1552,0.22218895582501258,0.9026318678957269,0.22217771810908726,0.9024616201371339
840,14.0,feeder2_1408,0.22326881167398735,0.9050000237587086,0.22325762034447866,0.9048280352260013
840,14.0,feeder2_1553,0.22290749184834727,0.9043369691740957,0.222898513737706,0.9041606692307145
840,14.0,feeder2_1416,0.22332148931795723,0.9057952896747637,0.22331015411204314,0.9056261818653779
840,14.0,feeder2_1530,0.22342076527547028,0.9058228556427115,0.22340939617249014,0.9056492408982095
840,14.0,feeder2_1425,0.22341661827814835,0.9072914745415269,0.22340692230074866,0.907118696125082
840,14.0,feeder2_1589,0.22335105117922727,0.9072197578985293,0.22334014141013095,0.9070473191149884
840,14.0,feeder2_1435,0.22343738185664472,0.9075999247794018,0.22342686409083748,0.9074250686290432
840,14.0,feeder2_1621,0.22266486945908057,0.9111455289038052,0.22265181682904478,0.9109761994182212
840,14.0,feeder2_1564,0.2234091918887577,0.9074659150638724,0.2234006702148256,0.907289662454288
840,14.0,feeder2_1704,0.24307978877960565,1.0338050744732694,0.24306852899289083,1.033590884832936
840,14.0,feeder2_1525,0.24375220985553187,1.0384283086212998,0.24373818957961896,1.0382114588634461
840,14.0,feeder2_1716,0.2406518872287443,1.0442193855933648,0.24063830394509034,1.0440059652031397
840,14.0,feeder2_1537,0.2446371285014201,1.0436282892754172,0.24462681077449472,1.0434064998249875
840,14.0,feeder2_1645,0.2438861875644572,1.0427875799775612,0.24387513070168862,1.0425666631318073
840,14.0,feeder2_1561,0.2457783105062159,1.0500440136089482,0.24576313665819755,1.0498224107918648
840,14.0,feeder2_1657,0.24766816440876938,1.0490920173919847,0.24765868088872284,1.0488658696221103
840,14.0,feeder2_1570,0.24618161397606647,1.0530093279896482,0.24616922806955777,1.052784616688144
840,14.0,feeder2_1756,0.27428436410648865,1.0564689782368073,0.2742700209451026,1.0562419609842648
840,14.0,feeder2_1588,0.24634331527582584,1.0554181925742878,0.24632785755595016,1.0551942226004707
840,14.0,feeder2_1628,0.24705702580998437,1.0555694853616335,0.24704571964196237,1.0553457136404234
840,14.0,feeder2_1598,0.24652660293266407,1.0584008370456461,0.2465125838841229,1.0581765670686205
840,14.0,feeder2_1816,0.24324923412935465,1.0723392601455937,0.24323762676922234,1.0721185170916046
840,14.0,feeder2_1765,0.24656421225552663,1.0585526139076988,0.24655313214807623,1.0583260918616602
840,14.0,feeder2_1641,0.24718503120315316,1.0689296293009949,0.24716931461648628,1.0687014231504433
840,14.0,feeder2_1689,0.247683401144352,1.077666912741218,0.2476701504710006,1.0774300664831062
840,14.0,feeder2_1744,0.24769211961931104,1.069063829527967,0.24767905783547503,1.0688341222475906
840,14.0,feeder2_1817,0.2473883735595619,1.076715409772135,0.24737453726338524,1.0764864449897789
840,14.0,feeder2_1779,0.24735055696247782,1.0788663366546414,0.24734090463331646,1.0786301930760034
840,14.0,feeder2_1800,0.2474039581508595,1.0773744687441444,0.2473904746115182,1.0771436487589066
840,14.0,feeder2_1818,0.2439772347422229,1.0927853652703337,0.2439611132127969,1.0925417597762872
840,14.0,feeder2_1753,0.24879592237462195,1.0692867260692314,0.24878456730244125,1.0690529217341034
840,14.0,feeder2_1754,0.2478032558563348,1.06910848557226,0.24779038987432703,1.0688824974587385
870,14.5,secondary,0.05647797019050631,0.05649304518261177,0.056468709306887965,0.056485534455701245
870,14.5,feeder2_44,0.10525401081986646,0.2950621885846707,0.10523768023476392,0.29504266152594666
870,14.5,feeder2_45,0.10709104336777085,0.30352358460934314,0.1070743528995027,0.3034995532414352
870,14.5,feeder2_46,0.10081007587189414,0.3045346127996264,0.10079233410965269,0.30451147483431273
870,14.5,feeder2_51,0.11028272097195675,0.3182279250877479,0.11026273766551328,0.3182085570793193
870,14.5,feeder2_48,0.10725501857123823,0.3035326660715431,0.1072357709000336,0.3035154709322504
870,14.5,feeder2_52,0.10752380736144093,0.31524661744883814,0.10750718044511094,0.315227790551826
870,14.5,feeder2_68,0.11956368239082811,0.3608967427496439,0.11954394136251927,0.3608721060836505
870,14.5,feeder2_69,0.11957807000339614,0.36105686449676727,0.11955674146490569,0.3610363705873502
870,14.5,feeder2_71,0.12079446063958703,0.36655025400258157,0.12077344524807339,0.36652765948281507
870,14.5,feeder2_72,0.12098867251814376,0.3665702830546268,0.12096889450001419,0.36654432205156806
870,14.5,feeder2_73,0.12464714826747154,0.38424825791887507,0.12462648613767989,0.3842266343035015
870,14.5,feeder2_74,0.12452777158289065,0.3841194027532089,0.12450708628818387,0.3840898469230433
870,14.5,feeder2_77,0.1279603113383105,0.3994613856710103,0.12794066914003846,0.3994322035983569
870,14.5,feeder2_79,0.127970956972338,0.39956890974554204,0.12794713502704008,0.3995452720790123
870,14.5,feeder2_81,0.13319889055001732,0.42349518971009203,0.13317548988549568,0.4234713044427515
870,14.5,feeder2_82,0.13645306612026686,0.4236293240606008,0.1364303111797503,0.4235982313034679
870,14.5,feeder2_116,0.15640878583706733,0.5308544010038542,0.1563853537499241,0.5308166798523792
870,14.5,feeder2_119,0.1563508741515551,0.5307924228683282,0.15632551453648957,0.5307557680048435
870,14.5,feeder2_120,0.1650583287785769,0.5707074874854949,0.16503247434872506,0.570670649979057
870,14.5,feeder2_248,0.1649468061910129,0.5705920015239241,0.1649188533768833,0.5705549588507227
870,14.5,feeder2_124,0.1703984605173009,0.5952803176877172,0.17037331276764528,0.5952354201613689
870,14.5,feeder2_282,0.17285699348175915,0.5956018898245555,0.1728287243964226,0.5955611974785289
870,14.5,feeder2_275,0.16973711928418633,0.5946569640931257,0.16970683184992547,0.5946179414347126
870,14.5,feeder2_151,0.17987376538962935,0.6383293982433524,0.1798460879515055,0.6382849368549388
870,14.5,feeder2_295,0.1801756596640471,0.6401051697742035,0.18014602324671058,0.6400570962471253
870,14.5,feeder2_311,0.17989566206138222,0.6384236676264936,0.17986844852979508,0.6383758822126633
870,14.5,feeder2_201,0.19526483845011847,0.7075028643642839,0.1952335224143504,0.7074499747920218
870,14.5,feeder2_314,0.19736664817603494,0.7058092981884245,0.19733576783418763,0.7057581407940968
870,14.5,feeder2_342,0.21625632856767846,0.8090340529793263,0.21622059779317768,0.8089761410373998
870,14.5,feeder2_368,0.21632662449285553,0.8090402109476421,0.21628975126027267,0.8089868625005966
870,14.5,feeder2_347,0.22642608057823385,0.8588705996048801,0.22638833143782353,0.8588095779878759
870,14.5,feeder2_353,0.2314202378004039,0.8834868738310726,0.23137863612326784,0.8834239861465417
870,14.5,feeder2_518,0.22788273330551606,0.8590838610128947,0.22784468211622233,0.8590217545110225
870,14.5,feeder2_365,0.23697686224904985,0.9108479297645136,0.23693939707531125,0.9107770385523123
870,14.5,feeder2_653,0.23132445505468655,0.8833894823607845,0.23128956384044325,0.8833205546220635
870,14.5,feeder2_377,0.23999579525370682,0.9257026583770135,0.2399561218775382,0.9256322407792258
870,14.5,feeder2_622,0.23698528884949777,0.9108787028964239,0.2369478910722262,0.9108062784230755
870,14.5,feeder2_451,0.21788416974044458,0.8078303529671399,0.21784905922072034,0.8077719695500635
870,14.5,feeder2_383,0.21607234659135593,0.8099536366392959,0.21603587046210485,0.8098974359320608
870,14.5,feeder2_385,0.24336477311118115,0.942231489112178,0.2433237371173084,0.9421623719696817
870,14.5,feeder2_621,0.24045082998053477,0.9275652043927668,0.2404133783818407,0.9274907224764319
870,14.5,feeder2_611,0.215986277011211,0.8098655207155127,0.21595197361047128,0.8098122340004988
870,14.5,feeder2_405,0.216057813303701,0.8100155132395556,0.2160219550829441,0.8099616900587876
870,14.5,feeder2_461,0.25708422242071177,1.0094816488561724,0.25704101416149305,1.009403634765151
870,14.5,feeder2_594,0.2432903175703071,0.9421557496554569,0.2432485561578583,0.9420861336126116
870,14.5,feeder2_732,0.21211696647465153,0.80597037966581,0.21208072285557278,0.8059126354212955
870,14.5,feeder2_417,0.21620000508209017,0.8113882645692787,0.2161653383607006,0.8113287144214488
870,14.5,feeder2_663,0.2152996538527221,0.8127573242091859,0.21526204172383773,0.8127039184644151
870,14.5,feeder2_444,0.21635455324187464,0.8120040393989596,0.21631794943290156,0.8119461362090239
870,14.5,feeder2_759,0.21826901649209166,0.8122976863295862,0.2182321159020807,0.8122390528266475
870,14.5,feeder2_842,0.21687795968896478,0.8140214057117481,0.21684177352010586,0.8139672412161005
870,14.5,feeder2_459,0.21636393050692262,0.8120792753163427,0.21632858397448357,0.8120272799111174
870,14.5,feeder2_702,0.21768605172962696,0.8123176890500423,0.21764979764107123,0.8122649663825415
870,14.5,feeder2_493,0.21629960366813922,0.8122161695304606,0.2162649553238508,0.8121591526316353
870,14.5,feeder2_651,0.25760144325895246,1.0110442302446774,0.25755907330244693,1.0109671712604382
870,14.5,feeder2_684,0.2679163373832265,1.0625970718307483,0.2678722510137633,1.0625132972420923
870,14.5,feeder2_674,0.2159645042287484,0.8118750202167043,0.2159311265686031,0.8118124827346072
870,14.5,feeder2_696,0.21656263973513032,0.8141741904684474,0.21652600327158653,0.8141173987657333
870,14.5,feeder2_681,0.21509727697535466,0.8109921535028902,0.21506120696447376,0.8109347141541559
870,14.5,feeder2_682,0.21589002978230332,0.8117988540080975,0.21585478836877495,0.8117379192062963
870,14.5,feeder2_728,0.2676929557483208,1.060672774633382,0.26764695684144346,1.0605932191187613
870,14.5,feeder2_724,0.2796002971206767,1.121415007188983,0.2795551323006324,1.1213299770792524
870,14.5,feeder2_703,0.21660058925920558,0.8143147777721198,0.2165648537562526,0.814255732536401
870,14.5,feeder2_704,0.21662484087864164,0.8149133427351493,0.21659129636658628,0.8148567099780899
870,14.5,feeder2_754,0.2796637102025652,1.1214326737271045,0.2796145381989776,1.121348214788325
870,14.5,feeder2_747,0.28437464184711847,1.1454246879802221,0.2843293754346918,1.145333559588521
870,14.5,feeder2_828,0.2666653772024476,1.0596359794779728,0.2666217757388876,1.0595534144151484
870,14.5,feeder2_763,0.26782403652479325,1.059441997891507,0.26777767522794055,1.0593637034769854
870,14.5,feeder2_836,0.28481073327277,1.1618008971702962,0.284762850194018,1.161704643161527
870,14.5,feeder2_758,0.2876555207629333,1.1591768660682367,0.2876056386184534,1.1590891813539759
870,14.5,feeder2_788,0.2899060103155406,1.1583242650115895,0.28985653869839983,1.1582329074760416
870,14.5,feeder2_812,0.29729838534744135,1.202399055672182,0.297251133316411,1.2023040178002904
870,14.5,feeder2_947,0.27102691002221363,1.059955978751425,0.2709830489636179,1.059878184151418
870,14.5,feeder2_868,0.26912542021238267,1.059186269385964,0.26908171955431553,1.059107094930319
870,14.5,feeder2_785,0.2675636945731926,1.0586302735068938,0.2675156067366279,1.0585544873420616
870,14.5,feeder2_1176,0.2676220958679287,1.058801266401813,0.2675768470397995,1.0587248086976055
870,14.5,feeder2_846,0.2661232387028816,1.0572213425342238,0.2660806233293672,1.0571399730772413
870,14.5,feeder2_911,0.26757667910874344,1.0586577396789394,0.26752831026433443,1.058580332688177
870,14.5,feeder2_1107,0.2994353269835196,1.2009250214084464,0.29938417285078445,1.200834441686549
870,14.5,feeder2_920,0.2994267131272929,1.2149587442121434,0.2993752384152558,1.2148601048036307
870,14.5,feeder2_926,0.30272897509930907,1.2342791223121248,0.3026745924390043,1.234185704379857
870,14.5,feeder2_1239,0.2992802867484039,1.2142575214049596,0.2992271899818437,1.2141670339902706
870,14.5,feeder2_933,0.30413732499618956,1.243020228123092,0.30408427047364367,1.2429260248087493
870,14.5,feeder2_1146,0.3029937183676145,1.233415481712087,0.3029404645680927,1.2333175699279708
870,14.5,feeder2_1124,0.3035347296666433,1.2439898079355638,0.3034814910901713,1.2438880993324746
870,14.5,feeder2_942,0.3077384308808833,1.2642513173015522,0.3076849437984037,1.2641488295538093
870,14.5,feeder2_952,0.3130078958176592,1.2972044629131165,0.3129546910216955,1.297091849245008
870,14.5,feeder2_965,0.3077468683694157,1.2640463687717804,0.3076964253669814,1.2639396007693113
870,14.5,feeder2_961,0.3135475848680397,1.3008012648456075,0.313492771531543,1.3006883501841588
870,14.5,feeder2_963,0.31301459402078863,1.2971971977151855,0.31296225285182805,1.2970841412536014
870,14.5,feeder2_973,0.31643177478985485,1.3199815241090627,0.3163756518728772,1.319863282025766
870,14.5,feeder2_1128,0.3135351967880664,1.3007405298989825,0.31348185153797353,1.3006258060024307
870,14.5,feeder2_1113,0.31356441493540493,1.2967876735365897,0.31350905744295543,1.2966766331231532
870,14.5,feeder2_1143,0.3131449025144899,1.2978156206787506,0.31308790436879425,1.2977081104529176
870,14.5,feeder2_1238,0.3145059051347746,1.2626652637064264,0.3144528781350584,1.2625634640886354
870,14.5,feeder2_979,0.3076821788551614,1.2638424299190945,0.30762824709262043,1.2637365264210167
870,14.5,feeder2_1236,0.3206108009190287,1.3479597105137524,0.3205490624944662,1.3478451034857513
870,14.5,feeder2_989,0.3164331276807165,1.319988062809037,0.3163739012252109,1.319879098156308
870,14.5,feeder2_1196,0.3068614007807959,1.2631096970463371,0.3068092512548153,1.263007674706542
870,14.5,feeder2_1158,0.31672933910069523,1.3208831031704815,0.31667449890551674,1.3207663621595642
870,14.5,feeder2_1122,0.3001669518751982,1.1996571958302478,0.30011726792595805,1.1995706434677311
870,14.5,feeder2_1258,0.29958621155689036,1.2019290932292348,0.29953648232852403,1.2018403997048681
870,14.5,feeder2_1303,0.30178254833988416,1.19981508607289,0.301731179625977,1.1997274560176385
870,14.5,feeder2_1138,0.30069204663334403,1.1985697416364027,0.30064235116539983,1.1984846578192594
870,14.5,feeder2_1304,0.3006487643235518,1.1985251805144306,0.30059609387254316,1.1984390916638414
870,14.5,feeder2_1212,0.3018389106775249,1.1963723150762782,0.3017872016248419,1.1962943071248062
870,14.5,feeder2_1311,0.31797874859248565,1.1965288560077836,0.31792813747840776,1.1964552105006898
870,14.5,feeder2_1290,0.30162800157212605,1.1924216943982142,0.3015783184877656,1.1923413380557375
870,14.5,feeder2_1325,0.3240256997651174,1.37274923894677,0.32396639428510776,1.3726208425075028
870,14.5,feeder2_1248,0.3206249053227109,1.3480284281370927,0.32056375025957173,1.3479098814776527
870,14.5,feeder2_1249,0.31515428959978165,1.262792344031142,0.31509987390239663,1.2626928278304292
870,14.5,feeder2_1250,0.3176973932819367,1.2614128412241832,0.31764161102053134,1.2613146740167311
870,14.5,feeder2_1366,0.32066304587425426,1.3481461473196483,0.320604372540075,1.348028908833649
870,14.5,feeder2_1266,0.2997240673034195,1.2028786648786916,0.2996725773353769,1.2027933093201408
870,14.5,feeder2_1372,0.30321755955761354,1.1918143766450606,0.3031683199148036,1.1917324722867728
870,14.5,feeder2_1363,0.30101881632334043,1.188881910469935,0.30096723641156137,1.1887969906287725
870,14.5,feeder2_1446,0.3252657932003214,1.3731720513842052,0.325202563696678,1.3730500440073476
870,14.5,feeder2_1502,0.3277795101177898,1.3998677539066342,0.32771718528366967,1.3997363990912015
870,14.5,feeder2_1428,0.3009358730847497,1.1887958908620033,0.3008837847644181,1.1887126444433593
870,14.5,feeder2_1380,0.3003143489248922,1.184763624213294,0.3002673686092595,1.1846741172465358
870,14.5,feeder2_1550,0.3016756257674266,1.1850000700272094,0.3016269584101095,1.1849087064999275
870,14.5,feeder2_1386,0.2999011014329517,1.1825799546286235,0.29985218269743497,1.1824866545709856
870,14.5,feeder2_1551,0.2991634572964303,1.18183971923022,0.2991127467925529,1.1817525641548436
870,14.5,feeder2_1400,0.2998115902246419,1.181785675971855,0.29976321523039223,1.1816947891142733
870,14.5,feeder2_1552,0.29835380124671407,1.1802759329790502,0.29830551196921706,1.180190699248959
870,14.5,feeder2_1408,0.299796845622039,1.1809546795810053,0.29974701529117204,1.1808635976231674
870,14.5,feeder2_1553,0.2993332871637617,1.1804929296065798,0.29928340172590084,1.180408022495399
870,14.5,feeder2_1416,0.2998476141032063,1.1806627056405423,0.29980014285978984,1.1805713111819593
870,14.5,feeder2_1530,0.3017953432261591,1.1791875346983702,0.3017453588060434,1.1791010943722298
870,14.5,feeder2_1425,0.2997220189126516,1.1808201925619155,0.29967185512336564,1.1807292544406733
870,14.5,feeder2_1589,0.29925859801676014,1.1803661301438466,0.299207957985209,1.1802780321873985
870,14.5,feeder2_1435,0.29972450486749835,1.1809136333656987,0.29967727637876457,1.1808199412180886
870,14.5,feeder2_1621,0.30021046335236296,1.1827963695451775,0.3001621011711282,1.1827075244095688
870,14.5,feeder2_1564,0.29936899825476815,1.180104867932565,0.2993178085074376,1.1800143396427594
870,14.5,feeder2_1704,0.3273896519652098,1.4018495053651983,0.327328174479976,1.4017126434405476
870,14.5,feeder2_1525,0.32869812245252766,1.4061329773537095,0.3286392593749328,1.4059968701512853
870,14.5,feeder2_1716,0.32608945620207036,1.4198729888942407,0.3260252389420276,1.4197381864578542
870,14.5,feeder2_1537,0.329591635527625,1.4110900408646394,0.3295246432162108,1.410958083265895
870,14.5,feeder2_1645,0.3285074232041119,1.4101728419064254,0.3284447454390743,1.4100362153790134
870,14.5,feeder2_1561,0.33078809712180013,1.4172947125647923,0.3307235247987911,1.4171561725832693
870,14.5,feeder2_1657,0.33082696805100476,1.4173054401606626,0.3307621790670481,1.4171656353245563
870,14.5,feeder2_1570,0.33130378180596454,1.4199683090470103,0.3312367904577832,1.419834156201449
870,14.5,feeder2_1756,0.3607660939387661,1.4182603032478907,0.36070563767021524,1.4181300739800573
870,14.5,feeder2_1588,0.3315811685350757,1.4224202714461573,0.3315126447250287,1.4222834116136598
870,14.5,feeder2_1628,0.3321056428245323,1.4225211328979421,0.3320413080565323,1.4223811283687247
870,14.5,feeder2_1598,0.3319211766874242,1.4254760408316336,0.33185200265095627,1.4253387709708463
870,14.5,feeder2_1816,0.3446678076876455,1.4692893035191545,0.3445942245872851,1.4691426885923367
870,14.5,feeder2_1765,0.33198723776175193,1.4256406794706418,0.33192034904313406,1.4255022212587236
870,14.5,feeder2_1641,0.3314273203354938,1.428010904272099,0.33135818764384045,1.4278621043267519
870,14.5,feeder2_1689,0.33090154935799054,1.4300165408749255,0.3308318060987457,1.4298669237385242
870,14.5,feeder2_1744,0.3321462889763412,1.428040295952682,0.3320773547291865,1.4278902898258627
870,14.5,feeder2_1817,0.330577395720594,1.4291356187174384,0.3305084340428358,1.42897753747943
870,14.5,feeder2_1779,0.33117658458496424,1.4309551875069975,0.3311096775158978,1.430798352719001
870,14.5,feeder2_1800,0.33030463015070066,1.4297054259700186,0.3302389966815349,1.4295492982166549
870,14.5,feeder2_1818,0.324483251992578,1.429103221646764,0.3244031285768676,1.428940394070619
870,14.5,feeder2_1753,0.334331736566065,1.4281109856108722,0.3342663921729975,1.4279618544028776
870,14.5,feeder2_1754,0.3321699093636972,1.4280461615603934,0.3321008416052085,1.4278989655845005
900,15.0,secondary,0.040950240465267795,0.020852069625860357,0.040967885575849815,0.020879848959301252
900,15.0,feeder2_44,0.07624786693334511,0.1088126553237,0.07628129096075964,0.10895266976100716
900,15.0,feeder2_45,0.07754689701378095,0.11196471879812585,0.07758333656758663,0.11210657910462411
900,15.0,feeder2_46,0.07616507527083828,0.11200111589120426,0.07619937611258053,0.11213976487225985
900,15.0,feeder2_51,0.07980454431988998,0.11744823590936428,0.07984121642966076,0.11759413070584449
900,15.0,feeder2_48,0.07771084626663267,0.11192422084285757,0.07774493896519365,0.11207226652484067
900,15.0,feeder2_52,0.07359227808054263,0.1135217285717038,0.07362316421083841,0.11368369529551953
900,15.0,feeder2_68,0.08716532092300111,0.13537785240445968,0.08720555463159695,0.13553844120727854
900,15.0,feeder2_69,0.08717956606663689,0.13555516010648563,0.08721861755176329,0.1357203001876143
900,15.0,feeder2_71,0.08814337088616238,0.13777050218501175,0.08818383034369544,0.13793577032530757
900,15.0,feeder2_72,0.08833588609281211,0.13774017423667032,0.08837777905911438,0.13790396202075902
900,15.0,feeder2_73,0.09120722540499429,0.1452900624605477,0.09124737531248547,0.14546810643053038
900,15.0,feeder2_74,0.09108789710730916,0.14517499867966183,0.09112866768544019,0.14534704416692357
900,15.0,feeder2_77,0.09384601069150413,0.1517928501494431,0.0938839921080566,0.15197541285406813
900,15.0,feeder2_79,0.0911482325966085,0.1549291910807684,0.09119291499060707,0.15510320958080512
900,15.0,feeder2_81,0.09812772129784324,0.16085537039588255,0.09816995370271,0.16105177169385604
900,15.0,feeder2_82,0.09964715956696292,0.16059390503094428,0.09969092016070796,0.16077890001811346
900,15.0,feeder2_116,0.11723137526389073,0.2018471305522151,0.11728340907001325,0.20207903217797216
900,15.0,feeder2_119,0.11717343184945767,0.20179020792264324,0.11722532603709197,0.20202249920350793
900,15.0,feeder2_120,0.1243448498746251,0.2171401685992557,0.12439935436391729,0.21738841791787625
900,15.0,feeder2_248,0.1241945040181386,0.21699197211928947,0.124246832594931,0.2172421510493353
900,15.0,feeder2_124,0.12873944810675753,0.2266235345375455,0.12879455637484818,0.2268892555877808
900,15.0,feeder2_282,0.1362626843552375,0.22619092417697187,0.13631579729033957,0.22644257655816424
900,15.0,feeder2_275,0.12841030908616696,0.22648974073954728,0.12846217018794842,0.22675898886958
900,15.0,feeder2_151,0.1360505178022307,0.24318375268652526,0.1361079614099713,0.24346993034932513
900,15.0,feeder2_295,0.13694216561738073,0.24907860899622516,0.13700148163568002,0.2493704731299473
900,15.0,feeder2_311,0.1360732180749102,0.2432870851408293,0.13613372215883382,0.24357311362217227
900,15.0,feeder2_201,0.14702289068180102,0.2622812497841414,0.14708469809042504,0.26260277705307766
900,15.0,feeder2_314,0.1470865276535699,0.2622813627991326,0.14715300178855584,0.26260015925030533
900,15.0,feeder2_342,0.16263837248644772,0.28937732495089347,0.16270594913317726,0.2897499991499292
900,15.0,feeder2_368,0.16295998905199663,0.28837919023927927,0.1630335616789622,0.2887434557486131
900,15.0,feeder2_347,0.169958619994662,0.3045290720640127,0.17003447830906518,0.30492313814402733
900,15.0,feeder2_353,0.17347286530888148,0.3126109420108118,0.1735493309334181,0.31302238314099134
900,15.0,feeder2_518,0.17119124403549943,0.3034410237730863,0.17126964001351366,0.3038336785366053
900,15.0,feeder2_365,0.1773874879716522,0.32163087798875856,0.17746460338438258,0.3220599038167409
900,15.0,feeder2_653,0.17337705783819318,0.3125215506364679,0.17345247137650172,0.31293470435908094
900,15.0,feeder2_377,0.17951442128350453,0.326523943745469,0.1795919420870059,0.3269634740744614
900,15.0,feeder2_622,0.17739611386680235,0.32166483382809413,0.17747181278707846,0.32209284272064853
900,15.0,feeder2_451,0.16302678627146558,0.28838287675110374,0.16309899079157447,0.2887451043589809
900,15.0,feeder2_383,0.16347165404240357,0.28677054643520145,0.1635418235912296,0.28713876882749473
900,15.0,feeder2_385,0.1816445570859425,0.3301378386690787,0.18172676567274348,0.3305801357788065
900,15.0,feeder2_621,0.1808373278154938,0.3327968291518349,0.18091748537569066,0.33323532990361027
900,15.0,feeder2_611,0.1633858495472871,0.28668781647733965,0.16345950672485113,0.28704788704941375
900,15.0,feeder2_405,0.16350501842231796,0.2866751321767764,0.16357484449623932,0.28703688601681543
900,15.0,feeder2_461,0.19032977627227132,0.34498414650085774,0.19041567959677647,0.3454644121247714
900,15.0,feeder2_594,0.1815448682535683,0.33004176752478426,0.1816240896277208,0.3304843019994634
900,15.0,feeder2_732,0.15891668224594938,0.2827942600713851,0.15898368021708958,0.28316466304369864
900,15.0,feeder2_417,0.16410813569568714,0.2869109140011229,0.1641765474230267,0.28727578285471445
900,15.0,feeder2_663,0.1641293235276186,0.2869939327138563,0.16419815586163763,0.2873579500598769
900,15.0,feeder2_444,0.16456228485158558,0.2870767811637447,0.16462959880440875,0.2874362819355422
900,15.0,feeder2_759,0.17399067584801614,0.28264828485400895,0.17405719368767433,0.2829999939065051
900,15.0,feeder2_842,0.16496285983632145,0.28891987848452705,0.16503209247753053,0.2892819450211343
900,15.0,feeder2_459,0.16455615458388673,0.287277192595868,0.16462742078542983,0.28763176351677877
900,15.0,feeder2_702,0.16553471449213739,0.2872919606431467,0.1656043871052791,0.28764984181351
900,15.0,feeder2_493,0.16446014989648608,0.28798923747659644,0.16452836946624871,0.28835183220218447
900,15.0,feeder2_651,0.18998165787298418,0.3476329767814385,0.19007011533410453,0.34810867222210407
900,15.0,feeder2_684,0.19715851130840664,0.35411853963314593,0.19724977888381268,0.35461988172852016
900,15.0,feeder2_674,0.1642137608730033,0.2877558246039059,0.16428532581855423,0.2881139775575141
900,15.0,feeder2_696,0.16451827412227332,0.2911319218780768,0.16459118209917592,0.2914877889047395
900,15.0,feeder2_681,0.1635890190014111,0.28716512705895225,0.16366074306160897,0.2875243479004314
900,15.0,feeder2_682,0.1641395534050325,0.28768395816235065,0.16421090740300615,0.2880419149398837
900,15.0,feeder2_728,0.19667267439607605,0.34867262479776673,0.19676487879310192,0.34917318651579277
900,15.0,feeder2_724,0.20512267498644055,0.3760707806103571,0.20521862187395595,0.37659307879044635
900,15.0,feeder2_703,0.16455551458867362,0.2912840286502666,0.16462576124779754,0.29164818514895846
900,15.0,feeder2_704,0.1642208743389454,0.2922743498134943,0.164292121495016,0.29262967001290624
900,15.0,feeder2_754,0.20518497245485615,0.37607293429429156,0.20527902854142321,0.3766000864574922
900,15.0,feeder2_747,0.20837248667837988,0.38503552280967746,0.20847084134916002,0.3855720381164977
900,15.0,feeder2_828,0.19359462148980347,0.34585472450503035,0.1936844829771941,0.34635923306741795
900,15.0,feeder2_763,0.19734392336818696,0.34508303107195254,0.1974364703569408,0.34558287794179676
900,15.0,feeder2_836,0.2088231062176816,0.3867690134042372,0.20892107368146653,0.38730742152986036
900,15.0,feeder2_758,0.21104108370762759,0.39202304059179854,0.21113777767409586,0.3925698396298212
900,15.0,feeder2_788,0.22383703892411302,0.39040329207226854,0.22392680472330972,0.3909295731900305
900,15.0,feeder2_812,0.21763429789514147,0.4145294500232198,0.21773724253086,0.41512922628345833
900,15.0,feeder2_947,0.2001081617116705,0.34265453156243003,0.2001992174690257,0.3431534873541923
900,15.0,feeder2_868,0.198812463087484,0.3441605058014392,0.19890193343748983,0.34466356607732856
900,15.0,feeder2_785,0.19731112426711844,0.34399728240725536,0.1974028963097343,0.3445002231813001
900,15.0,feeder2_1176,0.1973682029810027,0.34418788251953214,0.1974559526773452,0.3446956162626756
900,15.0,feeder2_846,0.19617641046946319,0.34323927768144813,0.19626450291178277,0.3437486901320936
900,15.0,feeder2_911,0.19777778507713784,0.3426525528019815,0.19786657452863288,0.3431538484378792
900,15.0,feeder2_1107,0.21897194805036851,0.4170351004511002,0.21907486128717366,0.4176280945907858
900,15.0,feeder2_920,0.21912956426086572,0.42029676687287176,0.21923197903932962,0.4209143351865356
900,15.0,feeder2_926,0.22149759146663262,0.4295992616009806,0.2216050643964205,0.4302388067011744
900,15.0,feeder2_1239,0.21898478900892926,0.41965866897750664,0.21909041226094075,0.42027415803169416
900,15.0,feeder2_933,0.22248179072055402,0.4340757906579229,0.22258990430530398,0.43472673938197876
900,15.0,feeder2_1146,0.2218307019467428,0.4282034095795535,0.22193672784810037,0.4288481233863095
900,15.0,feeder2_1124,0.22250004742351606,0.43412751678843264,0.22260938123491716,0.43477827840910765
900,15.0,feeder2_942,0.22498286289146696,0.44553420431921203,0.22509617863170706,0.4462108558511029
900,15.0,feeder2_952,0.23048401395844484,0.4738651911693352,0.23060134499139343,0.4745778967486898
900,15.0,feeder2_965,0.22475461361672172,0.444094825488212,0.22486468237941779,0.44477564067926895
900,15.0,feeder2_961,0.2310418130200858,0.477089770777891,0.231158615637343,0.4778134312468815
900,15.0,feeder2_963,0.230492656787336,0.4738337694646166,0.23061100246838784,0.47454967370879153
900,15.0,feeder2_973,0.2340309656195273,0.49434921961504014,0.23415253922833917,0.4950894866519503
900,15.0,feeder2_1128,0.2310296809489814,0.47703625123922944,0.23114724717918342,0.4777570287120114
900,15.0,feeder2_1113,0.2311926893254749,0.47318052278377604,0.2313133642518434,0.4738953631139227
900,15.0,feeder2_1143,0.2306751765015883,0.4735206513380087,0.2307931750987873,0.4742330432511075
900,15.0,feeder2_1238,0.23373909892066602,0.43911555641080086,0.233850183623089,0.43978405801715187
900,15.0,feeder2_979,0.22435341637770592,0.4425646355773469,0.22446498543588297,0.4432477930537603
900,15.0,feeder2_1236,0.23839957173250104,0.5194910264467336,0.23852748505943672,0.5202627378826435
900,15.0,feeder2_989,0.23403225401482405,0.49435701151152206,0.23414898174641802,0.49510367611478484
900,15.0,feeder2_1196,0.21707612494980505,0.43676951741891584,0.21718837597064308,0.4374557020146845
900,15.0,feeder2_1158,0.23431939189334028,0.4953690223630156,0.2344402713210006,0.4961099870775346
900,15.0,feeder2_1122,0.2194130279388332,0.4157574480790354,0.21951463420857886,0.41634643543124844
900,15.0,feeder2_1258,0.2180493066504017,0.41980869413159577,0.21814950805869207,0.42040154682790287
900,15.0,feeder2_1303,0.2224929339916297,0.41422714911879455,0.22259691077260862,0.4148060949551414
900,15.0,feeder2_1138,0.219598533650216,0.4152100299356912,0.2197008603583226,0.4157950946375777
900,15.0,feeder2_1304,0.2195548131203334,0.41516956503091046,0.21965447390985107,0.4157562633663886
900,15.0,feeder2_1212,0.2200021317947862,0.4140951020768002,0.22010421982004758,0.4146732120131857
900,15.0,feeder2_1311,0.22507437846689934,0.41210009355183935,0.2251753834598836,0.41267569087910116
900,15.0,feeder2_1290,0.21992925154606627,0.4140100884696133,0.2200306735725491,0.4145999239307608
900,15.0,feeder2_1325,0.2423873454529003,0.5402727842972491,0.24251420244642338,0.5410857214737118
900,15.0,feeder2_1248,0.23841315212514222,0.5195582515651318,0.23853538306187042,0.5203371873779836
900,15.0,feeder2_1249,0.2344637327016873,0.4391065912686478,0.23457287609384958,0.439774129033735
900,15.0,feeder2_1250,0.23832122040318887,0.43572785678846204,0.2384284080930001,0.4363967565493403
900,15.0,feeder2_1366,0.2373592677190989,0.5211791431598859,0.23748313453270659,0.5219548466998484
900,15.0,feeder2_1266,0.21775213003696692,0.42166328983292534,0.21785639384377264,0.4222560195292566
900,15.0,feeder2_1372,0.2199878416797954,0.414160999530816,0.22008986970194255,0.4147456569748002
900,15.0,feeder2_1363,0.2198775756672709,0.4136875233689808,0.2199792897912228,0.414278244512039
900,15.0,feeder2_1446,0.2449125216437043,0.5386381567583859,0.24503797202371078,0.5394497116833235
900,15.0,feeder2_1502,0.24648543983227478,0.5657949489531298,0.2466223947444792,0.5666472793473449
900,15.0,feeder2_1428,0.2197935865985304,0.41360932044680193,0.21989328100719593,0.41420206618202526
900,15.0,feeder2_1380,0.2198449187739344,0.4134462930178746,0.21994979534730003,0.41403487475842654
900,15.0,feeder2_1550,0.2226739678026247,0.41221160170360077,0.2227762865437724,0.41279942777489276
900,15.0,feeder2_1386,0.2196275068718456,0.41384041086522894,0.21972823485410853,0.41443471715871666
900,15.0,feeder2_1551,0.2195164980842345,0.4137374886998845,0.21961605723769326,0.41433421622111466
900,15.0,feeder2_1400,0.21952976932526122,0.41406003835039684,0.21963074437972271,0.41465425520150034
900,15.0,feeder2_1552,0.21812372440017294,0.41278932718850786,0.21822408474369256,0.41338863468221704
900,15.0,feeder2_1408,0.21949015777485925,0.4152240755669202,0.21959282284557347,0.41582029202161114
900,15.0,feeder2_1553,0.21893591589940828,0.41513160051704484,0.21903348710683915,0.4157334294932403
900,15.0,feeder2_1416,0.21953076673006672,0.41589124915162123,0.21963253132638924,0.41649253729703617
900,15.0,feeder2_1530,0.2196150226904368,0.41588927390098723,0.21971466156253316,0.4164933447425071
900,15.0,feeder2_1425,0.2196049291665237,0.4171635137025665,0.21970410967779253,0.41776706785280293
900,15.0,feeder2_1589,0.21903246809827157,0.41714692798784075,0.21913685211220613,0.4177496690851834
900,15.0,feeder2_1435,0.2196491611986259,0.41743982548462544,0.21974998553982253,0.41804388031464756
900,15.0,feeder2_1621,0.22036914579213596,0.42061666521291385,0.22047053592755247,0.4212207006631059
900,15.0,feeder2_1564,0.2196221214054567,0.4173163281027941,0.21972436281495777,0.41792357719342293
900,15.0,feeder2_1704,0.2500673821976734,0.5791391519238942,0.25020641514012854,0.5799961125978219
900,15.0,feeder2_1525,0.24680999420961122,0.5676094563034982,0.24694580078517278,0.5684754668096326
900,15.0,feeder2_1716,0.24769740675642787,0.5715030927537617,0.2478349378730937,0.5723683124403567
900,15.0,feeder2_1537,0.24708655134858057,0.569066072745299,0.24722665942049027,0.5699412991932707
900,15.0,feeder2_1645,0.2463832636812765,0.568528656907686,0.24652240740200415,0.5694065951070156
900,15.0,feeder2_1561,0.24748039966577978,0.5710549687157105,0.24761948655015326,0.5719428121935716
900,15.0,feeder2_1657,0.24751484013391128,0.5710430813461544,0.2476512983779948,0.5719392982278717
900,15.0,feeder2_1570,0.24765000014541286,0.571918251532588,0.2477912413278637,0.5728164636958774
900,15.0,feeder2_1756,0.2567781808097926,0.5658789335891785,0.25691335516793223,0.5667698827292841
900,15.0,feeder2_1588,0.2477384619947804,0.573067837909901,0.24787964129264783,0.5739663911013321
900,15.0,feeder2_1628,0.2482078322877223,0.5728784478122024,0.24834976310920473,0.5737772437586914
900,15.0,feeder2_1598,0.24784331170578194,0.5745634794926691,0.247985940015382,0.5754720065978625
900,15.0,feeder2_1816,0.2626835116099061,0.6141003003707791,0.26283837474148625,0.6150176744546718
900,15.0,feeder2_1765,0.2479204250532584,0.5747607463281859,0.24806593678333347,0.5756690444175788
900,15.0,feeder2_1641,0.2463974976919424,0.5701259753231323,0.24654251968354426,0.571070375812362
900,15.0,feeder2_1689,0.24462148980396226,0.5691591255632025,0.24477007845700774,0.570130200732572
900,15.0,feeder2_1744,0.24855421931295227,0.5683133870056886,0.24869658539175865,0.5692603208327146
900,15.0,feeder2_1817,0.24238944078158786,0.5651199739636695,0.24253896671797612,0.5661003646443689
900,15.0,feeder2_1779,0.2446386544637543,0.57116952557131,0.2447861637745863,0.5721473267057943
900,15.0,feeder2_1800,0.24456745693789625,0.5691192985294973,0.24471624389414587,0.570090531537237
900,15.0,feeder2_1818,0.24288350805850095,0.5676903863441923,0.24304293215701694,0.5687115243272639
900,15.0,feeder2_1753,0.2527875503001303,0.5651562474031263,0.2529298954600518,0.5660977372899247
900,15.0,feeder2_1754,0.24912693783386217,0.5677507674957494,0.2492681967131274,0.5686989741963246
930,15.5,secondary,0.018172184048722156,0.019982660403130115,0.018176439376235178,0.019986954350876652
930,15.5,feeder2_44,0.03381444927936146,0.10420954494695976,0.033822880095039864,0.10423858837155255
930,15.5,feeder2_45,0.034334947154447445,0.10698684631275987,0.03434352319041581,0.10701407791972557
930,15.5,feeder2_46,0.03497760371732669,0.10976531255377422,0.03498734956720199,0.10979272709511335
930,15.5,feeder2_51,0.035240190950488685,0.111823151092375,0.035251881911456576,0.11184791517158191
930,15.5,feeder2_48,0.03442381774239421,0.10688846628469507,0.034433291613736317,0.10691285842888826
930,15.5,feeder2_52,0.03205379163108835,0.10994656305891488,0.03206640378985642,0.10997343231103467
930,15.5,feeder2_68,0.038006140128017396,0.12629012331742212,0.038014918742704996,0.12632278007600817
930,15.5,feeder2_69,0.038105352063469114,0.12648144114377166,0.038117071972502053,0.12651180819800698
930,15.5,feeder2_71,0.03837081663482305,0.128199556962408,0.038383261525845876,0.12823170064288628
930,15.5,feeder2_72,0.0384734196499007,0.12808827228742425,0.03848711796136355,0.12811734176344883
930,15.5,feeder2_73,0.03951292816095498,0.13418852218190896,0.03952330447946698,0.1342256605125453
930,15.5,feeder2_74,0.039381885343400626,0.13410906630505237,0.03939663959092494,0.1341381342914114
930,15.5,feeder2_77,0.040496506870103095,0.1393431349715135,0.0405118676813994,0.1393750560992648
930,15.5,feeder2_79,0.040563702096061846,0.13947233694974048,0.04057338167910282,0.1395100350202908
930,15.5,feeder2_81,0.042042521580993766,0.14744954927472387,0.04205884913597279,0.1474855115884035
930,15.5,feeder2_82,0.043656939589485085,0.14583270223399045,0.043667092296199306,0.14586955332872079
930,15.5,feeder2_116,0.04903413998872513,0.18520005913978915,0.04904818014621755,0.18524957319154362
930,15.5,feeder2_119,0.047964069841958015,0.18592739647635773,0.04798150436629331,0.18597475734418942
930,15.5,feeder2_120,0.051839099199195784,0.19890004361754884,0.0518529171914786,0.19895482946080947
930,15.5,feeder2_248,0.049935717785106165,0.19919248151783822,0.04995072263811603,0.19924626890951502
930,15.5,feeder2_124,0.05377282477572969,0.2073161275645593,0.05379021988923713,0.20736916586913207
930,15.5,feeder2_282,0.05502008523394416,0.2060325786720696,0.05503534310902553,0.206088732477469
930,15.5,feeder2_275,0.05292205034150143,0.2076904849193548,0.052934716216484164,0.20774774925279463
930,15.5,feeder2_151,0.057351033481652734,0.22247247576104842,0.057365818127316455,0.2225314646399843
930,15.5,feeder2_295,0.058474429156217304,0.22444979573294746,0.05848938126973952,0.22451060877043036
930,15.5,feeder2_311,0.05742413958655741,0.22259023940831105,0.05743906966586109,0.22264734794305024
930,15.5,feeder2_201,0.06274342684577777,0.24468384206530147,0.06276592815778946,0.2447460578153993
930,15.5,feeder2_314,0.0627713476079208,0.2446519450775704,0.06278801428044285,0.24471761844454706
930,15.5,feeder2_342,0.07044476838679839,0.2763411630422286,0.07046334131044273,0.27641793600865705
930,15.5,feeder2_368,0.07294801506225233,0.2870831159615106,0.07296751123287117,0.2871583125288416
930,15.5,feeder2_347,0.07030240801405022,0.27201845774617534,0.07032660442821338,0.27209072758836844
930,15.5,feeder2_353,0.07023726518350783,0.26992978652786986,0.07025500469279639,0.27000983502123116
930,15.5,feeder2_518,0.07032672031705438,0.2719926388956969,0.07034775271963412,0.2720651009601608
930,15.5,feeder2_365,0.07017648161257967,0.26769501215004166,0.07019482246585887,0.2677752549540392
930,15.5,feeder2_653,0.0701385451076579,0.2698617187701677,0.0701636821608533,0.26993434217421114
930,15.5,feeder2_377,0.07012371149523318,0.26616674994524986,0.07014398720723854,0.26624253374344625
930,15.5,feeder2_622,0.06972930282000593,0.268883856500447,0.0697521072809008,0.26895504200917536
930,15.5,feeder2_451,0.07297196407711598,0.2870516855966605,0.07298983810605283,0.2871259821914004
930,15.5,feeder2_383,0.07707510946620097,0.3045108179151057,0.07709583654009178,0.3045877395025572
930,15.5,feeder2_385,0.06992829499186873,0.2637300945484809,0.06994821673145987,0.2638101963203041
930,15.5,feeder2_621,0.07134592767153021,0.2682412741947536,0.07136761068090444,0.26831873408298174
930,15.5,feeder2_611,0.07698985134319936,0.30445074721333404,0.07700810702130689,0.3045293290319972
930,15.5,feeder2_405,0.07733705944649055,0.305604958515319,0.07735985455475683,0.30567891843186074
930,15.5,feeder2_461,0.06974599210360366,0.25439136235483134,0.06976936719124165,0.25446971091524445
930,15.5,feeder2_594,0.06864671875071525,0.2637282051781309,0.06866542390820632,0.26380958315371156
930,15.5,feeder2_732,0.07124418986241378,0.3032852438444506,0.0712664459807916,0.303360772286649
930,15.5,feeder2_417,0.07967922968590181,0.31447585540677475,0.07970248893343322,0.3145491501280314
930,15.5,feeder2_663,0.07949904904106651,0.3153927800628845,0.07952308057300653,0.315464597755003
930,15.5,feeder2_444,0.08144773150736867,0.32091479455031824,0.08146761968291864,0.32099456281071787
930,15.5,feeder2_759,0.0819412843327838,0.32010155366733745,0.08196090571603118,0.3201760335793331
930,15.5,feeder2_842,0.08356204219438113,0.32405351084673173,0.08358558070958103,0.3241241443004005
930,15.5,feeder2_459,0.08202911455782808,0.3230257328013786,0.08205521992829602,0.32309829183197103
930,15.5,feeder2_702,0.08396062778095377,0.3206508884720983,0.08398161907335597,0.32072417954416993
930,15.5,feeder2_493,0.0841541318168362,0.3318949628968085,0.08417698562052069,0.3319686634981945
930,15.5,feeder2_651,0.0705293802606164,0.2557008035848234,0.07055264718200803,0.255780096097617
930,15.5,feeder2_684,0.06934103192804524,0.24577105021179255,0.06936627530454924,0.2458462731444404
930,15.5,feeder2_674,0.08370585400461657,0.3316076649667223,0.08373063157725077,0.33168137324188013
930,15.5,feeder2_696,0.09087506535967611,0.3590130906395741,0.09089859546005376,0.35908783453165344
930,15.5,feeder2_681,0.08252862033517068,0.33085757803047283,0.08255364966977068,0.3309319520563374
930,15.5,feeder2_682,0.08363282760172998,0.3315567412659836,0.0836572684168792,0.33163178005496824
930,15.5,feeder2_728,0.06895871887626986,0.24484402292152302,0.06897937387300179,0.24492160845465438
930,15.5,feeder2_724,0.06958859837683894,0.23955086690455601,0.06961636103416549,0.2396191314265506
930,15.5,feeder2_703,0.09100403331497885,0.3591891151387661,0.09102207448042611,0.3592677325379249
930,15.5,feeder2_704,0.0981066393457507,0.3691888448915824,0.09813449585517146,0.3692627700667391
930,15.5,feeder2_754,0.06962351527050246,0.2395377122523836,0.06965000747063656,0.23960754252411315
930,15.5,feeder2_747,0.06970674935053203,0.23715821470197607,0.06973313343676626,0.23722640560718267
930,15.5,feeder2_828,0.06797717491894277,0.2441220240115423,0.06800213957246955,0.24419725125287792
930,15.5,feeder2_763,0.06877964606699515,0.24464605888871535,0.06880618915623998,0.24472209679393805
930,15.5,feeder2_836,0.0706952591511108,0.23897950779700447,0.07072229957477028,0.23904785952110147
930,15.5,feeder2_758,0.06965834009117967,0.23439147066688687,0.06968270728392123,0.23446425257218761
930,15.5,feeder2_788,0.0710243569216761,0.2330956541694287,0.07104995864862024,0.23316060701187516
930,15.5,feeder2_812,0.069252058035746,0.22790623716460473,0.06927355835520566,0.2279707494695686
930,15.5,feeder2_947,0.06884564294342459,0.24461198239182666,0.06886726478414276,0.24468714195952443
930,15.5,feeder2_868,0.06952405247508021,0.24402517798848594,0.06954509557892835,0.24410114798883048
930,15.5,feeder2_785,0.0685769139480611,0.24492090952943382,0.06859953839638391,0.2449978518765246
930,15.5,feeder2_1176,0.06754765973735172,0.2479325353717309,0.0675709424051186,0.24800984872264042
930,15.5,feeder2_846,0.06734267525910903,0.24436832513107373,0.06736769091414173,0.244440960069748
930,15.5,feeder2_911,0.06857820910752606,0.24490966596452832,0.06860129645548309,0.24498612118524077
930,15.5,feeder2_1107,0.06861705188989717,0.22814403976040942,0.0686408182810343,0.22820686206787444
930,15.5,feeder2_920,0.06932741993192448,0.2261486842319898,0.06935034893874663,0.22620877566051772
930,15.5,feeder2_926,0.06968611510888072,0.22433426729681202,0.06971211175289592,0.22439335684982029
930,15.5,feeder2_1239,0.06903733278394228,0.22536666905839203,0.06906439076203358,0.22542447922574127
930,15.5,feeder2_933,0.06978481978587726,0.22387667431680025,0.0698096900403259,0.2239306617812485
930,15.5,feeder2_1146,0.06997093632991794,0.22298285799628817,0.06999692791204706,0.2230358238155309
930,15.5,feeder2_1124,0.0698157679529942,0.22392610591785864,0.06984291835169884,0.2239801055038959
930,15.5,feeder2_942,0.07002500452042568,0.22282109434319336,0.0700544718281592,0.22286777735337876
930,15.5,feeder2_952,0.07172039780092741,0.23221735265319285,0.07174964378914002,0.23226063632610103
930,15.5,feeder2_965,0.06985104659622215,0.22143685104466368,0.0698762279324282,0.2214859772502699
930,15.5,feeder2_961,0.07187973285661034,0.23333301697962605,0.07190918522598261,0.2333730605094354
930,15.5,feeder2_963,0.07172550205243819,0.23219868581680056,0.07175314530484561,0.23224289627884886
930,15.5,feeder2_973,0.07273428567683224,0.23931649842782077,0.07276358915602998,0.23935678575874186
930,15.5,feeder2_1128,0.07186900569089227,0.23327481028788938,0.07189163790827145,0.23332185209174855
930,15.5,feeder2_1113,0.07242311289945079,0.23161471481248772,0.0724465817672979,0.23166617801869813
930,15.5,feeder2_1143,0.07171903890602419,0.23254371323510847,0.07174443291439139,0.23259096014515918
930,15.5,feeder2_1238,0.08086917980420885,0.21697499531341596,0.08089058905462365,0.2170133975049138
930,15.5,feeder2_979,0.0695463564291792,0.21992730066024585,0.06957404932757727,0.21997733718457663
930,15.5,feeder2_1236,0.07373378589964374,0.24619275114921754,0.073761132260387,0.24623718486900037
930,15.5,feeder2_989,0.07273679778190212,0.23933563090474058,0.07276319960795857,0.23937931525117098
930,15.5,feeder2_1196,0.06284557480409424,0.21401998125812166,0.0628677568234619,0.21407697295248587
930,15.5,feeder2_1158,0.07307495682662561,0.24177271520349658,0.07310451380174113,0.24181416179205878
930,15.5,feeder2_1122,0.06825626787855961,0.227656696774666,0.06827782802781433,0.22772108409759304
930,15.5,feeder2_1258,0.0690294407064149,0.2288884461023378,0.06905505595443802,0.2289505248648775
930,15.5,feeder2_1303,0.06892021414985179,0.22755027450821044,0.06894214064822506,0.22761278093136797
930,15.5,feeder2_1138,0.06797778579301464,0.22726844001854304,0.06800393919355949,0.22733052364777612
930,15.5,feeder2_1304,0.06729558853000461,0.22730908338672662,0.06731872639227933,0.22737346068363715
930,15.5,feeder2_1212,0.06759644697441929,0.22651582800817566,0.06761726219412649,0.22658037721667268
930,15.5,feeder2_1311,0.06962167480050954,0.22609754626020306,0.06964494054499941,0.22615600305257458
930,15.5,feeder2_1290,0.0671075252888881,0.22569899440015778,0.06713175385011193,0.22576264253582967
930,15.5,feeder2_1325,0.07466030412963524,0.25226876481269656,0.07468833825136041,0.25230469400984873
930,15.5,feeder2_1248,0.07373549821842622,0.24620940543441527,0.07376292267979268,0.2462518996072756
930,15.5,feeder2_1249,0.08393072369036823,0.2158121919537193,0.08395092772409624,0.21584614286036005
930,15.5,feeder2_1250,0.08161771281505016,0.21703208349872044,0.08164356194146888,0.21706281883395137
930,15.5,feeder2_1366,0.07304571276803183,0.24804732622607,0.07307512887502973,0.24808954431473945
930,15.5,feeder2_1266,0.06941279749781121,0.22957388151395308,0.06944056692779223,0.22963644341820977
930,15.5,feeder2_1372,0.06709339063665312,0.22582291844291308,0.06711792852894595,0.22588652103668308
930,15.5,feeder2_1363,0.0666273307248626,0.22466546422415687,0.06665343846806128,0.2247306289971768
930,15.5,feeder2_1446,0.07668210428337821,0.25174050146824667,0.07670945163525318,0.2517734731724733
930,15.5,feeder2_1502,0.07551043237924764,0.25958231588883696,0.07553680790486539,0.2596187833562824
930,15.5,feeder2_1428,0.06654053478665131,0.22459209298563917,0.06656694514426259,0.2246619291337364
930,15.5,feeder2_1380,0.06607302537768141,0.2236055327992377,0.06609696688252267,0.22367648821566263
930,15.5,feeder2_1550,0.06662760289332928,0.2238336635803533,0.06664920902458092,0.22390616243625974
930,15.5,feeder2_1386,0.06584776121508708,0.22293192719829766,0.06586932826860994,0.22301127214013708
930,15.5,feeder2_1551,0.0657333117006467,0.22283666241244,0.06575192908717493,0.22291314160590373
930,15.5,feeder2_1400,0.06574572707732985,0.22264889183771577,0.06576716640225164,0.22272495246569934
930,15.5,feeder2_1552,0.06267076179731465,0.22106171706932973,0.06269507209589963,0.22114207239588335
930,15.5,feeder2_1408,0.06592184401016953,0.22305736223466077,0.0659459026074522,0.22313089710692713
930,15.5,feeder2_1553,0.06462916848919927,0.22328218412977366,0.06464925527881317,0.22336432688087898
930,15.5,feeder2_1416,0.06612051786514617,0.22327747714882767,0.06614648382231814,0.22335261626809655
930,15.5,feeder2_1530,0.06772704366280727,0.22177039678437943,0.06774918661280845,0.22184509468805794
930,15.5,feeder2_1425,0.06634652276858766,0.22445495785481978,0.06637031724020544,0.22452885816271495
930,15.5,feeder2_1589,0.0662730584866838,0.22439715636293234,0.06629785049646494,0.2244724753023075
930,15.5,feeder2_1435,0.06639343987046957,0.22469818443698716,0.06641428736388137,0.22477537755008695
930,15.5,feeder2_1621,0.06771943528048825,0.22746888201445806,0.0677435436001448,0.22754538643172517
930,15.5,feeder2_1564,0.06636932585266232,0.2245822897031749,0.06639331789994157,0.22466199122408315
930,15.5,feeder2_1704,0.0750656198077624,0.2606898856173808,0.07509205821825564,0.2607298622338207
930,15.5,feeder2_1525,0.07571870044624189,0.2610494004140759,0.07575058011567058,0.2610806760391554
930,15.5,feeder2_1716,0.07758349331065255,0.26389236104052666,0.07761647621971943,0.26392561458242375
930,15.5,feeder2_1537,0.07585134179177887,0.26229155749842825,0.07588398006610853,0.2623235317608652
930,15.5,feeder2_1645,0.07565476386682707,0.2621024212928839,0.07568508551188075,0.26213944288580127
930,15.5,feeder2_1561,0.0760217395013914,0.26381489143563164,0.07605320321405064,0.2638457220112811
930,15.5,feeder2_1657,0.07604656426171343,0.2638244160326132,0.07607922296632298,0.2638538183046421
930,15.5,feeder2_1570,0.0760955173515018,0.2644706800898625,0.07612885539140274,0.2645013108005677
930,15.5,feeder2_1756,0.07974643735229256,0.2652477406066738,0.07977426641408522,0.265271193565297
930,15.5,feeder2_1588,0.0761658973800866,0.2649998172732109,0.07619299653508754,0.26503619740502343
930,15.5,feeder2_1628,0.07734052607189895,0.26448952402688874,0.07736659129200481,0.26452640881093314
930,15.5,feeder2_1598,0.07621768073818759,0.26578029413005155,0.07624456406005917,0.26581732043153306
930,15.5,feeder2_1816,0.0792980255112194,0.2716837415402837,0.07932973805160332,0.27171948201307655
930,15.5,feeder2_1765,0.07632656150695863,0.2659396765152295,0.07635381590827889,0.26597372263582797
930,15.5,feeder2_1641,0.07609427522023371,0.267844758807709,0.07612841279917186,0.2678769242480293
930,15.5,feeder2_1689,0.07601065469169058,0.26936416769161703,0.07604442276013333,0.2694007686969958
930,15.5,feeder2_1744,0.07638909188634384,0.267935351914267,0.07642407412827582,0.26797054607436704
930,15.5,feeder2_1817,0.07566924488352729,0.26752056189251705,0.07569828668806428,0.2675629998910059
930,15.5,feeder2_1779,0.07684834982736038,0.270102524712235,0.07687758189587703,0.2701458035017672
930,15.5,feeder2_1800,0.07595628930052828,0.26931183515265694,0.07599075346940175,0.2693513296241392
930,15.5,feeder2_1818,0.07305078350247005,0.27314204262458835,0.07308503418169239,0.2731851420409771
930,15.5,feeder2_1753,0.07728305727021424,0.2682083060350389,0.0773139276628505,0.2682431172387761
930,15.5,feeder2_1754,0.07640422798678638,0.2679408537048944,0.07643460994371674,0.2679755743572765
960,16.0,secondary,0.06722292024694988,0.04945517072265253,0.06719565871141628,0.04941986558931593
960,16.0,feeder2_44,0.12528100486159652,0.2583084173180522,0.12523152632368195,0.25812095636285964
960,16.0,feeder2_45,0.12745960945506987,0.26629650700813967,0.12741145414104865,0.26610816897302936
960,16.0,feeder2_46,0.12407708545035337,0.26003898680409954,0.12402976141346364,0.2598532117191531
960,16.0,feeder2_51,0.13114997157736502,0.2803481215713873,0.1310990597071688,0.2801456707017719
960,16.0,feeder2_48,0.1295086801773288,0.2649032092689851,0.12945836129047533,0.264714972386385
960,16.0,feeder2_52,0.1310141310609296,0.2801150566747795,0.130964593637199,0.27991790324388727
960,16.0,feeder2_68,0.1416061016393412,0.3200496840210302,0.14155294314297995,0.3198185837433554
960,16.0,feeder2_69,0.14098365174262928,0.32099462107676874,0.1409278459587863,0.32076580862784004
960,16.0,feeder2_71,0.14299231654888633,0.3252763017253888,0.14293738325537908,0.3250425998331335
960,16.0,feeder2_72,0.14529015800756814,0.3265669907605455,0.14523498280255037,0.3263382000408756
960,16.0,feeder2_73,0.14728891788859957,0.3414573127126047,0.14723106451478626,0.3412149490781624
960,16.0,feeder2_74,0.14774215816757771,0.34032559105120364,0.147686716146661,0.3400795687558654
960,16.0,feeder2_77,0.15100013141483218,0.3555478423899658,0.15094171532361303,0.35529268572510253
960,16.0,feeder2_79,0.15096223836738001,0.3556073307433166,0.15090456218094692,0.35535879990338864
960,16.0,feeder2_81,0.156879251124387,0.37782308665248526,0.15681952367873833,0.3775572553899706
960,16.0,feeder2_82,0.15694232666672794,0.3778617022634138,0.15688447968586908,0.37759319170477545
960,16.0,feeder2_116,0.1834260021788874,0.47791409562428117,0.1833576752745071,0.4775768948632663
960,16.0,feeder2_119,0.18338333195757436,0.4778454650139396,0.1833116727342015,0.4775082511792391
960,16.0,feeder2_120,0.19333091147466347,0.5151022214077403,0.1932566621925293,0.514734030017819
960,16.0,feeder2_248,0.1917356752621691,0.5126604050408802,0.19166069320425866,0.5122982047972385
960,16.0,feeder2_124,0.19963526690364367,0.538970188115559,0.1995569064161892,0.5385839487064054
960,16.0,feeder2_282,0.21862916612851208,0.550163952479134,0.2185541669627924,0.5497919065214885
960,16.0,feeder2_275,0.1995468722550292,0.5388449965112563,0.19946891888879695,0.5384599007464307
960,16.0,feeder2_151,0.20877260440965653,0.5730867075648125,0.20868931548835057,0.5726681041505096
960,16.0,feeder2_295,0.20547186543660814,0.5797662909776748,0.20538929345962484,0.5793440738892099
960,16.0,feeder2_311,0.20874952790497597,0.5731348452388935,0.20866984815833814,0.5727173300421669
960,16.0,feeder2_201,0.22299682572949922,0.6219454696579706,0.22290935573126297,0.6214873579161324
960,16.0,feeder2_314,0.22367804982762057,0.6216949488473763,0.22358896050858496,0.6212309200225266
960,16.0,feeder2_342,0.2428577656353556,0.691853707957461,0.2427595030781375,0.6913259657757568
960,16.0,feeder2_368,0.24256742643188148,0.6941119832718928,0.24246715760706342,0.6935793444128486
960,16.0,feeder2_347,0.25252627037027275,0.7223542320362425,0.2524250643284581,0.7218045709715109
960,16.0,feeder2_353,0.2573350535822857,0.7376467510086386,0.25722819288169646,0.7370863851012248
960,16.0,feeder2_518,0.25260485338846844,0.7224109150907648,0.25249885059953336,0.7218622834633728
960,16.0,feeder2_365,0.2626817728084686,0.7547642753813694,0.2625732510138926,0.7541898397626
960,16.0,feeder2_653,0.2572613310465638,0.7375428281554612,0.25715387210316976,0.7369839653727701
960,16.0,feeder2_377,0.2655857037780103,0.7641007825410677,0.26547342175471944,0.7635243508553294
960,16.0,feeder2_622,0.26267412799386924,0.7547779382410263,0.262563937945012,0.7542046428263156
960,16.0,feeder2_451,0.24265574776267496,0.6941739776915299,0.24255749891499145,0.6936427576780628
960,16.0,feeder2_383,0.24210860428812817,0.6978497906803941,0.24200896443700193,0.6973093001023282
960,16.0,feeder2_385,0.2686603116633784,0.7734008064297291,0.2685458888129666,0.7728224240659066
960,16.0,feeder2_621,0.26226233662503645,0.7700700125924133,0.2621529305607629,0.769483560494721
960,16.0,feeder2_611,0.24225282367928147,0.6969174290238527,0.2421537046452348,0.6963796779494804
960,16.0,feeder2_405,0.24208576679169502,0.698142937971333,0.2419880762741249,0.6976020437976558
960,16.0,feeder2_461,0.2817724626081572,0.8151191133673543,0.2816523455115489,0.8145196751793458
960,16.0,feeder2_594,0.26757208679691163,0.7718227870400668,0.26745947001768267,0.7712412830575578
960,16.0,feeder2_732,0.23853852914330745,0.6933176823827303,0.23843720499519913,0.6927825049886392
960,16.0,feeder2_417,0.2421898640566092,0.7014139298283406,0.24208959526083104,0.70087763180289
960,16.0,feeder2_663,0.2396566855892126,0.7045290018743823,0.23955927490779635,0.7039867432239787
960,16.0,feeder2_444,0.24243093931191423,0.7030035386919045,0.2423338163439324,0.7024655548485568
960,16.0,feeder2_759,0.24258558285480625,0.7031064718664168,0.24248443434115063,0.7025647598805174
960,16.0,feeder2_842,0.24201475396055067,0.7040609825572806,0.241916099449243,0.703518176481912
960,16.0,feeder2_459,0.24250871460993334,0.7035051815460015,0.2424117246061635,0.702965281405131
960,16.0,feeder2_702,0.24586047664137078,0.7044323764071795,0.2457611782517243,0.7038933374190262
960,16.0,feeder2_493,0.24245043518078802,0.7049615902617932,0.24235040372517,0.7044159727669631
960,16.0,feeder2_651,0.27862935606805717,0.8194545032163169,0.2785090263020956,0.818848352911431
960,16.0,feeder2_684,0.2918453940454893,0.8474804079282565,0.29172225958437487,0.8468846246068896
960,16.0,feeder2_674,0.2421866230421375,0.7043939847407287,0.24208750990995387,0.703845870403412
960,16.0,feeder2_696,0.24285194007635583,0.7119446889283397,0.2427530417267673,0.7113869402642425
960,16.0,feeder2_681,0.24141487118905244,0.7032967791972472,0.24131606599662336,0.7027543021340535
960,16.0,feeder2_682,0.2422681389011994,0.7037057579840773,0.24216878120285598,0.7031603465763872
960,16.0,feeder2_728,0.29011517568776163,0.8405067385242437,0.2899912958925284,0.8399143722938831
960,16.0,feeder2_724,0.3056609425808852,0.8986158408626942,0.3055305339056322,0.8980178623840445
960,16.0,feeder2_703,0.24282830415246726,0.7120252609622317,0.2427284901924936,0.7114658139869103
960,16.0,feeder2_704,0.2416464951362529,0.7150558093762437,0.2415489302747964,0.71449585395848
960,16.0,feeder2_754,0.30672078230100486,0.8984769843893632,0.30658976347544814,0.897883441825087
960,16.0,feeder2_747,0.3111691932243651,0.919908436464649,0.31103607236368525,0.9193134048573673
960,16.0,feeder2_828,0.2855454564131335,0.8334496255175912,0.28542063145775276,0.8328587813838079
960,16.0,feeder2_763,0.2901448326032949,0.8405556503731646,0.29001772491879824,0.8399671872721423
960,16.0,feeder2_836,0.310654807907498,0.9202780550220456,0.3105194724105765,0.9196778488258571
960,16.0,feeder2_758,0.31588151490964617,0.938310270804389,0.31574334599121545,0.9377142565880915
960,16.0,feeder2_788,0.3190666426727784,0.9398885077974465,0.31893185889394904,0.9392954019150082
960,16.0,feeder2_812,0.32960952761835627,0.9934239837043085,0.3294674064140949,0.9928233912020902
960,16.0,feeder2_947,0.2903239182239673,0.8407033965127854,0.29020077259737387,0.840108456385385
960,16.0,feeder2_868,0.2905177105686455,0.8408447326281727,0.2903923834627206,0.8402522965918008
960,16.0,feeder2_785,0.2900880194390686,0.840332780565183,0.2899619759932129,0.8397411526214433
960,16.0,feeder2_1176,0.2900402891901081,0.8403775202767173,0.2899157784013809,0.8397840600324301
960,16.0,feeder2_846,0.28975548781469196,0.8398502472093984,0.28962806178719047,0.8392560353437403
960,16.0,feeder2_911,0.2901118830342016,0.8404176885811249,0.2899844817228367,0.8398256505930871
960,16.0,feeder2_1107,0.3373277405419118,1.021372689159441,0.3371855909678605,1.020796504942683
960,16.0,feeder2_920,0.3313517108454243,1.0014298372145103,0.33120782024636997,1.0008197791974065
960,16.0,feeder2_926,0.334014400433722,1.0136578842872954,0.33386908685987066,1.0130382709273975
960,16.0,feeder2_1239,0.33127337064066936,1.0010789355739445,0.3311294322552978,1.0004696304688507
960,16.0,feeder2_933,0.3351383770775178,1.0190504011232262,0.3349897263852718,1.0184237018132003
960,16.0,feeder2_1146,0.3342733661676049,1.013759731765907,0.33412531971035037,1.0131364861616239
960,16.0,feeder2_1124,0.3351240411464523,1.0190556684190617,0.3349775550872448,1.018425279097527
960,16.0,feeder2_942,0.3379810807782825,1.032703313903993,0.337831408508099,1.0320641988923864
960,16.0,feeder2_952,0.34063271021783964,1.0470408920258998,0.34047504180927085,1.046367720815678
960,16.0,feeder2_965,0.3381822125679316,1.0334652831223101,0.3380315671765223,1.0328284457679904
960,16.0,feeder2_961,0.3408639515081461,1.0484083046972412,0.3407092065685798,1.0477338880738118
960,16.0,feeder2_963,0.340644693360809,1.0470812279455866,0.34049036881375366,1.0464083229402874
960,16.0,feeder2_973,0.3421280845248783,1.0561384049293168,0.34197228779781697,1.0554427057311295
960,16.0,feeder2_1128,0.3408098921795803,1.047664832491489,0.34065426453731323,1.0469905496125047
960,16.0,feeder2_1113,0.3410356302281499,1.0470729089409547,0.3408810622959388,1.0464010514289805
960,16.0,feeder2_1143,0.34114829956393294,1.0497820821926993,0.3409897659020022,1.0491132352658492
960,16.0,feeder2_1238,0.3671302022005483,1.055290856398762,0.3669789719866434,1.054673114482858
960,16.0,feeder2_979,0.33801761411860154,1.0325553397947314,0.3378695607437452,1.0319124224702645
960,16.0,feeder2_1236,0.34393271378811835,1.067592900182771,0.3437709696837976,1.0668747882644884
960,16.0,feeder2_989,0.3421289112809124,1.0561398717705905,0.3419709937579403,1.0554473875433543
960,16.0,feeder2_1196,0.33633412346394975,1.0287407738078551,0.3361836990967677,1.0280994738399563
960,16.0,feeder2_1158,0.34143628535712733,1.0565555673665326,0.34127994920758403,1.0558573247571943
960,16.0,feeder2_1122,0.3403237650804964,1.0324586058241503,0.340181930554097,1.0318902539195542
960,16.0,feeder2_1258,0.3370021058929622,1.021512886899914,0.33686037716284384,1.0209308569009197
960,16.0,feeder2_1303,0.34191468989591617,1.0337980182614006,0.3417732034503408,1.0332358039227603
960,16.0,feeder2_1138,0.34259697025699465,1.0407937860295156,0.34245730435811866,1.040236397970017
960,16.0,feeder2_1304,0.34256800002717347,1.0407506601108225,0.3424305801636039,1.0401941680379887
960,16.0,feeder2_1212,0.347439018108131,1.0587325864059298,0.34729975517459805,1.0581889745584518
960,16.0,feeder2_1311,0.3635309106636539,1.0723269285533985,0.363391731914743,1.0717901968826014
960,16.0,feeder2_1290,0.3511032301417305,1.0694211710520978,0.35096276742863214,1.0688900224911246
960,16.0,feeder2_1325,0.3464228085279637,1.082352306129336,0.3462536793067991,1.0816026469753155
960,16.0,feeder2_1248,0.34392521117835917,1.067599060782537,0.3437621461163726,1.0668817109505573
960,16.0,feeder2_1249,0.36837711103260184,1.055790137025313,0.36822914979899846,1.0551676100071736
960,16.0,feeder2_1250,0.3844407346455116,1.069608588676302,0.3842909489235906,1.068993688539006
960,16.0,feeder2_1366,0.3438840513958234,1.067624356315989,0.3437211995512588,1.0669048936081578
960,16.0,feeder2_1266,0.33669742269857555,1.021648444033766,0.33655809784750335,1.0210716342689734
960,16.0,feeder2_1372,0.3667025013602573,1.0805510022489,0.3665625506725002,1.080031880286129
960,16.0,feeder2_1363,0.3506232995868,1.0639757738398652,0.3504836758004423,1.0634476541650908
960,16.0,feeder2_1446,0.3485736550879049,1.0841742477660572,0.34840678557390686,1.083426700321744
960,16.0,feeder2_1502,0.348779467378455,1.0965162197612914,0.34860299561614483,1.095726017249388
960,16.0,feeder2_1428,0.35098884733406444,1.06275485224407,0.350850248531374,1.0622230146784306
960,16.0,feeder2_1380,0.3501583121998645,1.0594251076710852,0.3500168565530171,1.0588981658444387
960,16.0,feeder2_1550,0.3515894510712227,1.060923154455609,0.35145112994157685,1.0603966101778333
960,16.0,feeder2_1386,0.3498254983956055,1.056432404575019,0.3496879369426898,1.0559098494747572
960,16.0,feeder2_1551,0.35010420969705447,1.055363551649062,0.3499641694655268,1.0548365795449746
960,16.0,feeder2_1400,0.3496836717458575,1.055269661397786,0.34954591692892945,1.0547444193128004
960,16.0,feeder2_1552,0.3476849919114145,1.0522081628972828,0.34754266704923253,1.0516865158208732
960,16.0,feeder2_1408,0.34973291346574054,1.0543806977407377,0.34959373941093147,1.0538538175889915
960,16.0,feeder2_1553,0.34964769404080487,1.0542650869496528,0.34950616185318106,1.0537405832053444
960,16.0,feeder2_1416,0.34976460735553444,1.0539427245596487,0.34962691740478646,1.0534213992207175
960,16.0,feeder2_1530,0.3511813377642594,1.0540619336741752,0.3510405500515438,1.0535386217318965
960,16.0,feeder2_1425,0.3496020266885745,1.0529524136249075,0.3494613595718626,1.052424192990441
960,16.0,feeder2_1589,0.34826663870647084,1.0510219311283822,0.34812596142565516,1.0504978912592167
960,16.0,feeder2_1435,0.3496105481565151,1.052930148917907,0.3494696102422918,1.052402526696556
960,16.0,feeder2_1621,0.34858858336971726,1.0531082553080533,0.3484497446866187,1.0525800859312329
960,16.0,feeder2_1564,0.3495834572765516,1.0528180186552878,0.3494460408495084,1.0522913689358844
960,16.0,feeder2_1704,0.3471397343237218,1.0980281850902307,0.34696669307296535,1.0972367503867657
960,16.0,feeder2_1525,0.3494183439173052,1.099705067440575,0.34924161150722793,1.098908436545786
960,16.0,feeder2_1716,0.34854669746402883,1.100336788922984,0.34837091257656383,1.0995326063388724
960,16.0,feeder2_1537,0.35010935925615094,1.1032277576603573,0.3499341357026559,1.1024214417773623
960,16.0,feeder2_1645,0.3497597983908273,1.1015774546283588,0.34958253459500516,1.1007691269322872
960,16.0,feeder2_1561,0.35102727249677024,1.1081629722885136,0.35084688573929973,1.1073416522416204
960,16.0,feeder2_1657,0.3516999933681253,1.1080912187138385,0.3515173624657589,1.107268803900577
960,16.0,feeder2_1570,0.3513770558479573,1.110291702237826,0.3511966282133664,1.1094648646628302
960,16.0,feeder2_1756,0.3819149042854687,1.1339945303079861,0.3817327510040175,1.133189784568294
960,16.0,feeder2_1588,0.351374565857117,1.110672941169586,0.35119472798979,1.109838740709253
960,16.0,feeder2_1628,0.35176604342587764,1.1109952580037967,0.351583643254705,1.1101667224416556
960,16.0,feeder2_1598,0.3513540523313573,1.1110622298001214,0.3511689661261707,1.1102218833602373
960,16.0,feeder2_1816,0.3469147333017312,1.1151736348401022,0.3467302135398516,1.1143275467509393
960,16.0,feeder2_1765,0.3513067082669224,1.1110952316832676,0.35112425850010914,1.110252015476298
960,16.0,feeder2_1641,0.3512597317124181,1.11205127786061,0.35106932839884,1.1111794383034106
960,16.0,feeder2_1689,0.35099201464624846,1.111969584888623,0.35079762145046617,1.111064265111771
960,16.0,feeder2_1744,0.35202101438750855,1.1126481174225344,0.35183193135052937,1.1117745645610986
960,16.0,feeder2_1817,0.3509738641663448,1.111888332938041,0.3507793853721355,1.1109853538388135
960,16.0,feeder2_1779,0.3509374843019765,1.1119773829108524,0.3507455208083764,1.1110670214685665
960,16.0,feeder2_1800,0.3509536318442441,1.1119154284325592,0.35076236166736846,1.1110105596204631
960,16.0,feeder2_1818,0.33814383865390135,1.1094593137798576,0.337917539886569,1.1084883548799667
960,16.0,feeder2_1753,0.3542863078779754,1.114416034574154,0.3540993167795272,1.113543278694959
960,16.0,feeder2_1754,0.3520551241151458,1.1126769073332392,0.351866869196226,1.1118061867616535
990,16.5,secondary,0.042754822209692775,0.05269263364178934,0.04275192488299641,0.05268819464969715
990,16.5,feeder2_44,0.07964930567296775,0.2751096313142101,0.07964950004052442,0.2750782353730206
990,16.5,feeder2_45,0.08098349281173035,0.28344474426182903,0.08098302068760009,0.283412291753738
990,16.5,feeder2_46,0.08015675536630867,0.2781540272089705,0.08015717971284655,0.2781242968216709
990,16.5,feeder2_51,0.08330611547065812,0.29794790914638586,0.08330350111038444,0.2979179930871859
990,16.5,feeder2_48,0.08105711332648632,0.2832824126405956,0.08105313874832859,0.28325325456422773
990,16.5,feeder2_52,0.0781035121604461,0.30198488728495637,0.07809780373136932,0.30195877200393506
990,16.5,feeder2_68,0.09041429517458413,0.3376328082254934,0.09041391273691107,0.3375949392877866
990,16.5,feeder2_69,0.09235098517260076,0.34082696826157327,0.09234788292084521,0.3407903119692822
990,16.5,feeder2_71,0.09132470762168222,0.34272923904094044,0.09131974510014061,0.342693394703853
990,16.5,feeder2_72,0.09304074424415683,0.33919263719100307,0.09303465524800064,0.3391551000411195
990,16.5,feeder2_73,0.09419545058631737,0.35907335376964755,0.09419467404669662,0.3590330408531004
990,16.5,feeder2_74,0.0910632992504441,0.3618231972408571,0.09105944617512525,0.3617856516323207
990,16.5,feeder2_77,0.09680509172728637,0.3727406672732502,0.09680508956227155,0.3726963665344413
990,16.5,feeder2_79,0.09626228391771881,0.3733212690158074,0.09626315575647716,0.3732779972200674
990,16.5,feeder2_81,0.10089043807815717,0.3940560952029177,0.1008873029870236,0.3940135875289485
990,16.5,feeder2_82,0.10202416339744814,0.39169590222407497,0.10201826617448703,0.39165155091458864
990,16.5,feeder2_116,0.11941770820906811,0.4920652638378403,0.11941076429924503,0.4920164498935191
990,16.5,feeder2_119,0.11917859022677316,0.4920243354715408,0.11917488395648654,0.4919703088220367
990,16.5,feeder2_120,0.12634107831218402,0.5284450997258274,0.12634149603249553,0.5283889841506738
990,16.5,feeder2_248,0.12429242671801363,0.5280263333688998,0.12428885959583619,0.5279681920511206
990,16.5,feeder2_124,0.1307422635329744,0.5510859968181714,0.13073550585633023,0.5510274659075258
990,16.5,feeder2_282,0.13192409822521758,0.5481251302118504,0.13191657884114974,0.5480683264298782
990,16.5,feeder2_275,0.13062596016424508,0.5510528864951363,0.13062424775510462,0.5509919063230612
990,16.5,feeder2_151,0.13854930918282798,0.5922106551215665,0.13854965040745906,0.5921447152906328
990,16.5,feeder2_295,0.1403796386991034,0.5948511463051978,0.1403815544496567,0.5947840678066405
990,16.5,feeder2_311,0.13863220789794717,0.5923272753255786,0.1386250481593528,0.592264842329375
990,16.5,feeder2_201,0.15072859929406812,0.6565185761522507,0.15072355663237286,0.6564512731562668
990,16.5,feeder2_314,0.15279136537969945,0.6542918248682887,0.15278424560050333,0.654222047238184
990,16.5,feeder2_342,0.16745932359677393,0.7525344095586289,0.16745664884383363,0.7524534251483488
990,16.5,feeder2_368,0.16940087587158065,0.7551191444136791,0.16939263345454508,0.7550407564917991
990,16.5,feeder2_347,0.17300056532297006,0.7948672504390648,0.17299500228780132,0.7947829953555887
990,16.5,feeder2_353,0.17577295389158581,0.8159684874482525,0.17576383874596105,0.8158835597567424
990,16.5,feeder2_518,0.17301508958921355,0.7948086341727852,0.1730130003579182,0.7947208089197966
990,16.5,feeder2_365,0.178863608859359,0.8393934764787203,0.17885975872958196,0.8393027513231979
990,16.5,feeder2_653,0.17567712558444062,0.8159427086404037,0.17567608458131814,0.8158539794702491
990,16.5,feeder2_377,0.18051048178792378,0.8519450863248436,0.18050105280809658,0.8518602180838241
990,16.5,feeder2_622,0.17865083929332934,0.8399227429713645,0.178644509982218,0.8398350329999236
990,16.5,feeder2_451,0.16941798476584555,0.7550530175209864,0.16940837425517408,0.754977409621909
990,16.5,feeder2_383,0.17254540885772696,0.7593501837865404,0.1725402982853619,0.7592708426840643
990,16.5,feeder2_385,0.18220685792483401,0.865426706005663,0.18219795189114393,0.8653381336230426
990,16.5,feeder2_621,0.18258721330908434,0.8547685112417741,0.18258188169397474,0.8546767993383575
990,16.5,feeder2_611,0.1724609680828506,0.7593233366319374,0.17245472407799997,0.7592478546038111
990,16.5,feeder2_405,0.17274305863098327,0.7596165438585504,0.17273827648731793,0.7595355107800041
990,16.5,feeder2_461,0.18945636432838803,0.9209437583745687,0.18945188880544547,0.9208415994251996
990,16.5,feeder2_594,0.18090260494518973,0.865113069609421,0.1809016509415493,0.8650186287149354
990,16.5,feeder2_732,0.16888695177120513,0.7587627800983529,0.16887960427839555,0.7586860640238583
990,16.5,feeder2_417,0.1744379637489011,0.7618915750880713,0.17442923216637599,0.76181426913042
990,16.5,feeder2_663,0.17571607999876618,0.7636436782215326,0.17571568036129756,0.7635613668711428
990,16.5,feeder2_444,0.17558780157028017,0.763075736510059,0.17558725732716376,0.7629908176929543
990,16.5,feeder2_759,0.17967603655327627,0.7579350446451992,0.17967365697063795,0.7578537679898791
990,16.5,feeder2_842,0.17796989827687382,0.7666384327381138,0.17796912455294472,0.7665555268989002
990,16.5,feeder2_459,0.17588428524347877,0.7636023869792676,0.17588028048875903,0.7635210354816201
990,16.5,feeder2_702,0.18126339186942073,0.7558761656513018,0.18125466037212234,0.7557966841359697
990,16.5,feeder2_493,0.17664770284369877,0.7686000832261922,0.17664555946216132,0.768519532152778
990,16.5,feeder2_651,0.19022058071911324,0.9221277494988321,0.19021960738205124,0.9220275642418377
990,16.5,feeder2_684,0.19507808264426113,0.9647170545916949,0.19507516839993927,0.9646119662247793
990,16.5,feeder2_674,0.17556036107606204,0.7687702633883862,0.1755546515126216,0.7686892533303878
990,16.5,feeder2_696,0.1802011025901502,0.7827698373103545,0.18019758023515503,0.7826897091789244
990,16.5,feeder2_681,0.17396635831196577,0.7683225698550247,0.17396492938903038,0.7682405088471882
990,16.5,feeder2_682,0.17347866659071157,0.7701598018315875,0.17347172273851608,0.7700824187571552
990,16.5,feeder2_728,0.1947620455494055,0.9626225831131787,0.19475260369776973,0.9625233396429256
990,16.5,feeder2_724,0.20138974328482248,1.014397544796484,0.20138031461859807,1.0142884154648346
990,16.5,feeder2_703,0.18032890722793532,0.7829441032059844,0.1803271009841293,0.7828609625235676
990,16.5,feeder2_704,0.18385846961751343,0.787908311270326,0.18385510737899288,0.7878282698194877
990,16.5,feeder2_754,0.2014020388820299,1.014334505892776,0.20140049253247802,1.014222810872771
990,16.5,feeder2_747,0.2039736407857088,1.0347209383821034,0.2039693379993801,1.0346091164520408
990,16.5,feeder2_828,0.19347327572306086,0.9622791180358288,0.19347175803560285,0.9621739455701608
990,16.5,feeder2_763,0.1947505558377221,0.9602325362725045,0.19474169253686427,0.9601320496288066
990,16.5,feeder2_836,0.20485186089962576,1.0358757636993252,0.2048447894334182,1.0357620755314212
990,16.5,feeder2_758,0.20608919296168757,1.0516873182622293,0.20608200125408954,1.0515714848144948
990,16.5,feeder2_788,0.2065068236491002,1.0501920734677934,0.20649992878021642,1.0500755950957041
990,16.5,feeder2_812,0.2127831454299146,1.1056683125624682,0.21277218634905937,1.105551253506116
990,16.5,feeder2_947,0.194776535786811,0.9601026353164576,0.194771961511197,0.9599982434555706
990,16.5,feeder2_868,0.19494122004001352,0.959531847340998,0.19493947288882277,0.9594259543436512
990,16.5,feeder2_785,0.19476955692667774,0.9592847616004931,0.19476401075855385,0.9591801255349459
990,16.5,feeder2_1176,0.19493778749945426,0.9595040334516627,0.19493438548353237,0.9594004409335423
990,16.5,feeder2_846,0.19367306014586408,0.9590061562176273,0.19366680982193835,0.9589024391197503
990,16.5,feeder2_911,0.19511204969778687,0.9575645122119371,0.19510304116309762,0.9574615305948511
990,16.5,feeder2_1107,0.20599754789663607,1.0813100018733033,0.20598728890154344,1.08119534014668
990,16.5,feeder2_920,0.21653389345959972,1.1275973786151177,0.2165287618664284,1.127470040731657
990,16.5,feeder2_926,0.22219598715209318,1.1605277099280422,0.22219123509990826,1.1603948163099138
990,16.5,feeder2_1239,0.2164484728422636,1.127390504911886,0.216445273055455,1.1272640124663627
990,16.5,feeder2_933,0.22470493770253974,1.1751501337520165,0.22470188590082227,1.1750155958382
990,16.5,feeder2_1146,0.22218639002900786,1.1604591486001152,0.22218435002791084,1.1603268690995836
990,16.5,feeder2_1124,0.2247504311524481,1.175208464813893,0.2247383664043256,1.1750766934144399
990,16.5,feeder2_942,0.2310458018697272,1.212187368559751,0.23104319027303427,1.2120438412261958
990,16.5,feeder2_952,0.24092474410249057,1.268625482261649,0.24091445690643992,1.2684800350229892
990,16.5,feeder2_965,0.23097840962174346,1.2119750185528175,0.23097511064232948,1.2118318874864138
990,16.5,feeder2_961,0.2419936011915392,1.2747405365651727,0.24198838737551653,1.274593546031434
990,16.5,feeder2_963,0.24092440087349606,1.2686231490794062,0.24091424541882517,1.2684781063721375
990,16.5,feeder2_973,0.24791194566154193,1.306825356080043,0.24790900551613934,1.3066684661374803
990,16.5,feeder2_1128,0.24158944558981513,1.2755478678769967,0.2415839901476445,1.275399872436665
990,16.5,feeder2_1113,0.24092973909297022,1.2685917976014927,0.2409182457529036,1.2684478648475752
990,16.5,feeder2_1143,0.24091291684160787,1.2685453873331243,0.2409084132060239,1.2683939769773909
990,16.5,feeder2_1238,0.23205643588173644,1.206994849565057,0.23204815687193658,1.2068517418658897
990,16.5,feeder2_979,0.23094056854689485,1.2120699328527305,0.23093523956995107,1.2119317425490916
990,16.5,feeder2_1236,0.2561524374670276,1.3519411261822045,0.2561468647370106,1.351781272692991
990,16.5,feeder2_989,0.24791738313624978,1.306851578064799,0.24791177426381716,1.3066995725398605
990,16.5,feeder2_1196,0.2303278777015676,1.2125256828542261,0.23032133084356018,1.2123885432872903
990,16.5,feeder2_1158,0.2502904175222123,1.3100926161481954,0.25028656753717765,1.3099379130559283
990,16.5,feeder2_1122,0.20310828677599263,1.0707698893513278,0.20310467668853507,1.0706534580011888
990,16.5,feeder2_1258,0.20708522942145366,1.0827431304738384,0.20707927054758904,1.0826273190605225
990,16.5,feeder2_1303,0.20359260939937776,1.0688651204183501,0.20358293678857697,1.0687571174017882
990,16.5,feeder2_1138,0.20089489760926174,1.0631509467981946,0.20088906567246795,1.063043215848375
990,16.5,feeder2_1304,0.20073055884982108,1.063116009512711,0.20072281378380563,1.0630110724214774
990,16.5,feeder2_1212,0.19623498994075678,1.0472702067149948,0.1962287159136588,1.0471662096242527
990,16.5,feeder2_1311,0.19728977068736564,1.0443823996317898,0.19728469626374964,1.0442781902498617
990,16.5,feeder2_1290,0.19061722301359899,1.030338257933048,0.190612043857038,1.030241368445258
990,16.5,feeder2_1325,0.2646788611600138,1.4005061652361042,0.2646720576605031,1.4003389636457313
990,16.5,feeder2_1248,0.2561953437532482,1.3520028485997178,0.2561908557906888,1.351841696280721
990,16.5,feeder2_1249,0.2321065949253558,1.2065733043847953,0.23209531807107472,1.2064317530510917
990,16.5,feeder2_1250,0.23279524575016472,1.204529931623019,0.23278506292329246,1.2043889820627671
990,16.5,feeder2_1366,0.25613771735938184,1.3528766068989442,0.2561274992431555,1.3527192652997848
990,16.5,feeder2_1266,0.20808282919092644,1.0840628859792822,0.208076589748166,1.0839450522597274
990,16.5,feeder2_1372,0.19190901228139845,1.0285731549703228,0.1919004076034948,1.0284780624273788
990,16.5,feeder2_1363,0.18444943366094962,1.0152776292585153,0.18444266084604474,1.0151930221956362
990,16.5,feeder2_1446,0.2650307615697169,1.399177315184811,0.2650207175884261,1.3990131748868377
990,16.5,feeder2_1502,0.2744450768164713,1.456780538452316,0.27443690749556104,1.4566040456827931
990,16.5,feeder2_1428,0.18436968597902148,1.0152612438858475,0.18436955371020666,1.0151725072647408
990,16.5,feeder2_1380,0.17702939597492365,0.9978863844312005,0.17702991615153213,0.9978068945260014
990,16.5,feeder2_1550,0.17971585404761792,0.9847589921279862,0.17970994979210145,0.984677500006618
990,16.5,feeder2_1386,0.17413654594681915,0.996097052412443,0.17413614941315128,0.9960255967742727
990,16.5,feeder2_1551,0.171569424668201,0.9984582442024109,0.17156421477671072,0.9983903737155747
990,16.5,feeder2_1400,0.17293271243850317,0.9948956418648675,0.17292957951879923,0.994828546267523
990,16.5,feeder2_1552,0.16864752696241864,0.9947031828100432,0.16864234693909358,0.9946407619583163
990,16.5,feeder2_1408,0.17079039819624997,0.9929958873115229,0.17078557974083927,0.9929374213476604
990,16.5,feeder2_1553,0.16975730648179163,0.9927142310636304,0.16976009304248596,0.9926520493447978
990,16.5,feeder2_1416,0.1697190252360853,0.9922101346891272,0.16971548190370192,0.9921549715537434
990,16.5,feeder2_1530,0.16972113523134158,0.9921096421394706,0.16972239505087944,0.992050847179772
990,16.5,feeder2_1425,0.16771770029065458,0.990966597953012,0.1677162926920699,0.9909166088099037
990,16.5,feeder2_1589,0.13835345015248188,0.9925052678829042,0.13835598663722393,0.9924676863581222
990,16.5,feeder2_1435,0.16771916636927545,0.9909759902952616,0.16771618017393247,0.990924723415597
990,16.5,feeder2_1621,0.16782855407321895,0.9910971687026756,0.1678267980411743,0.9910480351127707
990,16.5,feeder2_1564,0.16770577831272257,0.990947198962203,0.16770231428723134,0.9908982860338389
990,16.5,feeder2_1704,0.2756727003155383,1.4584382673050558,0.2756616977213485,1.458264976460086
990,16.5,feeder2_1525,0.2768299591007915,1.4706522949570116,0.27681904290681597,1.4704743913891294
990,16.5,feeder2_1716,0.2779689081857363,1.4745144209923828,0.27796285835286777,1.4743322101246723
990,16.5,feeder2_1537,0.2793682299785284,1.4855276101032644,0.27935852983311593,1.4853439886042372
990,16.5,feeder2_1645,0.2785347271977802,1.4861521880078643,0.2785229895960858,1.4859715533096425
990,16.5,feeder2_1561,0.282365461454256,1.502087438078968,0.28235423313926944,1.5019052862519828
990,16.5,feeder2_1657,0.28237135305851735,1.5020510706920387,0.282363674621784,1.501865356409051
990,16.5,feeder2_1570,0.2836599881695126,1.5092425931170466,0.2836496212913171,1.5090576214816274
990,16.5,feeder2_1756,0.2856672388265038,1.5042719148362922,0.28565966196687004,1.5040824868925577
990,16.5,feeder2_1588,0.28488851226028533,1.516226704786363,0.28488080251564285,1.5160401061479067
990,16.5,feeder2_1628,0.28500845961320015,1.5157728408686355,0.2850010903528076,1.5155884468654408
990,16.5,feeder2_1598,0.286454288294594,1.5251687455651335,0.2864461230344067,1.5249805555486526
990,16.5,feeder2_1816,0.3148895034706838,1.5625331083709213,0.3148924754225044,1.562338519483932
990,16.5,feeder2_1765,0.28661629261357624,1.5253784108373876,0.28661050837346885,1.5251901355178086
990,16.5,feeder2_1641,0.29173605533570757,1.5574284386576418,0.29172927290723977,1.5572346983670156
990,16.5,feeder2_1689,0.29620380889567316,1.5873739822909103,0.29619299143040234,1.5871774969707084
990,16.5,feeder2_1744,0.2926843419251218,1.555797757762944,0.29267699633895455,1.5556026608558928
990,16.5,feeder2_1817,0.2959136815912226,1.5880492944579172,0.29590615258299324,1.5878488132886412
990,16.5,feeder2_1779,0.30386265152776615,1.5975186108615418,0.3038595785790433,1.5973192955354247
990,16.5,feeder2_1800,0.2935956300420806,1.58910352112184,0.2935821002365111,1.5889088458340244
990,16.5,feeder2_1818,0.3188412763488229,1.6188289691799616,0.3188282176963651,1.6186210755466655
990,16.5,feeder2_1753,0.293353488475837,1.5533559777944228,0.29334385999849066,1.5531617945384726
990,16.5,feeder2_1754,0.2932011296389603,1.5552022135428838,0.2931913830438905,1.5550072148904903
1020,17.0,secondary,0.030076638928067854,0.038919368942657004,0.030070673571478693,0.038907330202918644
1020,17.0,feeder2_44,0.05605807625386571,0.20329826740015092,0.05604185512204004,0.20322579228600782
1020,17.0,feeder2_45,0.05698181532848651,0.20960825783531933,0.05696490429664415,0.20953399301682504
1020,17.0,feeder2_46,0.059021484190822246,0.20377517339230716,0.05900420962392383,0.20370227136614674
1020,17.0,feeder2_51,0.05859672249678173,0.22060232925752804,0.05858327337672625,0.22052516326756486
1020,17.0,feeder2_48,0.056906856309682,0.20940827620365066,0.05689253261326225,0.20933661160580258
1020,17.0,feeder2_52,0.05402587493998248,0.22620329370882222,0.05400858395109493,0.22612587163564615
1020,17.0,feeder2_68,0.06335709443312895,0.24964178049964575,0.06333568896582531,0.24955105816367087
1020,17.0,feeder2_69,0.06497420901130785,0.25006259836584377,0.06495508970602643,0.2499712329153125
1020,17.0,feeder2_71,0.06397255204531527,0.25346220999791846,0.06395413576196403,0.2533701639938992
1020,17.0,feeder2_72,0.06312325718584368,0.25123590610349295,0.0631073085237991,0.2511438622711341
1020,17.0,feeder2_73,0.06594982079921996,0.2656988014549919,0.06593143569587837,0.2656032688020951
1020,17.0,feeder2_74,0.06176322402525941,0.2715959227120791,0.06174382820127671,0.2714990521995369
1020,17.0,feeder2_77,0.06767725389106535,0.2753896486519347,0.06766399403874315,0.27529117601864705
1020,17.0,feeder2_79,0.067982518381312,0.27545959462905534,0.06796722076339429,0.27536090783328654
1020,17.0,feeder2_81,0.07038503966773664,0.2906974420192913,0.0703704464993569,0.29059172832749147
1020,17.0,feeder2_82,0.0686893411711648,0.2855551841984881,0.068669122797907,0.28544870266654293
1020,17.0,feeder2_116,0.08353015558198672,0.36538922918137406,0.08350415124098952,0.3652536621111215
1020,17.0,feeder2_119,0.08111610928357124,0.36814555919618835,0.08109177190509671,0.368009553817322
1020,17.0,feeder2_120,0.08860566787396897,0.39171188427530634,0.08857870864446506,0.39156564546189737
1020,17.0,feeder2_248,0.0852555501098465,0.3955733797157713,0.08523254690320543,0.39542627218086546
1020,17.0,feeder2_124,0.09188822548795546,0.4064559209945769,0.09186312433147575,0.40630253400707966
1020,17.0,feeder2_282,0.09000151735922134,0.4012727169576996,0.08997559320121301,0.4011211377523211
1020,17.0,feeder2_275,0.0764357162098594,0.43082271960914953,0.07641104049355966,0.4306734190207797
1020,17.0,feeder2_151,0.09886880645871118,0.4218725903377577,0.09883864398797591,0.4217110847916349
1020,17.0,feeder2_295,0.1023273496867773,0.42301178873605855,0.1023055784234886,0.4228473877968164
1020,17.0,feeder2_311,0.0989828810376915,0.4219204497212598,0.09895669919840763,0.42175782623814245
1020,17.0,feeder2_201,0.10967774399263273,0.4473537606532327,0.10964737467879268,0.4471749787179254
1020,17.0,feeder2_314,0.1096447016104541,0.447264875190198,0.10961922842614105,0.4470843227109733
1020,17.0,feeder2_342,0.12547571882716244,0.4868845447308815,0.12544338813676628,0.4866801094492861
1020,17.0,feeder2_368,0.126660839597988,0.49256096252576614,0.126632454827053,0.4923578360952971
1020,17.0,feeder2_347,0.1315807053316123,0.49671900810859493,0.13155293640451884,0.49650310354494864
1020,17.0,feeder2_353,0.13466024817173794,0.5018125937906287,0.1346341501072731,0.5015892099689551
1020,17.0,feeder2_518,0.13155401139674064,0.496633443564739,0.1315237144997113,0.4964170879450341
1020,17.0,feeder2_365,0.1381025307359016,0.5075568672823154,0.13807271402674984,0.5073293535166935
1020,17.0,feeder2_653,0.13458950209739168,0.5018614559493244,0.1345628369943258,0.5016385766741319
1020,17.0,feeder2_377,0.1396440373339272,0.5097287111960639,0.1396118030339407,0.5094995996287778
1020,17.0,feeder2_622,0.14398627821319895,0.5109606542635161,0.1439528027559035,0.5107326964049115
1020,17.0,feeder2_451,0.1276202436673069,0.4915795092657942,0.12759435342516903,0.4913746266655911
1020,17.0,feeder2_383,0.1284736093310461,0.5026624796543311,0.12844280046289566,0.502457463543706
1020,17.0,feeder2_385,0.14115537278269405,0.5114777184440154,0.14112132270235747,0.5112422933135332
1020,17.0,feeder2_621,0.1431607700694726,0.5117129838297911,0.14313038348695173,0.511482568694417
1020,17.0,feeder2_611,0.12720820839035302,0.5036512630053793,0.12717580961479097,0.5034469812786379
1020,17.0,feeder2_405,0.12859824993944688,0.5032521654369007,0.12856728080827615,0.5030475873971529
1020,17.0,feeder2_461,0.14801058389685473,0.5153680018404991,0.14797679131170643,0.5151183946972812
1020,17.0,feeder2_594,0.13870200541867425,0.5135887906069228,0.1386681397022857,0.5133553626378521
1020,17.0,feeder2_732,0.12054816635829846,0.5111319029162494,0.12051832833634724,0.510927522504126
1020,17.0,feeder2_417,0.12997314518178327,0.5060770120804807,0.12994053953529108,0.5058739819474207
1020,17.0,feeder2_663,0.13227823691817372,0.5074212083816638,0.1322520987862294,0.5072172212003551
1020,17.0,feeder2_444,0.1308153426570254,0.5077789923023013,0.1307878134409275,0.5075761070471659
1020,17.0,feeder2_759,0.13078723949669432,0.5035006813874514,0.13076319942793554,0.503297440326713
1020,17.0,feeder2_842,0.1339322403838915,0.5094570501088279,0.133905871344389,0.509254662968599
1020,17.0,feeder2_459,0.13108340644064653,0.5085441626474295,0.1310496968568939,0.5083404991666159
1020,17.0,feeder2_702,0.13065783279841559,0.5062716759696945,0.13062718098416398,0.5060672510559258
1020,17.0,feeder2_493,0.13222799548588057,0.5123618762284154,0.1321969983907715,0.5121583860660637
1020,17.0,feeder2_651,0.14999997410339758,0.51613898854571,0.1499689313754129,0.5158897125813829
1020,17.0,feeder2_684,0.1530845062067419,0.5176000117928719,0.15304953793800857,0.5173343566051265
1020,17.0,feeder2_674,0.13108269181499696,0.5132952183130215,0.13104913661014175,0.5130936007789663
1020,17.0,feeder2_696,0.1364810107564018,0.5200452774266374,0.1364559401657716,0.5198423317697203
1020,17.0,feeder2_681,0.12982380360268655,0.5144077278215505,0.12979067259354318,0.5142063806141174
1020,17.0,feeder2_682,0.12830879518787539,0.5154968323987428,0.12828065931898575,0.5152925560966657
1020,17.0,feeder2_728,0.15255405189036209,0.51745202680731,0.15251816447888916,0.5171848172324358
1020,17.0,feeder2_724,0.15913010770045297,0.5204756478711974,0.15909209915098255,0.5201970082864082
1020,17.0,feeder2_703,0.13761698494720057,0.5190767468382882,0.1375835209844939,0.5188766222099681
1020,17.0,feeder2_704,0.14142739255343298,0.5228369321573276,0.14140181904292362,0.5226353101953493
1020,17.0,feeder2_754,0.15911218701309598,0.5203839230606127,0.1590795787809058,0.5201056362156306
1020,17.0,feeder2_747,0.1616435794629958,0.5217835199023332,0.16161098820859707,0.5215002670315604
1020,17.0,feeder2_828,0.1511105099230618,0.5183422032177066,0.15107447309627156,0.5180781847782996
1020,17.0,feeder2_763,0.1521998090166064,0.5161461607390857,0.1521674001519273,0.5158782708524706
1020,17.0,feeder2_836,0.17367983066024414,0.5286208938926025,0.17364582252433594,0.5283417730513358
1020,17.0,feeder2_758,0.16244195544283144,0.5194540766409778,0.1624093934394323,0.5191634790132358
1020,17.0,feeder2_788,0.16226396883663463,0.5175969110255519,0.16222602666526154,0.5173102623112682
1020,17.0,feeder2_812,0.16528443113162497,0.5146627371543354,0.16525223985237242,0.5143574754344034
1020,17.0,feeder2_947,0.15215614480255765,0.5159568034971372,0.1521195019640681,0.51569241170204
1020,17.0,feeder2_868,0.15232288461302354,0.5141718971139406,0.1522863324357332,0.5139068407484934
1020,17.0,feeder2_785,0.15209821337485852,0.5168188543780143,0.1520655535103545,0.5165553279571423
1020,17.0,feeder2_1176,0.15400072295549075,0.5161758557916193,0.15396372606068098,0.5159106889787302
1020,17.0,feeder2_846,0.14996438697929224,0.5183901123951702,0.14993084561151737,0.5181236506659874
1020,17.0,feeder2_911,0.1520829059405967,0.5167165488667022,0.1520521436921613,0.5164512428934211
1020,17.0,feeder2_1107,0.16418889543993845,0.5085592488642636,0.16415500353092344,0.5082534870303069
1020,17.0,feeder2_920,0.16640607137395222,0.5150123161594227,0.1663667211582017,0.5147026798213897
1020,17.0,feeder2_926,0.1686854352915152,0.5133581505514314,0.1686520163332847,0.5130449528801617
1020,17.0,feeder2_1239,0.16571341736078213,0.5176687658382003,0.16567941539946401,0.5173577076762365
1020,17.0,feeder2_933,0.1696859919183725,0.5129654296265446,0.16965129409699847,0.5126474397259657
1020,17.0,feeder2_1146,0.16876615099512224,0.511849729711599,0.16872374312572438,0.5115366358025624
1020,17.0,feeder2_1124,0.16986545910360268,0.5126959289646733,0.1698251398867827,0.5123801788056225
1020,17.0,feeder2_942,0.17211402325252237,0.5121917067418446,0.1720747658139896,0.5118700501604617
1020,17.0,feeder2_952,0.1757466449655045,0.5159785911942063,0.17570715257861927,0.515648259141389
1020,17.0,feeder2_965,0.17211269355204692,0.5115718323784909,0.17207306349907506,0.5112506303903881
1020,17.0,feeder2_961,0.1761340145512826,0.5165410935757611,0.17609286329331958,0.5162117074806188
1020,17.0,feeder2_963,0.175748099857855,0.515948326049976,0.17571246786603226,0.5156153480229936
1020,17.0,feeder2_973,0.178388695258179,0.5190701019831825,0.1783452815807401,0.5187367931014386
1020,17.0,feeder2_1128,0.17581044614834881,0.5174767115318617,0.17577681633652784,0.5171425535409129
1020,17.0,feeder2_1113,0.17627405705759489,0.5153304177620659,0.17623069460773713,0.5150006242886973
1020,17.0,feeder2_1143,0.1757311671520851,0.5158194965910579,0.17569216682494634,0.515490518968007
1020,17.0,feeder2_1238,0.17742509904727505,0.502088815490639,0.17739076837431433,0.5017660424698602
1020,17.0,feeder2_979,0.172111550664035,0.5115750966436614,0.1720779320642417,0.5112521353057753
1020,17.0,feeder2_1236,0.18132002209702636,0.521545631065235,0.18127862793243654,0.5212040842255553
1020,17.0,feeder2_989,0.178392845237816,0.5190836938990632,0.17835364617139476,0.5187492683591504
1020,17.0,feeder2_1196,0.17206618997677045,0.5115940855764678,0.1720299816718554,0.5112712224020781
1020,17.0,feeder2_1158,0.18044638717883124,0.5206241943458615,0.18040566027620775,0.5202883967950283
1020,17.0,feeder2_1122,0.16224122507801955,0.5022971998568212,0.1622005188800027,0.5019915112433162
1020,17.0,feeder2_1258,0.17132169692074029,0.5127580900014309,0.17128313383769098,0.5124531987442177
1020,17.0,feeder2_1303,0.16209390355812686,0.489389103292289,0.1620553613666015,0.48908512848583935
1020,17.0,feeder2_1138,0.16123706203416246,0.5019961434899137,0.16120602281062654,0.5016860916959356
1020,17.0,feeder2_1304,0.15936769223151823,0.503673935266252,0.15933048963118435,0.5033657176653066
1020,17.0,feeder2_1212,0.1593952930661224,0.5003350907639988,0.15935369777488254,0.5000266843407088
1020,17.0,feeder2_1311,0.16376115646082773,0.4926732849257916,0.1637259553054733,0.49236504533650644
1020,17.0,feeder2_1290,0.1571536318714664,0.5053428554213036,0.15712023784313203,0.5050312729069253
1020,17.0,feeder2_1325,0.18248880226064249,0.5161637312608799,0.18244731325600136,0.5158121660621134
1020,17.0,feeder2_1248,0.1813709403857275,0.5215831196879225,0.18133150517850777,0.5212389702701967
1020,17.0,feeder2_1249,0.17788349007906099,0.5011031950871502,0.17784480434111036,0.5007817168615805
1020,17.0,feeder2_1250,0.18023714578149452,0.49783191862233556,0.18020584637902173,0.49750852520470845
1020,17.0,feeder2_1366,0.18166773910651993,0.5211791785812167,0.18162967199165223,0.5208348161704444
1020,17.0,feeder2_1266,0.1773936728992885,0.5169052406724096,0.1773579613379849,0.5166023349406136
1020,17.0,feeder2_1372,0.15852623776028574,0.5034734994675254,0.15848833782331667,0.5031615517978055
1020,17.0,feeder2_1363,0.15470001146103116,0.5138772602815507,0.15466543505663644,0.5135656368200162
1020,17.0,feeder2_1446,0.18472888194093862,0.5124105901494879,0.1846841482639443,0.5120607896691445
1020,17.0,feeder2_1502,0.1837756436902436,0.5152563914674234,0.18373306370465736,0.5148926396482191
1020,17.0,feeder2_1428,0.15463026431560947,0.5139200020161964,0.15459577815702338,0.5136073908513445
1020,17.0,feeder2_1380,0.151774313405073,0.5245263595592066,0.15173659850970195,0.5242107637027187
1020,17.0,feeder2_1550,0.1513723071482531,0.5222973666842571,0.15133615528333444,0.5219838964928476
1020,17.0,feeder2_1386,0.1505221921643687,0.5309744822424158,0.1504892853812947,0.5306608440076213
1020,17.0,feeder2_1551,0.15043292066111075,0.5310339695596225,0.15039701515428835,0.5307211989195995
1020,17.0,feeder2_1400,0.14993431714825667,0.5340572647881542,0.14990209505793714,0.5337425663063922
1020,17.0,feeder2_1552,0.1470892721413646,0.5361467205782411,0.14705059584919908,0.5358320370496474
1020,17.0,feeder2_1408,0.14888677268764283,0.5395611104149212,0.14884551058332673,0.5392472205408992
1020,17.0,feeder2_1553,0.14774669031321885,0.5403814949331666,0.14771208121236326,0.5400693173758624
1020,17.0,feeder2_1416,0.14837035758578418,0.5422866187785489,0.14833408339302814,0.5419729107465543
1020,17.0,feeder2_1530,0.14834679848068139,0.5421604271425136,0.14831267192185502,0.5418464831418177
1020,17.0,feeder2_1425,0.14740052873607998,0.5475717609149716,0.14736694939458825,0.5472577129596568
1020,17.0,feeder2_1589,0.13635009582096008,0.5574117589596066,0.13631054817727462,0.5570974338396042
1020,17.0,feeder2_1435,0.1473630312802476,0.5477771152334993,0.14732695060574572,0.5474643264057053
1020,17.0,feeder2_1621,0.14748197183686615,0.5478438836988299,0.1474424532786621,0.5475277719883479
1020,17.0,feeder2_1564,0.14689005957249204,0.5501185276594233,0.14685641585104015,0.5498038040984061
1020,17.0,feeder2_1704,0.18502293736239142,0.5162782903961989,0.18498239840151395,0.5159134399893933
1020,17.0,feeder2_1525,0.1839946170539153,0.5146212943712534,0.18394918004003447,0.5142546959247187
1020,17.0,feeder2_1716,0.19460393395693404,0.5228184522361545,0.1945632025296222,0.5224552406696864
1020,17.0,feeder2_1537,0.18380257371208988,0.5125293239063414,0.18375883775702753,0.5121579369184472
1020,17.0,feeder2_1645,0.1831451161451565,0.5132512678112997,0.18310828508535668,0.5128771746237757
1020,17.0,feeder2_1561,0.18367678509266308,0.5097712474704541,0.18363906502848365,0.5093977295736887
1020,17.0,feeder2_1657,0.18368530378386141,0.5085126451659566,0.18364061692441835,0.5081370128512777
1020,17.0,feeder2_1570,0.18365709771780142,0.5088810606140078,0.1836156539130124,0.5085041513938041
1020,17.0,feeder2_1756,0.19345595834039825,0.49306853007658713,0.1934214908212851,0.4926891132948459
1020,17.0,feeder2_1588,0.18362119491834228,0.5090993434425517,0.1835801472352956,0.5087174676104183
1020,17.0,feeder2_1628,0.1841698233099745,0.500875644614036,0.18412874915456678,0.5004947663019992
1020,17.0,feeder2_1598,0.18381284738420814,0.5117056940547865,0.18377503757036667,0.5113223213862093
1020,17.0,feeder2_1816,0.2155738588833258,0.5378943235402556,0.2155265555467039,0.5375202925334219
1020,17.0,feeder2_1765,0.18398712232052422,0.5118544230485045,0.18394435174812604,0.5114741760248209
1020,17.0,feeder2_1641,0.182293408785565,0.516012836183578,0.18225056087228725,0.5156186646319618
1020,17.0,feeder2_1689,0.18197811009413864,0.5290595973523678,0.1819350414308034,0.5286508665442665
1020,17.0,feeder2_1744,0.18257855144553825,0.5101921750277861,0.18253515452662233,0.5097958876899656
1020,17.0,feeder2_1817,0.18196994824516727,0.5290772395787926,0.1819287531880276,0.5286706919636592
1020,17.0,feeder2_1779,0.1831988780944007,0.5300586564580377,0.1831539312904603,0.5296500515225551
1020,17.0,feeder2_1800,0.15767465429741373,0.5415746264514185,0.15762821127221568,0.5411581652984879
1020,17.0,feeder2_1818,0.19647005462608505,0.5382518299307938,0.19642680257427972,0.5378280141176994
1020,17.0,feeder2_1753,0.18463281115131538,0.49184668817121513,0.1845954480883731,0.491452500120754
1020,17.0,feeder2_1754,0.18257816836174137,0.5101571019471346,0.1825398661376772,0.5097606731668468
1050,17.5,secondary,0.059831585482652126,0.048038249917173766,0.059837396639264,0.04804956763881419
1050,17.5,feeder2_44,0.11165942256378136,0.2512528768637047,0.11167197737480576,0.25132717686050277
1050,17.5,feeder2_45,0.11355030378437111,0.25704095261072113,0.11356121790868218,0.25711733193356445
1050,17.5,feeder2_46,0.10273145089138279,0.278682199895401,0.10274086428566916,0.27875700629922795
1050,17.5,feeder2_51,0.1168292484609276,0.26715305606386064,0.11684336627187648,0.2672285396465247
1050,17.5,feeder2_48,0.11373945842235904,0.2570747162645629,0.11375361496597776,0.2571465016759951
1050,17.5,feeder2_52,0.11451492647976405,0.2625075510085263,0.11452597268775794,0.2625858214559182
1050,17.5,feeder2_68,0.1264531634523288,0.29795694282496504,0.12646669746628744,0.298048173471721
1050,17.5,feeder2_69,0.12512503374427067,0.3016749599836601,0.12514126533890696,0.30176095037256645
1050,17.5,feeder2_71,0.12771675667257212,0.30191350620142315,0.127731488014911,0.30200533341948266
1050,17.5,feeder2_72,0.13340778012535393,0.3029917307467653,0.13342301611195465,0.303079692144384
1050,17.5,feeder2_73,0.13155624318924714,0.3141480504994131,0.1315728691027585,0.31424195988006176
1050,17.5,feeder2_74,0.12911036555543737,0.3103961255551272,0.12912445707807557,0.31049059995512274
1050,17.5,feeder2_77,0.1349741576775257,0.32530924763615743,0.13498840980095053,0.32539892176258295
1050,17.5,feeder2_79,0.1312199119100842,0.33666034189030386,0.1312376843878889,0.3367587796740447
1050,17.5,feeder2_81,0.14012090536069105,0.33937138218841356,0.1401351838141835,0.33947259809182934
1050,17.5,feeder2_82,0.14628418865257564,0.33923469487831115,0.14630158201198779,0.33933620168826717
1050,17.5,feeder2_116,0.1619315362389864,0.4044541427285552,0.16195108973852843,0.40458017746166053
1050,17.5,feeder2_119,0.16039765224125588,0.40203991285732665,0.16041924460738877,0.40215978984860035
1050,17.5,feeder2_120,0.1702926824577655,0.4306764048238598,0.17031459602227986,0.4308103782928699
1050,17.5,feeder2_248,0.16883359947474427,0.4284350056502094,0.16885258229722705,0.4285638138886836
1050,17.5,feeder2_124,0.17562044452321984,0.44787957180840965,0.17564067685742896,0.4480140910127131
1050,17.5,feeder2_282,0.17963079869492235,0.44925421002115207,0.17965080460787108,0.44938293537403146
1050,17.5,feeder2_275,0.17453426277815992,0.4461964914861659,0.17455836884075418,0.44632893096549864
1050,17.5,feeder2_151,0.18469718912735425,0.47809441022025506,0.18471985621852136,0.4782343965163752
1050,17.5,feeder2_295,0.18370954703217582,0.4799695618760643,0.18373310035398782,0.4801145881973606
1050,17.5,feeder2_311,0.18466898118781072,0.47816045641271415,0.1846949610862655,0.4782988447976564
1050,17.5,feeder2_201,0.1996709807536274,0.5263540534844185,0.19969564328793926,0.5265138428418621
1050,17.5,feeder2_314,0.1997550386709052,0.5263976983882025,0.1997821257672008,0.5265527507359692
1050,17.5,feeder2_342,0.22093073233739055,0.5957192958281615,0.2209592504696268,0.5958945672683547
1050,17.5,feeder2_368,0.22014530444397118,0.5996071224669081,0.2201746301407796,0.5997888358843172
1050,17.5,feeder2_347,0.23147208368884992,0.6248998605993193,0.23150212866519027,0.6250760721461505
1050,17.5,feeder2_353,0.2357559970506616,0.6366008467177732,0.2357876212598234,0.6367777098262216
1050,17.5,feeder2_518,0.2428452059487829,0.6311805527044754,0.2428734049251899,0.6313512714513146
1050,17.5,feeder2_365,0.24054247888973612,0.6500390232082112,0.24057234610560443,0.6502134388079619
1050,17.5,feeder2_653,0.2356893234455827,0.6364949986395775,0.23572095765022633,0.6366739395801341
1050,17.5,feeder2_377,0.24312907840253536,0.6573802004440058,0.24316211461657125,0.6575543137145188
1050,17.5,feeder2_622,0.2400367916042952,0.6507258330354282,0.24006814985377814,0.6509034549294698
1050,17.5,feeder2_451,0.22023633403926818,0.5996581894041654,0.22026616318669393,0.5998391440841027
1050,17.5,feeder2_383,0.2190108051959392,0.6068951363028349,0.21903847363924653,0.6070800244903386
1050,17.5,feeder2_385,0.24609752759625797,0.6656008408341404,0.24613024056863628,0.6657794900225331
1050,17.5,feeder2_621,0.24191992360310882,0.6588487682899962,0.2419545068329531,0.6590292585185901
1050,17.5,feeder2_611,0.21894309020656846,0.6068007597699537,0.21897307764227333,0.6069883452870499
1050,17.5,feeder2_405,0.21894751995304731,0.6073978781633976,0.21897505098729028,0.6075789101439305
1050,17.5,feeder2_461,0.2587750736492132,0.7033811805598553,0.25880779753926375,0.7035626715303522
1050,17.5,feeder2_594,0.24521442097073382,0.6641330117108009,0.24524607084563102,0.6643141118778271
1050,17.5,feeder2_732,0.2167536979300248,0.6021683700132806,0.21678046420108166,0.6023561510414892
1050,17.5,feeder2_417,0.2187363065581079,0.6125227377544559,0.21876211890136726,0.6127089350911252
1050,17.5,feeder2_663,0.21825882342552425,0.6139045877907112,0.2182882470219461,0.614087547554621
1050,17.5,feeder2_444,0.2185862048881718,0.6162066843606716,0.2186142127785726,0.6163925128504039
1050,17.5,feeder2_759,0.2228238961827116,0.6167232485913525,0.22285349718510836,0.6169130366380551
1050,17.5,feeder2_842,0.21167218162840323,0.6454602730623719,0.21169761982493743,0.6456522784903012
1050,17.5,feeder2_459,0.21841636457156188,0.6159872013697522,0.21844244629749873,0.6161740689707388
1050,17.5,feeder2_702,0.22024714088382963,0.6168285718008754,0.2202755232448847,0.6170174096999842
1050,17.5,feeder2_493,0.21760045327452338,0.6147929462604558,0.21762947868865326,0.6149835973158885
1050,17.5,feeder2_651,0.25784679773949165,0.7042665776685817,0.2578832566535816,0.7044474545079867
1050,17.5,feeder2_684,0.26919095363999634,0.7354228066696414,0.2692264400529424,0.735600634675696
1050,17.5,feeder2_674,0.2161187552237941,0.6122084953787162,0.21614605228063183,0.612396444040729
1050,17.5,feeder2_696,0.21794635757124572,0.62327047684543,0.21797366120516995,0.6234646025475791
1050,17.5,feeder2_681,0.21319414493284916,0.6066294677229791,0.21321962972249806,0.60682429011161
1050,17.5,feeder2_682,0.21455375276264563,0.6099641013672555,0.21458070633713255,0.610155878450704
1050,17.5,feeder2_728,0.27077241194840734,0.7369941876888411,0.27080793203258546,0.7371693927791368
1050,17.5,feeder2_724,0.2781108647184484,0.7656735102801004,0.27814748603674794,0.7658567365819898
1050,17.5,feeder2_703,0.21791625038281395,0.6233816862906147,0.21794565384458445,0.6235747982748773
1050,17.5,feeder2_704,0.21681392540348865,0.6268318297580127,0.21683967175827415,0.6270273461575029
1050,17.5,feeder2_754,0.2782014018063108,0.7657450168505131,0.27824085184430697,0.7659282882629379
1050,17.5,feeder2_747,0.28174679847322887,0.7780417553997951,0.2817883577552637,0.7782290334530884
1050,17.5,feeder2_828,0.27002934515301685,0.7355204606266235,0.27006397590093734,0.7356915049222136
1050,17.5,feeder2_763,0.2736167609981349,0.7417449482790537,0.27365372064805404,0.7419169543982358
1050,17.5,feeder2_836,0.28026846538280265,0.7790872368397,0.28030539775958024,0.7792717190239085
1050,17.5,feeder2_758,0.2848354298186732,0.7884183224366518,0.284877566937562,0.7886053805521406
1050,17.5,feeder2_788,0.28810289450271503,0.7899229678048094,0.288143545195421,0.7901084965766472
1050,17.5,feeder2_812,0.29344187953083817,0.8182796280174613,0.29348544927646025,0.8184710898843552
1050,17.5,feeder2_947,0.2992602172712866,0.7607684139499412,0.2992964703094533,0.7609329351082081
1050,17.5,feeder2_868,0.2810142192383053,0.7468615667622047,0.2810508108138266,0.7470305299912026
1050,17.5,feeder2_785,0.27248636143241906,0.7364998719864524,0.27252325287838913,0.7366662036212185
1050,17.5,feeder2_1176,0.2720466186507735,0.7367559729869944,0.2720808388344403,0.7369256259552742
1050,17.5,feeder2_846,0.2679263440447543,0.7269334154669909,0.26796516648656726,0.7271040196705613
1050,17.5,feeder2_911,0.2725126554113078,0.7365862766457074,0.2725482059294759,0.7367514515303712
1050,17.5,feeder2_1107,0.29520443392528717,0.8225885503750323,0.2952476549482928,0.8227750298153615
1050,17.5,feeder2_920,0.2953727095137967,0.8255207327216808,0.295416949034907,0.8257136978300861
1050,17.5,feeder2_926,0.2982987651947042,0.8369470518210163,0.2983420429266413,0.837146754798964
1050,17.5,feeder2_1239,0.2953168674073281,0.8247720944686319,0.29536017276817234,0.8249670638439306
1050,17.5,feeder2_933,0.29953728119655426,0.8417407877015307,0.2995804413669927,0.8419401388585663
1050,17.5,feeder2_1146,0.29857024166294127,0.8382002064731269,0.2986140216244783,0.8384013416952992
1050,17.5,feeder2_1124,0.29951826653903996,0.8417508351103837,0.29956075792514486,0.8419498124751281
1050,17.5,feeder2_942,0.30267260111566174,0.8538747785847505,0.3027149243379996,0.854084276580317
1050,17.5,feeder2_952,0.3065254140509191,0.8719922972523019,0.30657116153418845,0.8722057181178645
1050,17.5,feeder2_965,0.30277411053093584,0.8538484379063183,0.30281944235055364,0.8540517184136537
1050,17.5,feeder2_961,0.30689898459391907,0.8738431529079866,0.3069474298370869,0.8740582286860209
1050,17.5,feeder2_963,0.3065347102818586,0.8720152212876772,0.3065796025427967,0.872229925780827
1050,17.5,feeder2_973,0.30908390219527054,0.8846423603463464,0.30913031553698667,0.884864339480544
1050,17.5,feeder2_1128,0.3065610186213641,0.8721991763098095,0.30660836895394833,0.8724116249477434
1050,17.5,feeder2_1113,0.30718833740971646,0.8725130479643572,0.3072341153441589,0.8727290220711723
1050,17.5,feeder2_1143,0.306837683283061,0.8720135057042878,0.3068848094131911,0.8722257970362076
1050,17.5,feeder2_1238,0.3110483678380746,0.8574564541324708,0.3110907258399023,0.8576607021366558
1050,17.5,feeder2_979,0.3027554703010687,0.8534644210679722,0.3028010613851375,0.8536717067676929
1050,17.5,feeder2_1236,0.31246997565117596,0.8994774750614393,0.3125189800675872,0.8997031316636659
1050,17.5,feeder2_989,0.3090828616875423,0.8846541749168944,0.3091280819312567,0.8848706899553785
1050,17.5,feeder2_1196,0.3033648667007502,0.8519798792872721,0.30341221444705657,0.8521849337349883
1050,17.5,feeder2_1158,0.30706533790016954,0.886405047216993,0.30711309579307744,0.8866264205973204
1050,17.5,feeder2_1122,0.29590628994470564,0.8227273313358612,0.29594914516864856,0.8229106860353966
1050,17.5,feeder2_1258,0.2909745643657801,0.8255119301544677,0.29101531640781086,0.8257044043455594
1050,17.5,feeder2_1303,0.3093347458767513,0.832107163558355,0.30937591904929074,0.8322879148618514
1050,17.5,feeder2_1138,0.29555266232892197,0.8193347677807385,0.2955946983280774,0.8195179751627866
1050,17.5,feeder2_1304,0.29460514714981945,0.8177257203279867,0.2946454047784926,0.8179074458070741
1050,17.5,feeder2_1212,0.29509779745061554,0.8135840358988492,0.29513945795867325,0.8137659555565672
1050,17.5,feeder2_1311,0.3115925301022132,0.8256133917659112,0.3116339208660106,0.8257857422638555
1050,17.5,feeder2_1290,0.2919337817859937,0.7959518567731867,0.2919791507315332,0.7961303768931175
1050,17.5,feeder2_1325,0.31688861607981195,0.9181804876207077,0.31693731628260496,0.9184130136208005
1050,17.5,feeder2_1248,0.31245272681369124,0.8994894981857371,0.3124996750611559,0.8997161215702628
1050,17.5,feeder2_1249,0.3121890712257104,0.8580370233821596,0.31223362573005864,0.8582417183348303
1050,17.5,feeder2_1250,0.3141160922610412,0.8586261084787556,0.31416127619370793,0.8588266821275692
1050,17.5,feeder2_1366,0.31240039491862764,0.8995243725085472,0.3124504845570162,0.8997486693566407
1050,17.5,feeder2_1266,0.28738576404393623,0.8282130584304714,0.2874299335477809,0.828405574271256
1050,17.5,feeder2_1372,0.29198813213250463,0.7959982061473537,0.29202842263643597,0.7961759186319415
1050,17.5,feeder2_1363,0.2885532932134161,0.7770340093500879,0.2885950980770007,0.777205118235545
1050,17.5,feeder2_1446,0.3194843170918791,0.9193805913651957,0.3195336672448418,0.9196083814410753
1050,17.5,feeder2_1502,0.321120963507082,0.9374103343226621,0.321172353054065,0.9376521056865736
1050,17.5,feeder2_1428,0.289032804899218,0.7758670379464401,0.2890750259995934,0.7760429096520249
1050,17.5,feeder2_1380,0.28455963868454476,0.756156971577462,0.284601696414172,0.7563244454874283
1050,17.5,feeder2_1550,0.2873339143020339,0.7579601805762763,0.287375204710768,0.7581289663095445
1050,17.5,feeder2_1386,0.28232421093962506,0.7450054525404967,0.2823674611904149,0.7451767138785217
1050,17.5,feeder2_1551,0.2822590094488234,0.7448941707151266,0.282299413936851,0.7450620748011479
1050,17.5,feeder2_1400,0.2812697062873294,0.7397382222947865,0.2813115265838872,0.7399062679941493
1050,17.5,feeder2_1552,0.28036014248695307,0.7350855939760906,0.2804030853913668,0.7352576052539394
1050,17.5,feeder2_1408,0.2794309766532427,0.7312409715384388,0.27947452355530156,0.7314040654644124
1050,17.5,feeder2_1553,0.27825110544284704,0.7267246611945264,0.27829235226373983,0.7268951526456475
1050,17.5,feeder2_1416,0.2786302769845359,0.7278275129493248,0.2786739934592146,0.7279968560692093
1050,17.5,feeder2_1530,0.2787545056656765,0.7279351788456728,0.2787973161059417,0.7281000545708187
1050,17.5,feeder2_1425,0.2770940727864614,0.7212729194482773,0.2771357655372403,0.7214426549222444
1050,17.5,feeder2_1589,0.26965728026405306,0.7059727879117598,0.26969950432560374,0.7061338791331011
1050,17.5,feeder2_1435,0.27707022175004375,0.7213733679381171,0.27711249224524476,0.7215371624271916
1050,17.5,feeder2_1621,0.27571943073314054,0.7226140306450642,0.27576331901297063,0.7227814499380375
1050,17.5,feeder2_1564,0.2770439464356977,0.721254646846062,0.27708534540423235,0.7214196431085866
1050,17.5,feeder2_1704,0.319252562811885,0.9390291511070679,0.3193044734401289,0.9392642859477248
1050,17.5,feeder2_1525,0.3222578844409145,0.9418551266226202,0.322311605065993,0.9420968737275496
1050,17.5,feeder2_1716,0.3221870956851995,0.9418949212624493,0.32223872425803723,0.9421355266889148
1050,17.5,feeder2_1537,0.3235288451476954,0.9468308120947541,0.32358313971904884,0.9470718207671914
1050,17.5,feeder2_1645,0.32409621539500894,0.9454373967884727,0.32415054741578764,0.9456816967843933
1050,17.5,feeder2_1561,0.32501058503522307,0.9533139227913008,0.32506205319437437,0.9535564050146417
1050,17.5,feeder2_1657,0.32506921541633066,0.9533624738569234,0.3251208935851485,0.9536028089562313
1050,17.5,feeder2_1570,0.32564759246536973,0.9561020887937597,0.325700107038957,0.9563448568040044
1050,17.5,feeder2_1756,0.3572213434860308,0.9782707603150346,0.3572733430061923,0.9785081204266818
1050,17.5,feeder2_1588,0.32586488713767486,0.9571855015318256,0.32591784575974503,0.957431801639275
1050,17.5,feeder2_1628,0.32651425800414025,0.9571972667880568,0.326567044886258,0.9574397900388748
1050,17.5,feeder2_1598,0.32608696008583815,0.9585291137891292,0.3261421232568294,0.9587774747827781
1050,17.5,feeder2_1816,0.31620273242056407,0.9658710443733629,0.31625520406399193,0.9661299005623554
1050,17.5,feeder2_1765,0.32601998026071655,0.9585656730245959,0.3260753986966695,0.9588104242086917
1050,17.5,feeder2_1641,0.326968699718371,0.9638234468061603,0.32702417046410404,0.9640763033502263
1050,17.5,feeder2_1689,0.3258703105289936,0.9610063990255244,0.325926945744785,0.9612631643474392
1050,17.5,feeder2_1744,0.3331051540742636,0.968046591093252,0.3331599768831952,0.9682924831861672
1050,17.5,feeder2_1817,0.3258524406834998,0.9609241191468548,0.32591075584643586,0.9611766155311692
1050,17.5,feeder2_1779,0.32481045979836254,0.9618540675430847,0.3248680324387037,0.9621106910922465
1050,17.5,feeder2_1800,0.3238837644475605,0.9573398678846441,0.323942592519774,0.9575937748131435
1050,17.5,feeder2_1818,0.3185310236228945,0.9550977020873982,0.3185970452014992,0.9553677935234111
1050,17.5,feeder2_1753,0.3524695432416885,0.9815098106708281,0.35252439057885077,0.9817567565774963
1050,17.5,feeder2_1754,0.3331405303186405,0.9680758734347513,0.333194125080271,0.9683233928888767
1080,18.0,secondary,0.10431509055638034,0.10241795620631226,0.10431212193664366,0.10241331667954963
1080,18.0,feeder2_44,0.19442700678432767,0.5349886342658752,0.19443374499240054,0.5349654647722959
1080,18.0,feeder2_45,0.19776042838917426,0.5514753222679497,0.1977624136878194,0.5514570771695358
1080,18.0,feeder2_46,0.19636162803029727,0.5385574604097096,0.19636615160353948,0.5385358214375545
1080,18.0,feeder2_51,0.20348927941184852,0.5806349655342329,0.2034958417514291,0.5806111653973193
1080,18.0,feeder2_48,0.2007164681812475,0.5482155907643312,0.2007182258807881,0.5481944900173196
1080,18.0,feeder2_52,0.2010236752298479,0.5793694712380986,0.20102893845746964,0.5793452784972595
1080,18.0,feeder2_68,0.21986653009742887,0.6634464489883283,0.21986920127014536,0.6634216596725476
1080,18.0,feeder2_69,0.22799640859765494,0.6816723922159007,0.22800259837768527,0.6816435216071625
1080,18.0,feeder2_71,0.2218753830115553,0.6734798200322308,0.22188311679449,0.6734531634273376
1080,18.0,feeder2_72,0.23559207700978618,0.6555875908084506,0.23559839144206488,0.6555578242804039
1080,18.0,feeder2_73,0.22814899096430744,0.7068350106783656,0.22815017724802164,0.706814685598012
1080,18.0,feeder2_74,0.22569649130862288,0.7056558285505862,0.22569708222336918,0.7056319185648686
1080,18.0,feeder2_77,0.23361362008974734,0.7356714778216578,0.2336213680811683,0.7356411599529065
1080,18.0,feeder2_79,0.25021055272220577,0.7637363018919856,0.250217586697649,0.7637093265559879
1080,18.0,feeder2_81,0.24021006038986906,0.7706379165682045,0.2402170716953184,0.7706057276313161
1080,18.0,feeder2_82,0.24224323161108116,0.7672864325394588,0.24224482503128064,0.7672579292249253
1080,18.0,feeder2_116,0.27031118159759504,0.9305098628227442,0.2703183510428327,0.930469509892302
1080,18.0,feeder2_119,0.26827753088277057,0.9295443057116443,0.2682815492904496,0.9295127647173256
1080,18.0,feeder2_120,0.2817479736728088,0.9904136380116082,0.2817528649935229,0.9903765991356
1080,18.0,feeder2_248,0.27976989918708856,0.9894340319262096,0.27977310426847624,0.9894020182539758
1080,18.0,feeder2_124,0.2889300827194101,1.0277395246055925,0.2889316705545493,1.0277070934689059
1080,18.0,feeder2_282,0.29016926026458006,1.025590235207236,0.2901706961705276,1.0255570186027894
1080,18.0,feeder2_275,0.2865849466277755,1.0265919535117174,0.28658755625720966,1.0265587534187326
1080,18.0,feeder2_151,0.3017869684505865,1.0947959669560743,0.30179127308759185,1.0947569402053203
1080,18.0,feeder2_295,0.30331593018216335,1.0972716642978648,0.303318599649493,1.0972361221809712
1080,18.0,feeder2_311,0.30267238665595025,1.0961220204602622,0.3026745959472641,1.0960835868175482
1080,18.0,feeder2_201,0.3222227179603682,1.20117844797955,0.3222290828254489,1.201133808167727
1080,18.0,feeder2_314,0.32246200108439804,1.2006802386736741,0.32247206629013925,1.2006323949853535
1080,18.0,feeder2_342,0.3514796833659851,1.353169007285012,0.3514857909790995,1.353119870805041
1080,18.0,feeder2_368,0.3542447468769243,1.3715049247658366,0.3542511448264094,1.3714592616687116
1080,18.0,feeder2_347,0.36130746612906245,1.3939010730289498,0.3613120866804075,1.3938487682661764
1080,18.0,feeder2_353,0.3662771547024424,1.4150013993532164,0.36628419502818504,1.4149484514839048
1080,18.0,feeder2_518,0.3621430682681702,1.392237330792176,0.3621490851982758,1.392183513352603
1080,18.0,feeder2_365,0.37179791719964306,1.4384684787184299,0.3718048580770968,1.4384073028445454
1080,18.0,feeder2_653,0.3661823208572358,1.4149481216116966,0.36618648122101916,1.4148943142998687
1080,18.0,feeder2_377,0.3738115599295541,1.446075193517994,0.3738159119661291,1.4460178573701716
1080,18.0,feeder2_622,0.38321818671381114,1.4583466995265526,0.38322982732885175,1.4582853884667524
1080,18.0,feeder2_451,0.3542591453994698,1.3714601761503122,0.3542644262612607,1.3714095457611122
1080,18.0,feeder2_383,0.3587616740288148,1.401270992101096,0.3587720739340547,1.4012172862593455
1080,18.0,feeder2_385,0.37595273504243143,1.4539489701109753,0.3759559448725377,1.4538906107617595
1080,18.0,feeder2_621,0.37551900007138506,1.448724335145822,0.3755241119807909,1.4486661852819585
1080,18.0,feeder2_611,0.3576236611436405,1.4018928669887571,0.35763008848697947,1.4018417750947623
1080,18.0,feeder2_405,0.35906555112192784,1.4031084801464047,0.35906947395369065,1.4030627011714176
1080,18.0,feeder2_461,0.38498177561187347,1.4874347282073856,0.38498644328591886,1.487368472672147
1080,18.0,feeder2_594,0.3746846874747111,1.4532551756758505,0.37469633562644766,1.4531882194736674
1080,18.0,feeder2_732,0.3568868946254453,1.4019055299215712,0.35689262307051284,1.4018599687015372
1080,18.0,feeder2_417,0.3614718200220968,1.4172636525786269,0.3614808566805414,1.4172150196617745
1080,18.0,feeder2_663,0.3631572570171359,1.420486312237604,0.36316126734261933,1.42044127592678
1080,18.0,feeder2_444,0.36308888722358873,1.427024398850582,0.3630949579368457,1.4269779498412065
1080,18.0,feeder2_759,0.3633375991122533,1.4260949683578141,0.3633435861067367,1.426052074824848
1080,18.0,feeder2_842,0.394841611482501,1.4711969366608049,0.3948555272477279,1.4711458096035124
1080,18.0,feeder2_459,0.3630222760787892,1.42792153817288,0.363027549915121,1.4278764816599354
1080,18.0,feeder2_702,0.3633126369439863,1.4270870508096012,0.3633240128164091,1.427036056792987
1080,18.0,feeder2_493,0.3627957431265619,1.4316269087286293,0.3628027924970292,1.4315832280162308
1080,18.0,feeder2_651,0.38602132873381434,1.4900466210973702,0.38602400518488844,1.4899848961759403
1080,18.0,feeder2_684,0.39179636203152984,1.5117468616899048,0.3918061245864931,1.5116727803013306
1080,18.0,feeder2_674,0.3595673122852719,1.4314123960238683,0.35957609639020977,1.4313660817407903
1080,18.0,feeder2_696,0.36606450640387794,1.4447239986232314,0.3660684713501948,1.4446788168592997
1080,18.0,feeder2_681,0.3516465085631434,1.431343476633581,0.35165072323349006,1.4313018302877718
1080,18.0,feeder2_682,0.3581899132309958,1.4306839029182092,0.35819492344305914,1.4306399183223377
1080,18.0,feeder2_728,0.3913871801337457,1.5099161151672476,0.3913920436149823,1.5098455508404354
1080,18.0,feeder2_724,0.3995801321077976,1.540939808148998,0.3995840609669166,1.540866206454847
1080,18.0,feeder2_703,0.36619973511733267,1.444907255093663,0.3662078061174573,1.4448625565880906
1080,18.0,feeder2_704,0.36948062285555433,1.449585851553765,0.36948782581546524,1.4495402960090582
1080,18.0,feeder2_754,0.40087234124976834,1.539497759492055,0.4008817173848654,1.5394186874980162
1080,18.0,feeder2_747,0.40266105229144583,1.5536477334352712,0.4026657818330645,1.5535743394936528
1080,18.0,feeder2_828,0.3902033739270755,1.509350721413202,0.39021092160496545,1.5092790500476743
1080,18.0,feeder2_763,0.39122138862103345,1.5082182745814212,0.3912268771352814,1.5081486883608182
1080,18.0,feeder2_836,0.40536291846164235,1.5598653848042539,0.40536614221649747,1.5597906002990558
1080,18.0,feeder2_758,0.4048092330713818,1.5617626849157273,0.404816752612818,1.5616858328853682
1080,18.0,feeder2_788,0.40782621096301164,1.5570463096691445,0.40783461805756804,1.5569643192858462
1080,18.0,feeder2_812,0.411667340932327,1.5921798068659954,0.41167822933649356,1.5920933507498485
1080,18.0,feeder2_947,0.3931448852620535,1.5047034456190667,0.3931487322896236,1.504633522414853
1080,18.0,feeder2_868,0.39149778692402065,1.5075504338472947,0.3915056195077023,1.5074801750269324
1080,18.0,feeder2_785,0.3911779583807923,1.5082599235143723,0.3911849908101254,1.5081894981952786
1080,18.0,feeder2_1176,0.3937407249165803,1.5119995018434562,0.39375090294207804,1.5119249109432238
1080,18.0,feeder2_846,0.3894478504346309,1.507177325975344,0.38945573592415905,1.5071047299975195
1080,18.0,feeder2_911,0.39117371323086414,1.5082219192827788,0.3911811993983481,1.508148945935321
1080,18.0,feeder2_1107,0.4134082721057734,1.59988873450123,0.4134194177659238,1.5998059523706027
1080,18.0,feeder2_920,0.4131086127842563,1.5985791528697477,0.41311867828282695,1.5984945074100834
1080,18.0,feeder2_926,0.4153300937866443,1.6084416917364266,0.41533653238018864,1.6083589396021145
1080,18.0,feeder2_1239,0.41302173836747885,1.5981990328123186,0.41302863855766386,1.5981155013590387
1080,18.0,feeder2_933,0.41630199128146184,1.6132150980913578,0.41630550756234797,1.613130835769322
1080,18.0,feeder2_1146,0.41538544578749337,1.606532116231766,0.4153945225231723,1.6064469171061704
1080,18.0,feeder2_1124,0.4163462985234125,1.6132748617536454,0.4163530823040665,1.613190538741852
1080,18.0,feeder2_942,0.4187511295867483,1.6252482086781028,0.4187611745411105,1.6251566269063453
1080,18.0,feeder2_952,0.42254688194417156,1.644077055316272,0.4225532434467306,1.6439873486252778
1080,18.0,feeder2_965,0.418727541335064,1.6251093296011752,0.4187373573680818,1.6250187181488993
1080,18.0,feeder2_961,0.42294017773074055,1.6463703335357924,0.42294981290631656,1.6462800210780528
1080,18.0,feeder2_963,0.4225504600481873,1.6440213324492983,0.42255681851549554,1.643929604961909
1080,18.0,feeder2_973,0.4251250750860017,1.659003040595872,0.4251359111475937,1.6589076661281257
1080,18.0,feeder2_1128,0.42277893653870574,1.6456127564586136,0.4227901673109216,1.6455198685031303
1080,18.0,feeder2_1113,0.42319457709534736,1.6431521451661362,0.4231984294974584,1.6430640913967633
1080,18.0,feeder2_1143,0.42273014218343297,1.6425762714955636,0.422734367290558,1.642489575137738
1080,18.0,feeder2_1238,0.41992958712085404,1.6226339765822697,0.41993902705526576,1.6225439974919271
1080,18.0,feeder2_979,0.41872571705887834,1.6251000168174448,0.4187318277704019,1.625015391876532
1080,18.0,feeder2_1236,0.42785491293334305,1.6752772043275004,0.4278604475417564,1.6751865315388577
1080,18.0,feeder2_989,0.42512989765285514,1.6590264627903126,0.42513833252526756,1.6589336577508127
1080,18.0,feeder2_1196,0.41867346838198066,1.625066253401281,0.41867947816828355,1.6249787707038486
1080,18.0,feeder2_1158,0.4272344599723131,1.662016825299324,0.4272443116548759,1.6619223946932697
1080,18.0,feeder2_1122,0.41253680750878774,1.5952769562096765,0.4125485061093708,1.5951927855969887
1080,18.0,feeder2_1258,0.4198887606872606,1.6093381664685114,0.4198954443650237,1.6092596460535715
1080,18.0,feeder2_1303,0.4127883763002332,1.5947492488827997,0.4127925937515827,1.594671934965148
1080,18.0,feeder2_1138,0.4118739917524256,1.5918049042984697,0.4118783288423664,1.591728296692604
1080,18.0,feeder2_1304,0.41044133397713684,1.5909976998031459,0.4104498042207201,1.5909173510358185
1080,18.0,feeder2_1212,0.4106498141147589,1.5852362027523734,0.4106564952179483,1.5851574647846263
1080,18.0,feeder2_1311,0.41181769992288614,1.5829893297899609,0.41182427262750076,1.5829106741021406
1080,18.0,feeder2_1290,0.4093319411087714,1.578760402799888,0.4093388857949309,1.5786836361811325
1080,18.0,feeder2_1325,0.4282607278525232,1.6811736145924225,0.42826634898956484,1.6810769585184742
1080,18.0,feeder2_1248,0.4279080952528316,1.6753556297113719,0.42791438034692963,1.6752616091299621
1080,18.0,feeder2_1249,0.42013553853078067,1.622222389933143,0.42014643596232765,1.6221289798603298
1080,18.0,feeder2_1250,0.42030429740387315,1.6218947399723664,0.42031222128958345,1.6218065301197688
1080,18.0,feeder2_1366,0.4399657609725231,1.69288031215757,0.4399763052095067,1.6927853521613727
1080,18.0,feeder2_1266,0.42032030344340127,1.6099535591388343,0.4203261781051849,1.609870698425712
1080,18.0,feeder2_1372,0.4093408082257211,1.578737010744428,0.4093486084544809,1.5786564391502322
1080,18.0,feeder2_1363,0.4079259116186073,1.5718792187724155,0.4079318593874541,1.5718039379633242
1080,18.0,feeder2_1446,0.42848394735834755,1.6806777733195837,0.4284901125720255,1.6805785305864434
1080,18.0,feeder2_1502,0.42881873505014473,1.6883459439694721,0.42883102026572306,1.6882411804633866
1080,18.0,feeder2_1428,0.40784425922174605,1.571830138350595,0.40784768308797203,1.5717549896228284
1080,18.0,feeder2_1380,0.40624047730742385,1.5636686122350512,0.4062490288768602,1.5635909939542079
1080,18.0,feeder2_1550,0.4062173431462728,1.5634003789992281,0.4062286722410429,1.5633204496699626
1080,18.0,feeder2_1386,0.4054771177104406,1.5597790540011776,0.4054823115197369,1.5597066114844331
1080,18.0,feeder2_1551,0.404329357652095,1.5591679221764285,0.4043352046528554,1.559092522319755
1080,18.0,feeder2_1400,0.4051552816642231,1.5581039236314647,0.4051605268106521,1.5580283294841295
1080,18.0,feeder2_1552,0.4012792763100084,1.555905713617404,0.4012891112695009,1.555830327388385
1080,18.0,feeder2_1408,0.40478707924836355,1.5559722442659285,0.40479438184265504,1.5558961787528989
1080,18.0,feeder2_1553,0.39960548927960393,1.5565962855082813,0.39961040387564584,1.5565241092288356
1080,18.0,feeder2_1416,0.4048545012596594,1.554854867290378,0.40486048777329403,1.5547793075924419
1080,18.0,feeder2_1530,0.40817422638080675,1.5511563321285102,0.4081782791541149,1.5510804996766734
1080,18.0,feeder2_1425,0.40473321157572456,1.5546666576163768,0.4047374289967021,1.5545943366946706
1080,18.0,feeder2_1589,0.40239347346196985,1.5535957711567512,0.40240076173598366,1.5535237311121375
1080,18.0,feeder2_1435,0.40474475938426124,1.554753747088633,0.4047551600480677,1.5546741864167681
1080,18.0,feeder2_1621,0.40467296050812446,1.5556627306734618,0.4046783149316135,1.5555903804246045
1080,18.0,feeder2_1564,0.4047277278708103,1.554666277036653,0.40474032228172385,1.554590088801811
1080,18.0,feeder2_1704,0.4326001558060884,1.6948005608224455,0.43260616602956625,1.6947014036966819
1080,18.0,feeder2_1525,0.4285039247496376,1.6878194332593015,0.42851275075804574,1.6877163502835417
1080,18.0,feeder2_1716,0.428286521883975,1.68980730586622,0.4282930413507825,1.6897063143752853
1080,18.0,feeder2_1537,0.4281093961689561,1.686898458184129,0.4281173388246112,1.6867947505686716
1080,18.0,feeder2_1645,0.4280778534307719,1.686878784008823,0.42808645934376877,1.6867765064050306
1080,18.0,feeder2_1561,0.42766508984723,1.685867543129146,0.4276698548688117,1.685764649943968
1080,18.0,feeder2_1657,0.4284859341194325,1.6849537442691336,0.428489664374494,1.684850350529574
1080,18.0,feeder2_1570,0.4274453327075171,1.6856430997708474,0.42745750531399795,1.6855359693680219
1080,18.0,feeder2_1756,0.42969687887952684,1.6815229867197228,0.42970710751847835,1.6814152607069661
1080,18.0,feeder2_1588,0.42726873839914115,1.6856622934885042,0.4272826256368252,1.6855510354812
1080,18.0,feeder2_1628,0.4274211008061083,1.6853534844489415,0.42743125993254716,1.6852449750978966
1080,18.0,feeder2_1598,0.42705734859070676,1.6857627743192505,0.42706215193527725,1.685658693398862
1080,18.0,feeder2_1816,0.4315743102986058,1.6924710942281567,0.43157895099961213,1.6923688417755427
1080,18.0,feeder2_1765,0.4286558402177596,1.6880715073566186,0.4286650234948529,1.6879681351459803
1080,18.0,feeder2_1641,0.4253987640837285,1.683200669306397,0.4254073946524973,1.6830941066273142
1080,18.0,feeder2_1689,0.42404442169125467,1.6813742531973683,0.4240494374008172,1.6812649880757635
1080,18.0,feeder2_1744,0.4255197096681945,1.68294788405613,0.42552690466081305,1.6828413433405724
1080,18.0,feeder2_1817,0.4240329863101434,1.6813152450564188,0.4240425240838593,1.6812056344621888
1080,18.0,feeder2_1779,0.42460146632528895,1.6820145420355512,0.42461394940086233,1.6818995451588437
1080,18.0,feeder2_1800,0.41907632769378134,1.6793407500671154,0.41908815255854176,1.6792312750682437
1080,18.0,feeder2_1818,0.41563660667635877,1.672437359650291,0.41563818779322337,1.6723268578230743
1080,18.0,feeder2_1753,0.4258794946796705,1.6822130229388523,0.4258863535646593,1.6821045253530027
1080,18.0,feeder2_1754,0.4255259178142509,1.6829330040198205,0.42553919758385367,1.6828199277549214
1110,18.5,secondary,0.05234751414433766,0.02812390728069988,0.05234966967038661,0.028128078431432207
1110,18.5,feeder2_44,0.09757114110243396,0.14691291583245797,0.09757687518598536,0.14694026764917636
1110,18.5,feeder2_45,0.09887099506168003,0.14728694664300515,0.09887449285068486,0.14732036440014898
1110,18.5,feeder2_46,0.1044298789859562,0.1977719302233481,0.10442472615036977,0.19780351189628442
1110,18.5,feeder2_51,0.10112521227493827,0.14797622294516252,0.10113044440474357,0.14800545891045688
1110,18.5,feeder2_48,0.0990357344305845,0.14721372190164156,0.0990389513131872,0.14724218329144045
1110,18.5,feeder2_52,0.09777955638732058,0.14789764867688457,0.09778646238289151,0.14792094662102312
1110,18.5,feeder2_68,0.10810107762876464,0.15091115691531798,0.10810780859754128,0.15095494433275286
1110,18.5,feeder2_69,0.10831778425505934,0.1558048513695064,0.1083255737605811,0.15584777088391802
1110,18.5,feeder2_71,0.10899550787027887,0.15111400729298094,0.10900110131855371,0.15115901656935474
1110,18.5,feeder2_72,0.11428848263762392,0.14950464407787745,0.11429387533636948,0.14955201224994266
1110,18.5,feeder2_73,0.1117187641657541,0.1519386329488647,0.11172992790344273,0.15198436141162225
1110,18.5,feeder2_74,0.11083307092695273,0.1511407679860461,0.11083849510360001,0.1511916617382099
1110,18.5,feeder2_77,0.11408879900685683,0.15285726028168217,0.11409270980449752,0.15291364694676485
1110,18.5,feeder2_79,0.11487378307858391,0.17553663371488695,0.11487732880478146,0.17558491878620625
1110,18.5,feeder2_81,0.11697787313605099,0.1463266759045638,0.11698851736328614,0.1463841825397717
1110,18.5,feeder2_82,0.12164280532825221,0.14509742121488245,0.12165138997196638,0.14516197133837605
1110,18.5,feeder2_116,0.12950426170829205,0.12303649637214677,0.12951683381095813,0.12314784285527237
1110,18.5,feeder2_119,0.12887560041577825,0.12204102639377895,0.12889002791326168,0.12214905045594424
1110,18.5,feeder2_120,0.13442361076152662,0.11792815582751283,0.13443879119939106,0.11806217508495878
1110,18.5,feeder2_248,0.13303870708405408,0.11569064030755877,0.1330537373422166,0.11582207284899122
1110,18.5,feeder2_124,0.13769657500118093,0.1168948414174858,0.13771093490741212,0.11704523770599465
1110,18.5,feeder2_282,0.14070577027775974,0.11762687647575061,0.14072020270059582,0.11778432038582684
1110,18.5,feeder2_275,0.13611487423463864,0.11489480708081,0.13613134139808752,0.11504648676861383
1110,18.5,feeder2_151,0.14341517854552754,0.11789971701711707,0.143430803050739,0.11807642238050528
1110,18.5,feeder2_295,0.14302630593400129,0.11937337685065308,0.14304090704687844,0.11954616655201662
1110,18.5,feeder2_311,0.143207023809763,0.11899098126824169,0.14322035267420669,0.11916957378629743
1110,18.5,feeder2_201,0.1525664122724603,0.12289954014184182,0.15258643667194827,0.12311481491121211
1110,18.5,feeder2_314,0.15651646904509062,0.12378816579499605,0.15653697378577625,0.12400926658198168
1110,18.5,feeder2_342,0.16402273170030948,0.1383421224433661,0.16404358363176882,0.13859893111491228
1110,18.5,feeder2_368,0.16264011239809195,0.13104590917637837,0.16266330658533276,0.13130683347601607
1110,18.5,feeder2_347,0.1715618481442867,0.1621776021046135,0.17158498414294748,0.16244974956166627
1110,18.5,feeder2_353,0.17501577630110093,0.1728170610512538,0.1750415773737998,0.17309694313410148
1110,18.5,feeder2_518,0.17500959141851877,0.16492803816042542,0.17503538647593467,0.16520045010890097
1110,18.5,feeder2_365,0.17886322947914737,0.18479389036559118,0.1788914853881977,0.18508135560882003
1110,18.5,feeder2_653,0.17493717481904095,0.17272794339171818,0.17496070967744917,0.1730075084382164
1110,18.5,feeder2_377,0.18072163939216174,0.19180634826822082,0.18074969436786353,0.19209689298546184
1110,18.5,feeder2_622,0.176367242991059,0.18521949539808605,0.17638939140751056,0.18550802956214027
1110,18.5,feeder2_451,0.16331454837533557,0.13166240113465838,0.16333843832967876,0.13192105048663172
1110,18.5,feeder2_383,0.1602750027982603,0.11872981888710012,0.16029723688803624,0.11898539334297956
1110,18.5,feeder2_385,0.18282825875174366,0.20022037669475395,0.18285462237245864,0.2005144383708197
1110,18.5,feeder2_621,0.18013933189712122,0.19180561041671826,0.18016557050697285,0.19209670647678023
1110,18.5,feeder2_611,0.16007019846368153,0.11719690870760519,0.16009614427616414,0.11745226839084007
1110,18.5,feeder2_405,0.16013752674390894,0.11804266927329295,0.1601601113810791,0.11830290952774296
1110,18.5,feeder2_461,0.19210952240663226,0.2403676574950286,0.19214026439205462,0.24067491204812214
1110,18.5,feeder2_594,0.1821117929303159,0.19808086166253472,0.18214258702808767,0.19837381720410083
1110,18.5,feeder2_732,0.14040233108271327,0.08925049994270477,0.14043105486728505,0.08950715390134358
1110,18.5,feeder2_417,0.16078579806215618,0.11908465213192432,0.16080878993839023,0.11933952621805939
1110,18.5,feeder2_663,0.16056015759767886,0.11921846814877995,0.16058198642834662,0.1194787979003765
1110,18.5,feeder2_444,0.16123944003212826,0.11992026535027939,0.16126078199811444,0.12017843832427273
1110,18.5,feeder2_759,0.16807115508443013,0.12266698384190201,0.1680891156195335,0.12292631962220503
1110,18.5,feeder2_842,0.16080766619223352,0.12028776596244256,0.16083233905320307,0.12054398997809132
1110,18.5,feeder2_459,0.16126377484905063,0.12001250185344325,0.16128613097525785,0.12026987147128408
1110,18.5,feeder2_702,0.16373369236716173,0.12129764531146875,0.1637546984642709,0.12155853376869383
1110,18.5,feeder2_493,0.16108926820990596,0.11982745182657104,0.16111171205878697,0.12008535450392374
1110,18.5,feeder2_651,0.19155301177176992,0.2400189564009929,0.19158371314374187,0.24032619034564415
1110,18.5,feeder2_684,0.1996741196277499,0.2756797558416553,0.1997087301339088,0.27599518996154154
1110,18.5,feeder2_674,0.1606654329725678,0.11932093121995489,0.16068921952764323,0.1195783125552734
1110,18.5,feeder2_696,0.16124492407080923,0.1218922622535348,0.16126820577938072,0.12215077952670117
1110,18.5,feeder2_681,0.15983453650310206,0.11829421990996675,0.15985805944935863,0.11854890058777237
1110,18.5,feeder2_682,0.16017231081375424,0.11878061304086272,0.16019457890507752,0.11903765168767481
1110,18.5,feeder2_728,0.2000045017268642,0.2797962387891453,0.20003881288633735,0.2801073928655033
1110,18.5,feeder2_724,0.2076722261786255,0.3032687942201395,0.20770933094893138,0.3035977525107431
1110,18.5,feeder2_703,0.16123139140911674,0.12192047343347326,0.1612521348604473,0.12217630715619339
1110,18.5,feeder2_704,0.16039870444596488,0.12312041149008311,0.16042025148149225,0.12337338241219081
1110,18.5,feeder2_754,0.2077575770099025,0.3033625043166387,0.2077924787456723,0.30369467547695
1110,18.5,feeder2_747,0.21093278880802707,0.314482733235433,0.21097051897317592,0.3148198438142304
1110,18.5,feeder2_828,0.1992723156989094,0.278975062151396,0.19930690614970198,0.2792862063552966
1110,18.5,feeder2_763,0.20094337291979916,0.2873884680437064,0.20097763859259188,0.2876953697908381
1110,18.5,feeder2_836,0.209877661336817,0.3131208601479708,0.20991367030919933,0.31346080878296306
1110,18.5,feeder2_758,0.213628423715951,0.3249296269635169,0.2136645768908047,0.32527450792577534
1110,18.5,feeder2_788,0.21638965993873946,0.32734111207963956,0.21642702502019054,0.32768286059910506
1110,18.5,feeder2_812,0.22121399618200482,0.3538574598623495,0.2212554218792357,0.35421664442035133
1110,18.5,feeder2_947,0.20873171639359073,0.29512851296143316,0.20876687641620414,0.2954322645548976
1110,18.5,feeder2_868,0.21023734729160487,0.29729501407952424,0.21027371487470453,0.29759726753454785
1110,18.5,feeder2_785,0.19945258340934596,0.2833814639759711,0.1994862098543842,0.2836848578743634
1110,18.5,feeder2_1176,0.19806608427389943,0.2810035650999335,0.19810103197851536,0.2813102734513751
1110,18.5,feeder2_846,0.19141362212406682,0.27595427019420865,0.19145327000657328,0.27624991473400545
1110,18.5,feeder2_911,0.19989554075508031,0.2843860396936746,0.19993183112596455,0.2846897366142201
1110,18.5,feeder2_1107,0.2168828088667962,0.32796847799361195,0.21692260424466428,0.32832330461199544
1110,18.5,feeder2_920,0.22453722263418072,0.36916183383993745,0.2245775944330064,0.3695283923400676
1110,18.5,feeder2_926,0.22956575873308427,0.3921876899063592,0.22960744480058107,0.39256249079180894
1110,18.5,feeder2_1239,0.2244484800359297,0.36892588468740045,0.22448771375749285,0.3692932355585913
1110,18.5,feeder2_933,0.23164502030127718,0.4019433741360004,0.23168875112187107,0.40232246044996195
1110,18.5,feeder2_1146,0.23026063182989678,0.394306880432707,0.23030148634894718,0.39467967049728353
1110,18.5,feeder2_1124,0.2315254771264629,0.4018073549359815,0.2315662013437528,0.4021868469692795
1110,18.5,feeder2_942,0.23688904611187256,0.42683473099593094,0.236934730643402,0.4272235937328185
1110,18.5,feeder2_952,0.24058661299119033,0.4394870277577614,0.24063298589292112,0.4398924422135114
1110,18.5,feeder2_965,0.23741506051378308,0.4299825146201729,0.2374603812465037,0.430368012482847
1110,18.5,feeder2_961,0.2409262837642769,0.44069081225313445,0.24097258257272333,0.4410940158166607
1110,18.5,feeder2_963,0.24059965123566368,0.43952581450590006,0.24064535418292793,0.4399324301715653
1110,18.5,feeder2_973,0.24279250419923004,0.4473252477796011,0.24283900482631815,0.4477406922936999
1110,18.5,feeder2_1128,0.2408287830602022,0.4404279535092713,0.2408757340846212,0.4408317364651003
1110,18.5,feeder2_1113,0.24177823733746218,0.44028113228681565,0.24182171500475697,0.44068764082273854
1110,18.5,feeder2_1143,0.24061839997413362,0.43966230732935924,0.24066436807813804,0.44006612242885945
1110,18.5,feeder2_1238,0.28629252010920353,0.4794274737214101,0.28633896698814343,0.47981017370526186
1110,18.5,feeder2_979,0.23741217227123002,0.42997465185059075,0.2374539346688806,0.4303627251729512
1110,18.5,feeder2_1236,0.24548579367533693,0.4581164207810516,0.24553419604111915,0.45854416506169554
1110,18.5,feeder2_989,0.24279342920955363,0.4473190671713927,0.24283882210749183,0.44773694924376134
1110,18.5,feeder2_1196,0.23737092949227992,0.4299378700346562,0.23741532749463468,0.43032708704330463
1110,18.5,feeder2_1158,0.24201843829330408,0.4467936520196403,0.24206326278412116,0.4472089475581772
1110,18.5,feeder2_1122,0.21481718547459197,0.3214950720739215,0.21485805409810632,0.3218448445684816
1110,18.5,feeder2_1258,0.21451419444452915,0.32483941362365254,0.21455134617577995,0.3251991753414988
1110,18.5,feeder2_1303,0.2168070389015662,0.3236207095689935,0.21684797669407643,0.32397110879345575
1110,18.5,feeder2_1138,0.21308452338281214,0.31593002261360426,0.21312677327092797,0.31627527708090614
1110,18.5,feeder2_1304,0.21292179650595483,0.3143460925486426,0.21296431799364982,0.31468776509919544
1110,18.5,feeder2_1212,0.20961056267010367,0.30629237664576875,0.20965266253985212,0.3066233232590634
1110,18.5,feeder2_1311,0.21417355052648335,0.3109281778792545,0.21421668532658839,0.31125669215121066
1110,18.5,feeder2_1290,0.20464573574684577,0.29222131844493265,0.20468729327369795,0.2925344693835707
1110,18.5,feeder2_1325,0.2486534216908624,0.476441392513121,0.24869964023686827,0.4768862394902483
1110,18.5,feeder2_1248,0.24546217298262885,0.4581068887077012,0.24551042458282393,0.45853373963336386
1110,18.5,feeder2_1249,0.29948789262877623,0.4929912004897031,0.29953503064226006,0.4933759417985693
1110,18.5,feeder2_1250,0.2889161052062832,0.4817022504392355,0.2889611739613693,0.4820858376347483
1110,18.5,feeder2_1366,0.24052547379165753,0.45645533321660053,0.2405691243071997,0.4568893853564968
1110,18.5,feeder2_1266,0.21425071221262554,0.32446298262021295,0.2142900415410543,0.3248222244782857
1110,18.5,feeder2_1372,0.2046973313581608,0.2922771584943454,0.20473942612552937,0.29258814505214714
1110,18.5,feeder2_1363,0.1993527789179044,0.2794218902472797,0.19939660973140239,0.2797099858320571
1110,18.5,feeder2_1446,0.2625896874689997,0.49024821896229376,0.2626399028964698,0.4906873885301736
1110,18.5,feeder2_1502,0.24912110299675624,0.47854841379125124,0.24917033482784456,0.4790099003416087
1110,18.5,feeder2_1428,0.19220425570225885,0.27490831144912825,0.19224899821574756,0.2751892731698418
1110,18.5,feeder2_1380,0.19678347506498187,0.27193152972797274,0.19682771673684663,0.2722044283344409
1110,18.5,feeder2_1550,0.19873831770601688,0.27399328385487715,0.19878339486616314,0.27426382503720986
1110,18.5,feeder2_1386,0.19532882985902567,0.26754491604568187,0.19537349905880638,0.26781023400497944
1110,18.5,feeder2_1551,0.1943381547723882,0.2635844880569766,0.1943825569945617,0.2638458140856949
1110,18.5,feeder2_1400,0.1948210922250361,0.26636464974704305,0.19486675666062547,0.2666267721394959
1110,18.5,feeder2_1552,0.19264748349791946,0.2651193577564858,0.1926897786885893,0.2653785409087862
1110,18.5,feeder2_1408,0.19415356685193655,0.26445890778658326,0.19419707152306395,0.26471775319589647
1110,18.5,feeder2_1553,0.19249903143820277,0.2638438561911648,0.19254389804782446,0.2640994064601598
1110,18.5,feeder2_1416,0.19392411661809475,0.2635717066897339,0.19397043381786735,0.263829201788329
1110,18.5,feeder2_1530,0.1940429671723515,0.2636930057228539,0.1940847582318437,0.2639495028283945
1110,18.5,feeder2_1425,0.1934774744320221,0.26183699819788325,0.19352124518575148,0.2620929974766126
1110,18.5,feeder2_1589,0.19253212050651586,0.25813859213795415,0.19257577419722471,0.2583897117770045
1110,18.5,feeder2_1435,0.19346057903494476,0.26181169742927085,0.19350488990736348,0.2620666264936634
1110,18.5,feeder2_1621,0.193425692064483,0.2617128268603748,0.19346802965024623,0.26196913611706685
1110,18.5,feeder2_1564,0.19325349694126817,0.2616343756426854,0.19329924647985122,0.2618844274048001
1110,18.5,feeder2_1704,0.24772182311535743,0.47896620819183267,0.2477693114782233,0.4794269693785405
1110,18.5,feeder2_1525,0.24926699897684837,0.47902256293357254,0.24931769945508298,0.4794851895618139
1110,18.5,feeder2_1716,0.24726565244684853,0.4801084400678572,0.24731503356015122,0.4805722418038667
1110,18.5,feeder2_1537,0.24946173081036613,0.47942314957530285,0.24951370844781942,0.47988998391430193
1110,18.5,feeder2_1645,0.2494370710484936,0.47939861850193455,0.2494886322173202,0.47986553123152403
1110,18.5,feeder2_1561,0.2496863794651459,0.47988990679665444,0.2497398523635608,0.48036397235626654
1110,18.5,feeder2_1657,0.250561136909906,0.4804273004106219,0.2506110468148305,0.48089945188307454
1110,18.5,feeder2_1570,0.2497308927056228,0.4799423867114021,0.2497830756955611,0.4804172991555768
1110,18.5,feeder2_1756,0.2584219686776896,0.4879492169646807,0.25847591431836653,0.48842077118507315
1110,18.5,feeder2_1588,0.24967022896133237,0.4794584693264446,0.24972358173059656,0.47993556899999973
1110,18.5,feeder2_1628,0.25009294639332713,0.47991402017813384,0.2501476594911433,0.48039216454117356
1110,18.5,feeder2_1598,0.2495752230676032,0.47871427544214884,0.249631151219174,0.4791953830358435
1110,18.5,feeder2_1816,0.24776955314002486,0.4773952946426484,0.24782159795314565,0.47787504393021085
1110,18.5,feeder2_1765,0.24880342823936433,0.4780083228206867,0.24885415833968585,0.47849000840576733
1110,18.5,feeder2_1641,0.24892644910164946,0.4761395055094063,0.24898026640951973,0.47663202407882427
1110,18.5,feeder2_1689,0.24786089858947033,0.4718218153157771,0.2479154747174107,0.47232647519196086
1110,18.5,feeder2_1744,0.2504766543579222,0.47738698891961817,0.2505325415710931,0.47787918730374696
1110,18.5,feeder2_1817,0.24746828835129622,0.46948832781769784,0.2475248298830791,0.4699907993911705
1110,18.5,feeder2_1779,0.2470857204630274,0.4720437549592618,0.24714217630911783,0.4725479237474918
1110,18.5,feeder2_1800,0.2458164791426549,0.469666713705517,0.2458734162674315,0.4701681809105583
1110,18.5,feeder2_1818,0.24344151896387936,0.46724041255471876,0.2435153568330439,0.4677677577906711
1110,18.5,feeder2_1753,0.2533174610030495,0.48034792690892014,0.25337053919500674,0.4808392055745719
1110,18.5,feeder2_1754,0.25093122058521117,0.4776071481587676,0.2509847556589769,0.47809980924445605
1140,19.0,secondary,0.006409566029891569,0.022327035101698117,0.006403327202167088,0.022290408070043073
1140,19.0,feeder2_44,0.011972965702218468,0.1168861805084879,0.011964796727537893,0.11669481441631847
1140,19.0,feeder2_45,0.012227692988690007,0.12080904061684215,0.012219255763418486,0.1206079705169271
1140,19.0,feeder2_46,0.011126442699155697,0.11388233298408226,0.01110167336442885,0.1136934570513905
1140,19.0,feeder2_51,0.012727450160784052,0.12704669469484564,0.012715776573859064,0.12683894695805156
1140,19.0,feeder2_48,0.018345167641947744,0.1298767365752548,0.018390737250893675,0.12967332324314682
1140,19.0,feeder2_52,0.01407600578160532,0.12826659499575144,0.014065089880035235,0.12805984778425208
1140,19.0,feeder2_68,0.014164985296795976,0.14486209936418906,0.01414076730977403,0.14463400419462763
1140,19.0,feeder2_69,0.013288172578505706,0.14180938000315552,0.013254120438562582,0.14158200886746802
1140,19.0,feeder2_71,0.014395903020372167,0.14743360451933424,0.014375736652499936,0.1471964178159997
1140,19.0,feeder2_72,0.012261543204893251,0.14773203726461062,0.012252064282445343,0.14749309902594013
1140,19.0,feeder2_73,0.015146548311446108,0.1556028910186072,0.01512435502644666,0.15535674060307075
1140,19.0,feeder2_74,0.01826181491509249,0.1576033930721019,0.01824601543899339,0.15735949544263872
1140,19.0,feeder2_77,0.015673121079458074,0.162326834197138,0.015647238830349346,0.1620749795315623
1140,19.0,feeder2_79,0.01687127725415056,0.15907141366360836,0.016834143399925783,0.1588223608520772
1140,19.0,feeder2_81,0.01658869184450682,0.17431105148623238,0.01655971909737557,0.17404341406001825
1140,19.0,feeder2_82,0.013500698568126739,0.17466545237695516,0.013483000847891276,0.17439458025479143
1140,19.0,feeder2_116,0.02133292856616225,0.23009186711535298,0.021281937184678166,0.22977227651170457
1140,19.0,feeder2_119,0.0378221437250284,0.24723613577312722,0.03778704539558082,0.24692629987138273
1140,19.0,feeder2_120,0.02098111582252002,0.24134457964178754,0.0209286829064414,0.24100480496389623
1140,19.0,feeder2_248,0.02269056899287513,0.24319472681464918,0.022638529025018003,0.24285385372731158
1140,19.0,feeder2_124,0.020615786526573268,0.24751703681515952,0.020559167940263592,0.2471597378217216
1140,19.0,feeder2_282,0.020487633849353627,0.24749433260030235,0.020430745360413338,0.2471341379110213
1140,19.0,feeder2_275,0.03547079179448439,0.2629261068738381,0.0354296627050218,0.26257247345072093
1140,19.0,feeder2_151,0.017686164934129795,0.24787977575012085,0.01762378111988999,0.24748798015282159
1140,19.0,feeder2_295,0.017690720024639454,0.24779503137772615,0.01763033656589832,0.24740571880270648
1140,19.0,feeder2_311,0.017756995970596857,0.24735815657487167,0.017693772370503052,0.24696728957073308
1140,19.0,feeder2_201,0.013153608494851537,0.24923048452532223,0.013075678004679396,0.24879000910963614
1140,19.0,feeder2_314,0.012475707855783266,0.2498700562786031,0.012398166662548442,0.24943015585023853
1140,19.0,feeder2_342,0.008532135194051592,0.2500152873310355,0.00843463256489577,0.2495003382643684
1140,19.0,feeder2_368,0.006370588490232216,0.2511509221151762,0.006275602975969664,0.2506343394644689
1140,19.0,feeder2_347,0.010746721764381418,0.24877760102895663,0.010658024777545166,0.24824952614258705
1140,19.0,feeder2_353,0.012483265672176,0.2481440806943958,0.012397359525007336,0.247611517347
1140,19.0,feeder2_518,0.009122347951088195,0.249540450797983,0.009048176171462129,0.2490083721171183
1140,19.0,feeder2_365,0.014516600983942052,0.24762099366392876,0.014428079274324004,0.24707502282257832
1140,19.0,feeder2_653,0.012470059870604464,0.2482454478722302,0.012383574206394394,0.24771133375835483
1140,19.0,feeder2_377,0.01506951697568877,0.250298430909153,0.014983284805816918,0.24974781967251042
1140,19.0,feeder2_622,0.029136230264825085,0.23571084163583378,0.029059356925729626,0.23518195631994868
1140,19.0,feeder2_451,0.00981974135911549,0.25279138578858096,0.009904422589120063,0.25225722372009346
1140,19.0,feeder2_383,0.006454364246052096,0.25336036929938127,0.006358977201105241,0.25284135216104714
1140,19.0,feeder2_385,0.01570148503543598,0.2534193668305383,0.015615741507201937,0.25286131508207943
1140,19.0,feeder2_621,0.015172734235072665,0.2502141520798628,0.015089643609415325,0.24966657774135115
1140,19.0,feeder2_611,0.006829997426308409,0.2545018880303927,0.006731973148418618,0.2539835992829209
1140,19.0,feeder2_405,0.006450447496285869,0.2534372429994642,0.00635456869466837,0.2529191299414708
1140,19.0,feeder2_461,0.018117070547426485,0.26394158273804574,0.018025729440853233,0.2633485365269257
1140,19.0,feeder2_594,0.015492849497969984,0.25467207785758045,0.015400225590923725,0.2541122205537764
1140,19.0,feeder2_732,0.008088153502858936,0.2574353897486158,0.008002295544413085,0.25692320414586345
1140,19.0,feeder2_417,0.006344627315627378,0.2530964982297095,0.006253708169715863,0.2525869400093599
1140,19.0,feeder2_663,0.009410696481557257,0.25000471004452685,0.009326755696018608,0.24949515474505124
1140,19.0,feeder2_444,0.006110431122411705,0.2537377410093183,0.006015840901438591,0.25322122022369403
1140,19.0,feeder2_759,0.005121516205838904,0.253515099234566,0.005032467274728767,0.2530015966650039
1140,19.0,feeder2_842,0.008479747241450637,0.25133411002773737,0.008393815171332501,0.25082300030223514
1140,19.0,feeder2_459,0.006020894171123362,0.2541160164750711,0.0059292004759059335,0.2536053332049986
1140,19.0,feeder2_702,0.005466310607796187,0.2566124319015745,0.005418048540558365,0.25609727743258476
1140,19.0,feeder2_493,0.0060284706923185525,0.2546992332597413,0.005933685251180793,0.25418360628001374
1140,19.0,feeder2_651,0.0293312420575357,0.25493669829468496,0.029246868539974363,0.2543557096011823
1140,19.0,feeder2_684,0.01820330276430737,0.2821189930674636,0.01810612621062877,0.28148993879859296
1140,19.0,feeder2_674,0.0058737128286106685,0.25507354878227956,0.005779010668314348,0.25455914742136865
1140,19.0,feeder2_696,0.006051844503664942,0.25457326456858065,0.005960933401055324,0.2540652972337984
1140,19.0,feeder2_681,0.005893641775915623,0.25514026784723254,0.005797859109792036,0.25462758010282155
1140,19.0,feeder2_682,0.005783525908543833,0.2565301565227977,0.0056896039791078795,0.2560152717554573
1140,19.0,feeder2_728,0.01787409298044722,0.2802276199637686,0.017773641088475137,0.2795883684376057
1140,19.0,feeder2_724,0.019394375497392872,0.30522495218719287,0.019277746563722935,0.3045561813682983
1140,19.0,feeder2_703,0.006186402877597704,0.2544252052584647,0.0060919334472163975,0.25390822589444734
1140,19.0,feeder2_704,0.006061647549801492,0.2545624115613486,0.0059728814974818216,0.254052852118791
1140,19.0,feeder2_754,0.011732606149547839,0.303641780475271,0.011656346091134678,0.30296131001701615
1140,19.0,feeder2_747,0.02120809197800813,0.3162162254407554,0.02109192635314278,0.31554835552350835
1140,19.0,feeder2_828,0.017867516435512078,0.2802820646048357,0.017765931737384652,0.2796431827693429
1140,19.0,feeder2_763,0.017423841150165195,0.2773962059661206,0.017327644621716903,0.27675233839461255
1140,19.0,feeder2_836,0.025089204362752783,0.31272239339024344,0.02497906682783328,0.31205810179170107
1140,19.0,feeder2_758,0.022630262935875806,0.3271854522379749,0.022509307424801783,0.3265108172331933
1140,19.0,feeder2_788,0.020515244990065663,0.32670270705179344,0.02039299002504356,0.32602038491289237
1140,19.0,feeder2_812,0.027979970881352303,0.36219075632302644,0.027846524183433016,0.3614985951570955
1140,19.0,feeder2_947,0.01537165885873644,0.27873988986216275,0.015313365649575646,0.2780831315549024
1140,19.0,feeder2_868,0.01736642791212001,0.27737916690482656,0.017268844295983344,0.2767320452117216
1140,19.0,feeder2_785,0.017500881059303017,0.2756032245036335,0.017406183543896264,0.27495897833596117
1140,19.0,feeder2_1176,0.025246372728345786,0.26797405697724724,0.025152373700675384,0.2673323227110545
1140,19.0,feeder2_846,0.01748420983129451,0.2756969665269938,0.017389895013194767,0.2750507804775271
1140,19.0,feeder2_911,0.016706898032321553,0.27489028858342557,0.016614296517977974,0.27424189938627697
1140,19.0,feeder2_1107,0.033643921492669634,0.40122881741739447,0.033504863251305396,0.40053649842246314
1140,19.0,feeder2_920,0.028094269964383977,0.3613113484385687,0.02796220453816952,0.36061250549549795
1140,19.0,feeder2_926,0.028266473767350735,0.3598276041492304,0.028127634947164852,0.35911110993845985
1140,19.0,feeder2_1239,0.028129391329578167,0.36154202090494525,0.027993564336689706,0.3608354020375965
1140,19.0,feeder2_933,0.02842142766902695,0.35907504655647887,0.02828435072270829,0.3583552510877821
1140,19.0,feeder2_1146,0.027950907819427908,0.36032896464105346,0.02781310595214482,0.3596111737031172
1140,19.0,feeder2_1124,0.036491747400701366,0.35172171224029625,0.03636436314633376,0.3510134164436339
1140,19.0,feeder2_942,0.0280097598620471,0.3635279184042644,0.027870054987724855,0.36279171519804787
1140,19.0,feeder2_952,0.02812061441527027,0.3692633740735311,0.027979712811128456,0.36850594621821275
1140,19.0,feeder2_965,0.027919211913333956,0.3636379032438673,0.027780406885366295,0.36290228749843445
1140,19.0,feeder2_961,0.02816331386967309,0.3698443256035836,0.028017363364527075,0.3690861926409337
1140,19.0,feeder2_963,0.02811430366168525,0.36927169268031296,0.027971125891607135,0.36851029306164906
1140,19.0,feeder2_973,0.028327514390354067,0.3720405232127397,0.028181934105011047,0.37126802722666286
1140,19.0,feeder2_1128,0.02827874193996629,0.37139296418969625,0.028133736221196148,0.3706337096168008
1140,19.0,feeder2_1113,0.02772451932456466,0.3695492978319181,0.027581506114707055,0.3687884204058308
1140,19.0,feeder2_1143,0.028086526998793607,0.36921280611081714,0.027942564004420314,0.3684570277134004
1140,19.0,feeder2_1238,0.02317954112374836,0.36443189345664273,0.023049639916094423,0.3636846752841976
1140,19.0,feeder2_979,0.027920236889264167,0.3637766983212243,0.02778455690137784,0.363042176823486
1140,19.0,feeder2_1236,0.02842083930906459,0.377021578625007,0.028270329325453206,0.37622185466355373
1140,19.0,feeder2_989,0.02832904301540188,0.3720252532231475,0.028183965634855417,0.3712505633556203
1140,19.0,feeder2_1196,0.027519120765504813,0.3642929323651685,0.027381003807543856,0.3635554556263869
1140,19.0,feeder2_1158,0.030460788689583924,0.36994365860550427,0.03031702781764452,0.36917449939266245
1140,19.0,feeder2_1122,0.035704896441600645,0.41947453775613697,0.03556487271309691,0.41878156712125864
1140,19.0,feeder2_1258,0.03716485482391818,0.3973748839128807,0.0370293161008698,0.39668642427800654
1140,19.0,feeder2_1303,0.033167168337176964,0.4200311755172985,0.033030568614237275,0.41933163934135353
1140,19.0,feeder2_1138,0.037652884925595924,0.4337636111946013,0.037519432876730534,0.4330739664302945
1140,19.0,feeder2_1304,0.04512959344130355,0.44681128797993774,0.04499787069052529,0.4461246055028876
1140,19.0,feeder2_1212,0.03996938359075079,0.4531712871232767,0.03983289874764133,0.45247992020528877
1140,19.0,feeder2_1311,0.03676616741125787,0.4535633476338902,0.03662893879002426,0.4528701986700805
1140,19.0,feeder2_1290,0.043580311999028766,0.4771209568932776,0.04344576252988056,0.4764330103045185
1140,19.0,feeder2_1325,0.02855743106268765,0.3846264549047722,0.028396178512142354,0.3837897466364077
1140,19.0,feeder2_1248,0.02842461258316435,0.3770176619654067,0.028274512841454224,0.37621774594632235
1140,19.0,feeder2_1249,0.022477952600974627,0.36482545382126264,0.02235424556741099,0.3640791275077823
1140,19.0,feeder2_1250,0.021991417957212937,0.36410027144266505,0.021864481915741314,0.36335281114196954
1140,19.0,feeder2_1366,0.0293374827757044,0.3760887808617561,0.029185523779663918,0.37529145083300525
1140,19.0,feeder2_1266,0.038621187414892136,0.39581323033518284,0.038483234007529385,0.39512260586697856
1140,19.0,feeder2_1372,0.04240429361780105,0.47775612501695713,0.04227002429602301,0.4770655023963222
1140,19.0,feeder2_1363,0.04803579020305657,0.5021356198863974,0.047904222624665344,0.5014541337283889
1140,19.0,feeder2_1446,0.02645364556470235,0.3844857046681199,0.026298328105164755,0.38365222684776645
1140,19.0,feeder2_1502,0.029450781576052472,0.39368894322592196,0.02928608185038168,0.392821584020373
1140,19.0,feeder2_1428,0.04932384374979572,0.5041605024117224,0.049189334682637066,0.5034787227414261
1140,19.0,feeder2_1380,0.05292956003138363,0.5292844370232743,0.052796922542404354,0.528611631267213
1140,19.0,feeder2_1550,0.05211214535883375,0.5299477090476482,0.051981204450627184,0.5292749985492663
1140,19.0,feeder2_1386,0.0554744616383296,0.5422691779132011,0.05533990445277051,0.5415993720768192
1140,19.0,feeder2_1551,0.05533782897549109,0.5428262933470931,0.05520658578448604,0.5421538166026287
1140,19.0,feeder2_1400,0.05666831289944574,0.5482954275808507,0.05653619928642589,0.5476209153700802
1140,19.0,feeder2_1552,0.05941902973230355,0.5524367075824114,0.05928972994416091,0.5517692999479415
1140,19.0,feeder2_1408,0.058715870727876186,0.5586109201958204,0.05858335653655222,0.5579437927085478
1140,19.0,feeder2_1553,0.06018356742521813,0.5607006078204665,0.060053763672428394,0.5600328647822338
1140,19.0,feeder2_1416,0.059689804432098266,0.5635115022841354,0.05955986136473878,0.5628463980765716
1140,19.0,feeder2_1530,0.05957175296493152,0.5634633055099151,0.0594377613414661,0.5627930441982486
1140,19.0,feeder2_1425,0.061561494290524925,0.5728880645109548,0.061429501666940785,0.5722247768842436
1140,19.0,feeder2_1589,0.06161530978994114,0.5729669169882503,0.06148256926155577,0.5723031672743109
1140,19.0,feeder2_1435,0.06193769522497952,0.5747691095128558,0.06180761747875141,0.574104501237201
1140,19.0,feeder2_1621,0.06196186477326542,0.5746880734918266,0.06183192478216215,0.5740269331545663
1140,19.0,feeder2_1564,0.0664160172713169,0.59710201442795,0.06628481823449456,0.5964413311683348
1140,19.0,feeder2_1704,0.0307095410106448,0.39224550110478423,0.03054868073055997,0.39137994090226325
1140,19.0,feeder2_1525,0.02967241927507026,0.39651031991250535,0.02950777220400502,0.395634342558775
1140,19.0,feeder2_1716,0.0327671730538247,0.39313196370978587,0.032603415798381864,0.3922588045693751
1140,19.0,feeder2_1537,0.029872158452224594,0.40017274625958066,0.029702576754798222,0.3992841952686055
1140,19.0,feeder2_1645,0.02937971013387879,0.40054487446036696,0.02920986840668401,0.3996577368675153
1140,19.0,feeder2_1561,0.0301149917774933,0.4040743715192695,0.02994530425689086,0.4031720860645985
1140,19.0,feeder2_1657,0.029331107890634346,0.4038554162007304,0.029159504189915128,0.40294904705235546
1140,19.0,feeder2_1570,0.030261388450691873,0.40583171237479,0.030090023877830947,0.4049283474959363
1140,19.0,feeder2_1756,0.02456306154566991,0.40679057125313006,0.02439235411035044,0.4058702430196982
1140,19.0,feeder2_1588,0.0304909184271649,0.40745715158201573,0.030318581130455394,0.40654410171337896
1140,19.0,feeder2_1628,0.030254135727660215,0.40738089176639464,0.03008292215261562,0.40646693274385015
1140,19.0,feeder2_1598,0.03079639201777287,0.40953886543442064,0.030622173678135654,0.40862400743130256
1140,19.0,feeder2_1816,0.030942447478416547,0.40933486896651994,0.030770380069164507,0.40841719081418554
1140,19.0,feeder2_1765,0.031401834232981464,0.408736039341952,0.03122774810964813,0.40782080977139235
1140,19.0,feeder2_1641,0.032335027803668134,0.4201473474104657,0.03215663709186511,0.4192048090191378
1140,19.0,feeder2_1689,0.03462758739525805,0.4297842743693693,0.034446893538480905,0.42882843866474846
1140,19.0,feeder2_1744,0.02957671072514588,0.4200651392655388,0.029400423633598138,0.41911897632064343
1140,19.0,feeder2_1817,0.035062090772533284,0.43209445993804335,0.034877832100921734,0.43113166392891483
1140,19.0,feeder2_1779,0.035307920008460794,0.42907436332619164,0.03512247513999348,0.428109444481319
1140,19.0,feeder2_1800,0.043961400879987775,0.4454175631358441,0.04379156880457909,0.4444643462862133
1140,19.0,feeder2_1818,0.036282442869239206,0.4239597295377644,0.036070865237499444,0.4229537989477115
1140,19.0,feeder2_1753,0.025888222943470776,0.4210090613789351,0.025711157583161896,0.42005520195101875
1140,19.0,feeder2_1754,0.028492554570901968,0.4198169793733231,0.028314400900096955,0.4188667319050762
1170,19.5,secondary,0.034095144552378547,0.04217458766663175,0.03409854586059415,0.04216435492304906
1170,19.5,feeder2_44,0.06374773664509226,0.22099481215318842,0.06375114139068012,0.22092709850727482
1170,19.5,feeder2_45,0.06454153889546896,0.2268805175537122,0.06453854292323159,0.22680986589139537
1170,19.5,feeder2_46,0.08962092584859932,0.23232835051176687,0.08961532773368018,0.2322720513414532
1170,19.5,feeder2_51,0.06601152766411555,0.23743870486970445,0.06600925826225973,0.2373649353992246
1170,19.5,feeder2_48,0.06276226958173638,0.22473772683554785,0.06275632017955429,0.22466801553005783
1170,19.5,feeder2_52,0.06644076206763105,0.23879843669612494,0.06644090394717823,0.2387246135911156
1170,19.5,feeder2_68,0.07012052267946357,0.2668344850606119,0.0701189715047939,0.2667454785331547
1170,19.5,feeder2_69,0.0721892942026605,0.2686259444548624,0.07218993071134135,0.26853887742023397
1170,19.5,feeder2_71,0.07066862871312858,0.2706282768953581,0.0706671010850081,0.27053791692195794
1170,19.5,feeder2_72,0.06725808943435162,0.26676941327932463,0.06725367267454321,0.26668226263031547
1170,19.5,feeder2_73,0.07249827092213032,0.2829660221955851,0.07249891974467149,0.28287013813331263
1170,19.5,feeder2_74,0.07095201640436782,0.28560186526157566,0.07095568140404869,0.285505356595115
1170,19.5,feeder2_77,0.07409906380660534,0.29316097668636626,0.07410069818683779,0.29305926665825627
1170,19.5,feeder2_79,0.0768011363575803,0.29352355800968527,0.07680440312954803,0.29342341453865783
1170,19.5,feeder2_81,0.07650229937401419,0.309043248346421,0.07650454834554894,0.3089350127508495
1170,19.5,feeder2_82,0.07332473946807892,0.3053361179457384,0.07332307753719612,0.30522744484614256
1170,19.5,feeder2_116,0.08858475108206712,0.3846181703006012,0.08858493256334904,0.3844748949471336
1170,19.5,feeder2_119,0.09275846402332771,0.39412494461556635,0.09276790683509381,0.39397484807424893
1170,19.5,feeder2_120,0.09192928817741958,0.4085168071972667,0.0919325906765261,0.4083641930852152
1170,19.5,feeder2_248,0.09152447283172367,0.41208099463825537,0.09152911503776076,0.41192625391798937
1170,19.5,feeder2_124,0.0938473280633866,0.42192459125609233,0.09384851223200436,0.4217612776816383
1170,19.5,feeder2_282,0.09186750462959589,0.4197703865956475,0.09186559869110468,0.41960875317150803
1170,19.5,feeder2_275,0.09303734640775135,0.42371343237878567,0.09303899579309477,0.42355043897647154
1170,19.5,feeder2_151,0.09744697886457893,0.44554006178118744,0.09745056344663929,0.4453660091596283
1170,19.5,feeder2_295,0.09846904954513638,0.4462227644481625,0.09847060795049295,0.4460516999672589
1170,19.5,feeder2_311,0.09824022528834057,0.44610745525921375,0.09824346749765966,0.4459359636597939
1170,19.5,feeder2_201,0.10326027288912738,0.48305124365261193,0.10326137941720955,0.48285945799588564
1170,19.5,feeder2_314,0.10317475013106034,0.4829604877379152,0.10317638869832009,0.4827694850567765
1170,19.5,feeder2_342,0.11159705907268892,0.5367477827113173,0.11159905798612442,0.5365282031726382
1170,19.5,feeder2_368,0.11214933124530017,0.5388904970825636,0.11215266125394856,0.5386716943223058
1170,19.5,feeder2_347,0.11506469090359049,0.5591851776595319,0.11506747553530056,0.5589514299138815
1170,19.5,feeder2_353,0.11701210593029268,0.5714343741194551,0.11701516643960223,0.5711932301527931
1170,19.5,feeder2_518,0.1131645159011198,0.5571503351877816,0.11316693243729663,0.5569174128410704
1170,19.5,feeder2_365,0.11914995127635764,0.5849816307280621,0.11915524377597868,0.5847320259464683
1170,19.5,feeder2_653,0.1171386062260092,0.5715582582887602,0.11714234439814455,0.5713176312779413
1170,19.5,feeder2_377,0.12015549586986778,0.5901847005771074,0.12016058187999101,0.589927247423108
1170,19.5,feeder2_622,0.12906243316641788,0.5924693561914744,0.12906239064338956,0.592223147458804
1170,19.5,feeder2_451,0.11038542816956975,0.5370521112320356,0.11038855851691544,0.536834199977279
1170,19.5,feeder2_383,0.11344760426392957,0.5438552975027432,0.11345015593214394,0.5436388749792291
1170,19.5,feeder2_385,0.12130596489180613,0.5959113324184474,0.12131059255458274,0.5956488940302765
1170,19.5,feeder2_621,0.1211724758445832,0.5909425206359471,0.12117631496984524,0.5906874797289087
1170,19.5,feeder2_611,0.11386141312349812,0.5444744531514967,0.11386480570201929,0.5442602545414202
1170,19.5,feeder2_405,0.11351721412921406,0.544140046545899,0.11351929170837678,0.5439247859549616
1170,19.5,feeder2_461,0.12560569837769367,0.6157608087113082,0.12561341718138802,0.6154737129733678
1170,19.5,feeder2_594,0.12126056313123393,0.5981799147541298,0.12126532865124637,0.5979193140781727
1170,19.5,feeder2_732,0.11457416239693573,0.5463078272937253,0.11457957421259497,0.5460897650163481
1170,19.5,feeder2_417,0.11390732884918786,0.5458966017819843,0.11391074864339007,0.5456822909154805
1170,19.5,feeder2_663,0.11685582683305593,0.5468155493186989,0.11685916509954525,0.5466002568774472
1170,19.5,feeder2_444,0.11400827116294725,0.5468783442950687,0.11401217923221543,0.5466627520078405
1170,19.5,feeder2_759,0.11172962465858327,0.5445022444783063,0.1117296415335415,0.5442896723828772
1170,19.5,feeder2_842,0.12343026830614426,0.5535455090358075,0.12342982688569026,0.5533354853417924
1170,19.5,feeder2_459,0.11398744190167617,0.5469357878049101,0.11399095032771285,0.5467215149262883
1170,19.5,feeder2_702,0.1126226089359212,0.5454620273043588,0.11262375479089055,0.5452504582106379
1170,19.5,feeder2_493,0.11406792443193153,0.5477368081052422,0.1140692513556749,0.5475249675205371
1170,19.5,feeder2_651,0.1274169871899383,0.6165412748832394,0.12742335454672343,0.6162552122015429
1170,19.5,feeder2_684,0.12907359894700096,0.6311054327298516,0.1290840280279933,0.6307949395624385
1170,19.5,feeder2_674,0.11401613949557565,0.5482848638191951,0.11402143767613487,0.5480711904600946
1170,19.5,feeder2_696,0.11408517741604651,0.5478412574848013,0.11408669869814436,0.5476271595845833
1170,19.5,feeder2_681,0.11433167791030069,0.5488002640998568,0.11433353811606405,0.5485850792811828
1170,19.5,feeder2_682,0.11334814087613734,0.549774533066752,0.1133484480311807,0.5495618268302146
1170,19.5,feeder2_728,0.12887548969697135,0.6312471676826977,0.12888677228890544,0.6309385739953594
1170,19.5,feeder2_724,0.13314370285472632,0.6468058596723124,0.1331539748827693,0.6464746113660678
1170,19.5,feeder2_703,0.11420085236843669,0.5479454428954582,0.11420265891041537,0.547733411149289
1170,19.5,feeder2_704,0.1140936467933061,0.5478487898938329,0.11409485820478157,0.5476346401088936
1170,19.5,feeder2_754,0.13221289168125494,0.6458350180037036,0.13222425390582565,0.6455020217750709
1170,19.5,feeder2_747,0.13494105476660195,0.6538273879370953,0.13495573437159888,0.6534832388970123
1170,19.5,feeder2_828,0.12916481118075404,0.6316834890810658,0.12917454462881026,0.6313757521412083
1170,19.5,feeder2_763,0.12837355737053346,0.6308945669378533,0.12838329910927376,0.63058518210187
1170,19.5,feeder2_836,0.140643257958035,0.6545263692305469,0.1406503531565467,0.6541856425096869
1170,19.5,feeder2_758,0.13624182113996297,0.6593675693933374,0.13625582752881443,0.6590128242679507
1170,19.5,feeder2_788,0.13342504453969828,0.6564371733185699,0.13343712420463982,0.6560873525803381
1170,19.5,feeder2_812,0.14110954344409551,0.680787060736953,0.14112583905392936,0.6804060107214482
1170,19.5,feeder2_947,0.12403465805034405,0.6263435992901534,0.12404537264402618,0.6260330493401334
1170,19.5,feeder2_868,0.1280292790620251,0.6305043125252897,0.12803860327527272,0.6301950757997973
1170,19.5,feeder2_785,0.12842927275725563,0.6319580425652893,0.12843898163320536,0.6316491966947162
1170,19.5,feeder2_1176,0.13153289312796057,0.6348941296519978,0.1315390620407791,0.634586915031165
1170,19.5,feeder2_846,0.1281152442196446,0.6327484349292518,0.12812758017618514,0.6324388846144247
1170,19.5,feeder2_911,0.128401087061736,0.631850660105793,0.12841341205510837,0.6315409336768323
1170,19.5,feeder2_1107,0.14638221802411475,0.7008930333539162,0.14640408995421123,0.700500059721372
1170,19.5,feeder2_920,0.14107780445690496,0.6815641171065738,0.1410936297395259,0.681180007762224
1170,19.5,feeder2_926,0.1409427160577112,0.6824881967336746,0.14096108378343447,0.6820959317492751
1170,19.5,feeder2_1239,0.14118195015301524,0.6818594156535135,0.14120042495606464,0.6814734621812657
1170,19.5,feeder2_933,0.14097552971025074,0.6834273902337691,0.14099303475854602,0.6830313847865467
1170,19.5,feeder2_1146,0.14050686274086382,0.6800215076776818,0.14052432728291175,0.6796277196031587
1170,19.5,feeder2_1124,0.14140368229069797,0.6839871705431977,0.14141892124362587,0.6835929082618623
1170,19.5,feeder2_942,0.14108493159595897,0.6852278406421188,0.14110118156303986,0.6848253333217796
1170,19.5,feeder2_952,0.14049913315498072,0.6818549197084735,0.14051641307674326,0.681444252025879
1170,19.5,feeder2_965,0.1411829918545697,0.6860264865303383,0.1411990914760132,0.6856236889071691
1170,19.5,feeder2_961,0.14047577549052187,0.6817244546906315,0.1404912005278638,0.6813127080470349
1170,19.5,feeder2_963,0.14049073719624303,0.6818075348562743,0.14051044253975317,0.6813947697427711
1170,19.5,feeder2_973,0.14031240874983605,0.6804028311867756,0.1403301876997725,0.6799840820762326
1170,19.5,feeder2_1128,0.14055141914765093,0.6828889355551464,0.14057116809856543,0.6824741855696317
1170,19.5,feeder2_1113,0.13948368964368135,0.6807600262625426,0.13950321990058878,0.6803472104630776
1170,19.5,feeder2_1143,0.14046683457338885,0.6816675609354508,0.14048431474095788,0.6812568964491257
1170,19.5,feeder2_1238,0.13589642522478196,0.6808043490627224,0.1359135034153795,0.6804001896974656
1170,19.5,feeder2_979,0.1414131834688875,0.6875251576451799,0.14143106136612424,0.6871220307197369
1170,19.5,feeder2_1236,0.13986109688191387,0.6778352510308694,0.13987720685008379,0.6774090157667991
1170,19.5,feeder2_989,0.1403143571238976,0.6804090811697734,0.1403281571026632,0.6799916206426098
1170,19.5,feeder2_1196,0.1424534934699216,0.6941689723667638,0.14247504787314844,0.6937621562116265
1170,19.5,feeder2_1158,0.14297036228248391,0.6808925888703491,0.1429859029863588,0.6804760436885714
1170,19.5,feeder2_1122,0.14843299241049027,0.7083526214124063,0.14845603932012857,0.7079558624005811
1170,19.5,feeder2_1258,0.14820067782207597,0.7015934228548419,0.1482210334582326,0.7012021726412532
1170,19.5,feeder2_1303,0.1466307137213962,0.7065010487508523,0.14665179025654806,0.7061081121874654
1170,19.5,feeder2_1138,0.15019182374825887,0.7151049969877176,0.15021686802728135,0.7147063263884111
1170,19.5,feeder2_1304,0.1562763632534352,0.7227820151107294,0.15630258080212006,0.7223794020807237
1170,19.5,feeder2_1212,0.1522631688269134,0.7242199341818338,0.15228835344567887,0.723817684246816
1170,19.5,feeder2_1311,0.14787161649037567,0.7201911613870772,0.1478959791075386,0.7197858482791434
1170,19.5,feeder2_1290,0.15566933551002932,0.7394512040028647,0.155694687902351,0.7390415062039878
1170,19.5,feeder2_1325,0.13895142008832345,0.6743719668442667,0.13896516607259188,0.673934300165641
1170,19.5,feeder2_1248,0.13987198995284456,0.6778343565936497,0.13988919183922113,0.6774082718725389
1170,19.5,feeder2_1249,0.135269417524436,0.6801543555165076,0.13528761649882784,0.6797510406844547
1170,19.5,feeder2_1250,0.1337195848625032,0.6787134833806908,0.13373668338109362,0.6783076379366193
1170,19.5,feeder2_1366,0.14263663284448844,0.6775482496572313,0.1426509023959814,0.6771256507737092
1170,19.5,feeder2_1266,0.14867650422182277,0.7019634566995739,0.14869723494205703,0.7015711717119512
1170,19.5,feeder2_1372,0.15507271394186098,0.738792157781732,0.1550999116276818,0.7383829743072037
1170,19.5,feeder2_1363,0.1595229155435121,0.7572037213931081,0.15954981689319095,0.7567887065810311
1170,19.5,feeder2_1446,0.1370618112358847,0.672405958305726,0.1370758781557676,0.6719703624014529
1170,19.5,feeder2_1502,0.1384149994515719,0.6731789037723757,0.13842864677125521,0.6727275158637861
1170,19.5,feeder2_1428,0.16017551740261243,0.7596538462680253,0.16020334578565165,0.759237699608364
1170,19.5,feeder2_1380,0.16365894434348718,0.7755699650113692,0.16368681991059877,0.7751526541515011
1170,19.5,feeder2_1550,0.16090108224974453,0.7727778101780761,0.1609309311346632,0.7723591909488388
1170,19.5,feeder2_1386,0.1659363436974706,0.7861772359586208,0.1659645847188002,0.7857567719145031
1170,19.5,feeder2_1551,0.16601872926110803,0.7862673141177053,0.1660504384197897,0.7858450906254459
1170,19.5,feeder2_1400,0.16701681016574427,0.7912394143673408,0.16704789579328727,0.7908191201461922
1170,19.5,feeder2_1552,0.168935080362299,0.7962097159510076,0.16896886819080079,0.7957887878340355
1170,19.5,feeder2_1408,0.16880678340678149,0.7993481054107666,0.16883606849642432,0.7989222027750462
1170,19.5,feeder2_1553,0.18118228028767114,0.816944441152039,0.18122030241096324,0.8165179092440176
1170,19.5,feeder2_1416,0.16883379932237522,0.7999654602004675,0.1688621817348219,0.7995442953087222
1170,19.5,feeder2_1530,0.1673405851845137,0.7992897826815779,0.1673702364707369,0.7988663061338975
1170,19.5,feeder2_1425,0.16911419123983154,0.8015998841854025,0.1691419167488308,0.8011765774251423
1170,19.5,feeder2_1589,0.16870013034655404,0.803556507746055,0.16873072547901033,0.8031326928801877
1170,19.5,feeder2_1435,0.16915868765455316,0.8017396200839877,0.169188873825015,0.8013185452309585
1170,19.5,feeder2_1621,0.16919480550448765,0.8017760080819765,0.16922438061551792,0.8013528454430673
1170,19.5,feeder2_1564,0.16969238860473002,0.8033408985954572,0.1697233563510252,0.8029165447322432
1170,19.5,feeder2_1704,0.13963533016020435,0.6743526069952438,0.13964964985996245,0.6739002481559708
1170,19.5,feeder2_1525,0.13827574961694775,0.6723910657898832,0.13828874369481273,0.6719355966400682
1170,19.5,feeder2_1716,0.14465620382688146,0.6719298619231406,0.14466966130899486,0.6714794650865015
1170,19.5,feeder2_1537,0.13798970011235595,0.6714906861340357,0.13800538608133245,0.6710292466044934
1170,19.5,feeder2_1645,0.13800819377172252,0.6715091141328331,0.13802400057466144,0.671048812411063
1170,19.5,feeder2_1561,0.1376616409183868,0.6704620981066142,0.13767559938686935,0.6699959594928511
1170,19.5,feeder2_1657,0.13682312940962207,0.6695877006342325,0.13683793019483553,0.669118703698719
1170,19.5,feeder2_1570,0.13755834527517002,0.6702316280974605,0.13757234590914136,0.6697617400009568
1170,19.5,feeder2_1756,0.12942644082478008,0.6617400152391655,0.12944150180202704,0.6612701828113294
1170,19.5,feeder2_1588,0.13758045706295807,0.6705792478953209,0.1375979852315968,0.6701078146542974
1170,19.5,feeder2_1628,0.13700145938212008,0.6699755272706572,0.13701357465638822,0.6695061481546368
1170,19.5,feeder2_1598,0.13764014076407324,0.6711935942489293,0.13765311996080354,0.6707217688626949
1170,19.5,feeder2_1816,0.1377787690942809,0.6713579241058708,0.13779211464644672,0.6708857394730212
1170,19.5,feeder2_1765,0.13868055886452485,0.6721706293994825,0.13869369348982594,0.6716988061168065
1170,19.5,feeder2_1641,0.13792936393661098,0.6736397547090764,0.13794399604111138,0.6731548700517315
1170,19.5,feeder2_1689,0.13843979373741983,0.6771829027267298,0.13845403680815924,0.6766834040999843
1170,19.5,feeder2_1744,0.13705732726558215,0.672730442067666,0.13707201739787148,0.672243495035649
1170,19.5,feeder2_1817,0.1388971128346203,0.6781800010139175,0.1389103595521376,0.6776802042996396
1170,19.5,feeder2_1779,0.1393662576621713,0.6781053534365766,0.13937892284692804,0.6776080032760213
1170,19.5,feeder2_1800,0.13850958171217634,0.6780873641467241,0.138525213609269,0.6775892092098957
1170,19.5,feeder2_1818,0.13876119826332797,0.6782727863762735,0.13876317366739457,0.6777490994302706
1170,19.5,feeder2_1753,0.13444971075287881,0.6700113638609982,0.13446308486137643,0.6695252056187664
1170,19.5,feeder2_1754,0.13702112825698973,0.6726926931020943,0.1370364455987646,0.672206672024744
1200,20.0,secondary,0.028533852765983466,0.028804179949968433,0.028494264059586206,0.028848457609699323
1200,20.0,feeder2_44,0.05342619415062113,0.15115006464508118,0.05335800703883451,0.15136234402293217
1200,20.0,feeder2_45,0.0545536721890545,0.15715493035472738,0.05448096359813097,0.15737627472791949
1200,20.0,feeder2_46,0.0519428644985199,0.1363452978019077,0.05187782470580741,0.13656381466538947
1200,20.0,feeder2_51,0.056598092591614635,0.16715011439777658,0.05652225842521824,0.16738494454115949
1200,20.0,feeder2_48,0.05078276374500729,0.16045710185479178,0.050709306856904876,0.16067582236472042
1200,20.0,feeder2_52,0.05925550466014684,0.1693591462177899,0.059177685432992864,0.16960022812359796
1200,20.0,feeder2_68,0.062223345539934576,0.1944689723012602,0.06214525312244599,0.19473589326533483
1200,20.0,feeder2_69,0.06103411463249446,0.19241056091291936,0.060955153096523905,0.19267834289377808
1200,20.0,feeder2_71,0.0629960024380188,0.198193091126323,0.06291455815768145,0.19846789404168474
1200,20.0,feeder2_72,0.06194713227604622,0.19857693512016836,0.061862924323942525,0.19884649014802763
1200,20.0,feeder2_73,0.06541054167608046,0.2098545624383643,0.06532827997726261,0.2101432395608149
1200,20.0,feeder2_74,0.08584861792673498,0.22600960520090993,0.0857666813632545,0.2263114350218011
1200,20.0,feeder2_77,0.0668709775175821,0.21717286592433066,0.06678761273305592,0.2174670715223682
1200,20.0,feeder2_79,0.06563728211004476,0.214740007369587,0.06555290919483901,0.21503632609710216
1200,20.0,feeder2_81,0.06939285313621467,0.22964087829735136,0.06930631964815963,0.22995126172900113
1200,20.0,feeder2_82,0.06108729628007849,0.2385043906443686,0.06099925117431888,0.23878178840920394
1200,20.0,feeder2_116,0.0805819471846606,0.28178235765324056,0.0804779972481543,0.28219399347296575
1200,20.0,feeder2_119,0.0912695882609795,0.28949854751892923,0.09116085766530509,0.2899245568069292
1200,20.0,feeder2_120,0.08353819104056298,0.2966893719375984,0.08342569713900369,0.2971329116901254
1200,20.0,feeder2_248,0.08540393219860022,0.29821524207417954,0.08529061350703941,0.29866340863403523
1200,20.0,feeder2_124,0.08522871345259526,0.3052190122267012,0.0851091182677676,0.30568468882196626
1200,20.0,feeder2_282,0.08431905421735901,0.30555304186711074,0.08420352033760374,0.30601289466536596
1200,20.0,feeder2_275,0.08937354461678186,0.30602145977142814,0.0892610408365683,0.3064872171503179
1200,20.0,feeder2_151,0.08740815543811557,0.3192177404386988,0.08728767546157774,0.31970882949624263
1200,20.0,feeder2_295,0.08649822122217016,0.317707868669085,0.08637539088233821,0.3182024369586855
1200,20.0,feeder2_311,0.08674190837214234,0.31806153825547684,0.08662346166077163,0.3185513452757845
1200,20.0,feeder2_201,0.09181099997064766,0.346120849940574,0.09167371399933759,0.34666604002275986
1200,20.0,feeder2_314,0.09044811349236345,0.34742085015421964,0.09031738012529639,0.3479600846283523
1200,20.0,feeder2_342,0.09856225863061141,0.3819257950011993,0.09841702313031712,0.3825367471267342
1200,20.0,feeder2_368,0.10212233439124337,0.3906768201744244,0.10197904521822271,0.39129954607165995
1200,20.0,feeder2_347,0.09768698174214208,0.3836168566007587,0.09752714771012128,0.3842459755809808
1200,20.0,feeder2_353,0.0972868187722457,0.3844862230228301,0.097123692670167,0.38512028562177386
1200,20.0,feeder2_518,0.09686909083016829,0.38418420290669353,0.09671660889742144,0.3848016531963189
1200,20.0,feeder2_365,0.09672871353624499,0.3847268851482551,0.09656326898204015,0.3853642762352383
1200,20.0,feeder2_653,0.09923551584667867,0.38600508277151907,0.09907380240336067,0.3866392122910236
1200,20.0,feeder2_377,0.0972150373764178,0.3887596358606106,0.0970460588492962,0.38939801975873345
1200,20.0,feeder2_622,0.08882700760223701,0.3696487574684016,0.08866569870964158,0.3702908111498348
1200,20.0,feeder2_451,0.1018622180516201,0.3906388885573915,0.1017156316464424,0.3912631549309821
1200,20.0,feeder2_383,0.10795310290482281,0.4052797774751616,0.1078088229375023,0.4059212886382578
1200,20.0,feeder2_385,0.09793087319705827,0.3940461047484052,0.09776512422746257,0.3946800361241762
1200,20.0,feeder2_621,0.0960570913091457,0.3870914772197786,0.09589121201707022,0.3877273105036291
1200,20.0,feeder2_611,0.11047377525920457,0.40665138199818646,0.1103287094984827,0.40729570181985775
1200,20.0,feeder2_405,0.10828126794374185,0.40612419365744945,0.10813636530237712,0.40676497604795575
1200,20.0,feeder2_461,0.10092595087057346,0.41484879039410966,0.1007403038489717,0.41548404341699385
1200,20.0,feeder2_594,0.09911949426560675,0.39494278579962055,0.0989531708197247,0.3955808952884936
1200,20.0,feeder2_732,0.13503515716924872,0.42891298690182,0.13489437498518353,0.42957182174739056
1200,20.0,feeder2_417,0.10921838288053727,0.40732669500296015,0.10907303856329291,0.4079710577908559
1200,20.0,feeder2_663,0.10853690141983349,0.404090693020895,0.10839513289645003,0.4047338229588284
1200,20.0,feeder2_444,0.11008147407163796,0.4092340203935556,0.10993288646645473,0.4098834308905451
1200,20.0,feeder2_759,0.10935789818355651,0.4092684376723462,0.10921322131513843,0.4099119513846208
1200,20.0,feeder2_842,0.10795185630572078,0.4046383445086331,0.10781022785225435,0.4052862896438337
1200,20.0,feeder2_459,0.1104426430213552,0.41017370572661394,0.1102956270096898,0.41082012990465644
1200,20.0,feeder2_702,0.10948181406886964,0.41044996845442233,0.10933757928092139,0.4110932210748265
1200,20.0,feeder2_493,0.11185253942500421,0.4137162013373526,0.11170566739070896,0.41437220126646723
1200,20.0,feeder2_651,0.0986615043345487,0.4092207993208293,0.09847703259195154,0.4098543977931405
1200,20.0,feeder2_684,0.10502037246479408,0.4393664697994378,0.104828268070011,0.43999412857962905
1200,20.0,feeder2_674,0.1152942085922014,0.41660858302529497,0.11514920291806137,0.41726175074422217
1200,20.0,feeder2_696,0.11188815715233033,0.4105745934911179,0.11174451559497667,0.41121997653903747
1200,20.0,feeder2_681,0.11672057939663412,0.41780958826610015,0.11657866777790346,0.4184646225895124
1200,20.0,feeder2_682,0.12737190708686263,0.4268470763803696,0.12722800304433854,0.4275119220486836
1200,20.0,feeder2_728,0.10488344710274775,0.44058714786616254,0.10469344112258834,0.4412113720939256
1200,20.0,feeder2_724,0.10974365719810285,0.46245581276990144,0.10954405089175039,0.4630825842639021
1200,20.0,feeder2_703,0.11286519838123138,0.40809251217148884,0.11271989710358962,0.40874390483718787
1200,20.0,feeder2_704,0.11208626684443268,0.4101118788427463,0.1119429507088694,0.4107553013467536
1200,20.0,feeder2_754,0.10871728179186553,0.464131328680451,0.10852080455524969,0.4647520422002002
1200,20.0,feeder2_747,0.111772918566578,0.47124142852122236,0.11157052970781889,0.4718656932585256
1200,20.0,feeder2_828,0.10563207811895226,0.4411333701178636,0.10543731793128581,0.44176384156866044
1200,20.0,feeder2_763,0.10443194561570014,0.4415014707728671,0.10424048270407216,0.4421287140131068
1200,20.0,feeder2_836,0.10685434001031298,0.46494245778316223,0.10665226181465555,0.4655621021721162
1200,20.0,feeder2_758,0.11414285719898856,0.4816722027607716,0.11394217195249902,0.48229007055970086
1200,20.0,feeder2_788,0.11417290334049246,0.4830556885196464,0.11396705487605606,0.4836718629356057
1200,20.0,feeder2_812,0.12116766003506575,0.5126857196772459,0.12095225328106099,0.5133085532971331
1200,20.0,feeder2_947,0.1039367303199786,0.4436980031441713,0.10374453017141083,0.4443164812016437
1200,20.0,feeder2_868,0.1039369201422074,0.442105298239739,0.10374561126391038,0.442728435072098
1200,20.0,feeder2_785,0.10416897375014299,0.4412753061574609,0.10398148322130596,0.4418989579948513
1200,20.0,feeder2_1176,0.10051515808713912,0.43672200610066025,0.10032263017952243,0.4373514647285243
1200,20.0,feeder2_846,0.10486325255131025,0.44112572196387706,0.10466931733750598,0.4417532803261581
1200,20.0,feeder2_911,0.10387025609141255,0.4429189996768643,0.10367806534746188,0.44354320306401773
1200,20.0,feeder2_1107,0.1233640411750908,0.5240882920783814,0.12314920706490237,0.5247346388076518
1200,20.0,feeder2_920,0.12257293946063973,0.5183316528711598,0.12235779197547292,0.5189524034778061
1200,20.0,feeder2_926,0.12452477120986345,0.5267458670263966,0.12430489251465181,0.5273574880890056
1200,20.0,feeder2_1239,0.12279089160230007,0.5184927570672077,0.12257074248444322,0.5191163211283811
1200,20.0,feeder2_933,0.12535961722075242,0.530095257352824,0.12513585983365902,0.5307060368621861
1200,20.0,feeder2_1146,0.12473549462342975,0.5287630391903588,0.12451783657918798,0.5293708139956006
1200,20.0,feeder2_1124,0.12469696758476465,0.5293921659706676,0.12447216660774313,0.53000340305642
1200,20.0,feeder2_942,0.12764008182733716,0.5393285165929516,0.12741487002585544,0.5399287218612164
1200,20.0,feeder2_952,0.13015430458084437,0.5518361892774544,0.12992979903983704,0.552411291297403
1200,20.0,feeder2_965,0.12776243603210719,0.539523810708438,0.12753448057939143,0.5401255237348821
1200,20.0,feeder2_961,0.13041023952472064,0.5530302725082995,0.130182423936049,0.5536021149284985
1200,20.0,feeder2_963,0.13015909651742627,0.5518763784352424,0.12993272292133468,0.552454726555425
1200,20.0,feeder2_973,0.13132465015569902,0.5565118133322292,0.13109587310421736,0.5570631946051815
1200,20.0,feeder2_1128,0.13125906005031507,0.5583477168994253,0.1310305752100553,0.5589424205657909
1200,20.0,feeder2_1113,0.12996136426818092,0.5528887172123789,0.1297323576256087,0.5534654030295582
1200,20.0,feeder2_1143,0.13017898176231846,0.5519297265049604,0.12995158978245108,0.552507137033546
1200,20.0,feeder2_1238,0.1279838753966087,0.541028700560418,0.12776358032008991,0.5416221685814856
1200,20.0,feeder2_979,0.1278944317248148,0.5396772284862089,0.12767047384155097,0.5402775083329718
1200,20.0,feeder2_1236,0.13317120124792842,0.5640107239926171,0.1329361251087737,0.5645293830888797
1200,20.0,feeder2_989,0.1313214173589124,0.5564962341936872,0.13108609090171894,0.5570526800958142
1200,20.0,feeder2_1196,0.13114564022907516,0.5400316718196966,0.1309177841523819,0.5406465020941686
1200,20.0,feeder2_1158,0.12965955795701983,0.5545725238018152,0.12942427771706974,0.5551278600409536
1200,20.0,feeder2_1122,0.12593448124685683,0.5367082572580797,0.12571705635298036,0.5373596238199617
1200,20.0,feeder2_1258,0.11515588944517029,0.5140912643483166,0.11493749696082858,0.5147404204001026
1200,20.0,feeder2_1303,0.12674162940221378,0.5438807485012643,0.1265302370851963,0.5445043653940672
1200,20.0,feeder2_1138,0.12739310531977166,0.5446872358365341,0.12717695119946365,0.545351624918228
1200,20.0,feeder2_1304,0.13468898426847295,0.5483524441332853,0.13447419767785965,0.5490277972401684
1200,20.0,feeder2_1212,0.12964235907660376,0.558256458348227,0.12942524608361447,0.5589376066628757
1200,20.0,feeder2_1311,0.12840054851439858,0.5612415375392134,0.12818303111216028,0.5619166140191632
1200,20.0,feeder2_1290,0.13229229147765229,0.5730359593445248,0.13207500179218445,0.5737393665615791
1200,20.0,feeder2_1325,0.1365538204114788,0.5778111762975063,0.13631302857588834,0.5782892805889162
1200,20.0,feeder2_1248,0.13316406838579242,0.5639997962761928,0.13292882415271806,0.5645187527211901
1200,20.0,feeder2_1249,0.12801166003908515,0.541190102245012,0.1277898652000133,0.5417838729532373
1200,20.0,feeder2_1250,0.1281000718018913,0.5417008020461512,0.12787257078938224,0.5422970362578401
1200,20.0,feeder2_1366,0.13183984565378515,0.5621009922158987,0.13159774094194104,0.5626218659268036
1200,20.0,feeder2_1266,0.1084727737118557,0.50570943273339,0.10825627555977202,0.5063541737276885
1200,20.0,feeder2_1372,0.13242568413953898,0.5732307072594052,0.13221318512536523,0.573928853915612
1200,20.0,feeder2_1363,0.13502881978497763,0.5890470911428765,0.1348114201210933,0.5897762106369802
1200,20.0,feeder2_1446,0.1398388156858374,0.5860182292788073,0.139600567629502,0.5864744244713043
1200,20.0,feeder2_1502,0.13812666424440795,0.5847690460521944,0.13787803173573776,0.5852325373718847
1200,20.0,feeder2_1428,0.1364369428060231,0.5899643817164967,0.13622153481814403,0.5906935163502398
1200,20.0,feeder2_1380,0.13810716759891803,0.6072322782718917,0.13789368094910753,0.607985369950682
1200,20.0,feeder2_1550,0.137800971432182,0.6083772380872321,0.13758985604479373,0.6091253368712921
1200,20.0,feeder2_1386,0.13951643211251125,0.6158072195562629,0.139299196450979,0.6165755078788313
1200,20.0,feeder2_1551,0.14123729659936407,0.6154209448828276,0.14101578526723102,0.6161978551664729
1200,20.0,feeder2_1400,0.14009653894226246,0.6199689552320039,0.13987999040311197,0.6207436474352493
1200,20.0,feeder2_1552,0.14268874338184498,0.6216951022518817,0.14247356844666526,0.6224689606645749
1200,20.0,feeder2_1408,0.14111286335274242,0.6276485452193656,0.14089628865268272,0.6284314658496862
1200,20.0,feeder2_1553,0.1589100709314444,0.641242651682408,0.15868968802614336,0.6420544131117454
1200,20.0,feeder2_1416,0.14109788173507712,0.6283796737932995,0.14088429585010617,0.6291622018606334
1200,20.0,feeder2_1530,0.13972487224174734,0.6300032721978895,0.13950645042723425,0.6307898189835477
1200,20.0,feeder2_1425,0.14115272453360692,0.6289525959647139,0.14093837911822696,0.6297335465637182
1200,20.0,feeder2_1589,0.14122451642270167,0.6290066732467267,0.14100407799424938,0.6297975262078943
1200,20.0,feeder2_1435,0.14116282099598534,0.6290623175820327,0.14094797705939696,0.6298446311984917
1200,20.0,feeder2_1621,0.14105256719175832,0.628932248738183,0.14083943777013697,0.6297157861822948
1200,20.0,feeder2_1564,0.14131424848569296,0.6305021119504584,0.14109938193574614,0.6312869332958992
1200,20.0,feeder2_1704,0.13566362475810953,0.5821307809012044,0.13541738289566185,0.5825890007277322
1200,20.0,feeder2_1525,0.1387499882168316,0.5875849486664736,0.13850330768909308,0.5880424762992277
1200,20.0,feeder2_1716,0.1353928597442922,0.5840102654133531,0.13514155744792306,0.5844690271154052
1200,20.0,feeder2_1537,0.13956628495504664,0.5913087577553297,0.13931126895771012,0.5917633754217543
1200,20.0,feeder2_1645,0.13959091545115113,0.5913237149067262,0.13933652965249238,0.5917769702039912
1200,20.0,feeder2_1561,0.1405014115614196,0.5955422709556418,0.14024757056636128,0.5959891519415097
1200,20.0,feeder2_1657,0.14026735077125396,0.5971961332309873,0.1400187989375742,0.5976374518643923
1200,20.0,feeder2_1570,0.14087247314151682,0.5969952713156743,0.14061768127003102,0.5974412364228101
1200,20.0,feeder2_1756,0.14089504384479098,0.6042071057101138,0.1406500621731645,0.6046390266535548
1200,20.0,feeder2_1588,0.14116517332358908,0.5979256567177326,0.14090726260892347,0.5983740011505884
1200,20.0,feeder2_1628,0.14087005767783775,0.59917631667645,0.140619507547791,0.5996163784266644
1200,20.0,feeder2_1598,0.1415127571408463,0.5987571008108918,0.14125472407069434,0.5992028284237291
1200,20.0,feeder2_1816,0.13990642422306251,0.5967795450356753,0.1396505493346987,0.597212063251936
1200,20.0,feeder2_1765,0.13950324393907915,0.5966265557638134,0.13924518042042858,0.597071983922503
1200,20.0,feeder2_1641,0.14364677683646757,0.6045594916132312,0.14338888901227825,0.6050035717119138
1200,20.0,feeder2_1689,0.14381134551749936,0.6015867262192007,0.1435382449491723,0.6020596075612383
1200,20.0,feeder2_1744,0.14516876001087206,0.6100835125431253,0.1449107788460592,0.6105146792988412
1200,20.0,feeder2_1817,0.1438146040113923,0.6016344057923236,0.14354858384197183,0.6021030037919467
1200,20.0,feeder2_1779,0.14215154884659179,0.5998238344220366,0.14188446507327213,0.6002935810864025
1200,20.0,feeder2_1800,0.15175702829540957,0.601029441811431,0.1514852549250047,0.6015217434614676
1200,20.0,feeder2_1818,0.13942045461263744,0.598476257531475,0.13909713660070555,0.5989596644475568
1200,20.0,feeder2_1753,0.15329494847636602,0.6251049403190329,0.15305237587762205,0.6254932512911088
1200,20.0,feeder2_1754,0.14486106083881645,0.6107019842531374,0.1446039183999213,0.6111327808849424
1230,20.5,secondary,0.02873900213720303,0.029402839599438284,0.028731763083461054,0.02941784261317804
1230,20.5,feeder2_44,0.053794433551331,0.15424600643518116,0.053768615452259035,0.15431960837565506
1230,20.5,feeder2_45,0.05489669364026426,0.15952055276813987,0.05487000745902153,0.15959542188182746
1230,20.5,feeder2_46,0.04711637180497727,0.15054245930436547,0.04709378576220906,0.15061331341209588
1230,20.5,feeder2_51,0.05675268412543761,0.16841068758074124,0.05672997274708975,0.16848765817615738
1230,20.5,feeder2_48,0.055863922653595306,0.1616074145754517,0.055838493141834034,0.16168298409371382
1230,20.5,feeder2_52,0.07912301374437396,0.16436830499230465,0.07909921969131258,0.16446036930404404
1230,20.5,feeder2_68,0.061665194993372634,0.1948158357585967,0.06163556771593636,0.19490376808885213
1230,20.5,feeder2_69,0.06034633901725398,0.19369289558086114,0.06032087676540233,0.1937817297222305
1230,20.5,feeder2_71,0.06234591781544995,0.19838293563940626,0.06231693486559575,0.19847295772866527
1230,20.5,feeder2_72,0.06317655314354968,0.20014180274301918,0.06315111431513334,0.20022919907302988
1230,20.5,feeder2_73,0.06445664986939036,0.20935333014203678,0.06442702358521814,0.20944797179988525
1230,20.5,feeder2_74,0.07230389457026684,0.20536317722485495,0.07227445685810598,0.20546074879989404
1230,20.5,feeder2_77,0.06621700214742082,0.2192611470944746,0.06619105205085354,0.2193544324185271
1230,20.5,feeder2_79,0.06384951322385396,0.21723432846880325,0.06382159568171103,0.21732833621190334
1230,20.5,feeder2_81,0.06923291440266721,0.23582021704660386,0.06920295840223262,0.23591848175083646
1230,20.5,feeder2_82,0.07106974397036893,0.24015444758680743,0.07104341840940565,0.24025300978754716
1230,20.5,feeder2_116,0.0826319331195416,0.30622958945444667,0.08259331724598415,0.3063469966467093
1230,20.5,feeder2_119,0.08265565616990594,0.3062144721770513,0.08262200086138499,0.30633037352372455
1230,20.5,feeder2_120,0.08781498236514515,0.3324998912307231,0.0877777799715174,0.3326222216805988
1230,20.5,feeder2_248,0.08842004964462229,0.33210474565311926,0.08838258193581325,0.3322280342983805
1230,20.5,feeder2_124,0.0910879771311763,0.3487980201677729,0.09104831762855749,0.34892570923910127
1230,20.5,feeder2_282,0.09290868700457125,0.35166510308325394,0.09286626110475657,0.35179326873091626
1230,20.5,feeder2_275,0.09116330375759317,0.34875711747809157,0.09111951878205125,0.3488844415286474
1230,20.5,feeder2_151,0.09653706093171195,0.3755539880224374,0.09649269968310015,0.3756889015760575
1230,20.5,feeder2_295,0.09466775184488926,0.37418285538868645,0.09462500955171764,0.37431685737727477
1230,20.5,feeder2_311,0.09612889506225798,0.3752017823175641,0.09608885850268366,0.37533231958520236
1230,20.5,feeder2_201,0.10632009975365524,0.42298769089734967,0.10627753156597401,0.42313010307187277
1230,20.5,feeder2_314,0.10638746477938534,0.42307607152327925,0.10634101040331793,0.4232189253638321
1230,20.5,feeder2_342,0.12044384288120616,0.4904552863944183,0.12039304060692708,0.49061660451239836
1230,20.5,feeder2_368,0.12256580287705884,0.49310569493182255,0.12251746495252393,0.4932677769761452
1230,20.5,feeder2_347,0.124748070526812,0.5187938334289601,0.12469805142355586,0.518959115595098
1230,20.5,feeder2_353,0.12670156959724294,0.531871881585502,0.1266488463937904,0.5320439019061689
1230,20.5,feeder2_518,0.12635253463586482,0.5209269569319313,0.12629765814270472,0.5210953949556997
1230,20.5,feeder2_365,0.12897054243034908,0.5465908599509075,0.1289199712692569,0.5467645123601873
1230,20.5,feeder2_653,0.12694217174525915,0.5314150416227087,0.12688891313286893,0.5315840022763428
1230,20.5,feeder2_377,0.13036292031238902,0.5549293755412363,0.1303136090164407,0.5551011336239745
1230,20.5,feeder2_622,0.1260231009983075,0.5456071256633995,0.12596806750917305,0.5457805846188992
1230,20.5,feeder2_451,0.1237218736791451,0.4944084625095888,0.12367128706571641,0.4945712896960758
1230,20.5,feeder2_383,0.12570136830439693,0.4964246763919472,0.1256486617677401,0.4965900829001139
1230,20.5,feeder2_385,0.1320719229212014,0.5650627135579245,0.13201385502269117,0.5652438928877648
1230,20.5,feeder2_621,0.12845862229300972,0.5535549266000005,0.1284057754671931,0.5537285293356596
1230,20.5,feeder2_611,0.12736263125814185,0.4946229780073408,0.12731059515705584,0.4947870491389356
1230,20.5,feeder2_405,0.12588532031327437,0.496718703220223,0.1258339368875891,0.49688263072406497
1230,20.5,feeder2_461,0.13932556445688987,0.6067624088999287,0.13926709591517292,0.6069481592753031
1230,20.5,feeder2_594,0.13220062562869453,0.5647022691360437,0.13214169678057436,0.5648828117588908
1230,20.5,feeder2_732,0.13227630612050517,0.4899724980780706,0.13222593190360363,0.49014158993665796
1230,20.5,feeder2_417,0.12701906655713366,0.5003062208179827,0.1269704877712695,0.5004715488807336
1230,20.5,feeder2_663,0.12449408186111248,0.49831353001286427,0.12444587301733177,0.4984747959532431
1230,20.5,feeder2_444,0.12806673243530659,0.5036989563006383,0.12801810336408714,0.5038647682329137
1230,20.5,feeder2_759,0.14389667182532223,0.5263966556962265,0.1438479450710893,0.5265623286676477
1230,20.5,feeder2_842,0.12502386276507213,0.5016289748457816,0.12497686176990067,0.5017905452646823
1230,20.5,feeder2_459,0.128126826162885,0.5036094630765987,0.1280788299761909,0.5037738451210763
1230,20.5,feeder2_702,0.12955524059182352,0.5055634167673541,0.12950753846173227,0.5057282580341115
1230,20.5,feeder2_493,0.12815888795443098,0.5025305162742484,0.12810650039606902,0.5026967428968036
1230,20.5,feeder2_651,0.13688238238170355,0.605285690441748,0.13682464531157076,0.6054710077809367
1230,20.5,feeder2_684,0.14576775383512872,0.642718336036482,0.14570966728697202,0.6429116373403501
1230,20.5,feeder2_674,0.12892220239002844,0.5017038217228459,0.12887426034027116,0.5018704042120997
1230,20.5,feeder2_696,0.1281240819777662,0.5023978087868893,0.12807123517359567,0.5025649923542952
1230,20.5,feeder2_681,0.1292233096983412,0.5013895844996563,0.12917481428417252,0.5015563444642536
1230,20.5,feeder2_682,0.13181100357022751,0.49881333166168124,0.13175889042708366,0.49898486520608815
1230,20.5,feeder2_728,0.14566924628085393,0.6431998049607982,0.1456127523809576,0.6433948704065702
1230,20.5,feeder2_724,0.15265412791157204,0.6785112682948677,0.1525890627722005,0.6787152699865928
1230,20.5,feeder2_703,0.127960594792352,0.5022611580812328,0.12790962300607606,0.5024283188065861
1230,20.5,feeder2_704,0.12811213755059686,0.5023878895828668,0.12805945414910003,0.5025552836287982
1230,20.5,feeder2_754,0.15353871966210028,0.6795281191187189,0.15347313396408224,0.6797327477844242
1230,20.5,feeder2_747,0.15537338527871492,0.6926216174135783,0.15530718360071633,0.6928311663933843
1230,20.5,feeder2_828,0.14577898369254855,0.6428249424116383,0.14571508918851214,0.643020204681049
1230,20.5,feeder2_763,0.14562020493414637,0.6443576493808384,0.1455579896266808,0.6445497570896311
1230,20.5,feeder2_836,0.14025502086785077,0.6824375217226334,0.1401952516444827,0.6826360205847511
1230,20.5,feeder2_758,0.158668246484735,0.7099967652785021,0.15860402737615506,0.7102112167122062
1230,20.5,feeder2_788,0.16110697637186785,0.7129203071156639,0.16104706489820445,0.7131311236872301
1230,20.5,feeder2_812,0.16803206525237965,0.7601715821937608,0.1679666032936422,0.7604058046256101
1230,20.5,feeder2_947,0.149537433829739,0.649197283332646,0.14947709040987342,0.649389812534939
1230,20.5,feeder2_868,0.1456868994437075,0.6444351034373639,0.1456283999121952,0.6446274081987493
1230,20.5,feeder2_785,0.14530295997825332,0.6440045982982857,0.145242935731159,0.6441990354742761
1230,20.5,feeder2_1176,0.13945095553461806,0.6426553350638573,0.13938811367100293,0.6428454382622126
1230,20.5,feeder2_846,0.14530215733980573,0.6439793138757799,0.14524070047753604,0.6441710886898538
1230,20.5,feeder2_911,0.1453326219413571,0.6441086784716205,0.14527490287952857,0.6442997339934152
1230,20.5,feeder2_1107,0.17135379508113788,0.7810647797791379,0.17128424121599584,0.7813064869050793
1230,20.5,feeder2_920,0.1697496872024952,0.7685917462829019,0.16968240896015951,0.7688296228173952
1230,20.5,feeder2_926,0.172376230798937,0.7812864808320339,0.17230454329803493,0.7815300013423285
1230,20.5,feeder2_1239,0.16967817368599447,0.768431804155393,0.16960676230220553,0.7686669458080837
1230,20.5,feeder2_933,0.1728326909074163,0.7835757383863077,0.17276225453783242,0.7838182532068295
1230,20.5,feeder2_1146,0.1757164611745218,0.7970124138384206,0.17564571161018916,0.7972517871830365
1230,20.5,feeder2_1124,0.1722005933262463,0.7828989057752213,0.17212930334305532,0.7831392778575905
1230,20.5,feeder2_942,0.17404925637344576,0.790049441896418,0.17397671218803745,0.7902962601004044
1230,20.5,feeder2_952,0.17529705482213215,0.7969380791564862,0.17522479874243357,0.7971921421865282
1230,20.5,feeder2_965,0.1741218466722758,0.7903975439356568,0.17405129001459677,0.7906447659562837
1230,20.5,feeder2_961,0.17514403967382616,0.7963264700972442,0.17506800405983744,0.7965829243778233
1230,20.5,feeder2_963,0.17535900991420805,0.7972291641188438,0.17528494273976533,0.7974805844113672
1230,20.5,feeder2_973,0.17452535917688583,0.7943100630494973,0.17444981031018547,0.7945669481001734
1230,20.5,feeder2_1128,0.17481942608395623,0.7942077252551739,0.17475022420094607,0.7944639322115912
1230,20.5,feeder2_1113,0.1807816226719682,0.8041137931742669,0.1807050224877477,0.8043687814832213
1230,20.5,feeder2_1143,0.17538893754986037,0.7973621975882514,0.17531591527029697,0.7976167090745154
1230,20.5,feeder2_1238,0.17959142137499048,0.7996531434113138,0.17952002783957655,0.7999016291210687
1230,20.5,feeder2_979,0.17406995990644963,0.7900894911512006,0.1739976294459391,0.7903374103241724
1230,20.5,feeder2_1236,0.17381804733849807,0.7925161872278544,0.17374062825881856,0.7927784164714485
1230,20.5,feeder2_989,0.17452355727301277,0.7942991648151203,0.17445218958885023,0.7945558493292956
1230,20.5,feeder2_1196,0.17476786994548324,0.7885664457561198,0.17469991288457276,0.7888150710608891
1230,20.5,feeder2_1158,0.17283833209015817,0.7930854566175708,0.17276183437112289,0.7933423056639642
1230,20.5,feeder2_1122,0.17289482776479562,0.7903042038855205,0.17282361639360677,0.7905499185728396
1230,20.5,feeder2_1258,0.1695274154864373,0.7800167803418433,0.16946057754459587,0.7802558688116202
1230,20.5,feeder2_1303,0.1737929979708121,0.7913540984307191,0.17372507392382905,0.7915989795384779
1230,20.5,feeder2_1138,0.1740351857576306,0.7972859901803442,0.17396406860979133,0.7975363224498442
1230,20.5,feeder2_1304,0.17403725923503832,0.7972745678864754,0.17396836580052624,0.797523014325772
1230,20.5,feeder2_1212,0.1764703786620737,0.8122308295637407,0.17639816299792793,0.8124884783161247
1230,20.5,feeder2_1311,0.17667755449726313,0.8146334791770151,0.1766064713294169,0.8148873538908885
1230,20.5,feeder2_1290,0.17923258350644375,0.8288676070616218,0.1791647336153066,0.8291286021952728
1230,20.5,feeder2_1325,0.17323585130075478,0.7907867701578528,0.17315410440825157,0.7910581201394316
1230,20.5,feeder2_1248,0.17380870358889092,0.7925136993252359,0.17373161408641494,0.7927760842025331
1230,20.5,feeder2_1249,0.18048050811869887,0.8010569503215671,0.18040836609814725,0.8013072994649642
1230,20.5,feeder2_1250,0.1814067676279571,0.8027675374408426,0.18133297561538825,0.8030167386917457
1230,20.5,feeder2_1366,0.17289660784986643,0.7916194810256091,0.1728175107025368,0.7918821365367321
1230,20.5,feeder2_1266,0.1690400841934659,0.7795892233330036,0.1689692904856657,0.7798297601906514
1230,20.5,feeder2_1372,0.18671089936730131,0.83799720600258,0.186642345875751,0.8382550432719296
1230,20.5,feeder2_1363,0.17945579366500797,0.8346511947706841,0.1793840758957677,0.834920306217519
1230,20.5,feeder2_1446,0.17512973554611605,0.7947506102437937,0.17505258999716056,0.7950202161058547
1230,20.5,feeder2_1502,0.17162971409090869,0.7835285231322409,0.17154785625477814,0.7838033869694117
1230,20.5,feeder2_1428,0.17967484083254692,0.8343392497731299,0.1796033797076056,0.8346076566591997
1230,20.5,feeder2_1380,0.17992978444025273,0.8426684653438568,0.17985453370803875,0.842947887458783
1230,20.5,feeder2_1550,0.1859326792042895,0.8527205469235186,0.18586193843479726,0.85299907884815
1230,20.5,feeder2_1386,0.17921472334956035,0.8418464703293079,0.17914059938238966,0.8421322550720713
1230,20.5,feeder2_1551,0.17922552430330008,0.8418349409175155,0.17915704205380864,0.8421187657290108
1230,20.5,feeder2_1400,0.17888699042982234,0.8415188181301785,0.17881919389811587,0.8418028812682733
1230,20.5,feeder2_1552,0.1795457808527665,0.8408854850900369,0.17947186644429755,0.8411720843061377
1230,20.5,feeder2_1408,0.1783166776225379,0.8411540965522053,0.1782472457800238,0.8414424803406727
1230,20.5,feeder2_1553,0.18252861663459904,0.8387520769881257,0.1824571688145952,0.8390490917494519
1230,20.5,feeder2_1416,0.17837148205041786,0.8412082239684591,0.17829991686067945,0.841498551205374
1230,20.5,feeder2_1530,0.17839957974987028,0.8427414741113753,0.17832676887255788,0.8430324715209551
1230,20.5,feeder2_1425,0.17837813219219678,0.8404737762807875,0.17830300390260614,0.8407659802733064
1230,20.5,feeder2_1589,0.1800744486529468,0.8387395665674565,0.18000215980236073,0.8390310691607457
1230,20.5,feeder2_1435,0.17835843189821513,0.8404838341524781,0.17828647303160236,0.8407735589730623
1230,20.5,feeder2_1621,0.17824201434505668,0.8403704310143105,0.17817369838571193,0.8406605883775043
1230,20.5,feeder2_1564,0.17814355512742563,0.8407404927870441,0.17807010338542384,0.8410327391318336
1230,20.5,feeder2_1704,0.16969795050000056,0.7818912407815549,0.16961687142632545,0.7821666401350597
1230,20.5,feeder2_1525,0.1713017333505395,0.782329851857683,0.17121811951706956,0.7826098008883327
1230,20.5,feeder2_1716,0.16845773521890633,0.7798427059377099,0.16837769838832312,0.780118691202683
1230,20.5,feeder2_1537,0.1709843714584095,0.7814086675721215,0.17089901756851106,0.7816919647351274
1230,20.5,feeder2_1645,0.1717769429117599,0.7804029734347291,0.1716948154309932,0.7806829974693879
1230,20.5,feeder2_1561,0.1705820567904506,0.7809083539969859,0.1704986198479618,0.7811945286459754
1230,20.5,feeder2_1657,0.17173409428730926,0.7827808044230049,0.17165292550579753,0.7830655258138556
1230,20.5,feeder2_1570,0.17031842171975026,0.7802324548621317,0.17023739677962613,0.7805166760688323
1230,20.5,feeder2_1756,0.1714068138585205,0.7845978641411504,0.17132130653733388,0.7848870675043456
1230,20.5,feeder2_1588,0.17002245831146587,0.7793032199792809,0.16994073713243388,0.7795893188172187
1230,20.5,feeder2_1628,0.1706931495457299,0.7800859214822801,0.17060712259373123,0.7803729612697281
1230,20.5,feeder2_1598,0.16960097855761,0.7779099166127866,0.16951487549228997,0.7781981905227047
1230,20.5,feeder2_1816,0.1658575440422063,0.7785696232209026,0.16576964769812014,0.7788549887843027
1230,20.5,feeder2_1765,0.1690009189195604,0.7773160004296725,0.1689185441847136,0.7776055723154104
1230,20.5,feeder2_1641,0.1678171429455937,0.7712861604914335,0.16772965152871613,0.7715797234936327
1230,20.5,feeder2_1689,0.16611575261494366,0.7648124467550138,0.16602363811794515,0.7651167999940446
1230,20.5,feeder2_1744,0.16829929652301415,0.7718258069942623,0.16821126781093582,0.7721238138754742
1230,20.5,feeder2_1817,0.1662084195816459,0.7635234096338086,0.16611756025079447,0.763829576805257
1230,20.5,feeder2_1779,0.16039910007046304,0.7619940868678051,0.16030980766147596,0.7622939501636274
1230,20.5,feeder2_1800,0.16597832025331236,0.7619608498102521,0.1658877842149655,0.7622669366784417
1230,20.5,feeder2_1818,0.16043976768068544,0.7634170612223561,0.16033484027166903,0.7637289000356594
1230,20.5,feeder2_1753,0.16967605430755528,0.7733685568284312,0.1695875501564526,0.7736622825142463
1230,20.5,feeder2_1754,0.16833376903934616,0.7718636345719523,0.16824614285589987,0.7721586880729951
1260,21.0,secondary,0.008367061761627798,0.006233327415403357,0.00837947676329624,0.006244002143984648
1260,21.0,feeder2_44,0.015573859449249394,0.032516381885667536,0.015596127800235705,0.03257147722378651
1260,21.0,feeder2_45,0.01581289807377041,0.03311910340548515,0.015837682634947055,0.03318291579852332
1260,21.0,feeder2_46,0.0154131378909106,0.037450419473561335,0.015429502067527414,0.03750978575524333
1260,21.0,feeder2_51,0.016153226793244647,0.034438770037592534,0.01617841178423959,0.034500370981533954
1260,21.0,feeder2_48,0.01888586684342456,0.03115966296968382,0.018912889118826645,0.031235458686705124
1260,21.0,feeder2_52,0.014625998353957342,0.03471847105859367,0.014659202570530596,0.034753739524993575
1260,21.0,feeder2_68,0.017510676210203597,0.03853985828050136,0.01753695537740417,0.0386146862921369
1260,21.0,feeder2_69,0.01737045450007443,0.039991609084409095,0.0173948154644716,0.04007074783619919
1260,21.0,feeder2_71,0.01768537599354966,0.0390153468656454,0.01771283286681826,0.03908834543366437
1260,21.0,feeder2_72,0.019337718824174767,0.038085107793676916,0.019366849263550895,0.03817078703661106
1260,21.0,feeder2_73,0.018204962132863416,0.04060130427850753,0.018235580704504737,0.04068026611028181
1260,21.0,feeder2_74,0.01595357863742285,0.039103864366750965,0.015985647159291957,0.039173241101281835
1260,21.0,feeder2_77,0.01875746864028196,0.04227053465965717,0.01878672674394258,0.042362872313394015
1260,21.0,feeder2_79,0.018553977660815613,0.04623248716720152,0.018578900560563744,0.0463176347760132
1260,21.0,feeder2_81,0.01951009120773995,0.043454226010643277,0.01954201932326577,0.04354673281457378
1260,21.0,feeder2_82,0.044930066373805866,0.036497416778826834,0.044962117836519856,0.03669231766919137
1260,21.0,feeder2_116,0.019308297039717537,0.06558456196172814,0.01933679403636186,0.0656222125823971
1260,21.0,feeder2_119,0.01925049201338255,0.06556833536678426,0.01927773966699709,0.06560872040070768
1260,21.0,feeder2_120,0.019525659335147497,0.0747531480958001,0.019552129817077532,0.0747741814790656
1260,21.0,feeder2_248,0.01698650812879045,0.07569997153910271,0.017019110755262832,0.0757078101784876
1260,21.0,feeder2_124,0.02005237560660765,0.08028369897108638,0.020075338364874077,0.08030283141561928
1260,21.0,feeder2_282,0.022313358024130085,0.07786931300554963,0.022341523080830317,0.07789673478962225
1260,21.0,feeder2_275,0.01831091961762737,0.07999351833643976,0.018335114405755228,0.08000416161137856
1260,21.0,feeder2_151,0.021250284559454283,0.09164574580705277,0.021274610765330885,0.09165572909789674
1260,21.0,feeder2_295,0.02180910097333961,0.09343660530382407,0.021828222975368506,0.09344971201197902
1260,21.0,feeder2_311,0.02182216490251096,0.09307028394795247,0.021844391373349228,0.09308169056198107
1260,21.0,feeder2_201,0.022840753167202472,0.10610790397805271,0.022862656419690104,0.10610086767505278
1260,21.0,feeder2_314,0.023670506547547425,0.1052653744516564,0.023690556309861138,0.10525856537126495
1260,21.0,feeder2_342,0.02530153058610335,0.1285961313633102,0.025313592879903257,0.128573646441196
1260,21.0,feeder2_368,0.025187294089218958,0.12841120532138428,0.025200099605826472,0.12838429508467414
1260,21.0,feeder2_347,0.026928584736589996,0.14002012092888708,0.02693666726617984,0.1399894869446173
1260,21.0,feeder2_353,0.027817813834223278,0.14629067267593052,0.027822064465471082,0.14625669584050757
1260,21.0,feeder2_518,0.027439075236388354,0.13883889560485665,0.02744710185195774,0.1388136560332335
1260,21.0,feeder2_365,0.028875193486639677,0.15327402503116946,0.02887680490343129,0.1532389451445384
1260,21.0,feeder2_653,0.027500559483649493,0.14627427247276922,0.027510253643290575,0.14623932392254024
1260,21.0,feeder2_377,0.029373014248373117,0.15663354886757228,0.02937457910818606,0.15659058469380174
1260,21.0,feeder2_622,0.030139150380947256,0.15490386584992033,0.030142743355963144,0.15486734788543544
1260,21.0,feeder2_451,0.025690707081482037,0.12718906771708904,0.02570526977064001,0.1271698773826282
1260,21.0,feeder2_383,0.02501636553174911,0.1290451574869846,0.025032431088610863,0.12901042159414916
1260,21.0,feeder2_385,0.029816930760167153,0.15986418083429582,0.02981886791733774,0.15981911340991398
1260,21.0,feeder2_621,0.030711614178734904,0.15843299042361936,0.030711891611288025,0.15839185796722588
1260,21.0,feeder2_611,0.022979724056794992,0.12898232772647855,0.022993454497543715,0.12894524179175687
1260,21.0,feeder2_405,0.02503374567195708,0.1290994527615571,0.02504540922180689,0.12906929315703677
1260,21.0,feeder2_461,0.0325379505847781,0.1718301901077771,0.03253791580801099,0.17178067211280473
1260,21.0,feeder2_594,0.027439439174728956,0.16076142531188897,0.0274447680380718,0.16071029885170315
1260,21.0,feeder2_732,0.02336384691717139,0.13125159507509124,0.02338293231651305,0.13121361582371843
1260,21.0,feeder2_417,0.025307698837542882,0.12907682891004416,0.02531714013616841,0.12904930849728297
1260,21.0,feeder2_663,0.026538344651573193,0.13095521481308908,0.026551226062214998,0.1309266805727891
1260,21.0,feeder2_444,0.025372786596916705,0.1284629526090541,0.025384912781025865,0.12843243790863831
1260,21.0,feeder2_759,0.0285835238333298,0.12415730846334774,0.028601753078918254,0.1241313220432255
1260,21.0,feeder2_842,0.025426948572111672,0.12855058367774205,0.025442163104375658,0.12851776781024943
1260,21.0,feeder2_459,0.02535861690593886,0.1285118017162587,0.02537385170582295,0.1284805650613971
1260,21.0,feeder2_702,0.026334696025502348,0.12663258022352042,0.02635487172636461,0.12660458695160776
1260,21.0,feeder2_493,0.0252830703705168,0.12940250718079627,0.025291981790191948,0.12936974401452633
1260,21.0,feeder2_651,0.0337789440597621,0.1733568289697853,0.0337725062763484,0.17331457122704683
1260,21.0,feeder2_684,0.03441796663469444,0.17975434437886054,0.03441196344016493,0.1796998538746431
1260,21.0,feeder2_674,0.024445284014222225,0.1293505546258525,0.024458644103926938,0.1293124004869351
1260,21.0,feeder2_696,0.02603409579777212,0.13256646801995545,0.026044122243755012,0.13253837360890974
1260,21.0,feeder2_681,0.02332076330114155,0.12930464437818326,0.023335917726259228,0.12926286641312276
1260,21.0,feeder2_682,0.022683052311423584,0.12923916990902184,0.022696729804837477,0.12919459380829365
1260,21.0,feeder2_728,0.03428235815476525,0.17958846394434783,0.03427205301742065,0.17953307406970473
1260,21.0,feeder2_724,0.036669997945881105,0.1882662095259469,0.03666166364485246,0.18821041861166968
1260,21.0,feeder2_703,0.02835806935041193,0.13613373699463244,0.028363355650560043,0.13611114362844615
1260,21.0,feeder2_704,0.02616159139507288,0.13276208706739584,0.02617410941751899,0.13273087853336746
1260,21.0,feeder2_754,0.03687551720600376,0.18696382946497345,0.03686632995548799,0.18691694326585007
1260,21.0,feeder2_747,0.03767654777148993,0.19240435190970498,0.03766221270432915,0.19235021152155612
1260,21.0,feeder2_828,0.033329081656658925,0.17964174228002533,0.03332278081497265,0.17958444058179254
1260,21.0,feeder2_763,0.034428997521811694,0.17940467075058902,0.034426226800970926,0.17935016547539628
1260,21.0,feeder2_836,0.05033092234193109,0.2061176017951345,0.050300760604863,0.2060837598277957
1260,21.0,feeder2_758,0.037132657967735946,0.18966168233901304,0.03712211064404865,0.1895956882811457
1260,21.0,feeder2_788,0.03975581596832047,0.18511601685296414,0.03975285105703646,0.1850526431899319
1260,21.0,feeder2_812,0.03549009716729643,0.1872703138113933,0.03547425582977423,0.18717038931106933
1260,21.0,feeder2_947,0.035037633239682335,0.17674130242644215,0.035040511372547045,0.17669283856004203
1260,21.0,feeder2_868,0.03500868136121673,0.1782281834282957,0.03501070899833159,0.17817286499510393
1260,21.0,feeder2_785,0.03450717387301069,0.18064572374958746,0.03450346053952086,0.18058967716131233
1260,21.0,feeder2_1176,0.03895402653661468,0.18575064406306635,0.03894118365295231,0.18570225193022605
1260,21.0,feeder2_846,0.03306277780417102,0.18112541642587715,0.03306001858410331,0.1810671161828844
1260,21.0,feeder2_911,0.034500422040720916,0.18056644746689013,0.03449535490341003,0.18051149868147717
1260,21.0,feeder2_1107,0.03385073078714076,0.18786021137955922,0.03382558432672907,0.18769728274190192
1260,21.0,feeder2_920,0.035548608917333316,0.1868176185878475,0.035534311475598906,0.18672389302266285
1260,21.0,feeder2_926,0.03572664516712702,0.18633147464743388,0.035707625910760286,0.1862554840711097
1260,21.0,feeder2_1239,0.03544234336543157,0.18673368105649008,0.035420545137356964,0.18664207999192622
1260,21.0,feeder2_933,0.03586218730286768,0.186648212837801,0.035840796437856384,0.18657991607624394
1260,21.0,feeder2_1146,0.03546395911007499,0.18404839253425848,0.03544804594261106,0.18398174918952392
1260,21.0,feeder2_1124,0.03673287857186373,0.18757490142078426,0.036713580144008044,0.18750766739226216
1260,21.0,feeder2_942,0.03601923062356969,0.18666569084912613,0.035997020058295845,0.1866112639843279
1260,21.0,feeder2_952,0.03703817603398281,0.19045424554775564,0.037017665255442075,0.1904322294203309
1260,21.0,feeder2_965,0.035917094788347856,0.1862190450401747,0.0359013312139708,0.18616286952009115
1260,21.0,feeder2_961,0.03718403335523202,0.1911432568315425,0.03716313554922854,0.19112255240039072
1260,21.0,feeder2_963,0.03703050411961391,0.19039952486606776,0.03701192091142381,0.1903742720810197
1260,21.0,feeder2_973,0.03803883881931361,0.19507864196744315,0.03801870705665204,0.1950721629363931
1260,21.0,feeder2_1128,0.037049109185909875,0.19079149000155807,0.03703121579640139,0.1907654768409171
1260,21.0,feeder2_1113,0.03710038024279323,0.18942185234387612,0.03708235648036888,0.18940187665580732
1260,21.0,feeder2_1143,0.03684057565163025,0.18933653786005483,0.036816584938682034,0.18931984967803203
1260,21.0,feeder2_1238,0.0365395940738215,0.18020869745677265,0.036537681091528905,0.18017367052330355
1260,21.0,feeder2_979,0.035848160858819,0.1861020441515127,0.035828112976648535,0.18604672029095637
1260,21.0,feeder2_1236,0.039289361383458704,0.20102574632137973,0.03926782301342389,0.20104306507093
1260,21.0,feeder2_989,0.03803908936132503,0.19507985980493195,0.03802081046854862,0.1950761756474896
1260,21.0,feeder2_1196,0.0335175884880542,0.18590764732563955,0.03349060355724115,0.18584446126158086
1260,21.0,feeder2_1158,0.03817678743612602,0.19523001507723772,0.0381520473286353,0.19522545711433262
1260,21.0,feeder2_1122,0.03274883567177386,0.18692442630774003,0.03272097114159614,0.18673034260083762
1260,21.0,feeder2_1258,0.036276561742296216,0.189898779908087,0.03624072597314073,0.189746887116865
1260,21.0,feeder2_1303,0.032515681073500335,0.18525697679236086,0.032490074710417635,0.18506739541332884
1260,21.0,feeder2_1138,0.031997993182556285,0.18712021489438363,0.031962341622677345,0.18690348572814763
1260,21.0,feeder2_1304,0.03196342573826441,0.1871292470776514,0.03192860604950795,0.18691014271598141
1260,21.0,feeder2_1212,0.030527516537520127,0.18862619718674103,0.03048907413689162,0.1883595595042317
1260,21.0,feeder2_1311,0.03049613357321152,0.18850744829882354,0.030458854035051126,0.18823805544126776
1260,21.0,feeder2_1290,0.028973118511771347,0.19258468402274903,0.02892435104114865,0.19225862309815378
1260,21.0,feeder2_1325,0.04003029739336697,0.2054096130776136,0.04000699255683008,0.20544975131304585
1260,21.0,feeder2_1248,0.03930345139189887,0.2010433019038929,0.03928126437767161,0.20105912033675624
1260,21.0,feeder2_1249,0.03673636457882869,0.17933596072574226,0.03673973879408248,0.17929795062145093
1260,21.0,feeder2_1250,0.03707947949570336,0.17813656921655616,0.0370883776383542,0.1781040356105859
1260,21.0,feeder2_1366,0.04303122566966418,0.20546050990785208,0.04299723422018477,0.2054932642857047
1260,21.0,feeder2_1266,0.037159310314643035,0.1907126448400122,0.03712437144788412,0.19056013360786211
1260,21.0,feeder2_1372,0.02920300945184737,0.1904608021453345,0.029156429704569352,0.19013392011198382
1260,21.0,feeder2_1363,0.028023440386661942,0.20215857403110787,0.02796307439107519,0.20177857242462677
1260,21.0,feeder2_1446,0.041020713046050414,0.20413364896408573,0.04100262419749778,0.2041671971625544
1260,21.0,feeder2_1502,0.04073280482644009,0.2122489796060425,0.04070912540709629,0.21231343990670565
1260,21.0,feeder2_1428,0.025757120350766598,0.20448567469837872,0.025692491722933523,0.20410236171830537
1260,21.0,feeder2_1380,0.027906456809653486,0.21263519572839065,0.027835903921350304,0.21220986659243055
1260,21.0,feeder2_1550,0.027791374265327826,0.21198065184412654,0.02772289483411248,0.21155227813452032
1260,21.0,feeder2_1386,0.028109230493480443,0.21879011301202292,0.028040681873801675,0.2183457899089102
1260,21.0,feeder2_1551,0.027037137786191545,0.21997812425987243,0.026961147576662625,0.2195345287849258
1260,21.0,feeder2_1400,0.028290812957616557,0.22158274587425605,0.0282130035019515,0.22113052980318365
1260,21.0,feeder2_1552,0.028256376601894315,0.22169303129764284,0.028176259066960307,0.22123938716222583
1260,21.0,feeder2_1408,0.02874519422896568,0.22757976006115116,0.028665069528799172,0.22711056772164975
1260,21.0,feeder2_1553,0.029397197114166267,0.24268461736153096,0.029298861807500118,0.242191760121641
1260,21.0,feeder2_1416,0.02880592166566385,0.22783798845668796,0.028723325305488278,0.22736744121382604
1260,21.0,feeder2_1530,0.02917024973488008,0.22693632400773758,0.029095054227990864,0.22646238515032324
1260,21.0,feeder2_1425,0.02900809307926364,0.22890236945437306,0.028927801544825184,0.22843145437616152
1260,21.0,feeder2_1589,0.028785547396448376,0.22954466977088916,0.028698506308061145,0.22907010204692443
1260,21.0,feeder2_1435,0.02904359603679349,0.2290622477170745,0.028960643293517874,0.22859225349551515
1260,21.0,feeder2_1621,0.030394350059863323,0.22967152760924042,0.030310624352367185,0.22920240025120334
1260,21.0,feeder2_1564,0.029243027851486962,0.23014779812640648,0.02916035558907697,0.2296693867087432
1260,21.0,feeder2_1704,0.04267472529161904,0.2148341401550594,0.042644620985938214,0.2149095314191556
1260,21.0,feeder2_1525,0.0406630115159998,0.21300634993762765,0.04064070166266803,0.21307269137665918
1260,21.0,feeder2_1716,0.04388468786985123,0.21732594804254388,0.043845158887971775,0.2174145908773734
1260,21.0,feeder2_1537,0.04040508228629029,0.2131334976695229,0.040380203613084156,0.21320336423400515
1260,21.0,feeder2_1645,0.03881849713243001,0.21424994681760812,0.03879914527752732,0.21431117566331853
1260,21.0,feeder2_1561,0.04031920409417954,0.21273423376880676,0.04029560471458228,0.2128034051650408
1260,21.0,feeder2_1657,0.04032504695271194,0.2117558764834355,0.040303510263055335,0.21183271705918866
1260,21.0,feeder2_1570,0.040318600113866274,0.21278044202419308,0.04029472591867748,0.21285673049964787
1260,21.0,feeder2_1756,0.040306901124446216,0.2126215124550957,0.040289314024261544,0.21269313824294306
1260,21.0,feeder2_1588,0.04031980036489064,0.21283296286034725,0.04029731745738871,0.21291075987637256
1260,21.0,feeder2_1628,0.0403301572187296,0.21204392523760401,0.04030970142705223,0.21212072690050587
1260,21.0,feeder2_1598,0.04035519635902397,0.21310703335598613,0.0403295761468629,0.21318331885823105
1260,21.0,feeder2_1816,0.040700497087081726,0.2134916143385049,0.04068006886186087,0.2135651365560629
1260,21.0,feeder2_1765,0.0425818048330924,0.2156453226129149,0.04255088483171179,0.2157257241523351
1260,21.0,feeder2_1641,0.04025738903097898,0.21315271482354373,0.04023675543235482,0.21322579247803042
1260,21.0,feeder2_1689,0.040334548047889204,0.21404725035923314,0.040312215735628945,0.21411554073166422
1260,21.0,feeder2_1744,0.04022220038813017,0.21256285868529265,0.04020402205276965,0.2126414737906852
1260,21.0,feeder2_1817,0.040326948077251366,0.2140116342659261,0.04030181584107451,0.21408255111809524
1260,21.0,feeder2_1779,0.04060554184837061,0.2144096046683727,0.04058088543896017,0.2144819419728888
1260,21.0,feeder2_1800,0.038318422218169404,0.21333057540277495,0.038293256003766735,0.21338979219991927
1260,21.0,feeder2_1818,0.0418452908925994,0.2155265654548673,0.04183838566798457,0.2155921586641611
1260,21.0,feeder2_1753,0.04022251244367865,0.21080725579308057,0.040213643200272396,0.21089014856612792
1260,21.0,feeder2_1754,0.04022015180497107,0.21253907641457429,0.040196683603000195,0.21261837529192762
1290,21.5,secondary,0.03453185267309814,0.03182924151343522,0.03451444280377607,0.031808861067763115
1290,21.5,feeder2_44,0.0643159213054815,0.1661437103904081,0.0642862037158429,0.16604053898889892
1290,21.5,feeder2_45,0.0654459602176058,0.17135988004303432,0.06541703759132957,0.17125077016348483
1290,21.5,feeder2_46,0.060999112653404186,0.16694460495761462,0.060969065050135,0.16683138571528047
1290,21.5,feeder2_51,0.06733521396626731,0.18010679529773102,0.06730363128178048,0.17998895485426833
1290,21.5,feeder2_48,0.06774850020677209,0.1733432564985091,0.06771395867199084,0.17323196872192215
1290,21.5,feeder2_52,0.0679810197676698,0.17005521396214202,0.06794791422102904,0.16994252855431677
1290,21.5,feeder2_68,0.07309605390280055,0.20851422213799348,0.0730626060079196,0.20838258386459216
1290,21.5,feeder2_69,0.0716598216647146,0.20886887653304564,0.07162243744493113,0.20873440257027556
1290,21.5,feeder2_71,0.07386623417554015,0.21228170279554903,0.07383219236959163,0.21214906104516668
1290,21.5,feeder2_72,0.07690108312599478,0.21492982174419745,0.07686569281264172,0.2148001554369786
1290,21.5,feeder2_73,0.07620397080752542,0.2237392320125511,0.07616879218158185,0.22360155516855632
1290,21.5,feeder2_74,0.07505621513874908,0.22079590556913473,0.07502027292424597,0.22065589898772917
1290,21.5,feeder2_77,0.0783015273623332,0.23400904789129154,0.07826626462630915,0.23386734738542192
1290,21.5,feeder2_79,0.0742921916290106,0.2363205893708269,0.07425382404836221,0.2361761501370624
1290,21.5,feeder2_81,0.081796514631523,0.24963766241760196,0.08175517462818566,0.24948928974870307
1290,21.5,feeder2_82,0.10512749333548994,0.26964893118424044,0.10508892462016081,0.26950752266900174
1290,21.5,feeder2_116,0.09222736997839143,0.2972593401955919,0.09218223221295303,0.2970639389437574
1290,21.5,feeder2_119,0.09262365056174121,0.2946866390030633,0.09257807675028622,0.2944867056244169
1290,21.5,feeder2_120,0.09626745301026153,0.31633389738409173,0.0962171798365236,0.3161190748056935
1290,21.5,feeder2_248,0.09518980088593743,0.31424971472480284,0.09514308702452054,0.31403938344191645
1290,21.5,feeder2_124,0.09894068141022128,0.32886622422093637,0.09889120329149415,0.3286456860720077
1290,21.5,feeder2_282,0.10267533597716143,0.3319858331728004,0.10262374351380453,0.3317618336852153
1290,21.5,feeder2_275,0.09767326704429075,0.32616060431546895,0.09762530549397903,0.32593757733585804
1290,21.5,feeder2_151,0.10352613598709616,0.35035937387066735,0.10347000541663001,0.3501151322311928
1290,21.5,feeder2_295,0.10214577934642984,0.3507491239890836,0.10209066770099444,0.35050135551838096
1290,21.5,feeder2_311,0.10261865403947519,0.3505322438205266,0.10256370512778348,0.35028633402643145
1290,21.5,feeder2_201,0.11127529477321209,0.385971796299554,0.11121905972176374,0.3857024597895673
1290,21.5,feeder2_314,0.11185125013467456,0.3860883445774249,0.11179345081957959,0.3858194754953532
1290,21.5,feeder2_342,0.12199498735032183,0.4361297449453967,0.12193209334452615,0.4358176968645959
1290,21.5,feeder2_368,0.12281986709443041,0.4385056505985179,0.12275568671543978,0.43819555913342456
1290,21.5,feeder2_347,0.12589439637142374,0.45631710966431993,0.12582513776204174,0.45598535006658325
1290,21.5,feeder2_353,0.12770725205656483,0.4657233841239308,0.12763603438371443,0.46537473492121695
1290,21.5,feeder2_518,0.127242222590203,0.45748381538754085,0.12717316352512717,0.4571478933859478
1290,21.5,feeder2_365,0.1297522987773709,0.47631361342801437,0.1296816028569496,0.47595880544463626
1290,21.5,feeder2_653,0.1275318000459317,0.46541692877887597,0.12746241552462756,0.46507067599540475
1290,21.5,feeder2_377,0.1308507945390314,0.48209693218363947,0.1307770775145611,0.4817297030159006
1290,21.5,feeder2_622,0.12903910248587716,0.4763777265927912,0.12896871456472211,0.4760162986977905
1290,21.5,feeder2_451,0.1250737149465156,0.4396861965980942,0.12500843509429538,0.4393772236687049
1290,21.5,feeder2_383,0.12358964473232507,0.441249971695553,0.12352364292155742,0.44093855364060475
1290,21.5,feeder2_385,0.1321131123011115,0.48871252663288434,0.13203986593420464,0.4883385142729135
1290,21.5,feeder2_621,0.129533614801903,0.48250549395156517,0.12945964699276777,0.48214150375258297
1290,21.5,feeder2_611,0.12346439661324812,0.44104474912568314,0.12339921198534876,0.44073434158875546
1290,21.5,feeder2_405,0.12364085392529292,0.44143184348118747,0.12357265383238986,0.44112076892689045
1290,21.5,feeder2_461,0.13774494888670996,0.5178425262815143,0.13766871368738942,0.5174422101552915
1290,21.5,feeder2_594,0.13128054171198988,0.4873514089545815,0.13120582914611056,0.48698064418592063
1290,21.5,feeder2_732,0.1234491568440275,0.44111192007358446,0.1233852528007492,0.44079715302998634
1290,21.5,feeder2_417,0.12404538890427573,0.4428687565019928,0.12397873870085212,0.44255875551524293
1290,21.5,feeder2_663,0.12332237964229162,0.4429007485813937,0.1232598244662114,0.44258857253759154
1290,21.5,feeder2_444,0.12436463782248376,0.44400731487346645,0.12429847033817998,0.4436935724566168
1290,21.5,feeder2_759,0.13122459883324814,0.4485538181536818,0.1311584459223335,0.4482448158017278
1290,21.5,feeder2_842,0.12432047412395614,0.44398014394231206,0.12425522767459472,0.4436694492299378
1290,21.5,feeder2_459,0.12434795616103518,0.4440922016697423,0.12428125502192433,0.44377894285324615
1290,21.5,feeder2_702,0.12768374989294898,0.446120832699518,0.12762038973889092,0.4458112358504557
1290,21.5,feeder2_493,0.12388804611718998,0.4435230022029064,0.12382174154927075,0.44320736381122505
1290,21.5,feeder2_651,0.13694414229975627,0.5180795929854929,0.13686717681287666,0.5176811775773387
1290,21.5,feeder2_684,0.14232023721595774,0.5414608323774719,0.14223777426815945,0.5410387160785629
1290,21.5,feeder2_674,0.12345403807454039,0.44283414235397484,0.12338903772599562,0.44251972443590154
1290,21.5,feeder2_696,0.12333477946942356,0.4448341970071393,0.12326873530856128,0.44451820012561033
1290,21.5,feeder2_681,0.1229693059456571,0.4420328320048609,0.12290344670548303,0.4417204957910847
1290,21.5,feeder2_682,0.12240951125181829,0.4411984647133015,0.12234478323650162,0.4408842452001949
1290,21.5,feeder2_728,0.1423501842746548,0.5405556048249274,0.14226740958274392,0.5401352399068584
1290,21.5,feeder2_724,0.14709583498300016,0.5677190860875281,0.14701142467070105,0.5672711813001801
1290,21.5,feeder2_703,0.12109848039826827,0.4455892104364586,0.12103284732117256,0.4452669872015919
1290,21.5,feeder2_704,0.12253310332532641,0.4453654209881809,0.1224688870071864,0.4450471906675854
1290,21.5,feeder2_754,0.14817386459505028,0.568679550258062,0.14808963371004755,0.5682314530895632
1290,21.5,feeder2_747,0.14894242557357112,0.5778985854058132,0.14885518823515104,0.5774426147168512
1290,21.5,feeder2_828,0.14169638547892976,0.5392737420186707,0.14161547643613817,0.5388553107911636
1290,21.5,feeder2_763,0.14282084225545408,0.5410685840904104,0.14273936497380696,0.5406495209060489
1290,21.5,feeder2_836,0.14245811763865404,0.5804419469508134,0.14236928932068552,0.5799731448024912
1290,21.5,feeder2_758,0.1505714536122734,0.5861911024098664,0.15048420546882563,0.5857302711122591
1290,21.5,feeder2_788,0.15388833040056343,0.5884638536651146,0.15380027829905227,0.5880040214956797
1290,21.5,feeder2_812,0.15470924935714475,0.6087667094057533,0.15461880557770447,0.6082915186338496
1290,21.5,feeder2_947,0.14583173214276968,0.5436945752678509,0.1457509731778108,0.543275992057826
1290,21.5,feeder2_868,0.1446178658565794,0.542385084837973,0.14453671408488736,0.5419649800370104
1290,21.5,feeder2_785,0.14256953369790926,0.5397894574432349,0.1424878125486085,0.539366135460346
1290,21.5,feeder2_1176,0.14054180740275385,0.5400644466813298,0.14046022383719975,0.5396417224448109
1290,21.5,feeder2_846,0.14180960099835394,0.5374717709537411,0.14172695137959265,0.5370502988926378
1290,21.5,feeder2_911,0.14259553796354343,0.5398847046822386,0.14251323636358923,0.5394610374065065
1290,21.5,feeder2_1107,0.15536291770633576,0.6050762876969543,0.15527263608017167,0.6046037074333805
1290,21.5,feeder2_920,0.1556992177745708,0.6161637704535734,0.15560578548001683,0.6156842340981181
1290,21.5,feeder2_926,0.1573375946748883,0.6279419001558668,0.15724077678964166,0.627450968936673
1290,21.5,feeder2_1239,0.15550850286584358,0.6152887966764636,0.15541275441100547,0.6148101920692707
1290,21.5,feeder2_933,0.15792283116762923,0.6326103789752444,0.15782726133569172,0.6321194879381545
1290,21.5,feeder2_1146,0.15800038308605183,0.6305366310699582,0.15790466407596288,0.6300501736753766
1290,21.5,feeder2_1124,0.15666086170160487,0.6334269612466448,0.1565633153520202,0.6329381173528023
1290,21.5,feeder2_942,0.15954481748619223,0.6438062928392853,0.15944620904799414,0.6433096084068424
1290,21.5,feeder2_952,0.1615726794052988,0.661296664386632,0.16147559649056875,0.6607847301232599
1290,21.5,feeder2_965,0.15959257845993513,0.6436824527604335,0.15949571488260014,0.6431859841696901
1290,21.5,feeder2_961,0.16169131785732266,0.662806359521661,0.1615894995853274,0.6622941511656961
1290,21.5,feeder2_963,0.16159421149661676,0.6613780671478837,0.16149238966275598,0.6608653788008215
1290,21.5,feeder2_973,0.16247778130599133,0.6715062192506248,0.16237611922888426,0.670980180655443
1290,21.5,feeder2_1128,0.16142209489295725,0.6616449772706833,0.1613207109890704,0.6611346551336076
1290,21.5,feeder2_1113,0.1629373856791454,0.6624164653717157,0.16283707421384241,0.6619036942448372
1290,21.5,feeder2_1143,0.162244956702913,0.6637100683043282,0.16214646596596322,0.663200840489542
1290,21.5,feeder2_1238,0.1674613544123136,0.649462396714163,0.16736193367971913,0.6489713035044493
1290,21.5,feeder2_979,0.15951384958963594,0.6430060451251914,0.15941474559023622,0.6425074045083996
1290,21.5,feeder2_1236,0.16383613600033547,0.6836479159078163,0.1637313676136697,0.683110022010679
1290,21.5,feeder2_989,0.1624761246124846,0.671513925828206,0.16237284685355327,0.6709847465500357
1290,21.5,feeder2_1196,0.15938384806446718,0.6401928294915298,0.15928404209175415,0.6396934441722645
1290,21.5,feeder2_1158,0.16122062394071648,0.6725630547018645,0.16111940158856627,0.6720387626237581
1290,21.5,feeder2_1122,0.15571246676258588,0.6035924448720198,0.15562321426002065,0.6031266656471856
1290,21.5,feeder2_1258,0.15029561005527997,0.6063039973240333,0.15020215480540394,0.605823722728058
1290,21.5,feeder2_1303,0.17288315141036176,0.618409998272692,0.1727902195122754,0.6179532807923372
1290,21.5,feeder2_1138,0.15480976942639377,0.5969986329094858,0.1547178527420774,0.5965361578101965
1290,21.5,feeder2_1304,0.15494847982295928,0.5951860474480732,0.15485498008726603,0.5947271096360985
1290,21.5,feeder2_1212,0.15306627281734406,0.5846714304266787,0.1529752273011236,0.5842188649170205
1290,21.5,feeder2_1311,0.15565169512442442,0.5863045339052839,0.155560793872583,0.5858566329605895
1290,21.5,feeder2_1290,0.15042454716011938,0.568135762371243,0.15033175092970366,0.5676967468206984
1290,21.5,feeder2_1325,0.16592905673948885,0.6992146831951895,0.16581921675714809,0.6986542171797925
1290,21.5,feeder2_1248,0.16382844334511776,0.6836535800869314,0.16372426057806116,0.6831151877360666
1290,21.5,feeder2_1249,0.16877459098827552,0.6502792191157694,0.16867551937560687,0.6497872219586301
1290,21.5,feeder2_1250,0.16983267566641827,0.6515762772009627,0.169734509776302,0.6510858738905546
1290,21.5,feeder2_1366,0.16189555245317017,0.6851369075104864,0.16178789777141594,0.6845938026837364
1290,21.5,feeder2_1266,0.1458353287918083,0.6076690264119413,0.14574092063348948,0.6071807125375908
1290,21.5,feeder2_1372,0.15242172385227623,0.5697989022362147,0.15233377778128798,0.5693584453673861
1290,21.5,feeder2_1363,0.14704571340723668,0.548101990350978,0.1469560768430032,0.5476753740773612
1290,21.5,feeder2_1446,0.16609033740141707,0.6993606792369075,0.1659821002057357,0.6987995823795476
1290,21.5,feeder2_1502,0.16824211915572432,0.7165065100327969,0.16812871434221185,0.7159247189201888
1290,21.5,feeder2_1428,0.14605540435673492,0.545945541315998,0.14596649453152832,0.545518983222523
1290,21.5,feeder2_1380,0.14371477407991998,0.5272921518996604,0.14362452981141224,0.5268749311649543
1290,21.5,feeder2_1550,0.1461438158037706,0.5291128852257624,0.14605214974051411,0.5286945898520716
1290,21.5,feeder2_1386,0.14180661371632258,0.5161947654306664,0.14171708692468288,0.5157811576870899
1290,21.5,feeder2_1551,0.14227711273442464,0.5150317375698337,0.1421873273819732,0.5146195224575698
1290,21.5,feeder2_1400,0.14091315738471807,0.5112100008969171,0.1408234197185167,0.5108013895277813
1290,21.5,feeder2_1552,0.14174615327127366,0.5093032975004722,0.14165644749919165,0.5088918367993838
1290,21.5,feeder2_1408,0.13909171729451641,0.5019285727816885,0.13900229332385977,0.5015220638989505
1290,21.5,feeder2_1553,0.13245926414302864,0.4857796166417831,0.1323744641018178,0.48538952387349826
1290,21.5,feeder2_1416,0.13891077246484546,0.5005282827791068,0.13882098525051506,0.5001243971158054
1290,21.5,feeder2_1530,0.13915358675076347,0.5007634137475416,0.1390654949204622,0.5003546516178794
1290,21.5,feeder2_1425,0.13854119674242033,0.4977333016194367,0.13845070527643577,0.49732548777992475
1290,21.5,feeder2_1589,0.1389736568145192,0.4946859090558352,0.13888658404816728,0.4942765817472412
1290,21.5,feeder2_1435,0.13849033255386142,0.49746072522014784,0.13840164553311,0.497053320541083
1290,21.5,feeder2_1621,0.13613424511301261,0.49814224308164556,0.1360446146825588,0.4977322549084062
1290,21.5,feeder2_1564,0.13817404733324595,0.493806954722976,0.1380838814695676,0.49340026306644336
1290,21.5,feeder2_1704,0.16625725156384447,0.717448011056044,0.16614402693556488,0.7168649835387993
1290,21.5,feeder2_1525,0.1688969680342217,0.7207076072884747,0.16878109748644404,0.720123915119855
1290,21.5,feeder2_1716,0.16580691047927074,0.7222511122130294,0.16569122172332873,0.7216616503957325
1290,21.5,feeder2_1537,0.16967211710772148,0.7252379815039637,0.16955721036196894,0.7246494444766514
1290,21.5,feeder2_1645,0.16989977073055507,0.7245111889655473,0.16978561942427103,0.7239224270771778
1290,21.5,feeder2_1561,0.17057131817016474,0.730795848906724,0.1704555732485966,0.7302004080838826
1290,21.5,feeder2_1657,0.17071355270421026,0.7309260113407199,0.17059720522166164,0.7303281004099907
1290,21.5,feeder2_1570,0.1709531977904392,0.7331629113259536,0.1708384432324992,0.7325651789497603
1290,21.5,feeder2_1756,0.17596390832881245,0.7361608101131802,0.1758450011597146,0.7355703972283638
1290,21.5,feeder2_1588,0.17123036379315307,0.7351568456527307,0.17111467519983492,0.7345587773173213
1290,21.5,feeder2_1628,0.1722927235270213,0.7361157372935238,0.17217379583166112,0.7355183069216481
1290,21.5,feeder2_1598,0.1715230773914849,0.7373870302523822,0.17140666964505655,0.7367860619733837
1290,21.5,feeder2_1816,0.17139224724345406,0.7373354227291906,0.17127415309916535,0.7367309906981837
1290,21.5,feeder2_1765,0.1700080447810646,0.7374393486127215,0.169891266725326,0.7368352055089687
1290,21.5,feeder2_1641,0.17295142810760453,0.7484900093083888,0.17283031220649744,0.747875540303438
1290,21.5,feeder2_1689,0.1717115027738357,0.7465675475336805,0.17158802226038217,0.7459358582643898
1290,21.5,feeder2_1744,0.18075984717118632,0.7552684961643147,0.18064083229111216,0.7546590838263983
1290,21.5,feeder2_1817,0.17169476983242218,0.7464973772606887,0.17156989490143,0.7458652657672251
1290,21.5,feeder2_1779,0.17024652705555285,0.7474165204937333,0.1701249096389771,0.7467826326428355
1290,21.5,feeder2_1800,0.17101328142949232,0.7425969794138004,0.17089024479325804,0.7419639448195862
1290,21.5,feeder2_1818,0.16428566670548192,0.7436528453461643,0.16414463407649513,0.7429844122698896
1290,21.5,feeder2_1753,0.20546176198804358,0.776875568780903,0.20534008012810884,0.7762767553159746
1290,21.5,feeder2_1754,0.18079471989031035,0.7553014910894745,0.18067430496739445,0.7546884087562485
1320,22.0,secondary,0.03192680321677751,0.013971094937803396,0.03193698486124742,0.013964200422635846
1320,22.0,feeder2_44,0.05944284509881076,0.0729010184992494,0.059461539926314366,0.07285124418948284
1320,22.0,feeder2_45,0.06040958261807828,0.07483289311563912,0.060432375906536315,0.07477806855302237
1320,22.0,feeder2_46,0.059177513381322794,0.07661028576279061,0.05919276067649976,0.07657767866271874
1320,22.0,feeder2_51,0.061984887365524155,0.07864093533862387,0.062007029431360085,0.0785836894519374
1320,22.0,feeder2_48,0.06365795856076666,0.0721941983156083,0.06367294582534265,0.0721349602197211
1320,22.0,feeder2_52,0.05896761323253369,0.0799689969254107,0.058989856720396104,0.0799074187701822
1320,22.0,feeder2_68,0.06668993588903636,0.08902798045637278,0.06671016311175762,0.08896034714750133
1320,22.0,feeder2_69,0.06701513758053464,0.09021521339887562,0.06703709833363096,0.09014962330466067
1320,22.0,feeder2_71,0.06730027222086128,0.09033489735826182,0.06732142188852988,0.09026639506143386
1320,22.0,feeder2_72,0.06919724598126546,0.08771434305733415,0.06921937998733921,0.08764843079365492
1320,22.0,feeder2_73,0.06919059201932255,0.09473438361327599,0.06921221365318823,0.09466218316240904
1320,22.0,feeder2_74,0.06681566014690851,0.09719950826803422,0.06683969781113894,0.0971196965985768
1320,22.0,feeder2_77,0.07092437460324869,0.09817420509343729,0.07094851892345051,0.09809878403598415
1320,22.0,feeder2_79,0.07099938570878354,0.09842542020501563,0.07102427015643648,0.09835058405276262
1320,22.0,feeder2_81,0.07364634412267293,0.10350514754763997,0.073672623844606,0.10342310842431865
1320,22.0,feeder2_82,0.08703055467817454,0.08556256641004698,0.08705822170075024,0.08548778223418625
1320,22.0,feeder2_116,0.08489207622500124,0.14616772928439475,0.08492092656251708,0.14605446213204099
1320,22.0,feeder2_119,0.08414125829029373,0.1465167492852326,0.08416999744805945,0.1464000262071425
1320,22.0,feeder2_120,0.08925025071749139,0.16182495878894113,0.08927991858239434,0.1616991707207252
1320,22.0,feeder2_248,0.08876974120400405,0.1620170341092404,0.08879726000150931,0.1618894432332536
1320,22.0,feeder2_124,0.09199244906457277,0.17139504094888466,0.09201811815220695,0.17126322176336561
1320,22.0,feeder2_282,0.09483724116309893,0.16725761547404622,0.094863620282493,0.16712547994298252
1320,22.0,feeder2_275,0.06406326979780799,0.18528085424002516,0.06409645163940189,0.18510429030214215
1320,22.0,feeder2_151,0.10053821752753235,0.18550796861904714,0.10056945700532866,0.18539853618424756
1320,22.0,feeder2_295,0.10129840440131195,0.18732716649730113,0.10132866679094957,0.18722264392833302
1320,22.0,feeder2_311,0.10127172617192251,0.18703608844723282,0.1013023742056014,0.1869302149167697
1320,22.0,feeder2_201,0.1137147613838679,0.20686915411445464,0.11374679153494564,0.20679331761801958
1320,22.0,feeder2_314,0.11510949753320904,0.20561963916163212,0.11514349039300964,0.20553925951770136
1320,22.0,feeder2_342,0.1318735043683111,0.24377893576359466,0.1319109760683201,0.2437466753462507
1320,22.0,feeder2_368,0.13199460530152746,0.2446950108972349,0.13203191145061474,0.2446611177598765
1320,22.0,feeder2_347,0.14069461691312524,0.2613355764768444,0.1407328841421542,0.2613223994908189
1320,22.0,feeder2_353,0.14506094861645705,0.27094959005821984,0.1450998238965857,0.2709464373538994
1320,22.0,feeder2_518,0.14168194471165108,0.259935757445511,0.14171866904582803,0.25992332694983517
1320,22.0,feeder2_365,0.15000582252739428,0.28178728244787565,0.1500449683605897,0.2817922371146653
1320,22.0,feeder2_653,0.1441380587564385,0.2709327184091454,0.14418026366893183,0.27092439215917663
1320,22.0,feeder2_377,0.15262317040387713,0.28733875420874955,0.15266456414261792,0.2873451494884611
1320,22.0,feeder2_622,0.1506255827993264,0.2832263345426676,0.1506666849302437,0.2832318417251536
1320,22.0,feeder2_451,0.1332965419585451,0.2428154989850351,0.1333374213047226,0.2427824156913892
1320,22.0,feeder2_383,0.13202778640973023,0.24762960927077782,0.1320665966203256,0.24759735017954632
1320,22.0,feeder2_385,0.15547969531136988,0.292844073866249,0.1555256957756237,0.2928561704520179
1320,22.0,feeder2_621,0.153519500911453,0.2899322510097948,0.15356297044533468,0.2899400896404509
1320,22.0,feeder2_611,0.13115928860562043,0.2476550215970787,0.1311946857553427,0.2476202934295371
1320,22.0,feeder2_405,0.1320428042345175,0.24781599346930944,0.13208118918192527,0.24778036087931238
1320,22.0,feeder2_461,0.16718699875575038,0.31559345711779346,0.16723399611246748,0.31562424686380464
1320,22.0,feeder2_594,0.1551628994712841,0.2928178338528545,0.15520536502964993,0.29283156271883715
1320,22.0,feeder2_732,0.13047098219997882,0.2505082713856373,0.1305105032200435,0.2504715687093033
1320,22.0,feeder2_417,0.1323064019207304,0.2486771620342376,0.13234157145970102,0.24864457823455346
1320,22.0,feeder2_663,0.13243820397481654,0.2506013430416301,0.1324728226098759,0.2505733506659358
1320,22.0,feeder2_444,0.13241704954932837,0.24868814459758135,0.13245232752087682,0.24865707932283043
1320,22.0,feeder2_759,0.13388122456295415,0.24652072905811867,0.1339220591728868,0.24648944260849495
1320,22.0,feeder2_842,0.13251834610589291,0.24887373800466517,0.13255496199350186,0.24884260637416614
1320,22.0,feeder2_459,0.13243987684004088,0.24881184558462477,0.13247872357054685,0.24877807865872006
1320,22.0,feeder2_702,0.13488242441509016,0.24591469536985733,0.13492270452283714,0.2458810584894307
1320,22.0,feeder2_493,0.13231678847223416,0.2504145784780027,0.13235584326489025,0.25037990262267773
1320,22.0,feeder2_651,0.16726330218881727,0.3157899540696189,0.1673067817040083,0.3158270728811771
1320,22.0,feeder2_684,0.17666836962139834,0.334177155393703,0.17671606245946378,0.33422829764380574
1320,22.0,feeder2_674,0.13161707038594922,0.2507746115962402,0.1316577632474907,0.2507372670810469
1320,22.0,feeder2_696,0.13297224130818905,0.25378427160774875,0.13300617096158515,0.253755664976064
1320,22.0,feeder2_681,0.13077186318377385,0.2512454022074832,0.13081173608493632,0.2512088226057344
1320,22.0,feeder2_682,0.1300094226350691,0.2515661947276265,0.13004949320735618,0.25152665873440483
1320,22.0,feeder2_728,0.17653420010381554,0.3317097232985016,0.17658199968292068,0.3317603002261081
1320,22.0,feeder2_724,0.18680548053949378,0.3593101897189893,0.1868558816603096,0.35939071130052613
1320,22.0,feeder2_703,0.13321645780267152,0.2543927041610552,0.13325217149065646,0.25436261930775345
1320,22.0,feeder2_704,0.1333867575512706,0.2548252541652378,0.13342678088973123,0.2547936210135532
1320,22.0,feeder2_754,0.1883192816379394,0.35773493453413263,0.188372631840905,0.35780934871611086
1320,22.0,feeder2_747,0.19080245415367422,0.3705581276521792,0.19085620401896794,0.3706445254680679
1320,22.0,feeder2_828,0.1751559673146602,0.3316135395301586,0.175201625538939,0.3316594051207805
1320,22.0,feeder2_763,0.17693387330153218,0.3284124526315238,0.17698345564635057,0.3284572910665862
1320,22.0,feeder2_836,0.19628026976983193,0.3855535439735277,0.19632521783963913,0.3856526973434422
1320,22.0,feeder2_758,0.19310370403190832,0.3733862864957986,0.19315572932862535,0.3734808130480756
1320,22.0,feeder2_788,0.19465834308292954,0.37139725589630856,0.19471191027112142,0.371494016639707
1320,22.0,feeder2_812,0.20010193826583916,0.3844651856091381,0.20015666300633803,0.3845680405843607
1320,22.0,feeder2_947,0.17911777951778945,0.32554054889770934,0.17916597900701486,0.3255967656304158
1320,22.0,feeder2_868,0.17900292150293512,0.3259716531609309,0.1790516296471268,0.3260229987744523
1320,22.0,feeder2_785,0.17680149277772028,0.3286844992433315,0.17685287431702099,0.3287270083701648
1320,22.0,feeder2_1176,0.17847135553990476,0.33279336322033026,0.1785185141227091,0.3328397055587592
1320,22.0,feeder2_846,0.17399841020202195,0.32929170482630676,0.17404384571796985,0.32933292070853487
1320,22.0,feeder2_911,0.1772498635165027,0.326991100568426,0.1773006897359565,0.3270364367873603
1320,22.0,feeder2_1107,0.19770470898644094,0.3810544979402455,0.19775845836463168,0.381144347717955
1320,22.0,feeder2_920,0.20272398146677933,0.3885497129061459,0.20278188589341437,0.38865819759942205
1320,22.0,feeder2_926,0.20682286708978365,0.39444856800254136,0.20687818320074838,0.39457030411186855
1320,22.0,feeder2_1239,0.20249732237648446,0.38884189233939365,0.20255698981325054,0.3889492845390283
1320,22.0,feeder2_933,0.20851408087793835,0.3980226829510092,0.2085736947746224,0.39814761581663666
1320,22.0,feeder2_1146,0.2074059314675092,0.3900219230321218,0.20746608423114132,0.39014751963475414
1320,22.0,feeder2_1124,0.20898975898756664,0.39924833905368423,0.20904844815988122,0.39937532021659966
1320,22.0,feeder2_942,0.21259851878560662,0.4059590217777321,0.2126555889939366,0.40609618033220757
1320,22.0,feeder2_952,0.21787058769090853,0.4237852391381895,0.21793208950220858,0.42393361989162537
1320,22.0,feeder2_965,0.21269690198541946,0.40517616057536354,0.21275651503400045,0.4053145761519266
1320,22.0,feeder2_961,0.2183747792728031,0.42623851213416575,0.21843586462119002,0.4263903838189021
1320,22.0,feeder2_963,0.21788468032909689,0.4236727946725143,0.21794986137068031,0.42382263565063594
1320,22.0,feeder2_973,0.22124125360466385,0.4392763567029325,0.22130374499659708,0.4394321260204627
1320,22.0,feeder2_1128,0.21806093519220293,0.426270163435478,0.218123098872764,0.42641939585359323
1320,22.0,feeder2_1113,0.21964192518797573,0.4217513273517142,0.2197064010233918,0.4219011863245528
1320,22.0,feeder2_1143,0.21813037199702895,0.42144480340235824,0.21819639925087364,0.4215927746818152
1320,22.0,feeder2_1238,0.22425441794653192,0.3926397332589044,0.22431443530632184,0.39278038011047545
1320,22.0,feeder2_979,0.2126882472856516,0.40516040142483095,0.21274726286472645,0.40529871318354455
1320,22.0,feeder2_1236,0.22524530830461206,0.45705086955373586,0.22530867865937007,0.4572196201826618
1320,22.0,feeder2_989,0.2212438538597723,0.4392919321070248,0.22130982932224014,0.43944682816504643
1320,22.0,feeder2_1196,0.21250890770425343,0.40511194821257784,0.21257204345458536,0.40524863319541016
1320,22.0,feeder2_1158,0.2219406187711851,0.4412012757630442,0.22200642565620993,0.4413565692296737
1320,22.0,feeder2_1122,0.19662066486897484,0.37892175339020295,0.19667327416692695,0.3790054672820793
1320,22.0,feeder2_1258,0.19816603663934906,0.3820765180640468,0.1982229009728875,0.38216248801210284
1320,22.0,feeder2_1303,0.19702531143385307,0.3783569642415646,0.19708162209984628,0.37843905193797484
1320,22.0,feeder2_1138,0.19576750574748863,0.3774426542049576,0.19582366610976093,0.37751846165664904
1320,22.0,feeder2_1304,0.19521190863945534,0.3773499293057956,0.19526825042210014,0.3774222972969318
1320,22.0,feeder2_1212,0.19405518550329673,0.37449595184363177,0.19411469474829934,0.37456093803698354
1320,22.0,feeder2_1311,0.19581835510356893,0.3722379506793117,0.19587601622716744,0.37230500442743975
1320,22.0,feeder2_1290,0.19185425112747742,0.37274734670968424,0.19191355522557485,0.37279676236715203
1320,22.0,feeder2_1325,0.2306436506362696,0.4808844715986701,0.2307109449727006,0.481061162505744
1320,22.0,feeder2_1248,0.22524666535169427,0.45705348355065134,0.22531035207252678,0.45722191435858667
1320,22.0,feeder2_1249,0.22557187073325063,0.3912107392799159,0.22563560407178174,0.3913502120165931
1320,22.0,feeder2_1250,0.22922522497323328,0.3872968914218978,0.2292827638164696,0.38744193696120427
1320,22.0,feeder2_1366,0.22551705417492998,0.45757063138967696,0.22557801274918665,0.4577386270889713
1320,22.0,feeder2_1266,0.19839314686476806,0.3825332078804753,0.19844916684051195,0.3826198696784101
1320,22.0,feeder2_1372,0.1924239528456018,0.37197373727207794,0.19248272116215293,0.37202414552574536
1320,22.0,feeder2_1363,0.18946367735236333,0.372127690470927,0.18951755608340132,0.3721600929872255
1320,22.0,feeder2_1446,0.23215688170508753,0.4793089840884405,0.2322203093719819,0.4794890497467489
1320,22.0,feeder2_1502,0.2363746661555093,0.5097870279174922,0.23643836711436478,0.5099785736937589
1320,22.0,feeder2_1428,0.18729585235725812,0.3719854708115596,0.18735203546459606,0.37201135883014935
1320,22.0,feeder2_1380,0.18728200681994925,0.3722210859566189,0.1873380590927859,0.3722374074793115
1320,22.0,feeder2_1550,0.1889091640962892,0.36996724346981513,0.18896730615328677,0.3699867851531065
1320,22.0,feeder2_1386,0.18618064431811981,0.37341683105973345,0.18623761576020675,0.3734224381102639
1320,22.0,feeder2_1551,0.1852071082903028,0.3748825823673824,0.18526580535529272,0.3748821506835023
1320,22.0,feeder2_1400,0.18574171869382394,0.3736982937371167,0.18579496368905485,0.3736985241848553
1320,22.0,feeder2_1552,0.1829996029627151,0.37362360012057233,0.18305255323006178,0.3736232757800815
1320,22.0,feeder2_1408,0.18512485312225793,0.37448736878834965,0.18518297920695576,0.3744800259243217
1320,22.0,feeder2_1553,0.18042708362316992,0.3758188273587982,0.18048319613924063,0.3758080161190041
1320,22.0,feeder2_1416,0.18505502013743452,0.37472453161170927,0.18510813963953657,0.374721358944461
1320,22.0,feeder2_1530,0.185309744221629,0.37434439943387143,0.18536581159733456,0.37434058884978627
1320,22.0,feeder2_1425,0.1849191347952387,0.37536392268569757,0.1849765353627995,0.37535855574408383
1320,22.0,feeder2_1589,0.18467814752694467,0.3753526762752673,0.18473329789696322,0.3753488352424701
1320,22.0,feeder2_1435,0.1848965198892647,0.3754961112684033,0.18495360789582393,0.375490754518145
1320,22.0,feeder2_1621,0.18499226792535378,0.37715681947187185,0.18504825739274458,0.37715082630561797
1320,22.0,feeder2_1564,0.18432178326647766,0.37504154831689696,0.1843766691611203,0.3750309062746904
1320,22.0,feeder2_1704,0.23726089975136924,0.5119143931823416,0.23732672156706758,0.5121089605808267
1320,22.0,feeder2_1525,0.23771482284867412,0.5164316318051161,0.2377834206101693,0.516623005900881
1320,22.0,feeder2_1716,0.2378154355362857,0.5166477604530704,0.23788119000597976,0.5168458055671301
1320,22.0,feeder2_1537,0.2392095706638001,0.5238346424462333,0.2392752652240398,0.5240384039181436
1320,22.0,feeder2_1645,0.2386316753396054,0.5244106677918826,0.23870054140511035,0.5246060858289393
1320,22.0,feeder2_1561,0.24101658167511175,0.5319539711151842,0.24108635961986005,0.5321592372766499
1320,22.0,feeder2_1657,0.24133628703418408,0.5315591650695211,0.2414082672151809,0.5317630526679735
1320,22.0,feeder2_1570,0.2417950324372905,0.5355457506585672,0.24186151251617272,0.5357526918159352
1320,22.0,feeder2_1756,0.24494161967548891,0.5317798746322536,0.24501360187072227,0.5319908538106405
1320,22.0,feeder2_1588,0.2425142551146204,0.5391227965929768,0.24258381661218884,0.5393297072606039
1320,22.0,feeder2_1628,0.24355820895624264,0.5379846266399809,0.24362985789170288,0.5381909431836801
1320,22.0,feeder2_1598,0.2433809412708593,0.5439616251827034,0.24345358300232448,0.5441683180384684
1320,22.0,feeder2_1816,0.24358952093950542,0.5443510807923964,0.24366002071268575,0.544562354377002
1320,22.0,feeder2_1765,0.24499763070486227,0.5476714741407523,0.24506715337255014,0.5478836980169475
1320,22.0,feeder2_1641,0.24732323919800037,0.5658572061843771,0.24739118035173188,0.5660768620327623
1320,22.0,feeder2_1689,0.2504649050785953,0.5861555634121213,0.25053905574717567,0.5863764425832888
1320,22.0,feeder2_1744,0.24831300590290742,0.5647809402122171,0.24838348134227128,0.5649982630381319
1320,22.0,feeder2_1817,0.2504490909814123,0.5861146843640297,0.25051826736283705,0.586340768695175
1320,22.0,feeder2_1779,0.251215698990516,0.5878589910529617,0.25128303317911427,0.588080449523035
1320,22.0,feeder2_1800,0.24843299077259048,0.5854579918732253,0.24850307196436766,0.5856780796473795
1320,22.0,feeder2_1818,0.2683578671795081,0.6238060844022283,0.26844116264880763,0.6240453716974919
1320,22.0,feeder2_1753,0.24882432774487487,0.5641024499105769,0.24889615422180886,0.5643208602310431
1320,22.0,feeder2_1754,0.24888628961759018,0.5641851228943993,0.24895544590952007,0.5644013230942485
1350,22.5,secondary,0.0007662790169700264,0.004750470426869531,0.0007704855713964125,0.004748017943586697
1350,22.5,feeder2_44,0.001426287713491008,0.024780828733822546,0.0014348851332480516,0.024750036715072584
1350,22.5,feeder2_45,0.0013650815559110704,0.024860648298623306,0.0013749830258743703,0.02482668159809192
1350,22.5,feeder2_46,0.008126762543096853,0.03325314145270875,0.008148212529033107,0.033228372383492036
1350,22.5,feeder2_51,0.0012749080032175572,0.025007592060011078,0.001279556477206046,0.024970439918120313
1350,22.5,feeder2_48,0.0018350166429752502,0.02478656766880238,0.0018365588099671672,0.024755461043011122
1350,22.5,feeder2_52,0.004526920908589258,0.023297791352338722,0.004505675094119707,0.023287214020483647
1350,22.5,feeder2_68,0.001516248194979842,0.026660606234820167,0.0015095369777436269,0.0266130694374785
1350,22.5,feeder2_69,0.0028028177578554385,0.02883316611468819,0.002821247844897634,0.028791320371685074
1350,22.5,feeder2_71,0.0015415344410665383,0.026805401767165168,0.0015330159208352895,0.02675494573882228
1350,22.5,feeder2_72,0.004627352053946541,0.027401126206094684,0.00461200456186385,0.027331373634603043
1350,22.5,feeder2_73,0.0015838916489392487,0.027197699574308,0.0015732988802602938,0.027139180243812143
1350,22.5,feeder2_74,0.005327818959070502,0.02129901667073584,0.00530504447033339,0.021253326081509417
1350,22.5,feeder2_77,0.0018429323008393175,0.028581958714614858,0.0018293609457900352,0.028514429839502475
1350,22.5,feeder2_79,0.0017714009470609514,0.028919351655897287,0.001769129280846428,0.02885502440646935
1350,22.5,feeder2_81,0.0022481569303489653,0.030757376495680614,0.00223334587903,0.030683264238595086
1350,22.5,feeder2_82,0.0028050300992121286,0.03085310564143723,0.0027898551508308534,0.030769519831216386
1350,22.5,feeder2_116,0.0039879564260166004,0.04130607768908218,0.003967190311540792,0.041183496246159315
1350,22.5,feeder2_119,0.003344157029877206,0.03890935606118344,0.003310535069415222,0.038791505334789755
1350,22.5,feeder2_120,0.004890277533246705,0.04680570406938771,0.004869796904035671,0.04666468882340692
1350,22.5,feeder2_248,0.005625878239065142,0.045418019171003486,0.0055922527348443805,0.04528588419853381
1350,22.5,feeder2_124,0.005522079499441997,0.050887736118091026,0.0055008587216837075,0.05074230299122419
1350,22.5,feeder2_282,0.01107391022429498,0.053497763598541664,0.011052595767186658,0.05333261649786344
1350,22.5,feeder2_275,0.005291898721251229,0.050083500311124934,0.005266404150639514,0.04993725678229706
1350,22.5,feeder2_151,0.0061867673900333695,0.05686984643620523,0.006170351520267351,0.056710529725466266
1350,22.5,feeder2_295,0.006352864359589639,0.05930920883894839,0.006362984951814631,0.059160979845447416
1350,22.5,feeder2_311,0.006062980286647558,0.058252896331326416,0.00606389030463844,0.058095440780377976
1350,22.5,feeder2_201,0.006897793457229722,0.06280829802854242,0.006875867598440035,0.06261373037574672
1350,22.5,feeder2_314,0.00700944570424354,0.06289179076410123,0.006988446971273155,0.06269314666796627
1350,22.5,feeder2_342,0.007921881681604405,0.07229356006305586,0.007894367859192194,0.07204940344217148
1350,22.5,feeder2_368,0.00778928340565524,0.07178054717201185,0.007765685082519753,0.07154878761918941
1350,22.5,feeder2_347,0.008630224096831835,0.08030214345836763,0.008588021426352076,0.08001824985486218
1350,22.5,feeder2_353,0.00886860893257183,0.08409376645545469,0.00882377769328753,0.08379748213324353
1350,22.5,feeder2_518,0.011047639741830538,0.0823321301042827,0.011007082221845772,0.0820450024238886
1350,22.5,feeder2_365,0.009271094696481722,0.08914808268134375,0.009222474441396851,0.08883350489274754
1350,22.5,feeder2_653,0.008611446768223422,0.08336562303410644,0.008563663719740858,0.08306319204815511
1350,22.5,feeder2_377,0.009613017623084566,0.0918154970568157,0.009561885048346689,0.09149643195626637
1350,22.5,feeder2_622,0.007011108252358563,0.0904530670043807,0.006963835873104724,0.09013843376015555
1350,22.5,feeder2_451,0.009528940451710207,0.07307396264171351,0.009505001472505277,0.07284307152637404
1350,22.5,feeder2_383,0.00771366919508849,0.07115417614678915,0.007704793128047996,0.07094812539236203
1350,22.5,feeder2_385,0.010150919819439075,0.09529921795768426,0.010096572654164734,0.09497061562213827
1350,22.5,feeder2_621,0.007063605659954739,0.09186641426115981,0.007027378594949037,0.09154645852765532
1350,22.5,feeder2_611,0.0070417250875714895,0.06968571391590063,0.007020816909747574,0.06948588849509943
1350,22.5,feeder2_405,0.007750390390948421,0.07125681670669233,0.0077445641749912504,0.0710554069439471
1350,22.5,feeder2_461,0.012678938309760614,0.1149816131104669,0.012613096345335062,0.11462510111315725
1350,22.5,feeder2_594,0.011068947913785827,0.0938293084857377,0.011011995293338041,0.09349841384119446
1350,22.5,feeder2_732,0.007428400650649945,0.06997305930999574,0.007408612023823955,0.0697761831528557
1350,22.5,feeder2_417,0.00821160561192194,0.07251101938726458,0.008212911453039203,0.07232110213907056
1350,22.5,feeder2_663,0.008277173102103753,0.07258322014601284,0.008277040779417207,0.07240268693468994
1350,22.5,feeder2_444,0.008671926989852058,0.0736317817516703,0.008679819441175456,0.07345584708793579
1350,22.5,feeder2_759,0.012445122292246234,0.07306486523995939,0.012446951885130838,0.07287559782575571
1350,22.5,feeder2_842,0.009484756663597473,0.07488213155082149,0.009500887724807162,0.07471269845651102
1350,22.5,feeder2_459,0.00877921993866913,0.07401932098299237,0.00879034214176663,0.07384434377995798
1350,22.5,feeder2_702,0.0091279819046438,0.07437360623135304,0.00912857459102417,0.07420388459943288
1350,22.5,feeder2_493,0.009284444776269201,0.07555866881880788,0.009303334529591291,0.07539923101550204
1350,22.5,feeder2_651,0.012495364988793613,0.11491757922192003,0.01243568320128851,0.11456188325160876
1350,22.5,feeder2_684,0.015047080582056923,0.13350795801250237,0.01498046533544043,0.13314094623582198
1350,22.5,feeder2_674,0.007865830778346123,0.07417019857896569,0.007882892809664229,0.07401327805934528
1350,22.5,feeder2_696,0.013131713636160527,0.08780144446364245,0.013155977233785749,0.08768703995165858
1350,22.5,feeder2_681,0.006489118448941746,0.07288568176910244,0.006496013220005925,0.07273866137133099
1350,22.5,feeder2_682,0.004124184989142571,0.07039474371732576,0.004139810424665649,0.07024109277369282
1350,22.5,feeder2_728,0.015460553070425638,0.13497290978542112,0.015394062836771206,0.1346072732888794
1350,22.5,feeder2_724,0.01715069261547298,0.1501265873801786,0.017084234637002604,0.14974051455565696
1350,22.5,feeder2_703,0.013606211589675498,0.08837878734093514,0.013631986992014176,0.08826343142948882
1350,22.5,feeder2_704,0.017691344117569705,0.0929213724539703,0.01772800668888558,0.09281266328086803
1350,22.5,feeder2_754,0.017362713062251272,0.15041684889184634,0.017291081466150555,0.15003011553410195
1350,22.5,feeder2_747,0.01797746762090138,0.15686939313205414,0.017906607551773705,0.15647494156758782
1350,22.5,feeder2_828,0.01611119075384775,0.13374139948384367,0.016045760056916564,0.1333756874591081
1350,22.5,feeder2_763,0.016148006155729533,0.1388083132369958,0.016084680751206275,0.13844211866795655
1350,22.5,feeder2_836,0.013978291245759578,0.1546816318845119,0.013906930672815662,0.15428856628021737
1350,22.5,feeder2_758,0.01896039530078141,0.1639049022027014,0.01889083461121822,0.16351022781127045
1350,22.5,feeder2_788,0.02094652536732096,0.16745499852927084,0.020877816123487627,0.1670616667850477
1350,22.5,feeder2_812,0.021186926935162036,0.18140708075464756,0.021110261058608366,0.18100132568906163
1350,22.5,feeder2_947,0.02039347208801472,0.14446979227476817,0.02032361829535844,0.1441016360578757
1350,22.5,feeder2_868,0.018107763097690178,0.14149025198270523,0.018042705786555754,0.1411247321465026
1350,22.5,feeder2_785,0.01580065482458052,0.13801382442641222,0.01573388183373602,0.137649206891765
1350,22.5,feeder2_1176,0.010883755364670603,0.13880274117986227,0.010820575057265332,0.13843542947196746
1350,22.5,feeder2_846,0.01690423536358458,0.1362373281372389,0.016840630078331663,0.1358743469024934
1350,22.5,feeder2_911,0.01582673821601308,0.13811822180638936,0.015762057807873566,0.13774987795553661
1350,22.5,feeder2_1107,0.025021471083415858,0.1982288162124517,0.02494491802291168,0.19783502615619022
1350,22.5,feeder2_920,0.020785765801551708,0.18192042881402762,0.020707924849672796,0.18150445001936755
1350,22.5,feeder2_926,0.020222059999706297,0.18292079395900357,0.02014431343219711,0.18249438249723196
1350,22.5,feeder2_1239,0.020750029295385348,0.18167240039249347,0.02067381819395232,0.181255242946348
1350,22.5,feeder2_933,0.01996770891737429,0.18334402606413566,0.019889513914046184,0.18291423129102408
1350,22.5,feeder2_1146,0.020253074451129838,0.18306469349907512,0.020178668437538825,0.18264097489229725
1350,22.5,feeder2_1124,0.018945579104800436,0.18263864955920056,0.01886459648762703,0.18220633669293612
1350,22.5,feeder2_942,0.019463565138552113,0.185165430539505,0.019380616252900773,0.1847234328732239
1350,22.5,feeder2_952,0.018383605030453082,0.18627015772617989,0.018306368918038104,0.18580967765475406
1350,22.5,feeder2_965,0.019508777295001816,0.1853802293948706,0.019429324950699767,0.1849398413630541
1350,22.5,feeder2_961,0.01821447056974568,0.18611619938887208,0.018134569713169926,0.18565300196732226
1350,22.5,feeder2_963,0.018395135757542022,0.1863302399709593,0.01831261935020085,0.18586926480558258
1350,22.5,feeder2_973,0.017446499631799624,0.18607744375451027,0.017362745608614574,0.18560116033853774
1350,22.5,feeder2_1128,0.018015000863033048,0.18488387187085892,0.017928392772295822,0.18442309219025257
1350,22.5,feeder2_1113,0.01844631287273736,0.186393611963631,0.01836647561652151,0.18593270008603052
1350,22.5,feeder2_1143,0.019162495220526057,0.1903339981983648,0.019079436699153705,0.18987527066111973
1350,22.5,feeder2_1238,0.02320971132890454,0.19039422779547607,0.023128058867624292,0.18995225095607499
1350,22.5,feeder2_979,0.01948471052348636,0.18525319340554697,0.019404822970999273,0.18481143594590588
1350,22.5,feeder2_1236,0.016382774957799325,0.18647061347649277,0.016293030987055514,0.18598006072546414
1350,22.5,feeder2_989,0.01744609142445657,0.1860750244436231,0.01735936296552717,0.1855983545273275
1350,22.5,feeder2_1196,0.019820165320442965,0.1846105829652675,0.019743234899918388,0.18417194572445542
1350,22.5,feeder2_1158,0.01705588218176788,0.18580661841929916,0.01697009666647457,0.18533303124287007
1350,22.5,feeder2_1122,0.02661421457928255,0.20538241591663525,0.026541375930004687,0.20499156156250758
1350,22.5,feeder2_1258,0.024507785800608903,0.19787171163148884,0.02443439998127471,0.19747718180233853
1350,22.5,feeder2_1303,0.026701150305936294,0.20550190548325667,0.02662667760412119,0.20510942534884544
1350,22.5,feeder2_1138,0.02787154230290292,0.21108466156186476,0.027792424304516623,0.21069989227911415
1350,22.5,feeder2_1304,0.028600295104819023,0.21047188530815947,0.028527832077269787,0.2100875720546952
1350,22.5,feeder2_1212,0.030578019888446974,0.2237600944652183,0.030503893431272685,0.22338201529873508
1350,22.5,feeder2_1311,0.032392252067444595,0.2270628443189297,0.032312786414707056,0.22668347889192247
1350,22.5,feeder2_1290,0.03343809429278941,0.2370875884864282,0.033369377418594165,0.2367160651171824
1350,22.5,feeder2_1325,0.01539128256705153,0.18698017604705283,0.015305667757280995,0.18646627547270805
1350,22.5,feeder2_1248,0.016374530056172287,0.18647279385085888,0.016285559988042694,0.18598306284669508
1350,22.5,feeder2_1249,0.023862004487794557,0.19122693145239925,0.02378295496608828,0.19078456608234842
1350,22.5,feeder2_1250,0.024398735068290475,0.19190702922188646,0.0243217673993887,0.19146423389465111
1350,22.5,feeder2_1366,0.014392144094119961,0.18713803629243597,0.01430709500320034,0.18664457434316642
1350,22.5,feeder2_1266,0.024446244072976853,0.1978226940331087,0.024369501551617604,0.19742738473889787
1350,22.5,feeder2_1372,0.039712715540488656,0.24685939832864687,0.039640030678612194,0.24648503315320494
1350,22.5,feeder2_1363,0.03389273734250791,0.23860435665141191,0.033820600407148245,0.2382513825213741
1350,22.5,feeder2_1446,0.015579751089775848,0.18757679030240434,0.015490314564460216,0.1870646932857183
1350,22.5,feeder2_1502,0.014203302795126639,0.18700806005612888,0.014116217935855106,0.18646937259092444
1350,22.5,feeder2_1428,0.03415429402169622,0.2384967472677772,0.03408132230197564,0.23814298109826018
1350,22.5,feeder2_1380,0.03463911360957226,0.2416994203623961,0.03456676598630282,0.24136101252713846
1350,22.5,feeder2_1550,0.03599242810888552,0.24450832114551618,0.03592014984779942,0.24416776408659113
1350,22.5,feeder2_1386,0.034814256450190484,0.24230768304461997,0.0347423688975014,0.24197870709861882
1350,22.5,feeder2_1551,0.03489086330207582,0.24231835816461775,0.034819823313726676,0.24199316422133677
1350,22.5,feeder2_1400,0.034917942689858456,0.24270475918965134,0.03485119215093761,0.24238371474438317
1350,22.5,feeder2_1552,0.03525792102492945,0.24273855511873313,0.035193716205791585,0.2424165456836071
1350,22.5,feeder2_1408,0.03516911766980274,0.24369507466875848,0.03510508016869572,0.24338369579453129
1350,22.5,feeder2_1553,0.04795245143632383,0.24336024795133185,0.0478955509516037,0.2430713321906259
1350,22.5,feeder2_1416,0.035163212303339526,0.24415173310738475,0.03509979008553653,0.2438401111564937
1350,22.5,feeder2_1530,0.03435372262791607,0.24947559581253043,0.034284278576777856,0.2491630850125325
1350,22.5,feeder2_1425,0.0349800774598944,0.24220714355533568,0.03491105865018659,0.24189794544005827
1350,22.5,feeder2_1589,0.03695666263070656,0.2405715211605081,0.036887333094067554,0.24026307929750734
1350,22.5,feeder2_1435,0.03490772665180004,0.24196142357024764,0.03484228533090729,0.24165179452961977
1350,22.5,feeder2_1621,0.031558108981137555,0.2392673219814498,0.03149078650524528,0.23895465995350715
1350,22.5,feeder2_1564,0.03495430706399192,0.2423901965793604,0.03489311031429404,0.242081953323785
1350,22.5,feeder2_1704,0.011419509395189117,0.1868409090939535,0.01133268089728794,0.1863008639228008
1350,22.5,feeder2_1525,0.014078141451743124,0.18723997209282212,0.013989247694004699,0.18669704524197314
1350,22.5,feeder2_1716,0.01139762230388465,0.18880430242923701,0.011304301595443912,0.18825905983758895
1350,22.5,feeder2_1537,0.01403482534664278,0.1873044519768808,0.01394585950601483,0.1867536632586922
1350,22.5,feeder2_1645,0.01400023567106056,0.1872635982385239,0.013912190197857102,0.18671429791634675
1350,22.5,feeder2_1561,0.013997891431834851,0.1873993165421325,0.013904560812630279,0.18684150168335298
1350,22.5,feeder2_1657,0.014603760562347131,0.18828059804879793,0.014512502741286461,0.18772214550638938
1350,22.5,feeder2_1570,0.013929302784075611,0.187210581885401,0.013841018932481887,0.18665084115094682
1350,22.5,feeder2_1756,0.019481329577407742,0.193447427706635,0.01939290145753657,0.19288738222674334
1350,22.5,feeder2_1588,0.013780642667736811,0.1866311877461101,0.013686617659394683,0.1860686072364032
1350,22.5,feeder2_1628,0.014409639715136306,0.18734675416303181,0.014319654917958669,0.18678519533825558
1350,22.5,feeder2_1598,0.013550022304703384,0.1856938947195681,0.013461580167463223,0.1851271912844984
1350,22.5,feeder2_1816,0.013286757744083742,0.18550700522723024,0.013195737939770616,0.18493914353415533
1350,22.5,feeder2_1765,0.010598669610599794,0.18433010777062808,0.010516458397781269,0.1837631888280603
1350,22.5,feeder2_1641,0.012588107533871316,0.18198447125504819,0.012493264786516745,0.18139710256290456
1350,22.5,feeder2_1689,0.011735230228557658,0.17867614213094155,0.01164216066009048,0.1780764529316679
1350,22.5,feeder2_1744,0.012686381321048459,0.18209304626664177,0.012590100444430385,0.1815104774556938
1350,22.5,feeder2_1817,0.011824402941589705,0.17728651876247423,0.011726310861440537,0.1766846622271472
1350,22.5,feeder2_1779,0.01031375281833846,0.17804525058517667,0.010219940598366032,0.17744568359527912
1350,22.5,feeder2_1800,0.011807701516993816,0.17640816460102327,0.011705506534553722,0.17580918969909815
1350,22.5,feeder2_1818,0.006670691194282274,0.17821468599259194,0.006554179936665452,0.17758622428694604
1350,22.5,feeder2_1753,0.01285082961924469,0.1822726616968674,0.012758050632789533,0.18168846428968138
1350,22.5,feeder2_1754,0.012718609625661605,0.18212904172968267,0.012624247894884102,0.1815460362281057
1380,23.0,secondary,0.02400847386012948,0.032122067131181764,0.023990990459769837,0.03211221984161773
1380,23.0,feeder2_44,0.04469976346793299,0.16761124650754305,0.04466854970524078,0.16755981617968674
1380,23.0,feeder2_45,0.04549167536526354,0.1729119340521217,0.045463254941556876,0.17286003643683215
1380,23.0,feeder2_46,0.04395004671821345,0.1671314126136374,0.04392717177449211,0.16708096367871564
1380,23.0,feeder2_51,0.04685437016678032,0.18202722452246511,0.04682307007372537,0.18197231363376765
1380,23.0,feeder2_48,0.04567064437419571,0.17355860522579394,0.04564659017315783,0.1735052670040215
1380,23.0,feeder2_52,0.07005586516042472,0.17115619309106955,0.0700352899243477,0.17112954822290743
1380,23.0,feeder2_68,0.05031644112433378,0.21147570174793942,0.05028140268870489,0.21140402531584446
1380,23.0,feeder2_69,0.0501405064110724,0.2113579105531125,0.05010966688769517,0.2112862101234217
1380,23.0,feeder2_71,0.05079464148688534,0.21539326571217635,0.050758321567812056,0.2153180601514006
1380,23.0,feeder2_72,0.05089653488953631,0.21564493059695322,0.05086772316270572,0.2155701324698241
1380,23.0,feeder2_73,0.05230965872731367,0.2276349186233426,0.05226999187053945,0.22755784735536458
1380,23.0,feeder2_74,0.056786885441293324,0.2243025339389696,0.0567565329408741,0.2242293634123893
1380,23.0,feeder2_77,0.05361717113302368,0.2385732358518777,0.053578027228171045,0.23848851823176875
1380,23.0,feeder2_79,0.052306598373789266,0.2392075714924257,0.05227184234203813,0.2391175470415049
1380,23.0,feeder2_81,0.05593142381925525,0.25577621356634395,0.05589067300030154,0.25568277105925674
1380,23.0,feeder2_82,0.056184364246669574,0.25638676511648206,0.056146800142984364,0.2562925703267877
1380,23.0,feeder2_116,0.06704401963752639,0.3326549482760579,0.06699294037414502,0.3325171373923099
1380,23.0,feeder2_119,0.06954953167927336,0.3297895841664598,0.06950410902700793,0.3296509629800298
1380,23.0,feeder2_120,0.07130954572314131,0.3627040419588616,0.07125752115936446,0.3625470965432218
1380,23.0,feeder2_248,0.07148608761186319,0.36244932090345594,0.07142989083012115,0.3622945212141843
1380,23.0,feeder2_124,0.07400929918252021,0.38130634771926986,0.07395710278695923,0.3811400040953422
1380,23.0,feeder2_282,0.07411213642051467,0.38146261307142615,0.07406035065325076,0.38129941721306676
1380,23.0,feeder2_275,0.07865591075295295,0.37610877575390844,0.07860122358731486,0.37594477450762054
1380,23.0,feeder2_151,0.07843260201560653,0.41696487789690895,0.07837218783385957,0.41678268910564736
1380,23.0,feeder2_295,0.07833629951574772,0.41690960317044184,0.0782772646439715,0.41672436195922663
1380,23.0,feeder2_311,0.07598525432925271,0.41566396461403593,0.07592358721443124,0.415479416674882
1380,23.0,feeder2_201,0.08661834827527524,0.4783766651559156,0.08655253148598883,0.4781623559269868
1380,23.0,feeder2_314,0.0870228701576842,0.47894620722490966,0.08695707715858644,0.4787329979573465
1380,23.0,feeder2_342,0.09848601725520112,0.5644919306275935,0.09841317377760647,0.5642366340613296
1380,23.0,feeder2_368,0.09808886537363401,0.5663530322888157,0.0980136386343496,0.5660937913632397
1380,23.0,feeder2_347,0.10452114187444966,0.6036164523061582,0.1044446752063333,0.6033557285505717
1380,23.0,feeder2_353,0.10727628055607051,0.6218350074653258,0.10719684631238385,0.6215673628936398
1380,23.0,feeder2_518,0.10574801301715694,0.6060457929584065,0.1056719255813183,0.6057860133297749
1380,23.0,feeder2_365,0.11040692325376963,0.6424795737350301,0.11032140492893419,0.6422056812113669
1380,23.0,feeder2_653,0.1075213234632805,0.620929011626257,0.10744373851927873,0.6206607831900383
1380,23.0,feeder2_377,0.11229672677493083,0.6534551972233589,0.1122122065848478,0.653177833264645
1380,23.0,feeder2_622,0.1074351261996221,0.643771824632612,0.10735281101412349,0.6434938838906246
1380,23.0,feeder2_451,0.09876416444277697,0.5671069091849444,0.09869243144055878,0.5668514817379066
1380,23.0,feeder2_383,0.09733781430512295,0.5689974121938098,0.09726128082837118,0.5687290094952973
1380,23.0,feeder2_385,0.11447781092031235,0.666135661641713,0.11439447171538335,0.6658572406543707
1380,23.0,feeder2_621,0.11220072655703248,0.6533960951344827,0.1121190180252148,0.6531185311021948
1380,23.0,feeder2_611,0.09735855531520178,0.5688683245359849,0.09728222207264725,0.5686046323198775
1380,23.0,feeder2_405,0.09729412474820567,0.5691779279200486,0.0972180148700746,0.5689127374519596
1380,23.0,feeder2_461,0.12338019519726717,0.7180131903792866,0.12329061622615403,0.7177177597059229
1380,23.0,feeder2_594,0.1145224418327851,0.6659665498382983,0.11443440622238019,0.665685781165422
1380,23.0,feeder2_732,0.09732915684589524,0.5689744523699043,0.09725134490314875,0.5687105592602152
1380,23.0,feeder2_417,0.09697998476068617,0.5706132411327978,0.09690775534474795,0.5703430665549841
1380,23.0,feeder2_663,0.0958175351832836,0.5711880274103023,0.09573841762479503,0.5709188357424874
1380,23.0,feeder2_444,0.09686508988977077,0.5716007909580261,0.0967895243408164,0.5713287605281874
1380,23.0,feeder2_759,0.11532281428591651,0.5944217051994061,0.11524582403877005,0.5941517526343186
1380,23.0,feeder2_842,0.09118750323118727,0.569323995117035,0.09111092178658314,0.5690485247636367
1380,23.0,feeder2_459,0.09652417263159334,0.570662557006535,0.09644710494209313,0.570390596976272
1380,23.0,feeder2_702,0.09720270505933472,0.5714840264303,0.09712774855180419,0.5712100797818169
1380,23.0,feeder2_493,0.09514678558274312,0.5668016557042549,0.09507143277611016,0.5665225626901559
1380,23.0,feeder2_651,0.12319154584568359,0.7179055781244523,0.12310645769433401,0.7176086767708564
1380,23.0,feeder2_684,0.13065275319886158,0.7605022166178658,0.13055909966391108,0.7601936563041126
1380,23.0,feeder2_674,0.09542742591317865,0.5659324366616428,0.09535144533604017,0.5656570495636459
1380,23.0,feeder2_696,0.09136134220035529,0.5594695264130203,0.0912860414531023,0.5591825961415213
1380,23.0,feeder2_681,0.09594057400835111,0.5652699976374872,0.09586503541107588,0.564994025719447
1380,23.0,feeder2_682,0.09592645390152192,0.5633519585891372,0.09585223128795163,0.5630802980984242
1380,23.0,feeder2_728,0.13081806781070968,0.7614920976211071,0.1307224992289439,0.761185194187033
1380,23.0,feeder2_724,0.1376788763258503,0.8018289396793405,0.13758225002467905,0.801512068940647
1380,23.0,feeder2_703,0.08888393935196089,0.5584467954746989,0.08880613669091375,0.5581574100012519
1380,23.0,feeder2_704,0.0859858724597014,0.5577193772485268,0.08590704454332973,0.5574260606841045
1380,23.0,feeder2_754,0.13790157826416713,0.8021209666504849,0.13780605117153158,0.8018037649138596
1380,23.0,feeder2_747,0.14051503785202943,0.8185804779293908,0.14042078137708242,0.8182574999357612
1380,23.0,feeder2_828,0.13082199335914743,0.7614684140605171,0.13072647936175563,0.761161619362867
1380,23.0,feeder2_763,0.13106992131438072,0.7629835853901465,0.13097491224633578,0.7626765637924041
1380,23.0,feeder2_836,0.1350288398742063,0.8168043684014301,0.13492720041591133,0.8164793524870895
1380,23.0,feeder2_758,0.14337224573427998,0.8340563933387626,0.14327407825647495,0.8337310984549635
1380,23.0,feeder2_788,0.14365542416752508,0.8344335018781879,0.14355648021925016,0.8341055644082317
1380,23.0,feeder2_812,0.15206866092389476,0.8814226449853552,0.15196325651173131,0.8810891925786442
1380,23.0,feeder2_947,0.13399029718419847,0.7685582247192909,0.1338954680088943,0.768251876104962
1380,23.0,feeder2_868,0.13123685080135425,0.76320123402002,0.1311415508179919,0.7628961178989465
1380,23.0,feeder2_785,0.13092325758743267,0.7625180923813136,0.13082621911768388,0.7622110461333512
1380,23.0,feeder2_1176,0.12772235192496817,0.760598976162744,0.12763331623243068,0.7602891615671117
1380,23.0,feeder2_846,0.13095262090598822,0.7623903054465413,0.13086164473260212,0.7620803552517993
1380,23.0,feeder2_911,0.13095114671006297,0.7626223033168981,0.13085680925224744,0.7623139090907697
1380,23.0,feeder2_1107,0.1510668321258079,0.8777901254515235,0.1509632487205034,0.8774645401530707
1380,23.0,feeder2_920,0.15478819395379978,0.8957839504057963,0.15468073187170908,0.8954463095116809
1380,23.0,feeder2_926,0.1588980080080431,0.917390890822497,0.15879373915124337,0.9170438347748651
1380,23.0,feeder2_1239,0.15472319373454732,0.8955398389860079,0.15461810327571415,0.8952011700312518
1380,23.0,feeder2_933,0.16068516205861122,0.9267381980984001,0.16057584434872055,0.9263860296720392
1380,23.0,feeder2_1146,0.15905455543418878,0.9184211620374386,0.1589502220916381,0.9180722145413582
1380,23.0,feeder2_1124,0.1603462275186149,0.9263939018665811,0.16023926968497074,0.9260457367206906
1380,23.0,feeder2_942,0.16524182299750967,0.9507473834860632,0.16512833535071603,0.9503887245330694
1380,23.0,feeder2_952,0.16436713504145595,0.95134608185383,0.1642528663572165,0.9509757535426514
1380,23.0,feeder2_965,0.16622794082201395,0.9552668320200205,0.1661195209622004,0.9549085446015957
1380,23.0,feeder2_961,0.16420963810956452,0.9510872661570429,0.16409506737504628,0.9507156709101768
1380,23.0,feeder2_963,0.16438066536837342,0.9514155315766295,0.16426966505502077,0.951043557130643
1380,23.0,feeder2_973,0.16352498610222646,0.9504247710305064,0.1634107539215941,0.9500460460775622
1380,23.0,feeder2_1128,0.16394717799625225,0.9498575489185953,0.16383331700823625,0.9494852595291089
1380,23.0,feeder2_1113,0.16441503783784128,0.9518227520807488,0.1642987027269945,0.9514508247170452
1380,23.0,feeder2_1143,0.16512160355385638,0.9549375942483488,0.165008008653878,0.9545648148634375
1380,23.0,feeder2_1238,0.2278384410501497,1.0317349410037349,0.2277178265817176,1.0313723261277228
1380,23.0,feeder2_979,0.16623198657713473,0.9549992066840776,0.16612447557464521,0.9546415271820464
1380,23.0,feeder2_1236,0.16251650900770953,0.9495383888320821,0.16240054461381237,0.9491444905456177
1380,23.0,feeder2_989,0.1635248739320717,0.9504238511548937,0.16340882203197687,0.9500450971730378
1380,23.0,feeder2_1196,0.16703169072169824,0.953811090733785,0.16692186761391595,0.9534491844562459
1380,23.0,feeder2_1158,0.16340314380265633,0.9503196441273832,0.16328823769689468,0.9499385960424332
1380,23.0,feeder2_1122,0.15103335440349058,0.8762462922764798,0.15093044993175808,0.8759282152334033
1380,23.0,feeder2_1258,0.1493403642871536,0.8782690774801609,0.14923832137377024,0.8779452727045993
1380,23.0,feeder2_1303,0.15102639145407082,0.8773878679656584,0.15092323281221331,0.8770699352473311
1380,23.0,feeder2_1138,0.15095185246873732,0.8746440669362898,0.15085139349731203,0.8743323907548175
1380,23.0,feeder2_1304,0.15230836499456185,0.8728048737522155,0.15220653836988324,0.8724916951405352
1380,23.0,feeder2_1212,0.1507541863783765,0.8727750184623588,0.15065306397258788,0.8724722268052274
1380,23.0,feeder2_1311,0.15077059711245194,0.8739041780890048,0.1506700945895439,0.8736015497083987
1380,23.0,feeder2_1290,0.1503972349146743,0.8696705281579027,0.1502963393241278,0.86937393415067
1380,23.0,feeder2_1325,0.1612792380247711,0.9489129859609656,0.16116083725865357,0.9485058102540939
1380,23.0,feeder2_1248,0.1625120721089797,0.9495360443789642,0.1623966870019865,0.9491425963775619
1380,23.0,feeder2_1249,0.24691302864379036,1.0540309455415002,0.24679281466076092,1.0536659998833613
1380,23.0,feeder2_1250,0.22789237098851692,1.0317962631306994,0.22777265974513078,1.0314333421371709
1380,23.0,feeder2_1366,0.1614931594379119,0.9490356429370301,0.1613789565765354,0.9486436016373551
1380,23.0,feeder2_1266,0.14861060604689158,0.8785367361713151,0.14850648667671892,0.8782093649640461
1380,23.0,feeder2_1372,0.15165320189146952,0.8721952172987115,0.1515469647538139,0.87190202610037
1380,23.0,feeder2_1363,0.14939008806843182,0.862964284404484,0.14928720166476103,0.8626800242953854
1380,23.0,feeder2_1446,0.16141017961328197,0.9490826033061046,0.1612874819525187,0.9486770747548261
1380,23.0,feeder2_1502,0.15984611036032267,0.9479928963242221,0.15972178164841996,0.9475696987308226
1380,23.0,feeder2_1428,0.1506856555239279,0.8614689009986914,0.15058596200059224,0.86118326884807
1380,23.0,feeder2_1380,0.148001082928415,0.8574151750220275,0.14790206484122087,0.8571395480288643
1380,23.0,feeder2_1550,0.14779195099355255,0.8588449765809398,0.14769504341545703,0.8585704874574379
1380,23.0,feeder2_1386,0.14725763962031685,0.8540351905440937,0.1471587129473812,0.853767908152527
1380,23.0,feeder2_1551,0.14741951124691888,0.8537880410651861,0.1473256684001471,0.8535167603322307
1380,23.0,feeder2_1400,0.14692098354957708,0.8524935383218177,0.14682034197476262,0.8522265821705437
1380,23.0,feeder2_1552,0.14693793447786366,0.8524537417318307,0.14684095546028064,0.8521875098513938
1380,23.0,feeder2_1408,0.14624434569721018,0.8493533370439044,0.14614223214529423,0.8490923735343464
1380,23.0,feeder2_1553,0.1516247219450009,0.8434315124834363,0.15153429488131356,0.8431786688101205
1380,23.0,feeder2_1416,0.14611114204438552,0.848781775143408,0.14601503027891244,0.8485183695996983
1380,23.0,feeder2_1530,0.14629056799043283,0.849032799429403,0.14619546359943503,0.8487704718169031
1380,23.0,feeder2_1425,0.14583007995559152,0.8475644871523392,0.14573155608200117,0.8473000196789682
1380,23.0,feeder2_1589,0.14589383346284346,0.847477532233509,0.1457982930640368,0.8472127681868465
1380,23.0,feeder2_1435,0.14577486837562523,0.8473258506695449,0.14567966566366947,0.8470606314619912
1380,23.0,feeder2_1621,0.14265646226434917,0.845044100090662,0.14255976772512335,0.8447808674467955
1380,23.0,feeder2_1564,0.14565688080330044,0.847345676438787,0.14555653810323563,0.8470856559220592
1380,23.0,feeder2_1704,0.15957956613649874,0.9478254186396665,0.15945296524466354,0.9474014374450547
1380,23.0,feeder2_1525,0.15949163053179483,0.9478272836336586,0.15937074329092574,0.9473983302774827
1380,23.0,feeder2_1716,0.15931021741376733,0.9476971531009838,0.15918398445604065,0.9472705072978886
1380,23.0,feeder2_1537,0.15909882327125627,0.9476645047652771,0.15897083551473012,0.9472329013713235
1380,23.0,feeder2_1645,0.1590813443471804,0.9476455047211186,0.15895317272444964,0.9472113994662077
1380,23.0,feeder2_1561,0.15866211940239897,0.9474857074745973,0.15853189102987536,0.9470466418219723
1380,23.0,feeder2_1657,0.1587790602121274,0.9476351413278751,0.15864827939649243,0.9471982003131149
1380,23.0,feeder2_1570,0.15846626262264693,0.9473728507558361,0.1583335269454878,0.9469344309023204
1380,23.0,feeder2_1756,0.1587057191804333,0.9494199727156596,0.15857741877236478,0.9489813434881228
1380,23.0,feeder2_1588,0.15826093350324882,0.9471255653059221,0.15813199611071216,0.9466853975267536
1380,23.0,feeder2_1628,0.15889779218656935,0.9479271200040308,0.15876734540966872,0.9474857785408523
1380,23.0,feeder2_1598,0.15795369898654782,0.9465866899554229,0.15782507138043597,0.9461410921093056
1380,23.0,feeder2_1816,0.15764606165904654,0.9463303953536908,0.1575184071911716,0.9458850826221348
1380,23.0,feeder2_1765,0.15405241869871397,0.9440099496976568,0.15392465305707684,0.9435600738445811
1380,23.0,feeder2_1641,0.1566985505877169,0.9453802821839407,0.1565662392441359,0.9449203006944585
1380,23.0,feeder2_1689,0.15548007599013458,0.9434046508517948,0.15534596669569647,0.9429350062322092
1380,23.0,feeder2_1744,0.1567752224641739,0.9459316780099829,0.15664278203014237,0.9454741617690622
1380,23.0,feeder2_1817,0.15547137313544052,0.9433774036182557,0.1553353878508771,0.9429048821655789
1380,23.0,feeder2_1779,0.1544448498023816,0.9438587865355069,0.15431419072812397,0.9433860573031403
1380,23.0,feeder2_1800,0.1557380013426765,0.9420273026355003,0.1555999739959773,0.941560618244913
1380,23.0,feeder2_1818,0.1482786616143733,0.9360739309057499,0.1481265799178262,0.9355738489171854
1380,23.0,feeder2_1753,0.15690380818486374,0.9475196831552655,0.15677247647502596,0.9470621535024395
1380,23.0,feeder2_1754,0.15680490517633627,0.9459682216085046,0.15666820899991618,0.945509969554448
1410,23.5,secondary,0.019540920920972964,0.02194448744278917,0.019531216051922082,0.021927038942609296
1410,23.5,feeder2_44,0.03636484285959068,0.11445140521381329,0.036354007017035575,0.11437267604283423
1410,23.5,feeder2_45,0.03698251658734864,0.11800605557344791,0.03697440948180765,0.11792576317531127
1410,23.5,feeder2_46,0.037036404738252385,0.11472570645918785,0.03702585635733323,0.11464718398307833
1410,23.5,feeder2_51,0.038069535052521,0.12428262725087687,0.03805999228080662,0.12419693885546103
1410,23.5,feeder2_48,0.03697678195296912,0.1173684398603721,0.03696446488315911,0.11728563310221508
1410,23.5,feeder2_52,0.033942305839804864,0.12777681795115486,0.033930716841102715,0.127685504304821
1410,23.5,feeder2_68,0.041319977898130265,0.14093047197593048,0.04130796083881914,0.14083148717362085
1410,23.5,feeder2_69,0.04148163191770801,0.14101234223549328,0.0414733027292402,0.14091513377568243
1410,23.5,feeder2_71,0.0417491406162268,0.14313735401248567,0.04173660967778265,0.14303821211790382
1410,23.5,feeder2_72,0.041724486224647556,0.1428862473533873,0.04171164391506409,0.14278690284053136
1410,23.5,feeder2_73,0.04309696088934822,0.15008222411174776,0.043081057264294606,0.14997957745395302
1410,23.5,feeder2_74,0.037519903274092235,0.15475078417409513,0.037499981955067596,0.1546417797240027
1410,23.5,feeder2_77,0.0443564281354538,0.15545821536677265,0.04434297826533665,0.15535124318146667
1410,23.5,feeder2_79,0.04469744969376502,0.15562248113968613,0.04468229044440208,0.15551638092475784
1410,23.5,feeder2_81,0.04631415411497901,0.16393249594465864,0.04629934955880133,0.16382615826816743
1410,23.5,feeder2_82,0.0462952832905413,0.16332713388592593,0.046278944386418934,0.16321940615833683
1410,23.5,feeder2_116,0.055163625202305826,0.20317188975618777,0.05515404784506647,0.2030487147077954
1410,23.5,feeder2_119,0.053024943045711724,0.2046379936421261,0.053009639818720325,0.20451131853362506
1410,23.5,feeder2_120,0.0585708757952407,0.2172718984222315,0.058556515992490406,0.2171421439241841
1410,23.5,feeder2_248,0.05816809550464479,0.21752061971557807,0.0581538335694823,0.2173921817363824
1410,23.5,feeder2_124,0.06068467982697817,0.2259263571164297,0.060674991646550436,0.22579623938764776
1410,23.5,feeder2_282,0.060666481541201564,0.22577251535916668,0.06065276383599579,0.22564407851129223
1410,23.5,feeder2_275,0.059480503860733544,0.22718818950056363,0.05946705933004245,0.22705824738826103
1410,23.5,feeder2_151,0.06454499611991417,0.24039464526331134,0.06453248005109354,0.24026270035540603
1410,23.5,feeder2_295,0.06463765906257853,0.240457223575632,0.06462668644203103,0.24032616345400548
1410,23.5,feeder2_311,0.06662420484489281,0.24177782269576964,0.06661250113116814,0.24164956569640966
1410,23.5,feeder2_201,0.07034331736110365,0.2627117003053128,0.0703338758422272,0.262573072514488
1410,23.5,feeder2_314,0.07199338209542935,0.2603935892378356,0.07198544601883379,0.2602527158267683
1410,23.5,feeder2_342,0.07844704817795391,0.2998364533680666,0.07843581697845808,0.2996916872117741
1410,23.5,feeder2_368,0.08221854237611494,0.30794458433626315,0.08220599846654848,0.30781455967470095
1410,23.5,feeder2_347,0.07710054597665635,0.3035602942408727,0.07708948960405429,0.30338284936272264
1410,23.5,feeder2_353,0.07661513055806465,0.30712927673558804,0.07660654911262385,0.30693092585159854
1410,23.5,feeder2_518,0.07696113795917764,0.30069253829243275,0.07695509916940077,0.3005129668708938
1410,23.5,feeder2_365,0.07615299550456045,0.31094684887689256,0.07614127272018421,0.3107326574128059
1410,23.5,feeder2_653,0.07540258952976744,0.3078337383476695,0.07538615965743563,0.30763343225048756
1410,23.5,feeder2_377,0.07580721408273196,0.31310337836804336,0.07579661942914015,0.3128789022625757
1410,23.5,feeder2_622,0.0771040065819899,0.3107009080391796,0.07708934673740772,0.3104884670481619
1410,23.5,feeder2_451,0.0833553188324776,0.30570979530717185,0.08334810915018524,0.30557924627266503
1410,23.5,feeder2_383,0.0882382694517976,0.32361972786598364,0.08822217838856902,0.32351719911865606
1410,23.5,feeder2_385,0.07540284581602583,0.31563108795654227,0.07538807221783128,0.31539272800863266
1410,23.5,feeder2_621,0.0759068971517416,0.3131665776248671,0.07588943157674778,0.31293981192946047
1410,23.5,feeder2_611,0.08806057672729144,0.3236875486430005,0.08805168177122041,0.3235815696303138
1410,23.5,feeder2_405,0.08861684825022242,0.3246238593450939,0.08860685426174297,0.32452261933630244
1410,23.5,feeder2_461,0.07382514617650965,0.3263392462950343,0.07381204527415176,0.32604566118018335
1410,23.5,feeder2_594,0.0751473855530943,0.31579558398426905,0.07512941822825592,0.31555549211316647
1410,23.5,feeder2_732,0.08833934236172307,0.32473143727135323,0.08832201474673759,0.32462903721379577
1410,23.5,feeder2_417,0.09148218387340908,0.3322689161812532,0.09146840029404457,0.33217862663471864
1410,23.5,feeder2_663,0.09163236658214102,0.33240107608993547,0.09162341149148052,0.3323089476897968
1410,23.5,feeder2_444,0.09364789102161601,0.3381474454438275,0.09363808798126354,0.3380640459856674
1410,23.5,feeder2_759,0.09326300113290481,0.33431695463087235,0.0932479255828066,0.33423893206258604
1410,23.5,feeder2_842,0.11990395592141295,0.359193614715179,0.11988302265039066,0.3591418334352565
1410,23.5,feeder2_459,0.09396262480758157,0.3391639086471088,0.09394933294531636,0.33908226173905975
1410,23.5,feeder2_702,0.0937601258162008,0.3375030147948686,0.09374775067970677,0.3374220930264459
1410,23.5,feeder2_493,0.09524212065544746,0.343670244766969,0.09522423840179174,0.3435920408516088
1410,23.5,feeder2_651,0.07401345605489937,0.32643629418675635,0.07399422146472288,0.3261429792923405
1410,23.5,feeder2_684,0.0725122144778222,0.33567802384873874,0.07249640410341017,0.3353391180301257
1410,23.5,feeder2_674,0.09442871340879365,0.34394388819130545,0.09441509170661594,0.34386388123123574
1410,23.5,feeder2_696,0.09967368944550098,0.35609103036336415,0.0996567022797957,0.35603077392118376
1410,23.5,feeder2_681,0.09436488469188957,0.3439552276499895,0.0943474691974205,0.34387523510378776
1410,23.5,feeder2_682,0.09120114255139118,0.3450889799386813,0.09118033433886565,0.34500250316186665
1410,23.5,feeder2_728,0.07259420137569543,0.3339953062495053,0.0725807769296863,0.333655931977214
1410,23.5,feeder2_724,0.07128035539814269,0.3497475901822305,0.07125637031630927,0.34936414202376787
1410,23.5,feeder2_703,0.1036292969534898,0.3593660093805222,0.10360891224426914,0.35930726537408425
1410,23.5,feeder2_704,0.10391987934553751,0.35960252426409167,0.10390425709726701,0.35954393430642717
1410,23.5,feeder2_754,0.07122888031085996,0.34946070288405406,0.0712109556623153,0.34907761181171987
1410,23.5,feeder2_747,0.0708196638714453,0.35580591766990505,0.07079498592981914,0.3554053487111962
1410,23.5,feeder2_828,0.07255477029535563,0.334024788193034,0.07254116034015325,0.3336852032070285
1410,23.5,feeder2_763,0.07273506549218389,0.33147253505563395,0.07271551800999844,0.3311342757190904
1410,23.5,feeder2_836,0.07533177278259089,0.35753732127375376,0.07530855270940766,0.35714415186185516
1410,23.5,feeder2_758,0.0699735580328504,0.3601772098990042,0.06994495227252655,0.35975653191486767
1410,23.5,feeder2_788,0.0699037291618444,0.35980868988497516,0.06987558048980538,0.35938548424872624
1410,23.5,feeder2_812,0.06751647814094214,0.3748603440593855,0.06748609567847473,0.3743796121497031
1410,23.5,feeder2_947,0.0723007728473786,0.32509945522901335,0.07229876833954313,0.3247604471380534
1410,23.5,feeder2_868,0.07270690766667527,0.3312579440658561,0.07269439892520636,0.3309174967833788
1410,23.5,feeder2_785,0.07300061788386153,0.3314705451206602,0.07298422955519053,0.33112898021559645
1410,23.5,feeder2_1176,0.07610639207130376,0.3330963381475421,0.07608748820981999,0.3327627575903476
1410,23.5,feeder2_846,0.07279672135762834,0.33162619385236347,0.07278481044217354,0.3312853679603015
1410,23.5,feeder2_911,0.07321539071382974,0.3304563482235237,0.07319675511319026,0.3301131626405458
1410,23.5,feeder2_1107,0.06562318473831077,0.39089941014600227,0.06558527842723758,0.39039643561338416
1410,23.5,feeder2_920,0.06739213496380965,0.3747880443286538,0.06735697394681352,0.37429980704179405
1410,23.5,feeder2_926,0.06723716145009433,0.374326442625692,0.06720895440376928,0.37382590147115247
1410,23.5,feeder2_1239,0.06735720297591122,0.3752126212620435,0.06732029460638433,0.37472265067670035
1410,23.5,feeder2_933,0.06717412764279618,0.37415516823069384,0.06714008631587949,0.37364654811380243
1410,23.5,feeder2_1146,0.0672123958480966,0.3741774206206794,0.067180718200137,0.37367465249191034
1410,23.5,feeder2_1124,0.06809323693629117,0.37376036182091527,0.0680609200273453,0.3732556054145205
1410,23.5,feeder2_942,0.06675003680758246,0.3739860933676832,0.06671788626399627,0.3734581365797239
1410,23.5,feeder2_952,0.0664679191330345,0.37582949490669026,0.0664337437309183,0.3752845898895567
1410,23.5,feeder2_965,0.06670571747561045,0.37371729349839733,0.06667021567218329,0.37319131392112076
1410,23.5,feeder2_961,0.06647856049587739,0.3762969546131078,0.06644735604634201,0.375744867587729
1410,23.5,feeder2_963,0.06645910919111536,0.3757720450071962,0.06642787771425823,0.3752244835732914
1410,23.5,feeder2_973,0.06664299431658686,0.3776027949713641,0.06661766445802683,0.3770439347150665
1410,23.5,feeder2_1128,0.06629634592744155,0.3783486473831696,0.06626526837274806,0.37779228319069014
1410,23.5,feeder2_1113,0.06643644265202044,0.3757088507808889,0.06640092674874623,0.3751629495953692
1410,23.5,feeder2_1143,0.06587859829963301,0.37195741548184896,0.06584651220559225,0.37140774763278
1410,23.5,feeder2_1238,0.06722179371630742,0.3684189183388843,0.06720055147415253,0.3678862014775793
1410,23.5,feeder2_979,0.06669695710787121,0.3738244192440124,0.06667055912285812,0.37329919339570433
1410,23.5,feeder2_1236,0.06686508134193417,0.3794849252503379,0.06683369586266247,0.3789078520852062
1410,23.5,feeder2_989,0.0666432290309578,0.37760341804641456,0.06661766445802683,0.3770439347150665
1410,23.5,feeder2_1196,0.06619865418600156,0.37432571892658034,0.06616917129596434,0.3738013606907556
1410,23.5,feeder2_1158,0.06678806908258714,0.3776695302923937,0.06675451076679356,0.37711100896803246
1410,23.5,feeder2_1122,0.06480778964697782,0.3974816214463077,0.06476937092937887,0.39696676341481946
1410,23.5,feeder2_1258,0.06611658922224804,0.3906249395798092,0.0660802023409553,0.39012360871375645
1410,23.5,feeder2_1303,0.06475454332551911,0.3973583765678816,0.06471772849338533,0.39684566519508324
1410,23.5,feeder2_1138,0.06419181304155558,0.40278528303971506,0.06414777580744888,0.40226472200425806
1410,23.5,feeder2_1304,0.06301347722383556,0.4042007733774475,0.06296557725484782,0.4036791148218105
1410,23.5,feeder2_1212,0.06298691565532258,0.4131337743059961,0.06294589994911196,0.4126014802919537
1410,23.5,feeder2_1311,0.06462415969484267,0.412159900268369,0.06458742626089889,0.41162211551564754
1410,23.5,feeder2_1290,0.06158630789138865,0.42716654731493064,0.06153392082259996,0.4266193474174755
1410,23.5,feeder2_1325,0.06687334666669115,0.3817902766613519,0.06684342678334713,0.3811908573268684
1410,23.5,feeder2_1248,0.06687082006217557,0.37948562173982536,0.06683927032999465,0.3789089603546954
1410,23.5,feeder2_1249,0.06747158642835711,0.36690299428954637,0.06745798646083427,0.36636886069772356
1410,23.5,feeder2_1250,0.06721046754683196,0.36836021271889074,0.06718928450562504,0.367829928316955
1410,23.5,feeder2_1366,0.06820862855809492,0.3796037642098524,0.06818030060677965,0.3790315130812817
1410,23.5,feeder2_1266,0.06618133610648312,0.39065181133657295,0.06613688491848442,0.3901489348275501
1410,23.5,feeder2_1372,0.06070329288820731,0.42537070900019425,0.06065582940007987,0.4248260089023623
1410,23.5,feeder2_1363,0.06073765094652739,0.4449965598039425,0.06067691364869621,0.44444083697278597
1410,23.5,feeder2_1446,0.06683781352447546,0.3816274926232596,0.06680732490155511,0.38102863827316535
1410,23.5,feeder2_1502,0.06691988897592661,0.38459863341441336,0.06689371285894492,0.3839762428524606
1410,23.5,feeder2_1428,0.060460021996005336,0.44541083371600865,0.06040258938455877,0.44485332549239154
1410,23.5,feeder2_1380,0.059977732308638274,0.4662304926291241,0.05990806293209174,0.46566063990518597
1410,23.5,feeder2_1550,0.06039701842008448,0.46594133812245486,0.0603283686885549,0.465368902135645
1410,23.5,feeder2_1386,0.05973065150077043,0.47685233964907997,0.059655871685989945,0.47627779759336364
1410,23.5,feeder2_1551,0.05635784813970273,0.48073318728893943,0.056283653574636765,0.4801611418508025
1410,23.5,feeder2_1400,0.05974811274289492,0.48101522546243214,0.05967241328647361,0.4804381597402502
1410,23.5,feeder2_1552,0.059686781048894216,0.4811693628210471,0.059617239116899874,0.48059425882845613
1410,23.5,feeder2_1408,0.05981796422272839,0.4895819794717931,0.05973927722854152,0.4889990411340759
1410,23.5,feeder2_1553,0.0526378240012713,0.5062776276768195,0.05253158500722126,0.5056859911062513
1410,23.5,feeder2_1416,0.059882941486819066,0.49055274163624046,0.059802605795216214,0.4899735346518455
1410,23.5,feeder2_1530,0.05973795536431276,0.4903173348717687,0.05966256740121776,0.4897396745375018
1410,23.5,feeder2_1425,0.0600324811813372,0.4925338229638857,0.05995523485621757,0.4919558189537125
1410,23.5,feeder2_1589,0.05993007625701177,0.49273842652205624,0.059849088689524425,0.49215891523042365
1410,23.5,feeder2_1435,0.06006211025961437,0.4929150043401017,0.059984511883921426,0.49233493021502844
1410,23.5,feeder2_1621,0.06353009477606861,0.4936068109767448,0.06345257808685566,0.49303363546431267
1410,23.5,feeder2_1564,0.05974801153610318,0.4963117881271019,0.059665881965631974,0.4957312691718976
1410,23.5,feeder2_1704,0.06719593766523657,0.3846811197973132,0.06716503603263868,0.38405815490248313
1410,23.5,feeder2_1525,0.06690982071820935,0.3852812520565472,0.06688529320766756,0.3846539799519541
1410,23.5,feeder2_1716,0.06764006322147705,0.3840738749607713,0.06760701474726534,0.3834463167525491
1410,23.5,feeder2_1537,0.06684676169610966,0.38620721934873253,0.06682144957353887,0.38557123643026375
1410,23.5,feeder2_1645,0.06585431499699901,0.3872602269807309,0.06582837178232867,0.3866213669991995
1410,23.5,feeder2_1561,0.06688985936135539,0.3866690839414578,0.06685925514299783,0.3860204602188508
1410,23.5,feeder2_1657,0.0668597619060813,0.3865251629532355,0.06682956220566122,0.3858760307087108
1410,23.5,feeder2_1570,0.06691394869964584,0.38690445419718633,0.06688689439562139,0.38625144358631364
1410,23.5,feeder2_1756,0.0708536421661184,0.3847057889162682,0.07083574940718751,0.38404392652684005
1410,23.5,feeder2_1588,0.06692028367370709,0.38729964531659783,0.06689571825162902,0.3866457749163996
1410,23.5,feeder2_1628,0.06676228416293975,0.3865550912006004,0.0667382189789242,0.38590115245845313
1410,23.5,feeder2_1598,0.06695980732635694,0.38801778888741373,0.06693255261756298,0.3873577450727564
1410,23.5,feeder2_1816,0.06732182025131792,0.3881756937422195,0.06730240512604914,0.38751633842681693
1410,23.5,feeder2_1765,0.07070968305227102,0.38929847042268867,0.07067989231275498,0.38864697243523105
1410,23.5,feeder2_1641,0.06675060053223503,0.3907524850010959,0.06672631127764674,0.3900683552811551
1410,23.5,feeder2_1689,0.06652925661046702,0.3938099124788705,0.06650495316987598,0.3931086105680619
1410,23.5,feeder2_1744,0.06729337158472332,0.3903691655731566,0.06727103132768436,0.38968396131160293
1410,23.5,feeder2_1817,0.06652466967398431,0.3938617927563183,0.06649334068507107,0.3931607665359361
1410,23.5,feeder2_1779,0.06673813001209937,0.39337758530271927,0.06671250463777101,0.3926787045779298
1410,23.5,feeder2_1800,0.0619291897159916,0.39855478692133334,0.06190003476109552,0.39784990961866173
1410,23.5,feeder2_1818,0.06908297420786493,0.39260424853569287,0.06908121160505042,0.39186872480986307
1410,23.5,feeder2_1753,0.06723843154843774,0.3901920875251791,0.0672126150793246,0.389507597061279
1410,23.5,feeder2_1754,0.06768377424926793,0.3901438363015856,0.06766006880846741,0.3894561018933245
1440,24.0,secondary,0.020633870247227612,0.01917774283057557,0.02060686450469491,0.019145967627982763
1440,24.0,feeder2_44,0.03839934954749927,0.10002295086228624,0.038346671896931986,0.09985840417936237
1440,24.0,feeder2_45,0.039005284135863724,0.10341523910293515,0.0389481784167189,0.10324021546225315
1440,24.0,feeder2_46,0.040473861891872784,0.0967181526512213,0.04042148766555698,0.0965489622914718
1440,24.0,feeder2_51,0.040076340003054926,0.10938753172836466,0.04002181272814232,0.10920953493445522
1440,24.0,feeder2_48,0.03880607770271778,0.10294156159529554,0.03875057614387675,0.10276993646334942
1440,24.0,feeder2_52,0.034208332668408496,0.11709431716384885,0.034155177332790373,0.11691543801883675
1440,24.0,feeder2_68,0.043364094525509655,0.12335858239134152,0.04330344519521759,0.12315490647882399
1440,24.0,feeder2_69,0.04353997177191275,0.12333121064758223,0.04348349762474915,0.12313001403524303
1440,24.0,feeder2_71,0.04379787245531316,0.12521018733277126,0.04373531485229518,0.12500062747902138
1440,24.0,feeder2_72,0.04370143485329525,0.12501200471388538,0.043639309781155905,0.12480151272523182
1440,24.0,feeder2_73,0.04516081029592467,0.13103133899655744,0.045099739490456654,0.13081427802202966
1440,24.0,feeder2_74,0.04066283805476914,0.13921337335410697,0.04059464462149612,0.1389946750314827
1440,24.0,feeder2_77,0.046363732024799494,0.1348143205597819,0.046295423285603106,0.13458301628061853
1440,24.0,feeder2_79,0.048256949553011554,0.13137468488985884,0.04819328782246182,0.1311462935693344
1440,24.0,feeder2_81,0.0479955191422428,0.14202192812306516,0.04792272869339814,0.14177842767019247
1440,24.0,feeder2_82,0.04780659920896195,0.1415654055246966,0.0477421980324732,0.14132752235976018
1440,24.0,feeder2_116,0.055432330464268945,0.17491962535480873,0.055355173776170136,0.17461496145717234
1440,24.0,feeder2_119,0.052203748985843575,0.1800736068322889,0.05212172544546246,0.17976774284015257
1440,24.0,feeder2_120,0.05830848184203626,0.1844340976876846,0.058228822655749336,0.18410559745257926
1440,24.0,feeder2_248,0.05799289300594885,0.18490791573523058,0.05790633160519484,0.18457459974594337
1440,24.0,feeder2_124,0.06009297900458232,0.19012003407058747,0.06000587663325464,0.1897716216660878
1440,24.0,feeder2_282,0.06003785697178465,0.18999137281003828,0.05995611837726579,0.18964718273308911
1440,24.0,feeder2_275,0.058854299229902825,0.19130555328836332,0.05877101954733341,0.19096080936731213
1440,24.0,feeder2_151,0.0633802939548695,0.19932286884796188,0.06328914515793393,0.198945664143003
1440,24.0,feeder2_295,0.06347966904697278,0.19931745332622255,0.06338974454162247,0.19894272042283392
1440,24.0,feeder2_311,0.06567374047802363,0.19909804080648438,0.06559014640284427,0.19872198597105012
1440,24.0,feeder2_201,0.06827122737810633,0.21468389912135238,0.06817403024085346,0.21426861272205228
1440,24.0,feeder2_314,0.06839400802740209,0.21354417664552847,0.06830076577332173,0.2131327640303264
1440,24.0,feeder2_342,0.0756483166595189,0.2391920564128553,0.07554492432903656,0.2387160149876921
1440,24.0,feeder2_368,0.0788250338058223,0.23984381169019792,0.07871971430404819,0.2393511315989348
1440,24.0,feeder2_347,0.07495424768916835,0.2512538541190771,0.07484365718243619,0.25077463330458527
1440,24.0,feeder2_353,0.07481604798892784,0.25890647471011385,0.07470274664346503,0.2584271183883872
1440,24.0,feeder2_518,0.07431094760280739,0.24928309925668657,0.07420508896108537,0.24880699942139675
1440,24.0,feeder2_365,0.07470347379887535,0.26699996951931915,0.07459075466887406,0.2665215330053127
1440,24.0,feeder2_653,0.07384632096099172,0.26031995501790905,0.07373213627716327,0.25984034083023744
1440,24.0,feeder2_377,0.07460796052503811,0.27154107515778864,0.07449202312273645,0.2710627283036035
1440,24.0,feeder2_622,0.07537353747580668,0.2668775086506843,0.07525703167176737,0.26640038683820977
1440,24.0,feeder2_451,0.07875395339560633,0.23961459912992902,0.07864495497588804,0.23911856302200135
1440,24.0,feeder2_383,0.0840017053495368,0.24234390800407582,0.08389407070462773,0.24183151073975845
1440,24.0,feeder2_385,0.07449190068918503,0.2768869921313068,0.07437258292297678,0.2764072645380698
1440,24.0,feeder2_621,0.07471285744119743,0.27151936640776464,0.07459118406189381,0.2710354882028957
1440,24.0,feeder2_611,0.08384904187026683,0.24253621819863763,0.08374220600314138,0.24202139960515479
1440,24.0,feeder2_405,0.08432685087243495,0.242541548972331,0.0842220770275454,0.2420268506429292
1440,24.0,feeder2_461,0.07405850312486238,0.2991241684753473,0.07392995724455236,0.2986512050350074
1440,24.0,feeder2_594,0.0742772688681004,0.27721169255622385,0.074151337047681,0.2767298592123339
1440,24.0,feeder2_732,0.07862567222471101,0.2482358835815635,0.07852004072682456,0.24771597107205562
1440,24.0,feeder2_417,0.08712918501866088,0.24293815669601299,0.08702442244713099,0.24241684116895132
1440,24.0,feeder2_663,0.0877064103775422,0.24193838103797688,0.08759649673110376,0.2414126445357151
1440,24.0,feeder2_444,0.0891780398162195,0.24372068370108085,0.0890724630675352,0.24319234736954304
1440,24.0,feeder2_759,0.08971540300353771,0.2395692138210997,0.08960960068229563,0.23904315876705357
1440,24.0,feeder2_842,0.11420555689896635,0.24756287254754897,0.11409627891615884,0.2470138725042992
1440,24.0,feeder2_459,0.0894865781654412,0.24404151600291332,0.08938618600116659,0.24351369473848264
1440,24.0,feeder2_702,0.08994558896139501,0.241393846101909,0.0898382867465734,0.24086726922097887
1440,24.0,feeder2_493,0.09074562980798809,0.24643607346727148,0.09064026821548764,0.24590252394183645
1440,24.0,feeder2_651,0.07425848718941501,0.29905093360713547,0.07412732565888765,0.298571928422446
1440,24.0,feeder2_684,0.07367318194872757,0.31837933943937946,0.07353348369951067,0.31790646750059137
1440,24.0,feeder2_674,0.08993101613463889,0.24739872542270305,0.08982663046797233,0.24686813907925312
1440,24.0,feeder2_696,0.09502510409858908,0.25001061682230336,0.09492137705869833,0.2494657994510918
1440,24.0,feeder2_681,0.08987793905915199,0.24746443711976296,0.08977125505927401,0.24693243849977817
1440,24.0,feeder2_682,0.08672311627272333,0.2513029439653517,0.08661178677417529,0.25077306838696006
1440,24.0,feeder2_728,0.073689248815756,0.3169167558911821,0.07355461936604665,0.3164460217164126
1440,24.0,feeder2_724,0.07335896564397426,0.34228315124842196,0.07321816760274995,0.3418207949446032
1440,24.0,feeder2_703,0.09833282565796214,0.2506818298168884,0.09822313600553517,0.25013351097329556
1440,24.0,feeder2_704,0.09952049415990914,0.25092144022356117,0.09940906125078533,0.2503721616453823
1440,24.0,feeder2_754,0.07326018654089346,0.34211701999593647,0.07311616644037894,0.34165218168383626
1440,24.0,feeder2_747,0.0732646043062616,0.3523338680910209,0.07311683968530995,0.3518674941541743
1440,24.0,feeder2_828,0.07365701513624877,0.31697107814545195,0.07352271190101418,0.3165009044500082
1440,24.0,feeder2_763,0.07372180245452811,0.3146776344045722,0.07359032608044778,0.31420904660863985
1440,24.0,feeder2_836,0.07348185945306895,0.35223385815955977,0.07333590936271364,0.35176911808849526
1440,24.0,feeder2_758,0.07316779361253879,0.36109346995364394,0.07302290177646252,0.3606334492789639
1440,24.0,feeder2_788,0.07458577553518474,0.36196462130965534,0.07444530462945984,0.3615115627464588
1440,24.0,feeder2_812,0.0729666610526106,0.3875731234800015,0.0728080269076117,0.3871084533714977
1440,24.0,feeder2_947,0.07214808865650947,0.31127932385923557,0.07201710152017687,0.3108220763900616
1440,24.0,feeder2_868,0.07399119014890616,0.3147354403095915,0.07385849416162935,0.31427115341426165
1440,24.0,feeder2_785,0.07393406015820755,0.31414676970068856,0.0737985586939966,0.3136770114134451
1440,24.0,feeder2_1176,0.07896373062783417,0.30921652065323835,0.07882972465412423,0.3087405255960874
1440,24.0,feeder2_846,0.07307513216317041,0.31490047180765457,0.07293497457298156,0.3144252327692613
1440,24.0,feeder2_911,0.07391527569663332,0.3140721832669377,0.0737817684215972,0.3136012223291598
1440,24.0,feeder2_1107,0.0713601604821366,0.4124956762538952,0.07120481819836387,0.41203270415794907
1440,24.0,feeder2_920,0.07340277593037911,0.3881676247189437,0.07324481883891444,0.387700390070112
1440,24.0,feeder2_926,0.07406238252832348,0.3889429416111963,0.07390106463723375,0.38847477137222947
1440,24.0,feeder2_1239,0.07339849570202507,0.38834938553696957,0.0732394473739217,0.3878835573060924
1440,24.0,feeder2_933,0.07435496993455139,0.38910531774815443,0.07419432646423191,0.3886366400579541
1440,24.0,feeder2_1146,0.07407121123436876,0.38987076988445424,0.07391056833157668,0.3894119763472355
1440,24.0,feeder2_1124,0.07450545421916,0.38902782111345363,0.07434401915999439,0.38856256269709194
1440,24.0,feeder2_942,0.07506979039476225,0.3896001231795801,0.07490712390369195,0.3891332429188872
1440,24.0,feeder2_952,0.07656518212794776,0.3881585777266286,0.07639814140512374,0.38768070696822016
1440,24.0,feeder2_965,0.07501293539195851,0.3898860966783313,0.07484795919600974,0.38941842708031055
1440,24.0,feeder2_961,0.07675286450583627,0.38801454473856134,0.07658255314801152,0.38753479400055524
1440,24.0,feeder2_963,0.07655956958093241,0.3881562136579545,0.07639179585931512,0.3876785372433989
1440,24.0,feeder2_973,0.0778099471495237,0.38506651111625806,0.07763496901109365,0.3845721539206373
1440,24.0,feeder2_1128,0.07665489716103348,0.3917944263773233,0.07648602070098504,0.39131540555335936
1440,24.0,feeder2_1113,0.07719575727862936,0.3886794365118187,0.07702853059873062,0.38820465525070297
1440,24.0,feeder2_1143,0.07615221212312163,0.3867563757711853,0.07597810943996032,0.3862794351791332
1440,24.0,feeder2_1238,0.07828866077639847,0.39186930861677255,0.07812749575817868,0.39142170725814307
1440,24.0,feeder2_979,0.07496820261935314,0.3901735992059071,0.07480102812651125,0.38970197298836007
1440,24.0,feeder2_1236,0.07917122580271901,0.38182106579235886,0.07899688143423385,0.3813146708185336
1440,24.0,feeder2_989,0.0778119166826963,0.38505610440654564,0.07763920208616483,0.38456513602764464
1440,24.0,feeder2_1196,0.07373687874127055,0.3913076742896872,0.07356704876728273,0.3908340558940342
1440,24.0,feeder2_1158,0.07848544112840199,0.3837342099613469,0.07831305692697342,0.3832448419765795
1440,24.0,feeder2_1122,0.07076003889339823,0.4222899070820049,0.07060321468679882,0.42182535610411614
1440,24.0,feeder2_1258,0.07166534083181172,0.41235087036745005,0.071507586044536,0.4118836505840614
1440,24.0,feeder2_1303,0.07068923080493669,0.4222108642060089,0.07053502064904282,0.42174738568873416
1440,24.0,feeder2_1138,0.07032602103080535,0.4300401080933098,0.07016380623741034,0.4295733960060102
1440,24.0,feeder2_1304,0.06848300805796473,0.4338472027372173,0.06832764834849557,0.43338262553101203
1440,24.0,feeder2_1212,0.06949027875858291,0.44335386473628635,0.0693367878884577,0.4428915125965231
1440,24.0,feeder2_1311,0.0700725079261477,0.4439529543089714,0.06991245031595504,0.4434877672877464
1440,24.0,feeder2_1290,0.06863434160640774,0.45943717002931195,0.06847814743908161,0.4589689527099306
1440,24.0,feeder2_1325,0.08071660136478218,0.3782412117511433,0.08053171848375322,0.3777140302256917
1440,24.0,feeder2_1248,0.07917809153277361,0.38181648642927163,0.0790027614693934,0.38131105379233315
1440,24.0,feeder2_1249,0.07847493543424339,0.39179719130582863,0.07831454007649992,0.3913495099468792
1440,24.0,feeder2_1250,0.08048254241652539,0.393518848859468,0.08032769557630384,0.39307875552879473
1440,24.0,feeder2_1366,0.08080270514321547,0.3806963315610206,0.08062510445095891,0.3801860570537541
1440,24.0,feeder2_1266,0.07172992647717341,0.41232699215317525,0.07157016770234116,0.41185815263075604
1440,24.0,feeder2_1372,0.06766744946591866,0.45847001609962107,0.06751035060483612,0.45800394348722484
1440,24.0,feeder2_1363,0.06831453400272805,0.4782246631520567,0.06815883655182094,0.47775464883301366
1440,24.0,feeder2_1446,0.08219495390255159,0.3794101164541439,0.08201049442992014,0.37888664742977596
1440,24.0,feeder2_1502,0.08243219209909577,0.373044169840083,0.08224208780513786,0.3724908861425752
1440,24.0,feeder2_1428,0.06811185111892733,0.47875970769936954,0.06796038057676514,0.47829099021723814
1440,24.0,feeder2_1380,0.06814681583007082,0.5002058339983491,0.06799392588233147,0.499731045597781
1440,24.0,feeder2_1550,0.06839535988832354,0.5006149876959938,0.06823881970714898,0.5001388644608947
1440,24.0,feeder2_1386,0.06819720038889936,0.5107881206554218,0.06804565523850421,0.5103113118477374
1440,24.0,feeder2_1551,0.06665205708742541,0.5134077212859146,0.06650200816911458,0.51292766827281
1440,24.0,feeder2_1400,0.06825871772145457,0.5152011918104138,0.06810305749410746,0.5147165721865473
1440,24.0,feeder2_1552,0.06652942387347774,0.5165467842788876,0.06637890297089874,0.5160639542321777
1440,24.0,feeder2_1408,0.06854450057007264,0.5235846821617475,0.06839272942897343,0.5230985589742787
1440,24.0,feeder2_1553,0.06439645934798,0.5422293405852903,0.06425394874703605,0.541740182713038
1440,24.0,feeder2_1416,0.06855877083233243,0.5237856659555683,0.06840215770086099,0.5232974819854253
1440,24.0,feeder2_1530,0.06838567346692838,0.5236441852199143,0.06823535983147974,0.523159632317246
1440,24.0,feeder2_1425,0.06861296604570188,0.5242573944529247,0.06845633959249772,0.523769029536761
1440,24.0,feeder2_1589,0.06681740529536834,0.5256658360133569,0.06666522799119587,0.5251787563902436
1440,24.0,feeder2_1435,0.06864774085496844,0.5242061590889011,0.06849184727057132,0.523715616945171
1440,24.0,feeder2_1621,0.0708294127772486,0.5231547233659234,0.07067810986200185,0.5226634561636616
1440,24.0,feeder2_1564,0.06866903081577656,0.5245789170870849,0.06851523738676414,0.524093078637232
1440,24.0,feeder2_1704,0.08377174459786042,0.3705414354001473,0.08358331279608226,0.36998714229764806
1440,24.0,feeder2_1525,0.08269829808464642,0.3726198546536757,0.08250688391159225,0.3720577810745409
1440,24.0,feeder2_1716,0.08499291180221401,0.367628720205013,0.0847992920021264,0.3670646922159357
1440,24.0,feeder2_1537,0.08286040758888949,0.3729037509727193,0.08266899982666132,0.37233668441984163
1440,24.0,feeder2_1645,0.08282104167317818,0.3730077372541338,0.08262434099390266,0.3724392740623538
1440,24.0,feeder2_1561,0.08304242253581044,0.3731709242000871,0.08284602751043965,0.37259232258989944
1440,24.0,feeder2_1657,0.0829881280162257,0.3730935684215815,0.08279005833452305,0.37251489865821497
1440,24.0,feeder2_1570,0.08312699079566688,0.3733084266721671,0.0829309217839211,0.3727291199942002
1440,24.0,feeder2_1756,0.08474730663515102,0.37449909858058544,0.084552606977747,0.3739255211930676
1440,24.0,feeder2_1588,0.08320663103506283,0.37338080453833006,0.08300804547552486,0.3727928907028291
1440,24.0,feeder2_1628,0.08313799696949176,0.37328122611623515,0.0829420340458899,0.37269907623012105
1440,24.0,feeder2_1598,0.08331646852804943,0.3735066746803767,0.08312291759376038,0.37291874293680777
1440,24.0,feeder2_1816,0.0836841570934501,0.3733685138351647,0.08348719693886164,0.3727757489014684
1440,24.0,feeder2_1765,0.08730228310287824,0.371494642337444,0.0870995683045409,0.3708922461118301
1440,24.0,feeder2_1641,0.08346210573411991,0.3749437297434855,0.083261266584429,0.3743344435759897
1440,24.0,feeder2_1689,0.08361711669859619,0.37628898595375326,0.08340772097383069,0.3756543470249935
1440,24.0,feeder2_1744,0.08341413849213077,0.3748787286717722,0.08320943600993706,0.374264644352274
1440,24.0,feeder2_1817,0.08361578157229452,0.37637729680236837,0.08340930565021652,0.37574489280838574
1440,24.0,feeder2_1779,0.08393585195006253,0.37558972146933495,0.08372539771997378,0.3749556875731931
1440,24.0,feeder2_1800,0.08066458500896384,0.379905607631554,0.08045676852035216,0.37927229066430485
1440,24.0,feeder2_1818,0.08722721847963927,0.3733638957018758,0.08699529215355135,0.372707857596199
1440,24.0,feeder2_1753,0.08332918869610885,0.37476582250775053,0.08312555352254566,0.37415007017825447
1440,24.0,feeder2_1754,0.08339952022279941,0.3748583596401181,0.08319162142801152,0.37424207325897746
