Time_sample,Time_h,Bus,OPF_VUF2_percent,OPF_VUF0_percent,DSS_VUF2_percent,DSS_VUF0_percent
30,0.5,secondary,0.02368851373970811,0.01332621683995374,0.023694016825084523,0.01332916601467514
30,0.5,feeder2_44,0.04406045028856649,0.06946675201709195,0.04407165539813101,0.06948669676052466
30,0.5,feeder2_45,0.044770749515591166,0.07178096752243592,0.044782406538220125,0.07179900615480543
30,0.5,feeder2_46,0.04580966832138056,0.06752317277461735,0.04581938063563001,0.06754160782431673
30,0.5,feeder2_51,0.04602255272670386,0.07589622241744676,0.0460257826242266,0.07591357761019563
30,0.5,feeder2_48,0.04460738400040212,0.07117058623312071,0.044612477733938144,0.07118859031329011
30,0.5,feeder2_52,0.042334730341062894,0.07982694943015256,0.0423420655362982,0.0798458558487598
30,0.5,feeder2_68,0.04984155124718874,0.08598616664522285,0.04985328718253467,0.08600667678643813
30,0.5,feeder2_69,0.050016075712384866,0.08603369008984868,0.05002197841614474,0.08605379595975046
30,0.5,feeder2_71,0.05034676127778226,0.08731820867948237,0.05035360744499143,0.08733539377680859
30,0.5,feeder2_72,0.05026163143456449,0.08707582228265058,0.05026688942080572,0.08709177306270982
30,0.5,feeder2_73,0.051934536584393204,0.09151538704336412,0.051941423653697194,0.09153469324484663
30,0.5,feeder2_74,0.05185354376178252,0.09161747365700994,0.05186833136757315,0.0916377086858105
30,0.5,feeder2_77,0.053298731182371155,0.095099682583622,0.05330914803277712,0.09511985533313407
30,0.5,feeder2_79,0.05367361351078959,0.0951792430794364,0.05368487484389317,0.0952005938755015
30,0.5,feeder2_81,0.05542809658376768,0.10071613735544661,0.05543525258644496,0.10073899630680559
30,0.5,feeder2_82,0.05525148412715696,0.10014343745942643,0.05525656038941822,0.10016647835105377
30,0.5,feeder2_116,0.06512792537468902,0.1265094994616368,0.06513541013217601,0.12653483953604547
30,0.5,feeder2_119,0.06294175508615196,0.1289329335239517,0.06295262817056048,0.1289597478021474
30,0.5,feeder2_120,0.06893444751478336,0.13473355359080527,0.06894502184379175,0.1347590479799382
30,0.5,feeder2_248,0.06678123679004712,0.13701321908292843,0.06678923091852695,0.13704031908899822
30,0.5,feeder2_124,0.07142621999484508,0.13887207550463654,0.0714421169870501,0.13890291740956132
30,0.5,feeder2_282,0.07136105613104136,0.13872270184966864,0.07137383827187498,0.13875207539885598
30,0.5,feeder2_275,0.0713436601817862,0.13899064480166023,0.07135647228086281,0.13901908453556608
30,0.5,feeder2_151,0.07577750365076452,0.14609941511722768,0.07578982135591229,0.14612964273392676
30,0.5,feeder2_295,0.07587781028523892,0.14612796972950565,0.07588968344744992,0.14616092035130737
30,0.5,feeder2_311,0.07606863073966631,0.1461705066118133,0.07608480913695113,0.14620306376003608
30,0.5,feeder2_201,0.08292064072021958,0.15795137344421953,0.08293377158852634,0.15798293442501024
30,0.5,feeder2_314,0.08285639684429695,0.157827956388181,0.08287402485218862,0.15786310618858337
30,0.5,feeder2_342,0.09310546327300154,0.17501923333415625,0.09312098311745083,0.17505778831175808
30,0.5,feeder2_368,0.09479833758010012,0.17761003862152924,0.09481672509597494,0.1776527837674349
30,0.5,feeder2_347,0.09591776925596107,0.17899484368273086,0.09593313457649932,0.17902733370915397
30,0.5,feeder2_353,0.09735267966144145,0.18134479881597868,0.09737348829348373,0.18137543044738275
30,0.5,feeder2_518,0.09579854955535481,0.17872601733286594,0.09581942125708501,0.17876210859866712
30,0.5,feeder2_365,0.09895316744964948,0.1839821133432934,0.09896868161066541,0.18400795211577006
30,0.5,feeder2_653,0.0971709881343679,0.18161353642607864,0.09718600446400791,0.1816430821361425
30,0.5,feeder2_377,0.09920472975707108,0.18496959099067367,0.09922032212868798,0.18499121194237625
30,0.5,feeder2_622,0.11120905313137025,0.1855887823678108,0.11122306384260684,0.18562705275726127
30,0.5,feeder2_451,0.09469060931320329,0.17735152415420707,0.09470582419945996,0.17739311978376565
30,0.5,feeder2_383,0.09758429397848108,0.18240397050315818,0.09759882550412241,0.1824526300632199
30,0.5,feeder2_385,0.09949443080834058,0.18635515826757218,0.09951045681030139,0.1863736425722779
30,0.5,feeder2_621,0.09931100933944002,0.18498386663090763,0.09932398190343684,0.1850071630693805
30,0.5,feeder2_611,0.09745764044151399,0.18255617949157105,0.09746979470894246,0.18260364167398416
30,0.5,feeder2_405,0.09775962644495227,0.1827118741766901,0.09777880120498805,0.18276071188681195
30,0.5,feeder2_461,0.10112944738645573,0.19217750024990934,0.10114927600432282,0.19217461099039257
30,0.5,feeder2_594,0.09810894268227674,0.18780486089531312,0.0981283886165071,0.18782426107367875
30,0.5,feeder2_732,0.09500888224929181,0.18560367056566332,0.09502748242605309,0.1856554775993994
30,0.5,feeder2_417,0.09924007468119146,0.18446049896065092,0.09925754007653848,0.18451205203352805
30,0.5,feeder2_663,0.09939374844061116,0.18454223407047846,0.09941348186686894,0.18459379284416053
30,0.5,feeder2_444,0.10035446966597593,0.1858282700972043,0.1003724433454457,0.18588206677158772
30,0.5,feeder2_759,0.10180218087852795,0.18450698295857876,0.10182260851208734,0.18455878423075092
30,0.5,feeder2_842,0.12211088467892064,0.19463467000003884,0.1221252916583124,0.1946971637874035
30,0.5,feeder2_459,0.10037446307539413,0.18586701075934264,0.10038825511169783,0.18592146281542254
30,0.5,feeder2_702,0.10034970287722694,0.1858080342509012,0.10036548211229508,0.18585814070659318
30,0.5,feeder2_493,0.10045484347068813,0.1860376878156695,0.10047085765604079,0.1860901683657857
30,0.5,feeder2_651,0.10133357415032221,0.19215220380832385,0.1013540987319798,0.19215214740497824
30,0.5,feeder2_684,0.10248248042170496,0.20002303744288016,0.10250752953440319,0.20000459623071212
30,0.5,feeder2_674,0.10042910199662299,0.18606705167519616,0.10044399827600749,0.18611669052240695
30,0.5,feeder2_696,0.10069982610702388,0.18642203340981395,0.10071478829107908,0.18647571384823755
30,0.5,feeder2_681,0.10038663193496893,0.1861158699309817,0.10040020743902875,0.18616819417824948
30,0.5,feeder2_682,0.10038695648845754,0.18611475065384392,0.10040200764833748,0.18616568057820881
30,0.5,feeder2_728,0.10232171562722905,0.20033682216034776,0.1023416825649664,0.20031637192172777
30,0.5,feeder2_724,0.10423950657373622,0.20980549645337673,0.10426166067697472,0.20976888815316758
30,0.5,feeder2_703,0.10137410872043928,0.18667157639245155,0.10138815620042271,0.18672399957616442
30,0.5,feeder2_704,0.10084558895759721,0.18647432071772393,0.10086261985102851,0.18652645580943428
30,0.5,feeder2_754,0.10409114716742882,0.2096144713342144,0.10410994424432532,0.2095737715978152
30,0.5,feeder2_747,0.10500412318793484,0.21452235279102017,0.10502539123133019,0.21447582313352548
30,0.5,feeder2_828,0.10229844297825073,0.2003884953527616,0.10231900655752588,0.20036797464560255
30,0.5,feeder2_763,0.10208736368652802,0.20072724272853318,0.10210803218599371,0.20070660401612564
30,0.5,feeder2_836,0.10609954782441955,0.21293863692063822,0.10611759264555619,0.21289131544570203
30,0.5,feeder2_758,0.10552064190434322,0.21952596716815773,0.10554052522887081,0.21946969864802876
30,0.5,feeder2_788,0.10586900405287641,0.21978398214622472,0.10589251475287745,0.21973164410662985
30,0.5,feeder2_812,0.10730043842370374,0.23601580818140003,0.10731856541616311,0.23594227083741232
30,0.5,feeder2_947,0.10177527671661657,0.20026042303291203,0.10179699631546164,0.20023775762464147
30,0.5,feeder2_868,0.1022233020605722,0.20066667488230935,0.10224422091271819,0.2006476006224874
30,0.5,feeder2_785,0.10199386891343032,0.20115535813153718,0.10200941529314286,0.20113090397981104
30,0.5,feeder2_1176,0.10247880929785093,0.2010474283199887,0.10249957856331096,0.20102822817854438
30,0.5,feeder2_846,0.10117585268809905,0.20197938916876923,0.10119768800675574,0.2019587862747732
30,0.5,feeder2_911,0.10197130441052808,0.2010702746626973,0.10198642261968244,0.2010460364126459
30,0.5,feeder2_1107,0.10702861232803225,0.23767721460522667,0.10704797690860841,0.2376054136508033
30,0.5,feeder2_920,0.10788849943983289,0.24046048351892851,0.10790553415991781,0.24038158159853076
30,0.5,feeder2_926,0.10876868213348433,0.24714723765983931,0.10879357814644673,0.24706549356460517
30,0.5,feeder2_1239,0.10789226440730802,0.24064200891297546,0.10790965590739116,0.24056241303988568
30,0.5,feeder2_933,0.10917670797338716,0.25010836853272533,0.10920260635826605,0.25002684650192575
30,0.5,feeder2_1146,0.10869567090223302,0.2474990106031707,0.10871477586212736,0.2474157594884629
30,0.5,feeder2_1124,0.10932709297483187,0.2500266441716112,0.1093442779762562,0.24993786583476968
30,0.5,feeder2_942,0.11019434016904474,0.25784401413894337,0.11021636287683234,0.25774996720086313
30,0.5,feeder2_952,0.11208369498116513,0.2671988788190813,0.11210352070867695,0.26709572872519344
30,0.5,feeder2_965,0.11014814159041068,0.25815572928614133,0.1101730147244227,0.258065474971821
30,0.5,feeder2_961,0.11230575502157998,0.26815773974117496,0.1123316021510528,0.2680580489711748
30,0.5,feeder2_963,0.11208040948447644,0.2672138031654182,0.11209919833416479,0.2671106343303629
30,0.5,feeder2_973,0.1134964229554126,0.2732566643430431,0.11351552591984551,0.27314758256408656
30,0.5,feeder2_1128,0.1123084278846391,0.26821998219845083,0.11232716488464678,0.26811266802933936
30,0.5,feeder2_1113,0.11219147186976004,0.2674495755357652,0.11221170850120772,0.2673451776517693
30,0.5,feeder2_1143,0.11195711401655573,0.26769084345629446,0.11198223004346688,0.2675891438373534
30,0.5,feeder2_1238,0.11248541753812785,0.2616804888270399,0.11251050886276087,0.26158395594067013
30,0.5,feeder2_979,0.1101141897802255,0.25832968482898566,0.11013701235135397,0.2582358240964899
30,0.5,feeder2_1236,0.11506624987083419,0.28215930581589005,0.11509339243853606,0.28205015443164844
30,0.5,feeder2_989,0.11349861067828973,0.2732460598650001,0.1135195112958894,0.27314063246456044
30,0.5,feeder2_1196,0.10917321169160586,0.25898408500391407,0.10919316571488062,0.2588893658024553
30,0.5,feeder2_1158,0.11445530189751385,0.27191118560579197,0.11447720798916881,0.27180744238151394
30,0.5,feeder2_1122,0.10679132761957161,0.23886791480123604,0.10680662279835366,0.23879491698929425
30,0.5,feeder2_1258,0.10766670656830817,0.23698152942309975,0.10768874303483825,0.2369121834287149
30,0.5,feeder2_1303,0.10670963066802049,0.2387875860825085,0.10672710196609038,0.23871620982144937
30,0.5,feeder2_1138,0.10661358945755746,0.2398378287216325,0.10663095239489434,0.23976470002733666
30,0.5,feeder2_1304,0.10516559836439994,0.24117871243334657,0.10518327845228617,0.2411070921733231
30,0.5,feeder2_1212,0.10639735648492066,0.24072875691913126,0.1064204388465706,0.24065827665232606
30,0.5,feeder2_1311,0.1064025873539867,0.24085398963984042,0.1064218628503163,0.24077858372631117
30,0.5,feeder2_1290,0.1063122511349952,0.24189098161565217,0.10632835075913702,0.2418170839704969
30,0.5,feeder2_1325,0.11723966423552072,0.29468522249352347,0.11725892849260339,0.2945585691232079
30,0.5,feeder2_1248,0.11506746364986203,0.28215862455887164,0.11509541332100282,0.28204875628412374
30,0.5,feeder2_1249,0.11268840311023368,0.2619777826900465,0.1127095126821509,0.26187850796908524
30,0.5,feeder2_1250,0.11381320102833113,0.2635086916471807,0.11383869834651852,0.26341219018893824
30,0.5,feeder2_1366,0.11523868648869592,0.2820603735263598,0.1152596749030146,0.28194333697313495
30,0.5,feeder2_1266,0.10772963551605733,0.23695870867322244,0.10775190260101522,0.23689117159143114
30,0.5,feeder2_1372,0.10614468745935891,0.24173168593528993,0.10616470494184943,0.2416610696688192
30,0.5,feeder2_1363,0.10630574288951589,0.2434009490769632,0.10632898536366858,0.24333529694949735
30,0.5,feeder2_1446,0.11745591221920607,0.2953687818969473,0.11747412293444212,0.29524233435466923
30,0.5,feeder2_1502,0.11990876789305366,0.3082326437867167,0.11992947821543684,0.30810003316743323
30,0.5,feeder2_1428,0.10609680450854181,0.2439343076479921,0.10611217016585894,0.2438638241124247
30,0.5,feeder2_1380,0.10628270539311875,0.24439433075055453,0.10630091398529033,0.24432218444621948
30,0.5,feeder2_1550,0.106244789568343,0.24435814259217503,0.1062671774341252,0.24429493416813167
30,0.5,feeder2_1386,0.10627899739873226,0.2449034281044957,0.10629797158608989,0.24483124004391443
30,0.5,feeder2_1551,0.10623775649203104,0.24506981265983002,0.10625922170222257,0.24500449704251004
30,0.5,feeder2_1400,0.1062752820420987,0.24510859386930678,0.10629409770783911,0.24503845312682623
30,0.5,feeder2_1552,0.10447367020282652,0.24645665748564907,0.10449357015875076,0.24638995290949414
30,0.5,feeder2_1408,0.10641189772907611,0.24477718854089597,0.10642809713960445,0.24470730488830258
30,0.5,feeder2_1553,0.1062776239185714,0.2451472314031166,0.10629918522878128,0.24508215069916012
30,0.5,feeder2_1416,0.10648062053099268,0.24452269983088376,0.1065014067610768,0.2444590680511879
30,0.5,feeder2_1530,0.10633219593252281,0.24438045416631232,0.1063509596209153,0.24431106788281934
30,0.5,feeder2_1425,0.10663741576123806,0.24412278524242192,0.10665813412276504,0.2440594078719451
30,0.5,feeder2_1589,0.10653860431507094,0.2443774817648473,0.106560004538802,0.24431105551388915
30,0.5,feeder2_1435,0.1066684228857484,0.24401814182490275,0.10668751669019161,0.24395036581880614
30,0.5,feeder2_1621,0.10780139877088075,0.24254250250126203,0.10782218030138634,0.24248000487933513
30,0.5,feeder2_1564,0.10667952249670277,0.24438986707403862,0.10670332810899144,0.244325593371859
30,0.5,feeder2_1704,0.12098776224472188,0.3068942226047024,0.12100914678282086,0.30676453041902335
30,0.5,feeder2_1525,0.12050860317055195,0.312234736024613,0.12052952779146991,0.31209959564680845
30,0.5,feeder2_1716,0.12273919692004352,0.3092312877723531,0.12276030368693493,0.3090940318139189
30,0.5,feeder2_1537,0.12109211575517245,0.3171881035488237,0.1211120329883073,0.31704884992266896
30,0.5,feeder2_1645,0.11756927073061807,0.32693925839193944,0.11759131254774428,0.32680624541617953
30,0.5,feeder2_1561,0.12160819770288397,0.31726561741664744,0.12162906701866025,0.3171222495775647
30,0.5,feeder2_1657,0.12150879467627512,0.31721830345530544,0.12152645147748792,0.3170735710259957
30,0.5,feeder2_1570,0.12183811415378468,0.31732683513715304,0.12186172403366494,0.3171855231540186
30,0.5,feeder2_1756,0.12134000722845466,0.3185428382604188,0.12136067456828917,0.3183949835970567
30,0.5,feeder2_1588,0.1220856315928944,0.31733573879367527,0.12210735224613045,0.3171904552155806
30,0.5,feeder2_1628,0.12195690871414666,0.3172779742624527,0.12197777438958204,0.31713353912902603
30,0.5,feeder2_1598,0.12240949893744628,0.3173749791784894,0.12243099697962215,0.3172257323165184
30,0.5,feeder2_1816,0.12275018710464715,0.31715569131920995,0.12277088737758961,0.31701131743306443
30,0.5,feeder2_1765,0.12289919141461056,0.31701904553926213,0.12292408061151047,0.31687603478246734
30,0.5,feeder2_1641,0.12394687227217738,0.3178798249163679,0.12397065759180839,0.3177246636345785
30,0.5,feeder2_1689,0.12528892756128254,0.3185244608127367,0.12531163918887842,0.31836150044498646
30,0.5,feeder2_1744,0.1238682732806573,0.3178403657721401,0.12389450391327528,0.31768713813606125
30,0.5,feeder2_1817,0.12529461149519858,0.31861307982467046,0.12531392289268745,0.31844685787981303
30,0.5,feeder2_1779,0.1253271711035219,0.3184953066499758,0.1253510598579048,0.3183328396712736
30,0.5,feeder2_1800,0.12370522687272184,0.3191167697145464,0.12372703824066252,0.31895354541142096
30,0.5,feeder2_1818,0.13803754026768536,0.3192102664358547,0.1380706935805347,0.3190305978824773
30,0.5,feeder2_1753,0.12373422844231827,0.31776871293511444,0.12376005809788183,0.3176148764611304
30,0.5,feeder2_1754,0.12384311222195826,0.31782869002923825,0.12386462747913235,0.3176734263352216
60,1.0,secondary,0.016739083667204172,0.0032648266976785384,0.0167352301067311,0.0032994635964923025
60,1.0,feeder2_44,0.031128186396992066,0.017015365058491213,0.031128244194387245,0.01718322312981219
60,1.0,feeder2_45,0.03160270265769612,0.017222114231630833,0.03159600307684683,0.017400779967920214
60,1.0,feeder2_46,0.033718094163464676,0.02087256630538432,0.03371171640658363,0.02103981415808096
60,1.0,feeder2_51,0.03245929003307397,0.01785151048904271,0.032452008738334225,0.018038630311014055
60,1.0,feeder2_48,0.032710211443320314,0.015427271594038037,0.03270698867371481,0.015594272831035377
60,1.0,feeder2_52,0.03236772858646305,0.017627755466009132,0.032363354257859675,0.0178133273082736
60,1.0,feeder2_68,0.03489203845032166,0.019729142515065082,0.034878936858486566,0.019949942778108947
60,1.0,feeder2_69,0.035067156946897104,0.019870979371011958,0.035058812477689286,0.020088227673281552
60,1.0,feeder2_71,0.03521499478580735,0.019973331916750266,0.035208245703498155,0.020191778249230376
60,1.0,feeder2_72,0.03507561598408173,0.0200270883579666,0.03506840076570987,0.020243858699197752
60,1.0,feeder2_73,0.036234751994979296,0.020730340599227962,0.03622603262525892,0.02096341554370276
60,1.0,feeder2_74,0.03618469844445099,0.020596078201218407,0.03617561776179884,0.02083250384481661
60,1.0,feeder2_77,0.037112225875382876,0.021404120327061484,0.03710136119944447,0.021648178472557452
60,1.0,feeder2_79,0.03875512475936559,0.02376550887787568,0.03874928360379722,0.0240042610604696
60,1.0,feeder2_81,0.038319838803420936,0.02157013245182059,0.03831379963593586,0.021827515433971448
60,1.0,feeder2_82,0.038743367733787,0.020122611735668487,0.038734365563076946,0.02038140694637674
60,1.0,feeder2_116,0.044041466032678944,0.024093865519789832,0.0440276607267865,0.02442450495053724
60,1.0,feeder2_119,0.043755283150735,0.023413258909089907,0.043739589490104425,0.02374535767234371
60,1.0,feeder2_120,0.04617709306188145,0.02558117043764153,0.04616359742527208,0.025936686226052826
60,1.0,feeder2_248,0.04602263540320385,0.025165850162499462,0.04600901065959781,0.025519046610671826
60,1.0,feeder2_124,0.04748723929439194,0.026695268722460898,0.04746982475144406,0.027069395610501583
60,1.0,feeder2_282,0.047383815448701405,0.02668515008514324,0.0473715917625173,0.02705001458001823
60,1.0,feeder2_275,0.04746196332310638,0.026519971979843664,0.047451367445892116,0.026884550923047423
60,1.0,feeder2_151,0.04978355762459299,0.028778276942368848,0.049768145322061176,0.029173198343368668
60,1.0,feeder2_295,0.0498802585130822,0.028874281770473957,0.049862475467961236,0.029269985543048712
60,1.0,feeder2_311,0.05006835127287408,0.029063086858205262,0.050056940074196116,0.029455793171037376
60,1.0,feeder2_201,0.05354607393035142,0.03182890546230363,0.05352945882718055,0.032265954508034884
60,1.0,feeder2_314,0.053451697256138665,0.03182360484520405,0.053436048370761116,0.03225640405092002
60,1.0,feeder2_342,0.05897320009545944,0.036227223026316056,0.05895375769840803,0.03671565694001193
60,1.0,feeder2_368,0.06072712469457435,0.043166360647295524,0.060708997772445934,0.04364759011053328
60,1.0,feeder2_347,0.05954195084082034,0.025771802898670884,0.05951674495610191,0.026309240832761448
60,1.0,feeder2_353,0.05989542070660742,0.020778837148136397,0.059867196738647294,0.021337248765029817
60,1.0,feeder2_518,0.059338616271898154,0.025737607885014464,0.05931698312274593,0.026269216937610095
60,1.0,feeder2_365,0.060304874434275325,0.01575180587237986,0.06027845868630945,0.016322740365387767
60,1.0,feeder2_653,0.059833163023474426,0.02049493488070299,0.05980583688465219,0.021049821543299308
60,1.0,feeder2_377,0.06053854370793526,0.013323035815529613,0.06050624401897209,0.01389575250338523
60,1.0,feeder2_622,0.060338483256286844,0.015781178772680933,0.060312594404685504,0.016351082008942815
60,1.0,feeder2_451,0.060883723491456286,0.04155262910862571,0.06087039787679043,0.04203640440914788
60,1.0,feeder2_383,0.06368476822265352,0.055814324782168544,0.06366952867062907,0.05628501088054253
60,1.0,feeder2_385,0.06081397959498259,0.011024295233949039,0.06078078351962361,0.011561147390508227
60,1.0,feeder2_621,0.06063541983352548,0.013396411182384813,0.060606150044155815,0.013968641018441502
60,1.0,feeder2_611,0.06236429855604086,0.056078161127070904,0.062351326580527354,0.05653862302821998
60,1.0,feeder2_405,0.06388612216411486,0.05660401763400548,0.06386610487707459,0.05707841265829033
60,1.0,feeder2_461,0.0619963805109896,0.013593886234306084,0.06195860613688634,0.013495938420492716
60,1.0,feeder2_594,0.060770384150518476,0.010689956315569933,0.06074005506040111,0.011222736646713534
60,1.0,feeder2_732,0.06379202889599718,0.05637501130517973,0.0637759286242258,0.05684505514187017
60,1.0,feeder2_417,0.06540555440374543,0.06261107545964631,0.06539445549474579,0.06307886508707794
60,1.0,feeder2_663,0.06739013857697669,0.0645810297499171,0.0673712038376994,0.0650571549990355
60,1.0,feeder2_444,0.06635498309024859,0.06654186225665479,0.06634135341925061,0.06700911408810904
60,1.0,feeder2_759,0.06623895303487354,0.06648937846150918,0.06622857490165057,0.06695449734745001
60,1.0,feeder2_842,0.08795724264866171,0.08937716030534198,0.08795248489973118,0.08983147629476693
60,1.0,feeder2_459,0.06637383430857031,0.06660538961750509,0.06635688343902628,0.0670776673994484
60,1.0,feeder2_702,0.06633375317284237,0.06658606663607808,0.06631636678563697,0.06705941739784327
60,1.0,feeder2_493,0.06645112162189568,0.0668523287865755,0.06643523139616704,0.06732195451487859
60,1.0,feeder2_651,0.06218185256213613,0.013449161742603362,0.062139818690343934,0.01335603448697705
60,1.0,feeder2_684,0.06305527576796771,0.023918516350627313,0.06301096342909997,0.023575183752441175
60,1.0,feeder2_674,0.06644133354115798,0.06681442453567006,0.0664339863414516,0.06727560624868031
60,1.0,feeder2_696,0.06666594728859686,0.06774775922278434,0.06665517557829947,0.0682085472755333
60,1.0,feeder2_681,0.06642703358775415,0.06674637529973379,0.06641679007234245,0.067207999515855
60,1.0,feeder2_682,0.06642268195271003,0.06676065541007671,0.06641277283432592,0.06722093780533875
60,1.0,feeder2_728,0.0627920416550351,0.025064556151405813,0.06275096487794114,0.024703270367285035
60,1.0,feeder2_724,0.06479860785268651,0.033008260976989626,0.06474442570987067,0.03257072040245246
60,1.0,feeder2_703,0.0673303328990995,0.06845276425776464,0.06732295179578583,0.06891450207623778
60,1.0,feeder2_704,0.06681009677280442,0.06790061684278496,0.06679232268171671,0.06837008686224355
60,1.0,feeder2_754,0.06448734454195347,0.03458474828213265,0.06444061939821973,0.0341507627583675
60,1.0,feeder2_747,0.06567172902787267,0.03593970946051532,0.06561490047843029,0.03548065368641423
60,1.0,feeder2_828,0.06279217413771623,0.02507328157916803,0.06274910284387632,0.024712379513945584
60,1.0,feeder2_763,0.062397617516668835,0.026761221535550536,0.06234817072765722,0.02637630789607073
60,1.0,feeder2_836,0.06719070128557864,0.03531573409998619,0.06713348899748589,0.03487999008547659
60,1.0,feeder2_758,0.06629158277356001,0.03885705331426513,0.06623232288664657,0.03836580328313506
60,1.0,feeder2_788,0.06597754501446065,0.039124919226992294,0.06591763253093377,0.038637384277283714
60,1.0,feeder2_812,0.06841697852654086,0.04782619611639733,0.06834746058778761,0.04725326736946784
60,1.0,feeder2_947,0.06188609733575846,0.02726473641071494,0.061842360658368435,0.026892789308248222
60,1.0,feeder2_868,0.062221146227126184,0.027481364675883642,0.06217550524870298,0.027098968161502392
60,1.0,feeder2_785,0.06227549868308732,0.027181861926510117,0.06222854406987019,0.026787057308800672
60,1.0,feeder2_1176,0.06270447950872614,0.02670529298816829,0.06265944814651642,0.026315436035254353
60,1.0,feeder2_846,0.06166760147087206,0.02670443014328222,0.06161789146496957,0.026292306001747024
60,1.0,feeder2_911,0.06209835571206449,0.028880721425503405,0.062051473229381204,0.028478515091661365
60,1.0,feeder2_1107,0.06854861509111874,0.04855521110013842,0.06847530868055246,0.04795718807054634
60,1.0,feeder2_920,0.06900543598573747,0.05020210606408611,0.06893702062003375,0.04961895379317322
60,1.0,feeder2_926,0.06988082736683572,0.0536797729983746,0.06980790798037853,0.05307626564074041
60,1.0,feeder2_1239,0.06902793150992413,0.05028322022092454,0.06895799857547598,0.04969806863983179
60,1.0,feeder2_933,0.07028108390246308,0.05520783987610811,0.07020560157287989,0.05459743189028698
60,1.0,feeder2_1146,0.06985110450506861,0.053741900328600455,0.06977330393179368,0.05313383906639708
60,1.0,feeder2_1124,0.07126802919529693,0.054641309804281314,0.071189569385773,0.05403778573890265
60,1.0,feeder2_942,0.07111971692271739,0.05969755864216053,0.07103845945110863,0.059056435229011335
60,1.0,feeder2_952,0.07267725749589897,0.06532327958832473,0.07258914844799005,0.06465567659280785
60,1.0,feeder2_965,0.07108398135743849,0.05983056143940409,0.07100512735858217,0.05919240743403805
60,1.0,feeder2_961,0.07286901336196801,0.06582127993614803,0.07278429050104519,0.06515535146779237
60,1.0,feeder2_963,0.07267284816509198,0.0653468599671926,0.07258968137806682,0.0646841541990965
60,1.0,feeder2_973,0.07389389013262515,0.06845210367122155,0.07380001572809947,0.06776298487430805
60,1.0,feeder2_1128,0.07287800695009354,0.06585488100284961,0.0727923269333228,0.06518786605566172
60,1.0,feeder2_1113,0.07261356613938286,0.06537632896367035,0.07252991756827602,0.0647108675845588
60,1.0,feeder2_1143,0.07240310032993896,0.06691935781966936,0.07231455407147909,0.06625299074037436
60,1.0,feeder2_1238,0.07032314880862407,0.06296648266148501,0.07025159037299515,0.06232642319182122
60,1.0,feeder2_979,0.07107603546456928,0.059749174872770094,0.07099494772915475,0.05910565857590741
60,1.0,feeder2_1236,0.07545228438455423,0.07252049988238102,0.0753576631326718,0.07181163792089952
60,1.0,feeder2_989,0.07389393031422528,0.06845090202714543,0.07380001572809947,0.06776298487430805
60,1.0,feeder2_1196,0.07045030992343944,0.05933312379715649,0.07036733205157904,0.05867949480778169
60,1.0,feeder2_1158,0.07398666126977066,0.06829928239431754,0.07389774135307445,0.06761333990424752
60,1.0,feeder2_1122,0.0685801776296764,0.04912326852850748,0.06851155813060855,0.04852100829013737
60,1.0,feeder2_1258,0.06879090659047442,0.04823786303064839,0.06872091254468239,0.04764208155809394
60,1.0,feeder2_1303,0.06846622765754203,0.04918165532860994,0.06839579168992087,0.04858253976199104
60,1.0,feeder2_1138,0.06861442126443044,0.04956316193005262,0.0685468966359266,0.04895647149395744
60,1.0,feeder2_1304,0.06866451527209463,0.049802584361090946,0.06859397988777824,0.04918884247966548
60,1.0,feeder2_1212,0.06863011747809931,0.05028027186724757,0.06855986661195085,0.049662672476185554
60,1.0,feeder2_1311,0.06826823625424892,0.05170298950019206,0.06820019487695884,0.05108319481165574
60,1.0,feeder2_1290,0.06883018975714066,0.05003522686357024,0.06875577482286646,0.049399563047937446
60,1.0,feeder2_1325,0.07763758832884185,0.07838144544304303,0.07753517544487222,0.07763758435651458
60,1.0,feeder2_1248,0.07545310854603189,0.07251917804164025,0.07535929712270047,0.07180965841848644
60,1.0,feeder2_1249,0.07014579893948207,0.06386712476504103,0.0700772012017618,0.06322879176146524
60,1.0,feeder2_1250,0.07026992690317012,0.06299978780439339,0.07019526902973956,0.062361528233678645
60,1.0,feeder2_1366,0.07557116410689553,0.07233353324402904,0.07547758539149525,0.07162205901883684
60,1.0,feeder2_1266,0.06883775293656971,0.04817029828506586,0.06876770121277494,0.04757720650872677
60,1.0,feeder2_1372,0.06856728350212803,0.05019882053729632,0.06849411067441977,0.0495692397126687
60,1.0,feeder2_1363,0.06913712684314614,0.049630460283446955,0.06906256136477126,0.0489787801388573
60,1.0,feeder2_1446,0.07748389908600478,0.0784747241591556,0.07738292239768953,0.07773528408408571
60,1.0,feeder2_1502,0.08021581739256284,0.08487373314668475,0.08010595329506963,0.08409451975234421
60,1.0,feeder2_1428,0.06919557023344731,0.04989067680516867,0.06911934569637698,0.049235114795035555
60,1.0,feeder2_1380,0.06940738626672148,0.04872892911920717,0.06933270181583466,0.048064342346282055
60,1.0,feeder2_1550,0.06934906883143611,0.04876006330431263,0.0692735093645014,0.04809311079860646
60,1.0,feeder2_1386,0.06954743990911606,0.04829577305038869,0.06947426268500735,0.047626622570450035
60,1.0,feeder2_1551,0.06959237803602754,0.04840662672977434,0.06951671518758663,0.047732479035895024
60,1.0,feeder2_1400,0.06960836259862796,0.04806646117948003,0.06953365081538981,0.047392850386137914
60,1.0,feeder2_1552,0.06967114964683209,0.04821731701843398,0.06959310987473953,0.0475401424105327
60,1.0,feeder2_1408,0.06971723046129852,0.04751442392673999,0.06964076669409099,0.04683603746393281
60,1.0,feeder2_1553,0.06977116338766894,0.04772456892523442,0.06969917641671229,0.0470464167432104
60,1.0,feeder2_1416,0.06976323809277411,0.04717769110877743,0.06968938687369962,0.046499132915624464
60,1.0,feeder2_1530,0.06953817371298185,0.04728411805908399,0.06945889040859984,0.04660111971510185
60,1.0,feeder2_1425,0.06987855420472733,0.04649830040520679,0.06980269153751571,0.04581309877300925
60,1.0,feeder2_1589,0.069909285059499,0.046640804881966244,0.06983278824634048,0.04594848228652435
60,1.0,feeder2_1435,0.06989872770860647,0.04634737556374649,0.06982130165490183,0.04565817076357859
60,1.0,feeder2_1621,0.07135321368061816,0.04520741218457382,0.071275430505253,0.0445282106592934
60,1.0,feeder2_1564,0.06980553473082754,0.04602399421898393,0.06972775943988653,0.045314787608539776
60,1.0,feeder2_1704,0.08042051224033406,0.08456982757731986,0.0803087686743409,0.08378662566538361
60,1.0,feeder2_1525,0.08088583538268052,0.08665782166047253,0.08077423671292833,0.08586997751618114
60,1.0,feeder2_1716,0.08101832032736854,0.08644315257040623,0.08090676849701622,0.08565540093409874
60,1.0,feeder2_1537,0.08164050733009891,0.08868736661269461,0.08152843276792651,0.0878898544497485
60,1.0,feeder2_1645,0.08396416412760412,0.0923191398903217,0.08383672383335336,0.09147465594715874
60,1.0,feeder2_1561,0.08185105869299845,0.0888302721796251,0.08173383641466023,0.08804649594471278
60,1.0,feeder2_1657,0.08141727656452329,0.08980778978220973,0.08130410209290954,0.0890273485298214
60,1.0,feeder2_1570,0.08198442318955117,0.08869563894941827,0.08186625918657506,0.08791687467806229
60,1.0,feeder2_1756,0.08084194967766264,0.09141908199009323,0.08073110573833212,0.09064258928516172
60,1.0,feeder2_1588,0.08213978084608238,0.08841698693074587,0.08202443926603332,0.08764492811003528
60,1.0,feeder2_1628,0.08195893891307054,0.08853412267931532,0.08184180451836678,0.0877631423625211
60,1.0,feeder2_1598,0.08234737770404676,0.08806168100070087,0.08223005417348545,0.0872955896402045
60,1.0,feeder2_1816,0.08255536120423132,0.08767865219583436,0.08243402203334277,0.08691523843719993
60,1.0,feeder2_1765,0.08268582286883029,0.08753841247824756,0.08256875222095453,0.08677668386842753
60,1.0,feeder2_1641,0.08335865744707142,0.08709900958686616,0.08323579991702444,0.08638444825582575
60,1.0,feeder2_1689,0.08447835854704921,0.08541371852020554,0.0843487084601515,0.08474411087448765
60,1.0,feeder2_1744,0.08296740366450146,0.08799172439648703,0.08284696423768341,0.08727554193219872
60,1.0,feeder2_1817,0.08449302104241016,0.08544547812333543,0.08436678727336588,0.08477993792206205
60,1.0,feeder2_1779,0.0845041691848838,0.08537431725938059,0.08437551180819673,0.08470556686459893
60,1.0,feeder2_1800,0.08449718871340726,0.08542755770961741,0.08436820317935816,0.08475801510240534
60,1.0,feeder2_1818,0.09027937772229684,0.08465436967546035,0.09012163819862005,0.08413455067264157
60,1.0,feeder2_1753,0.0827981001519563,0.08809414368056107,0.08267557226020972,0.087374577396462
60,1.0,feeder2_1754,0.08273796444736427,0.088586128236227,0.08261825169754193,0.08786879408389714
90,1.5,secondary,0.01605158448066365,0.007833255364354485,0.01604144246440652,0.007832579961051888
90,1.5,feeder2_44,0.02984857572346382,0.040823194722133756,0.02983094440027364,0.04083958315649102
90,1.5,feeder2_45,0.030359567168699562,0.04204566466987123,0.03033945650208584,0.04206118100262835
90,1.5,feeder2_46,0.02982252575576776,0.041416060254760786,0.02980490688143065,0.04143012485428914
90,1.5,feeder2_51,0.031238540770144468,0.04426210386682981,0.031217794404405447,0.0442767176405144
90,1.5,feeder2_48,0.030889056402153565,0.04142164304468259,0.030870676776955968,0.041436797243919944
90,1.5,feeder2_52,0.031089310170770615,0.0474525971984419,0.03107127406135013,0.04747367229859063
90,1.5,feeder2_68,0.03389323101203966,0.0494028236531472,0.033872443217593216,0.04942152852804629
90,1.5,feeder2_69,0.033905757273515795,0.049550920693692026,0.03388406593147789,0.04957053476601619
90,1.5,feeder2_71,0.03424576882243068,0.05007737391706246,0.03422447887307062,0.05009841065538222
90,1.5,feeder2_72,0.034438516789424785,0.04984243227474808,0.03441890773633855,0.04986404829739417
90,1.5,feeder2_73,0.03534921084923182,0.052217251610558055,0.035329050880426954,0.05223882590811601
90,1.5,feeder2_74,0.03523063562307089,0.052238924731636126,0.035208923656354724,0.052256897308900915
90,1.5,feeder2_77,0.036303340940842144,0.054054027054672896,0.036286293600690134,0.05407389363492336
90,1.5,feeder2_79,0.03631731586214234,0.054363766432691314,0.03629857952999733,0.05438411044910536
90,1.5,feeder2_81,0.0377986241091663,0.05683288971768358,0.03777685663216587,0.0568518191898382
90,1.5,feeder2_82,0.038278542875633065,0.056254235987969484,0.038256964634648685,0.05627372300528243
90,1.5,feeder2_116,0.04450888411759726,0.0699077015392467,0.044487111224234606,0.06993349161564731
90,1.5,feeder2_119,0.043809541610848074,0.07006801980801636,0.04378507853912698,0.0700973179341212
90,1.5,feeder2_120,0.047110947009849885,0.07472826244730191,0.04708431894705937,0.07475603702855485
90,1.5,feeder2_248,0.04665878848252617,0.07479583116213372,0.046634324362468824,0.07482485100718417
90,1.5,feeder2_124,0.0487580062946759,0.07769280471216285,0.04872913067328918,0.07771835788480827
90,1.5,feeder2_282,0.04886950607694158,0.07755423032278697,0.048841284697871634,0.07758212024199002
90,1.5,feeder2_275,0.04857477487294019,0.07768099957911734,0.04854639655501363,0.07770740161291437
90,1.5,feeder2_151,0.051649937851447586,0.08297048025630398,0.05162152138331663,0.08299829886279853
90,1.5,feeder2_295,0.05167033016402925,0.08305874623292868,0.05163980388163555,0.08308484666110778
90,1.5,feeder2_311,0.051698041968808325,0.0832207526505727,0.05167010754917344,0.08324886146374932
90,1.5,feeder2_201,0.05640540556371542,0.09133159405902865,0.056375944493038524,0.09136111448163446
90,1.5,feeder2_314,0.05648471493938912,0.09122813818502899,0.05645348334703531,0.09125612598962196
90,1.5,feeder2_342,0.06316440193049462,0.10344373048761545,0.06313142972540509,0.10347380117641143
90,1.5,feeder2_368,0.06394740973233227,0.11018724503861861,0.06391267939741432,0.11021175490586925
90,1.5,feeder2_347,0.06501912476807897,0.09695941766565895,0.06498407359682033,0.09699708592924534
90,1.5,feeder2_353,0.06593927198855147,0.09392972449166097,0.06589962934914288,0.0939797016443802
90,1.5,feeder2_518,0.0652274137792401,0.09670012680382774,0.06518897378908306,0.09673976315328318
90,1.5,feeder2_365,0.06700117537962774,0.09062139722825308,0.06696405549920088,0.09067451211750299
90,1.5,feeder2_653,0.06563749591630817,0.09397265036285239,0.06559897357595341,0.09401974713895714
90,1.5,feeder2_377,0.06760479610284827,0.08884561370464526,0.06756311907887091,0.08890947782348516
90,1.5,feeder2_622,0.06585381186185067,0.09053346628465724,0.06581458745222583,0.0905855360546955
90,1.5,feeder2_451,0.06413353204656673,0.10995416977148981,0.06409896947376253,0.10998226113119822
90,1.5,feeder2_383,0.06525464041281716,0.12139288365973105,0.06522198781608157,0.12141056336105621
90,1.5,feeder2_385,0.06829766445927678,0.08681206475985316,0.06825724612705338,0.08687923367214118
90,1.5,feeder2_621,0.0676262297926813,0.08893501048774922,0.06758270404357045,0.08899736138883362
90,1.5,feeder2_611,0.0646406747427359,0.12254592387914195,0.06460895203314013,0.12256145820732695
90,1.5,feeder2_405,0.06535440241476127,0.1220419555985562,0.06531890066245619,0.12206360720410517
90,1.5,feeder2_461,0.07126135367171257,0.07900143032259274,0.07121547925484317,0.07909838739405595
90,1.5,feeder2_594,0.06800112054242406,0.08687412341196919,0.06795804219791216,0.08694311569949524
90,1.5,feeder2_732,0.06414774128095826,0.12467219134170296,0.06411063238084315,0.12469469411700207
90,1.5,feeder2_417,0.06625540986274937,0.12643374366237828,0.06622487332202588,0.1264439708198288
90,1.5,feeder2_663,0.06555248819964438,0.1267125682341395,0.06551842554781667,0.126724567593492
90,1.5,feeder2_444,0.06698552402402956,0.12968449414893762,0.06695100434039371,0.12969574503694958
90,1.5,feeder2_759,0.06938047908985397,0.12733086372632565,0.06934756636419354,0.1273432152558699
90,1.5,feeder2_842,0.0758070638630683,0.15020047752105156,0.07578446631463441,0.15019760707654042
90,1.5,feeder2_459,0.06699341960889672,0.12975113673387167,0.06696266631024188,0.12976048807002805
90,1.5,feeder2_702,0.06703063244319325,0.12970228968306396,0.06699930804318124,0.1297126582617894
90,1.5,feeder2_493,0.06702103129763719,0.13002216837955033,0.06699167723104639,0.13003108723426474
90,1.5,feeder2_651,0.0712844781192807,0.07914786938692507,0.07124118051868158,0.07924514497901063
90,1.5,feeder2_684,0.0736761700900188,0.07318147648382606,0.0736272777595301,0.07330940489444486
90,1.5,feeder2_674,0.06697009087201775,0.1300140238232649,0.06694047126988559,0.13002407223651205
90,1.5,feeder2_696,0.06716429246168959,0.13086243373085152,0.06713224967459566,0.13087082262232586
90,1.5,feeder2_681,0.06688097012961838,0.12999705797867564,0.06684833172224422,0.13001063498028168
90,1.5,feeder2_682,0.06689414730087333,0.1300061064867762,0.06686279328268324,0.130018637284111
90,1.5,feeder2_728,0.07356540266473698,0.0727641535464469,0.07351682671968252,0.07289018167863347
90,1.5,feeder2_724,0.07632650538574047,0.06927466326355601,0.07627365903411151,0.06944454271180578
90,1.5,feeder2_703,0.0673592131699502,0.13149099876131753,0.067326428745483,0.13149841851470473
90,1.5,feeder2_704,0.06720447730618694,0.13099769875574666,0.06717354923324675,0.13100852333446786
90,1.5,feeder2_754,0.07655353475679139,0.06898571067721936,0.07650297571883502,0.06915418343832758
90,1.5,feeder2_747,0.0774059568960181,0.0682641449106483,0.0773527621512737,0.06845323010533294
90,1.5,feeder2_828,0.07351688792514582,0.07278149172324135,0.07346799921213681,0.07290767188031318
90,1.5,feeder2_763,0.07342441938586328,0.07214536434330958,0.07337724485870013,0.07226712958636569
90,1.5,feeder2_836,0.07742294299223954,0.06836813597519129,0.07736868574409543,0.06855720981427302
90,1.5,feeder2_758,0.07832700668087196,0.06756042367398142,0.07827248690521052,0.06776771625070022
90,1.5,feeder2_788,0.0798658834470623,0.06656899155514155,0.07981229489438,0.06677866233698808
90,1.5,feeder2_812,0.08076770152160466,0.06792235931794562,0.08071156178320557,0.06817220837157857
90,1.5,feeder2_947,0.07391671926724748,0.07151692252050453,0.07386979030528742,0.07163916514792171
90,1.5,feeder2_868,0.07359006242731608,0.07193345327535831,0.07354114436329644,0.07205567355438093
90,1.5,feeder2_785,0.0732956798425852,0.0720617861137063,0.07324820227264954,0.07218319788231427
90,1.5,feeder2_1176,0.07071912468949036,0.07147606708932167,0.0706729812777106,0.07158158108018164
90,1.5,feeder2_846,0.07305894258085983,0.07215223306961718,0.07300808550156156,0.07227430018007956
90,1.5,feeder2_911,0.07331050815129704,0.07196322176887043,0.07326186651001462,0.07208201994618513
90,1.5,feeder2_1107,0.08102164804396449,0.06894338494888803,0.08096213701689223,0.06920518672606078
90,1.5,feeder2_920,0.08138676337629537,0.06801931717502306,0.0813258844086065,0.06827346665386742
90,1.5,feeder2_926,0.0823440375721203,0.06811946477055605,0.08228536116835025,0.06838940417463267
90,1.5,feeder2_1239,0.08134892093974974,0.0681401748434164,0.08129202364125135,0.06839853530665518
90,1.5,feeder2_933,0.08263699865948787,0.06842820791183554,0.08257494835440264,0.06870001352785053
90,1.5,feeder2_1146,0.08296537145411963,0.0670040661574454,0.08290609409475963,0.06727908302842951
90,1.5,feeder2_1124,0.08264321918315314,0.06846131056987466,0.08258256834377377,0.06873419263376761
90,1.5,feeder2_942,0.08336460440954398,0.06917618140502275,0.08330264338910902,0.06945930722642235
90,1.5,feeder2_952,0.08476937439164581,0.06793924129541194,0.08470506740810216,0.06823673199416018
90,1.5,feeder2_965,0.08332209408660467,0.06948415637546822,0.08326198450010452,0.0697676360544782
90,1.5,feeder2_961,0.08486578839171073,0.06791843132882408,0.08479956685447648,0.06821292429266998
90,1.5,feeder2_963,0.08478125722208199,0.06791558976338789,0.08471784672305957,0.06821136497780125
90,1.5,feeder2_973,0.08538605771772259,0.06778464609303075,0.08531888300806348,0.06808534275191908
90,1.5,feeder2_1128,0.08485293706424951,0.06796018236762458,0.0847891212409303,0.06825644629699273
90,1.5,feeder2_1113,0.08591676664135704,0.06759229104053038,0.08585302262679924,0.06789104371220876
90,1.5,feeder2_1143,0.0848121221500623,0.06760607498304518,0.08475013402454792,0.06790457889896678
90,1.5,feeder2_1238,0.08349950965544721,0.06925215445828387,0.08343924939818026,0.06953475807482287
90,1.5,feeder2_979,0.08326505785310002,0.06990662322327948,0.08320523232090106,0.07018972724268174
90,1.5,feeder2_1236,0.0861455077432022,0.06753292758093625,0.08607984309974384,0.06784258126794727
90,1.5,feeder2_989,0.08538622224193171,0.06778513561586182,0.08532145093737611,0.0680877765978195
90,1.5,feeder2_1196,0.08299711645506454,0.07163993293225158,0.08293351274553967,0.07191750764142296
90,1.5,feeder2_1158,0.08541163177072189,0.06783370349334836,0.08534684391502692,0.06813447702623775
90,1.5,feeder2_1122,0.08115030127634887,0.06983975498163827,0.08109322967675697,0.07010642367849379
90,1.5,feeder2_1258,0.0803744911439294,0.06839619974012265,0.08031915605118474,0.06865654453562335
90,1.5,feeder2_1303,0.08261211300881104,0.06940766765922521,0.08255656049074507,0.06967964225498426
90,1.5,feeder2_1138,0.08113366747600856,0.07081067945505023,0.08107646001778307,0.0710837676851936
90,1.5,feeder2_1304,0.08064573780065515,0.07128547738459695,0.08058820252256255,0.07155837430551606
90,1.5,feeder2_1212,0.08120008300643212,0.07259475508421055,0.08114295501289238,0.07287292016989592
90,1.5,feeder2_1311,0.08276423647527,0.07220473141018954,0.08270615209775772,0.07248529815575766
90,1.5,feeder2_1290,0.08099103888272191,0.07535798695251356,0.08093494556477716,0.07564073901810742
90,1.5,feeder2_1325,0.08726667580944462,0.06794254419082744,0.0871973502754603,0.06826385923466356
90,1.5,feeder2_1248,0.0861409083790814,0.0675289057919594,0.0860750321212749,0.06783839611450172
90,1.5,feeder2_1249,0.08353150107705724,0.06920832896594967,0.08346905871615362,0.06948786355501803
90,1.5,feeder2_1250,0.08354705806032059,0.06919490892723842,0.0834874833861414,0.06947714681013872
90,1.5,feeder2_1366,0.08616131311840598,0.06757905870738026,0.08609380432730596,0.06788877763988034
90,1.5,feeder2_1266,0.07972932963509977,0.06781570214703853,0.0796709262437179,0.06807133497725024
90,1.5,feeder2_1372,0.08123816031797737,0.07508963803594977,0.08117916129747141,0.07537119896307529
90,1.5,feeder2_1363,0.08072747771283718,0.07877261847639017,0.08067005797845396,0.07905771065056812
90,1.5,feeder2_1446,0.08867409852286363,0.06748040504672334,0.0886060041943888,0.06780719648449739
90,1.5,feeder2_1502,0.0881076473180894,0.06921757190512563,0.0880369746674299,0.06955103204531483
90,1.5,feeder2_1428,0.08028798993274099,0.07922781580760757,0.08023015761643879,0.07951134909000328
90,1.5,feeder2_1380,0.08058903798133248,0.0822795135628492,0.08052943695786335,0.08256817395326815
90,1.5,feeder2_1550,0.08064331730344261,0.0822217000773749,0.08058579548258517,0.08250749583221512
90,1.5,feeder2_1386,0.0805197556572751,0.08403427440367921,0.08045873295428932,0.0843207650031808
90,1.5,feeder2_1551,0.08036989879819179,0.08416621619369612,0.08031385181760944,0.08445639172771782
90,1.5,feeder2_1400,0.08049523002385384,0.08484248034539371,0.08043569971468002,0.08513061548123461
90,1.5,feeder2_1552,0.08029519345988223,0.08501663129445101,0.08023446484781743,0.08530249496131077
90,1.5,feeder2_1408,0.08046895475690868,0.08643675061383628,0.08041095639416747,0.08672724775436948
90,1.5,feeder2_1553,0.08008957332115647,0.08820339327889576,0.08003142954964956,0.08849246723210624
90,1.5,feeder2_1416,0.0805149089674084,0.08686366889338278,0.08045518328461357,0.08715594066344416
90,1.5,feeder2_1530,0.0824504825140125,0.08657098535642911,0.08239222058895916,0.08686262578400163
90,1.5,feeder2_1425,0.08036791280082876,0.08795006471166297,0.08030854146673855,0.08824040981591974
90,1.5,feeder2_1589,0.08008812435958472,0.0898798612387206,0.08002910141146448,0.09016983127012637
90,1.5,feeder2_1435,0.08036441856706754,0.08797877497302484,0.08030305810693453,0.08826628164750785
90,1.5,feeder2_1621,0.08036723840179778,0.08798122755592827,0.08030883512281221,0.08827140212106184
90,1.5,feeder2_1564,0.08028630210354319,0.08828530330885714,0.08022661994497059,0.08857631018545242
90,1.5,feeder2_1704,0.08719139118869806,0.06844214089829288,0.0871222274327108,0.06877143584492341
90,1.5,feeder2_1525,0.08835239349914595,0.06980008560724255,0.08828027836011992,0.07013669167985544
90,1.5,feeder2_1716,0.08836332216471143,0.06984974931861807,0.08829092163611263,0.07018492360054235
90,1.5,feeder2_1537,0.08862337546539428,0.07044172879860845,0.08854822932083536,0.07078193316414004
90,1.5,feeder2_1645,0.08852431009905523,0.07050233675293366,0.08844815878938653,0.07084138134201297
90,1.5,feeder2_1561,0.08894363430599397,0.07114000362813552,0.08886838877583073,0.07148567072681712
90,1.5,feeder2_1657,0.08982496167035699,0.07080306359622489,0.0897489351760132,0.07115109413651072
90,1.5,feeder2_1570,0.08903330165429044,0.07154501884934804,0.08895800973685077,0.07189175129620849
90,1.5,feeder2_1756,0.09197581975972158,0.07057090444202418,0.09189975708885763,0.07092744365750805
90,1.5,feeder2_1588,0.08907343722713007,0.0720092902718115,0.08899876550266674,0.07235832562416743
90,1.5,feeder2_1628,0.08923571182313046,0.07182666664879893,0.08916065002117003,0.07217446988304202
90,1.5,feeder2_1598,0.08911845282250914,0.07265216134041301,0.08904253286230855,0.07299860123652174
90,1.5,feeder2_1816,0.08610427231688561,0.07007182347069296,0.08602937080868261,0.07041148981680516
90,1.5,feeder2_1765,0.08911548595522807,0.0727539753921122,0.08903982837742247,0.07310213414268416
90,1.5,feeder2_1641,0.08941647797773354,0.07647370040035757,0.08933517556003272,0.07682861787574703
90,1.5,feeder2_1689,0.08942606915403946,0.08030093982439021,0.08934368980235832,0.08066307056682698
90,1.5,feeder2_1744,0.09010160357456287,0.07619323461993699,0.09002298994586744,0.07655431005028918
90,1.5,feeder2_1817,0.0892611076447137,0.08168067205579324,0.08918135325788967,0.08204096238955941
90,1.5,feeder2_1779,0.08942488249094571,0.08031005713104525,0.08934382137525977,0.0806702022155557
90,1.5,feeder2_1800,0.08937924901938515,0.08034189501776003,0.08929664912918943,0.08070279582153544
90,1.5,feeder2_1818,0.09370185464700892,0.08541050956279617,0.09360117288570256,0.08577661954254313
90,1.5,feeder2_1753,0.09215311130915539,0.07550316832530578,0.09207519744347967,0.07586857808700437
90,1.5,feeder2_1754,0.09013067441541843,0.07615881945096933,0.09005130316339977,0.07651961293183006
120,2.0,secondary,0.01590243393039896,0.008930724512913348,0.01590891214770716,0.008937760954633537
120,2.0,feeder2_44,0.029573037885417094,0.046545535623912365,0.02958257419814128,0.0465765125741366
120,2.0,feeder2_45,0.030073623925686774,0.047951721588606874,0.030085576170304423,0.047983754299691574
120,2.0,feeder2_46,0.03034258477605174,0.04707822613316809,0.030352880768759614,0.04710887884995832
120,2.0,feeder2_51,0.03096336215699621,0.05049060026666724,0.03097547981482982,0.05052183105987032
120,2.0,feeder2_48,0.02980744611814671,0.04731352522858332,0.029812636973025615,0.04734665561541726
120,2.0,feeder2_52,0.030858859605201752,0.050557667336119494,0.030864853427416853,0.05059112151803117
120,2.0,feeder2_68,0.033482399311490024,0.05762490680382219,0.033491792119737095,0.0576635825806431
120,2.0,feeder2_69,0.03365863795285433,0.057759288937926215,0.03366452899714178,0.05779963366115338
120,2.0,feeder2_71,0.03381586626536838,0.058562497518542436,0.0338257682139862,0.058600443671787496
120,2.0,feeder2_72,0.03369063541077192,0.05831915198701331,0.03370092499954637,0.05835768972010166
120,2.0,feeder2_73,0.03486717597033936,0.061524895506146274,0.034874169605841804,0.06156600356658731
120,2.0,feeder2_74,0.03480814739224236,0.06156234132168926,0.03482287209381192,0.06160103409176463
120,2.0,feeder2_77,0.035770741277212005,0.06406234237964635,0.03578171058331152,0.06410677636189782
120,2.0,feeder2_79,0.036946240460397864,0.06398524535061506,0.03695575603584601,0.06402869266503262
120,2.0,feeder2_81,0.0370672865669393,0.0680351467463132,0.03707925499683095,0.06807867972258275
120,2.0,feeder2_82,0.036788848502709796,0.06743667840770283,0.03679903161779808,0.06748162595230815
120,2.0,feeder2_116,0.043045414674537215,0.08646187324839812,0.04305383333634353,0.08651781203649282
120,2.0,feeder2_119,0.04100801616077294,0.08854975461776306,0.04101923284049424,0.08860252434179715
120,2.0,feeder2_120,0.045428972680002046,0.09222493743495867,0.04544344082754397,0.09228501036656983
120,2.0,feeder2_248,0.04338842514144239,0.09426600891701478,0.04339910456301925,0.09432615910415444
120,2.0,feeder2_124,0.04701746035855809,0.09499277444274908,0.047032640461317214,0.0950537879191744
120,2.0,feeder2_282,0.04692683435565234,0.09484420463476367,0.04693759068504356,0.09490749110556519
120,2.0,feeder2_275,0.04385713574071516,0.09819929012604685,0.04387099913769807,0.09826319530315418
120,2.0,feeder2_151,0.050139335047124894,0.09791014630682052,0.05015121784484049,0.09797872111621707
120,2.0,feeder2_295,0.050238808338218394,0.09798694259476448,0.050253483929980684,0.09805449120647373
120,2.0,feeder2_311,0.05043047880693952,0.09812514917023074,0.050437931698128505,0.09819516207385291
120,2.0,feeder2_201,0.055245737500481326,0.10244363913302383,0.05525822696384145,0.10252209625751371
120,2.0,feeder2_314,0.05598188775614853,0.1006473714541258,0.05599450237879543,0.10072450136249372
120,2.0,feeder2_342,0.06269254656175242,0.11312327649351808,0.06270819263714615,0.11321412898379019
120,2.0,feeder2_368,0.06430907149527006,0.11841538032983506,0.0643262302820244,0.11850859741723105
120,2.0,feeder2_347,0.06438837596200021,0.10869802263598431,0.06440309113695729,0.10879517661662455
120,2.0,feeder2_353,0.06528316631523516,0.1066700456680259,0.06530379059629142,0.10676547727087224
120,2.0,feeder2_518,0.0642224792346313,0.10842605266494529,0.06423391443431321,0.10852238509851725
120,2.0,feeder2_365,0.0662859867851071,0.1044236140260672,0.0663034288618474,0.10452191268052488
120,2.0,feeder2_653,0.06516134182445735,0.10675094307685123,0.06517643610216857,0.10684894564574705
120,2.0,feeder2_377,0.06683551066119355,0.10320808286025042,0.06685058700649318,0.10330961023803795
120,2.0,feeder2_622,0.06632172876943619,0.10445187747146506,0.06633972525031655,0.10454959606156522
120,2.0,feeder2_451,0.06416198902138119,0.11816752647321746,0.06418430463406266,0.1182594355111972
120,2.0,feeder2_383,0.06699601904241277,0.12734252543695468,0.06701112093172341,0.12743685127453724
120,2.0,feeder2_385,0.0674681219023503,0.10178943539679217,0.06748936910099909,0.10188923881732088
120,2.0,feeder2_621,0.06693923317341788,0.10329100175040645,0.06695724847179498,0.10339070896680937
120,2.0,feeder2_611,0.0669014076188243,0.12736704663428847,0.06692078356257627,0.12746019784546622
120,2.0,feeder2_405,0.06716528391198968,0.12790655371756607,0.06718253645269733,0.1280035121433258
120,2.0,feeder2_461,0.0703878512710111,0.09396665466827456,0.07040131207211087,0.09407385132473203
120,2.0,feeder2_594,0.06618148188060649,0.10309060036862724,0.06619663654852134,0.10319242702459025
120,2.0,feeder2_732,0.06523022177369567,0.12963597870024268,0.06524810479515637,0.1297292421122607
120,2.0,feeder2_417,0.0685477456517273,0.1318319120788374,0.06856876369266239,0.13192226079181998
120,2.0,feeder2_663,0.06869733107530956,0.1319785980314294,0.06871121727636696,0.13207483496150316
120,2.0,feeder2_444,0.06959200223191608,0.13480101496609234,0.06960553850781394,0.13489819659160107
120,2.0,feeder2_759,0.0694975533049031,0.13465228513419883,0.06951129301353941,0.13475164069754578
120,2.0,feeder2_842,0.09150423908665468,0.15399128224060502,0.09151987036499797,0.15409201831983418
120,2.0,feeder2_459,0.06961620184210827,0.13470150597055808,0.06963412657007503,0.1347998178486386
120,2.0,feeder2_702,0.07028524211911262,0.13315490654159107,0.07030436849701559,0.13324941206883356
120,2.0,feeder2_493,0.06969621815198329,0.13496480373280662,0.06971615515241925,0.13506092467341643
120,2.0,feeder2_651,0.07058788221412327,0.09411072644172608,0.0706036284739591,0.0942192022270662
120,2.0,feeder2_684,0.07276754039688457,0.08752802678863554,0.07278691515764077,0.08763779212885327
120,2.0,feeder2_674,0.06967778232320801,0.13496322053752485,0.06969690866316995,0.1350566560135461
120,2.0,feeder2_696,0.06993012932698542,0.13575450537045125,0.06994788584376649,0.13584937082700718
120,2.0,feeder2_681,0.0696482637142229,0.13495766005367013,0.0696655995298526,0.1350525723656567
120,2.0,feeder2_682,0.06964634430581268,0.1349651954596784,0.06966493713742353,0.13505824462511695
120,2.0,feeder2_728,0.0727063332555459,0.08730378202689489,0.07272863033339173,0.08741220348060398
120,2.0,feeder2_724,0.0753451602758268,0.08157774071268639,0.0753641983469713,0.08168950094010992
120,2.0,feeder2_703,0.07060881435370654,0.13633839404737544,0.07062657178431213,0.13643254256953197
120,2.0,feeder2_704,0.07007710631499352,0.13587987287263645,0.0700979131707189,0.13597270785613078
120,2.0,feeder2_754,0.0751513374280889,0.08129227469098553,0.07516873211009466,0.08140430771035802
120,2.0,feeder2_747,0.07643842811417102,0.0793402077686827,0.07645613398205996,0.07945381512916744
120,2.0,feeder2_828,0.072693746347729,0.08731920320227116,0.07271608842806102,0.08742666139299038
120,2.0,feeder2_763,0.07261401890505605,0.08695632780484427,0.07263182514876072,0.0870666213783984
120,2.0,feeder2_836,0.07876240915823268,0.0785917523381182,0.07878137806214414,0.0787077560319503
120,2.0,feeder2_758,0.07710099410040631,0.077709701935018,0.07712158554816957,0.0778199376151476
120,2.0,feeder2_788,0.07685046469501795,0.07733695052291777,0.07687113734463666,0.07744972458984335
120,2.0,feeder2_812,0.07925675033230054,0.07377072480329419,0.07927312176967041,0.07387695642130486
120,2.0,feeder2_947,0.07219685901540461,0.08633023981954181,0.07221393846054033,0.0864395782104597
120,2.0,feeder2_868,0.07247278602178861,0.0867452274615582,0.07249084795241059,0.08685331905155702
120,2.0,feeder2_785,0.07262804330724304,0.08702438084332376,0.07265099074417222,0.08713426461071473
120,2.0,feeder2_1176,0.07309839320778143,0.08736297044739065,0.07311636792378325,0.08747423233189923
120,2.0,feeder2_846,0.07255535910612032,0.0871121980344701,0.07257340210890378,0.08721858452519729
120,2.0,feeder2_911,0.07260236468863923,0.08692624224607627,0.07262176293474125,0.08703739058170235
120,2.0,feeder2_1107,0.07793124591817001,0.08329450126018705,0.0779464000537581,0.08339420069854647
120,2.0,feeder2_920,0.08023539746818743,0.07021965087602546,0.08025539511471212,0.07032459320577318
120,2.0,feeder2_926,0.0817659747403153,0.06428712944744061,0.08178520437070386,0.06438897125121648
120,2.0,feeder2_1239,0.08015012784045297,0.07102724784189138,0.08016673652323798,0.0711320803016484
120,2.0,feeder2_933,0.082450126127398,0.061709544177699166,0.08247005036931458,0.06181350499072816
120,2.0,feeder2_1146,0.0817352041435197,0.06414090847776842,0.08175870227910392,0.06424351102006695
120,2.0,feeder2_1124,0.08259471179113198,0.06178078400281762,0.08261903598512729,0.06188265731645557
120,2.0,feeder2_942,0.08416147621387508,0.05517454465778537,0.08418595658377646,0.055274468513413895
120,2.0,feeder2_952,0.08669401272781323,0.04574531236085474,0.08671679492039325,0.04583610044971686
120,2.0,feeder2_965,0.08416050793994335,0.055177694116263776,0.08418228816211346,0.05527549562610019
120,2.0,feeder2_961,0.08697450577967268,0.04478334792157648,0.08699692147681075,0.04487147776336876
120,2.0,feeder2_963,0.08669251548706454,0.045738009689914386,0.08671509197678182,0.0458296736042774
120,2.0,feeder2_973,0.0884635059940578,0.03974704862544914,0.08848113375392493,0.0398284402070659
120,2.0,feeder2_1128,0.08697893630717331,0.04481739667708571,0.08700148211043038,0.04490695627235856
120,2.0,feeder2_1113,0.08664332410218334,0.0456746513553404,0.08666628541872154,0.0457638761805524
120,2.0,feeder2_1143,0.08662749976619236,0.0454189029385912,0.0866466267685071,0.04550938593077542
120,2.0,feeder2_1238,0.083978368029469,0.054940458008111245,0.08399664533065612,0.05503972533463171
120,2.0,feeder2_979,0.08416327553917063,0.05520124349617682,0.08418604959667925,0.05530077281495346
120,2.0,feeder2_1236,0.09067184549073032,0.03260963469872415,0.09069839976046047,0.032668877624637244
120,2.0,feeder2_989,0.08846364869684104,0.03974763713972018,0.08848113375392493,0.0398284402070659
120,2.0,feeder2_1196,0.08412148811712701,0.0553135982040223,0.08414356484553781,0.055412376084970044
120,2.0,feeder2_1158,0.08859517523408604,0.03980911877510924,0.08861747117448313,0.03989059703480422
120,2.0,feeder2_1122,0.07722676996342288,0.08726293241653961,0.07724550359181181,0.0873592010554041
120,2.0,feeder2_1258,0.07894056994298708,0.08296658537107975,0.07895642185200441,0.08306731939246069
120,2.0,feeder2_1303,0.07712823483834445,0.08713878350334704,0.07714578439470174,0.0872361686773618
120,2.0,feeder2_1138,0.07668485643529276,0.09047790197399573,0.0767046407609833,0.09057278084681478
120,2.0,feeder2_1304,0.07543645716673998,0.09211910738625667,0.07545607869982623,0.09221005184543565
120,2.0,feeder2_1212,0.07564842490987392,0.09607075620019129,0.07566738944906898,0.09615778707848519
120,2.0,feeder2_1311,0.07551487794477127,0.09590312760909986,0.07553323306180296,0.09599094121071
120,2.0,feeder2_1290,0.07441105899759733,0.10325381591261157,0.07443179981244953,0.10333685924305289
120,2.0,feeder2_1325,0.09339832323763149,0.025660006299595313,0.09342355924332676,0.025655922775696054
120,2.0,feeder2_1248,0.09067739833785574,0.032605335588567826,0.09070312808311927,0.03266450691262274
120,2.0,feeder2_1249,0.08394315179660616,0.05489610588268317,0.08396459940576298,0.05499695935039687
120,2.0,feeder2_1250,0.08393545101987232,0.05488079479340202,0.0839542323420867,0.054981165206689
120,2.0,feeder2_1366,0.09084234230248324,0.03264622686625321,0.09086743794088915,0.03270950123531655
120,2.0,feeder2_1266,0.07899865546312412,0.08300552871390299,0.07901655411124502,0.0831062156233437
120,2.0,feeder2_1372,0.07432843427880538,0.10250814636746501,0.07434796217803641,0.10259233103486118
120,2.0,feeder2_1363,0.0733369044015958,0.11226310781067869,0.07335373660135897,0.11234415375801857
120,2.0,feeder2_1446,0.09344654258310989,0.02570387129465348,0.09347266262136092,0.0256983413308858
120,2.0,feeder2_1502,0.09658747261893526,0.02291947083886587,0.09661499892952743,0.02282436424487749
120,2.0,feeder2_1428,0.07211317553348298,0.11393709075217769,0.07213199938720505,0.11401579478570938
120,2.0,feeder2_1380,0.07225166849241196,0.12060073865801495,0.07226669848662784,0.12068015751698019
120,2.0,feeder2_1550,0.0722016294111053,0.12053633053461343,0.07221969037694896,0.12061496663049491
120,2.0,feeder2_1386,0.07173807411964085,0.12471337181574743,0.07175575717002118,0.1247885850018518
120,2.0,feeder2_1551,0.06917281182356924,0.1277970057773504,0.06919191035861853,0.127876605391029
120,2.0,feeder2_1400,0.07157082354174227,0.12595139141586065,0.07159095611759583,0.12602877938274024
120,2.0,feeder2_1552,0.07157959110119134,0.12607752725486882,0.07159838034021739,0.12615326840427382
120,2.0,feeder2_1408,0.07121299098760114,0.12846233654214584,0.0712267703419896,0.12853774095960482
120,2.0,feeder2_1553,0.06770100560677395,0.13277724613954664,0.0677159686256874,0.13285185726391327
120,2.0,feeder2_1416,0.07112370956992425,0.128798901949002,0.07114020209598441,0.12887622328022613
120,2.0,feeder2_1530,0.07103304997728853,0.12801650246175805,0.07105017234746765,0.12809070790806829
120,2.0,feeder2_1425,0.07106286287649022,0.129933283993839,0.07107857484733211,0.13000947120102685
120,2.0,feeder2_1589,0.06941480862457118,0.13199408179568026,0.06942804862735233,0.13206976707386037
120,2.0,feeder2_1435,0.07106912657859732,0.12996386007073135,0.07108631046564283,0.13003872979240313
120,2.0,feeder2_1621,0.07133612647534983,0.13005453889754792,0.07135567581096236,0.1301322694737418
120,2.0,feeder2_1564,0.07110190329916122,0.13019510223323136,0.07111524496929394,0.13026840737094475
120,2.0,feeder2_1704,0.09686853246074366,0.02271475285581375,0.09689080344423846,0.022616086633186674
120,2.0,feeder2_1525,0.09739115485651259,0.023331352842693942,0.09741614867842428,0.023206882833863407
120,2.0,feeder2_1716,0.1011752139959387,0.018515331936618126,0.10119849852745237,0.018380757846899225
120,2.0,feeder2_1537,0.09813164892037421,0.02504701593003217,0.09815858083443695,0.0249022665227
120,2.0,feeder2_1645,0.09655910697806637,0.025381723430238857,0.09658275998867229,0.0252443846565642
120,2.0,feeder2_1561,0.09909547959808067,0.027399567012876908,0.09912458881511739,0.027232457823494264
120,2.0,feeder2_1657,0.09899324349164824,0.027417254356798884,0.09902254591219639,0.02725293603278949
120,2.0,feeder2_1570,0.09951870718206375,0.02862526497327783,0.09954165710975009,0.028446515955982944
120,2.0,feeder2_1756,0.0992757349381698,0.028648093311253134,0.09929994190922399,0.028470752973076743
120,2.0,feeder2_1588,0.0999183923557357,0.029862967985743272,0.09994338622496242,0.02967813151139308
120,2.0,feeder2_1628,0.09993152679259366,0.03065081679613972,0.09995957168552169,0.03047076231759109
120,2.0,feeder2_1598,0.10045020326939955,0.031312912492414406,0.10047806783742548,0.031125315374254052
120,2.0,feeder2_1816,0.10358515124131583,0.028299717200882674,0.10360594658279106,0.028099117279813925
120,2.0,feeder2_1765,0.10093503431033363,0.030798742407317618,0.10095926414968896,0.030608703577512948
120,2.0,feeder2_1641,0.10276790246262821,0.04063788745941436,0.10279788997192883,0.04043229710835332
120,2.0,feeder2_1689,0.10477338796941715,0.04922644457737695,0.10480149490401809,0.049009881979400295
120,2.0,feeder2_1744,0.10268774357260417,0.040679280734341176,0.10271246830224755,0.0404681858038045
120,2.0,feeder2_1817,0.10459812486952055,0.04871827477812686,0.10462799340568939,0.04850540753369433
120,2.0,feeder2_1779,0.10481134099290935,0.049185237277349685,0.10483644254362144,0.04896528561667038
120,2.0,feeder2_1800,0.10366139266888988,0.048643469447053216,0.10368639347788293,0.04842526116176921
120,2.0,feeder2_1818,0.12585576046000455,0.07102001608665973,0.12588675098730662,0.07078742424777575
120,2.0,feeder2_1753,0.10255126472779666,0.040741651447734145,0.10257565696366125,0.04053146190935237
120,2.0,feeder2_1754,0.10266203673041525,0.040694500636816726,0.10269099645999315,0.040487594635356595
150,2.5,secondary,0.016463406422437793,0.007641682651760464,0.016458018842637707,0.007636741323425001
150,2.5,feeder2_44,0.030613980162947287,0.03982429485843982,0.03060122712671033,0.03978662581258167
150,2.5,feeder2_45,0.031121644844007295,0.04104134822260305,0.031107033562276357,0.041001082671598806
150,2.5,feeder2_46,0.03025052408690189,0.03992050252595373,0.030236547748077852,0.03988177658180884
150,2.5,feeder2_51,0.03200714288105206,0.04324822742525607,0.031996344279632376,0.04321019522489351
150,2.5,feeder2_48,0.031370951825101745,0.04041306264788521,0.03135863858128544,0.040376071313807285
150,2.5,feeder2_52,0.03179530575661095,0.04330138502558983,0.03178020516368606,0.04326077440036513
150,2.5,feeder2_68,0.03452018470263435,0.04944557091219856,0.034506014682364236,0.049401734513246504
150,2.5,feeder2_69,0.03463591136740882,0.049584994958020163,0.03462429773003009,0.04953839761563904
150,2.5,feeder2_71,0.034851785199707296,0.050258080142419455,0.03483339452510957,0.05021265117743857
150,2.5,feeder2_72,0.03492794540888499,0.05001716478483271,0.03491115750146897,0.049972360464908265
150,2.5,feeder2_73,0.03589183518132724,0.05282797752089018,0.03587597406114457,0.052781416644496384
150,2.5,feeder2_74,0.03467350628629345,0.05459869115243616,0.03465825976574758,0.054551143295120424
150,2.5,feeder2_77,0.03684466031035959,0.05476921727355387,0.03683264634275682,0.054718324561586415
150,2.5,feeder2_79,0.03708246799299078,0.05505239922311621,0.03707061389286868,0.055003244231073715
150,2.5,feeder2_81,0.03832230666101998,0.057717335420279486,0.03830230441977134,0.057668124257404405
150,2.5,feeder2_82,0.03853695866592335,0.057122156805802335,0.03852290854869531,0.05706595551048442
150,2.5,feeder2_116,0.045001656048947444,0.07153950382078128,0.044982065512998395,0.07147429304029898
150,2.5,feeder2_119,0.044236264561296014,0.07181295147528655,0.044215340320638896,0.0717474140401717
150,2.5,feeder2_120,0.04755675652848683,0.0765580225013837,0.04753492253591193,0.07649085550265104
150,2.5,feeder2_248,0.047079714702421234,0.07670072509543521,0.04705946503989826,0.07663288395622658
150,2.5,feeder2_124,0.049160802469464526,0.0796061025662434,0.0491399742131955,0.07953232042294338
150,2.5,feeder2_282,0.04919701310829427,0.0794587250369317,0.04917483312987843,0.07938655779155253
150,2.5,feeder2_275,0.04673279837180973,0.08278184142456113,0.04671338496324352,0.08271128725803799
150,2.5,feeder2_151,0.05241502893826186,0.08302412840618294,0.05239094362822613,0.08294573311585629
150,2.5,feeder2_295,0.052487726629755864,0.08310259766659474,0.05246706938281763,0.08302440361275888
150,2.5,feeder2_311,0.0526186481704783,0.08324434842894192,0.05260094404360086,0.08316517066266604
150,2.5,feeder2_201,0.05773073435081763,0.08834569606986056,0.05770918608715217,0.08825669494495424
150,2.5,feeder2_314,0.05848968849137363,0.08759927296797516,0.05846976677283562,0.08750937026001739
150,2.5,feeder2_342,0.06507627285835987,0.09762392967115674,0.06505482535896687,0.09752208886891121
150,2.5,feeder2_368,0.06671512813901417,0.10341001481859423,0.06668643083884396,0.10330835933450103
150,2.5,feeder2_347,0.0661255406314042,0.09183329407048584,0.06609892839962038,0.09172693283604401
150,2.5,feeder2_353,0.06665694430067867,0.08930386358533704,0.06663190824889204,0.08919782348146095
150,2.5,feeder2_518,0.06619461299621339,0.09155732510188755,0.0661723394000139,0.09145134023996208
150,2.5,feeder2_365,0.06727275156406327,0.08663921181214651,0.06724551569433493,0.08653362018130047
150,2.5,feeder2_653,0.06634470551015709,0.08940921839043439,0.06631583166320651,0.08930165781164512
150,2.5,feeder2_377,0.06760538421125312,0.08526717298436895,0.0675796219744348,0.08516235419399602
150,2.5,feeder2_622,0.0672992636015174,0.08666457467968869,0.06727264606101685,0.0865585045795043
150,2.5,feeder2_451,0.0667724941764902,0.1031634896973627,0.06674736697946318,0.10305959238861966
150,2.5,feeder2_383,0.0694046932401646,0.11333175838031194,0.06937969387488795,0.11322489810727793
150,2.5,feeder2_385,0.06798095374313591,0.08373726758326658,0.0679490239127467,0.08363372315948363
150,2.5,feeder2_621,0.0676837390105076,0.08534026702991672,0.06765138069463565,0.0852340961258151
150,2.5,feeder2_611,0.06919675323867668,0.11334833746111611,0.06916939142591745,0.11323949777711179
150,2.5,feeder2_405,0.06957670158067876,0.11396504964803982,0.06954820173504682,0.11385749138906501
150,2.5,feeder2_461,0.06959336740981698,0.07822313267825205,0.06956465891729036,0.07812524978130625
150,2.5,feeder2_594,0.06767270892565264,0.08387131719513982,0.06764692919578416,0.08376699086651934
150,2.5,feeder2_732,0.06925327177224407,0.11399306931023853,0.06922901140807303,0.11388545984028378
150,2.5,feeder2_417,0.07089357388296544,0.11878324378737055,0.07086664423913809,0.11867291102570388
150,2.5,feeder2_663,0.0708656907926297,0.11895733685471496,0.07083947659856979,0.11884636138180796
150,2.5,feeder2_444,0.07186334243382551,0.12240291576878046,0.07183596659566653,0.12229323248207165
150,2.5,feeder2_759,0.07188573737046397,0.12225783750175297,0.0718602769405143,0.12215036352950942
150,2.5,feeder2_842,0.08927131901302607,0.14213453732681444,0.08924691539628074,0.1420242309407915
150,2.5,feeder2_459,0.07186728340179561,0.12250173506942899,0.07184311375486589,0.1223908456261478
150,2.5,feeder2_702,0.07311547142356521,0.12122441259153215,0.07308923031306165,0.12111609971818738
150,2.5,feeder2_493,0.07176992052277381,0.12340283361324264,0.07174183432730595,0.12329327998750056
150,2.5,feeder2_651,0.06973453827082277,0.07832479824815403,0.06970161768851266,0.078224294454687
150,2.5,feeder2_684,0.07085934694370037,0.07479854386927454,0.0708254580060642,0.07470494417674652
150,2.5,feeder2_674,0.07136288863582868,0.12380508438027697,0.07134182852175684,0.12369336635015066
150,2.5,feeder2_696,0.07207708042497654,0.12437484262500706,0.07205033657651203,0.12426583925547173
150,2.5,feeder2_681,0.0708152250577115,0.12432365366993904,0.07079105279162613,0.12421318129805681
150,2.5,feeder2_682,0.07051278408457042,0.12468878368102702,0.07048759812787729,0.12457744446198056
150,2.5,feeder2_728,0.07100225713271377,0.07441261842283997,0.07096747515281221,0.07432099925598801
150,2.5,feeder2_724,0.0720222704960265,0.07319294541474626,0.07198944515748955,0.07310893971817142
150,2.5,feeder2_703,0.07258916579158506,0.12498007330663834,0.07256083682762912,0.12487005391101443
150,2.5,feeder2_704,0.07212661891543388,0.12452627458202842,0.07209967230346713,0.12441455919248033
150,2.5,feeder2_754,0.07209743539269137,0.07291198691625493,0.072060314229692,0.07282696820594853
150,2.5,feeder2_747,0.07250526957247055,0.0728941691397571,0.07246985848841112,0.07281479373365007
150,2.5,feeder2_828,0.07095233277789344,0.07444506805868786,0.07091847445028812,0.07435391790100815
150,2.5,feeder2_763,0.07123404394732961,0.07383661534161094,0.07120086925408008,0.07374832447172677
150,2.5,feeder2_836,0.07265886225875574,0.07295125531119681,0.07262683272362908,0.07287400225621904
150,2.5,feeder2_758,0.07290018769974041,0.07270161362005848,0.07286602784403032,0.07262566328580196
150,2.5,feeder2_788,0.07300275574134739,0.07234761801412813,0.07296793818100765,0.07227399682132955
150,2.5,feeder2_812,0.07413943789678669,0.07315971741181775,0.07410715236859261,0.07309760233568663
150,2.5,feeder2_947,0.0714092617988555,0.07320886767989426,0.07137565535384581,0.07312303150298094
150,2.5,feeder2_868,0.07182261764180675,0.0733991698476181,0.07179051153519544,0.07331478066378594
150,2.5,feeder2_785,0.07128692208492819,0.0739861895572698,0.07125851706827756,0.07390069998140993
150,2.5,feeder2_1176,0.07162387382652481,0.07415869950057842,0.07159408401052839,0.07407311674175535
150,2.5,feeder2_846,0.07052981364552198,0.07488648227309756,0.07049541795435017,0.07480155029226251
150,2.5,feeder2_911,0.07165345384941867,0.07313433207907685,0.07162330261148235,0.07305154810854787
150,2.5,feeder2_1107,0.0732447478380229,0.07726158870903672,0.07320632701420973,0.07719919002916861
150,2.5,feeder2_920,0.07473352136829928,0.07230904330692756,0.07469854999959279,0.07225253666290839
150,2.5,feeder2_926,0.07564144550779286,0.0710335615746913,0.07560135215484554,0.07097972759830187
150,2.5,feeder2_1239,0.07470666542495395,0.07245074126957511,0.07467200716739578,0.07239476617338453
150,2.5,feeder2_933,0.07601118098324904,0.07058366872081698,0.07597514002536891,0.07053408554843416
150,2.5,feeder2_1146,0.07579354564378388,0.07068561027493561,0.07575794826396269,0.07063745399919774
150,2.5,feeder2_1124,0.07611840906023726,0.07058728841393906,0.07608302761992934,0.07053964841972928
150,2.5,feeder2_942,0.07691772672360153,0.06951630374032906,0.07688312986588625,0.06947449123572254
150,2.5,feeder2_952,0.07815304096423209,0.0681296612494848,0.07810998424378462,0.06809184246636765
150,2.5,feeder2_965,0.07693110946624059,0.0695146772938763,0.07689169467841127,0.06947482590051485
150,2.5,feeder2_961,0.07827494569266846,0.06802708215685885,0.07823489241783989,0.0679908569909256
150,2.5,feeder2_963,0.07815553161724093,0.068121445530152,0.07811562274570273,0.0680853322985966
150,2.5,feeder2_973,0.07902302719686903,0.0670554348377812,0.07898706475229583,0.0670272450487499
150,2.5,feeder2_1128,0.07810355783259398,0.06879675952194353,0.0780666408254276,0.06876519426738675
150,2.5,feeder2_1113,0.0786245146592974,0.06807510720888929,0.078582873827076,0.06804356448353685
150,2.5,feeder2_1143,0.07813682868186626,0.06784012404234588,0.07809285299666811,0.06780362400918936
150,2.5,feeder2_1238,0.0790284351106897,0.06928455216634016,0.07899193802193046,0.06924912668879649
150,2.5,feeder2_979,0.07692447329435799,0.06955262971648955,0.07688582644523628,0.0695078726021153
150,2.5,feeder2_1236,0.08003656206582559,0.06661961773843514,0.07999463855758461,0.066596774327635
150,2.5,feeder2_989,0.07902397745532637,0.06704707870264294,0.07898230670945759,0.06701483360924756
150,2.5,feeder2_1196,0.07675055948748725,0.06971917898647208,0.07670820270865016,0.06967459903785808
150,2.5,feeder2_1158,0.07891716305561788,0.06593623613837199,0.07887671609914258,0.06590367020386644
150,2.5,feeder2_1122,0.07284385340291397,0.07880459906985884,0.07280499518305625,0.07874308368092518
150,2.5,feeder2_1258,0.07346412094902559,0.07730030060850249,0.07342991965382965,0.07723991858057042
150,2.5,feeder2_1303,0.0728595244630453,0.07868577942855988,0.07282512555388598,0.07862608897682002
150,2.5,feeder2_1138,0.07253151330248173,0.08006538052292606,0.07249505364568425,0.08000690437836075
150,2.5,feeder2_1304,0.0719871887868465,0.0805552102801036,0.07195196798167601,0.08049860313577345
150,2.5,feeder2_1212,0.07194234973720717,0.0823617539985031,0.07191112761862246,0.08230362225452895
150,2.5,feeder2_1311,0.07196522092443582,0.08220247098233202,0.07192568152789366,0.08214394961616865
150,2.5,feeder2_1290,0.0712256309793351,0.08533540774573625,0.0711925307810756,0.08527826604926166
150,2.5,feeder2_1325,0.08114847236042272,0.06910808449545383,0.08110988771141982,0.06910722943677669
150,2.5,feeder2_1248,0.08003478925955657,0.06660601026821099,0.07999325708223362,0.06658454314598075
150,2.5,feeder2_1249,0.07903292570590206,0.06924396174403537,0.07898966022066604,0.06920715239713561
150,2.5,feeder2_1250,0.080492485524411,0.06926828591760341,0.08045645776075351,0.06924026176640875
150,2.5,feeder2_1366,0.07954512355573246,0.06312031173104224,0.07950601429734681,0.06309421200044608
150,2.5,feeder2_1266,0.07351535785280958,0.07731601137195139,0.07348224747127274,0.07725461680324215
150,2.5,feeder2_1372,0.07130417165069423,0.08506535831639958,0.07126616478874899,0.08500712465658719
150,2.5,feeder2_1363,0.07047983074984476,0.08892555191043781,0.07044737363537938,0.0888686655115201
150,2.5,feeder2_1446,0.08118836393367396,0.06898616885808627,0.08114271931841219,0.06897831668228308
150,2.5,feeder2_1502,0.08241101592099719,0.0726256578950304,0.08236785755183454,0.07264085213528786
150,2.5,feeder2_1428,0.0699874749937183,0.08937113256154647,0.06994832726246214,0.08931283867089301
150,2.5,feeder2_1380,0.06970119828395172,0.09261611156180669,0.06966580082551015,0.09255727040321925
150,2.5,feeder2_1550,0.06971751355265464,0.09255660024145908,0.06968058636924897,0.09249658992342379
150,2.5,feeder2_1386,0.06932310901810022,0.0944484497583876,0.06928642204813551,0.09438887958404181
150,2.5,feeder2_1551,0.06838341350274758,0.09560595652498415,0.06835058967531449,0.09554919834258023
150,2.5,feeder2_1400,0.06920087998776896,0.0950459754031069,0.0691636200449874,0.0949878881192187
150,2.5,feeder2_1552,0.0676829635521196,0.0969418113631952,0.06765041457991923,0.0968831605706929
150,2.5,feeder2_1408,0.06915831748305877,0.09528465725748297,0.06912054127685129,0.095225361022398
150,2.5,feeder2_1553,0.06881868961269072,0.09558870511428713,0.0687839504568721,0.09553258080129423
150,2.5,feeder2_1416,0.06914814606586463,0.09534546019811689,0.06910952795638518,0.0952876847560025
150,2.5,feeder2_1530,0.06920758447310561,0.09511648866725535,0.0691732013818253,0.09506087033851139
150,2.5,feeder2_1425,0.06913657546383827,0.09558675199546474,0.06909846668446805,0.09552526024700989
150,2.5,feeder2_1589,0.06890127365758791,0.09580006408936044,0.06886656014935204,0.09574334921414034
150,2.5,feeder2_1435,0.06913786731203148,0.09561621541020543,0.06909743622037905,0.09555681991940927
150,2.5,feeder2_1621,0.06934726103245833,0.09564285259343751,0.06931141873155584,0.09558296807874063
150,2.5,feeder2_1564,0.0690836590548724,0.09590472040139615,0.06904672878250633,0.09584851615768959
150,2.5,feeder2_1704,0.0826150004763442,0.07252653166253212,0.08256756050817164,0.07253716425629181
150,2.5,feeder2_1525,0.08271315220715557,0.07364255278595373,0.08266651405017436,0.07366055259288663
150,2.5,feeder2_1716,0.08251355351215764,0.07165285310316628,0.08246925386880524,0.07167198705522276
150,2.5,feeder2_1537,0.0830237883777773,0.07512109271605485,0.08297564516910788,0.07514342924646698
150,2.5,feeder2_1645,0.08241453248486337,0.07571357227907353,0.08237209558980496,0.07573943611881712
150,2.5,feeder2_1561,0.08346508418520696,0.07650911223979343,0.08341722898564438,0.07653876323223416
150,2.5,feeder2_1657,0.0834998686311066,0.07641849831709678,0.08344914916188931,0.07645026518174063
150,2.5,feeder2_1570,0.08365764994478038,0.07715506924725377,0.0836085715030085,0.07718737143503798
150,2.5,feeder2_1756,0.0836992548606031,0.07693511304225376,0.08365032701010874,0.07697067984907113
150,2.5,feeder2_1588,0.08383923629524499,0.07778522635237088,0.08379605424538919,0.0778270784835097
150,2.5,feeder2_1628,0.08388806426168899,0.07767225785369329,0.08383948479846011,0.07770899213090669
150,2.5,feeder2_1598,0.08407169952245976,0.07863208289969191,0.08402593066882182,0.07867712245257788
150,2.5,feeder2_1816,0.08436335409726023,0.07851957066400746,0.08431523299581116,0.07855783751674811
150,2.5,feeder2_1765,0.08443054172017045,0.0784128669532788,0.08438200115413833,0.07845421457438034
150,2.5,feeder2_1641,0.08513897445649028,0.08312009451694158,0.08509432755222707,0.08318472256009371
150,2.5,feeder2_1689,0.08587462014664521,0.08679418678346298,0.08582486917165592,0.08686279542306406
150,2.5,feeder2_1744,0.08591788383800768,0.08342286182156687,0.08587217679681693,0.08348796643420853
150,2.5,feeder2_1817,0.08586240273509181,0.08688229146154355,0.08581553466657355,0.08695622961413313
150,2.5,feeder2_1779,0.08590249023289158,0.08677309130610107,0.08585263861832207,0.08684270206846549
150,2.5,feeder2_1800,0.08460762404351291,0.08778188881751131,0.0845628364843356,0.08785352184842363
150,2.5,feeder2_1818,0.09374971890708285,0.09367826532235088,0.09369191718831517,0.09377193792027975
150,2.5,feeder2_1753,0.08594037420969416,0.08331239179226901,0.08589320330129396,0.08337475969302784
150,2.5,feeder2_1754,0.08645173444124742,0.08366071641729643,0.08640674432993847,0.08372452141027283
180,3.0,secondary,0.01915190860641392,0.0070426454851526986,0.01914934718235404,0.0070369329087715945
180,3.0,feeder2_44,0.03561431202074911,0.03670348695976063,0.035609628409021085,0.036663589664089745
180,3.0,feeder2_45,0.03624848514368128,0.03779108844531786,0.03624320547144948,0.037750098978255965
180,3.0,feeder2_46,0.033155414665492225,0.03718763024949897,0.03315155331699267,0.03714732187594381
180,3.0,feeder2_51,0.037240400995543176,0.040193084668712596,0.03723431303160737,0.04014806313893222
180,3.0,feeder2_48,0.03939635519395709,0.03468240280025311,0.03939059879297856,0.03463918541019827
180,3.0,feeder2_52,0.03704682827273158,0.040220820739146824,0.03704288282034843,0.040174663288025374
180,3.0,feeder2_68,0.04005938782188804,0.04694673171059431,0.040054796749227774,0.046896727377956415
180,3.0,feeder2_69,0.04007762709707646,0.0471007135277611,0.04007603197622506,0.0470482892568727
180,3.0,feeder2_71,0.04043241659531159,0.047832078441946285,0.04042651985149756,0.047782799008223936
180,3.0,feeder2_72,0.040620976528734525,0.04760164911958599,0.04061694458142478,0.04755173052455905
180,3.0,feeder2_73,0.04159856783320346,0.050627906299269984,0.041596923089849455,0.05057605498957554
180,3.0,feeder2_74,0.041321876832319034,0.05230667218225258,0.04132037534234128,0.05225233485961981
180,3.0,feeder2_77,0.042641465011936025,0.05278146327740299,0.042636139571550595,0.05272424407603846
180,3.0,feeder2_79,0.04266484890256752,0.05310038027611845,0.042657584005681586,0.05304271267626559
180,3.0,feeder2_81,0.04427460120894948,0.0560537590898863,0.04427137723765745,0.05599363836365088
180,3.0,feeder2_82,0.044747697282564405,0.05548065152609278,0.04474321269837,0.055420567838499545
180,3.0,feeder2_116,0.05158483443918183,0.0712954384725751,0.05157904146876574,0.07121745912151523
180,3.0,feeder2_119,0.05088135454266118,0.0714510096670014,0.05087315389071877,0.07137488430319817
180,3.0,feeder2_120,0.054402463974134806,0.07690715946840689,0.0543950971686782,0.07682641135661954
180,3.0,feeder2_248,0.05394862809825833,0.07697512552333101,0.05394352668465564,0.07689314555684919
180,3.0,feeder2_124,0.05618077577150179,0.08035248724508233,0.05617606901815828,0.08026546298652082
180,3.0,feeder2_282,0.05629159118787491,0.08021358804690897,0.056285855464556694,0.08013097568113302
180,3.0,feeder2_275,0.05575916324616084,0.08141939337220434,0.055753934873076304,0.08133665551811213
180,3.0,feeder2_151,0.05941257712128551,0.08579407557767968,0.059407877365966685,0.085703006216516
180,3.0,feeder2_295,0.05943360471158634,0.08588202112705923,0.05942673072087219,0.08578935126249412
180,3.0,feeder2_311,0.05946247094007765,0.08604333498441756,0.059457949138047715,0.08595140905580757
180,3.0,feeder2_201,0.06473391769606698,0.09442546911782988,0.06472581278301284,0.09432451333132752
180,3.0,feeder2_314,0.0648126897533619,0.09432151591987575,0.06480977856073754,0.09422061221538194
180,3.0,feeder2_342,0.07229760813118141,0.10691644206091702,0.07228860109299749,0.1068022749366117
180,3.0,feeder2_368,0.0730339319704044,0.11385892283877151,0.07302670004304006,0.11373968576644249
180,3.0,feeder2_347,0.07461711964897197,0.10024249420321191,0.0746080657318218,0.10012056690085647
180,3.0,feeder2_353,0.07576659624849418,0.0971174122950574,0.07576082079186892,0.09699135614918164
180,3.0,feeder2_518,0.07482374533350576,0.09998231611449014,0.07481532804547732,0.09985912048497272
180,3.0,feeder2_365,0.077081158023634,0.09370070026022408,0.07707318361962973,0.0935696860686681
180,3.0,feeder2_653,0.07546356363561879,0.09716259792722663,0.07545736837854428,0.09703482418993453
180,3.0,feeder2_377,0.0778200634491187,0.09186789196914252,0.07781109429955427,0.09173631108734288
180,3.0,feeder2_622,0.07594740243202487,0.09360193861929908,0.07594049836635498,0.09346816869827944
180,3.0,feeder2_451,0.07321968302966972,0.11362463400386363,0.0732110987065111,0.11351108397352312
180,3.0,feeder2_383,0.0742542505100583,0.12538332350096348,0.0742454127186361,0.125268706747429
180,3.0,feeder2_385,0.07866782137555745,0.08976762375465087,0.07866090439359227,0.08963340243017227
180,3.0,feeder2_621,0.07784297033032742,0.09195692442293736,0.0778356173482096,0.09182149053070268
180,3.0,feeder2_611,0.07404202594300308,0.12538195361438226,0.07403195766157578,0.12526727152512296
180,3.0,feeder2_405,0.074336113544946,0.12610874218171927,0.07433048600882186,0.12599258055880366
180,3.0,feeder2_461,0.08225102788334056,0.08167053919532541,0.08224491442920834,0.08152607883765872
180,3.0,feeder2_594,0.07836947305492557,0.08983123148331358,0.07836467268314964,0.08969457070099737
180,3.0,feeder2_732,0.07313213809239269,0.12876130158118998,0.07312688033379831,0.12864232004987583
180,3.0,feeder2_417,0.07509725078577949,0.13106175784192792,0.07509023453821824,0.1309475932140003
180,3.0,feeder2_663,0.0743324802223416,0.13132852387107027,0.0743248190800333,0.1312141273712899
180,3.0,feeder2_444,0.07571966381581603,0.1347318351350186,0.07570898147606878,0.1346180753986141
180,3.0,feeder2_759,0.07582541264767756,0.13459231279740358,0.07581535137898895,0.1344810546538758
180,3.0,feeder2_842,0.08402046519289219,0.15506544908636904,0.08400636113260773,0.15495299364258858
180,3.0,feeder2_459,0.07573421773574779,0.13480778355823508,0.07572674507165428,0.13469405480914892
180,3.0,feeder2_702,0.07708751403386581,0.1334938209581505,0.07707881695910355,0.133376905529882
180,3.0,feeder2_493,0.0756375881993914,0.13563467650715583,0.07562694422361733,0.13552277995503684
180,3.0,feeder2_651,0.08137928674596626,0.08154464645953224,0.08137479740200569,0.08139875792616116
180,3.0,feeder2_684,0.08525542358617852,0.07594154588208041,0.0852490126700804,0.07579061481136662
180,3.0,feeder2_674,0.07543457026987263,0.13601923160440604,0.07542777751343761,0.13590397634114323
180,3.0,feeder2_696,0.07577798266006729,0.13646672645533084,0.07577012023479582,0.13635124411711597
180,3.0,feeder2_681,0.0751505262670349,0.13651347740386358,0.07514128631906397,0.13639840308836013
180,3.0,feeder2_682,0.07503873166358128,0.13686673128245425,0.07502953655821346,0.13675235510042574
180,3.0,feeder2_728,0.08527633838191304,0.07574035002808645,0.08526944054203608,0.07558970014134814
180,3.0,feeder2_724,0.08835066473115731,0.07168892265822255,0.0883447614004388,0.07153387868328819
180,3.0,feeder2_703,0.07596336266515638,0.13708788720739482,0.07595200726043976,0.1369738402929404
180,3.0,feeder2_704,0.0758161508040494,0.1366003513953639,0.07580557195528452,0.13648483764977212
180,3.0,feeder2_754,0.08983411076980352,0.0706371729901133,0.08982598250963217,0.07048413375112465
180,3.0,feeder2_747,0.08945279135657963,0.07091974801886199,0.08944630643250996,0.07076399139494215
180,3.0,feeder2_828,0.08522747501913595,0.07575922293640355,0.08522025319812915,0.0756075277418017
180,3.0,feeder2_763,0.0853295291429721,0.07542189084549425,0.08532438717323701,0.07527039729942936
180,3.0,feeder2_836,0.08947646641220065,0.07102551243713873,0.08946856808373498,0.07087030633368717
180,3.0,feeder2_758,0.09039073685942418,0.07034047795155161,0.09038318317715312,0.07018385459573956
180,3.0,feeder2_788,0.09193959269895265,0.06932034985933508,0.09193457091067987,0.06916880185176884
180,3.0,feeder2_812,0.09287735995253775,0.07067482239847339,0.09286942965096799,0.07052201564152465
180,3.0,feeder2_947,0.08581624942654462,0.07478881954377004,0.08581053496098084,0.07463710589873392
180,3.0,feeder2_868,0.08654193169922682,0.07445759373111246,0.08653726737759501,0.07430693332523952
180,3.0,feeder2_785,0.08509294760566817,0.07610007333470852,0.08508928806238289,0.07595015765925947
180,3.0,feeder2_1176,0.0825440232526196,0.07530485471236166,0.08253491657730581,0.0751517316179319
180,3.0,feeder2_846,0.0846136630235959,0.07764367077034527,0.08460451020681192,0.0774912011156301
180,3.0,feeder2_911,0.08510747368629197,0.07599994114409937,0.08510269998065208,0.07584748701915778
180,3.0,feeder2_1107,0.09349169481885485,0.06828873917251849,0.09348905471501331,0.06814547973096757
180,3.0,feeder2_920,0.09340766412327382,0.07160465457990191,0.09340143931041904,0.07145016311963194
180,3.0,feeder2_926,0.09423298762529264,0.07291320721559681,0.094225427633264,0.07275677372959669
180,3.0,feeder2_1239,0.09336992440292609,0.07171576559613962,0.09336196008910148,0.07156375030137509
180,3.0,feeder2_933,0.09459760116856113,0.07352975390877671,0.09459165326380599,0.07337431231699734
180,3.0,feeder2_1146,0.09424212504089932,0.0727645732361759,0.09423821466122621,0.07261146980950538
180,3.0,feeder2_1124,0.09460975268109144,0.07357550493674873,0.09460390755920697,0.073419767627789
180,3.0,feeder2_942,0.09550630479350128,0.07505318031343565,0.09549961849243639,0.0748956807064503
180,3.0,feeder2_952,0.09663056189486467,0.07779483436036645,0.09662467536797187,0.07763211843488936
180,3.0,feeder2_965,0.09553541352427812,0.07499202411135096,0.09552827464546947,0.0748319714463539
180,3.0,feeder2_961,0.09674973784932624,0.07812499507976053,0.09674356537341226,0.07796274767655231
180,3.0,feeder2_963,0.09663115301365079,0.07778757446290462,0.09662776341188786,0.07762458178091955
180,3.0,feeder2_973,0.09744958677388031,0.07940144634250068,0.09744746520771778,0.0792398575294756
180,3.0,feeder2_1128,0.09663727215320428,0.07895570663165918,0.0966341319987115,0.07879591787994722
180,3.0,feeder2_1113,0.09667676421018866,0.07772462648458577,0.09667112174614345,0.07756248883523925
180,3.0,feeder2_1143,0.09665998078957741,0.0774715532031614,0.09665421432008707,0.07730727840620134
180,3.0,feeder2_1238,0.09810399419498672,0.07394855465832226,0.09809943192065543,0.07379715581491551
180,3.0,feeder2_979,0.09552600045730267,0.07502104537401996,0.09552198276340447,0.0748657121346572
180,3.0,feeder2_1236,0.09847936079665595,0.08124667870750187,0.09847640702355656,0.08108012361428667
180,3.0,feeder2_989,0.09744975719825151,0.07940202881008995,0.09744746520771778,0.0792398575294756
180,3.0,feeder2_1196,0.09536472270302083,0.07515448521971915,0.09535935318811471,0.07499619466367166
180,3.0,feeder2_1158,0.09747958627407163,0.07946266298778557,0.09747424943094858,0.07929646974367838
180,3.0,feeder2_1122,0.09375155409460745,0.06782452194008715,0.0937456367987921,0.0676830235018519
180,3.0,feeder2_1258,0.09288085673757361,0.06779606890391073,0.0928744432774885,0.06765204024171449
180,3.0,feeder2_1303,0.09523754919452793,0.0673062768021902,0.09523002321098784,0.06716979637634862
180,3.0,feeder2_1138,0.09383876024642218,0.06776297917354349,0.09383259104575795,0.06762471980538853
180,3.0,feeder2_1304,0.0933375435482062,0.06821923845197604,0.09333376183165201,0.06808293414226214
180,3.0,feeder2_1212,0.09412271967014159,0.0674093314612925,0.09411702992909916,0.06727735653051116
180,3.0,feeder2_1311,0.09552974718480328,0.06698132292853066,0.0955227241009214,0.06685051372946371
180,3.0,feeder2_1290,0.09421809321690951,0.06759981060526267,0.09421269673052449,0.06747185162346853
180,3.0,feeder2_1325,0.0998594515696445,0.08366134986988613,0.09985289823856683,0.08348580753962856
180,3.0,feeder2_1248,0.09847956053647712,0.0812471458099234,0.09847640702355656,0.08108012361428667
180,3.0,feeder2_1249,0.0981345435801482,0.07390446751303686,0.09812778449815249,0.07374982596911593
180,3.0,feeder2_1250,0.09983543698474824,0.07337947595215989,0.09982842664564108,0.07322873383194617
180,3.0,feeder2_1366,0.09850481135929595,0.0813099753398081,0.09850008799128282,0.0811411197067405
180,3.0,feeder2_1266,0.09226069538706215,0.06725613546174045,0.0922524189363886,0.06710636879995117
180,3.0,feeder2_1372,0.09445589757722686,0.0673275309256412,0.09445055366083614,0.06720196353524094
180,3.0,feeder2_1363,0.0942824489791682,0.06832668007929112,0.09427534184617034,0.06820498863036825
180,3.0,feeder2_1446,0.10128037131167551,0.08309239447367808,0.10127497691207164,0.08292005466739234
180,3.0,feeder2_1502,0.10099706379341905,0.08731589116287482,0.10099126444726093,0.08713239373115111
180,3.0,feeder2_1428,0.09382708663955429,0.06877822150015639,0.09382080444334497,0.06865885759473095
180,3.0,feeder2_1380,0.09453740717286792,0.06866175356367048,0.09453476325435904,0.06854617899618293
180,3.0,feeder2_1550,0.09458919875014389,0.06860416005935395,0.09458483704715308,0.0684890219141538
180,3.0,feeder2_1386,0.09465892957174037,0.06889920139693774,0.09465320243295619,0.0687870839945032
180,3.0,feeder2_1551,0.09450507206141835,0.06903294208848497,0.09449863890952016,0.06892094138491466
180,3.0,feeder2_1400,0.09472457921942493,0.06899287962308391,0.09472158748607146,0.06888131536501339
180,3.0,feeder2_1552,0.09451929756665658,0.06917014333747666,0.09451066488023942,0.06905626917677721
180,3.0,feeder2_1408,0.0948838090756641,0.06911910425442057,0.0948792084690046,0.06901282792707153
180,3.0,feeder2_1553,0.09456409834516603,0.06944462142329084,0.09455742871965621,0.06933578545313494
180,3.0,feeder2_1416,0.09498383605151836,0.06912390859296762,0.09497603393608282,0.06901511940764105
180,3.0,feeder2_1530,0.09697271110961204,0.06891676297603834,0.0969697911753947,0.06881458570839437
180,3.0,feeder2_1425,0.09494370823763158,0.06936744504371942,0.0949384171960141,0.06926102917533011
180,3.0,feeder2_1589,0.09472694375330439,0.06959567130873669,0.09472052710352491,0.06948712011138232
180,3.0,feeder2_1435,0.09494067553149181,0.06939570433727925,0.09493695379336649,0.06928914693909133
180,3.0,feeder2_1621,0.09496814827171873,0.06938584868758738,0.09496218549768182,0.0692752022000205
180,3.0,feeder2_1564,0.0948629550019353,0.06971083290091731,0.09485697083294453,0.06960242556814086
180,3.0,feeder2_1704,0.10010233335650245,0.08660666733188505,0.10009805141334284,0.08642522313992325
180,3.0,feeder2_1525,0.10131630638561485,0.08848260401907763,0.10131230810072622,0.08829979523488816
180,3.0,feeder2_1716,0.10133210093640475,0.08854454623026173,0.10132868938308208,0.08836468989696494
180,3.0,feeder2_1537,0.10167086960179852,0.08977664701317063,0.10166632438454654,0.08958969512625485
180,3.0,feeder2_1645,0.10157123236146016,0.08983194017693723,0.10156752164812378,0.08964898441913176
180,3.0,feeder2_1561,0.10208621611404048,0.0912180101216077,0.10208324525351271,0.09103369527417725
180,3.0,feeder2_1657,0.10220653659149723,0.0910762312176966,0.10220605538347417,0.09089111748445554
180,3.0,feeder2_1570,0.10226246096148814,0.09187554079072358,0.10225623840464726,0.09168944304434098
180,3.0,feeder2_1756,0.10488712061426071,0.09081493507250521,0.10488334973347971,0.09063218281168817
180,3.0,feeder2_1588,0.10238902818064985,0.09257596949163521,0.10238706644501551,0.09238911443642864
180,3.0,feeder2_1628,0.10254918633501081,0.09239030651549354,0.10254690282316901,0.09220208378620214
180,3.0,feeder2_1598,0.10254355605575408,0.09351556368624377,0.1025396813646047,0.09332797740332952
180,3.0,feeder2_1816,0.10259698493513957,0.09365337706729081,0.10259543266503604,0.09346518350415953
180,3.0,feeder2_1765,0.10255179004896386,0.09363986363612492,0.1025474358722458,0.09345097847827039
180,3.0,feeder2_1641,0.10326567071049184,0.09799419470745982,0.1032631531092147,0.09780087102628865
180,3.0,feeder2_1689,0.10363568192325671,0.10239786305251763,0.1036340896680129,0.10219464328768918
180,3.0,feeder2_1744,0.1039569247520953,0.09768942770853356,0.10395368352852645,0.09749733903479625
180,3.0,feeder2_1817,0.10361725665581924,0.10245228102206498,0.10361715864884047,0.10225318735275568
180,3.0,feeder2_1779,0.10363548852699918,0.10240783592990928,0.10363177818570797,0.1022061656685419
180,3.0,feeder2_1800,0.10358818063374968,0.10243795428760562,0.10358184840070703,0.10223579847057052
180,3.0,feeder2_1818,0.11082063987367012,0.11087781704623798,0.1108236706706636,0.11066035589047497
180,3.0,feeder2_1753,0.10602866264709818,0.09691301448046953,0.10602554481024092,0.09672171473347868
180,3.0,feeder2_1754,0.10398555686236242,0.09765469409721904,0.10398559141934104,0.09746323183239586
210,3.5,secondary,0.010859739313014052,0.010952366684563827,0.010846850073276529,0.010957966246778536
210,3.5,feeder2_44,0.020197608871739985,0.057088355509177256,0.020177641620391252,0.05711521553884634
210,3.5,feeder2_45,0.020575636625603688,0.05898734173226895,0.020553782053844432,0.059016613858943856
210,3.5,feeder2_46,0.01743714424465536,0.055465614595388985,0.017415122712004318,0.055485131726791224
210,3.5,feeder2_51,0.02111799368941095,0.06261507683758721,0.02109379551638907,0.06264168350247283
210,3.5,feeder2_48,0.02350237427130741,0.057281666869335904,0.023480365470619304,0.05731317148652054
210,3.5,feeder2_52,0.02225072387377388,0.06837371483896049,0.022230062810604228,0.0684012777008977
210,3.5,feeder2_68,0.022855858131761945,0.07068703331601749,0.02283125411237713,0.07072131083616442
210,3.5,feeder2_69,0.022839552680688376,0.07076139152367414,0.022814617750004432,0.07079405108692513
210,3.5,feeder2_71,0.02308661676240953,0.07175208664170855,0.02306286010462096,0.07178265411121641
210,3.5,feeder2_72,0.0232981783547365,0.07150217029900378,0.02327154081852093,0.07153549280191336
210,3.5,feeder2_73,0.023807213821192226,0.0751160329000803,0.023781644913149266,0.0751495409729728
210,3.5,feeder2_74,0.023699372085505113,0.07520156606622813,0.023674765134525204,0.07523602730449097
210,3.5,feeder2_77,0.024432085022682702,0.07799065594232346,0.024406601967240118,0.07802579793570615
210,3.5,feeder2_79,0.022633954045693058,0.07688998743016699,0.022607241035153294,0.07692118958283613
210,3.5,feeder2_81,0.02549827207685367,0.08286778381120952,0.02547052794979108,0.08290621596495672
210,3.5,feeder2_82,0.02602112882165328,0.08227010658125744,0.025992816945750508,0.08230867405416024
210,3.5,feeder2_116,0.030211902234138163,0.10536923630146033,0.030178315879967277,0.10542223377891212
210,3.5,feeder2_119,0.029717809804805297,0.1077599239906686,0.029684487899116988,0.10781292839461469
210,3.5,feeder2_120,0.03216563564804694,0.11241536503068339,0.03213219689173078,0.11247472950109126
210,3.5,feeder2_248,0.03181077874379622,0.11468771374492986,0.031774850230534,0.11474719790633295
210,3.5,feeder2_124,0.03349891297420811,0.11584394639896696,0.0334634143420265,0.1159069732132755
210,3.5,feeder2_282,0.03362638748507075,0.1156905853079055,0.03358940504130835,0.11574990667558811
210,3.5,feeder2_275,0.03332564402166571,0.11593924713796137,0.03329144329050382,0.11600070819437235
210,3.5,feeder2_151,0.03584688696129285,0.12185329906237406,0.03580700875017634,0.12191929929258435
210,3.5,feeder2_295,0.035849346268526504,0.1218957629193013,0.035812938415940104,0.12196201629008382
210,3.5,feeder2_311,0.03584276859638632,0.12196558439613986,0.03580598313749505,0.1220304119867267
210,3.5,feeder2_201,0.03972165053643359,0.13161039528903756,0.03968166574648712,0.13168492438708554
210,3.5,feeder2_314,0.04101761839851545,0.13090292829668768,0.04097476626850803,0.13097824345850492
210,3.5,feeder2_342,0.04463534894998004,0.14718362139187327,0.0445892762064641,0.14726581341564174
210,3.5,feeder2_368,0.045614907975455095,0.1511763229798098,0.04556927304242611,0.15125301761564763
210,3.5,feeder2_347,0.045344612104255395,0.1476186655641905,0.04530026345960288,0.14771919578053117
210,3.5,feeder2_353,0.045690343251823036,0.14809642152746114,0.045641130296757274,0.14820435820944874
210,3.5,feeder2_518,0.04557929393496306,0.14733713507630228,0.045532027725142,0.14743804960474907
210,3.5,feeder2_365,0.046116072420085745,0.14860164667973294,0.0460660921922971,0.1487173413082818
210,3.5,feeder2_653,0.045411957197302455,0.14832363218430095,0.045363565099369105,0.14843048028108188
210,3.5,feeder2_377,0.0464294310121809,0.14939967518753366,0.04638089015366351,0.149521456597118
210,3.5,feeder2_622,0.04349074814108181,0.14652762495431937,0.04344229047183818,0.1466393950498257
210,3.5,feeder2_451,0.047253088298026616,0.1501698366195008,0.04720521804234345,0.15025047881409337
210,3.5,feeder2_383,0.04688984705464195,0.1588439521889398,0.0468450339094215,0.15891230932236627
210,3.5,feeder2_385,0.046791142953507475,0.15035995702904026,0.04673735949918427,0.15048647905880888
210,3.5,feeder2_621,0.04643259330524553,0.14943568701981888,0.04638293709659999,0.14955902572662771
210,3.5,feeder2_611,0.04647778336198608,0.16035718042356958,0.04643033295572081,0.16042327092240935
210,3.5,feeder2_405,0.04698570583441995,0.1592575553190698,0.04694014449919058,0.15932243376743202
210,3.5,feeder2_461,0.0486682479801798,0.15226059577394685,0.048617811788364114,0.15242045994424602
210,3.5,feeder2_594,0.046496889794422624,0.15184763085594227,0.04644485369597023,0.15197672824723918
210,3.5,feeder2_732,0.04629832813800698,0.16213191391259119,0.046252816788059606,0.1621988955559587
210,3.5,feeder2_417,0.04782465168670873,0.16180541353479266,0.04778076887211068,0.16186678006357777
210,3.5,feeder2_663,0.04787430156496092,0.16190724847856044,0.04782891695634874,0.16196879803683462
210,3.5,feeder2_444,0.04847550216196232,0.16376429142433788,0.04843014783010866,0.16382183076565288
210,3.5,feeder2_759,0.05239758040318648,0.16138091311691188,0.052353704277695735,0.1614457735707423
210,3.5,feeder2_842,0.05583541330897475,0.17573758109054116,0.05579930962174091,0.17577306199457102
210,3.5,feeder2_459,0.04846781137861506,0.16390089593717366,0.0484220626516538,0.16395970403536167
210,3.5,feeder2_702,0.04851036990412836,0.16384148372777207,0.04846413007988183,0.16390115473320313
210,3.5,feeder2_493,0.04843546870145833,0.16444268104660062,0.048392092291810435,0.16450242292335704
210,3.5,feeder2_651,0.048653886153559416,0.15229768880044325,0.048598479971392335,0.15245217065282654
210,3.5,feeder2_684,0.05021069836907046,0.15443784252560133,0.050153302730740305,0.1546213084283963
210,3.5,feeder2_674,0.04833753277810025,0.164690729634824,0.04829369427574253,0.16474955061281238
210,3.5,feeder2_696,0.0485501927966866,0.16494858080546493,0.048505777076860934,0.1650066862746081
210,3.5,feeder2_681,0.0481233455632448,0.16534489464396632,0.04807753329852902,0.16540382882110052
210,3.5,feeder2_682,0.048263980354301815,0.16472788894125456,0.048220124221935515,0.16478642379980563
210,3.5,feeder2_728,0.050232209155416346,0.15427069775626617,0.05017375823179828,0.1544531622976096
210,3.5,feeder2_724,0.0518030316184298,0.1576632941533206,0.051742269880340426,0.1578680402430222
210,3.5,feeder2_703,0.04865852126392198,0.1652960442190453,0.04861483319213407,0.1653524267627374
210,3.5,feeder2_704,0.04857133061411876,0.16502219566144988,0.048527799630429067,0.16507883027155346
210,3.5,feeder2_754,0.05318983157973954,0.15724227386817807,0.053130796133831135,0.15745243443643764
210,3.5,feeder2_747,0.05228391873818328,0.15943043289457617,0.05222485457787407,0.15964915134851734
210,3.5,feeder2_828,0.050188096206723556,0.15431291472127884,0.05012986212930179,0.15449519834375053
210,3.5,feeder2_763,0.050285713499277705,0.1539657523537749,0.05022823448678829,0.15414704957101213
210,3.5,feeder2_836,0.05095227618906047,0.15819599816356705,0.05089179476906886,0.15841298721725675
210,3.5,feeder2_758,0.05277093307495019,0.1615112337129176,0.052709280031332274,0.16173467206478837
210,3.5,feeder2_788,0.054222265387326184,0.16108016272083686,0.05416136084427676,0.16130741353517794
210,3.5,feeder2_812,0.05386449687942535,0.16891694088730128,0.053800197919772454,0.16916384098502338
210,3.5,feeder2_947,0.050838924417174504,0.15337867045148235,0.050783341773113555,0.1535635124832841
210,3.5,feeder2_868,0.05047200439793764,0.15376756919687826,0.05041587518630384,0.15395216603474518
210,3.5,feeder2_785,0.0502615164154356,0.15405629470011797,0.050204812852548415,0.15423867246222714
210,3.5,feeder2_1176,0.05022605769391741,0.15412348549675006,0.05016925771548046,0.15430379177008657
210,3.5,feeder2_846,0.050049722810350084,0.15427267764380576,0.049991848078309684,0.15445201601928876
210,3.5,feeder2_911,0.050280811431274275,0.153956051818265,0.0502254396528832,0.15413833714906494
210,3.5,feeder2_1107,0.053580742415452486,0.17856647214171886,0.05351798995932884,0.17881755170701777
210,3.5,feeder2_920,0.054263666305968926,0.16838305475471507,0.05419924368060859,0.16863744563782895
210,3.5,feeder2_926,0.054890316716740925,0.16748386314432326,0.05482623755901412,0.16774849758481614
210,3.5,feeder2_1239,0.054226186722601294,0.1685355964054709,0.054161681173320264,0.1687903455908264
210,3.5,feeder2_933,0.055091619146175316,0.16716117730700114,0.05502454405698241,0.16742764578417627
210,3.5,feeder2_1146,0.055249308959001694,0.16717387729950703,0.05518236816540926,0.1674402677020396
210,3.5,feeder2_1124,0.054237942094894936,0.1663286580906362,0.05417178296619761,0.16659649386815775
210,3.5,feeder2_942,0.055695690170089567,0.16707874263868586,0.055630736495768086,0.16735589717700555
210,3.5,feeder2_952,0.056534210400562425,0.16577860001713196,0.05646402695225003,0.1660684735401527
210,3.5,feeder2_965,0.055702563565354524,0.16723749318357106,0.05563353666596801,0.1675120663358721
210,3.5,feeder2_961,0.05659134337514171,0.1656818900245314,0.05652423987700558,0.16597365217105145
210,3.5,feeder2_963,0.056541385887852055,0.16576975432485244,0.05647228450696664,0.16606182628330643
210,3.5,feeder2_973,0.056902710535105226,0.16513972272423805,0.05683370973404021,0.16544063353115246
210,3.5,feeder2_1128,0.05657845883519174,0.16573341671393904,0.05650854905003478,0.166026775944676
210,3.5,feeder2_1113,0.05714859402106513,0.16572668493048082,0.05707768198462344,0.16601721735818686
210,3.5,feeder2_1143,0.05658173556476376,0.16548797633595438,0.056512675164890294,0.16577653723650473
210,3.5,feeder2_1238,0.057558184628240215,0.1670450773004167,0.05749189497589642,0.1673241990781488
210,3.5,feeder2_979,0.05567345936603543,0.1674789087279119,0.05560783944571182,0.16775704929526436
210,3.5,feeder2_1236,0.05735360206991925,0.16431445839768938,0.05728561514698458,0.1646250884817658
210,3.5,feeder2_989,0.05690284128063465,0.16513992283130496,0.05683370973404021,0.16544063353115246
210,3.5,feeder2_1196,0.05562457318772852,0.16845272970867606,0.05555737039782362,0.16872776734397418
210,3.5,feeder2_1158,0.056904473082695785,0.1651515254955918,0.056832106355691026,0.16544566052653367
210,3.5,feeder2_1122,0.053468097778264626,0.18230380042370364,0.053404535981669166,0.18255568868069658
210,3.5,feeder2_1258,0.05353152239745117,0.1785650638887574,0.05346745131632856,0.17881212423872853
210,3.5,feeder2_1303,0.05357476286269454,0.18219043213603597,0.05351331253088737,0.18244309348385046
210,3.5,feeder2_1138,0.05338178010026195,0.18529389719167033,0.053319275927475034,0.1855448666975224
210,3.5,feeder2_1304,0.0531894777125768,0.18694568207638748,0.05312634585723445,0.18719478580230925
210,3.5,feeder2_1212,0.05339310795509682,0.19026223890797603,0.053330232427281944,0.19051330523375723
210,3.5,feeder2_1311,0.055854846708309924,0.19010480349320075,0.05579160200545909,0.19036043490938298
210,3.5,feeder2_1290,0.05288893354970196,0.1968014333677837,0.05282868694377946,0.1970551702138642
210,3.5,feeder2_1325,0.05794325643561672,0.16316861697228263,0.05787001836052322,0.16349286466116433
210,3.5,feeder2_1248,0.05735356620552779,0.16431449499938575,0.05728510018488145,0.16462468944920644
210,3.5,feeder2_1249,0.058081283428704306,0.16701563413484047,0.05801374527457491,0.16729441036883336
210,3.5,feeder2_1250,0.05761009793632818,0.16699424492894463,0.05754398881196956,0.1672754331870177
210,3.5,feeder2_1366,0.05734582747343029,0.164316615194003,0.05727274414747621,0.16462272572327205
210,3.5,feeder2_1266,0.05352837786290434,0.17857228528207164,0.05346491040470832,0.17881988800052578
210,3.5,feeder2_1372,0.05316711884515159,0.19654913777794716,0.053106594823752774,0.1968067229277302
210,3.5,feeder2_1363,0.0523219213593863,0.20419670886425226,0.0522589549926734,0.20444815539111644
210,3.5,feeder2_1446,0.059082486240660814,0.1630930048750489,0.05900612906698539,0.16341956677483674
210,3.5,feeder2_1502,0.05823702768333767,0.162162003246875,0.05815859887090167,0.1624981622702032
210,3.5,feeder2_1428,0.052283218665350524,0.20583752274090616,0.05222281306452224,0.20608879151676934
210,3.5,feeder2_1380,0.05197442899889316,0.21050293210763274,0.051913710914545705,0.21075327970321633
210,3.5,feeder2_1550,0.05278080711567132,0.21042688269801946,0.052720557439783614,0.21067847781990412
210,3.5,feeder2_1386,0.05169990517650888,0.21367409423492623,0.05163742826908753,0.2139248280254185
210,3.5,feeder2_1551,0.05207276254293148,0.21548930062569616,0.052015636745305543,0.21574146013129478
210,3.5,feeder2_1400,0.051604495078820804,0.21474727318224637,0.051545544722773756,0.21499508732067577
210,3.5,feeder2_1552,0.05143918382464432,0.2149264964003958,0.05138054943663182,0.21517991386207325
210,3.5,feeder2_1408,0.05143344709621373,0.2168847203909232,0.05137654031776483,0.21713465407772864
210,3.5,feeder2_1553,0.05190261917313077,0.21941565486710055,0.05184251142268555,0.2196662877087054
210,3.5,feeder2_1416,0.05139179736664516,0.21741342245447337,0.051332328420150924,0.21766291080491706
210,3.5,feeder2_1530,0.05162808386361769,0.21719626110484003,0.051567531547578996,0.21744292152188704
210,3.5,feeder2_1425,0.05129244531794793,0.2185417400157702,0.05123512702962314,0.21879350798674632
210,3.5,feeder2_1589,0.05113859220632286,0.2187678155221299,0.05107783931153963,0.2190158652586201
210,3.5,feeder2_1435,0.051277276607978664,0.21874846830175146,0.051216979641791754,0.21899920108083337
210,3.5,feeder2_1621,0.05118345511421155,0.21874486163395543,0.051122764264821076,0.21899188480803056
210,3.5,feeder2_1564,0.051085971102198466,0.22116641028772252,0.051026071440744586,0.22141835301535082
210,3.5,feeder2_1704,0.05720652614005508,0.1611082402819655,0.05713023882081619,0.16144638999310512
210,3.5,feeder2_1525,0.058353611098368195,0.162265069891604,0.05827455786310066,0.16260461611683738
210,3.5,feeder2_1716,0.055849261255990566,0.15968129918944798,0.05577111895144243,0.1600191871949798
210,3.5,feeder2_1537,0.05853329925006216,0.16275788259039375,0.05845312453425332,0.16310055572747595
210,3.5,feeder2_1645,0.05863057770896157,0.16455445119218676,0.05855223789247554,0.1649008501535764
210,3.5,feeder2_1561,0.058852277631911684,0.1622755171891357,0.05877085256708435,0.16262612177153316
210,3.5,feeder2_1657,0.05968636627074136,0.16221350428472167,0.05960822818418216,0.16257165560869533
210,3.5,feeder2_1570,0.05894022294435923,0.16210778472831353,0.058860613957130034,0.16246331403233175
210,3.5,feeder2_1756,0.063964359583516,0.16232385579465955,0.06388197169200294,0.16269064741264475
210,3.5,feeder2_1588,0.058940974118009554,0.16198067466268,0.0588607796816372,0.1623375008359784
210,3.5,feeder2_1628,0.059113308031701076,0.16182567229264094,0.05903337486439915,0.16218372400937675
210,3.5,feeder2_1598,0.0589348193733629,0.16186787161779753,0.05885399115399365,0.16222642269551835
210,3.5,feeder2_1816,0.05893513097710831,0.161874995554306,0.05885419188189307,0.16223592613658716
210,3.5,feeder2_1765,0.05886997325318637,0.16180885465518352,0.058788370539813006,0.1621691838562025
210,3.5,feeder2_1641,0.058872859076368966,0.161308313772517,0.05879250204616882,0.1616789504208698
210,3.5,feeder2_1689,0.05880164117978491,0.16098801152881645,0.05871362686674396,0.1613676260592618
210,3.5,feeder2_1744,0.058963892876666854,0.16121614236313078,0.05887804582764232,0.16158480358737173
210,3.5,feeder2_1817,0.058783179400849525,0.16106370301192244,0.058700163496318084,0.1614444385179147
210,3.5,feeder2_1779,0.05820952460882762,0.1603730671581134,0.05812476426110246,0.16075267074103006
210,3.5,feeder2_1800,0.05875767760395563,0.16103986768662473,0.05867252250040466,0.16141947088220632
210,3.5,feeder2_1818,0.05888108286995227,0.1606110072137859,0.058782932966522955,0.16100953489742656
210,3.5,feeder2_1753,0.05911113994759354,0.16106035199524069,0.05902764707702953,0.16143326576020417
210,3.5,feeder2_1754,0.05899482882967557,0.1611863169975357,0.05890995394147651,0.1615586998612083
240,4.0,secondary,0.009986951704487006,0.010116610835615119,0.010001858665017058,0.010133850539468641
240,4.0,feeder2_44,0.01866393129127905,0.0529863764858842,0.01869383014371128,0.05307698530017343
240,4.0,feeder2_45,0.018987183297787695,0.054628588036308136,0.019017069311629557,0.054721932190515354
240,4.0,feeder2_46,0.018464801778694414,0.053202848468973336,0.018494897987666858,0.05329415654279669
240,4.0,feeder2_51,0.01953548154620094,0.057582761991847135,0.019567622144176525,0.057684121485528844
240,4.0,feeder2_48,0.01957154757762746,0.05399734892978003,0.019602760636966702,0.05408891962115382
240,4.0,feeder2_52,0.021276101906944764,0.06393075557401307,0.021312294877906784,0.06403167837885003
240,4.0,feeder2_68,0.02129694048362266,0.06353175894371824,0.021331094303535726,0.06364502230794745
240,4.0,feeder2_69,0.0212709533140284,0.06359845618901461,0.0213054713774773,0.06371010773679335
240,4.0,feeder2_71,0.021532582619941287,0.06431637502547542,0.021565465614666834,0.06442707046726721
240,4.0,feeder2_72,0.021753405599581215,0.06406307412021299,0.021786625395852084,0.06417659477688592
240,4.0,feeder2_73,0.02227034861907923,0.06680411717779075,0.022305400743044254,0.06692407324837948
240,4.0,feeder2_74,0.02249068782942675,0.06902605380214151,0.022530720037607664,0.06914815861457906
240,4.0,feeder2_77,0.0229431676802288,0.06859097892472595,0.0229806161035773,0.06871805130800507
240,4.0,feeder2_79,0.022879596397618624,0.06871366049158249,0.022916640205289485,0.06884098707911486
240,4.0,feeder2_81,0.024005513844057236,0.07135500806434829,0.024043820594068264,0.07148755119839326
240,4.0,feeder2_82,0.02453717556860891,0.07075952558777462,0.024574211114632524,0.07089115144929893
240,4.0,feeder2_116,0.02882220076843683,0.08443049297188615,0.02886599005020544,0.08459825940917448
240,4.0,feeder2_119,0.028183817153510413,0.08501295164096824,0.028224489638183765,0.0851756728310444
240,4.0,feeder2_120,0.03074763434187305,0.08901099592821039,0.03079196643274614,0.08919140367110522
240,4.0,feeder2_248,0.03032472552890064,0.08934607433118168,0.030369808579140907,0.08952327080651323
240,4.0,feeder2_124,0.03198478655878821,0.09171547603149316,0.0320317214261946,0.09190310656029708
240,4.0,feeder2_282,0.03211248979227647,0.09155795111392526,0.0321571778903848,0.0917434093513609
240,4.0,feeder2_275,0.031804607019315666,0.09181402722082604,0.03184893557345712,0.09199947436687317
240,4.0,feeder2_151,0.03417094971401522,0.09648180252041404,0.03421914587232103,0.09668442190153367
240,4.0,feeder2_295,0.03417805296801763,0.09652585671728106,0.034225627923275964,0.09672786890707605
240,4.0,feeder2_311,0.03417958533398326,0.09659662056609716,0.03422734295172388,0.0968019551145242
240,4.0,feeder2_201,0.03778316550759935,0.1042017946539072,0.03783594292342373,0.1044301599631993
240,4.0,feeder2_314,0.03986157091200242,0.1030976679675394,0.039910469622436814,0.10331594032795174
240,4.0,feeder2_342,0.041991855605389664,0.1180416521195177,0.04205141704744217,0.11831510416622303
240,4.0,feeder2_368,0.042843476261026796,0.12176750390502158,0.04289874070215902,0.12204832994385478
240,4.0,feeder2_347,0.04249811020716365,0.11834357496637822,0.04255977449752336,0.11861517640102102
240,4.0,feeder2_353,0.04274999104997235,0.11881052917931409,0.04281394791271242,0.11908175676760094
240,4.0,feeder2_518,0.04273042981017083,0.11805560616002916,0.04279340727456234,0.11832842780505459
240,4.0,feeder2_365,0.04307688972861268,0.11934405704256429,0.04314263117245343,0.1196097762902743
240,4.0,feeder2_653,0.0424602616145712,0.11903666132094097,0.0425246919229255,0.11930710030596335
240,4.0,feeder2_377,0.043294525878325274,0.1199217987558325,0.043362639205928345,0.12018719692544536
240,4.0,feeder2_622,0.041789769367687864,0.1183336753303305,0.041852339574017614,0.11860333991266898
240,4.0,feeder2_451,0.043049173635265815,0.12149592606739909,0.04310478298212227,0.12177987515786672
240,4.0,feeder2_383,0.04430757919090407,0.12845849716492175,0.044358365583276736,0.1287535763344663
240,4.0,feeder2_385,0.04354628191353195,0.12063276883967151,0.04361745140960137,0.12089820865436281
240,4.0,feeder2_621,0.04330201792729526,0.11996058316601735,0.0433707505208243,0.1202260128077595
240,4.0,feeder2_611,0.04409554437050925,0.12856957221483567,0.04414925473628652,0.12886610361207626
240,4.0,feeder2_405,0.04440716559836584,0.12888860131909527,0.04446123269296483,0.12918397331312545
240,4.0,feeder2_461,0.044753549755782454,0.12376648893842489,0.044829911118473474,0.12401324065854265
240,4.0,feeder2_594,0.043264733596827455,0.120872284076274,0.04333250005487783,0.12113285535989089
240,4.0,feeder2_732,0.043492479435070786,0.1317631371692431,0.04354905083351388,0.13206296048065608
240,4.0,feeder2_417,0.04528898427531352,0.13158219958846698,0.04533592457794444,0.1318883560649404
240,4.0,feeder2_663,0.04535111755181673,0.13169735412465583,0.04539833469726974,0.13200015013053545
240,4.0,feeder2_444,0.04597359243241929,0.13366654559813915,0.046022900758354406,0.1339758293466148
240,4.0,feeder2_759,0.05042695099002785,0.13065508139065685,0.05047527659969585,0.13095757974854344
240,4.0,feeder2_842,0.05487857793730953,0.14741273946850303,0.05489858081859326,0.14774609851372789
240,4.0,feeder2_459,0.045946799276734084,0.1337975331035883,0.04599184425412622,0.13410690691132973
240,4.0,feeder2_702,0.04598775363446665,0.13373639921386193,0.04603552344810025,0.1340445156516572
240,4.0,feeder2_493,0.045842456324065306,0.1343197719534463,0.04589200562656957,0.13463151023074146
240,4.0,feeder2_651,0.044743475661995845,0.12380345176766987,0.04482230617124511,0.12405371243096544
240,4.0,feeder2_684,0.0457828015137075,0.126961235414522,0.04586546476273721,0.12719036601041564
240,4.0,feeder2_674,0.04570323436633959,0.13463376658713544,0.04575444108243976,0.1349445934996775
240,4.0,feeder2_696,0.04582529480828834,0.13451114781956086,0.045876604913683824,0.1348222966411376
240,4.0,feeder2_681,0.04561165642633457,0.13466261966168505,0.04566126884734502,0.1349709426940673
240,4.0,feeder2_682,0.045283990134957146,0.1358889855362022,0.04533364118964456,0.13619722087815048
240,4.0,feeder2_728,0.04580394071168748,0.12679169758406572,0.04588646159902132,0.12702286819514702
240,4.0,feeder2_724,0.04688039138180458,0.13122862089256965,0.04696992182384847,0.13144003728523954
240,4.0,feeder2_703,0.04599271138756334,0.13492566630320935,0.046035968477461324,0.13523792890473615
240,4.0,feeder2_704,0.04552669623287643,0.13441601850727167,0.04557195421732633,0.13473026055742937
240,4.0,feeder2_754,0.04713844302657899,0.1309656054025566,0.0472264169158985,0.13117487044284964
240,4.0,feeder2_747,0.04732441967541299,0.13327424463334603,0.047415942681294836,0.13347663681290547
240,4.0,feeder2_828,0.04575744262804957,0.12683605335361475,0.04584094299383808,0.1270662660962294
240,4.0,feeder2_763,0.04585795721841888,0.12648024745829722,0.045942060066854064,0.12670857714013967
240,4.0,feeder2_836,0.045982104376481044,0.13201386703809784,0.0460742198406492,0.13222133059207838
240,4.0,feeder2_758,0.04778275748192256,0.13563022964078894,0.047877854944452264,0.13582407125089907
240,4.0,feeder2_788,0.04812149821245454,0.13530401332519867,0.04821340796828065,0.13549582880073865
240,4.0,feeder2_812,0.049184174680330414,0.14380817082234942,0.04928558344504472,0.1439753757531419
240,4.0,feeder2_947,0.046419942745203245,0.12588290562451065,0.04650310760072933,0.12611282733738124
240,4.0,feeder2_868,0.0460473945444976,0.12627832291634336,0.04612989362908078,0.12650434731781335
240,4.0,feeder2_785,0.04583350557432345,0.12657210433046157,0.04591739248272319,0.12680168182676083
240,4.0,feeder2_1176,0.04580402492477581,0.12663676925017084,0.0458885073762514,0.1268678929077173
240,4.0,feeder2_846,0.04561508066422401,0.12679496006846497,0.04569678975282731,0.127023477447862
240,4.0,feeder2_911,0.045853345455521485,0.12646754969930382,0.045935335394000756,0.1266967598671533
240,4.0,feeder2_1107,0.04945266118818912,0.14977227481105157,0.04955499455263707,0.14992464910940892
240,4.0,feeder2_920,0.0495170542504471,0.14457274645185583,0.04961846924366882,0.1447372802487718
240,4.0,feeder2_926,0.05004792016111574,0.145604458292654,0.05015272195373438,0.14576118638051758
240,4.0,feeder2_1239,0.049478856434375336,0.14473382003400734,0.04958116376313446,0.14489587832673306
240,4.0,feeder2_933,0.050280234048308954,0.14610237680505314,0.05038471467808906,0.1462576022022998
240,4.0,feeder2_1146,0.05006499387071811,0.14545965684822434,0.05017271533619823,0.14561814554024313
240,4.0,feeder2_1124,0.0502532192372357,0.14608753216399845,0.05036201607719031,0.14624406796760767
240,4.0,feeder2_942,0.05085995935432187,0.14739347303844133,0.05096860939671704,0.14754298257908677
240,4.0,feeder2_952,0.05120591091376716,0.14725701116609263,0.051315899836794625,0.14740380055484978
240,4.0,feeder2_965,0.050926522612561906,0.14766342614683678,0.0510354417493674,0.14781154040399658
240,4.0,feeder2_961,0.05123890016068013,0.1472738095214901,0.05135024401819597,0.1474255004332371
240,4.0,feeder2_963,0.05120686357386749,0.1472503204248581,0.05131786775496365,0.1473986068072728
240,4.0,feeder2_973,0.05146885919175818,0.1468387990556958,0.05158249811074476,0.14698716880450277
240,4.0,feeder2_1128,0.051145064734464465,0.14818470634264277,0.05126134243284544,0.14834078685062121
240,4.0,feeder2_1113,0.05126377470207631,0.1471918050950061,0.05137423896976914,0.1473399028124657
240,4.0,feeder2_1143,0.05125093174123463,0.14696757629326512,0.05136433419098888,0.14712156830705572
240,4.0,feeder2_1238,0.057072358699338424,0.1479872650308767,0.05717685681570672,0.1481073356658893
240,4.0,feeder2_979,0.05088303907733511,0.14806453322415133,0.05098907090498885,0.14821101306045928
240,4.0,feeder2_1236,0.05179871252695434,0.14617894463773806,0.05191481489501693,0.14632870967502185
240,4.0,feeder2_989,0.05146898556198977,0.14683894965437824,0.05158249811074476,0.14698716880450277
240,4.0,feeder2_1196,0.05096207260115053,0.14966645586139352,0.05106952079931031,0.14981928997820937
240,4.0,feeder2_1158,0.05146339856276988,0.14684359977137387,0.05157782152490399,0.14699572190318208
240,4.0,feeder2_1122,0.04960136105161575,0.15251087198142876,0.0497034538493429,0.15265210343190322
240,4.0,feeder2_1258,0.04890495736742348,0.14925099727648533,0.04900368183775193,0.14940279426864272
240,4.0,feeder2_1303,0.04971262945807783,0.15239677340840746,0.049813989947581606,0.15254137116544064
240,4.0,feeder2_1138,0.04971719745710035,0.15473063263658446,0.04982094234608839,0.15486624984451988
240,4.0,feeder2_1304,0.049305526141039516,0.1552859162499028,0.049406600373820206,0.1554229320241037
240,4.0,feeder2_1212,0.05007147953270414,0.15903986703306747,0.050175012382080456,0.15916826902684741
240,4.0,feeder2_1311,0.051495745835111476,0.15900738929375133,0.051596938071630995,0.15912386398784115
240,4.0,feeder2_1290,0.05022291999941192,0.16458330288534384,0.05032618576323013,0.16470473652774648
240,4.0,feeder2_1325,0.05222410522873132,0.14527256380410558,0.052346789776187806,0.14541631846633787
240,4.0,feeder2_1248,0.05179860858291873,0.14617891660952156,0.051914173843182525,0.14632820402225838
240,4.0,feeder2_1249,0.0583446112844309,0.14810320350518477,0.05844687159092077,0.1482114623378872
240,4.0,feeder2_1250,0.05843630273928877,0.14810307932054093,0.058540092651219525,0.1482122810710562
240,4.0,feeder2_1366,0.051781129138237514,0.14617171413473012,0.05189919177618033,0.14632388676943933
240,4.0,feeder2_1266,0.04890196279402013,0.1492540342636099,0.049001406690644844,0.14940373013504177
240,4.0,feeder2_1372,0.05138220968726686,0.16444667276474587,0.051484242674325116,0.16455837601422815
240,4.0,feeder2_1363,0.04999865400354806,0.17092559926668632,0.05010293121327428,0.17104128309054686
240,4.0,feeder2_1446,0.053368993286472474,0.14523687887038952,0.053489302519271274,0.14537599107576524
240,4.0,feeder2_1502,0.05232466346652673,0.14448799145899963,0.05245089280397587,0.1446381563958894
240,4.0,feeder2_1428,0.04964324099618276,0.17143598500301455,0.04974662512108384,0.17155068753388591
240,4.0,feeder2_1380,0.0499323152594059,0.1778377020220342,0.05003652235918499,0.17795569652760812
240,4.0,feeder2_1550,0.05077635365785488,0.1778784355697015,0.05087991838851858,0.17799268165963655
240,4.0,feeder2_1386,0.049793957168271515,0.1812454932015327,0.04990234930224961,0.18136637100248115
240,4.0,feeder2_1551,0.05042519455292096,0.18395096681095752,0.05053333330541413,0.18407116461719567
240,4.0,feeder2_1400,0.04978293465939006,0.1822086536445576,0.04989163320408345,0.18232596863552233
240,4.0,feeder2_1552,0.04960826835569665,0.182412385963613,0.04971545896420125,0.1825258602408789
240,4.0,feeder2_1408,0.0497868956186255,0.18410363219992198,0.04989220516329784,0.18421947474365963
240,4.0,feeder2_1553,0.04954373365203326,0.18445730050220424,0.04965223832502841,0.18457463803478735
240,4.0,feeder2_1416,0.049806822243783286,0.18501397573568093,0.049913633669253006,0.18512888852923792
240,4.0,feeder2_1530,0.05118949574027528,0.18494825062513298,0.05129668258057831,0.18505805813928605
240,4.0,feeder2_1425,0.04965019967000609,0.18687697389903715,0.049757095299947394,0.18699812677982036
240,4.0,feeder2_1589,0.05056592565802799,0.19034951122897575,0.05067441414916237,0.1904744446754873
240,4.0,feeder2_1435,0.04964505038843443,0.18690460621285537,0.04975029412279848,0.18702374154521728
240,4.0,feeder2_1621,0.04955157275807709,0.18686155270400084,0.04965787291823302,0.1869844795311378
240,4.0,feeder2_1564,0.049568577228420146,0.1872484757096153,0.04967560626116819,0.18737032132359224
240,4.0,feeder2_1704,0.052262844042499326,0.14443589857838973,0.052387255899147195,0.14458987059997327
240,4.0,feeder2_1525,0.05234301140748369,0.14429538972015213,0.05247065598217608,0.1444468717619221
240,4.0,feeder2_1716,0.05231379490651838,0.14427406417561633,0.052440324617022464,0.1444214347790869
240,4.0,feeder2_1537,0.0523607601775781,0.14408040574136283,0.0524905407529225,0.1442307252375154
240,4.0,feeder2_1645,0.05226385436565109,0.14417065107901278,0.0523915383330618,0.14431721432488018
240,4.0,feeder2_1561,0.052393937011808264,0.1437905150416417,0.05252246008276394,0.14393665584310766
240,4.0,feeder2_1657,0.05253175624846027,0.1436703644238727,0.05266228786011216,0.1438179469550253
240,4.0,feeder2_1570,0.0524032865056342,0.14369680718546674,0.052532739463043925,0.14384551081526128
240,4.0,feeder2_1756,0.05520504892981176,0.14370095097738378,0.055334199784972185,0.14383194956844775
240,4.0,feeder2_1588,0.05236655375854697,0.14363155472858416,0.05250032064619185,0.14377945412884707
240,4.0,feeder2_1628,0.0525476837937477,0.1434767940726305,0.0526798014734637,0.14362862124964842
240,4.0,feeder2_1598,0.0523122713663336,0.14359717937767844,0.05244496166878128,0.1437512599929316
240,4.0,feeder2_1816,0.05229075839120324,0.14359094065221142,0.052420855718923104,0.14374416585026542
240,4.0,feeder2_1765,0.05221513202779966,0.14351662300177212,0.05234826164533478,0.14367215244090686
240,4.0,feeder2_1641,0.05201662524314573,0.14343616491534766,0.05215477511041778,0.14359844516342526
240,4.0,feeder2_1689,0.05174315293453209,0.14346351144313763,0.05188321289802712,0.1436315666807046
240,4.0,feeder2_1744,0.05211626434475601,0.14334006418255807,0.05225185464514372,0.143500879936805
240,4.0,feeder2_1817,0.05160946489603134,0.14475209223288765,0.051747684015639756,0.14492425859820188
240,4.0,feeder2_1779,0.05112297273239736,0.1428311492794665,0.05126162376920207,0.143002129794988
240,4.0,feeder2_1800,0.05169858638317593,0.14351958539466245,0.05183754249003596,0.14368562882553707
240,4.0,feeder2_1818,0.050891728363679396,0.14252348508585175,0.051061659089006985,0.14268798028445084
240,4.0,feeder2_1753,0.05227732645429554,0.14317814801178533,0.05241579760840167,0.14333948554273107
240,4.0,feeder2_1754,0.052150144533739735,0.14330886001845214,0.05228682133202126,0.14346794647423788
270,4.5,secondary,0.023838213469412447,0.008405148911759084,0.023821786408131856,0.00844120007492981
270,4.5,feeder2_44,0.044531151038840824,0.04400425049254307,0.04450838244509505,0.04418139166650221
270,4.5,feeder2_45,0.04529743866317218,0.045090981685084984,0.04526833748674785,0.045279983350370416
270,4.5,feeder2_46,0.043573572209643995,0.047478600368338515,0.04354695255892939,0.047653817959569425
270,4.5,feeder2_51,0.04662993149478382,0.046962422581011055,0.04660372385121091,0.04715471512515922
270,4.5,feeder2_48,0.04563752604498307,0.04513272863951992,0.045611799331212406,0.04531480388528267
270,4.5,feeder2_52,0.045349838931296155,0.04650186768757553,0.0453241643154934,0.04669714815742229
270,4.5,feeder2_68,0.05057517670674328,0.05255206724121805,0.05054686686106389,0.052769718101053506
270,4.5,feeder2_69,0.05066913099829208,0.052704111838910245,0.050635944113017924,0.05292749918944097
270,4.5,feeder2_71,0.05109779409832512,0.05328870274185509,0.05106374979655452,0.05351778050287062
270,4.5,feeder2_72,0.051211508661778024,0.05332972943279732,0.051179454572197934,0.053556394362129174
270,4.5,feeder2_73,0.052736282478420826,0.055589801397034656,0.05270884720327406,0.05582528795787012
270,4.5,feeder2_74,0.05260285749760102,0.05545445972794787,0.05257211619509127,0.055691997737642655
270,4.5,feeder2_77,0.05414850433774533,0.05758993314004467,0.0541187121183909,0.057834278430658595
270,4.5,feeder2_79,0.05433534013573806,0.05792629433723705,0.05430519048821989,0.05816907388084922
270,4.5,feeder2_81,0.05635745945916722,0.06064568786365447,0.056320794143594595,0.06091021947119069
270,4.5,feeder2_82,0.0566559163634321,0.06071692371338199,0.05661983980718704,0.06098261657192715
270,4.5,feeder2_116,0.06633728032224145,0.07430357141409538,0.06629749606544849,0.07464058366033918
270,4.5,feeder2_119,0.06555424017094787,0.07351602814242181,0.0655132761031918,0.07385343594852328
270,4.5,feeder2_120,0.070141260097121,0.07984601083170237,0.07009886597438016,0.08020439218451463
270,4.5,feeder2_248,0.06964762467765366,0.07935440164285995,0.06960844144114296,0.07971353815331554
270,4.5,feeder2_124,0.07252229709066103,0.08346722610845572,0.07247648963614492,0.08384732701019215
270,4.5,feeder2_282,0.07258231827729916,0.08350843697626045,0.07254215413390644,0.08388025571754455
270,4.5,feeder2_275,0.07233704691753784,0.08326874815638488,0.07229556938964934,0.08364211959661165
270,4.5,feeder2_151,0.07669702549407863,0.08988185863335044,0.07665380706103668,0.09028385623495026
270,4.5,feeder2_295,0.07675960710491579,0.08995754952418063,0.07671696649146234,0.09035721784796955
270,4.5,feeder2_311,0.07686719799994943,0.09010914271204627,0.07681955942475192,0.09051659160996406
270,4.5,feeder2_201,0.08356538066879234,0.10024830862462505,0.08351525924608327,0.10070204961995823
270,4.5,feeder2_314,0.08438055676615693,0.09974962151121129,0.08433114421177722,0.10020232507286363
270,4.5,feeder2_342,0.09309961357055233,0.1159173613328979,0.093048697378706,0.11642713911378254
270,4.5,feeder2_368,0.09495260462748825,0.12103899037018044,0.09489873557203612,0.12155380776642703
270,4.5,feeder2_347,0.09485257420420812,0.11449206904918446,0.09479616421497249,0.11503975594387153
270,4.5,feeder2_353,0.09573077890493283,0.11390424368775656,0.0956785653386649,0.11445817792392081
270,4.5,feeder2_518,0.09496523559644003,0.1145844186756577,0.09491326848157827,0.11512579670314989
270,4.5,feeder2_365,0.09673678390150406,0.11357106264874159,0.09668052501967568,0.11414187816489464
270,4.5,feeder2_653,0.09540390437603072,0.11356611419222683,0.0953467483317268,0.1141233937505476
270,4.5,feeder2_377,0.09728184275293743,0.11344707513613575,0.09722924891951729,0.11402004684059037
270,4.5,feeder2_622,0.09675992073859861,0.11359441889774852,0.09670356859652439,0.11416397157085996
270,4.5,feeder2_451,0.0950512256551805,0.12110176781611447,0.09499498457319423,0.12161846816790382
270,4.5,feeder2_383,0.09798479902211872,0.12949623848957334,0.09792811361002676,0.13001779791549456
270,4.5,feeder2_385,0.09790256517364954,0.1133411137632771,0.09784284065813165,0.11392662953086494
270,4.5,feeder2_621,0.09735047530346363,0.11351149114962394,0.09729063298488307,0.11409079185962802
270,4.5,feeder2_611,0.09776407129902602,0.12927525475356413,0.09770450904014365,0.1297984307778439
270,4.5,feeder2_405,0.09817882053433401,0.13004587186343394,0.09812524808542175,0.1305614048712184
270,4.5,feeder2_461,0.1005291944866297,0.1141266145794496,0.10047043194363278,0.11473834200477465
270,4.5,feeder2_594,0.09758005343066252,0.11300317048244118,0.09752451074506006,0.1135853874743476
270,4.5,feeder2_732,0.09783530743607252,0.12970406650748814,0.09777681819947075,0.1302248807837423
270,4.5,feeder2_417,0.09966480973655648,0.13429284215108422,0.0996067627378611,0.1348111339045885
270,4.5,feeder2_663,0.0990929253690767,0.13694129561848406,0.09903642019185198,0.13745825466537992
270,4.5,feeder2_444,0.1007770063226904,0.13672852263908966,0.10071891125729461,0.13725088865547871
270,4.5,feeder2_759,0.10243896862604737,0.135481723469135,0.1023787468023814,0.1360060575837855
270,4.5,feeder2_842,0.11555879606458827,0.15584276301602917,0.11548945342884677,0.15635907877085553
270,4.5,feeder2_459,0.10083394557272626,0.13664499261298188,0.10077204218263912,0.13716877259124954
270,4.5,feeder2_702,0.10249771818812636,0.13534571845900742,0.10243961640485945,0.1358672010685825
270,4.5,feeder2_493,0.10088880939303187,0.1368019723036821,0.1008279121135783,0.13732523325540855
270,4.5,feeder2_651,0.10064694215034099,0.11423745117381792,0.10059035954333437,0.11484727928844166
270,4.5,feeder2_684,0.10262756072043017,0.11540296182777941,0.10256691926345533,0.11602771345079418
270,4.5,feeder2_674,0.10083797524835467,0.1367487120038132,0.10078343764870344,0.13726434034288096
270,4.5,feeder2_696,0.10110215460310122,0.13749736296978893,0.10104146159920756,0.1380190717706392
270,4.5,feeder2_681,0.10075012082680071,0.13665508321224484,0.1006956961808079,0.13717117497978862
270,4.5,feeder2_682,0.10076056584995083,0.13666999502176116,0.10070538056989936,0.13718664235843606
270,4.5,feeder2_728,0.10281349050693309,0.11522577035588276,0.10275173008843141,0.11585066398967302
270,4.5,feeder2_724,0.10451987484588171,0.11764147362847349,0.10445895885759326,0.11828337381444415
270,4.5,feeder2_703,0.10153603620237091,0.1380763471923784,0.10147589176104173,0.13859780834264102
270,4.5,feeder2_704,0.10119411222150378,0.13762304572247291,0.10113470614887655,0.1381418839577788
270,4.5,feeder2_754,0.10464008210398154,0.11782342490608234,0.10457791131755428,0.11846568140514882
270,4.5,feeder2_747,0.10529671372312725,0.1185470249487132,0.10523238051144455,0.11919793437711806
270,4.5,feeder2_828,0.10275978203827046,0.1151695229470571,0.10269648585772594,0.11579355676858502
270,4.5,feeder2_763,0.10310927699469466,0.1150640667220857,0.10305005449380227,0.11568049255756599
270,4.5,feeder2_836,0.10444955761205389,0.12152934097143296,0.10438174183293238,0.12218380911969708
270,4.5,feeder2_758,0.10590025191712067,0.11809125703049213,0.10583866760537396,0.11874341098368305
270,4.5,feeder2_788,0.10606249838142125,0.11833338085789027,0.10600098330304131,0.11898443142813774
270,4.5,feeder2_812,0.10777323178516936,0.11670452348960297,0.10770665887808419,0.1173668065172622
270,4.5,feeder2_947,0.10337655880400683,0.11544833870825559,0.10332173747711665,0.11606335293357557
270,4.5,feeder2_868,0.10319886064050487,0.11519386762912992,0.10313915438261434,0.11581043373154361
270,4.5,feeder2_785,0.10327811398824897,0.114783413616575,0.10321424624848306,0.11540121805778873
270,4.5,feeder2_1176,0.10356626830064593,0.11498855665883959,0.10350864156869366,0.11560216173766114
270,4.5,feeder2_846,0.10301545974262148,0.11450890414719049,0.10295735658929611,0.11512215690218999
270,4.5,feeder2_911,0.10368699213706928,0.11444338500189294,0.10362739413728975,0.11505603751302385
270,4.5,feeder2_1107,0.10782130233872547,0.1150658483597391,0.10775894042098619,0.11571364404185538
270,4.5,feeder2_920,0.10828687395467582,0.1168625336600628,0.10822140053630136,0.11752858188014005
270,4.5,feeder2_926,0.10920270450626893,0.11779569563048356,0.10914149261147146,0.11846128450844048
270,4.5,feeder2_1239,0.10811108782426986,0.11608444861058308,0.10804641639927505,0.11675035730600446
270,4.5,feeder2_933,0.10956836430526505,0.11821300555910896,0.10950567856043943,0.11888498135753178
270,4.5,feeder2_1146,0.10939298404567713,0.11784890799044621,0.10933239031308364,0.11850822586701625
270,4.5,feeder2_1124,0.10965605278928146,0.11824944863482786,0.10959451122683982,0.1189200818304804
270,4.5,feeder2_942,0.11046682687016947,0.11927629764833193,0.11040256616876218,0.11995535386258903
270,4.5,feeder2_952,0.11184757944348968,0.12106124402857833,0.11178134813836563,0.12175251971745188
270,4.5,feeder2_965,0.11046007596471415,0.11925702022103538,0.11039838909828806,0.11993256719926397
270,4.5,feeder2_961,0.11196515851596889,0.12123263043677182,0.11189921800531845,0.12192452432495254
270,4.5,feeder2_963,0.11185439099483123,0.12106672621479772,0.11178455510758797,0.12175785708340367
270,4.5,feeder2_973,0.1125969310549114,0.12217898937701892,0.112530879453914,0.12288442580264672
270,4.5,feeder2_1128,0.11195441019261138,0.12117504126692041,0.1118903302469644,0.12186694015570662
270,4.5,feeder2_1113,0.11236615003255189,0.12106657048554915,0.11229848738972895,0.12175606473930291
270,4.5,feeder2_1143,0.11208420034464932,0.12131601879183103,0.1120197688820574,0.12200071591671333
270,4.5,feeder2_1238,0.11053829135096997,0.1194601722403146,0.11047299160617402,0.12013842292998875
270,4.5,feeder2_979,0.1104520711748881,0.11921412843858427,0.11038839104045287,0.11989297632289536
270,4.5,feeder2_1236,0.1135134906282865,0.12360782555481549,0.11344383601077776,0.12433017990607015
270,4.5,feeder2_989,0.11259718509138995,0.12217890846331722,0.11252973344997089,0.1228830132089398
270,4.5,feeder2_1196,0.11026819758550034,0.11903012873260979,0.11020354318839422,0.1197106207026323
270,4.5,feeder2_1158,0.112700134874867,0.12218349699246421,0.11263404077097036,0.12288770500203648
270,4.5,feeder2_1122,0.1077890808472508,0.1144166697972652,0.1077299136072616,0.11505360635335321
270,4.5,feeder2_1258,0.10800307086516552,0.11513889804442223,0.10794318399194268,0.11578437768348868
270,4.5,feeder2_1303,0.10782776388214026,0.11452217140068933,0.10776638401466807,0.1151643194652634
270,4.5,feeder2_1138,0.10776574955014019,0.11387781682185591,0.10770496978714883,0.1145140147193605
270,4.5,feeder2_1304,0.10719773994862826,0.11330398787464845,0.10713869294553555,0.11393748705486374
270,4.5,feeder2_1212,0.10780115509378489,0.11322529956230283,0.10774245257992704,0.11384795011190064
270,4.5,feeder2_1311,0.10914996229962465,0.11320237266284061,0.10908864483217887,0.11382160863393972
270,4.5,feeder2_1290,0.10766747501548457,0.11237375375686016,0.10760765314733366,0.11299214152212297
270,4.5,feeder2_1325,0.11471290961214814,0.12559051336436153,0.11464386088245893,0.1263305217299158
270,4.5,feeder2_1248,0.11351434657202064,0.12360791078965362,0.11344476992732669,0.12433078610449107
270,4.5,feeder2_1249,0.11055100511287044,0.11949926656119993,0.11048857187619414,0.12017486664220188
270,4.5,feeder2_1250,0.11056274056621634,0.11950865872238844,0.11049771192768022,0.12018580508985509
270,4.5,feeder2_1366,0.11363199573668592,0.12362340477279359,0.11356491596082796,0.1243446168605164
270,4.5,feeder2_1266,0.10804817539390678,0.11514706067310317,0.10798868076908323,0.1157928772352207
270,4.5,feeder2_1372,0.10779895220637387,0.11260320264530711,0.10773605845740934,0.11322253343252692
270,4.5,feeder2_1363,0.1075303471569228,0.1111295054620431,0.10746595699061186,0.11174084645898259
270,4.5,feeder2_1446,0.11478734810353403,0.12572469641073258,0.1147221523833156,0.12646555069577198
270,4.5,feeder2_1502,0.11606657103514968,0.12765454972464418,0.11600159244855046,0.12841607058494914
270,4.5,feeder2_1428,0.10701428237900296,0.11061634492835068,0.10695233946037908,0.11122818084752559
270,4.5,feeder2_1380,0.10751445140645294,0.11043292309121905,0.10744959609932064,0.11104133127003285
270,4.5,feeder2_1550,0.1094160855639525,0.11031705148192268,0.10935031146703938,0.11091582574630442
270,4.5,feeder2_1386,0.10734504533125615,0.11007349423911263,0.10728406218271758,0.11067858247159994
270,4.5,feeder2_1551,0.10651102641165086,0.10899818915134825,0.1064472248989771,0.1096094219366196
270,4.5,feeder2_1400,0.1073218289862415,0.11016370922949169,0.10725570287609834,0.1107750329117058
270,4.5,feeder2_1552,0.1071048033494572,0.10995954360000804,0.10704360227195317,0.11056576095852899
270,4.5,feeder2_1408,0.10729209972821352,0.11045043304812802,0.10722809336122893,0.11105840002227212
270,4.5,feeder2_1553,0.10693201384852716,0.1100957094865077,0.1068726987225412,0.11070073166356134
270,4.5,feeder2_1416,0.10729113740981637,0.110676511645406,0.10722802915818896,0.11128931197929516
270,4.5,feeder2_1530,0.10739553524230835,0.11087887128654714,0.10733033068855258,0.1114907265155307
270,4.5,feeder2_1425,0.10729238026230643,0.11099414648831032,0.10723105841338754,0.11160229322651305
270,4.5,feeder2_1589,0.10704524435637108,0.11074799596038941,0.10698218998886132,0.11135943960380605
270,4.5,feeder2_1435,0.10729696695243102,0.11108102045178199,0.10723309570015865,0.11169316495699576
270,4.5,feeder2_1621,0.10700727562118773,0.11239441862648707,0.10693935394986794,0.11301352659897716
270,4.5,feeder2_1564,0.10723177018624129,0.11073279608677924,0.10716922594838896,0.11134288994304002
270,4.5,feeder2_1704,0.11622576334131936,0.12770747834061025,0.11615650861385744,0.12847339403324207
270,4.5,feeder2_1525,0.11639386798543816,0.12818043267543813,0.11632201809934505,0.12895307886251703
270,4.5,feeder2_1716,0.11580540764887272,0.13003296430482525,0.11573543873492377,0.13080743290811775
270,4.5,feeder2_1537,0.11674429412460278,0.12850571657151882,0.11667573431636585,0.1292764339491576
270,4.5,feeder2_1645,0.11664317301374415,0.12841696074758774,0.11657457055498381,0.12918948574905953
270,4.5,feeder2_1561,0.11715023993339718,0.12892565269740386,0.11708133844107893,0.12970625829133553
270,4.5,feeder2_1657,0.11721488549356214,0.12904784047316864,0.11714679173712797,0.1298265681753985
270,4.5,feeder2_1570,0.11732610408666255,0.12907684756469914,0.11725834016240837,0.12985912622010576
270,4.5,feeder2_1756,0.11992274815730324,0.1292625584579226,0.11985083422462878,0.1300313401815653
270,4.5,feeder2_1588,0.11746375377573784,0.12919262619210986,0.11739424122188002,0.12997834090981128
270,4.5,feeder2_1628,0.1183045412476367,0.12931173856827688,0.11823155579802933,0.13009295599422332
270,4.5,feeder2_1598,0.1176006657835091,0.1292819740081794,0.11753120519272778,0.13007086425148934
270,4.5,feeder2_1816,0.1178553964232412,0.12928041907300142,0.11778244521214704,0.13007317573163443
270,4.5,feeder2_1765,0.11788859716685554,0.1293525109802542,0.11781800160017275,0.1301461952066194
270,4.5,feeder2_1641,0.11820132784505313,0.12972379678905666,0.1181265120745948,0.13054382758335292
270,4.5,feeder2_1689,0.11849430895635626,0.12989470114804552,0.11842101872514085,0.13074508152302874
270,4.5,feeder2_1744,0.1190514733936165,0.1297788199089506,0.1189772725427151,0.13059457494648435
270,4.5,feeder2_1817,0.1184786156230881,0.1298130201147723,0.11840631963895681,0.13066121914116888
270,4.5,feeder2_1779,0.11806772369498567,0.13102843282704718,0.11799293526994406,0.1318819500995434
270,4.5,feeder2_1800,0.11843688574819276,0.12983923099763173,0.1183632820680643,0.13069004131553028
270,4.5,feeder2_1818,0.12081626772460648,0.12832673005795098,0.12075390528395161,0.129241077187351
270,4.5,feeder2_1753,0.11911058243241257,0.12994311243992393,0.11903811529378668,0.13075584941415963
270,4.5,feeder2_1754,0.11962601245680186,0.12978483171606106,0.11955341230962589,0.13059848245913314
300,5.0,secondary,0.012757071214952053,0.013007515546610698,0.012776309116452672,0.013007362033695763
300,5.0,feeder2_44,0.023819415587201007,0.06806650871556073,0.023859859798820264,0.06806874776142582
300,5.0,feeder2_45,0.024201469853997997,0.07004879390822553,0.024244352278593614,0.07005229892060648
300,5.0,feeder2_46,0.024007894047820395,0.06962296975948891,0.024047422412360575,0.06961948958503464
300,5.0,feeder2_51,0.024871815737759782,0.07356298822625719,0.024911626886013432,0.07357047329006547
300,5.0,feeder2_48,0.024366926096437525,0.06953590074154317,0.02440386231362616,0.06953805368600882
300,5.0,feeder2_52,0.024664832205949866,0.07351707191922592,0.024707067557741807,0.07351949477356745
300,5.0,feeder2_68,0.0267761877213888,0.0834808753595701,0.02682316726163164,0.08348910404769533
300,5.0,feeder2_69,0.026913512731855896,0.08366582425897108,0.026955979467616985,0.0836751293856102
300,5.0,feeder2_71,0.027026966640160167,0.08478480975537325,0.02706783092888113,0.08479812071824723
300,5.0,feeder2_72,0.027069798025524484,0.08459396730107892,0.027111132083925675,0.0846023940947259
300,5.0,feeder2_73,0.027814972295708396,0.08888600989986119,0.027859874562318847,0.08889649586476388
300,5.0,feeder2_74,0.026407549534988382,0.09021369886049686,0.026455638895010545,0.09022684235400963
300,5.0,feeder2_77,0.0285533099395098,0.09222442630163769,0.02860336182306849,0.09223174108783752
300,5.0,feeder2_79,0.02861090254886455,0.09310870034332601,0.028657294383929367,0.09311711039666093
300,5.0,feeder2_81,0.029623241210408068,0.09708462746794735,0.029675709440833156,0.09709641697739443
300,5.0,feeder2_82,0.03156617116615662,0.0946281953650655,0.03161211769246577,0.09464314108651264
300,5.0,feeder2_116,0.03420311868986831,0.12154765532190373,0.03426280463490429,0.12157234342143353
300,5.0,feeder2_119,0.032104949380423714,0.12285755667128632,0.03216040206452918,0.12288987189886895
300,5.0,feeder2_120,0.03618059875133453,0.1300494844493906,0.03623885832138676,0.13007782587403327
300,5.0,feeder2_248,0.03571755636682739,0.12996766936009913,0.03577765618398879,0.12999867297199744
300,5.0,feeder2_124,0.03742561603053619,0.1353369370777848,0.03749023712466898,0.13536739240231443
300,5.0,feeder2_282,0.03744360534170939,0.1352204608748946,0.037506573799772736,0.1352489868336864
300,5.0,feeder2_275,0.03563321386826378,0.13680183154279268,0.03569155207341888,0.13683716362620804
300,5.0,feeder2_151,0.03990186877894656,0.14378092662293082,0.03996541649607275,0.1438115189047962
300,5.0,feeder2_295,0.039984738572989786,0.14388433592206928,0.04005087917966088,0.14391361504851216
300,5.0,feeder2_311,0.04013315912044508,0.14407473553523378,0.040202579242184844,0.14410310279595628
300,5.0,feeder2_201,0.04391941578234253,0.15738975633930846,0.04399184770266128,0.15741977655750056
300,5.0,feeder2_314,0.04392050740829198,0.1573079288844537,0.043988988808485625,0.15733745586801307
300,5.0,feeder2_342,0.0496626279304024,0.17698213104451274,0.049741036827733655,0.17701198546078464
300,5.0,feeder2_368,0.0510885484240448,0.18480013749793545,0.05116589422555177,0.1848259800292052
300,5.0,feeder2_347,0.05029228011347039,0.17207101750215223,0.05037341044069753,0.17210509802828552
300,5.0,feeder2_353,0.05061933676015826,0.16972552299276478,0.05070773503091466,0.16975590416452624
300,5.0,feeder2_518,0.05033478255390539,0.17186018401750616,0.050420788618316885,0.1718900685765819
300,5.0,feeder2_365,0.0510070760830688,0.167177686054325,0.05109192818746129,0.16721255434887003
300,5.0,feeder2_653,0.05031233871994685,0.1696514511800519,0.05039630419392761,0.16968989391854414
300,5.0,feeder2_377,0.0512162055346462,0.1657832503125283,0.05130523291794549,0.16581829755595545
300,5.0,feeder2_622,0.05103704724784261,0.16721593551827799,0.05112530769131447,0.1672511380856012
300,5.0,feeder2_451,0.05111992842713331,0.18460580923072492,0.0511935815060645,0.18463220678037223
300,5.0,feeder2_383,0.05343193674596799,0.19760229874099025,0.053515431923000144,0.19762298366236242
300,5.0,feeder2_385,0.05144954566132438,0.16413805234394369,0.051536233179598226,0.16417485045665184
300,5.0,feeder2_621,0.05130431972528241,0.1658949487604072,0.051394601864460134,0.1659324714614501
300,5.0,feeder2_611,0.05322933793989606,0.1975434289969998,0.053309124083050385,0.19756850947893279
300,5.0,feeder2_405,0.05358179465609098,0.19840709330400486,0.053657961487271866,0.1984328324217828
300,5.0,feeder2_461,0.05248194029066273,0.1576416094787618,0.05257652524039032,0.1576804138669619
300,5.0,feeder2_594,0.05114642319012714,0.1640615812690039,0.051237751853321016,0.16409764678930056
300,5.0,feeder2_732,0.05070460522227291,0.20046807787968418,0.050780183794694685,0.20049827628895253
300,5.0,feeder2_417,0.05491393994773975,0.2040815674292876,0.054996311028746046,0.20409956372135166
300,5.0,feeder2_663,0.05505143319820757,0.20465986785654167,0.05512663049011201,0.20467926929417984
300,5.0,feeder2_444,0.05588292999813932,0.2081917480975902,0.055957346991114335,0.20821451332612853
300,5.0,feeder2_759,0.05588816474848926,0.20807453303626752,0.055967109387677384,0.20809442580396317
300,5.0,feeder2_842,0.07464560928306219,0.2302760768795713,0.07472453316836931,0.2302855246035331
300,5.0,feeder2_459,0.055873634788390136,0.2083211534115381,0.05595793957635591,0.20833701626993936
300,5.0,feeder2_702,0.05587633079558708,0.20827938402716178,0.05595189455007354,0.20830041350378714
300,5.0,feeder2_493,0.05584022904999192,0.2088274756590135,0.0559179307624086,0.20885176915472967
300,5.0,feeder2_651,0.052638217831837315,0.15784895441637598,0.0527353599770441,0.1578876322824662
300,5.0,feeder2_684,0.05328049220016852,0.15211219976770649,0.05338008218637,0.152153034490523
300,5.0,feeder2_674,0.05558823845006627,0.20897539937708184,0.055663231067708166,0.20899908207175139
300,5.0,feeder2_696,0.056081878742326646,0.2097356514669712,0.05615808210703388,0.20976046758295966
300,5.0,feeder2_681,0.055511286823647886,0.2089385790066965,0.05559353352187706,0.20895966213841957
300,5.0,feeder2_682,0.05466498547000524,0.2096450825663275,0.05474669201813308,0.2096672311426832
300,5.0,feeder2_728,0.053268433523726844,0.15205055777337814,0.05336850925109437,0.15209160284704287
300,5.0,feeder2_724,0.054109778007336684,0.1465854470002407,0.05421465380515355,0.14663259453815314
300,5.0,feeder2_703,0.056643113749402306,0.21042893381233232,0.056720657250836914,0.21045260679162414
300,5.0,feeder2_704,0.056201647680653125,0.20988457744562464,0.056280014770241964,0.2099055901009474
300,5.0,feeder2_754,0.05416667521311888,0.1463729471462993,0.05426936199465206,0.14642067249054874
300,5.0,feeder2_747,0.05446192954607173,0.14443187178569664,0.05456723934874625,0.1444824638091855
300,5.0,feeder2_828,0.053218327778774485,0.15203429615151426,0.05331739823767062,0.15207440038292488
300,5.0,feeder2_763,0.053268072385888265,0.1519934147101657,0.05336740770478118,0.1520308264572974
300,5.0,feeder2_836,0.05463012381797726,0.14465807668258343,0.05473694901790905,0.14470878054629677
300,5.0,feeder2_758,0.054744553085899955,0.14247574270426594,0.05484744466256433,0.14252997194743
300,5.0,feeder2_788,0.056096815668958626,0.14080321485110597,0.05619905106825582,0.14085926977882235
300,5.0,feeder2_812,0.05541608756697128,0.13859651485328084,0.055524158293795804,0.13866064787909432
300,5.0,feeder2_947,0.05338699599533484,0.15152964430744073,0.05348720894836592,0.15156381691211218
300,5.0,feeder2_868,0.053823670110443124,0.15126096461994992,0.0539242825214009,0.15129991012444072
300,5.0,feeder2_785,0.05319585425677577,0.1525657703339522,0.05329498065595217,0.15260076862614946
300,5.0,feeder2_1176,0.05332199965948694,0.15429155450012919,0.053419679626317454,0.15431728763429406
300,5.0,feeder2_846,0.05238034781440461,0.15298775593863292,0.05247572065356592,0.15303298032184773
300,5.0,feeder2_911,0.053189972442273456,0.15250006339929634,0.05328909062920556,0.15253814007758942
300,5.0,feeder2_1107,0.054891109595102926,0.13811858837414312,0.05499768743261378,0.13819707109335408
300,5.0,feeder2_920,0.05574957850511727,0.13765292272884083,0.055864741921738355,0.1377147234821253
300,5.0,feeder2_926,0.05626910921309846,0.13629988913220079,0.05638087690077037,0.1363633719778511
300,5.0,feeder2_1239,0.05572370383083626,0.13759519352596425,0.05583780020893351,0.13765897428941748
300,5.0,feeder2_933,0.05645682266435365,0.13607487586927972,0.05656777300638116,0.13613458990530433
300,5.0,feeder2_1146,0.05647029469637191,0.13454645113089353,0.05658472438988353,0.13460494693372288
300,5.0,feeder2_1124,0.05657196503054329,0.13623117746330288,0.05668603909480815,0.13628767717546122
300,5.0,feeder2_942,0.056901659709466826,0.13536337287689088,0.05701432734798903,0.1354182747290367
300,5.0,feeder2_952,0.05743605386083416,0.13582057662774014,0.05755550789660187,0.13587182818893187
300,5.0,feeder2_965,0.056917591033825723,0.13517044799629788,0.05703086257590192,0.13523176291230762
300,5.0,feeder2_961,0.057466051152063616,0.13613154705832042,0.05759057078077146,0.13617629371529846
300,5.0,feeder2_963,0.05744202086898889,0.13576481309223937,0.05755763255790297,0.13581791821621836
300,5.0,feeder2_973,0.05772834189812963,0.13753865124938303,0.05784905709903702,0.1375849471663774
300,5.0,feeder2_1128,0.05729040334564377,0.13657650395269666,0.05740520847191644,0.13662934472132168
300,5.0,feeder2_1113,0.05808512434878609,0.13501851840001577,0.058204534190195584,0.13506797871938517
300,5.0,feeder2_1143,0.057603260557893964,0.13412752949945944,0.05772000365472345,0.13418064634263213
300,5.0,feeder2_1238,0.059407694398957926,0.13231115603380592,0.059525159143648504,0.13236833240576812
300,5.0,feeder2_979,0.05691114312198253,0.13515493398980258,0.05702907430090999,0.13521040916591504
300,5.0,feeder2_1236,0.05809488755502979,0.1395307257800094,0.05822212831105698,0.1395651640740381
300,5.0,feeder2_989,0.05772860609034773,0.13753992254469638,0.05784905709903702,0.1375849471663774
300,5.0,feeder2_1196,0.05673586625080431,0.13510754906868988,0.05685058314081844,0.13516274015734556
300,5.0,feeder2_1158,0.05785601734876565,0.13769833076452645,0.05797893234629598,0.13774126399435824
300,5.0,feeder2_1122,0.05463221833863967,0.1376910026541363,0.05473928114392465,0.1377751847929376
300,5.0,feeder2_1258,0.05512706080081643,0.13843073333074832,0.05523794200783395,0.1385060739723935
300,5.0,feeder2_1303,0.05464179033263908,0.1376064928941366,0.05475283575702104,0.1376843281849964
300,5.0,feeder2_1138,0.054432388414335446,0.13738957570987054,0.05454111461703219,0.1374741014696717
300,5.0,feeder2_1304,0.05291360257919977,0.13822554089346306,0.053019965714757956,0.1383162658643135
300,5.0,feeder2_1212,0.05429730226717297,0.13620302093098857,0.05440856215349629,0.13629341590099436
300,5.0,feeder2_1311,0.054312151081834244,0.13608532114843644,0.05441938283796133,0.13617491590780717
300,5.0,feeder2_1290,0.05414337775598334,0.13483521395633724,0.054253452692963514,0.13492902193917433
300,5.0,feeder2_1325,0.058403178602829245,0.14126356822210587,0.058535251429096435,0.1412900074620804
300,5.0,feeder2_1248,0.058095062595694795,0.1395349162021398,0.05822420401930337,0.13956950424878245
300,5.0,feeder2_1249,0.05941071567245299,0.1322841304501207,0.059529079893879,0.1323385480682672
300,5.0,feeder2_1250,0.06115768085930144,0.13037322080730654,0.061269173579262884,0.13043431868563765
300,5.0,feeder2_1366,0.05804517541927212,0.14046680123077304,0.0581710850241284,0.14049505036377496
300,5.0,feeder2_1266,0.05518250898630886,0.13849984171043236,0.05529201399737367,0.13857582528960694
300,5.0,feeder2_1372,0.05420843586110862,0.1345985083038557,0.05431630317078357,0.1346949232902727
300,5.0,feeder2_1363,0.05400611706345373,0.13369678638107751,0.054113886851811066,0.13380175626089608
300,5.0,feeder2_1446,0.05976139557115815,0.1396579792655167,0.0598893839419781,0.13969054377877638
300,5.0,feeder2_1502,0.05852950769172109,0.14533521592823,0.05866479986886251,0.14535808742449458
300,5.0,feeder2_1428,0.053513330659295144,0.1336217762801321,0.05362259943002462,0.13372609673904132
300,5.0,feeder2_1380,0.0539610946106097,0.1325340997170347,0.05406911825649325,0.13264357030932247
300,5.0,feeder2_1550,0.05397480610614258,0.13248012921072522,0.054081096153465666,0.1325914965322026
300,5.0,feeder2_1386,0.05394143874312351,0.1319963450472439,0.05404899823833987,0.1321088093719433
300,5.0,feeder2_1551,0.0537915925845704,0.13194648569943732,0.05389922979957618,0.13206111704382342
300,5.0,feeder2_1400,0.05393670920223543,0.1317569051957053,0.05404642675540317,0.13186754040210039
300,5.0,feeder2_1552,0.05373895199492157,0.13168840491631278,0.05384521331252177,0.1318037597531623
300,5.0,feeder2_1408,0.05394029833569022,0.1313083170202726,0.054045326235697466,0.13142380470606949
300,5.0,feeder2_1553,0.052365912270953545,0.13247977641269265,0.052474647796715054,0.13259958627725008
300,5.0,feeder2_1416,0.05402970419732128,0.13084566078139437,0.05413790347633435,0.13095875662524975
300,5.0,feeder2_1530,0.05590213720049385,0.12869276544896693,0.05600807807613461,0.1288108852307612
300,5.0,feeder2_1425,0.054073034313814605,0.1311185195720543,0.05418252560940162,0.13123123159252248
300,5.0,feeder2_1589,0.053836766975218935,0.13108795583768973,0.05394378976670482,0.13120045855442403
300,5.0,feeder2_1435,0.05408530837415157,0.13117879202597435,0.05419325315642327,0.13128945053542995
300,5.0,feeder2_1621,0.05415998266833902,0.1317764705296056,0.054272830467044765,0.13188028281013656
300,5.0,feeder2_1564,0.05403326977529405,0.13108645322241805,0.054142071865623066,0.13119753516498228
300,5.0,feeder2_1704,0.05865247415133275,0.1460876229710917,0.05879173103721691,0.14610766792939986
300,5.0,feeder2_1525,0.05850274283918324,0.14607248976983891,0.05863760943355264,0.1461010241074325
300,5.0,feeder2_1716,0.058401180373686995,0.14827445131232872,0.05853896203904248,0.14827585064656298
300,5.0,feeder2_1537,0.05839903374059696,0.14650982981671445,0.05853873901048717,0.1465352267626388
300,5.0,feeder2_1645,0.05751393201919217,0.14708386777410637,0.057650031897183644,0.1471202054070338
300,5.0,feeder2_1561,0.05840612504559786,0.14673630009602714,0.0585471460618886,0.14676599670886206
300,5.0,feeder2_1657,0.0584300320559835,0.1466356730019111,0.05856303496469612,0.14667050142642835
300,5.0,feeder2_1570,0.05841196447888157,0.14685614315879966,0.05854799663714338,0.14688896814166805
300,5.0,feeder2_1756,0.05842888176785057,0.14666451269897665,0.05856252246789158,0.14669901822770642
300,5.0,feeder2_1588,0.058419492322865335,0.14697893622740804,0.05856151660138055,0.14701041551495306
300,5.0,feeder2_1628,0.058454003021526514,0.1468445490726739,0.05858855861954835,0.1468799601631235
300,5.0,feeder2_1598,0.0584331209103169,0.14716921407618824,0.05857305787905529,0.14720491901822655
300,5.0,feeder2_1816,0.05875989124280497,0.14757218229589722,0.05889723651306374,0.14760846896305233
300,5.0,feeder2_1765,0.058833606064895974,0.1477019859161159,0.0589727409786204,0.14773480644471143
300,5.0,feeder2_1641,0.05842305970687463,0.1477365321366472,0.05856771329383992,0.14777899062621788
300,5.0,feeder2_1689,0.058431250996659134,0.14832290021010275,0.05857754314468944,0.1483737426004128
300,5.0,feeder2_1744,0.05843126815914309,0.14766831193138738,0.058574167946440756,0.14771447458000347
300,5.0,feeder2_1817,0.058419803039930725,0.14828250630880296,0.05856908039214117,0.14833120230705
300,5.0,feeder2_1779,0.05846354976475301,0.1483657815502667,0.058610859142719296,0.14841631964160995
300,5.0,feeder2_1800,0.05702055267553076,0.1494168355726213,0.057162873622109894,0.14947639585743375
300,5.0,feeder2_1818,0.059978593375996085,0.14797547639752553,0.0601457967705627,0.14803705568785422
300,5.0,feeder2_1753,0.05843831772280538,0.14756195399615274,0.05858177771261469,0.14760456772420416
300,5.0,feeder2_1754,0.05843554557979674,0.14764432365789767,0.05857599293468984,0.14768876845491674
330,5.5,secondary,0.011762074686758803,0.008972164397179835,0.011755986970137224,0.008965976745472838
330,5.5,feeder2_44,0.021969984021139102,0.04696799602397495,0.021961918554218966,0.04692859734218729
330,5.5,feeder2_45,0.022345435506242847,0.04839919547336567,0.022334452506088114,0.048356502415715014
330,5.5,feeder2_46,0.022089328269964972,0.04744421106766452,0.02208006195937646,0.047403909617921174
330,5.5,feeder2_51,0.02289348368884394,0.05133745399645345,0.02288189167648721,0.051291429905018095
330,5.5,feeder2_48,0.02561169433161533,0.04583486625513551,0.025601841766737295,0.0457930489536601
330,5.5,feeder2_52,0.02219332217275232,0.05471853888288067,0.022177223371910443,0.05467447659408799
330,5.5,feeder2_68,0.024656722751468352,0.05844984380563074,0.024642831209803435,0.05840193317918824
330,5.5,feeder2_69,0.024703508712506112,0.05857828708286807,0.02469234524977703,0.058529380158159956
330,5.5,feeder2_71,0.02489107147682428,0.059389999786576296,0.024881412464573278,0.05933746736878803
330,5.5,feeder2_72,0.02505895620627404,0.059138353773556515,0.02504862339255825,0.05908681250913449
330,5.5,feeder2_73,0.025626143639906833,0.06236807193686716,0.025611215157255823,0.06231486975693788
330,5.5,feeder2_74,0.02507423903711482,0.0641931472249629,0.02505960636134713,0.06413902565548461
330,5.5,feeder2_77,0.02630925975065824,0.06465763805976547,0.026296658301990114,0.06460084783785268
330,5.5,feeder2_79,0.026398669259652296,0.0649221013750994,0.026384818244420825,0.06486559812122347
330,5.5,feeder2_81,0.02737355945407569,0.06817870507238522,0.027358074599896788,0.06811868678058372
330,5.5,feeder2_82,0.02965806941631475,0.06614844790736032,0.0296424674050358,0.06609002723368587
330,5.5,feeder2_116,0.03179212274815794,0.08653336052048446,0.03177832352260908,0.08645332538187696
330,5.5,feeder2_119,0.031029264876542683,0.0867912930290016,0.0310146232650312,0.0867115502654142
330,5.5,feeder2_120,0.03355911568475285,0.09332994010879014,0.03354466237670301,0.0932461281686926
330,5.5,feeder2_248,0.03307090979380786,0.09345345086380372,0.03305642203758315,0.09336772542049494
330,5.5,feeder2_124,0.034694132736123234,0.09750616476428405,0.03467959430945994,0.0974182165976976
330,5.5,feeder2_282,0.03478221187657627,0.09735763949049427,0.034766001252903266,0.09726887460117425
330,5.5,feeder2_275,0.03366959169391596,0.09948341539859659,0.033649479887064404,0.09939677016645608
330,5.5,feeder2_151,0.03694565288428891,0.10370310598308294,0.03692957062102057,0.10360277375693187
330,5.5,feeder2_295,0.03699060351993157,0.10378808233715536,0.0369765681587866,0.10369079631025649
330,5.5,feeder2_311,0.03706426943521968,0.10393952444989281,0.03704334851755487,0.10384205993451999
330,5.5,feeder2_201,0.040642391773170305,0.1137477533790221,0.04062148978374395,0.11363791102136371
330,5.5,feeder2_314,0.042047156143376056,0.11247339440050336,0.04203099431336706,0.11236261919077781
330,5.5,feeder2_342,0.04544359932763174,0.13111145715600273,0.0454199331555804,0.1309814253171003
330,5.5,feeder2_368,0.04673384149047283,0.13716415335198906,0.046714474508352005,0.13703502713872429
330,5.5,feeder2_347,0.045686510708881974,0.12853687972355432,0.04566587000507836,0.1284004624861606
330,5.5,feeder2_353,0.045808447330267864,0.12741949700055566,0.045786714529037105,0.12728052102719245
330,5.5,feeder2_518,0.04583858918255218,0.12827010629726768,0.04581430163352657,0.12813422144323183
330,5.5,feeder2_365,0.04597904283204529,0.12619402989970202,0.04595595874835773,0.12605351153913122
330,5.5,feeder2_653,0.0454810393143023,0.12746931616043858,0.04545650675801238,0.12732989134138026
330,5.5,feeder2_377,0.04607067914549968,0.12552931358118152,0.04604813957158221,0.12538272828316005
330,5.5,feeder2_622,0.04599679252772448,0.12622590028598937,0.04597370451803112,0.12608393072374718
330,5.5,feeder2_451,0.04842570818995595,0.135505693046041,0.048407271250931035,0.13537507235271812
330,5.5,feeder2_383,0.04855401704609419,0.14851561979623515,0.04853349708429862,0.14838374843290097
330,5.5,feeder2_385,0.04616992855997212,0.12473888603188744,0.04614271044484998,0.12459150755176833
330,5.5,feeder2_621,0.04612368146021617,0.12562263374572666,0.04610297924983873,0.12547858012548962
330,5.5,feeder2_611,0.047556427984612605,0.14970990007911775,0.0475399063582073,0.14957635800257407
330,5.5,feeder2_405,0.04869059440337606,0.14917419851283253,0.04867484543770895,0.14903862397320852
330,5.5,feeder2_461,0.0466924858488431,0.12156871662870725,0.04666369633194447,0.12141633540673191
330,5.5,feeder2_594,0.04584693850667117,0.12479477609302536,0.04582454969372577,0.12464819624874943
330,5.5,feeder2_732,0.04729223856275195,0.1508016452648783,0.047270713628423014,0.15066947616906698
330,5.5,feeder2_417,0.049847107063691276,0.1538465707608818,0.04983169959236429,0.1537134842238881
330,5.5,feeder2_663,0.04995696196067591,0.1540027029307916,0.049941839801239424,0.15386667363635306
330,5.5,feeder2_444,0.050730489099459625,0.1573912299473096,0.05071121304516065,0.15726032327588765
330,5.5,feeder2_759,0.05312272520868648,0.15502911181315826,0.05310587857213128,0.15489710441696805
330,5.5,feeder2_842,0.06522220753140241,0.17747613337402718,0.06521324836032456,0.17733910858057506
330,5.5,feeder2_459,0.05071639079264764,0.15758557099989193,0.05069512921226697,0.1574539006635487
330,5.5,feeder2_702,0.05073967602227717,0.15753406556626523,0.05071980432228828,0.15740280788882388
330,5.5,feeder2_493,0.05066367596872843,0.15834582216524454,0.050645236702004444,0.15821495910493757
330,5.5,feeder2_651,0.04677763054019323,0.12173083750344632,0.0467503965752781,0.12157500063830554
330,5.5,feeder2_684,0.047086861257679996,0.11889329312347316,0.04705520707996045,0.11873438460929073
330,5.5,feeder2_674,0.05046076371223289,0.15854616630687515,0.050441069156498396,0.15841370528669588
330,5.5,feeder2_696,0.050838969095821016,0.15979338298599327,0.05082233007150996,0.15966213968302403
330,5.5,feeder2_681,0.05037073429571775,0.15853125470432877,0.05035125314659507,0.15840190943344273
330,5.5,feeder2_682,0.04976502104903273,0.15939914754627474,0.049750519138826374,0.15926566054828953
330,5.5,feeder2_728,0.047105782145610606,0.1186907561812351,0.04707835219361369,0.11852830047777889
330,5.5,feeder2_724,0.04753136437434559,0.11670842598350895,0.047503140986375945,0.1165379476132027
330,5.5,feeder2_703,0.05043639203802064,0.16075595489701364,0.05042551314831457,0.16062151010486947
330,5.5,feeder2_704,0.05075314361081796,0.15998785548882938,0.050735642305903834,0.15985243595184406
330,5.5,feeder2_754,0.04906136614894913,0.11532810602245315,0.04903085908821791,0.11516097613071483
330,5.5,feeder2_747,0.04756953921162332,0.11661174201796747,0.047538069937514985,0.11644394499910529
330,5.5,feeder2_828,0.04705162138329585,0.11870075459953515,0.047022246050028124,0.11853792909672058
330,5.5,feeder2_763,0.04715735847060195,0.11838696979112888,0.04712885883032519,0.11822686003423578
330,5.5,feeder2_836,0.04766134409729785,0.11678190343051668,0.04763103766293513,0.11660959041826938
330,5.5,feeder2_758,0.04758460240753413,0.11644979494078264,0.047554470445667435,0.11627556246924006
330,5.5,feeder2_788,0.04780535887434573,0.11608205988905157,0.04777394128307979,0.11590720731132945
330,5.5,feeder2_812,0.04761916998662714,0.1164343522880661,0.0475842024999481,0.11625341998952611
330,5.5,feeder2_947,0.04752848006163711,0.1177647448193896,0.047500785258132276,0.1176033846616176
330,5.5,feeder2_868,0.04784357946810165,0.11771908190300012,0.047816901071635685,0.11756207280846867
330,5.5,feeder2_785,0.047056182942776414,0.11882419330908912,0.04703028041746518,0.11866513251434103
330,5.5,feeder2_1176,0.04726130687895361,0.1192072965332676,0.047233578510448286,0.11904549465619062
330,5.5,feeder2_846,0.046468538335569146,0.11957893593213562,0.0464379082230151,0.11941926882489785
330,5.5,feeder2_911,0.047063470664774794,0.11872610377723267,0.04703708719930984,0.11856602310125393
330,5.5,feeder2_1107,0.046281322360207273,0.12135603168473448,0.046247508774644355,0.12117838519974986
330,5.5,feeder2_920,0.047998110379774604,0.11508158067666081,0.047964456226022634,0.11489806555907477
330,5.5,feeder2_926,0.04859306825301919,0.11303572386277753,0.04855983909315311,0.1128473271864011
330,5.5,feeder2_1239,0.04796277805381817,0.11511570403537705,0.04792839332918953,0.11493530781192661
330,5.5,feeder2_933,0.048806207201107975,0.11238371194898954,0.04877145522321531,0.11219450447098465
330,5.5,feeder2_1146,0.04883090003988507,0.11184052636516989,0.04879864758095854,0.11165256138182483
330,5.5,feeder2_1124,0.04838534562264899,0.11231733012190225,0.0483496199983307,0.11212838794727958
330,5.5,feeder2_942,0.04932543059307556,0.11071042078108888,0.0492883754893925,0.11051758059416675
330,5.5,feeder2_952,0.050136851501748916,0.10815995209541712,0.050102628443388315,0.10795859332795676
330,5.5,feeder2_965,0.04931971414439088,0.11072141760179166,0.04928326068131402,0.1105280380025135
330,5.5,feeder2_961,0.0502038091917308,0.10800819583818926,0.05016503507820075,0.10780667497476847
330,5.5,feeder2_963,0.05014130312480347,0.10813344969898525,0.05010351867624824,0.1079302473822287
330,5.5,feeder2_973,0.0506507735119287,0.10677345931846165,0.050615242948971434,0.10656471179490377
330,5.5,feeder2_1128,0.05004755102009246,0.10875617163700937,0.05000809770743807,0.10855609003407118
330,5.5,feeder2_1113,0.050705294000735104,0.10764919438627889,0.05066680781189946,0.10744756359530795
330,5.5,feeder2_1143,0.050147251071814156,0.1078257400540056,0.05010809326030326,0.10762488940368267
330,5.5,feeder2_1238,0.05207611088022953,0.10843284157702868,0.052040804633378034,0.10824428356151464
330,5.5,feeder2_979,0.04927066537714456,0.11093770761684944,0.04923652861072989,0.11074562911931381
330,5.5,feeder2_1236,0.05129395090689213,0.1048200164286422,0.05125800780385458,0.10460617593170439
330,5.5,feeder2_989,0.05065101101426099,0.10677455947123743,0.05061620258164255,0.10656885684702044
330,5.5,feeder2_1196,0.04867314913395306,0.11188603759349194,0.04863562379360508,0.11169483233130519
330,5.5,feeder2_1158,0.05073414956042701,0.10690436143447077,0.050699932182711696,0.10669783442866922
330,5.5,feeder2_1122,0.045724952514856566,0.1232788046194896,0.04568946941431477,0.12310271437283697
330,5.5,feeder2_1258,0.045505039361318306,0.1212148018847321,0.045474238727000155,0.12103516175667589
330,5.5,feeder2_1303,0.0473118701005988,0.12199648650758776,0.047277501011918355,0.12181899518785416
330,5.5,feeder2_1138,0.04518402367983895,0.12531106073795875,0.045153242419445475,0.1251374687789738
330,5.5,feeder2_1304,0.04462194186866387,0.12551180503598552,0.04459192517003668,0.12533748248055948
330,5.5,feeder2_1212,0.04413738274344044,0.12953954422105587,0.04410340710002564,0.1293686851192541
330,5.5,feeder2_1311,0.04422257268302394,0.12937303354221796,0.044190580818294904,0.1292002335570123
330,5.5,feeder2_1290,0.04285297094752291,0.13497188941152818,0.042817303942777524,0.1348050765831246
330,5.5,feeder2_1325,0.052133751327049095,0.10215884458379337,0.05209597276288056,0.10193928527555271
330,5.5,feeder2_1248,0.05128708364044297,0.10481861003955838,0.051250614514099464,0.10460428216309531
330,5.5,feeder2_1249,0.05209591193205136,0.10839046848547929,0.05205809171159602,0.10819703457505189
330,5.5,feeder2_1250,0.05396025536848288,0.10694871319329993,0.053923446970519734,0.10675821521120103
330,5.5,feeder2_1366,0.049545199170048654,0.10439939868045431,0.04950680237029156,0.10418197459845382
330,5.5,feeder2_1266,0.0451364838569914,0.12110645287958305,0.04510285445993737,0.12092461988377008
330,5.5,feeder2_1372,0.043038160983643346,0.13466920878239147,0.043007354506840484,0.13450249381071616
330,5.5,feeder2_1363,0.041471392724079105,0.14130746073135772,0.04143940534424771,0.1411413822583748
330,5.5,feeder2_1446,0.05309335574794139,0.10130478439300188,0.053052612034174954,0.10108760201052373
330,5.5,feeder2_1502,0.05286068539541968,0.1003621791437393,0.052821016035338564,0.1001327245144778
330,5.5,feeder2_1428,0.04044053009222081,0.14284239863420142,0.04040756622420748,0.14267656349777766
330,5.5,feeder2_1380,0.04034325618620837,0.1467402704865941,0.04030624078415993,0.14657817828487232
330,5.5,feeder2_1550,0.040385969158744886,0.14667145745343393,0.04034906828116328,0.14650884726312122
330,5.5,feeder2_1386,0.039794436561411045,0.14944196066167653,0.03976063977477322,0.1492793003153386
330,5.5,feeder2_1551,0.0389188306026223,0.15139060616616679,0.03888235541242673,0.1512294970502772
330,5.5,feeder2_1400,0.03961727346311456,0.15029071984805092,0.0395846793773948,0.15013044720794222
330,5.5,feeder2_1552,0.03939412839552196,0.15035091367393902,0.039358326245038815,0.15019028254148167
330,5.5,feeder2_1408,0.039273081597636754,0.15203064989853873,0.03923929530005532,0.15186858040636877
330,5.5,feeder2_1553,0.03832319014487844,0.15380423539603705,0.03828758288167518,0.15364153444015935
330,5.5,feeder2_1416,0.03917278120334411,0.1525547482590126,0.03913537047265276,0.1523952660903946
330,5.5,feeder2_1530,0.03933323218353115,0.15229668242127808,0.03930098071185629,0.1521363191947258
330,5.5,feeder2_1425,0.038977054774518655,0.15368852599050267,0.03894251353507476,0.15352850410017618
330,5.5,feeder2_1589,0.03873542600718134,0.15380135181634186,0.03869981352156939,0.15364160023414664
330,5.5,feeder2_1435,0.038942579367989165,0.15390821147199255,0.03890871544877705,0.15374839932439333
330,5.5,feeder2_1621,0.039043796066428715,0.1540947488700764,0.03900714267448244,0.15393460047991298
330,5.5,feeder2_1564,0.0384798103844506,0.15627383096048966,0.03844684078011547,0.15611670042097572
330,5.5,feeder2_1704,0.052976893441287844,0.10057786495853624,0.05293334378352631,0.10035207079255133
330,5.5,feeder2_1525,0.053028783477918257,0.09981539958952314,0.05298745711268414,0.09958566617969508
330,5.5,feeder2_1716,0.05312812145848002,0.09998425753170015,0.05309038693534781,0.09975513885293985
330,5.5,feeder2_1537,0.05321090327210744,0.09917732484543698,0.0531691608101324,0.09894938080513224
330,5.5,feeder2_1645,0.053105560317077014,0.0991774478409968,0.05306141772007846,0.09895051515703432
330,5.5,feeder2_1561,0.05342747012550454,0.09846180601924517,0.053384617194447107,0.09823040428634487
330,5.5,feeder2_1657,0.05438230703775458,0.09763457333906601,0.054337498179544294,0.09740312714494835
330,5.5,feeder2_1570,0.0534796865119077,0.09836713610180191,0.05343556756491609,0.09813340340096292
330,5.5,feeder2_1756,0.053636823839426966,0.09805391828323509,0.053590494945486414,0.09781942500907306
330,5.5,feeder2_1588,0.05352859343235918,0.09829802359472851,0.05348526207732678,0.09806524738259674
330,5.5,feeder2_1628,0.05364248381672249,0.09810442471025846,0.053600185872970565,0.09786917714497033
330,5.5,feeder2_1598,0.05358910198470389,0.09826529127852217,0.05354899991018169,0.09802870402593616
330,5.5,feeder2_1816,0.05379232608244457,0.09858415426980346,0.05374957670698259,0.09834744083136093
330,5.5,feeder2_1765,0.05380236039602904,0.09864653067590175,0.05376178263413673,0.0984102386952813
330,5.5,feeder2_1641,0.05382093322977263,0.09781440185238482,0.05377834331322089,0.09757303095627597
330,5.5,feeder2_1689,0.05380575240314629,0.09852900815315413,0.053762013235175946,0.09827960650865653
330,5.5,feeder2_1744,0.054570058430699904,0.09716930679575614,0.05452454086621143,0.09692741078835938
330,5.5,feeder2_1817,0.05378835293457314,0.09854214216491976,0.05374072777130479,0.09829379118333145
330,5.5,feeder2_1779,0.05382283379728436,0.09855942812957542,0.05378026430512498,0.09831032664250933
330,5.5,feeder2_1800,0.05319829277775298,0.09972945251099853,0.05315179331728159,0.09948052560947451
330,5.5,feeder2_1818,0.05390875000041953,0.09814966869501525,0.053848566978401895,0.09788663390447863
330,5.5,feeder2_1753,0.056862248040061715,0.095299699328844,0.056817725290567625,0.09505892647905677
330,5.5,feeder2_1754,0.05458988926617562,0.09713290230545103,0.05454219063240472,0.0968933471320328
360,6.0,secondary,0.016493980833633754,0.02500218397229233,0.016481664956485648,0.02499572866544871
360,6.0,feeder2_44,0.030783445110636923,0.13077619063130552,0.0307620758630206,0.13073460787102273
360,6.0,feeder2_45,0.031328333007276284,0.13494482936541433,0.0313058475569259,0.134903826438959
360,6.0,feeder2_46,0.030878053518281167,0.1300347587691801,0.03085636404191379,0.12999444069136515
360,6.0,feeder2_51,0.03228903876621011,0.14220014193587868,0.0322663853248593,0.14215964883524146
360,6.0,feeder2_48,0.030781824677176363,0.134963399676311,0.030758996589096435,0.13492417161809214
360,6.0,feeder2_52,0.032475136966051685,0.1424096543976087,0.03245206733718205,0.1423636895503761
360,6.0,feeder2_68,0.03499168824408858,0.1625843708393068,0.03496835856448976,0.16253236961066247
360,6.0,feeder2_69,0.03499176277544352,0.16242340313882542,0.03496821910546437,0.16237589290521404
360,6.0,feeder2_71,0.03535240460408002,0.1652958292724492,0.035328630627256837,0.1652475098332403
360,6.0,feeder2_72,0.035148788817556016,0.165278952092173,0.03512407918267637,0.16523430499238687
360,6.0,feeder2_73,0.036486477094317765,0.17379185870087757,0.03645869492772835,0.17374415232066165
360,6.0,feeder2_74,0.03660296125420651,0.1739219874719496,0.036577889053840774,0.1738722230193975
360,6.0,feeder2_77,0.03745701320072871,0.18106329118591277,0.03743149294417508,0.18101032238976
360,6.0,feeder2_79,0.03919696388120374,0.17875383384216734,0.03916980529483856,0.17869612626651318
360,6.0,feeder2_81,0.03893851646357222,0.1934688335574962,0.03891288633227272,0.19340705456977045
360,6.0,feeder2_82,0.03843984898130686,0.19346433197355323,0.03840966431103742,0.19340981226337545
360,6.0,feeder2_116,0.045752853793646756,0.24936961947085037,0.04572192001596937,0.2492930208264124
360,6.0,feeder2_119,0.046436313709560195,0.25011814589561726,0.04640527784118548,0.25004033268238324
360,6.0,feeder2_120,0.0482133891222057,0.2697035476234114,0.048182090479027787,0.2696223293008299
360,6.0,feeder2_248,0.04897934033870047,0.2704972035812202,0.048943743630615655,0.270423590287349
360,6.0,feeder2_124,0.04958599389044561,0.2818287005073495,0.04955262221753809,0.28174291315717803
360,6.0,feeder2_282,0.04946715447853495,0.28180706922781384,0.049431693288546796,0.28172948629082434
360,6.0,feeder2_275,0.04996956112579814,0.2822269871985154,0.04993556817196442,0.28214866061850186
360,6.0,feeder2_151,0.051856373799027466,0.3026372261706633,0.05181973814046742,0.3025447956168976
360,6.0,feeder2_295,0.05184213059146512,0.3025528568957363,0.05180532796096738,0.30246281272196274
360,6.0,feeder2_311,0.05182807106373323,0.30238540518247703,0.051789041524823456,0.3022968081863352
360,6.0,feeder2_201,0.05571601086925192,0.33771273533676593,0.05567431295779009,0.33761468063690425
360,6.0,feeder2_314,0.05562976652869841,0.3376830354060678,0.05558967589728357,0.337581202558129
360,6.0,feeder2_342,0.061234197418026944,0.3876632420264553,0.06119176788040383,0.38754200455805227
360,6.0,feeder2_368,0.06396187659699894,0.39810375481259525,0.06391947326391882,0.39799016679368415
360,6.0,feeder2_347,0.060110397313878024,0.3928325923344829,0.06006304417738637,0.3927047382826778
360,6.0,feeder2_353,0.05956807949348353,0.3954804126586841,0.05952147379585256,0.39534106022118276
360,6.0,feeder2_518,0.05989494446767079,0.3928115196123452,0.05984924258991302,0.3926807493022123
360,6.0,feeder2_365,0.05893392153216441,0.39828627081360285,0.058884220711485045,0.3981467220998318
360,6.0,feeder2_653,0.059872075319786756,0.39578678237687265,0.059824888764740305,0.3956534258121259
360,6.0,feeder2_377,0.0585682058258257,0.40024454935286125,0.058518077592715066,0.40010384448797764
360,6.0,feeder2_622,0.06010477417597505,0.39671590404061224,0.060057170571638986,0.39657441557165224
360,6.0,feeder2_451,0.06389145028454415,0.3980867695665413,0.063846903284708,0.3979712294395248
360,6.0,feeder2_383,0.0683864799645623,0.41509033174428955,0.0683429782216763,0.4149767606671869
360,6.0,feeder2_385,0.058155646786095125,0.4025417225864237,0.05810479553095124,0.4023899227120786
360,6.0,feeder2_621,0.058544813050889905,0.4001520627382611,0.05849217455849169,0.4000099200863988
360,6.0,feeder2_611,0.06859407446216867,0.4153066136007969,0.06855136976268124,0.41518929251718767
360,6.0,feeder2_405,0.06865979915333717,0.41614353186026876,0.06861545385252923,0.4160294529522342
360,6.0,feeder2_461,0.056056174063403824,0.41105134462702875,0.056002928149247753,0.4108842489123046
360,6.0,feeder2_594,0.05877998247862901,0.40299626625755175,0.058729278854326696,0.40284772305793326
360,6.0,feeder2_732,0.06898125554938153,0.41647841464012975,0.06893492843172995,0.41636955644450346
360,6.0,feeder2_417,0.07069740774689663,0.42401252359586716,0.07065411664702759,0.42389953691153914
360,6.0,feeder2_663,0.07064770678845735,0.4239022708634797,0.07060399628133099,0.4237919718850742
360,6.0,feeder2_444,0.07225483043729566,0.4300360454720684,0.07220967034614113,0.42992419182296004
360,6.0,feeder2_759,0.07213026376998864,0.4300042535167871,0.0720840117632052,0.42989437781001255
360,6.0,feeder2_842,0.07219192609857515,0.4299049739469081,0.0721486009909586,0.4297973980637357
360,6.0,feeder2_459,0.07280314050350092,0.4321552315143031,0.07275575888216528,0.4320483058635919
360,6.0,feeder2_702,0.07147628769625503,0.43320939388788093,0.07143209687772416,0.43310022947994753
360,6.0,feeder2_493,0.0750392822917937,0.4398273847601296,0.07499438203956951,0.4397153708881174
360,6.0,feeder2_651,0.05688216887416289,0.4097060808042372,0.05682585611810128,0.40954047871882193
360,6.0,feeder2_684,0.05435180216722641,0.4197667575134723,0.054295262232257856,0.41958349329022726
360,6.0,feeder2_674,0.07988890774759176,0.4448898453498675,0.0798466369452057,0.44477739978297437
360,6.0,feeder2_696,0.07492888381429866,0.4391339640925062,0.07488475973383159,0.43902354795346055
360,6.0,feeder2_681,0.09333529283457327,0.45874572053728596,0.09329078419298405,0.45864080439223104
360,6.0,feeder2_682,0.0799648969766939,0.44496903862863885,0.07991840009456659,0.44486427632155223
360,6.0,feeder2_728,0.05412861298405101,0.42056949559813966,0.05407420707653275,0.42038901904733594
360,6.0,feeder2_724,0.0530003609321023,0.42700730777618406,0.05294110888160576,0.4268119667421827
360,6.0,feeder2_703,0.07484643692264022,0.4385621345545176,0.07480136604065447,0.43845361825047324
360,6.0,feeder2_704,0.07491215681263447,0.4390094110435178,0.07486731272931874,0.4389030398624896
360,6.0,feeder2_754,0.05280506308854969,0.42701241426806225,0.05274860560941677,0.4268147745243919
360,6.0,feeder2_747,0.05246776166570083,0.4300097106407018,0.052409665674516895,0.42980493435869704
360,6.0,feeder2_828,0.05418122570714527,0.4206199079632987,0.05412606073490972,0.4204379942635785
360,6.0,feeder2_763,0.0537764446161163,0.4216798980374578,0.053721106975640906,0.42149927724093583
360,6.0,feeder2_836,0.05240567254868756,0.4298051094944745,0.052346602262166766,0.4296055171361098
360,6.0,feeder2_758,0.05203069431091318,0.43269401682794384,0.051971121811525856,0.4324888436908674
360,6.0,feeder2_788,0.050436693434017965,0.43391836132450373,0.050377121064281216,0.43370939359903177
360,6.0,feeder2_812,0.05108820399618636,0.43959368666398835,0.05102317160351974,0.43937601946515153
360,6.0,feeder2_947,0.05333584557177131,0.4216845843251063,0.05327839282490305,0.4215041940635549
360,6.0,feeder2_868,0.05362756103361761,0.42168099283001426,0.05357408500854423,0.4214975915305671
360,6.0,feeder2_785,0.05360105391198789,0.42237081653615277,0.05354415324945135,0.4221903547983312
360,6.0,feeder2_1176,0.05353665253606507,0.4221829261570764,0.05347922797134013,0.4220055699016287
360,6.0,feeder2_846,0.05385394131159979,0.4226092620019749,0.0538007784255403,0.4224258754487489
360,6.0,feeder2_911,0.0531347848585193,0.4236759812344,0.05307832703470863,0.42349688867031704
360,6.0,feeder2_1107,0.05109882070076572,0.4478662048876838,0.05103540214770559,0.44764899545346354
360,6.0,feeder2_920,0.050831052882416905,0.4392605227132181,0.05076901775572124,0.4390330326926459
360,6.0,feeder2_926,0.05041675298759822,0.43864319829272774,0.0503562811022051,0.438408608586039
360,6.0,feeder2_1239,0.05086762985098965,0.4394244320887857,0.05080661488469563,0.43919461534337445
360,6.0,feeder2_933,0.05028634363941327,0.4381600644483287,0.050220627684581465,0.43792350607009745
360,6.0,feeder2_1146,0.05016684971639725,0.4396632384928294,0.05010587690949136,0.43942759467359566
360,6.0,feeder2_1124,0.05026473258000919,0.43810945235104126,0.05019835806216417,0.43787533447691473
360,6.0,feeder2_942,0.049965170247638996,0.4369954166862663,0.04989800667648033,0.436752973294249
360,6.0,feeder2_952,0.04965139431328671,0.4341847510257337,0.04958429046388994,0.4339269180834704
360,6.0,feeder2_965,0.04994436449439714,0.4371411541750525,0.04987688783201442,0.43689526371808574
360,6.0,feeder2_961,0.04963974483339085,0.43379511002533694,0.04957290709739035,0.4335354586476509
360,6.0,feeder2_963,0.04964662288831326,0.43420361091114157,0.04957799299388946,0.43394796098122035
360,6.0,feeder2_973,0.04957079422815953,0.4316927175685977,0.04950298089447447,0.43142635949585595
360,6.0,feeder2_1128,0.04965221392787251,0.4338535581037923,0.049585881258666815,0.4335947703563897
360,6.0,feeder2_1113,0.04908415402306254,0.43468129427387014,0.049017540906300464,0.4344236740611572
360,6.0,feeder2_1143,0.049634772884768856,0.43419157375862716,0.04956778823292946,0.43393355059525157
360,6.0,feeder2_1238,0.04763706881372442,0.43911044923731024,0.047571342950591414,0.4388619127889141
360,6.0,feeder2_979,0.049953475436811313,0.4371818612426594,0.04988829383566972,0.4369360773573126
360,6.0,feeder2_1236,0.04949293747940036,0.42867071616989605,0.04942061376809081,0.4283972990526383
360,6.0,feeder2_989,0.04957057264612769,0.4316917509746113,0.04950298089447447,0.43142635949585595
360,6.0,feeder2_1196,0.05013323211719033,0.43734263021109737,0.05007072289206555,0.4370962773067155
360,6.0,feeder2_1158,0.04950208902972089,0.4315628822504007,0.04943443512044075,0.4312997944920425
360,6.0,feeder2_1122,0.05113054972133325,0.4511693345147257,0.05106809220898548,0.4509512844584345
360,6.0,feeder2_1258,0.05104519779283998,0.4477585178282634,0.05098012614454772,0.44754113710305476
360,6.0,feeder2_1303,0.051066448237200704,0.4511563814612869,0.05100684711114725,0.4509312995705529
360,6.0,feeder2_1138,0.05115938650302513,0.4537820616438949,0.05110059553255778,0.4535568410615269
360,6.0,feeder2_1304,0.05171597408908472,0.454279428167807,0.05165628475850929,0.45405554581669016
360,6.0,feeder2_1212,0.0511365370854682,0.458884985656792,0.05107654032304303,0.4586652690315434
360,6.0,feeder2_1311,0.048042505825456105,0.46154952375876007,0.047979535280447336,0.4613326521912529
360,6.0,feeder2_1290,0.051610183282514786,0.4631516318770212,0.05155172072610535,0.4629314615296141
360,6.0,feeder2_1325,0.049394103447166444,0.4262003906739921,0.049320110205466915,0.4259153912924825
360,6.0,feeder2_1248,0.04949672399841358,0.42866323145133933,0.04942484995030716,0.4283896439800246
360,6.0,feeder2_1249,0.04761419830449996,0.4391055700366731,0.04754909021985343,0.4388629047709872
360,6.0,feeder2_1250,0.04607546810733076,0.44050469344480453,0.046009770254248086,0.44026137527252085
360,6.0,feeder2_1366,0.05056703593707704,0.42686657896566027,0.05049451159367678,0.4265971042196456
360,6.0,feeder2_1266,0.05101468859592744,0.44770214992443874,0.05095663302297275,0.4474768980956226
360,6.0,feeder2_1372,0.05030464995879183,0.46416236237238434,0.05024469686191442,0.4639439586581498
360,6.0,feeder2_1363,0.05244993027831564,0.4664555656224221,0.05239315127956534,0.4662353019798197
360,6.0,feeder2_1446,0.04928561888096986,0.4262151167395634,0.04921053433626271,0.42593121909824266
360,6.0,feeder2_1502,0.04929189269005861,0.42344959447339736,0.04921169581096235,0.42315486877827163
360,6.0,feeder2_1428,0.05296015611437793,0.4669151738801043,0.0529016315363995,0.466696482420716
360,6.0,feeder2_1380,0.05331374099437343,0.46974705149352797,0.05325356738717556,0.46953334670528074
360,6.0,feeder2_1550,0.05139128281679995,0.4713944924456347,0.05133209094223468,0.4711816584670047
360,6.0,feeder2_1386,0.053920980279759306,0.4706040589720329,0.05386182305383972,0.4703923385969345
360,6.0,feeder2_1551,0.0540882623926312,0.47076774595911086,0.05403247890731635,0.47055470125871807
360,6.0,feeder2_1400,0.05420296136727155,0.47097945016882314,0.05414614820894965,0.4707641413286774
360,6.0,feeder2_1552,0.05442494873938085,0.47119815277630767,0.05436294683423236,0.4709906729583384
360,6.0,feeder2_1408,0.05476712980475107,0.47165496187426376,0.05470927990750459,0.47144678841180643
360,6.0,feeder2_1553,0.05633788058636636,0.47220809037944855,0.056280390031131236,0.47199916871422787
360,6.0,feeder2_1416,0.054943846982224424,0.47183736571677254,0.05488748350466437,0.47162805865520274
360,6.0,feeder2_1530,0.054807140433959046,0.471830071843178,0.0547448311628211,0.47162522246595545
360,6.0,feeder2_1425,0.05528258787880909,0.4722076651439101,0.05522050279580017,0.4720061877417169
360,6.0,feeder2_1589,0.05742320355874964,0.47279324395042305,0.057363635478997504,0.4725918823797034
360,6.0,feeder2_1435,0.055279603176311205,0.47219515285236946,0.055221902754919616,0.4719867221959899
360,6.0,feeder2_1621,0.05515006071988766,0.4719298002228077,0.05508914925000971,0.47172477208921326
360,6.0,feeder2_1564,0.05530518153703457,0.47232865867577833,0.05524808675540809,0.4721201216076494
360,6.0,feeder2_1704,0.04990048297803047,0.4221752191000916,0.04982360387243132,0.4218719644301156
360,6.0,feeder2_1525,0.049271974099142045,0.4232319715248516,0.04919671016906202,0.42292867680997404
360,6.0,feeder2_1716,0.04919339562056144,0.4230344488204753,0.04911563768310165,0.422733592535662
360,6.0,feeder2_1537,0.04925569927376408,0.4230188398879357,0.049175943464820515,0.4227152035834867
360,6.0,feeder2_1645,0.04964237830242416,0.42310994566212873,0.049565468694757,0.4228041369287237
360,6.0,feeder2_1561,0.049157674296118344,0.4226917820653721,0.04907912509466179,0.42237815392210853
360,6.0,feeder2_1657,0.04906424063832196,0.42270524596923426,0.04898643568899115,0.4223939490630679
360,6.0,feeder2_1570,0.049116742629962726,0.4225521774809743,0.0490362321577143,0.42223881050509754
360,6.0,feeder2_1756,0.043205996298736435,0.4278913307229342,0.04312678774586807,0.4275741410538825
360,6.0,feeder2_1588,0.04915255023217118,0.42210175899136776,0.04907388636081588,0.4217834665715118
360,6.0,feeder2_1628,0.049028048742751185,0.4221231326900511,0.04894497973587602,0.4218066382565
360,6.0,feeder2_1598,0.04919999203575507,0.4215321801902323,0.049119980107619185,0.42120941041440185
360,6.0,feeder2_1816,0.04903009601255851,0.4211943967170386,0.048947535903605614,0.420876097772091
360,6.0,feeder2_1765,0.049033368557773696,0.42104034028041915,0.04894884035951138,0.4207270245421372
360,6.0,feeder2_1641,0.04949360803503017,0.41905491461180805,0.04941094815671366,0.41872514241255204
360,6.0,feeder2_1689,0.05000604019935847,0.41582697274326863,0.049921011681321466,0.41548816935817934
360,6.0,feeder2_1744,0.04862390432149279,0.4198090293288582,0.04854041694387078,0.4194775601200522
360,6.0,feeder2_1817,0.05025184109263778,0.41598949197491736,0.05016954455254862,0.4156495423069793
360,6.0,feeder2_1779,0.05072706998733046,0.41473368351561574,0.050640310159321744,0.4143956898929999
360,6.0,feeder2_1800,0.050062446462416844,0.41587644410212504,0.049977808261740045,0.4155373728302796
360,6.0,feeder2_1818,0.052323018814294554,0.4103509335795184,0.052220866083602005,0.4099907180233373
360,6.0,feeder2_1753,0.048527590835497916,0.41980355704619887,0.04844422036205017,0.41947483080258596
360,6.0,feeder2_1754,0.04804419717594569,0.420331411075536,0.04796179015647263,0.4200008924780362
390,6.5,secondary,0.02595085655401586,0.019150894954300255,0.025939765414076752,0.019137014230960463
390,6.5,feeder2_44,0.04832084937553453,0.09993806500271674,0.04829716881299491,0.0998542983322895
390,6.5,feeder2_45,0.04913379031331085,0.10283770760724162,0.04910584785017346,0.10275805499508238
390,6.5,feeder2_46,0.04790231629718587,0.10238704246337016,0.0478780885515721,0.10230669350266117
390,6.5,feeder2_51,0.05054857304687271,0.10793538590715564,0.05052034273654675,0.10785135861660394
390,6.5,feeder2_48,0.04943606191670595,0.10237989583113324,0.04941035502472103,0.10229386325204162
390,6.5,feeder2_52,0.05033309365158789,0.1078616374135517,0.05030829937890754,0.10777320149849895
390,6.5,feeder2_68,0.0545605340346622,0.12231847212230643,0.0545323120148276,0.12221836622813191
390,6.5,feeder2_69,0.05466342819363556,0.1225077167610242,0.05463784931153311,0.1224057845347509
390,6.5,feeder2_71,0.05509150846686718,0.12421346631925978,0.0550636952183921,0.12411231279914241
390,6.5,feeder2_72,0.05518932315910645,0.1240487914688221,0.055162836779569395,0.1239445780998789
390,6.5,feeder2_73,0.056755941200086216,0.13016027113977147,0.056725912462078004,0.13005333716589784
390,6.5,feeder2_74,0.05662467604099615,0.13011292412381312,0.056600292931062585,0.13000086957781837
390,6.5,feeder2_77,0.058189433361435845,0.13526989717049773,0.05816140507680117,0.13515589280449197
390,6.5,feeder2_79,0.057867553999403666,0.1361976928109795,0.05784113204860011,0.1360850359349539
390,6.5,feeder2_81,0.06041144902339307,0.14293516860226282,0.06038200625804594,0.1428148941752095
390,6.5,feeder2_82,0.0606763954324019,0.1425067728318113,0.06064434474449959,0.14238754911658932
390,6.5,feeder2_116,0.07041900648666756,0.17769752988021903,0.07038088152931088,0.1775508965195022
390,6.5,feeder2_119,0.06858882674801176,0.1786854208552971,0.06855286419551883,0.1785340338006742
390,6.5,feeder2_120,0.0744150647214545,0.19018135697484687,0.07437316083670381,0.19001934817775723
390,6.5,feeder2_248,0.07429860493347448,0.1901353126473316,0.07425656950561191,0.1899788140107394
390,6.5,feeder2_124,0.07688329744241267,0.19788534585572648,0.07684652055913306,0.19771700809559445
390,6.5,feeder2_282,0.07693489189894671,0.19778725098063393,0.07689512708474938,0.19761865569985476
390,6.5,feeder2_275,0.07594791850318407,0.19853819389884036,0.0759060494858896,0.19836932471881036
390,6.5,feeder2_151,0.081361384573123,0.21100222204542998,0.08131554793176614,0.21082427076855145
390,6.5,feeder2_295,0.08142701264899121,0.21110739342625034,0.08138469840270787,0.21092744428974278
390,6.5,feeder2_311,0.08154231679289105,0.2113048926530396,0.08150042879262416,0.21112462309509228
390,6.5,feeder2_201,0.0887229524693622,0.2323374617105409,0.0886821108288427,0.23213105858383237
390,6.5,feeder2_314,0.08951906624652003,0.23145430347186152,0.0894701094988288,0.23125218231150216
390,6.5,feeder2_342,0.0989496008530428,0.2644854726584797,0.09889856489869261,0.26425455587234814
390,6.5,feeder2_368,0.1017779705661137,0.27675516672107786,0.10172401256771044,0.2765268484357812
390,6.5,feeder2_347,0.09954121985994274,0.2574354961068367,0.09948864966283029,0.2571884177075529
390,6.5,feeder2_353,0.0998445064118468,0.25401213404028283,0.09978683315203796,0.2537618000345927
390,6.5,feeder2_518,0.09964060718675938,0.25725249909405773,0.09958444804901109,0.25700830613808145
390,6.5,feeder2_365,0.10021264744319067,0.2502904379006001,0.1001530299216796,0.2500333280004849
390,6.5,feeder2_653,0.0995233042250267,0.2538985950999474,0.09946802304866383,0.25364538214949006
390,6.5,feeder2_377,0.10039282405306213,0.248051358234795,0.10033173672322915,0.247790642724005
390,6.5,feeder2_622,0.09975728699936684,0.25100810151706754,0.09970476511874625,0.25074274564732957
390,6.5,feeder2_451,0.10180303419602918,0.2766987607667856,0.10175689324127114,0.27646715115368387
390,6.5,feeder2_383,0.10642130393662488,0.29665426019819924,0.10637565869266391,0.2964195023871959
390,6.5,feeder2_385,0.10059461836137294,0.24543537137755034,0.10053506264436077,0.2451670740691578
390,6.5,feeder2_621,0.10046303667600699,0.24816326578651718,0.10040452196791284,0.247898356116284
390,6.5,feeder2_611,0.10620611703362579,0.29656978343620444,0.1061573766753394,0.2963384467386328
390,6.5,feeder2_405,0.10671693768617244,0.2979040186597023,0.10667102743214124,0.2976691392840009
390,6.5,feeder2_461,0.10145573693800217,0.2348967653150056,0.10138941817046927,0.23460780503946782
390,6.5,feeder2_594,0.10051907111386384,0.24540269711037982,0.10045676643454214,0.24513558401589045
390,6.5,feeder2_732,0.104237327947473,0.2996311019101555,0.10418987883044613,0.2993961499761924
390,6.5,feeder2_417,0.109141587467341,0.3070050283504142,0.10909192994432465,0.3067727273106005
390,6.5,feeder2_663,0.10897990571855855,0.3077450261184213,0.1089339971147654,0.30750980780398635
390,6.5,feeder2_444,0.11097030236043688,0.3136695006041225,0.11091939956499575,0.31343552141469383
390,6.5,feeder2_759,0.11100888042687711,0.3135701694801461,0.1109609885266109,0.31333734032120636
390,6.5,feeder2_842,0.1406106253816199,0.35479785437957506,0.14056606618474368,0.3545631703148193
390,6.5,feeder2_459,0.11103167327080316,0.31357772195170386,0.11098471062624288,0.31334424458882876
390,6.5,feeder2_702,0.11265553402029636,0.31179411453923517,0.11260859224576064,0.31155896666283633
390,6.5,feeder2_493,0.11111100129337173,0.3139375536637768,0.11106162283095304,0.3137045759054027
390,6.5,feeder2_651,0.10157684099213418,0.23510771935057964,0.10151295202580461,0.23481378494542124
390,6.5,feeder2_684,0.10213368227868225,0.22609839635297654,0.10206440159610387,0.22579168940860792
390,6.5,feeder2_674,0.1110623412907355,0.31391248427925483,0.11101343216303955,0.3136788663500354
390,6.5,feeder2_696,0.11139128031246957,0.31510677539078397,0.11134119933073802,0.3148737066895957
390,6.5,feeder2_681,0.11097845053009012,0.3138662601989272,0.11092901733821894,0.31363658524502147
390,6.5,feeder2_682,0.1109879354511825,0.31387872306934916,0.1109380748626527,0.31364779513471663
390,6.5,feeder2_728,0.10209284906898251,0.2262293751066812,0.10202949205983278,0.22592037724395436
390,6.5,feeder2_724,0.10286756503778724,0.21682420803862432,0.10280213952682266,0.216496722081548
390,6.5,feeder2_703,0.11208486531281583,0.31616619111788463,0.11203947371995775,0.3159333761019738
390,6.5,feeder2_704,0.11149021757727824,0.31525915130438886,0.11144289641044351,0.31502655020970144
390,6.5,feeder2_754,0.10298459367196822,0.21663116879705185,0.10291528628194968,0.21630559369098895
390,6.5,feeder2_747,0.10317926473639712,0.21315224305585573,0.10310661774268173,0.21281879434347312
390,6.5,feeder2_828,0.10204083703806564,0.22620867115552235,0.10197637833253288,0.2258980941979005
390,6.5,feeder2_763,0.1020528009378816,0.22646650765505175,0.10198904220700697,0.2261573958968567
390,6.5,feeder2_836,0.10330616443735394,0.21337901600382067,0.10323644280182452,0.21304482080592235
390,6.5,feeder2_758,0.10343169672389864,0.20990252712456053,0.10335792437578889,0.2095682956093445
390,6.5,feeder2_788,0.10627405637945657,0.20685099052359218,0.10619892851341482,0.20651556850326236
390,6.5,feeder2_812,0.10363796697623173,0.20389277085345797,0.10356536491408484,0.20353322434337484
390,6.5,feeder2_947,0.10230073729369671,0.22605332489919247,0.1022378253219594,0.22574472369141182
390,6.5,feeder2_868,0.10213578959960641,0.22632726755010382,0.1020694431311819,0.22601807763916268
390,6.5,feeder2_785,0.10202274593646939,0.22677911311444768,0.10195505810874207,0.2264719018271381
390,6.5,feeder2_1176,0.10102790388988334,0.22849721169981896,0.10096324807559551,0.22819022872515882
390,6.5,feeder2_846,0.10176486926949135,0.22668595912993267,0.10170251350838583,0.22637493860552566
390,6.5,feeder2_911,0.10202352671351483,0.22672315343484364,0.10195548388941024,0.22641274320219976
390,6.5,feeder2_1107,0.10343010884876541,0.2005525808526408,0.10335346179514411,0.20019672440392072
390,6.5,feeder2_920,0.1037560755403141,0.2031586563325954,0.10367761506650734,0.20279688492688097
390,6.5,feeder2_926,0.10407906461046083,0.20176116678180994,0.1040019507368245,0.2013901077310764
390,6.5,feeder2_1239,0.10358318924273029,0.20351916201021197,0.10350898771547182,0.20315612041692793
390,6.5,feeder2_933,0.10412301703314115,0.20176559893038656,0.10404352496263813,0.2013896291862163
390,6.5,feeder2_1146,0.10454734216584367,0.19882425117165214,0.10446700154135564,0.19845513328813463
390,6.5,feeder2_1124,0.1041568581913888,0.2018229129769451,0.10407650415446242,0.20145075834454573
390,6.5,feeder2_942,0.10422393950036506,0.20172325324423354,0.10414001274802531,0.2013444414731372
390,6.5,feeder2_952,0.10487631842121387,0.2004748995829338,0.10479819409174977,0.20007399287217814
390,6.5,feeder2_965,0.10415862568244141,0.2018790790040695,0.10408189919802392,0.20149165009388428
390,6.5,feeder2_961,0.10490710229306896,0.20060658382769994,0.10482534616395134,0.20020626945142492
390,6.5,feeder2_963,0.10488483337027617,0.20041807001478892,0.1048027206750263,0.20002240295948515
390,6.5,feeder2_973,0.10507709059801057,0.2013276746480483,0.10499515027717096,0.2009195634252509
390,6.5,feeder2_1128,0.10489673386557133,0.20057965315744436,0.10481725708493646,0.20018064987559406
390,6.5,feeder2_1113,0.10606888468781256,0.19917161652042867,0.10598576024705962,0.1987748672504336
390,6.5,feeder2_1143,0.1048793187978975,0.2002222140687781,0.10480178784041104,0.19982239478058933
390,6.5,feeder2_1238,0.10423516858793555,0.20173526582351106,0.10415455630828371,0.20135269282036905
390,6.5,feeder2_979,0.10407394185122454,0.2020939762579343,0.10399703019611294,0.20170985556310447
390,6.5,feeder2_1236,0.10530462389813022,0.2022843898262336,0.10522339978185286,0.20186419450266918
390,6.5,feeder2_989,0.10507733680950154,0.20132891044711385,0.10499404378733843,0.20092110027028157
390,6.5,feeder2_1196,0.10294627809554059,0.20312970353476792,0.10286519865997722,0.2027483074068818
390,6.5,feeder2_1158,0.10517744345017477,0.20148327686803838,0.10509588415347773,0.20107550236637053
390,6.5,feeder2_1122,0.10332973819041152,0.19916887851297574,0.103258217474625,0.19881224447385973
390,6.5,feeder2_1258,0.10350760211167312,0.20067908193952122,0.10343241283830285,0.2003225774815746
390,6.5,feeder2_1303,0.10336887784092909,0.19909201838653334,0.10329246271364129,0.19873450859787917
390,6.5,feeder2_1138,0.10325288812990956,0.19811101871121417,0.10318036635660684,0.19775167163627758
390,6.5,feeder2_1304,0.10195928550290143,0.1988566515975975,0.10188824825914883,0.19849605174278823
390,6.5,feeder2_1212,0.1033773453753314,0.19539909285219378,0.10330454726190802,0.19504050623391972
390,6.5,feeder2_1311,0.10343274528401056,0.19529205548126266,0.10335602784462541,0.1949372252613896
390,6.5,feeder2_1290,0.10353804057140895,0.19214247548656524,0.10346317754928787,0.19178264153847027
390,6.5,feeder2_1325,0.10556157979214253,0.20334028401828574,0.1054718080227989,0.2029082714238621
390,6.5,feeder2_1248,0.1053054593863837,0.2022857309867394,0.10522438320902901,0.20186454757056063
390,6.5,feeder2_1249,0.1042476557735082,0.20171007004581615,0.10416849418550064,0.20132668196010658
390,6.5,feeder2_1250,0.10425898894946696,0.20169511246584398,0.10417744278986717,0.20131416340334207
390,6.5,feeder2_1366,0.1054204542716526,0.2024736025647024,0.10533201338859405,0.20205860108202917
390,6.5,feeder2_1266,0.10355075826443155,0.2007471603099493,0.10347488638078108,0.2003872200924056
390,6.5,feeder2_1372,0.10367319463796866,0.19192033215929846,0.1035966603938708,0.1915683343906793
390,6.5,feeder2_1363,0.10371609312090563,0.18896239197166856,0.10363958470607536,0.1886077310398799
390,6.5,feeder2_1446,0.10704241229016187,0.2017551875990157,0.10695546698261212,0.20132094733649816
390,6.5,feeder2_1502,0.10553922958242727,0.20664359444158317,0.10544882124232859,0.20619273322477583
390,6.5,feeder2_1428,0.10320605458754954,0.18885567223897146,0.10313113696683426,0.18850178394575415
390,6.5,feeder2_1380,0.10408490999014663,0.18537965044594593,0.10401183903901075,0.18502557472796155
390,6.5,feeder2_1550,0.10411461590060808,0.18532991993665487,0.10404033290834845,0.1849772424836527
390,6.5,feeder2_1386,0.10426616714284907,0.18366273820752824,0.10419296527947987,0.18330913698442158
390,6.5,feeder2_1551,0.10348103448015714,0.1843946734389892,0.10340383322947864,0.1840413845988838
390,6.5,feeder2_1400,0.10440813866317922,0.18270049079382378,0.10433579135096438,0.18234454678068462
390,6.5,feeder2_1552,0.1041957842476762,0.18262129297629126,0.1041210576229032,0.18226948870452647
390,6.5,feeder2_1408,0.10472054905648766,0.18076022739096628,0.10464347547151044,0.18040792249917267
390,6.5,feeder2_1553,0.10459239896010111,0.1807245087692023,0.10452271951231454,0.18036614010630048
390,6.5,feeder2_1416,0.10488841222074577,0.17976135593805082,0.10481435558494316,0.179406037594523
390,6.5,feeder2_1530,0.10848585942394867,0.17604228626590876,0.1084101812775624,0.17568662726531392
390,6.5,feeder2_1425,0.1048842392186029,0.17985117425556024,0.10480794679185561,0.17949754384523034
390,6.5,feeder2_1589,0.10464042047598734,0.17980703321273825,0.10456864980734112,0.17945084626314478
390,6.5,feeder2_1435,0.10488774638111335,0.17987570857396176,0.1048135053271101,0.17952331604952002
390,6.5,feeder2_1621,0.10504706100573832,0.18016981032321636,0.1049693127578283,0.1798206904020352
390,6.5,feeder2_1564,0.10486481498218271,0.1798275960191979,0.10479032236385133,0.17947160331506623
390,6.5,feeder2_1704,0.10490801987450653,0.2078568991128137,0.10481973132221468,0.20740598825775425
390,6.5,feeder2_1525,0.10548618241366017,0.2069844643193189,0.1053913439281181,0.20653328584987388
390,6.5,feeder2_1716,0.10397132232384053,0.2091809476657885,0.10387831489948882,0.20872874333280997
390,6.5,feeder2_1537,0.10539639771106565,0.20697625061753944,0.10530484451823,0.20651590822681715
390,6.5,feeder2_1645,0.10426762198191067,0.20798502873005162,0.10417405864005458,0.20752368438778745
390,6.5,feeder2_1561,0.10549321824623206,0.20648674222085325,0.10539641684629283,0.20601979772227313
390,6.5,feeder2_1657,0.10555314986221645,0.20639104244787043,0.10545703602742498,0.20592786829007753
390,6.5,feeder2_1570,0.10553576370183504,0.20629629864919943,0.10544515711730883,0.20582339809543282
390,6.5,feeder2_1756,0.10563354432110421,0.20611803821361227,0.10553761588766968,0.20565038438881197
390,6.5,feeder2_1588,0.10557643394421663,0.20612821023973543,0.10548391181058656,0.20565347047556237
390,6.5,feeder2_1628,0.10639996996638033,0.20522277845729867,0.10630346543538663,0.20475046671914937
390,6.5,feeder2_1598,0.10559190115022532,0.20617515319340415,0.10549400461145955,0.20570262687052576
390,6.5,feeder2_1816,0.10584348342819441,0.20656570887334058,0.10574872648159277,0.20608857299453354
390,6.5,feeder2_1765,0.10588359936822007,0.20670054238636737,0.10579092848913,0.20622402106014137
390,6.5,feeder2_1641,0.10559772350051708,0.20604243338425576,0.10550170748204649,0.20554975024124808
390,6.5,feeder2_1689,0.10560935587174904,0.20601742867279246,0.10550939145611907,0.20551336204228135
390,6.5,feeder2_1744,0.10563338634631493,0.20597956481617033,0.10553500593225873,0.2054880696092045
390,6.5,feeder2_1817,0.10559465619564502,0.20597544406351304,0.10549742800913108,0.2054685931231552
390,6.5,feeder2_1779,0.10563234060733716,0.20605896708461593,0.1055314103030012,0.20555510050121367
390,6.5,feeder2_1800,0.10555449024799254,0.20599703010176265,0.10545420146021044,0.20549422370169135
390,6.5,feeder2_1818,0.10540578244172033,0.20515297006402544,0.10528406002816405,0.20462865944823688
390,6.5,feeder2_1753,0.10568602363148784,0.20588177543240513,0.10558710615672265,0.20539512721143102
390,6.5,feeder2_1754,0.10564665430977609,0.20595740088922235,0.1055533581323542,0.2054628550972721
420,7.0,secondary,0.03509736184615561,0.004322467973000458,0.035103078142410774,0.004325336265028813
420,7.0,feeder2_44,0.06526640257784415,0.02252713626526805,0.06528094415614302,0.022541215287598563
420,7.0,feeder2_45,0.06640595750187947,0.02338269003382529,0.06642151009911598,0.023397155752169312
420,7.0,feeder2_46,0.06244185066697932,0.020779388318052712,0.062459171671309106,0.020809549825987966
420,7.0,feeder2_51,0.06837558358804073,0.024969881996177477,0.06839324573686896,0.02498634438527316
420,7.0,feeder2_48,0.06695595358158937,0.022807476286107013,0.06697279756420187,0.0228232435286393
420,7.0,feeder2_52,0.06819560254941417,0.025160856854371038,0.06820897678170988,0.025171652788607005
420,7.0,feeder2_68,0.07395425061177695,0.029405497215029542,0.07396935114864832,0.029412698576048703
420,7.0,feeder2_69,0.0739497407877461,0.029415583903409523,0.07396431896274214,0.029426088909443524
420,7.0,feeder2_71,0.07469373781239824,0.029994101015110745,0.07471330851367174,0.03000372474917267
420,7.0,feeder2_72,0.07489816927886692,0.029770583670028355,0.07491581415526942,0.029783555527959388
420,7.0,feeder2_73,0.07700688507202612,0.03186791036369255,0.07702446430185589,0.03187787099770699
420,7.0,feeder2_74,0.07689462987215033,0.03198904350984431,0.07691187114170142,0.031994270274278265
420,7.0,feeder2_77,0.078997825792106,0.03346095387509573,0.0790164335195928,0.03346646300953198
420,7.0,feeder2_79,0.07897105878574093,0.03344647677348011,0.07898774443579389,0.033454112986634615
420,7.0,feeder2_81,0.08213387401763751,0.03597529603197446,0.08215224857054088,0.03597932685919096
420,7.0,feeder2_82,0.08264213987962586,0.035473544759296365,0.08266232271116437,0.03548136076201579
420,7.0,feeder2_116,0.09617727500539214,0.047901568488441314,0.09619657000757098,0.04789623938242774
420,7.0,feeder2_119,0.09548199509427448,0.048714499669840934,0.09550442595892557,0.04871250174079918
420,7.0,feeder2_120,0.10149709794434977,0.051912551705614436,0.10152000954728573,0.05190817656376913
420,7.0,feeder2_248,0.10139126353435975,0.05202108569150591,0.10141460713126614,0.05201280194631567
420,7.0,feeder2_124,0.1047828330819681,0.05433874443056333,0.10480746581615405,0.05433132985766909
420,7.0,feeder2_282,0.10519611007009405,0.053834570471760046,0.10522123731511726,0.05382484649464217
420,7.0,feeder2_275,0.10452368823573685,0.0555292580721284,0.10454852237448405,0.05552807142309929
420,7.0,feeder2_151,0.11060485216616261,0.058080430154861355,0.11063034513184927,0.05807289976602895
420,7.0,feeder2_295,0.11067186751327379,0.058102505588091026,0.11069441214419341,0.05809258542616775
420,7.0,feeder2_311,0.11061335980126666,0.058074259092740575,0.11063889432643252,0.05806766553112924
420,7.0,feeder2_201,0.12021810634559496,0.06423845130012949,0.12024538105679584,0.06422205524400978
420,7.0,feeder2_314,0.12102408783761101,0.06418595038504851,0.12105159643113174,0.06416690831585037
420,7.0,feeder2_342,0.13352133997148177,0.07327935434580382,0.13354892947854438,0.07325712798693063
420,7.0,feeder2_368,0.13359184701981167,0.0734927260741967,0.13362193752537846,0.0734697395114106
420,7.0,feeder2_347,0.13992990413483336,0.0773147007543277,0.13996237518379662,0.07729446858358344
420,7.0,feeder2_353,0.14296989847230754,0.07946274839541673,0.14299867755566972,0.07943744983066411
420,7.0,feeder2_518,0.14127663242380337,0.07719571714649806,0.14130801935541173,0.07717129463478989
420,7.0,feeder2_365,0.1463795902114457,0.08169071725680407,0.14641409550560908,0.08166644123080646
420,7.0,feeder2_653,0.142682080781965,0.07977702351290789,0.14271376963419383,0.07975493241788853
420,7.0,feeder2_377,0.1482306014244727,0.08290245688948401,0.14826411138179643,0.08287831362589063
420,7.0,feeder2_622,0.14638323012995985,0.0816872137343476,0.14641624769781156,0.08166501127645451
420,7.0,feeder2_451,0.13366534575497743,0.07341182458951571,0.13369861119441215,0.07339611615723879
420,7.0,feeder2_383,0.1336942425325351,0.07390859703717192,0.1337239954313219,0.0738898029569637
420,7.0,feeder2_385,0.1503428491612485,0.08428072460525915,0.15037862557925327,0.08425959358536628
420,7.0,feeder2_621,0.14832040700091503,0.08292051577931883,0.14835819885934337,0.0829022405971474
420,7.0,feeder2_611,0.1334971407642218,0.07411951182169546,0.1335257879048793,0.07409938752948296
420,7.0,feeder2_405,0.13370390928778061,0.07392407411287441,0.1337363266389357,0.07391020857469119
420,7.0,feeder2_461,0.15894777445145367,0.08976166528749023,0.1589827924463108,0.08973971317499854
420,7.0,feeder2_594,0.15027202403730947,0.08435202035590025,0.1503074438170157,0.08433040331906286
420,7.0,feeder2_732,0.13329068786216292,0.07631639209924622,0.13331770005918295,0.07630117317027056
420,7.0,feeder2_417,0.13385518268283564,0.0734985641231961,0.13388635021347298,0.07348240205025885
420,7.0,feeder2_663,0.13389274325959408,0.07350914715461578,0.13392320143633876,0.07348899709498748
420,7.0,feeder2_444,0.13396306348836687,0.07316782872913817,0.13399220326323252,0.07314763713780323
420,7.0,feeder2_759,0.1340931539107032,0.07302666261710569,0.1341235665691201,0.0730056216621043
420,7.0,feeder2_842,0.13396958525510033,0.07315688490087112,0.134000661454906,0.07313798176281641
420,7.0,feeder2_459,0.1339985835311102,0.07306178726736202,0.13402873765868234,0.07304118906228778
420,7.0,feeder2_702,0.13595135937542932,0.07279585715690583,0.1359823701789004,0.07277372359223355
420,7.0,feeder2_493,0.13391078937389608,0.07284825883275413,0.1339423032041521,0.07283252608220868
420,7.0,feeder2_651,0.1589622622056611,0.08973722102264717,0.15899927249493673,0.0897156872470734
420,7.0,feeder2_684,0.1659195344148166,0.09422887342022918,0.1659594824420152,0.09421002587421298
420,7.0,feeder2_674,0.13375961698175493,0.07300821233795667,0.13378920256847993,0.07299109334970497
420,7.0,feeder2_696,0.13386841478741035,0.07160855081471416,0.1338974165926699,0.07159773814565926
420,7.0,feeder2_681,0.1333930512528061,0.07339838815568234,0.1334239116326219,0.07338134899808892
420,7.0,feeder2_682,0.1336887798050066,0.07308041157143863,0.1337182841695705,0.07306197252514776
420,7.0,feeder2_728,0.16608866604445058,0.09417581159975376,0.16612672040604864,0.09415129625027434
420,7.0,feeder2_724,0.17276967682872896,0.09897308528181556,0.17280778435098793,0.09895616141435981
420,7.0,feeder2_703,0.13396525477973642,0.0714505947826303,0.1339962889096077,0.07144770151220911
420,7.0,feeder2_704,0.1334792053223165,0.07113600061546309,0.13350721973673213,0.07112438283462551
420,7.0,feeder2_754,0.17299455605348268,0.09873355887907335,0.17303621522880153,0.09871929018404563
420,7.0,feeder2_747,0.1755540725392106,0.10106289031663798,0.17559456198501616,0.10104712684300984
420,7.0,feeder2_828,0.1659053682284304,0.09434321598963546,0.1659465255975882,0.09432124746082873
420,7.0,feeder2_763,0.1664194087694599,0.09387387938759915,0.16645883006377757,0.09384825673757247
420,7.0,feeder2_836,0.1734067488815423,0.098517025323733,0.17344846519166013,0.09850488317324702
420,7.0,feeder2_758,0.17803316468706876,0.10393614404290205,0.1780772731665793,0.10392238077627232
420,7.0,feeder2_788,0.1780790953155316,0.10388439351233714,0.17812096486532059,0.10386884906841429
420,7.0,feeder2_812,0.18565280730083183,0.11284368887899887,0.1856996860055524,0.11282913080131717
420,7.0,feeder2_947,0.16944330201952434,0.09357489876366396,0.16948282341237747,0.09353868867711457
420,7.0,feeder2_868,0.16647564904085588,0.09381135678563858,0.16651336110463263,0.09378113598324336
420,7.0,feeder2_785,0.1664249519638672,0.0938749978238847,0.16646524776987373,0.09385095488641197
420,7.0,feeder2_1176,0.16647708696389685,0.09381463497494547,0.1665154171851233,0.09378986668460311
420,7.0,feeder2_846,0.1663416427180684,0.09395925513643255,0.16638113132071405,0.09393249339465294
420,7.0,feeder2_911,0.1664403257193,0.09378381759754015,0.16647943897368245,0.09375807548379664
420,7.0,feeder2_1107,0.18571009201320726,0.10735575742508853,0.18575129748411884,0.10732829094786203
420,7.0,feeder2_920,0.18777559507040795,0.11687640597501461,0.18782071145106322,0.1168648364121155
420,7.0,feeder2_926,0.19095133538237172,0.12286727993172551,0.19099585566738814,0.12285561141044025
420,7.0,feeder2_1239,0.187765265886783,0.11691768041691804,0.18780908889370407,0.11690342085269308
420,7.0,feeder2_933,0.19228486772706938,0.12558940594980295,0.19232922529920765,0.12558025136902318
420,7.0,feeder2_1146,0.19129936784725007,0.12258799004355918,0.19134706009594307,0.12257345930239127
420,7.0,feeder2_1124,0.19229453945168115,0.12559157072054,0.19233898808672678,0.12558261571247017
420,7.0,feeder2_942,0.19565753472283332,0.13250662818579306,0.1957061453123521,0.1325038615385263
420,7.0,feeder2_952,0.2004801088297523,0.1419627679868628,0.2005265746879218,0.1419742487657489
420,7.0,feeder2_965,0.1956788108349615,0.13263077615628188,0.195727803352871,0.13262805927074992
420,7.0,feeder2_961,0.20097033250934207,0.14305926519318646,0.2010193520494582,0.14307362594084416
420,7.0,feeder2_963,0.2004868324802842,0.1419508223951295,0.20053379159315413,0.14196260246937498
420,7.0,feeder2_973,0.20358707216600988,0.14894426757820436,0.203637697870848,0.14897091948188476
420,7.0,feeder2_1128,0.20095768147941162,0.14310611460073672,0.20100703925142382,0.14312001741574923
420,7.0,feeder2_1113,0.2011609143605206,0.14183968499211289,0.20120998531354337,0.1418494114284871
420,7.0,feeder2_1143,0.20051140708635112,0.14165353906060466,0.20056138859957223,0.14166950629133127
420,7.0,feeder2_1238,0.20046681263885888,0.1322943229614597,0.2005157529525966,0.13228126442587165
420,7.0,feeder2_979,0.1956189411801299,0.13286955191770192,0.19566569117529728,0.13286765507877082
420,7.0,feeder2_1236,0.20755650037802073,0.15871363790111576,0.20760801565413242,0.15875371111008066
420,7.0,feeder2_989,0.20358658196583396,0.14893719754993962,0.20363448981264706,0.14896033135852238
420,7.0,feeder2_1196,0.1945585465385195,0.13392276478863338,0.19460573269080628,0.13391863637416326
420,7.0,feeder2_1158,0.20271414472298172,0.1479703982870873,0.20276289734799985,0.14799758591642503
420,7.0,feeder2_1122,0.1857909531756728,0.10625544170243872,0.185831812971508,0.1062190177611238
420,7.0,feeder2_1258,0.18468458661786413,0.10607179071551025,0.18472935733401832,0.10604917095122667
420,7.0,feeder2_1303,0.1876271268982566,0.10591178373728823,0.18767073692129704,0.10587168871535038
420,7.0,feeder2_1138,0.1857269698721324,0.10560926512348809,0.18576842625177664,0.10557051742063524
420,7.0,feeder2_1304,0.18519599815339063,0.10618155525189527,0.1852381517772289,0.10614120514905649
420,7.0,feeder2_1212,0.18570811793221606,0.10384549163198872,0.18575307479541825,0.10380282608895591
420,7.0,feeder2_1311,0.185829261810853,0.10370282797277468,0.18586974073814178,0.10365681897666597
420,7.0,feeder2_1290,0.18569819972019314,0.10188259725954806,0.1857414518025933,0.1018308700995266
420,7.0,feeder2_1325,0.21297538742824118,0.17231363646777162,0.21302798628782962,0.17236673088074497
420,7.0,feeder2_1248,0.20755665573928386,0.15871377438940554,0.20760801565413242,0.15875371111008066
420,7.0,feeder2_1249,0.20184686143645433,0.13225663764644438,0.20189144714965598,0.13223300215536904
420,7.0,feeder2_1250,0.20051098474347778,0.13224281716601266,0.2005606879424941,0.13222880878984358
420,7.0,feeder2_1366,0.20757622784060478,0.15873057839252613,0.20762514843977584,0.1587684350429577
420,7.0,feeder2_1266,0.18407861894344377,0.10529680668839692,0.1841221638144449,0.10527542908660187
420,7.0,feeder2_1372,0.18594020182302748,0.10165665870713939,0.18597942167715234,0.10160073748381387
420,7.0,feeder2_1363,0.18567387163486473,0.10023147857860107,0.18571308694497646,0.10016375038664999
420,7.0,feeder2_1446,0.21417069310992887,0.17198904920210745,0.214224200359981,0.17204222802612226
420,7.0,feeder2_1502,0.21873581993807853,0.18852326050166338,0.21879097569572634,0.1885950447836254
420,7.0,feeder2_1428,0.18547180709887298,0.10134863695922564,0.1855116513718139,0.10128732930749498
420,7.0,feeder2_1380,0.18596708888604108,0.09653454041321843,0.18600541512176044,0.09645333429750137
420,7.0,feeder2_1550,0.1860207142514314,0.09648824054353386,0.18606279079638086,0.09641150291575074
420,7.0,feeder2_1386,0.1861175249242493,0.09486082631720043,0.18615820396105395,0.0947760468795284
420,7.0,feeder2_1551,0.1858768967491084,0.0958277207438932,0.18591565622287182,0.09574230027470836
420,7.0,feeder2_1400,0.18623044277576642,0.09385571829680503,0.18627036598579477,0.09376234518933577
420,7.0,feeder2_1552,0.18588988314483557,0.09540478170393474,0.18593120441953778,0.09531765466089535
420,7.0,feeder2_1408,0.18660683521319585,0.09101424598555297,0.1866489406184068,0.09091566804143857
420,7.0,feeder2_1553,0.18649166337853462,0.09114394002564963,0.1865336252579021,0.09104358869623522
420,7.0,feeder2_1416,0.1868105161382171,0.0895618438403596,0.18684902638690334,0.08945461718102875
420,7.0,feeder2_1530,0.19454652407525616,0.084262687074913,0.1945857361051088,0.08412931604585182
420,7.0,feeder2_1425,0.18669573747078505,0.09013663828933362,0.18673622653880764,0.09002876800326441
420,7.0,feeder2_1589,0.1857074280714683,0.0913330661945342,0.1857477632718039,0.09122773580791448
420,7.0,feeder2_1435,0.18669658159846358,0.09013965397765267,0.18673448812949445,0.09002799031357385
420,7.0,feeder2_1621,0.18670477037655223,0.09003065817556959,0.18674477172406115,0.08992366603802522
420,7.0,feeder2_1564,0.18666854488259627,0.09026888600625127,0.1867075355134065,0.09015805275125657
420,7.0,feeder2_1704,0.2187445184649315,0.18853453669381237,0.2187994083450594,0.1886058064429615
420,7.0,feeder2_1525,0.22021696477227565,0.19274505686742255,0.2202735592451043,0.19282364088234
420,7.0,feeder2_1716,0.21885476180393396,0.1914035661064946,0.21890773078520862,0.19148336509402095
420,7.0,feeder2_1537,0.22188922258548233,0.1976737702700102,0.22194151021483655,0.19775485607939
420,7.0,feeder2_1645,0.22178737817995245,0.1977304666112527,0.22184318250521035,0.19781347093993443
420,7.0,feeder2_1561,0.2237961266160601,0.20325438010985208,0.22385114683715662,0.20333847641567657
420,7.0,feeder2_1657,0.2239046583390868,0.20311269688562772,0.2239600090365895,0.20319771926999253
420,7.0,feeder2_1570,0.2246166641479174,0.20570482290659178,0.22467283143999078,0.20579209223344458
420,7.0,feeder2_1756,0.22482729658070258,0.20539039500888234,0.22488449897090987,0.20547745734563735
420,7.0,feeder2_1588,0.22538250421540576,0.20801848270300766,0.22544147669725095,0.2081078492433738
420,7.0,feeder2_1628,0.22542058042924568,0.20796650834908428,0.22547797657058943,0.20805685386207962
420,7.0,feeder2_1598,0.22634908292343217,0.21096114841344904,0.22640439614726032,0.21105225631913874
420,7.0,feeder2_1816,0.22640673536137287,0.21104422352211438,0.22646523342507488,0.2111374544840142
420,7.0,feeder2_1765,0.22638992808188171,0.21101987892563284,0.22644789436916815,0.2111130368522423
420,7.0,feeder2_1641,0.2310675782146152,0.22539600977233804,0.23112853853141632,0.22549766474704064
420,7.0,feeder2_1689,0.23482015882396434,0.23871159243784285,0.23488192959517412,0.23882669926998823
420,7.0,feeder2_1744,0.231940299110709,0.22487340403218722,0.23199559149250007,0.22497424214951264
420,7.0,feeder2_1817,0.23480224498124735,0.23876254180054973,0.23486291952305535,0.23887669892646535
420,7.0,feeder2_1779,0.23482700171301843,0.23872341230074798,0.23488873145201383,0.23883828729895337
420,7.0,feeder2_1800,0.2347687346059391,0.23874974097995572,0.23482869457481328,0.2388649651599158
420,7.0,feeder2_1818,0.26184360684746394,0.26502504989770836,0.26191819592016097,0.2651641825100975
420,7.0,feeder2_1753,0.23460094014254376,0.2233884065759179,0.23465811007543141,0.2234874344752431
420,7.0,feeder2_1754,0.2319654678860123,0.22483837104969603,0.23202609112290923,0.22494074774257466
450,7.5,secondary,0.04788390168199523,0.024391609358095697,0.047878305422648156,0.02438787994014622
450,7.5,feeder2_44,0.08907482349335533,0.12716420946937207,0.08906276770589282,0.1271390468728635
450,7.5,feeder2_45,0.09063567290896996,0.13131788107880388,0.09062444394009658,0.13128748837706583
450,7.5,feeder2_46,0.0900527858165905,0.12487158805917394,0.09004277525575649,0.12484582326456499
450,7.5,feeder2_51,0.09346879791037274,0.13827686823985635,0.09345774205431592,0.13824602867214777
450,7.5,feeder2_48,0.08801349408914183,0.13336601527342132,0.08800477731559715,0.13333494673273658
450,7.5,feeder2_52,0.09291813238867834,0.1395271877083164,0.09290582802834886,0.13949500071258983
450,7.5,feeder2_68,0.10139320167495201,0.15729840954052274,0.10138147923701353,0.15726464073360927
450,7.5,feeder2_69,0.10143318382105605,0.15717090227581407,0.1014222439590165,0.1571313288040899
450,7.5,feeder2_71,0.1024474959493435,0.15982390520806022,0.10243606140370426,0.1597834159332777
450,7.5,feeder2_72,0.102225634706826,0.1597460686998032,0.10221510089167547,0.15970859927901485
450,7.5,feeder2_73,0.10575632137098853,0.16774013727435105,0.10574346078734294,0.167703800005212
450,7.5,feeder2_74,0.10608402545119275,0.1681497997663786,0.10607283824566072,0.16811229260179986
450,7.5,feeder2_77,0.1085869936401497,0.17446662019625755,0.10857492177266947,0.1744246986250104
450,7.5,feeder2_79,0.111079185017619,0.1706720089932532,0.11106634330587016,0.1706336575072893
450,7.5,feeder2_81,0.11302381945556944,0.18646963119157825,0.11301294247870036,0.1864296652078445
450,7.5,feeder2_82,0.11247983215332807,0.1863201992239428,0.11246785520384428,0.18627811876092845
450,7.5,feeder2_116,0.13321930506517812,0.2404916478260507,0.13320550112853738,0.24043655056712301
450,7.5,feeder2_119,0.13379620978334733,0.24128810731315634,0.1337829732267367,0.24123159629264398
450,7.5,feeder2_120,0.14067178301552394,0.2600414847217111,0.14065580190754295,0.2599795121149529
450,7.5,feeder2_248,0.14059930485546038,0.26087425816764037,0.14058140806832067,0.260816171480952
450,7.5,feeder2_124,0.14518823229286149,0.27166497223673053,0.14517003213644672,0.27160649340603144
450,7.5,feeder2_282,0.14241272422429885,0.270997054260125,0.1423981088274391,0.2709321085419126
450,7.5,feeder2_275,0.16755943400486048,0.30030726063709023,0.1675450519719931,0.30024341467160226
450,7.5,feeder2_151,0.14937900084190578,0.27350646964629416,0.14936489708072148,0.2734406249143961
450,7.5,feeder2_295,0.1498344437679165,0.27198936216400843,0.14981611340850035,0.2719223095980103
450,7.5,feeder2_311,0.14939000213622436,0.27343079382914537,0.14937199176016444,0.27336322014665254
450,7.5,feeder2_201,0.1565757810948253,0.27879876378754953,0.1565590098134763,0.2787182420411087
450,7.5,feeder2_314,0.15536875195970587,0.279661737060241,0.15535172997966967,0.27958678644326607
450,7.5,feeder2_342,0.16744860185340016,0.2848745908014599,0.16743091806541274,0.2847806707023737
450,7.5,feeder2_368,0.167420970565464,0.2859665633080717,0.16740158932585322,0.2858803475167489
450,7.5,feeder2_347,0.17274269961937216,0.28588423955746595,0.1727233538909845,0.28578630036986596
450,7.5,feeder2_353,0.1753964193241901,0.2864721283698734,0.17537581441926572,0.28636746636478716
450,7.5,feeder2_518,0.17249300127466638,0.2858157010946092,0.17247060652192392,0.2857217317013133
450,7.5,feeder2_365,0.17832848340569085,0.2870955367492977,0.1783074080363629,0.28699007182756714
450,7.5,feeder2_653,0.17547861445853566,0.2865738958614376,0.17545569585886558,0.2864760032714903
450,7.5,feeder2_377,0.17992186014880968,0.2874518464646186,0.17990032863477595,0.2873485098726737
450,7.5,feeder2_622,0.17833137415172132,0.28706850141323403,0.17831011022829069,0.2869640734911182
450,7.5,feeder2_451,0.16733927960191483,0.28593479916140924,0.16732041040023707,0.2858479292050947
450,7.5,feeder2_383,0.16739207922825985,0.28778484500273777,0.16737273302497094,0.2876959705051957
450,7.5,feeder2_385,0.18181039833005383,0.28841759889429497,0.1817886820570628,0.28831154872843473
450,7.5,feeder2_621,0.18031586986538495,0.28573604472673164,0.1802946953298123,0.28562672593256133
450,7.5,feeder2_611,0.16751107814851202,0.2884738448330368,0.16749360234941277,0.28838009235029893
450,7.5,feeder2_405,0.16738166362835924,0.28785757095760756,0.16736230109653877,0.287770214949977
450,7.5,feeder2_461,0.18923069919966107,0.29166065696054333,0.1892063222011189,0.2915362618354244
450,7.5,feeder2_594,0.18182896096272697,0.288842357785066,0.1818047240165146,0.28873257262827967
450,7.5,feeder2_732,0.1673989611014413,0.2889132193863101,0.1673784080093982,0.2888292890114571
450,7.5,feeder2_417,0.16725013383051096,0.28813274773161923,0.16723097145323693,0.28804743417772166
450,7.5,feeder2_663,0.16723922728718407,0.28804425731022926,0.16721940760176648,0.28795106858338826
450,7.5,feeder2_444,0.16715545842983598,0.28836574857275615,0.1671362476424067,0.28827270278712414
450,7.5,feeder2_759,0.16506652237566594,0.28990775630449134,0.16504641693511043,0.2898172080777039
450,7.5,feeder2_842,0.16716531502659865,0.2882990213773086,0.16714871650542962,0.2882081825168353
450,7.5,feeder2_459,0.16716566522742854,0.2883644600936818,0.1671476123167704,0.28827273546029225
450,7.5,feeder2_702,0.1666560768197912,0.2882174465598718,0.16663643571036799,0.2881341215038243
450,7.5,feeder2_493,0.1672510805146169,0.288438306638311,0.16723094137690192,0.2883473364234321
450,7.5,feeder2_651,0.18923427606866436,0.29162075801133613,0.18920946365371577,0.2914984281458383
450,7.5,feeder2_684,0.19527306386486554,0.2946542102493837,0.1952487622463721,0.29452426255720926
450,7.5,feeder2_674,0.1674344641900404,0.28875061482859976,0.16741343714692275,0.2886659710147141
450,7.5,feeder2_696,0.16714514877938932,0.28720142683252026,0.16712595170577577,0.28711044921667045
450,7.5,feeder2_681,0.16780139651426848,0.2894516027482637,0.16778129229773478,0.2893675659675555
450,7.5,feeder2_682,0.16764295101518298,0.2889842820966952,0.16762210020714383,0.28889374419011715
450,7.5,feeder2_728,0.19542774913125868,0.2960826290617618,0.1954025899620946,0.29595369860792825
450,7.5,feeder2_724,0.20110511484169669,0.2947256604422737,0.20107908460830878,0.29458343087909233
450,7.5,feeder2_703,0.1674202509361032,0.28570880740774707,0.16740129316752728,0.28562092286247265
450,7.5,feeder2_704,0.1671657791761843,0.2870930003108169,0.16714786028740855,0.28700414649111683
450,7.5,feeder2_754,0.1997125784631202,0.29578419077787604,0.19968593973794568,0.29563434932487154
450,7.5,feeder2_747,0.20366189957762926,0.2943343627260408,0.20363643494345313,0.29418322675908876
450,7.5,feeder2_828,0.1962260507430998,0.29705690658947886,0.19620253534822094,0.2969242319464683
450,7.5,feeder2_763,0.19524431880212673,0.29668791284882673,0.1952218161233927,0.2965543930720986
450,7.5,feeder2_836,0.20498010779526904,0.2927134684893303,0.20495296866561297,0.2925678525824187
450,7.5,feeder2_758,0.20579628894737997,0.2947660871288488,0.20577221586224081,0.29461381538952697
450,7.5,feeder2_788,0.20574490242259597,0.2947586715716608,0.20571946594705828,0.29460621795035846
450,7.5,feeder2_812,0.21237287382527806,0.29626992939365226,0.21234611286891666,0.29610571553740356
450,7.5,feeder2_947,0.19469290580978338,0.29659759062178714,0.194669082092982,0.2964633798429639
450,7.5,feeder2_868,0.19470974615522443,0.2971079637798403,0.19468748616714107,0.2969737583817521
450,7.5,feeder2_785,0.19527985805566137,0.2968135293078204,0.1952545816813745,0.29668511664021974
450,7.5,feeder2_1176,0.19528651611499262,0.29665100164550257,0.19526230250662588,0.29651626280247617
450,7.5,feeder2_846,0.19534009960291923,0.29705484106877733,0.19531289247573116,0.2969231462229544
450,7.5,feeder2_911,0.19526062051389284,0.2967845383096606,0.1952337295181266,0.29665527764816346
450,7.5,feeder2_1107,0.21605993787037575,0.3127528327116687,0.21603187679116923,0.3125956637453951
450,7.5,feeder2_920,0.21319818523937556,0.29223143089662,0.21316920639504683,0.2920693002921915
450,7.5,feeder2_926,0.21441902122575637,0.2862971437401651,0.2143893216353675,0.28612650989960947
450,7.5,feeder2_1239,0.21320873217570346,0.2922791635196361,0.21318026283285346,0.2921135886212139
450,7.5,feeder2_933,0.21496201631630696,0.2837234960655559,0.21492987043571335,0.2835544508466591
450,7.5,feeder2_1146,0.2144070701286205,0.28627716339969705,0.21437904394361823,0.2861120519269033
450,7.5,feeder2_1124,0.21496266423240562,0.2836767068542097,0.21493543465953036,0.28349995168434505
450,7.5,feeder2_942,0.21634205238345228,0.2773905119585746,0.2163140545185622,0.27721419029714783
450,7.5,feeder2_952,0.21871280878731988,0.2658349622871152,0.21868198839671407,0.2656439186273354
450,7.5,feeder2_965,0.21629861049010193,0.2777227427050119,0.21627059004085172,0.27754406354350336
450,7.5,feeder2_961,0.21897825020458064,0.2646137492458982,0.21894784079116514,0.2644248775779676
450,7.5,feeder2_963,0.21871078639739325,0.265834353748471,0.21867972084029771,0.2656467692913856
450,7.5,feeder2_973,0.22036851039085253,0.25809262764683055,0.22034175390509328,0.25789518916460347
450,7.5,feeder2_1128,0.2190148422543592,0.26478913997215614,0.2189869347464339,0.26459845519871417
450,7.5,feeder2_1113,0.21867037149680557,0.26583393878968903,0.2186398739590101,0.2656451128792442
450,7.5,feeder2_1143,0.21858508938470278,0.2658088435683306,0.2185524352673602,0.2656221251653479
450,7.5,feeder2_1238,0.2121713307578247,0.2818067992051271,0.212143749895982,0.28162907599771625
450,7.5,feeder2_979,0.2163262098050409,0.27784606037200904,0.2162946453718945,0.2776661829399492
450,7.5,feeder2_1236,0.22245345284796933,0.2486758183857819,0.22241929821913103,0.24847545356784967
450,7.5,feeder2_989,0.2203684329729683,0.25809196293439324,0.22033884819256574,0.2578922938633405
450,7.5,feeder2_1196,0.21678061513042843,0.27833923926949095,0.21675074798845617,0.27816310608936484
450,7.5,feeder2_1158,0.22037249071945914,0.2580046193640984,0.22034119794030743,0.25780609001729976
450,7.5,feeder2_1122,0.21742168467201411,0.32091290326439353,0.21739146467552264,0.320758155980377
450,7.5,feeder2_1258,0.21740831312163172,0.31067708845828906,0.21738071819676802,0.3105154484511318
450,7.5,feeder2_1303,0.21625530494858083,0.3207923370212794,0.21622578374125523,0.3206329903430891
450,7.5,feeder2_1138,0.21855131204732095,0.32744951204845424,0.21852483878476053,0.3272867171497589
450,7.5,feeder2_1304,0.2190071237064921,0.3279739101856275,0.2189791410755659,0.3278133716115642
450,7.5,feeder2_1212,0.220846710546043,0.3408935539313713,0.22081836804496952,0.3407405072055436
450,7.5,feeder2_1311,0.21963523949666777,0.3419178126491669,0.21960743629869606,0.34175918713516734
450,7.5,feeder2_1290,0.2239285792625798,0.35684048918073696,0.22390112060344777,0.35668200597221494
450,7.5,feeder2_1325,0.2253296906543848,0.23651091669286642,0.22529797553493178,0.23629410323634184
450,7.5,feeder2_1248,0.22245349827299718,0.24867491866589092,0.22241968040676638,0.24847352856808194
450,7.5,feeder2_1249,0.2116366172473143,0.2823253248380767,0.21160849243829494,0.2821448021112018
450,7.5,feeder2_1250,0.21057517361857397,0.2834352476808067,0.21054745703223493,0.2832523638455861
450,7.5,feeder2_1366,0.22246236226872296,0.24854690425684728,0.2224308506071459,0.2483490937466333
450,7.5,feeder2_1266,0.2174708695645733,0.31007202122358285,0.21744448609319159,0.3099126350303444
450,7.5,feeder2_1372,0.22367015375442892,0.3568037345386597,0.2236414624799331,0.3566487732114865
450,7.5,feeder2_1363,0.22728646556313867,0.3741730833666347,0.22725923840587714,0.3740200515783861
450,7.5,feeder2_1446,0.22423932271794636,0.23767681424711737,0.22420689503064992,0.23746183680045954
450,7.5,feeder2_1502,0.22891357420683459,0.22222409196813261,0.22887993378855093,0.22200082901636672
450,7.5,feeder2_1428,0.22770510759334792,0.3746670885449972,0.22767625085591325,0.37451456605798905
450,7.5,feeder2_1380,0.23118926562299855,0.394566924046778,0.23115984369919698,0.3944098502741991
450,7.5,feeder2_1550,0.22952294856849143,0.3959873874968064,0.2294943133617961,0.39583709634877257
450,7.5,feeder2_1386,0.23330410103893787,0.4039377696419979,0.23327628234002107,0.4037858048135405
450,7.5,feeder2_1551,0.23346760361281335,0.4045749826180818,0.2334396081251561,0.40442965587127644
450,7.5,feeder2_1400,0.23425422062198428,0.4082219517396915,0.23422478498516575,0.40807504551539286
450,7.5,feeder2_1552,0.2343742728455651,0.4083628404539718,0.23434457363782396,0.4082142674433076
450,7.5,feeder2_1408,0.23620563456567698,0.417038862066944,0.2361797229515831,0.41688737158496164
450,7.5,feeder2_1553,0.23634309266147674,0.4178145578157058,0.23631551127456332,0.4176661322983659
450,7.5,feeder2_1416,0.23715554043265774,0.4214173446423563,0.23712741463357886,0.4212629643508395
450,7.5,feeder2_1530,0.2366416855334207,0.4212662593651671,0.23661088878681713,0.42111792171332835
450,7.5,feeder2_1425,0.23899950563675137,0.42988248567269394,0.23897328346120916,0.4297331071255633
450,7.5,feeder2_1589,0.25416026341828,0.44788761979415154,0.25412913239116636,0.44774367299078854
450,7.5,feeder2_1435,0.23899292713323644,0.42982667410466774,0.2389647528684865,0.429677207166433
450,7.5,feeder2_1621,0.2390652606728981,0.42905900965348515,0.23903479483731513,0.42891372894446567
450,7.5,feeder2_1564,0.23902140615326525,0.4299617821903417,0.2389922620621434,0.4298133944548861
450,7.5,feeder2_1704,0.22891540492253082,0.22217769073235566,0.2288813027651011,0.22195477955659618
450,7.5,feeder2_1525,0.22983694894003603,0.21871908252638048,0.22980300673302026,0.21848712649578747
450,7.5,feeder2_1716,0.2315068366423618,0.21701029124514076,0.23147475088238217,0.21678244787421216
450,7.5,feeder2_1537,0.2308411150215577,0.21515516031199072,0.23080622172845164,0.214924771760286
450,7.5,feeder2_1645,0.23141820747810643,0.2156793094041569,0.23138458377250687,0.21545028938227523
450,7.5,feeder2_1561,0.23189688594423252,0.2109095775218387,0.23186290464857987,0.2106746138926778
450,7.5,feeder2_1657,0.2310393701350009,0.2118087650906945,0.2310061845971812,0.21156944439981637
450,7.5,feeder2_1570,0.23240171052313707,0.20890586587406285,0.23237151029097272,0.20866651581089302
450,7.5,feeder2_1756,0.23009563950534764,0.21145339650098194,0.23006018867339872,0.21121685932648065
450,7.5,feeder2_1588,0.23290932601816736,0.20689580806668223,0.23287520745589185,0.20666166575364864
450,7.5,feeder2_1628,0.23286455280772983,0.20690967710219557,0.23283073100037668,0.20667397445616356
450,7.5,feeder2_1598,0.23355211170013848,0.20437989644353843,0.2335183314476663,0.20413684138460333
450,7.5,feeder2_1816,0.2335578979193808,0.2041027992671128,0.23352253687053673,0.2038630043351087
450,7.5,feeder2_1765,0.23355581275450346,0.20418508818487924,0.2335217725388024,0.20394631246163078
450,7.5,feeder2_1641,0.23672277321281832,0.19266020865099823,0.23668570032684771,0.1924159732881777
450,7.5,feeder2_1689,0.23953846408690804,0.1830041435276265,0.23950092334150702,0.18275117758789178
450,7.5,feeder2_1744,0.23615401549215864,0.19290698150119062,0.23612026983160828,0.19265686745814328
450,7.5,feeder2_1817,0.23955705999853869,0.18306537283455754,0.23952208854852125,0.18280997910168056
450,7.5,feeder2_1779,0.24056840681527372,0.18220520703333562,0.24053072498147252,0.18195412121368046
450,7.5,feeder2_1800,0.2395664459850748,0.18240423906361958,0.23953105899588412,0.182150383549013
450,7.5,feeder2_1818,0.26039640784110313,0.1685529164847478,0.26035386342590616,0.16828998439596235
450,7.5,feeder2_1753,0.23448384661027832,0.19364987891584312,0.23444935694841232,0.19340168685267167
450,7.5,feeder2_1754,0.2361242050683528,0.19291868321972067,0.23608769991482892,0.19267515210975647
480,8.0,secondary,0.05622132815364272,0.041317025390433505,0.05620818573808038,0.041302701342177235
480,8.0,feeder2_44,0.10464951478540739,0.21553815689147413,0.1046290303496546,0.21547582840408808
480,8.0,feeder2_45,0.10647886610110663,0.22242285201132117,0.10645542233447924,0.22235524813021537
480,8.0,feeder2_46,0.10584253125910066,0.2136857560119945,0.10582259357842948,0.21362186526097401
480,8.0,feeder2_51,0.10967042446582231,0.2344006658297645,0.1096497776462171,0.23433301116674746
480,8.0,feeder2_48,0.10628910135557582,0.2223277003373143,0.10626664263807903,0.22226311513373317
480,8.0,feeder2_52,0.10913928327662481,0.23574095911618817,0.10911702586304645,0.23566999618527765
480,8.0,feeder2_68,0.11865004862821828,0.26755023095078023,0.11862663463282665,0.2674687350113531
480,8.0,feeder2_69,0.11870388154445254,0.2674503677762471,0.11868032789124029,0.26737157423537605
480,8.0,feeder2_71,0.11984500992226732,0.27194546929609364,0.11982196707833698,0.271865666192582
480,8.0,feeder2_72,0.11961812630432675,0.27182540164345836,0.11959558332810183,0.2717456935915391
480,8.0,feeder2_73,0.1235958798133164,0.28571759908981437,0.12357139509036588,0.28563239015625996
480,8.0,feeder2_74,0.12666969406543077,0.29419178748967495,0.12664230122435452,0.2941037118279359
480,8.0,feeder2_77,0.1265844085054589,0.29615078925268695,0.12655837505668815,0.29605351843596084
480,8.0,feeder2_79,0.1275987715582738,0.2945187551868842,0.1275720013095855,0.2944297132938753
480,8.0,feeder2_81,0.1313463761217288,0.31316799594952427,0.13131875018939626,0.3130693400311777
480,8.0,feeder2_82,0.12940971623119124,0.31227956289873027,0.12938450443152447,0.3121816016991143
480,8.0,feeder2_116,0.153190425151133,0.39062580827120563,0.15315936667021274,0.39049948515591226
480,8.0,feeder2_119,0.15285341661205282,0.3916065004558614,0.15282051581089723,0.39148419770060955
480,8.0,feeder2_120,0.16124860637061172,0.41866874581858754,0.16121638241545067,0.4185318867270474
480,8.0,feeder2_248,0.17116805387637246,0.4333357924807375,0.1711349070123922,0.43320078996428363
480,8.0,feeder2_124,0.16502955777065906,0.43000571392138537,0.164993396007015,0.42986719985837507
480,8.0,feeder2_282,0.14751640504127728,0.4223679006319091,0.147481396333872,0.42222256175622996
480,8.0,feeder2_275,0.16549459169109607,0.43233401347837097,0.16545901316540348,0.43219406446246245
480,8.0,feeder2_151,0.17309482365015802,0.45405596811267224,0.17306053670920718,0.45390509684741215
480,8.0,feeder2_295,0.17718211134911005,0.44703509799170216,0.17714732105993058,0.44688263091049407
480,8.0,feeder2_311,0.17311896433467053,0.45399940070457,0.17308368249587253,0.4538490650055509
480,8.0,feeder2_201,0.18745002326466617,0.5035599523156585,0.18741206274759475,0.503386616791162
480,8.0,feeder2_314,0.18734121874502516,0.5034861437403684,0.18730319557750313,0.5033185560054754
480,8.0,feeder2_342,0.20789492137552454,0.573983369395432,0.20785020438534077,0.573786466183823
480,8.0,feeder2_368,0.20803788289065167,0.577146925676556,0.20799639223602817,0.5769513131794672
480,8.0,feeder2_347,0.2175747103366117,0.6026500654804716,0.2175300503521127,0.602440879169187
480,8.0,feeder2_353,0.22239834887137713,0.6169428459886439,0.22235521595416852,0.6167252586770033
480,8.0,feeder2_518,0.21749854208975442,0.6026058479767363,0.217457058038393,0.6023959139920686
480,8.0,feeder2_365,0.2277368732769461,0.6327379227625314,0.22768791714648448,0.632517252485464
480,8.0,feeder2_653,0.22247367253348527,0.6170495691005622,0.2224286399429554,0.6168377733024089
480,8.0,feeder2_377,0.2306416077744412,0.6413230281371866,0.2305931990635792,0.6410980689307737
480,8.0,feeder2_622,0.22772349129199423,0.6326935212088736,0.2276778000283185,0.6324674767213453
480,8.0,feeder2_451,0.20676096993679927,0.5778839208937758,0.20671607928196928,0.577682046639499
480,8.0,feeder2_383,0.20862373882175178,0.5817785291721282,0.20858344632438125,0.5815785074921996
480,8.0,feeder2_385,0.23424300451164673,0.6535189445352462,0.23419395390849598,0.6532878411023642
480,8.0,feeder2_621,0.23444316606652185,0.633691125912639,0.23439572072514842,0.6334652337073826
480,8.0,feeder2_611,0.20869368044872755,0.5818734514809776,0.2086484184071186,0.5816801511714368
480,8.0,feeder2_405,0.20865926746708166,0.5820631868367545,0.20861578159778468,0.581865243484145
480,8.0,feeder2_461,0.24551665920653867,0.6865553396532571,0.2454668570706856,0.6863026534832094
480,8.0,feeder2_594,0.24087657433426554,0.6630987895653575,0.24082874551838857,0.6628655060579991
480,8.0,feeder2_732,0.20877521228053622,0.5822245991224726,0.2087335836124619,0.582032097548532
480,8.0,feeder2_417,0.20891869239190067,0.5841728137057957,0.208874421252338,0.5839773176162464
480,8.0,feeder2_663,0.20893504044584488,0.5841255695614611,0.2088916296954441,0.5839316759880563
480,8.0,feeder2_444,0.20911787449046418,0.5857889872186298,0.2090734637449574,0.5855949412267509
480,8.0,feeder2_759,0.20769325515617265,0.5865319555231707,0.2076507241608006,0.5863356158454953
480,8.0,feeder2_842,0.2091379081518282,0.5857380721612895,0.20909804509435756,0.5855379194673332
480,8.0,feeder2_459,0.2092181377402351,0.5863191679241836,0.20917591421289106,0.5861258766017039
480,8.0,feeder2_702,0.20761003993383984,0.5854150291601794,0.20756724520325318,0.5852193956647996
480,8.0,feeder2_493,0.20974924384698085,0.5887441440176504,0.20970559618689508,0.5885532053630524
480,8.0,feeder2_651,0.2455258811067859,0.686526637303266,0.24547633702135252,0.6862743809669885
480,8.0,feeder2_684,0.25472615669705273,0.7137280744061283,0.2546698839632694,0.7134557076766017
480,8.0,feeder2_674,0.21054262974577517,0.5904357583551201,0.21049915391158366,0.5902453298782104
480,8.0,feeder2_696,0.20971783923745113,0.5881198209258971,0.2096735299127236,0.5879276206528287
480,8.0,feeder2_681,0.2111921654416741,0.591799120597598,0.2111479893689365,0.5916024801531655
480,8.0,feeder2_682,0.2129189182212208,0.5953761321454051,0.21287739473553768,0.5951775686971957
480,8.0,feeder2_728,0.2559274086824468,0.7210239598759185,0.2558752003630174,0.7207544387835707
480,8.0,feeder2_724,0.26176474045288517,0.7249114711514197,0.2617075096505445,0.7246297770125175
480,8.0,feeder2_703,0.20974955159577321,0.5880324879015668,0.2097052865527554,0.5878334922648248
480,8.0,feeder2_704,0.20982258611388663,0.5878776677071317,0.2097800532856866,0.5876830590073064
480,8.0,feeder2_754,0.26168356225695955,0.7248691176208859,0.26162633467430935,0.7245836094922131
480,8.0,feeder2_747,0.2646470661813826,0.7295415199241949,0.2645882495551368,0.7292473572852777
480,8.0,feeder2_828,0.26063631871789716,0.7276983330893079,0.26058271420233714,0.7274300652105286
480,8.0,feeder2_763,0.25521939956564454,0.7218211781433489,0.25516508172967534,0.7215515029377504
480,8.0,feeder2_836,0.2646626365125751,0.7294811331468913,0.2646062558513987,0.7291896648875397
480,8.0,feeder2_758,0.2671315138981905,0.7335648713155585,0.2670731000602723,0.733265856384626
480,8.0,feeder2_788,0.2660006674723071,0.7343183081355245,0.26594120078056466,0.7340246275554452
480,8.0,feeder2_812,0.27516430126798225,0.7452085165405624,0.27510215285512196,0.7448946778639756
480,8.0,feeder2_947,0.25505269385907464,0.7217319114368583,0.2549996291355564,0.7214588070758353
480,8.0,feeder2_868,0.2545481754549477,0.7220141754436183,0.25449426705632644,0.7217414969247543
480,8.0,feeder2_785,0.2549472419152485,0.7222334227640684,0.25489139887439227,0.7219676306128698
480,8.0,feeder2_1176,0.25497506702258294,0.7221174448935267,0.2549201836798385,0.7218441885276058
480,8.0,feeder2_846,0.25511136867028583,0.7229089774129497,0.2550582106336755,0.7226374673680911
480,8.0,feeder2_911,0.25419116632792954,0.722294021385787,0.2541398713573011,0.7220196524161002
480,8.0,feeder2_1107,0.27671139746094775,0.7626599676137068,0.27664955321778245,0.7623467874534064
480,8.0,feeder2_920,0.2769917609421546,0.7436802366333686,0.27693100652087843,0.743357282244511
480,8.0,feeder2_926,0.27970594052343456,0.7413912340304327,0.279643304781636,0.7410645950047969
480,8.0,feeder2_1239,0.2770023289174533,0.7437313766253871,0.276939990775679,0.743411670334822
480,8.0,feeder2_933,0.28091046335610437,0.7404024455265554,0.2808486854293251,0.7400657538460876
480,8.0,feeder2_1146,0.27969215939256714,0.7413323798326269,0.279629848116071,0.7410087659563189
480,8.0,feeder2_1124,0.2817662305231645,0.7394130428546207,0.28170157562047693,0.7390821516274502
480,8.0,feeder2_942,0.2838531957303847,0.738851834394925,0.2837877488863861,0.7385148188602247
480,8.0,feeder2_952,0.2871726719602523,0.7278435899618696,0.2871087768818546,0.7274906167380097
480,8.0,feeder2_965,0.2839859185731576,0.7399930948752824,0.28392156360841175,0.7396515962330367
480,8.0,feeder2_961,0.28754344333290865,0.7267065972212978,0.28747827630359235,0.7263492053968365
480,8.0,feeder2_963,0.2871700531783187,0.7278334622469997,0.28710411814936837,0.727482854277261
480,8.0,feeder2_973,0.28908903168121697,0.7185201813449824,0.2890229599884819,0.7181602837808532
480,8.0,feeder2_1128,0.2882827317301407,0.7304463616926211,0.28821552488406327,0.7300962576385083
480,8.0,feeder2_1113,0.2871275731966895,0.7278134053492574,0.28706100395054196,0.7274625405197714
480,8.0,feeder2_1143,0.287005263185854,0.7272009554183284,0.2869381680772041,0.7268480663117953
480,8.0,feeder2_1238,0.278952502291808,0.7423697858900188,0.2788892712487411,0.7420283246183444
480,8.0,feeder2_979,0.28425874490595143,0.7413356020434644,0.2841946221974827,0.7410005951870181
480,8.0,feeder2_1236,0.29140764853311607,0.7064054193104627,0.29133804797740726,0.7060326982651328
480,8.0,feeder2_989,0.2890889702178533,0.7185197552688689,0.2890229599884819,0.7181602837808532
480,8.0,feeder2_1196,0.2880260019683825,0.7468381268201235,0.28796105688924867,0.7464935283241966
480,8.0,feeder2_1158,0.28910324560798795,0.7184597709746049,0.28903404266480753,0.7181012694345845
480,8.0,feeder2_1122,0.2773455302580123,0.7695834818511471,0.27728127603677316,0.7692735516427623
480,8.0,feeder2_1258,0.27673756501516106,0.7624770471923642,0.27667914539077193,0.7621587194508437
480,8.0,feeder2_1303,0.2768912500221734,0.7693265978742396,0.27683135537743025,0.7690088372002843
480,8.0,feeder2_1138,0.27786891702900773,0.7751486837697847,0.27780705812878953,0.774835222570763
480,8.0,feeder2_1304,0.2777918299082549,0.7757808177965229,0.2777310081264709,0.7754650345223397
480,8.0,feeder2_1212,0.2788812652912044,0.7863326708890114,0.2788202653051853,0.7860187823940799
480,8.0,feeder2_1311,0.2774746791335903,0.787202023946083,0.27741238231981385,0.7868871872763911
480,8.0,feeder2_1290,0.2804392612768447,0.7995590614537024,0.28037563095776513,0.7992486517913113
480,8.0,feeder2_1325,0.29423510064805647,0.6929934615363128,0.2941642217331868,0.6926064914977822
480,8.0,feeder2_1248,0.2914199763757675,0.7063911796898686,0.2913517191222753,0.7060177457469041
480,8.0,feeder2_1249,0.27862183087379433,0.7422213039180547,0.27855644684761915,0.7418827758095816
480,8.0,feeder2_1250,0.276234108478806,0.7444116154344288,0.2761693827832833,0.7440707716712648
480,8.0,feeder2_1366,0.2932029168740412,0.7043357989227674,0.29313231422585245,0.7039652204505094
480,8.0,feeder2_1266,0.27675785961684873,0.7623274612328333,0.27669734096691706,0.7620128283851411
480,8.0,feeder2_1372,0.2794752389376734,0.8001775304435377,0.2794139333270436,0.7998669011768637
480,8.0,feeder2_1363,0.28247576050196477,0.8130299703010898,0.2824122790919917,0.8127188384572838
480,8.0,feeder2_1446,0.29416967800191474,0.6929670705983257,0.29409844310164235,0.6925815022389129
480,8.0,feeder2_1502,0.297427673119607,0.6781629619856124,0.2973530742357974,0.6777598685039745
480,8.0,feeder2_1428,0.2836272557964141,0.8145671668341576,0.28356723492756275,0.8142558113711711
480,8.0,feeder2_1380,0.2844546322685094,0.8269551213154134,0.28439477842268884,0.8266412464720648
480,8.0,feeder2_1550,0.2843965769119593,0.8269278533575304,0.28433358752662713,0.8266204210351127
480,8.0,feeder2_1386,0.2854301141067394,0.8337817924871087,0.2853703077444722,0.8334710245745619
480,8.0,feeder2_1551,0.28557297185303543,0.8339541006348851,0.2855132096004034,0.8336399303823867
480,8.0,feeder2_1400,0.2858866646421732,0.8369896952499973,0.28582319773391884,0.8366815439230408
480,8.0,feeder2_1552,0.286002340548001,0.8371389683140412,0.28594082186525904,0.8368287712708493
480,8.0,feeder2_1408,0.28681850765027905,0.8435607242448736,0.28675831792857964,0.8432467110442056
480,8.0,feeder2_1553,0.2868426035122626,0.8444788725864407,0.28678072387172143,0.8441700560435823
480,8.0,feeder2_1416,0.28726391935742396,0.8467519066917176,0.2872016949531193,0.8464458392923199
480,8.0,feeder2_1530,0.2842084543642253,0.847128259813514,0.28414808614501214,0.8468162309797312
480,8.0,feeder2_1425,0.28844182962652143,0.8528122101928733,0.2883825628677307,0.852498987223106
480,8.0,feeder2_1589,0.2948241948111691,0.8644814241914714,0.29476261051183583,0.8641728285497138
480,8.0,feeder2_1435,0.2884519879157292,0.8528764970324954,0.28838976997893545,0.8525696291501832
480,8.0,feeder2_1621,0.2885600810183862,0.8522020334101658,0.28849865374810946,0.8518931455582477
480,8.0,feeder2_1564,0.28869961084546003,0.8542950621700025,0.2886382975582083,0.8539869397984913
480,8.0,feeder2_1704,0.29845651967299497,0.6769981180182258,0.29838347899793294,0.6765947733806967
480,8.0,feeder2_1525,0.2981965627485165,0.6748184959293954,0.29812060664588785,0.6744123892818192
480,8.0,feeder2_1716,0.3008076933205243,0.6718196701422667,0.30073459978740724,0.6714133215813967
480,8.0,feeder2_1537,0.2990028318912966,0.6715580672874275,0.2989289252344843,0.671147035576684
480,8.0,feeder2_1645,0.2995462056896062,0.6728387150000265,0.2994726982257432,0.6724225448107002
480,8.0,feeder2_1561,0.2997636340976984,0.6671240077499729,0.29968817000252823,0.6667001740508888
480,8.0,feeder2_1657,0.29971138656608587,0.6671030101333636,0.29963612442101456,0.6666801174457818
480,8.0,feeder2_1570,0.3000937587332357,0.6652270489410966,0.3000206239820477,0.6648086969019755
480,8.0,feeder2_1756,0.2974837911893321,0.6672054498498597,0.29740717338799966,0.6667865256637511
480,8.0,feeder2_1588,0.300446223635644,0.6633498565888153,0.3003690706062754,0.6629222251872242
480,8.0,feeder2_1628,0.3003988029560657,0.6633320433052287,0.3003251206435914,0.6629057743952764
480,8.0,feeder2_1598,0.30089341897010974,0.6609913908781887,0.3008185810072812,0.6605636043263982
480,8.0,feeder2_1816,0.3043649134253367,0.6570184537652927,0.3042907147131584,0.6565945743833583
480,8.0,feeder2_1765,0.30092151250357085,0.6608611051717531,0.3008446676246486,0.6604344783876374
480,8.0,feeder2_1641,0.30295034687298655,0.6508095024667012,0.3028722387141597,0.6503685040677494
480,8.0,feeder2_1689,0.3051878372596531,0.6420601063451074,0.30510740142849657,0.6416068239183028
480,8.0,feeder2_1744,0.301423254504249,0.6510878541613252,0.30134674961014485,0.6506432051021387
480,8.0,feeder2_1817,0.3053144982902231,0.6426905749737066,0.3052341644961073,0.642234791290732
480,8.0,feeder2_1779,0.3051956144389487,0.6420311879064765,0.30511502279613595,0.6415799475914485
480,8.0,feeder2_1800,0.3052301591831528,0.6421165391348034,0.305149570364766,0.6416619096512166
480,8.0,feeder2_1818,0.32666167517395445,0.6213455780306193,0.32657268426754404,0.620862799294021
480,8.0,feeder2_1753,0.3007626630131391,0.6508118411176663,0.30068630679968433,0.6503693303142927
480,8.0,feeder2_1754,0.300512056416358,0.6513421433668267,0.30043438998184036,0.6509007076469235
510,8.5,secondary,0.02579746213040924,0.01914606793676353,0.025802320449043643,0.01915235034165682
510,8.5,feeder2_44,0.048000023101040665,0.09983965189819385,0.048012693657919533,0.0998795767288234
510,8.5,feeder2_45,0.04874137669835286,0.10331042367217186,0.04875357346842746,0.10335024734816141
510,8.5,feeder2_46,0.055482830422846116,0.09518196437044614,0.0554949317030151,0.09521699739700618
510,8.5,feeder2_51,0.050043100923974154,0.10936058191316952,0.05005133644358371,0.1094024099401089
510,8.5,feeder2_48,0.04855901610254684,0.1031605002326902,0.048572418904797805,0.10320388811025252
510,8.5,feeder2_52,0.048516831540630335,0.11128471672985352,0.0485328192257488,0.11133187941087706
510,8.5,feeder2_68,0.05378501405512254,0.12560658551952683,0.05379796742672076,0.12565698540425868
510,8.5,feeder2_69,0.05391267532577258,0.12555923470221755,0.05392679316953822,0.12561252026368763
510,8.5,feeder2_71,0.05428390465562517,0.127758461670593,0.05429867136895885,0.12781151435331434
510,8.5,feeder2_72,0.05406019467903519,0.12757875268064606,0.054074066277983154,0.12763158035170843
510,8.5,feeder2_73,0.05585637386467566,0.13451482542604995,0.05586987938268561,0.13457072376918147
510,8.5,feeder2_74,0.05396390113552745,0.13960479636416678,0.05398036894887309,0.1396598366226737
510,8.5,feeder2_77,0.05718562367151903,0.13948340325387149,0.057198442046507716,0.13954522350969678
510,8.5,feeder2_79,0.05867704526170216,0.13867967157957808,0.058691815860402854,0.1387428520196902
510,8.5,feeder2_81,0.05923285820680415,0.14757251683378048,0.059246981270695186,0.14763900661040835
510,8.5,feeder2_82,0.0570770154628456,0.145824469276194,0.057092051315895405,0.14588865632848236
510,8.5,feeder2_116,0.0689880834433916,0.18595948975300844,0.06900755510908739,0.18604443826034625
510,8.5,feeder2_119,0.06900544946925913,0.18602739276447727,0.06902234023078244,0.18611028493821538
510,8.5,feeder2_120,0.07262108254994269,0.20015234559047743,0.07264158694465477,0.2002472542370088
510,8.5,feeder2_248,0.07266345109256012,0.20027255290007892,0.07268215104504133,0.2003666751057617
510,8.5,feeder2_124,0.07485280926594486,0.2088365655596734,0.07487461902288228,0.2089331656016544
510,8.5,feeder2_282,0.06050401944339255,0.19935717992712915,0.060519740007409194,0.19946014592056893
510,8.5,feeder2_275,0.07419135144355096,0.21210496372763749,0.07421082884040198,0.21220110994255437
510,8.5,feeder2_151,0.0804972966764396,0.2284970552264239,0.08051517980493139,0.2285986887570763
510,8.5,feeder2_295,0.08784275475507385,0.2251698858959417,0.08786183696827223,0.22526618730135448
510,8.5,feeder2_311,0.08056935767739876,0.2284663313891931,0.08058932880504796,0.22856863041987846
510,8.5,feeder2_201,0.0891650678224219,0.26540159310929745,0.0891887484137816,0.2655232784037122
510,8.5,feeder2_314,0.08908127595371032,0.2653414299863437,0.0891024841328206,0.26545991128813845
510,8.5,feeder2_342,0.10164316900503531,0.318171766382489,0.10167167917795182,0.31831425371631383
510,8.5,feeder2_368,0.10393694072564187,0.3288973677331314,0.10396372741642429,0.3290397851881243
510,8.5,feeder2_347,0.10387490542161618,0.32418016943400835,0.10390307996618908,0.32433294057353856
510,8.5,feeder2_353,0.1050016725122186,0.3272105777112815,0.10502934861614402,0.3273668976577724
510,8.5,feeder2_518,0.10379377721712654,0.3241234216376608,0.10382148218333334,0.324273143673539
510,8.5,feeder2_365,0.10624799200161639,0.33052291466226924,0.10627586796582812,0.33068153357131247
510,8.5,feeder2_653,0.10503893588253375,0.32731518437799256,0.10506627766318384,0.32746959226099226
510,8.5,feeder2_377,0.10685128879020127,0.33273203623031217,0.10687729796760306,0.33289594220789864
510,8.5,feeder2_622,0.10805339552512713,0.3288539894967324,0.10807955330662179,0.32901285258769764
510,8.5,feeder2_451,0.10384478220076016,0.3288322350791203,0.10387132227986647,0.3289751780263902
510,8.5,feeder2_383,0.10781668145910764,0.3463107405898796,0.10784542787290703,0.3464529625204177
510,8.5,feeder2_385,0.10739414205943096,0.33655519436551057,0.10742157621511485,0.33672408891603683
510,8.5,feeder2_621,0.11428212266937361,0.3283166085691663,0.11430555530918464,0.32847576742165996
510,8.5,feeder2_611,0.10786077510868555,0.3464029418723017,0.10788523678347184,0.3465443537501771
510,8.5,feeder2_405,0.10806395238660944,0.34739480975168313,0.10809167247913475,0.34753770329099704
510,8.5,feeder2_461,0.10958480708036329,0.35259765100980917,0.1096131100700658,0.35278471095055236
510,8.5,feeder2_594,0.10742550535589587,0.33663478586549933,0.10745201004993897,0.33680255702304257
510,8.5,feeder2_732,0.10664312766358323,0.34966759434271316,0.10667189637411806,0.3498053194869515
510,8.5,feeder2_417,0.10997436674227774,0.35502955175716844,0.11000125067180183,0.3551696372294364
510,8.5,feeder2_663,0.11253687415607036,0.35242191458090794,0.11256348760634131,0.3525648106860557
510,8.5,feeder2_444,0.11123612360824245,0.3616198778517909,0.11126492586348476,0.36176294277084925
510,8.5,feeder2_759,0.11023541115498582,0.3620578274668196,0.11026326594651646,0.36220021512689426
510,8.5,feeder2_842,0.11128559971306039,0.36158434595520855,0.1113156466819776,0.36172834084975547
510,8.5,feeder2_459,0.1117070585072649,0.3639094784992161,0.11173545125227227,0.36404666103510336
510,8.5,feeder2_702,0.10981392266171744,0.3626269188621011,0.10984015538991669,0.36277011606344267
510,8.5,feeder2_493,0.11371524137718002,0.37315657985956774,0.11374167665391471,0.37329649457423364
510,8.5,feeder2_651,0.10961598460334607,0.35257520874626774,0.10964553817428395,0.3527626726533655
510,8.5,feeder2_684,0.11137755455139821,0.36637552181125554,0.11140493099150305,0.3665757035364553
510,8.5,feeder2_674,0.11625473756989464,0.3798495064703674,0.11628181454188512,0.3799930121559532
510,8.5,feeder2_696,0.11432638923845966,0.3707069405430041,0.11435523408679166,0.37084963806148624
510,8.5,feeder2_681,0.12450943877714776,0.3963117187161964,0.12454088009555005,0.3964557963884328
510,8.5,feeder2_682,0.11608908246192812,0.38265693687070695,0.116122062095914,0.3827973510865439
510,8.5,feeder2_728,0.11240815304089481,0.3715862665306575,0.11243603088751236,0.3717883704484184
510,8.5,feeder2_724,0.11101368492302884,0.36899484005937633,0.11104346632437274,0.3692115419650072
510,8.5,feeder2_703,0.11697931951648037,0.36801860500041733,0.11700518890826281,0.368155991375292
510,8.5,feeder2_704,0.11470717362358726,0.3704320691702986,0.11473397205478308,0.3705742645360125
510,8.5,feeder2_754,0.11092579137186324,0.3689451291503311,0.11095824208820816,0.36916220087546636
510,8.5,feeder2_747,0.11087549637835165,0.37022506148741663,0.11090496169882313,0.3704465436530339
510,8.5,feeder2_828,0.11439041891087992,0.37714079195955535,0.11442154486088428,0.37734096152650604
510,8.5,feeder2_763,0.1125020255129168,0.37104192698787336,0.11253037108412704,0.37124398771756145
510,8.5,feeder2_836,0.11093739832842803,0.37017203092685974,0.11096794373742667,0.3703953455450658
510,8.5,feeder2_758,0.110755975429962,0.371362761089662,0.11078891011088866,0.37159309011323644
510,8.5,feeder2_788,0.11069848755245147,0.3713327269174896,0.1107291799839748,0.37156379934219663
510,8.5,feeder2_812,0.1104056047052252,0.37524771936193696,0.11043920735753945,0.3754928535205511
510,8.5,feeder2_947,0.11232100870733373,0.37093393224438415,0.11235477761371185,0.3711400890464655
510,8.5,feeder2_868,0.1118671093149432,0.37103155515657954,0.1118972144679973,0.37123371119465787
510,8.5,feeder2_785,0.1127229265149357,0.3708010872335519,0.11275552341441146,0.37100754916038164
510,8.5,feeder2_1176,0.11633416453093062,0.3670569357959521,0.11636716169522555,0.36726266918949374
510,8.5,feeder2_846,0.11259100563217816,0.3717325728248353,0.11262201509248267,0.3719398283177866
510,8.5,feeder2_911,0.11269554718513355,0.37073556377033023,0.11272639837750736,0.37094035814730075
510,8.5,feeder2_1107,0.11046020125135446,0.37995713670547304,0.11049264789123323,0.38020069175137855
510,8.5,feeder2_920,0.11029314434504814,0.3751282953894944,0.11032441279378849,0.37537729332785114
510,8.5,feeder2_926,0.11011907596566908,0.3749853039901652,0.11015542496065249,0.375245782259339
510,8.5,feeder2_1239,0.11030166582233827,0.37517897227168484,0.11033355817044055,0.3754327938465619
510,8.5,feeder2_933,0.11014962742592284,0.37468197097108147,0.11018378473992693,0.37494305470590117
510,8.5,feeder2_1146,0.10961339422746999,0.3762497774402228,0.10964612050628385,0.376511046472745
510,8.5,feeder2_1124,0.11018150879659033,0.37465153846308735,0.11021635208563388,0.37491355342979904
510,8.5,feeder2_942,0.11022611880974749,0.37398958677505895,0.11026016453743834,0.37425883234951257
510,8.5,feeder2_952,0.11028788672275193,0.3725184980699003,0.11032015501195595,0.3727937726542088
510,8.5,feeder2_965,0.11023284364856749,0.3740636374006643,0.11026740581134521,0.3743322580976556
510,8.5,feeder2_961,0.11038517783644965,0.37227667925806435,0.11041932160589106,0.37255442952763534
510,8.5,feeder2_963,0.11026845779557139,0.37253787842598163,0.11030132523726947,0.37281626899429116
510,8.5,feeder2_973,0.11082679751118443,0.369900962876853,0.11086215299623513,0.3701858389663548
510,8.5,feeder2_1128,0.11051815773736673,0.37418275622754615,0.11055529971186746,0.3744643621854947
510,8.5,feeder2_1113,0.10975889421121549,0.3732190547632504,0.10979080317505784,0.37349920806955617
510,8.5,feeder2_1143,0.10956016027465941,0.3721677312382872,0.10959665703936296,0.3724489053524251
510,8.5,feeder2_1238,0.10898132904438276,0.37349669864107177,0.10901845958924954,0.37377061178153154
510,8.5,feeder2_979,0.11026232673149315,0.37421631136171063,0.11029790205586162,0.3744880888341848
510,8.5,feeder2_1236,0.11148573379253134,0.36643260241290226,0.11151867431641806,0.3667247818343091
510,8.5,feeder2_989,0.11082681916865982,0.3699005499562956,0.11086167832743303,0.37018387540108216
510,8.5,feeder2_1196,0.1106156034055372,0.37486222503874345,0.1106495485741611,0.3751320528815007
510,8.5,feeder2_1158,0.11088512104959125,0.3698418423286091,0.11092087059648428,0.3701272954620032
510,8.5,feeder2_1122,0.11047786454458089,0.3819061109245119,0.11050937991241715,0.3821515368621798
510,8.5,feeder2_1258,0.1106482019413597,0.37978744303603734,0.11068094028488357,0.3800348569514293
510,8.5,feeder2_1303,0.1099693364454671,0.3816287353473388,0.11000200162416506,0.38187640677080037
510,8.5,feeder2_1138,0.11052684087797444,0.3835554347013191,0.11056029837049669,0.38380319026155746
510,8.5,feeder2_1304,0.1105436655819167,0.38360327768958113,0.11057810679335042,0.38385069003080885
510,8.5,feeder2_1212,0.11062413458220868,0.3870060894433184,0.11065609558542557,0.387250095696087
510,8.5,feeder2_1311,0.10994010531566052,0.3877024671057509,0.10997334055419426,0.3879521750430238
510,8.5,feeder2_1290,0.1109692497054629,0.3908031894884047,0.11099832590044999,0.39104693044907207
510,8.5,feeder2_1325,0.11177370249800024,0.36505813555118444,0.1118114076360936,0.36536856093278763
510,8.5,feeder2_1248,0.11150054432233286,0.36641711256590254,0.1115336722253146,0.3667098110039542
510,8.5,feeder2_1249,0.10864001097791855,0.37334267286683237,0.10867352360483266,0.3736080748495472
510,8.5,feeder2_1250,0.10892461238929384,0.37347122065776284,0.10895986510735804,0.3737426443683452
510,8.5,feeder2_1366,0.11525709514910698,0.36248689223963837,0.11529149208878264,0.36278116481236156
510,8.5,feeder2_1266,0.11080270678617038,0.3796489218502143,0.11083515150099174,0.37989932906822477
510,8.5,feeder2_1372,0.11091703741667189,0.3907760893793582,0.11095022289066285,0.3910208739517594
510,8.5,feeder2_1363,0.11135469601472224,0.3949256479537675,0.11138985056841305,0.39517193109492016
510,8.5,feeder2_1446,0.1111579668768643,0.365921136292962,0.1111942424807519,0.36622864139340433
510,8.5,feeder2_1502,0.11244064765595682,0.3626205226315898,0.11247704682032778,0.36294142539316093
510,8.5,feeder2_1428,0.1118279692016122,0.3962859185453493,0.1118624253756092,0.3965318075151581
510,8.5,feeder2_1380,0.11146778986595475,0.39775805810991466,0.1115013361572783,0.3980006894430845
510,8.5,feeder2_1550,0.1109774258929358,0.3982783811791809,0.11100937889703015,0.3985260789964623
510,8.5,feeder2_1386,0.11162300860753943,0.3989303954988648,0.11165515756601001,0.39917215942655143
510,8.5,feeder2_1551,0.11166965791788122,0.3990513311663352,0.11170327294706969,0.39929872710809977
510,8.5,feeder2_1400,0.11169206529255041,0.3994614294890518,0.11172302864844164,0.39970394422802064
510,8.5,feeder2_1552,0.11174764331096082,0.3996089121953513,0.11177847758830839,0.3998503241715102
510,8.5,feeder2_1408,0.11182232704634197,0.4004887796262891,0.11185527915737528,0.4007332157195819
510,8.5,feeder2_1553,0.1109990604264954,0.4014489445633224,0.11103368717686785,0.40169701903805705
510,8.5,feeder2_1416,0.11189091853863864,0.40078356214121347,0.11192422606185676,0.40102947134451034
510,8.5,feeder2_1530,0.11113196045825613,0.4015259943960682,0.111162341174729,0.401767080017228
510,8.5,feeder2_1425,0.11218005064301592,0.4010350096976409,0.11221098916663538,0.40127769113745043
510,8.5,feeder2_1589,0.11183788810405654,0.4037470971703168,0.11187257015983791,0.40399014332878136
510,8.5,feeder2_1435,0.11221340147176641,0.4008145904647144,0.11224924539071646,0.4010571855850836
510,8.5,feeder2_1621,0.11491222795725663,0.3982024534262231,0.1149439642068337,0.39844853620969584
510,8.5,feeder2_1564,0.11223692912859908,0.400950507098209,0.11226838370123712,0.4011922333339992
510,8.5,feeder2_1704,0.11246993426966394,0.36258986661962755,0.11250843549371964,0.36291259613623766
510,8.5,feeder2_1525,0.11261164656306612,0.36201285445024683,0.11264729143822719,0.36234006869442903
510,8.5,feeder2_1716,0.11273666131570903,0.3618816116587896,0.11276929639523563,0.36220160054057754
510,8.5,feeder2_1537,0.11280212392699705,0.36135550731193206,0.1128428712937811,0.36168441672916163
510,8.5,feeder2_1645,0.11296923637670359,0.3618973818711724,0.11301032769707538,0.3622275556970574
510,8.5,feeder2_1561,0.1129696213140163,0.36031065540257395,0.11300954818818476,0.3606459456217278
510,8.5,feeder2_1657,0.11291326234628633,0.36028803912271806,0.11295216379351423,0.3606258054563031
510,8.5,feeder2_1570,0.11304465783619547,0.35986868513773307,0.1130841273446754,0.3602015242051267
510,8.5,feeder2_1756,0.11181776461307687,0.36151497102786845,0.1118537847193242,0.36184595737589026
510,8.5,feeder2_1588,0.11314741025989448,0.3593663940176871,0.11318440350531941,0.3597003419376708
510,8.5,feeder2_1628,0.11309673386339725,0.3593469926624871,0.1131335478996142,0.359680915432147
510,8.5,feeder2_1598,0.11328015145521926,0.35873972952189304,0.11331924588796119,0.35907881019680477
510,8.5,feeder2_1816,0.11344812582205037,0.35856094670089333,0.11348741317291254,0.35890307730341087
510,8.5,feeder2_1765,0.11339798676847117,0.35861424292188576,0.11343649562663355,0.35895447819486875
510,8.5,feeder2_1641,0.11392640597779637,0.3557807355038872,0.11396589425448687,0.3561347180357946
510,8.5,feeder2_1689,0.11456322360907069,0.35350583742144054,0.11460403666581534,0.3538686599419488
510,8.5,feeder2_1744,0.11364917395651578,0.3556657168644247,0.11369039691985455,0.35601410344775775
510,8.5,feeder2_1817,0.11457810839634909,0.353595082735704,0.1146151997135515,0.35395140432528815
510,8.5,feeder2_1779,0.11523556203604064,0.35280560977782005,0.11527941281394398,0.3531695733623655
510,8.5,feeder2_1800,0.11458273008657464,0.3535622666332839,0.11462538669148223,0.35392519118613386
510,8.5,feeder2_1818,0.11864485491205981,0.3487776919731291,0.11868239582964579,0.3491505717445464
510,8.5,feeder2_1753,0.11292359468004128,0.3553601196221384,0.11296381755292687,0.3557120211365751
510,8.5,feeder2_1754,0.11361522351300928,0.35565284115428913,0.11365757616816627,0.3560071403898924
540,9.0,secondary,0.016241339858424717,0.007916199678981764,0.01622993067260809,0.007902815039974202
540,9.0,feeder2_44,0.03023653868045911,0.04130341488359626,0.030221711726319447,0.041242018199523334
540,9.0,feeder2_45,0.030814520378740867,0.04239253283857959,0.030795845960917986,0.04232837697110468
540,9.0,feeder2_46,0.028710134219012574,0.044020800342964767,0.028696955688391916,0.04395990405867925
540,9.0,feeder2_51,0.031815256431275266,0.04426136969856094,0.031803587820949,0.044195305262019216
540,9.0,feeder2_48,0.030913279910319117,0.04257803997609686,0.03090027286683143,0.04251698238151225
540,9.0,feeder2_52,0.03498502778923539,0.04112204632235985,0.03496900649671901,0.04105385696004149
540,9.0,feeder2_68,0.03444209441973059,0.05080202097331028,0.03442583797392589,0.05072624289773384
540,9.0,feeder2_69,0.01198328340306222,0.07102304767310985,0.012002482011635852,0.07095226143905804
540,9.0,feeder2_71,0.03525235324020809,0.052070235518626336,0.035234310177551444,0.05199788833381734
540,9.0,feeder2_72,0.08373060264184443,0.11528534875272364,0.08371237018069562,0.11522005498806408
540,9.0,feeder2_73,0.036371679527375696,0.049092220323182965,0.0363573826231526,0.049018602333726624
540,9.0,feeder2_74,0.03714120961229691,0.04794739297889145,0.037121093026581196,0.04787105221102814
540,9.0,feeder2_77,0.03736251390070839,0.04728776743114909,0.03734369812640571,0.04720957188814803
540,9.0,feeder2_79,0.023428243515066276,0.04524014999618578,0.023411961995996527,0.045151875167490224
540,9.0,feeder2_81,0.040063395327525446,0.04910965855239545,0.040045625481226116,0.04904476636981562
540,9.0,feeder2_82,0.04009193577573774,0.04917839484651477,0.04007147965019561,0.049116078230534314
540,9.0,feeder2_116,0.053035546188433175,0.08800845024768525,0.05302382328898513,0.08799898726564455
540,9.0,feeder2_119,0.053080711164364185,0.08802870773778225,0.05306124163417423,0.0880261756067156
540,9.0,feeder2_120,0.05807037072461248,0.10772078385980458,0.0580535709172173,0.1077266970770989
540,9.0,feeder2_248,0.05997061913068849,0.10675056287006959,0.05995784507101649,0.10675420474012381
540,9.0,feeder2_124,0.06104712702715196,0.12063475458124921,0.06102733541648558,0.12065128448740046
540,9.0,feeder2_282,0.06140555945629923,0.12315132067489903,0.06139555438608853,0.1231559514528124
540,9.0,feeder2_275,0.07318307067856182,0.12829119445439296,0.07317529419452182,0.12831339886427076
540,9.0,feeder2_151,0.06528965081061258,0.13664012676575804,0.06527438006019225,0.13665307132775173
540,9.0,feeder2_295,0.06311898977221651,0.13413889377030974,0.06310398465824818,0.13415375289841835
540,9.0,feeder2_311,0.06518065471959367,0.13652178131184778,0.06516550681483223,0.13653447339948427
540,9.0,feeder2_201,0.07317513313990316,0.1672364573438765,0.07316264881627399,0.1672501981323833
540,9.0,feeder2_314,0.07170061918252583,0.16951476059536313,0.07168216473586397,0.1695319197724004
540,9.0,feeder2_342,0.08460374148925376,0.2060193050869592,0.08458944197375344,0.20603956246148572
540,9.0,feeder2_368,0.08460409262679403,0.2074051540215547,0.0845873438507255,0.20742548744476988
540,9.0,feeder2_347,0.09038635593236866,0.22251091660483382,0.09037340384415217,0.22252283849970822
540,9.0,feeder2_353,0.09325732416662887,0.23072285931095704,0.09324255712976169,0.2307340993338536
540,9.0,feeder2_518,0.09040584890825112,0.2225519868898477,0.09038523111156849,0.2225709788476968
540,9.0,feeder2_365,0.09640950155311878,0.2395595857858499,0.09638748734778353,0.23957666599841543
540,9.0,feeder2_653,0.09394338749867057,0.23120182590017765,0.09392354295643725,0.23121788902977417
540,9.0,feeder2_377,0.09812325245458042,0.24437692402520142,0.09810915554467302,0.24438794875406067
540,9.0,feeder2_622,0.09637494491978643,0.23952150659947974,0.09635272431409947,0.23953984274133053
540,9.0,feeder2_451,0.08462604011256357,0.2074484238880767,0.08461051084484031,0.20746750279158171
540,9.0,feeder2_383,0.08460189190790376,0.20970050731087667,0.08458636972779099,0.20972572000908402
540,9.0,feeder2_385,0.10028730015311457,0.2508431739190404,0.10027037768814795,0.25085421887849635
540,9.0,feeder2_621,0.09585786902914305,0.24173705721497254,0.09584128239041088,0.24174608765958183
540,9.0,feeder2_611,0.08526618075613467,0.2102131138875119,0.08524645462301764,0.2102435599242162
540,9.0,feeder2_405,0.08459557438647212,0.20981727686384613,0.08457946422982178,0.20984314714890787
540,9.0,feeder2_461,0.1086108730030502,0.278049205864153,0.1085941444312307,0.2780555995991007
540,9.0,feeder2_594,0.1015119515558738,0.25024711147508033,0.10149877994212579,0.2502538059508386
540,9.0,feeder2_732,0.08643195627726681,0.20910246209554736,0.08641166893196069,0.20913335541994446
540,9.0,feeder2_417,0.08443187699752028,0.2108266767620343,0.08441260108186598,0.21085355519231608
540,9.0,feeder2_663,0.08434436495233866,0.21073031418193633,0.08432433494427152,0.21076098148499262
540,9.0,feeder2_444,0.08431656103518727,0.21162999951007638,0.08430384180956091,0.21165341282336408
540,9.0,feeder2_759,0.08264228452826171,0.2141326267218057,0.08262631974475189,0.21415893016581297
540,9.0,feeder2_842,0.0842299740571837,0.211532914567307,0.08421597841866219,0.21155920603920744
540,9.0,feeder2_459,0.08429696282034771,0.21176154374740064,0.08428626608149523,0.21178710244931376
540,9.0,feeder2_702,0.08233477701764219,0.21563099650308037,0.08232048853871922,0.21565694698179372
540,9.0,feeder2_493,0.08431958794818076,0.21080781387769323,0.08430097051525122,0.21083785229000154
540,9.0,feeder2_651,0.1082838923605961,0.2773983242777373,0.10826786280272425,0.2774014637910867
540,9.0,feeder2_684,0.11559960483040958,0.30111497955354743,0.11557587335681026,0.30112139707589813
540,9.0,feeder2_674,0.08621863980489833,0.21162814076216593,0.0862013579026011,0.21166244236651022
540,9.0,feeder2_696,0.08254158663289046,0.20379408484134362,0.08252583722733432,0.20382219750007058
540,9.0,feeder2_681,0.09100019759201583,0.21360028967698733,0.09098540913474099,0.21363778217878912
540,9.0,feeder2_682,0.0869064393143746,0.2121756318614367,0.08689377649385242,0.21220322793533591
540,9.0,feeder2_728,0.11757223303957831,0.30794458961037,0.11754770642974023,0.30795135942807805
540,9.0,feeder2_724,0.11939203385671639,0.30906999039138144,0.11936875886662138,0.3090686123419051
540,9.0,feeder2_703,0.08181789130066396,0.20297807071234922,0.08180297149088747,0.2030075353483389
540,9.0,feeder2_704,0.08093819288196859,0.20147853599000098,0.08092174917238522,0.20151129434046045
540,9.0,feeder2_754,0.11941467847475815,0.309122204230172,0.11939265225037685,0.3091173717901985
540,9.0,feeder2_747,0.1209367483850061,0.3123479360178961,0.12091439504893918,0.31234065788479376
540,9.0,feeder2_828,0.11864977950885873,0.30832520643781736,0.11862599283715407,0.30833366890207126
540,9.0,feeder2_763,0.12014716154263767,0.31732239912273974,0.12013009795023215,0.3173257270770063
540,9.0,feeder2_836,0.12083781732298716,0.31224059300257767,0.1208211325253318,0.3122296927480112
540,9.0,feeder2_758,0.12227697112283432,0.31523968297627647,0.12225229833139285,0.315230762404053
540,9.0,feeder2_788,0.12134798922760189,0.31668388524024327,0.12132501069726193,0.3166752429515835
540,9.0,feeder2_812,0.12648636473787683,0.3224207223335465,0.12646651513275736,0.3224030280909104
540,9.0,feeder2_947,0.12019289259716734,0.31742368536712445,0.1201761351750454,0.3174258061542918
540,9.0,feeder2_868,0.12122517984586897,0.3225124647372798,0.1212044453643076,0.3225097062423574
540,9.0,feeder2_785,0.12103347817019042,0.319724277551612,0.12101650765852516,0.31973065029888925
540,9.0,feeder2_1176,0.12083341468944422,0.31950596116693425,0.12081340289862691,0.31951234819808394
540,9.0,feeder2_846,0.12896509800862307,0.3234810024504766,0.12894690365556494,0.3234933428479882
540,9.0,feeder2_911,0.12104867904735267,0.31977110805824227,0.12103354102893413,0.3197762887732685
540,9.0,feeder2_1107,0.1310000915023243,0.337790951150143,0.1309797424102997,0.3377696670432101
540,9.0,feeder2_920,0.12642576219745366,0.3202234859707147,0.12640794638415678,0.3202007198598601
540,9.0,feeder2_926,0.12621034126002695,0.31727310005176246,0.12619100709952463,0.3172477027026153
540,9.0,feeder2_1239,0.12657502887123767,0.31986627913803994,0.1265539125737642,0.31984755825053873
540,9.0,feeder2_933,0.12611176645587902,0.31596335365451766,0.12608945581408715,0.3159384833837189
540,9.0,feeder2_1146,0.12622753981792598,0.31733356833664356,0.12620277811013808,0.31731198626790164
540,9.0,feeder2_1124,0.12605887208339672,0.31590665385354993,0.12603387811005656,0.3158828402582241
540,9.0,feeder2_942,0.12587406833618547,0.31272611137904077,0.125851330901747,0.3126985373251614
540,9.0,feeder2_952,0.1249886481459349,0.30903204774975646,0.1249625713784479,0.30899807505884397
540,9.0,feeder2_965,0.12594384037755305,0.3125987396855596,0.125919602303467,0.31256931505262664
540,9.0,feeder2_961,0.12489537743868623,0.30853693160629025,0.12487025187525891,0.30849966882356455
540,9.0,feeder2_963,0.1249881890878944,0.3090545714157954,0.12496672313048822,0.30901467022048684
540,9.0,feeder2_973,0.12437683628334,0.30576101877556944,0.12434926795036674,0.3057197865176532
540,9.0,feeder2_1128,0.12493595649634974,0.30884392617956186,0.12491549828278191,0.3088055106463157
540,9.0,feeder2_1113,0.1250002803005927,0.3090855755438887,0.12498179044002095,0.3090463684306041
540,9.0,feeder2_1143,0.12493475992841677,0.31054314038613795,0.12491577654662404,0.3105032541970427
540,9.0,feeder2_1238,0.12613293591714062,0.3131904720116934,0.12611244265330201,0.31315866341306736
540,9.0,feeder2_979,0.12602460577408345,0.3123892540984832,0.1259992044076874,0.31236250379696145
540,9.0,feeder2_1236,0.12378777950057973,0.3022710842124581,0.12376756319302093,0.30222000979613933
540,9.0,feeder2_989,0.12437517879912045,0.3057559220304446,0.12435220364374353,0.3057118342506848
540,9.0,feeder2_1196,0.12759024094363747,0.31139824455481446,0.12756782758798574,0.31136947271451615
540,9.0,feeder2_1158,0.12398952110692482,0.30523169248619275,0.12396961277524367,0.30518657615743106
540,9.0,feeder2_1122,0.13281429381332563,0.34401972724948676,0.13279032888405,0.3439978573284858
540,9.0,feeder2_1258,0.13072532676471596,0.3374951533469992,0.13070106684185526,0.33747610253199317
540,9.0,feeder2_1303,0.13290808479282715,0.34431062543281904,0.13288801725999394,0.34428713868745214
540,9.0,feeder2_1138,0.1342246314139776,0.3488379761634135,0.13420255999340744,0.34881589721420436
540,9.0,feeder2_1304,0.1342574128159784,0.3488547910865291,0.13423691170887925,0.3488308377158928
540,9.0,feeder2_1212,0.1372143180011804,0.35901759551911333,0.1371881870270035,0.3589977553134835
540,9.0,feeder2_1311,0.13631761586501062,0.36054541110751737,0.136293593545423,0.3605230988326052
540,9.0,feeder2_1290,0.14095402087172584,0.3703329996564798,0.14092971040968238,0.37031092168162894
540,9.0,feeder2_1325,0.12340230367060087,0.2992228132227956,0.12338023369581272,0.29916344738196543
540,9.0,feeder2_1248,0.12378179519833411,0.3022642022475793,0.12376035946457095,0.3022121293685302
540,9.0,feeder2_1249,0.12613942586986265,0.31320832778439944,0.1261134957549953,0.31317932686631705
540,9.0,feeder2_1250,0.12625294071191065,0.31356305367285153,0.1262243784475983,0.3135376537290919
540,9.0,feeder2_1366,0.12277346469478129,0.30104898703859656,0.12274749512002174,0.30099824620264837
540,9.0,feeder2_1266,0.13050678599570428,0.337259403592854,0.13048470891104846,0.3372379606037524
540,9.0,feeder2_1372,0.14343942064649914,0.3771079577197603,0.1434106032095286,0.3770819060684742
540,9.0,feeder2_1363,0.14293191031928668,0.3741188052391287,0.14291019488343945,0.3741005339018884
540,9.0,feeder2_1446,0.12281234568899341,0.3001446564634654,0.1227860407437172,0.30008888456065264
540,9.0,feeder2_1502,0.12302174244349466,0.2947290468281422,0.12299981835097533,0.294658912086054
540,9.0,feeder2_1428,0.14908667208070903,0.37429876871484496,0.14906556521411432,0.3742857392219895
540,9.0,feeder2_1380,0.14397502430774203,0.37771642466306626,0.14394462591567986,0.37770561065947766
540,9.0,feeder2_1550,0.14229439118929094,0.3813359968270332,0.1422666819534401,0.38132395492340815
540,9.0,feeder2_1386,0.1444788980379821,0.3776769379422289,0.1444512655371818,0.37766722058451146
540,9.0,feeder2_1551,0.147392763891696,0.37598607276587614,0.14737229248981915,0.37597025591054617
540,9.0,feeder2_1400,0.1445781293910619,0.377997972771974,0.1445555130690678,0.3779831405053953
540,9.0,feeder2_1552,0.146429351470423,0.3769793273190424,0.1464026155026666,0.3769705981415766
540,9.0,feeder2_1408,0.14458883108022633,0.3791140510182753,0.14456137733886631,0.3791047211679029
540,9.0,feeder2_1553,0.14467409607946083,0.37917142035668694,0.1446478182749223,0.37915708363146516
540,9.0,feeder2_1416,0.14459332675211037,0.3796815348107056,0.1445671554955067,0.37966928490929747
540,9.0,feeder2_1530,0.14407150041115507,0.38250919212086293,0.14405010535249793,0.3824925069320579
540,9.0,feeder2_1425,0.14448589835465006,0.3793495864419428,0.1444573379724851,0.37933592920755504
540,9.0,feeder2_1589,0.14453932281193183,0.3793765929574377,0.1445108863151999,0.37936334470411637
540,9.0,feeder2_1435,0.1444638631938946,0.37927964965850647,0.14443698846076108,0.3792656185497636
540,9.0,feeder2_1621,0.14394829464891454,0.37859736757753154,0.1439193359967674,0.3785840220632831
540,9.0,feeder2_1564,0.14446930149336304,0.37934817323649683,0.1444446799986092,0.37933261357069487
540,9.0,feeder2_1704,0.12272525869675129,0.2943637329010612,0.12270628622015951,0.2942903641937955
540,9.0,feeder2_1525,0.1229895991817408,0.29377019830742257,0.12296798350503549,0.29369939700340514
540,9.0,feeder2_1716,0.11998020593026869,0.29049822933611674,0.11995986933881417,0.29041996128840347
540,9.0,feeder2_1537,0.12308278941775606,0.2932402827417385,0.12305642834697707,0.2931687065744856
540,9.0,feeder2_1645,0.12370378093013022,0.2934046164824704,0.12367949598850386,0.2933297449893757
540,9.0,feeder2_1561,0.1231542650143374,0.29251754902763083,0.12313123301380419,0.29244005553337893
540,9.0,feeder2_1657,0.12328321261912698,0.2929407583929699,0.12325828790414953,0.29286028489555965
540,9.0,feeder2_1570,0.12316436476471765,0.29211595961124026,0.12313691344515905,0.2920410579078359
540,9.0,feeder2_1756,0.12131102729897641,0.2949853728035452,0.1212857680130568,0.29490782571603463
540,9.0,feeder2_1588,0.12318175620709834,0.29155636387173384,0.12315761048332502,0.29147415546626765
540,9.0,feeder2_1628,0.12265591906832785,0.2923517264722827,0.12262886152534927,0.2922725987301653
540,9.0,feeder2_1598,0.12321435639457176,0.29061930379173495,0.12319190612676391,0.2905359389954232
540,9.0,feeder2_1816,0.12193318734999879,0.28926895707541167,0.12191005702568976,0.2891864872281876
540,9.0,feeder2_1765,0.12302965538145863,0.2904244233194342,0.12300192536728463,0.2903443828552077
540,9.0,feeder2_1641,0.12348059527704162,0.28657347937588257,0.12345135849699317,0.28648757296639416
540,9.0,feeder2_1689,0.12365618411001156,0.2829003991648045,0.12363400081117432,0.28280237028117067
540,9.0,feeder2_1744,0.12352256420726573,0.28676412477354835,0.12350288784340226,0.2866703190209229
540,9.0,feeder2_1817,0.12366162793806805,0.28292895895468156,0.12363614300232607,0.28283116275057985
540,9.0,feeder2_1779,0.12275186792852263,0.28191586228601945,0.12273111488500534,0.28181649410734216
540,9.0,feeder2_1800,0.12480986175193033,0.2820301771450576,0.12478053332701569,0.28193631210366166
540,9.0,feeder2_1818,0.12851904042996187,0.2778388764370838,0.12849603057961376,0.2777300294870942
540,9.0,feeder2_1753,0.12362220101391448,0.28725103123839624,0.12359357599698402,0.2871605831976294
540,9.0,feeder2_1754,0.12353039610070689,0.2867901902226154,0.12350498879295548,0.2866986438150856
570,9.5,secondary,0.0312985234859124,0.03002180173870177,0.03129248716121968,0.03001539143492397
570,9.5,feeder2_44,0.058284654033719255,0.1566845321437135,0.058276448581039156,0.15666471954236633
570,9.5,feeder2_45,0.059321792088973604,0.16167898421755758,0.05931447019051587,0.16165801922687306
570,9.5,feeder2_46,0.058944007288643276,0.15614963924343633,0.05894174229311599,0.15612294250780315
570,9.5,feeder2_51,0.061192171676807704,0.16987132041514424,0.061183238917323184,0.1698479566970258
570,9.5,feeder2_48,0.05651471849377894,0.16476814409240473,0.05650690140200043,0.16474482359258977
570,9.5,feeder2_52,0.06139826240798348,0.1699028569514413,0.06139323413332417,0.16988060485764755
570,9.5,feeder2_68,0.06647443135302962,0.19297785364001252,0.06646889478033723,0.19295098757128398
570,9.5,feeder2_69,0.04740348619375063,0.14852507064919634,0.04740865463792329,0.14849223187423155
570,9.5,feeder2_71,0.06770332975978476,0.19851079951462539,0.06769537622147935,0.19848671403253165
570,9.5,feeder2_72,0.07898035114849272,0.25671414909486256,0.07896966236710781,0.2566796071995738
570,9.5,feeder2_73,0.07106995097940029,0.20997163069133348,0.07105891634331596,0.20994838058665538
570,9.5,feeder2_74,0.09215411095448399,0.21437422917003013,0.09214963779637769,0.21434969080800426
570,9.5,feeder2_77,0.07343329050019598,0.21912459690117125,0.07342577323429093,0.21909874800841328
570,9.5,feeder2_79,0.07204229521377756,0.21695054148512027,0.07203933072905692,0.21691796218929224
570,9.5,feeder2_81,0.07734971246550572,0.2346169052908338,0.07734262326125518,0.23459010781063708
570,9.5,feeder2_82,0.07555248997224637,0.2366624095434519,0.07554888503487173,0.23663180453666016
570,9.5,feeder2_116,0.09518174710436346,0.3035565411359526,0.09517788011415984,0.30352282847944023
570,9.5,feeder2_119,0.098619480353338,0.30290142695343736,0.09861612639511133,0.3028681730497522
570,9.5,feeder2_120,0.10137736516764329,0.3296487095467231,0.10137230937033402,0.3296137650433115
570,9.5,feeder2_248,0.10809775294000742,0.33209933680714704,0.10809336094015681,0.33206854864225993
570,9.5,feeder2_124,0.1047740613606601,0.3445256983757519,0.10476810465994744,0.3444933608696409
570,9.5,feeder2_282,0.1042958616524699,0.346195543967118,0.10429044929095742,0.3461601533301377
570,9.5,feeder2_275,0.11549301769237967,0.348343769847463,0.11548179521108301,0.348315846606145
570,9.5,feeder2_151,0.10952120382088462,0.36653535242422064,0.10950903296141264,0.3664996960200477
570,9.5,feeder2_295,0.10828698345377107,0.3648501088354766,0.1082814705790956,0.3648093797365912
570,9.5,feeder2_311,0.10943192069859606,0.3664184662162582,0.10942057050748204,0.36638132644981125
570,9.5,feeder2_201,0.1180465933760077,0.40597504422979147,0.11803779873090642,0.405928716280131
570,9.5,feeder2_314,0.11610465690903436,0.40824725161812836,0.11609818026865079,0.40820210030472187
570,9.5,feeder2_342,0.1307730724376527,0.45737782400605503,0.13076381604726367,0.457323984506078
570,9.5,feeder2_368,0.13166109827838052,0.4597700376665621,0.13165121913965705,0.4597163135655066
570,9.5,feeder2_347,0.13606393987950682,0.47842842793557727,0.1360529547338554,0.47836728493448794
570,9.5,feeder2_353,0.1387135444400578,0.4890454232849976,0.1386977672156487,0.48898344711574987
570,9.5,feeder2_518,0.13606020525681428,0.478485506992965,0.13605225516553512,0.4784221080881307
570,9.5,feeder2_365,0.1416195926072225,0.5008146290367561,0.14160431606270096,0.5007437351919848
570,9.5,feeder2_653,0.13937055810749088,0.48922976031282994,0.13935575357074373,0.4891657877426414
570,9.5,feeder2_377,0.14320659059821714,0.5072694595222251,0.14319026430938955,0.5072010873798888
570,9.5,feeder2_622,0.14158927159344042,0.5007779125181956,0.14157400205249251,0.5007083455378695
570,9.5,feeder2_451,0.13165487931211606,0.45983080486004707,0.13164447122932654,0.45978010817705567
570,9.5,feeder2_383,0.13310298323275244,0.46376682441412803,0.13309179479773317,0.46371705052812096
570,9.5,feeder2_385,0.14516842890179021,0.5153524837512327,0.14515119936234586,0.5152811655914098
570,9.5,feeder2_621,0.14178884512395037,0.5055359855909515,0.14177638725956399,0.5054655100304868
570,9.5,feeder2_611,0.1351911184789611,0.4633430114496778,0.13518039538750234,0.46329388942250027
570,9.5,feeder2_405,0.1331624160730474,0.4640366455961482,0.13315066409596799,0.46398411112813004
570,9.5,feeder2_461,0.15223013815181433,0.5465123653262395,0.1522195349655018,0.5464242591692239
570,9.5,feeder2_594,0.1493491540603273,0.516349520805205,0.14933382936233244,0.5162773305848303
570,9.5,feeder2_732,0.13330315178330268,0.4640940045149515,0.13329565555133455,0.464044172371491
570,9.5,feeder2_417,0.13360448547594164,0.46607100290917525,0.13359908527185482,0.466017030743392
570,9.5,feeder2_663,0.13329576346355473,0.46566117585996925,0.13328359866238662,0.4656129690012483
570,9.5,feeder2_444,0.13397501088891922,0.46776519562730035,0.1339654204557276,0.467715222599648
570,9.5,feeder2_759,0.13395881892056027,0.46786899248439295,0.13394755985970747,0.4678243415011593
570,9.5,feeder2_842,0.13266706436238765,0.4660373775254336,0.1326608328874917,0.46598628938449005
570,9.5,feeder2_459,0.13413070554852544,0.46845882412495565,0.1341170306096878,0.4684133188098897
570,9.5,feeder2_702,0.1311089768040585,0.47283199585504376,0.13109975361621853,0.47277916430024425
570,9.5,feeder2_493,0.13494222261920635,0.4694295221777979,0.1349307038920063,0.469384655220909
570,9.5,feeder2_651,0.15218621827330284,0.5464617839820062,0.15217509844034,0.5463754824989631
570,9.5,feeder2_684,0.15810547817155274,0.5728049827291953,0.1580884136691036,0.5727120625753178
570,9.5,feeder2_674,0.13789001834285208,0.47051412970053297,0.13787827431945487,0.4704700854114435
570,9.5,feeder2_696,0.13421709048943417,0.46649303565696093,0.13420832801939,0.46644599722019725
570,9.5,feeder2_681,0.13795248825284226,0.47054315298918714,0.13794072489985446,0.47049805488241936
570,9.5,feeder2_682,0.15005612539381222,0.47516481496171353,0.15004444022283667,0.47512319609723863
570,9.5,feeder2_728,0.15836312968131186,0.5746175349701889,0.1583482767137836,0.574524608604629
570,9.5,feeder2_724,0.16368961646215457,0.5963778439372676,0.16367452180462144,0.5962732130374451
570,9.5,feeder2_703,0.13360785281487694,0.46568596356721254,0.13359750813912863,0.46563835763936656
570,9.5,feeder2_704,0.13364394324052484,0.46563863881584633,0.1336322485533202,0.4655936326913895
570,9.5,feeder2_754,0.1625841536724808,0.5977722477327361,0.16257201226073267,0.5976673458080515
570,9.5,feeder2_747,0.16605275117601603,0.6055084863481875,0.16603224852438833,0.605397606031057
570,9.5,feeder2_828,0.15912289693496745,0.5747333590384898,0.15911095722447416,0.5746359069389962
570,9.5,feeder2_763,0.15849576632476867,0.577022049374098,0.15848247161306053,0.5769277234348573
570,9.5,feeder2_836,0.1657902204273971,0.6050380068453965,0.16577225437945872,0.6049265431361793
570,9.5,feeder2_758,0.16826008389833164,0.6138046813903213,0.16824795565976608,0.6136899605681682
570,9.5,feeder2_788,0.16606325112934187,0.6164686369019052,0.16605101654583102,0.6163525493510954
570,9.5,feeder2_812,0.1754019076965297,0.6363296441437799,0.17538783115469672,0.636204839976053
570,9.5,feeder2_947,0.15850574136726808,0.577167190974912,0.15848779115734046,0.5770728117792304
570,9.5,feeder2_868,0.15788431997012084,0.5786264418994188,0.15787061911425657,0.578531913946975
570,9.5,feeder2_785,0.15859453576621443,0.5773360129506032,0.158578017406209,0.5772431715085939
570,9.5,feeder2_1176,0.15756497198741776,0.5761737318302873,0.15755052585560173,0.5760788344648782
570,9.5,feeder2_846,0.1605684408955235,0.5768173463562071,0.1605541154976929,0.5767223124978836
570,9.5,feeder2_911,0.15832622624819365,0.5790325017955786,0.1583095413164031,0.5789407111612725
570,9.5,feeder2_1107,0.178333225903752,0.6726862399284366,0.17831032990377857,0.6725603543450082
570,9.5,feeder2_920,0.17664794761191635,0.6327545950152801,0.17662664928226232,0.6326314591985085
570,9.5,feeder2_926,0.17851388075748548,0.6274359465562442,0.1784999745813414,0.6273038899564634
570,9.5,feeder2_1239,0.1766524694365891,0.6327625918353559,0.17663343916935884,0.6326370532909685
570,9.5,feeder2_933,0.1793418413296199,0.6250685080802161,0.17932691786362226,0.6249346696502549
570,9.5,feeder2_1146,0.1785278843766077,0.6275245809080525,0.17851030674986876,0.6273959296733199
570,9.5,feeder2_1124,0.17929226632234058,0.6250168477988364,0.17927468224365384,0.624882631563354
570,9.5,feeder2_942,0.18146191541460668,0.619141649744432,0.18144353074058206,0.6190039606345584
570,9.5,feeder2_952,0.1840678336978967,0.6107829170147452,0.1840544868697152,0.6106397098463355
570,9.5,feeder2_965,0.18153459013784787,0.6190994796883249,0.1815168868466474,0.6189642671875545
570,9.5,feeder2_961,0.18435857140452608,0.6097822655337783,0.18433533599413213,0.6096399047683984
570,9.5,feeder2_963,0.18406645819011586,0.6108050605068374,0.18404672468711747,0.6106609460178257
570,9.5,feeder2_973,0.18525524863327783,0.6041693007865225,0.18523947594273937,0.6040185112326251
570,9.5,feeder2_1128,0.1854969835940129,0.6105333344818801,0.18547538317541024,0.6103934934489406
570,9.5,feeder2_1113,0.18406925738635324,0.6108464089747346,0.18405227369261853,0.610702751510126
570,9.5,feeder2_1143,0.18395362857167247,0.612233803884414,0.18393721800963733,0.6120896601500495
570,9.5,feeder2_1238,0.1798649057527394,0.622671544379646,0.17984680496873087,0.6225343930240389
570,9.5,feeder2_979,0.18162913517534637,0.618753195315031,0.18160732004386387,0.6186196506945064
570,9.5,feeder2_1236,0.18670683401645208,0.5965757388931647,0.18668493993849566,0.5964200275548448
570,9.5,feeder2_989,0.18525428407891917,0.6041651472036349,0.18523718546704313,0.6040162299110698
570,9.5,feeder2_1196,0.18327416650563805,0.6172157435480672,0.18325561587365244,0.6170795015261361
570,9.5,feeder2_1158,0.18478225466993786,0.6036745200026403,0.18476819057996405,0.603525684569111
570,9.5,feeder2_1122,0.17994374284434209,0.6879733689026158,0.17991811601379373,0.6878468966767413
570,9.5,feeder2_1258,0.1771248675425453,0.671590174435846,0.1771068270021774,0.6714611059901143
570,9.5,feeder2_1303,0.17901398395256474,0.6910639583773054,0.17899131386015854,0.6909389722222723
570,9.5,feeder2_1138,0.18119997967500476,0.698953464911242,0.18118285734110717,0.6988253095967054
570,9.5,feeder2_1304,0.18369534974434845,0.6977404930790877,0.18367326454846897,0.6976154396232731
570,9.5,feeder2_1212,0.18359898948083772,0.7230514364931705,0.18357410201452093,0.722924427086057
570,9.5,feeder2_1311,0.18361895033603204,0.7231586476636142,0.18359747497786524,0.7230316435183426
570,9.5,feeder2_1290,0.18671746413223797,0.7528146319451379,0.1866942568117975,0.7526838385015859
570,9.5,feeder2_1325,0.18921494352150578,0.588953962140414,0.1891983720633399,0.5887843840637809
570,9.5,feeder2_1248,0.18669750010811076,0.5965661632721618,0.18667620641158184,0.5964114520966304
570,9.5,feeder2_1249,0.1798666403180574,0.6226953558505147,0.17984454383139994,0.6225586226624158
570,9.5,feeder2_1250,0.17871887455511806,0.6251175909517221,0.17869470883279814,0.6249809891555305
570,9.5,feeder2_1366,0.18562382182734158,0.5954655645826956,0.18560044205152731,0.5953108021574472
570,9.5,feeder2_1266,0.17611483736528094,0.6706211142475139,0.1760952513191417,0.6704950668993309
570,9.5,feeder2_1372,0.1869132369268352,0.75338591800342,0.18688662950897902,0.7532557363244863
570,9.5,feeder2_1363,0.1901020409966199,0.7840648795040761,0.19007591297694168,0.783935803337704
570,9.5,feeder2_1446,0.1892158187850934,0.5890207642325381,0.18919454622612397,0.5888543872364171
570,9.5,feeder2_1502,0.19203602098788938,0.5811453372032529,0.19201533249792502,0.5809638436185631
570,9.5,feeder2_1428,0.19068701654496686,0.7839152041791296,0.19066099315842522,0.7837879042511813
570,9.5,feeder2_1380,0.19435053731891047,0.8222466202260659,0.19432918083922196,0.8221145563040031
570,9.5,feeder2_1550,0.19502722799653094,0.8236150149068205,0.19500705457765308,0.8234822207437169
570,9.5,feeder2_1386,0.19637364622764492,0.8402829413547894,0.19635236479165313,0.840150652932212
570,9.5,feeder2_1551,0.19929081556872064,0.8376778559215278,0.19926401513012001,0.8375476787485789
570,9.5,feeder2_1400,0.1972153307754296,0.849430556743077,0.1971910113941008,0.8492987431982962
570,9.5,feeder2_1552,0.19780644249564097,0.8493769929576213,0.19778255214336973,0.8492481236895463
570,9.5,feeder2_1408,0.1989783702960252,0.8683807401471334,0.19895787523871492,0.8682483978075294
570,9.5,feeder2_1553,0.19906193869211825,0.8683829490356707,0.19903428674094858,0.8682511059541596
570,9.5,feeder2_1416,0.19991933802646217,0.8782536229604713,0.19989031483098968,0.8781249735301218
570,9.5,feeder2_1530,0.20170071941693068,0.9150344799276218,0.20167007164076725,0.9149047528585172
570,9.5,feeder2_1425,0.19980829420229818,0.8781444373778603,0.1997879042942176,0.8780112099988234
570,9.5,feeder2_1589,0.19986038684907825,0.878139140143965,0.19983974497692103,0.8780048011274265
570,9.5,feeder2_1435,0.1997855686290833,0.8781223878977467,0.199757286403474,0.877991331976635
570,9.5,feeder2_1621,0.19922312529867411,0.8780140609652083,0.19920001795734332,0.8778802469377691
570,9.5,feeder2_1564,0.19979024573254406,0.8781355688376284,0.19976748847406636,0.8780044249593133
570,9.5,feeder2_1704,0.1919582068403001,0.5812543591463651,0.19194138932462734,0.5810718842090918
570,9.5,feeder2_1525,0.19286066641246252,0.5793179404990972,0.19284099607885205,0.5791338990533029
570,9.5,feeder2_1716,0.1917492269431562,0.5786302127460711,0.19173226508118205,0.5784461221822422
570,9.5,feeder2_1537,0.1939084065109727,0.5775100769445106,0.1938877217754391,0.5773226394847844
570,9.5,feeder2_1645,0.19510279604211497,0.5767624287450581,0.19508248047959467,0.5765727350032065
570,9.5,feeder2_1561,0.1949683781560922,0.5758856250880928,0.19494921126110829,0.5756947949112102
570,9.5,feeder2_1657,0.19425075344473444,0.5773003932086762,0.1942266369418881,0.5771119638670894
570,9.5,feeder2_1570,0.19542772683843815,0.5748583864816379,0.19540488750712645,0.5746654804255775
570,9.5,feeder2_1756,0.19542672554092788,0.5750765792455802,0.19540666703722495,0.5748831887574278
570,9.5,feeder2_1588,0.19585537695626076,0.5738964316077273,0.19583419160926618,0.5737026715880597
570,9.5,feeder2_1628,0.19585600708074605,0.5739462959828039,0.1958350663502081,0.5737515996389058
570,9.5,feeder2_1598,0.1963939263222609,0.5726830773030459,0.1963775512750505,0.5724849550668883
570,9.5,feeder2_1816,0.1931545690353044,0.5695671879667694,0.19313201933266572,0.5693734747170496
570,9.5,feeder2_1765,0.19622499969734467,0.5725197702580211,0.19620771214293162,0.5723222399121717
570,9.5,feeder2_1641,0.1993093462206529,0.5680714086948684,0.1992893248314017,0.567863515677824
570,9.5,feeder2_1689,0.2018867312627082,0.5610229389876714,0.20187103426551328,0.5608070979817004
570,9.5,feeder2_1744,0.19803003423079724,0.5701887771697717,0.1980059268573987,0.569983886137258
570,9.5,feeder2_1817,0.2018959044061091,0.561017074492321,0.2018759971483529,0.5607998320570049
570,9.5,feeder2_1779,0.200931001318015,0.560102212793266,0.20091033530717628,0.5598854341766665
570,9.5,feeder2_1800,0.20337278484805899,0.559403038569949,0.20334928403987693,0.5591862383125601
570,9.5,feeder2_1818,0.2294490607029645,0.5515114630642894,0.22942574083904768,0.5512802002331613
570,9.5,feeder2_1753,0.19618187736935708,0.5746276942983827,0.19615835699161574,0.5744211560122335
570,9.5,feeder2_1754,0.19756060994300956,0.5706879188182183,0.1975369352516313,0.5704832642330883
600,10.0,secondary,0.07804879640343702,0.03453768297339646,0.0780512642477025,0.03454356592626355
600,10.0,feeder2_44,0.1453398465594434,0.18024809591349558,0.1453477531337645,0.1802868205958273
600,10.0,feeder2_45,0.1478713233552627,0.1859070777900793,0.14788202123111518,0.18594326147609222
600,10.0,feeder2_46,0.14538062711221103,0.18013372033754738,0.14538805163189916,0.18016676296472808
600,10.0,feeder2_51,0.15228362191935674,0.19575527672440574,0.15229539127908243,0.19579156705977624
600,10.0,feeder2_48,0.14768465817498147,0.1858453133790236,0.14769526124290125,0.18588549579794222
600,10.0,feeder2_52,0.15243677214200746,0.19598436203488648,0.15244613720482164,0.19602544134418387
600,10.0,feeder2_68,0.16475594308780767,0.22343372306670903,0.16476644015873254,0.2234831565241695
600,10.0,feeder2_69,0.18475939758697518,0.19048490698947534,0.1847697739006152,0.1905290449618913
600,10.0,feeder2_71,0.16654219442797583,0.22873924750166758,0.166554193832469,0.22878798694272295
600,10.0,feeder2_72,0.10731851218934113,0.22270051979569033,0.10732799225580097,0.22274991179007508
600,10.0,feeder2_73,0.17335150247966552,0.24815100070114848,0.17336452642903005,0.24820327883841517
600,10.0,feeder2_74,0.19189075036461184,0.27519315526522536,0.19190233646605198,0.27523956749206624
600,10.0,feeder2_77,0.17833157273281372,0.2605156257475999,0.1783443553258067,0.26056361970791936
600,10.0,feeder2_79,0.18436781381894327,0.25204370442992596,0.18438078413188463,0.2520952488592543
600,10.0,feeder2_81,0.18604942450765466,0.28316556066131787,0.1860617034048801,0.28322137759331895
600,10.0,feeder2_82,0.18598912166138173,0.28314232838089815,0.18600284026838557,0.28320181943914546
600,10.0,feeder2_116,0.22110670306861552,0.38477052790420957,0.22112175133400108,0.38483852149776604
600,10.0,feeder2_119,0.2211556966707807,0.3848386832557004,0.22117218327455931,0.3849136699459698
600,10.0,feeder2_120,0.23422172109124464,0.4223623856292369,0.23423754871514363,0.42243642403797077
600,10.0,feeder2_248,0.23416974282739986,0.42325294131512803,0.23418425698410122,0.42333116560901135
600,10.0,feeder2_124,0.24223392281348113,0.44506125092528165,0.24225142612180015,0.445141611688242
600,10.0,feeder2_282,0.23959384606030712,0.44412078772704056,0.2396083491102213,0.4441984882870377
600,10.0,feeder2_275,0.24732756328546737,0.4518045876701025,0.24734351840334876,0.45188279880565674
600,10.0,feeder2_151,0.2555205928347586,0.48084485005537936,0.2555364371849975,0.4809336549972859
600,10.0,feeder2_295,0.25580272949757993,0.47951738085613227,0.25581844226640543,0.47960688097002546
600,10.0,feeder2_311,0.25552972929410117,0.4807728636864412,0.2555482083397482,0.48085610668583795
600,10.0,feeder2_201,0.2779711109115229,0.5422619971811931,0.2779856749665319,0.5423594066682943
600,10.0,feeder2_314,0.2778954667439693,0.5422289642226719,0.2779154315919186,0.5423239285843806
600,10.0,feeder2_342,0.31000234437524155,0.6294883173046836,0.3100214690946075,0.6295971550995982
600,10.0,feeder2_368,0.3117951709072618,0.6373280130479783,0.3118146847232749,0.6374385209143154
600,10.0,feeder2_347,0.3230836794502162,0.6576949552186778,0.32310443269223893,0.6578165617571141
600,10.0,feeder2_353,0.32960667657246007,0.6717670387339548,0.3296295905406888,0.6718842581209938
600,10.0,feeder2_518,0.32301280509502084,0.6576622582149682,0.3230327528239532,0.6577803394724571
600,10.0,feeder2_365,0.3366669228436078,0.6865242009062872,0.33668985159727627,0.6866459257281042
600,10.0,feeder2_653,0.3308961348892588,0.6733860263054614,0.3309191010183057,0.6735078669681861
600,10.0,feeder2_377,0.34045933580548415,0.6949766352718377,0.3404849691046104,0.6950987001717602
600,10.0,feeder2_622,0.338060113551318,0.6848576131669986,0.3380831104113671,0.6849845684241751
600,10.0,feeder2_451,0.31015313255740995,0.6381149034336934,0.3101700892210394,0.6382284882721773
600,10.0,feeder2_383,0.31510087300159056,0.6495320639410173,0.3151225076589608,0.6496441800459162
600,10.0,feeder2_385,0.34489629446695835,0.7051552411486542,0.3449191095499605,0.7052839589332986
600,10.0,feeder2_621,0.3406279733052992,0.6935477197196699,0.34065051605456176,0.6936713625321732
600,10.0,feeder2_611,0.315766283880232,0.6509596765405207,0.3157868400664144,0.6510667096934397
600,10.0,feeder2_405,0.3152895092651198,0.6502162803332207,0.31531037925281685,0.6503236738158283
600,10.0,feeder2_461,0.36266403022858945,0.7453962921961098,0.36268902411810755,0.7455376159912438
600,10.0,feeder2_594,0.3449717726830746,0.7057177580103311,0.3449971135043712,0.7058442934447554
600,10.0,feeder2_732,0.31539327875330003,0.6516659121251194,0.31541420441871315,0.6517752991718351
600,10.0,feeder2_417,0.31664295663615616,0.6550085331586097,0.3166633134238965,0.6551184996121515
600,10.0,feeder2_663,0.31676377022699886,0.6541675921886844,0.3167839779804696,0.6542764257181669
600,10.0,feeder2_444,0.3176975702721601,0.6588874215097654,0.31771990525432786,0.6589938864907785
600,10.0,feeder2_759,0.3175557800367605,0.6588198339341466,0.3175772068050337,0.6589272358233056
600,10.0,feeder2_842,0.31788953506547224,0.6573033716780621,0.3179094682511719,0.6574146103508223
600,10.0,feeder2_459,0.3180787070059395,0.6603334808272122,0.3180981010963906,0.6604413479070819
600,10.0,feeder2_702,0.31738492974840027,0.6600570051245688,0.3174047157819608,0.6601710572610411
600,10.0,feeder2_493,0.3195870529669057,0.6659570439274393,0.3196099948569061,0.6660644378049544
600,10.0,feeder2_651,0.36266543726416534,0.7453613966495868,0.36268717031245246,0.745503203245425
600,10.0,feeder2_684,0.3771460748749223,0.7782571045791155,0.3771729963773669,0.7784048879257145
600,10.0,feeder2_674,0.32259809434859277,0.6697793628387052,0.3226202599274924,0.6698892183888149
600,10.0,feeder2_696,0.3195039199450612,0.6652814096466644,0.31952685534891445,0.6653879007838305
600,10.0,feeder2_681,0.3226567897378864,0.6698508007613154,0.3226760850066366,0.669957607369024
600,10.0,feeder2_682,0.3351074613402521,0.6854876936893932,0.33512742561690745,0.6856008284944214
600,10.0,feeder2_728,0.3774232796477284,0.7797785229542328,0.3774484176616352,0.7799300888326433
600,10.0,feeder2_724,0.39133037824984834,0.8084579056331543,0.39135961534668207,0.8086124773438671
600,10.0,feeder2_703,0.3195120151898304,0.6651752160126176,0.319530253515536,0.6652834007060812
600,10.0,feeder2_704,0.31953389883582106,0.6650301359085229,0.31955413317058323,0.6651404552304897
600,10.0,feeder2_754,0.39125524342776935,0.80842667952366,0.3912811490463827,0.8085874424513723
600,10.0,feeder2_747,0.3971294048315292,0.8208184677051965,0.3971581782885206,0.8209743973536127
600,10.0,feeder2_828,0.37827850627679216,0.7808195567641232,0.37830348305911293,0.7809650917310335
600,10.0,feeder2_763,0.37741268578094944,0.7804579754527575,0.3774360453293993,0.7806089794773535
600,10.0,feeder2_836,0.39712967346833905,0.8207472849495477,0.39715865578311804,0.8209055977465416
600,10.0,feeder2_758,0.4021246168588748,0.8314845678153051,0.40215163920840175,0.8316449506336411
600,10.0,feeder2_788,0.4020747667363964,0.8314657023757394,0.40210159016375857,0.8316254739055164
600,10.0,feeder2_812,0.41750834580373,0.864352908007523,0.4175354615611033,0.8645240904410819
600,10.0,feeder2_947,0.37725833345104115,0.7803924584070512,0.3772822732037145,0.7805410609037141
600,10.0,feeder2_868,0.37502638801444754,0.7806850498606426,0.37505318205429083,0.7808340561169418
600,10.0,feeder2_785,0.37785178560741217,0.7808860243758067,0.37787755471349754,0.7810284343173153
600,10.0,feeder2_1176,0.38092115478663546,0.7763878003903835,0.3809481398385895,0.7765363571950575
600,10.0,feeder2_846,0.37967312237461937,0.7835308672393533,0.379699008685225,0.7836775286589986
600,10.0,feeder2_911,0.3776828758534994,0.7804034276705519,0.37770817128696305,0.7805508100712737
600,10.0,feeder2_1107,0.42150522141808106,0.8829854807249926,0.4215321918479452,0.8831564408148662
600,10.0,feeder2_920,0.4207174729414043,0.868432733702205,0.4207461189122053,0.8686074819139754
600,10.0,feeder2_926,0.4254902991500305,0.8744873032386701,0.42552045803563326,0.874660135280884
600,10.0,feeder2_1239,0.42072816675285085,0.8684837380214496,0.4207591906206995,0.8686547768547546
600,10.0,feeder2_933,0.42778895854514565,0.8766618507520267,0.4278194751983663,0.8768417888293119
600,10.0,feeder2_1146,0.4246149864619601,0.8769049186742813,0.4246439026362258,0.8770800551672311
600,10.0,feeder2_1124,0.4285477169594711,0.8755819923694277,0.42857856802925853,0.8757608699895861
600,10.0,feeder2_942,0.4335488166714716,0.8831752936982099,0.43357961517675797,0.8833535216332249
600,10.0,feeder2_952,0.44261701543717435,0.8910887358840692,0.44265123524653255,0.8912749774720051
600,10.0,feeder2_965,0.4334748531602567,0.8833968362919591,0.4335075879609467,0.8835791971011621
600,10.0,feeder2_961,0.443687220621851,0.8917897738379279,0.44372145880540714,0.8919772163551387
600,10.0,feeder2_963,0.4425975152048783,0.8911217507025511,0.442631460424507,0.8913106568222837
600,10.0,feeder2_973,0.44789747447685796,0.8885462835018537,0.4479302864736322,0.8887353213798487
600,10.0,feeder2_1128,0.4462496555209964,0.9038597943462864,0.44628225223467605,0.9040456363975529
600,10.0,feeder2_1113,0.4410555208981764,0.8923016885323132,0.4410889964713327,0.8924919511383097
600,10.0,feeder2_1143,0.4423595654851271,0.8903038180064792,0.442391144615794,0.8904961518000736
600,10.0,feeder2_1238,0.4284711544247576,0.887209410734867,0.4285014909075989,0.8873894434591061
600,10.0,feeder2_979,0.4334778385440268,0.883411077234913,0.43350725150702135,0.8835977019383287
600,10.0,feeder2_1236,0.4542564392462961,0.8841778361780366,0.45429118784567346,0.88437338413123
600,10.0,feeder2_989,0.44789683748642645,0.8885419954248578,0.4479297576436421,0.8887328790458501
600,10.0,feeder2_1196,0.43352801784503453,0.8834697689055929,0.4335573251613721,0.8836559287825844
600,10.0,feeder2_1158,0.4479340903579548,0.8879583492540551,0.44796654609070874,0.888151012953693
600,10.0,feeder2_1122,0.4231629193374946,0.8908451479903986,0.4231905541681026,0.8910163805836303
600,10.0,feeder2_1258,0.42152761952622975,0.8821764855995704,0.4215582606034252,0.8823467958877512
600,10.0,feeder2_1303,0.42145945686743197,0.8902599721586529,0.4214885000833548,0.8904306766536582
600,10.0,feeder2_1138,0.42454585438643466,0.8973178824398761,0.424572665003082,0.8974910347281518
600,10.0,feeder2_1304,0.4245858628507776,0.8973654778638006,0.42461406175826427,0.8975391062957824
600,10.0,feeder2_1212,0.4274662428073424,0.9109840537475832,0.42749883589765547,0.911152980973224
600,10.0,feeder2_1311,0.42736631487329857,0.9109457787582088,0.4273947791053832,0.9111200601847049
600,10.0,feeder2_1290,0.4310883118233925,0.9279249598040582,0.4311195010228329,0.9280979478184938
600,10.0,feeder2_1325,0.4631554400803336,0.8794152156140749,0.46318876191748626,0.8796174308332523
600,10.0,feeder2_1248,0.45425670855539435,0.8841715989595775,0.45429123070146754,0.8843678003764975
600,10.0,feeder2_1249,0.4277043269291388,0.8877967814980378,0.42773543808847175,0.8879787968225195
600,10.0,feeder2_1250,0.4268137229633202,0.8884796188381757,0.42684459585948903,0.8886649621442697
600,10.0,feeder2_1366,0.45425910775688283,0.8840736320114314,0.4542930607747891,0.8842717365080361
600,10.0,feeder2_1266,0.42155444882477416,0.8814137186058079,0.42158401521936095,0.8815798766155217
600,10.0,feeder2_1372,0.43039786406021574,0.9274310543948415,0.4304256285481751,0.9276038089288356
600,10.0,feeder2_1363,0.43506071520297374,0.946942151812793,0.4350916228658055,0.94711207863765
600,10.0,feeder2_1446,0.4618411294403,0.8803950860417529,0.46187498743078587,0.8806012976127092
600,10.0,feeder2_1502,0.47356711721093236,0.8729434001113564,0.4736038409570841,0.8731523652359999
600,10.0,feeder2_1428,0.4365531006168025,0.94876139358434,0.43658395044457166,0.9489350984874115
600,10.0,feeder2_1380,0.4392600400831275,0.9671077092208501,0.43928671931553137,0.9672818670661956
600,10.0,feeder2_1550,0.4392056038574709,0.9670877087994205,0.4392335939320045,0.9672617348847862
600,10.0,feeder2_1386,0.44131458161629855,0.9769762418846306,0.44134463610403013,0.9771478678009435
600,10.0,feeder2_1551,0.44141820639638835,0.9770977657726405,0.44144763776464213,0.9772678392484888
600,10.0,feeder2_1400,0.44228539430294445,0.9816406444481375,0.44231457775077637,0.9818104347139404
600,10.0,feeder2_1552,0.4432649818904339,0.9828166600851806,0.44329472591264163,0.9829881176120427
600,10.0,feeder2_1408,0.44416703734961704,0.9906905084778351,0.4441979377027527,0.9908589803678542
600,10.0,feeder2_1553,0.4444475249930471,0.9917654622989704,0.44447885245899366,0.9919389408228809
600,10.0,feeder2_1416,0.44507481329834075,0.9951194429620497,0.44510299388878566,0.9952910786916369
600,10.0,feeder2_1530,0.4417397321367584,0.9942998620406271,0.44176641429769503,0.9944745486314959
600,10.0,feeder2_1425,0.447044950933755,1.0041973159271558,0.4470750161359967,1.0043660117773714
600,10.0,feeder2_1589,0.4621823878686887,1.0228597201984237,0.4622108655364523,1.0230366135029516
600,10.0,feeder2_1435,0.4470556542634475,1.0042110492759937,0.44708381926666546,1.0043787762229175
600,10.0,feeder2_1621,0.44706268363130874,1.0027712557773727,0.4470944221407468,1.002943618440085
600,10.0,feeder2_1564,0.44744368841608245,1.0058388071700257,0.4474728791170614,1.0060157253824151
600,10.0,feeder2_1704,0.47356667253568585,0.8729098556420573,0.47360095139184333,0.873118695646903
600,10.0,feeder2_1525,0.47624661520259004,0.8712908032618988,0.4762850589156861,0.8715027289093088
600,10.0,feeder2_1716,0.4763320752033273,0.8694557616954646,0.4763701267209293,0.8696658323101693
600,10.0,feeder2_1537,0.4792840238586768,0.8697008113578528,0.4793206054064155,0.8699151533855127
600,10.0,feeder2_1645,0.4919225819838848,0.8849168811773457,0.4919608650885441,0.8851313421673959
600,10.0,feeder2_1561,0.4808708251445699,0.8592500039236463,0.4809098957474075,0.8594687128431927
600,10.0,feeder2_1657,0.4796415626151092,0.8597271507395837,0.47968039314332706,0.8599432346352363
600,10.0,feeder2_1570,0.4816153499463883,0.8546568962633363,0.4816503594672909,0.8548774757654938
600,10.0,feeder2_1756,0.48142523867256753,0.8545928741072618,0.4814620834764633,0.8548103876210215
600,10.0,feeder2_1588,0.4823124187019646,0.850372211939677,0.4823512174025362,0.8505917491973408
600,10.0,feeder2_1628,0.48226909124213324,0.8503566617701732,0.4823082301627638,0.8505759710374969
600,10.0,feeder2_1598,0.4831943152793868,0.8449679386953626,0.48323293749985946,0.8451907755821353
600,10.0,feeder2_1816,0.48335978690540954,0.841204708838252,0.4833990232724005,0.8414257480125913
600,10.0,feeder2_1765,0.4831887943928917,0.844831622490084,0.4832257770610442,0.8450569043228826
600,10.0,feeder2_1641,0.4876929035188251,0.8196203032932516,0.4877318117181404,0.8198445692225945
600,10.0,feeder2_1689,0.4917390523252685,0.7989711219007277,0.491780392915667,0.7992031677765329
600,10.0,feeder2_1744,0.4865207948142171,0.8192197191166952,0.4865587136623355,0.8194454383793095
600,10.0,feeder2_1817,0.491911048488007,0.7995672562070536,0.49195043716126297,0.7998032941536324
600,10.0,feeder2_1779,0.4917398067879579,0.798941384107044,0.49177896696602313,0.7991705677387271
600,10.0,feeder2_1800,0.49178735712080796,0.7990274888874219,0.4918284027796063,0.7992558320685678
600,10.0,feeder2_1818,0.5251115238936045,0.7519889534340112,0.5251596444390109,0.7522321295927678
600,10.0,feeder2_1753,0.48408045141844896,0.8185114278368538,0.48411763924080375,0.8187406598653435
600,10.0,feeder2_1754,0.48624189181180544,0.8190987961523781,0.4862778929948818,0.8193278169494871
630,10.5,secondary,0.01561643387310214,0.008821431026478432,0.015585723454042104,0.008778109661808106
630,10.5,feeder2_44,0.029079991185176273,0.04603736374674808,0.029023854066516076,0.04580772543517889
630,10.5,feeder2_45,0.029604777761157677,0.047268931154554994,0.02954905091894283,0.04703224568918295
630,10.5,feeder2_46,0.026893872632540942,0.048363892419793234,0.026837695872096504,0.04813098702146943
630,10.5,feeder2_51,0.030514537425765296,0.04941199453666424,0.03045721034703129,0.04916125153920849
630,10.5,feeder2_48,0.029763508799549445,0.04721503854015091,0.029709245884482097,0.046976496691976614
630,10.5,feeder2_52,0.03031891205839833,0.04924742339734194,0.030261597265523642,0.04899016635916101
630,10.5,feeder2_68,0.03310005473293333,0.055509765271151944,0.033035562636199306,0.05522729759942918
630,10.5,feeder2_69,0.057852190922899206,0.1054298561901658,0.05780580611211156,0.10514012455417983
630,10.5,feeder2_71,0.033150966204353385,0.053874435310942104,0.033090418372184224,0.0535852706437296
630,10.5,feeder2_72,0.09143760012043241,0.0710923138254519,0.0913850704219998,0.07097979364695543
630,10.5,feeder2_73,0.03255659344644877,0.05070701374084985,0.03249311764226988,0.05039954894514718
630,10.5,feeder2_74,0.019060321345770903,0.043454768573503326,0.019014429896873672,0.04318015040062438
630,10.5,feeder2_77,0.03274081903844181,0.050344620115767284,0.032674795630351694,0.05002953584727121
630,10.5,feeder2_79,0.03155074590160035,0.052808642786622055,0.03148151070645673,0.052491347156496775
630,10.5,feeder2_81,0.03302650478674058,0.04901930159191948,0.0329582168019361,0.04868047464565264
630,10.5,feeder2_82,0.03307746950788583,0.04898826108971728,0.03301086495262322,0.0486510748032391
630,10.5,feeder2_116,0.034325185479374194,0.04724174347661187,0.03424515038617831,0.046878950800956706
630,10.5,feeder2_119,0.03394429392772522,0.04718806132275822,0.03386326199770592,0.04682742357013518
630,10.5,feeder2_120,0.034867065817024395,0.04841287962169398,0.03478248617094223,0.04805948241342358
630,10.5,feeder2_248,0.034754611229406256,0.048400968835561005,0.03467213721530156,0.04805338612280461
630,10.5,feeder2_124,0.03521271631542583,0.04956302592389872,0.035125374726082445,0.049225127173592884
630,10.5,feeder2_282,0.03689063339923931,0.04761254987764719,0.036803440942215916,0.04726500561603108
630,10.5,feeder2_275,0.03487267140429584,0.05060750737905023,0.03478356587093641,0.050277570466703655
630,10.5,feeder2_151,0.035849755898252546,0.052768734584195,0.03575488067820562,0.05245987635312866
630,10.5,feeder2_295,0.03609955283525835,0.05390707825651879,0.036004491111420754,0.05358916744891152
630,10.5,feeder2_311,0.035874999526853996,0.05286369091503856,0.03578007301448756,0.05255191321521087
630,10.5,feeder2_201,0.03661980257298953,0.058088236318187846,0.03652055933644387,0.057851352995145884
630,10.5,feeder2_314,0.03668126341558018,0.05800067977114702,0.03657814104660013,0.0577612024792513
630,10.5,feeder2_342,0.03774101471221387,0.06916314423600173,0.037628696118379504,0.06903467621627703
630,10.5,feeder2_368,0.03695943722018008,0.06762865364191575,0.03684600957829861,0.06752454207108122
630,10.5,feeder2_347,0.03970550785093875,0.07829707827323758,0.03958675080175177,0.07818799445024625
630,10.5,feeder2_353,0.04070245545852057,0.08299078107231336,0.04057990961360759,0.08288604304538158
630,10.5,feeder2_518,0.03986268230397396,0.07806184911969168,0.03974440697860924,0.07795135044304753
630,10.5,feeder2_365,0.041939206639034596,0.08789847327558507,0.04181093966556441,0.08779662522415697
630,10.5,feeder2_653,0.039697709102200336,0.08366152289091641,0.03957247049675429,0.08356485609457343
630,10.5,feeder2_377,0.04261623113245337,0.09056067692444508,0.042487965732458596,0.09046518836796719
630,10.5,feeder2_622,0.041951554636760716,0.08791406208758515,0.041824352662905497,0.08781437909059558
630,10.5,feeder2_451,0.03722438150592723,0.06722635835044234,0.03711087258094023,0.06712113555755143
630,10.5,feeder2_383,0.03570670890376046,0.06561972381119027,0.03559247809902144,0.06554671952542175
630,10.5,feeder2_385,0.043317262842510466,0.09339194176315749,0.043187341822618075,0.09330001753911793
630,10.5,feeder2_621,0.043102561093183736,0.09114691145927695,0.042974574254704974,0.09103641832173205
630,10.5,feeder2_611,0.035004991242430325,0.06613702669760065,0.03489525137260107,0.0660719373342573
630,10.5,feeder2_405,0.03564169304260552,0.06547624223373391,0.035530722261783526,0.06540804446707446
630,10.5,feeder2_461,0.04623034858140421,0.10487974047213208,0.046091000759160804,0.10480969745252312
630,10.5,feeder2_594,0.043240797022161555,0.09343796528563021,0.04311053995432043,0.09334682149095962
630,10.5,feeder2_732,0.03501863926771564,0.06824299861052387,0.03490961533320326,0.0681723027301868
630,10.5,feeder2_417,0.03525085423125403,0.06381015388244603,0.035141446940285356,0.06375727870291135
630,10.5,feeder2_663,0.03467918828891269,0.06372951532507364,0.034564138776678334,0.0636433341609295
630,10.5,feeder2_444,0.034938740845892595,0.06255874912536662,0.034830216930225325,0.06252790220339341
630,10.5,feeder2_759,0.03506313022881664,0.06239032272734812,0.034954716522352165,0.06235848165605928
630,10.5,feeder2_842,0.035454250845491496,0.06358602159944793,0.035341770863151094,0.06352153529834942
630,10.5,feeder2_459,0.0348086548779745,0.06208016649026741,0.034695241447002104,0.06205604514310992
630,10.5,feeder2_702,0.04480941436514655,0.05042885906084856,0.04470734690944308,0.05045049300362645
630,10.5,feeder2_493,0.033552972758817745,0.06508891706934784,0.033440964460535565,0.06509362317244234
630,10.5,feeder2_651,0.04625044722264688,0.10489941585533617,0.04611148465676339,0.10482869055081802
630,10.5,feeder2_684,0.04863109016488794,0.11425624323289198,0.048481790681570276,0.1142032040298633
630,10.5,feeder2_674,0.031093510687816357,0.0674419494346112,0.0309847168683141,0.0674640861597725
630,10.5,feeder2_696,0.03343232185538225,0.06445064948400384,0.03332157822640104,0.06443956630953002
630,10.5,feeder2_681,0.03103108187125688,0.0674916805085688,0.03092187159427068,0.06751250935648442
630,10.5,feeder2_682,0.021988016292883397,0.07754427880380123,0.021893438875068862,0.07762762082726125
630,10.5,feeder2_728,0.048335750998579965,0.11432568794205285,0.04818989751056213,0.11428515538944665
630,10.5,feeder2_724,0.051757810685127394,0.12378422305935391,0.05160393029056056,0.1237152856290585
630,10.5,feeder2_703,0.033460521727544046,0.06450325142230084,0.03334749244101772,0.06448916660094187
630,10.5,feeder2_704,0.033087918178842476,0.06415904281409858,0.032978307897835915,0.06414203925636663
630,10.5,feeder2_754,0.0518046935105415,0.12369187480174956,0.05164639755992073,0.12362199023914276
630,10.5,feeder2_747,0.05304928702290652,0.12773076473266162,0.05289291147711185,0.12765588009732456
630,10.5,feeder2_828,0.047600434460836574,0.11485914413844123,0.04745393435018976,0.11482401944787725
630,10.5,feeder2_763,0.04821474593335938,0.11374172596563786,0.048064464965868525,0.11371111087099453
630,10.5,feeder2_836,0.053097620762275435,0.12777129814681912,0.052940044062234425,0.12769621252644411
630,10.5,feeder2_758,0.0541581195763164,0.1311062505150984,0.05400083018154781,0.1310282601146656
630,10.5,feeder2_788,0.054188897236033616,0.1310457847001003,0.05403128530787417,0.13096817977353295
630,10.5,feeder2_812,0.05760274445839015,0.14158070400003647,0.05743508725543296,0.14148812130283756
630,10.5,feeder2_947,0.048524968288979654,0.1132266941977721,0.048375213256083224,0.1131984985210924
630,10.5,feeder2_868,0.049507999006163816,0.11225999066904063,0.04936111385213197,0.11223765346020469
630,10.5,feeder2_785,0.047952249437837095,0.11460696331794282,0.04780589295737849,0.11458355426009728
630,10.5,feeder2_1176,0.04841077519523779,0.11497971674413358,0.04826243336560922,0.11494852614942243
630,10.5,feeder2_846,0.04609977700113819,0.11641598729175573,0.04595034709608542,0.11640058209616828
630,10.5,feeder2_911,0.047990643652292886,0.11419119505682483,0.04784345321814663,0.11416612831993596
630,10.5,feeder2_1107,0.06004524053022217,0.1333551581525745,0.059878502594404144,0.1332367218291811
630,10.5,feeder2_920,0.0579235058631225,0.14680086413325022,0.05775623922327298,0.1467155034036772
630,10.5,feeder2_926,0.05844695161696366,0.15456053226754385,0.05827712837792816,0.15447905458623304
630,10.5,feeder2_1239,0.05791456577359994,0.14682761867399044,0.05774262878752756,0.1467423353638429
630,10.5,feeder2_933,0.058650130506264476,0.15814358348078142,0.058475387174687664,0.15805926486732166
630,10.5,feeder2_1146,0.058650693234097155,0.15387187490614637,0.058475078745101605,0.15379466329165048
630,10.5,feeder2_1124,0.058784363879443684,0.15824384612978432,0.05861043686114534,0.15816052403857653
630,10.5,feeder2_942,0.05916369093574691,0.16710455694988266,0.05898479241891938,0.16702420115466404
630,10.5,feeder2_952,0.059877779667194604,0.18086026107524933,0.059695506716581005,0.18077617659143022
630,10.5,feeder2_965,0.05918383272680784,0.16703538479002786,0.059008358775861566,0.16695537102908842
630,10.5,feeder2_961,0.059951607267940736,0.18252348319622394,0.05976695852729251,0.18243712070307
630,10.5,feeder2_963,0.05988026964215639,0.18082215535440066,0.059696018555939326,0.1807362361687677
630,10.5,feeder2_973,0.06132900704147106,0.18791636049691884,0.061143650761952904,0.1877995574053365
630,10.5,feeder2_1128,0.05828698325373486,0.18874277040468693,0.05810772832943774,0.188701662149285
630,10.5,feeder2_1113,0.060380120041749266,0.180570265383858,0.06019694759387745,0.18048955285912643
630,10.5,feeder2_1143,0.05981476872473746,0.1790495231037508,0.05962942371465789,0.178966404888613
630,10.5,feeder2_1238,0.06127383566386168,0.16603223808137837,0.061098005398591525,0.16596452428078737
630,10.5,feeder2_979,0.05918147330860895,0.1670428532581143,0.05900322742885298,0.16696455128130328
630,10.5,feeder2_1236,0.06320767916093491,0.19564917082663782,0.06301715352743172,0.19549741804385182
630,10.5,feeder2_989,0.061330997173600396,0.18792089588447194,0.06114657439960965,0.1878078288438517
630,10.5,feeder2_1196,0.05912559218953514,0.1670783680374049,0.05894691075784636,0.16700116372993834
630,10.5,feeder2_1158,0.0620774586436182,0.1883855960373955,0.061893461134583064,0.1882653218373542
630,10.5,feeder2_1122,0.060040861483628256,0.12789758838619372,0.059873486781847375,0.12781071847616476
630,10.5,feeder2_1258,0.0629377530286643,0.13577509033001978,0.06276814017474956,0.13560389338707993
630,10.5,feeder2_1303,0.0681906458312185,0.11526842420786002,0.06802546779500511,0.11520578458677867
630,10.5,feeder2_1138,0.05994701608833063,0.12824315346357612,0.059776655168630226,0.12817876552661422
630,10.5,feeder2_1304,0.05964601325902911,0.12845758390106035,0.05947878328814763,0.12839969060297218
630,10.5,feeder2_1212,0.05980619877987545,0.12903399789942022,0.05963721705491058,0.12901748347412317
630,10.5,feeder2_1311,0.06146536421062044,0.12836182606762944,0.06129846919126832,0.12836078113300375
630,10.5,feeder2_1290,0.059387240151937144,0.13101549421966532,0.05922048322636608,0.13104743635231603
630,10.5,feeder2_1325,0.06286641917790134,0.19948048337266733,0.06267080639318899,0.19936085820991115
630,10.5,feeder2_1248,0.06324956235966867,0.1956760737281381,0.06305972836432261,0.1955234983505842
630,10.5,feeder2_1249,0.061873636771074166,0.1657689777823748,0.061693260240326564,0.16570466347980256
630,10.5,feeder2_1250,0.06129807602171389,0.16597262666445653,0.06112229339431803,0.165907660841986
630,10.5,feeder2_1366,0.063335937742122,0.19573358119123613,0.0631487149083788,0.1955827171705368
630,10.5,feeder2_1266,0.06657241539668343,0.13875935961992256,0.06640634633049763,0.13854429850700287
630,10.5,feeder2_1372,0.060776217506479414,0.13003394449610453,0.06061073564102711,0.1300766490794806
630,10.5,feeder2_1363,0.05865112151357364,0.13493794677432158,0.05848707871894303,0.1350112715264733
630,10.5,feeder2_1446,0.06406339172462149,0.19887875889548473,0.06386896889895038,0.19876801651659612
630,10.5,feeder2_1502,0.06226834125442999,0.20486404259920193,0.062068759012922435,0.20477243058061328
630,10.5,feeder2_1428,0.056712404080561336,0.1374165280585052,0.056545933011425596,0.1374930886262243
630,10.5,feeder2_1380,0.05860863571193612,0.13602092220158696,0.05844203006949841,0.1361262263525593
630,10.5,feeder2_1550,0.06050900498893359,0.13553890012510622,0.0603407995892411,0.13565858796776595
630,10.5,feeder2_1386,0.05840202005858355,0.1369311608112379,0.05823534116139227,0.13704422150991
630,10.5,feeder2_1551,0.05828755731819882,0.13702179089236152,0.05812114916460877,0.1371353169264342
630,10.5,feeder2_1400,0.05830945237721144,0.13734850041501154,0.058141440063330274,0.1374657175313536
630,10.5,feeder2_1552,0.05651329643747074,0.13886366545283893,0.0563469954074114,0.1389906085877775
630,10.5,feeder2_1408,0.058311067988100054,0.13749608791219914,0.05814661472359291,0.13761980559726467
630,10.5,feeder2_1553,0.0581831678127123,0.1375956658218724,0.058016770429689446,0.1377160886519925
630,10.5,feeder2_1416,0.058318192532969035,0.1375532856184404,0.058151637775175284,0.1376786017063847
630,10.5,feeder2_1530,0.06101883572958369,0.13492334902660816,0.06085698004283619,0.1350644668757227
630,10.5,feeder2_1425,0.05817143392439333,0.13915350563675574,0.058005460793122424,0.1392739844869443
630,10.5,feeder2_1589,0.05661233271000998,0.14168953087399755,0.05644844909431096,0.1418090460676479
630,10.5,feeder2_1435,0.058189740427635986,0.1392340499201644,0.05802600056089119,0.1393547845241305
630,10.5,feeder2_1621,0.05886852337736309,0.13961216550803587,0.05869931954707981,0.13971695384440946
630,10.5,feeder2_1564,0.05808346695028569,0.13960934720634285,0.05791811327173894,0.13972955806233298
630,10.5,feeder2_1704,0.06230086517268784,0.2048828383098807,0.06210290942969225,0.20479138773624833
630,10.5,feeder2_1525,0.062116788118748004,0.20625896547869219,0.061913503978125166,0.20617364929953896
630,10.5,feeder2_1716,0.06310237671371222,0.20680771603340328,0.06290093849283755,0.20671598528283777
630,10.5,feeder2_1537,0.06190412466089697,0.2077277995629356,0.06169950399695568,0.20765576831229127
630,10.5,feeder2_1645,0.048650544710254054,0.2174941072971769,0.04844852603741404,0.217479063539339
630,10.5,feeder2_1561,0.06290511978903249,0.20471327330438918,0.06270025185278552,0.20461149419312993
630,10.5,feeder2_1657,0.06306755325426994,0.20421162104584276,0.0628575865336925,0.20411059008928525
630,10.5,feeder2_1570,0.06334374987554418,0.20356877762445744,0.06313931404185195,0.20345260695845846
630,10.5,feeder2_1756,0.06636203296633926,0.20203116498076884,0.06614964150596744,0.2019335244573148
630,10.5,feeder2_1588,0.06372500692694423,0.20263597300529462,0.06351644444258839,0.20250825285131813
630,10.5,feeder2_1628,0.06373933593327463,0.20258231337050475,0.06353000706584014,0.20245405487069848
630,10.5,feeder2_1598,0.06420809562049623,0.20150383764107427,0.06399915478968157,0.2013572472063813
630,10.5,feeder2_1816,0.09772766717273176,0.222097521792747,0.0975418951595447,0.22170394633060456
630,10.5,feeder2_1765,0.06434335252784279,0.20159220191263474,0.06413811026435332,0.20144280979112905
630,10.5,feeder2_1641,0.06386949454977064,0.18978841815463257,0.0636525995022817,0.18963963270892548
630,10.5,feeder2_1689,0.06391096466118572,0.1895073251506344,0.06368970603617749,0.18934930025182709
630,10.5,feeder2_1744,0.06625231403357892,0.18380396372665453,0.06603471719278911,0.18366280204485264
630,10.5,feeder2_1817,0.06389732548256231,0.18955031473024053,0.06367254662472421,0.18939224867279364
630,10.5,feeder2_1779,0.06359224411147617,0.18884174513000884,0.06337336222991712,0.18867369114456345
630,10.5,feeder2_1800,0.06385705192124687,0.18954085410792376,0.06363652478380083,0.18938174228837637
630,10.5,feeder2_1818,0.06409242027050979,0.18914441447761968,0.0638294798909184,0.188991544215452
630,10.5,feeder2_1753,0.07590054628903757,0.16545820802186265,0.07568239447169997,0.16533783659876525
630,10.5,feeder2_1754,0.06631333410102329,0.18365915757466314,0.06609388949067001,0.18351392712708883
660,11.0,secondary,0.045105811640722415,0.05041978928583363,0.04511179537720347,0.05042943889544613
660,11.0,feeder2_44,0.08402808117022828,0.26324005349219337,0.08403816762959779,0.2632908437049566
660,11.0,feeder2_45,0.0854899683790643,0.27148330698506307,0.08550253953312698,0.2715341294165025
660,11.0,feeder2_46,0.08408193948143934,0.2634020084375665,0.08408913510129168,0.2634595190200395
660,11.0,feeder2_51,0.08802483968927331,0.28584748873912386,0.08803437633460987,0.2859103948863189
660,11.0,feeder2_48,0.08630238955241734,0.27111173395746974,0.08631394218295384,0.2711637415084043
660,11.0,feeder2_52,0.08673308663504635,0.2862100027636842,0.08674294381518612,0.28627089176492276
660,11.0,feeder2_68,0.09543160960095114,0.32638287533439225,0.09544484162402632,0.3264443509034772
660,11.0,feeder2_69,0.09549734506025132,0.3265634005289659,0.09550766008554669,0.32662881375762925
660,11.0,feeder2_71,0.09641592826550492,0.33175138406818405,0.09642857276179127,0.33182184540873383
660,11.0,feeder2_72,0.09656157012969334,0.3317119133958392,0.09657254707897414,0.33177857519302273
660,11.0,feeder2_73,0.09950213576019036,0.3485629526158657,0.09951190387357423,0.3486364286170338
660,11.0,feeder2_74,0.097084057810383,0.347397484128915,0.09709577074343757,0.3474663130441389
660,11.0,feeder2_77,0.1022652858530563,0.36323584724738567,0.10227629580182185,0.36331310323355653
660,11.0,feeder2_79,0.10136815378445156,0.37334555337944036,0.10137918317999121,0.37341888690495273
660,11.0,feeder2_81,0.10631673961857824,0.3826001422134015,0.10632930346658538,0.3826759287859318
660,11.0,feeder2_82,0.10635566285650008,0.3825906117488709,0.10637051841711856,0.38266606141226606
660,11.0,feeder2_116,0.12451648253086398,0.46977768703400247,0.12453052742567891,0.46987378915317257
660,11.0,feeder2_119,0.12331530363357014,0.4695186693662619,0.1233314721247292,0.46961801847713885
660,11.0,feeder2_120,0.13150162702249393,0.5024675282573171,0.13151489856684798,0.5025780443184995
660,11.0,feeder2_248,0.13107618292700754,0.502109960391591,0.13109308286170943,0.502218409770083
660,11.0,feeder2_124,0.13583570180753665,0.5227616902322508,0.1358547407772629,0.5228695111307676
660,11.0,feeder2_282,0.13741084282008886,0.5225507489407692,0.13742717579628863,0.522661791348995
660,11.0,feeder2_275,0.1343285115353303,0.5228540824206892,0.13434167252652973,0.5229683088519987
660,11.0,feeder2_151,0.14375461518720928,0.5582808408755912,0.14377191582811863,0.5583981159411672
660,11.0,feeder2_295,0.1445658954133197,0.5600226014190228,0.14458378333842148,0.560143315256576
660,11.0,feeder2_311,0.14380605446428754,0.5583880892859999,0.14382602794923566,0.5585068539870641
660,11.0,feeder2_201,0.1564370068671625,0.6149882655118402,0.156458767467153,0.6151208416526841
660,11.0,feeder2_314,0.15782671325653302,0.6137540208189198,0.1578473154385956,0.6138822567356165
660,11.0,feeder2_342,0.17394671604115325,0.6981704356514719,0.17397013776118345,0.6983217441660846
660,11.0,feeder2_368,0.17944222259363138,0.7225042828871334,0.17946463433614682,0.7226529037473329
660,11.0,feeder2_347,0.17348207605377444,0.6950198684308985,0.17350243307456073,0.6951865710687092
660,11.0,feeder2_353,0.17316806208617097,0.6945092778281691,0.17319276699001251,0.694679158562287
660,11.0,feeder2_518,0.1752884148579373,0.6939289929037035,0.17530978568138034,0.6940957492553778
660,11.0,feeder2_365,0.17295085477981964,0.6947878735752693,0.17297548850521302,0.6949630125841584
660,11.0,feeder2_653,0.17230302742249715,0.6937270625046478,0.17232531620707758,0.6938979182965224
660,11.0,feeder2_377,0.17285480420102006,0.6947074778624025,0.17287713412594358,0.6948889138646619
660,11.0,feeder2_622,0.1720817675346631,0.6963405524493553,0.17210422785686147,0.696517172777261
660,11.0,feeder2_451,0.17975203725455663,0.7224789625729823,0.1797747814008582,0.722628705056424
660,11.0,feeder2_383,0.18866461169877807,0.7624382986159233,0.18868602652175498,0.762590912693861
660,11.0,feeder2_385,0.17264451571437725,0.6942423905498954,0.17266938015281216,0.6944237991968767
660,11.0,feeder2_621,0.17365195704615344,0.6964048627719938,0.17367923592224638,0.6965780337311138
660,11.0,feeder2_611,0.18813387524597872,0.7619660667535164,0.1881559092854974,0.7621155771256055
660,11.0,feeder2_405,0.1892622197835379,0.7649833569117728,0.18928629364720245,0.7651326530309284
660,11.0,feeder2_461,0.17209870851840267,0.6946991041113908,0.17212821938191522,0.6948911869856524
660,11.0,feeder2_594,0.17236805558409685,0.6939812948692009,0.1723908754034704,0.6941655024723565
660,11.0,feeder2_732,0.18911074853337612,0.7648534378524653,0.18913160040320817,0.7650039939649194
660,11.0,feeder2_417,0.19382058935085744,0.7842626812152,0.19383883923414302,0.7844144704839325
660,11.0,feeder2_663,0.2236537840705681,0.8349091234071491,0.22366891848554984,0.8350659099399188
660,11.0,feeder2_444,0.19394504603986698,0.7841055328697076,0.19396276308153415,0.7842645158922863
660,11.0,feeder2_759,0.19634773776624734,0.7819236211874682,0.19637141141251863,0.7820714472797298
660,11.0,feeder2_842,0.19563555655391232,0.7873698761885295,0.19565437250237774,0.7875261133422338
660,11.0,feeder2_459,0.19390753327774016,0.7839994161320458,0.19392671690390245,0.7841526057265872
660,11.0,feeder2_702,0.1943906694648388,0.783665219414881,0.19441347257427277,0.7838158694712635
660,11.0,feeder2_493,0.1937263034435842,0.7837129073423561,0.1937468535315285,0.7838676230792537
660,11.0,feeder2_651,0.17211659924125686,0.6947416696371931,0.1721462926229501,0.6949314143697188
660,11.0,feeder2_684,0.1718937464859667,0.697234660052566,0.1719204900840734,0.6974411358986193
660,11.0,feeder2_674,0.19326764357815307,0.7834683992040058,0.19329044249335886,0.783616122046686
660,11.0,feeder2_696,0.1938257360804235,0.7841392150926793,0.19384263824573222,0.7842960298465257
660,11.0,feeder2_681,0.19310628051452522,0.7833341222919457,0.19312694788463367,0.7834866313643236
660,11.0,feeder2_682,0.1916170705129731,0.7826628132266629,0.19164065044240391,0.78280947231898
660,11.0,feeder2_728,0.17200678926800023,0.7006753011070244,0.17203573425470486,0.7008786951872067
660,11.0,feeder2_724,0.171396192121631,0.6940026896918183,0.17142767280470078,0.6942137463206193
660,11.0,feeder2_703,0.1939197686502138,0.7843032296688313,0.19393934076541933,0.7844572304739783
660,11.0,feeder2_704,0.19388823432366464,0.7842618773565297,0.19390750419031394,0.7844175598028587
660,11.0,feeder2_754,0.17178605471689548,0.6940864066665935,0.17181853088090543,0.6942954008933508
660,11.0,feeder2_747,0.17128919630766481,0.6932380098181581,0.17132118558397233,0.6934535220502457
660,11.0,feeder2_828,0.17107067593912842,0.699726803787773,0.17109786232626334,0.6999346200759601
660,11.0,feeder2_763,0.17259049839286578,0.7072127471834898,0.17261875063041845,0.7074169281197271
660,11.0,feeder2_836,0.17030368215885627,0.6948335906848904,0.17033521980160976,0.6950534833776051
660,11.0,feeder2_758,0.17127812991181557,0.6921471801662584,0.1713113102167538,0.6923638248821973
660,11.0,feeder2_788,0.17132125361862457,0.6921661772099466,0.1713560292401097,0.6923849987494641
660,11.0,feeder2_812,0.17157894101784807,0.6904055399114329,0.17161323520032476,0.6906310605333646
660,11.0,feeder2_947,0.1767779237996839,0.7055731163000458,0.17680697595531752,0.7057780569786514
660,11.0,feeder2_868,0.17342454088778425,0.7074333296361219,0.17345573600197692,0.707636440982729
660,11.0,feeder2_785,0.17263332831780884,0.7111878640961017,0.17265953622888172,0.7113922570178487
660,11.0,feeder2_1176,0.1713074559192842,0.7355270566327347,0.1713314978489463,0.7357312011907585
660,11.0,feeder2_846,0.17115601745890183,0.7097065094347434,0.17118534453210357,0.7099059137684702
660,11.0,feeder2_911,0.17264349220302755,0.7112199003376823,0.17266964801510576,0.7114245706239517
660,11.0,feeder2_1107,0.1750246165028384,0.7029572399609829,0.17505807906645163,0.7031852250843622
660,11.0,feeder2_920,0.17079999235297777,0.6868937926934773,0.17083581185104432,0.6871205283745627
660,11.0,feeder2_926,0.1711090673619789,0.6887451031166076,0.17114452708345654,0.688981233790595
660,11.0,feeder2_1239,0.16912446618997462,0.6789568171128979,0.16915974422249894,0.6791859930053536
660,11.0,feeder2_933,0.17126399457216473,0.6896984164576964,0.17130085741578177,0.6899312232552264
660,11.0,feeder2_1146,0.171117276989507,0.6888035447034162,0.17115221140246742,0.6890341335539281
660,11.0,feeder2_1124,0.171319121712679,0.6899155333307238,0.17135336955523608,0.6901517644893413
660,11.0,feeder2_942,0.17166542228747306,0.6923440575607991,0.17170064174936597,0.6925838259897198
660,11.0,feeder2_952,0.17237939441657765,0.6971764867389334,0.17241573876147215,0.6974222948927404
660,11.0,feeder2_965,0.17166807128440692,0.6923586323939972,0.1717072096158601,0.6925936531848351
660,11.0,feeder2_961,0.17235852412436725,0.69721782880413,0.1723971006238462,0.6974605108643591
660,11.0,feeder2_963,0.17240243586745516,0.6972944223604925,0.17244044727864952,0.6975322218834269
660,11.0,feeder2_973,0.17242421728186635,0.6983370947634494,0.17246207011034592,0.6985837234204731
660,11.0,feeder2_1128,0.1720752627888885,0.6958713200492151,0.1721101713893888,0.6961165789793574
660,11.0,feeder2_1113,0.17244068647290509,0.6973193510621628,0.172477691744858,0.69755759504449
660,11.0,feeder2_1143,0.17402244176086773,0.7055734348495877,0.17405762952653922,0.7058108123744881
660,11.0,feeder2_1238,0.17234781418570916,0.6926982083643618,0.17238364742520187,0.6929383682679455
660,11.0,feeder2_979,0.17166516025805076,0.6923444901580817,0.17170247872611194,0.6925840738499589
660,11.0,feeder2_1236,0.17255816461734388,0.6988736141015842,0.172597179852801,0.6991179686995829
660,11.0,feeder2_989,0.17242431704735275,0.6983510167462151,0.17246263941074916,0.6985945831447069
660,11.0,feeder2_1196,0.17161321594027992,0.692286077637499,0.17164814196820805,0.6925236357982397
660,11.0,feeder2_1158,0.17149294796684647,0.7001908180759675,0.17153137817055988,0.700437466427073
660,11.0,feeder2_1122,0.1754126493063127,0.7023101896341201,0.17544709580491258,0.7025381133527784
660,11.0,feeder2_1258,0.17574088605077826,0.7105325885541305,0.17577629342553464,0.7107625444342818
660,11.0,feeder2_1303,0.19112322344659738,0.7073418576298556,0.19115732086108664,0.7075649265920555
660,11.0,feeder2_1138,0.1750644975363338,0.6995837765435665,0.1751019837867796,0.6998113318235845
660,11.0,feeder2_1304,0.1745109402043383,0.6986997477941175,0.1745440182459496,0.6989320673433391
660,11.0,feeder2_1212,0.1745372977543972,0.6946304640066481,0.1745718669019564,0.6948634322357223
660,11.0,feeder2_1311,0.17584853426877417,0.6938744104243671,0.17588276439921144,0.6941004600635573
660,11.0,feeder2_1290,0.17365330458195086,0.6890506354276598,0.17368624890410347,0.6892833928352881
660,11.0,feeder2_1325,0.1728714669563911,0.6983869775921862,0.17291108689978316,0.6986416406370064
660,11.0,feeder2_1248,0.17255232536195042,0.6988839853080862,0.17259185957008819,0.6991276919791154
660,11.0,feeder2_1249,0.17236958537981895,0.6927106874165442,0.17240718124664625,0.6929464918049408
660,11.0,feeder2_1250,0.17277246908867036,0.6929066677010068,0.1728099693382696,0.6931418230123889
660,11.0,feeder2_1366,0.1710083155288544,0.7009509431265637,0.17104710904385045,0.7012015024121481
660,11.0,feeder2_1266,0.1769807493836921,0.7180626241956422,0.1770167411938571,0.7182936079523149
660,11.0,feeder2_1372,0.18074077387202897,0.6920730165168085,0.18077533415175273,0.6923008493621216
660,11.0,feeder2_1363,0.17161849145866973,0.677968800326561,0.17165460636754912,0.6781971650033202
660,11.0,feeder2_1446,0.17293310689553182,0.6984286302851076,0.1729738610818186,0.6986788328335071
660,11.0,feeder2_1502,0.1733826047779886,0.6990262734468845,0.17342449608032465,0.699276852259313
660,11.0,feeder2_1428,0.16282502219929698,0.6680321640241831,0.16285742855646554,0.6682634936702708
660,11.0,feeder2_1380,0.17256990664452032,0.6811234633651193,0.17260246247069427,0.681356925039266
660,11.0,feeder2_1550,0.1726214649252386,0.6811439245547618,0.17265349675907382,0.6813790603823351
660,11.0,feeder2_1386,0.17303554562719167,0.6827547617545867,0.17307186048391893,0.6829863161937845
660,11.0,feeder2_1551,0.17259804151287078,0.6819779032021566,0.1726292675667034,0.6822136203291369
660,11.0,feeder2_1400,0.17332448576045986,0.6837715907461334,0.1733564754490074,0.6840104049842984
660,11.0,feeder2_1552,0.17166424936318941,0.681662031798126,0.17169843050743602,0.6818987944701598
660,11.0,feeder2_1408,0.17422079840948096,0.6870975806884158,0.1742541949170257,0.6873347927979387
660,11.0,feeder2_1553,0.17380397359389083,0.6864209342528154,0.17383895054593468,0.6866528322621233
660,11.0,feeder2_1416,0.17474620843237648,0.6890257459959174,0.17478175153096775,0.6892609558567157
660,11.0,feeder2_1530,0.17749411341426644,0.6884153349356436,0.1775300205636826,0.6886484367277205
660,11.0,feeder2_1425,0.17550735589383465,0.6929256287790082,0.17554148048359203,0.6931577394042641
660,11.0,feeder2_1589,0.17470223472083793,0.6920499623822453,0.17473552766852288,0.6922868144133922
660,11.0,feeder2_1435,0.1756795095142434,0.6938023145870975,0.17571611016382857,0.6940367527584171
660,11.0,feeder2_1621,0.1781801562393263,0.7050177036089393,0.178214163963274,0.7052508699335008
660,11.0,feeder2_1564,0.1754988322281345,0.6929211124903172,0.17553070599876977,0.6931560750611535
660,11.0,feeder2_1704,0.173382619778717,0.6990467913052875,0.173420637265682,0.6993054207300753
660,11.0,feeder2_1525,0.17354074613710438,0.6993975033619071,0.1735807426030402,0.6996558715908542
660,11.0,feeder2_1716,0.17127735839517927,0.7028438426244139,0.17131512821727202,0.703101957385733
660,11.0,feeder2_1537,0.17374799318574843,0.6994241191766745,0.17379002091189383,0.6996760618888073
660,11.0,feeder2_1645,0.1648484514759921,0.6880224258786986,0.16488877464777743,0.6882771962713193
660,11.0,feeder2_1561,0.17533261805595987,0.7059132213957435,0.17537430330043544,0.7061697556151525
660,11.0,feeder2_1657,0.17563078172742194,0.706151842025688,0.17567005314889886,0.7064083850880085
660,11.0,feeder2_1570,0.17601330503233684,0.7086861147456777,0.17605388568234837,0.7089448792678513
660,11.0,feeder2_1756,0.17834130608428755,0.7079554022436068,0.178382977811869,0.708209372538303
660,11.0,feeder2_1588,0.17661609206841597,0.7113274651404684,0.17665613443835695,0.711583624604317
660,11.0,feeder2_1628,0.18432940863485237,0.7157687193416011,0.18437024786001596,0.716025317764701
660,11.0,feeder2_1598,0.17704979142306904,0.7132341993589781,0.1770941618638284,0.713489106679054
660,11.0,feeder2_1816,0.17689240315717067,0.7143840160130175,0.17693609551915568,0.7146457274015177
660,11.0,feeder2_1765,0.17704567665990126,0.7133052951620472,0.17708658788937526,0.7135663736905635
660,11.0,feeder2_1641,0.17910505286489273,0.7224178459307671,0.1791463565738607,0.7226785643654268
660,11.0,feeder2_1689,0.17900254201238278,0.7219403705422023,0.17904449517398335,0.722211598357552
660,11.0,feeder2_1744,0.18690562280972908,0.7271000317255939,0.18694802336236602,0.7273626369473505
660,11.0,feeder2_1817,0.17898394819694036,0.7218544158741313,0.1790295394095153,0.7221223903828144
660,11.0,feeder2_1779,0.17899903261363853,0.7219562642506123,0.1790416950463384,0.7222262134178141
660,11.0,feeder2_1800,0.1789572725469658,0.7218840675927808,0.17900193281686694,0.7221563373411938
660,11.0,feeder2_1818,0.17850938475466233,0.7178923262308278,0.17856157513152862,0.7181718532374618
660,11.0,feeder2_1753,0.21179566153517107,0.7423564923243438,0.21183995755133297,0.7426102906495871
660,11.0,feeder2_1754,0.18693690850014957,0.7271244044885935,0.1869799019956577,0.7273897014834445
690,11.5,secondary,0.025464665801040655,0.008912330556481739,0.02547146848892947,0.008913993395678983
690,11.5,feeder2_44,0.047399013094800754,0.046492361300309065,0.04741265642276574,0.0465023600010422
690,11.5,feeder2_45,0.04827301355157894,0.047691345377957516,0.04828854142344436,0.04769836236993943
690,11.5,feeder2_46,0.044238499637520745,0.04972784492311819,0.04425358103279099,0.04974012868713576
690,11.5,feeder2_51,0.0496689369903317,0.04969084744349664,0.04968416499448907,0.049698665617047846
690,11.5,feeder2_48,0.05087957218923453,0.04794872931131111,0.05089425769961267,0.04794431014765634
690,11.5,feeder2_52,0.050743777936495885,0.04477103226511756,0.05075422029618326,0.04478898724801834
690,11.5,feeder2_68,0.053778165858134414,0.057235336407033675,0.053793822674458334,0.057249775532868474
690,11.5,feeder2_69,0.05369627070399609,0.057273831247652486,0.05371238034155393,0.057285956523624254
690,11.5,feeder2_71,0.054324998660622736,0.0582336236118733,0.05434219733748167,0.05824444525070932
690,11.5,feeder2_72,0.05455847282224703,0.05842368765032601,0.054576311226304554,0.05843361379532288
690,11.5,feeder2_73,0.05603458285970746,0.06133242242861706,0.05605173381227774,0.061350963740091385
690,11.5,feeder2_74,0.05507307455465988,0.059142876197903135,0.05508756050327842,0.05915519558764412
690,11.5,feeder2_77,0.057568888199465755,0.06431975212146786,0.05758546782637282,0.06433435894266332
690,11.5,feeder2_79,0.05688876157928856,0.06473413627271979,0.056905579532454335,0.06475554260838773
690,11.5,feeder2_81,0.060000155751861205,0.06895318280372424,0.06001789420270803,0.06896997176493712
690,11.5,feeder2_82,0.061333468742739004,0.06997589834286481,0.06134881067450096,0.0699882996174505
690,11.5,feeder2_116,0.07071018400507592,0.08855285196499225,0.07073102501428959,0.08857622755450287
690,11.5,feeder2_119,0.07007351755974514,0.08747081814820934,0.07009138009838317,0.08748748680295003
690,11.5,feeder2_120,0.07482769090112837,0.09638130715087333,0.07484747389503783,0.09640740705331144
690,11.5,feeder2_248,0.07544369843950548,0.09472706197303592,0.07546332640963033,0.09475259870990653
690,11.5,feeder2_124,0.07740471606758215,0.10190621841420591,0.07742791877575228,0.10192724559477273
690,11.5,feeder2_282,0.08557121735615321,0.10630500681085575,0.08559363176656244,0.10631097626689785
690,11.5,feeder2_275,0.07849684095134678,0.09917553573423404,0.07851474491112778,0.09920618353778943
690,11.5,feeder2_151,0.08093111956448519,0.11052707757917658,0.08095518388466212,0.11056273695212722
690,11.5,feeder2_295,0.07708308231176177,0.11396772262179991,0.07710828703700907,0.11401359399023465
690,11.5,feeder2_311,0.0808003822648526,0.11060160855031965,0.08082529868301545,0.11063427967697907
690,11.5,feeder2_201,0.08726189517779097,0.12066985916203636,0.08728583041445724,0.12069948598527948
690,11.5,feeder2_314,0.08787458129179683,0.12065080557160372,0.08789976351966951,0.12068017232853825
690,11.5,feeder2_342,0.09590484640449634,0.13510921285152966,0.09593189218577229,0.13513236896998326
690,11.5,feeder2_368,0.09556347980086835,0.1328493338875453,0.09559289960810076,0.13290372086417862
690,11.5,feeder2_347,0.09989265297360185,0.14845210368534237,0.09991882262397754,0.14843269067420184
690,11.5,feeder2_353,0.1018358766285512,0.15544855041511849,0.10186134287058861,0.15540499143161113
690,11.5,feeder2_518,0.1008233427159395,0.14928502611404937,0.10084846629261372,0.1492621748623208
690,11.5,feeder2_365,0.10403166563102001,0.16375094994803957,0.10405660302404542,0.16368260551956085
690,11.5,feeder2_653,0.10177486709270922,0.15536057898849928,0.10179903259999934,0.15531619272587638
690,11.5,feeder2_377,0.10523637382618488,0.16845508216197227,0.10526137225028546,0.16837546990590946
690,11.5,feeder2_622,0.10401755340259897,0.16374626680992682,0.10404249410376626,0.16367780116012942
690,11.5,feeder2_451,0.09586738615577566,0.13308910902397167,0.09589574165919469,0.1331414991109453
690,11.5,feeder2_383,0.0951576292382712,0.1305123851657556,0.09519047743808197,0.1306047415792162
690,11.5,feeder2_385,0.10676160965254473,0.17375738803885968,0.10678353476168542,0.17365674626853322
690,11.5,feeder2_621,0.10093878243772438,0.17014907315428665,0.1009661478627949,0.17008546998776095
690,11.5,feeder2_611,0.09069209278486826,0.1235804450006925,0.09072360279401784,0.12367156459510582
690,11.5,feeder2_405,0.09522992336083544,0.13078993351443072,0.09526345637456594,0.13088524954292477
690,11.5,feeder2_461,0.11322619404947579,0.20032699120240208,0.11324725786107072,0.20015859502618724
690,11.5,feeder2_594,0.10718697051965315,0.17247941063678907,0.107209900924078,0.1723791933655223
690,11.5,feeder2_732,0.09580206647512433,0.12848615452963505,0.09583254638027551,0.12859253597312773
690,11.5,feeder2_417,0.0958541165496806,0.1336903891450253,0.09588961569045695,0.13380964597895095
690,11.5,feeder2_663,0.09342656355756136,0.13944313657123755,0.0934681443818655,0.1395917389214348
690,11.5,feeder2_444,0.09630030848758271,0.13475966044646173,0.09633627381630977,0.13488284099223627
690,11.5,feeder2_759,0.09984909816465766,0.13473477294913425,0.09988675013636274,0.13485035323797004
690,11.5,feeder2_842,0.09321911872094713,0.1472670393916903,0.09326942985316163,0.14744117844811436
690,11.5,feeder2_459,0.09635981286295701,0.13460453552605162,0.0963971024810103,0.13472719074698447
690,11.5,feeder2_702,0.09930932435736951,0.13429175171288937,0.09934618861414356,0.13440335439398182
690,11.5,feeder2_493,0.09622123332122512,0.13404625993390035,0.09625611507080246,0.1341712464132024
690,11.5,feeder2_651,0.11320299759616573,0.20030910110245145,0.11322346150310378,0.20014207064185086
690,11.5,feeder2_684,0.11866664538207482,0.2244356702560593,0.11868390582680576,0.2242153582873025
690,11.5,feeder2_674,0.09595826004870603,0.13365599444364076,0.09599577428034292,0.1337785516701111
690,11.5,feeder2_696,0.0962410832869217,0.1341344569881698,0.09627794240447984,0.13425518832719555
690,11.5,feeder2_681,0.09582190772124599,0.1334407944879309,0.0958556050305147,0.13356373559729612
690,11.5,feeder2_682,0.095082580750005,0.132367535522636,0.09511821174016569,0.1324885793184803
690,11.5,feeder2_728,0.1186156218954683,0.2229256076856884,0.1186358744273852,0.22270093570107052
690,11.5,feeder2_724,0.12467599914190641,0.25378595287565764,0.12469604838329562,0.25353299533043994
690,11.5,feeder2_703,0.09620908890698454,0.13420179257276685,0.09624507513430551,0.13433022920511803
690,11.5,feeder2_704,0.09623263499815679,0.1341609433309987,0.09626951958753464,0.13428991284738725
690,11.5,feeder2_754,0.12587856262853808,0.25500564969394246,0.12589690548248572,0.25474702128014454
690,11.5,feeder2_747,0.12695704082687365,0.26519996963235476,0.126974047504422,0.26493377332843454
690,11.5,feeder2_828,0.1182657144479614,0.22029551379917287,0.11828199042310639,0.22006825226335028
690,11.5,feeder2_763,0.11910858504686286,0.22443682025558354,0.11912932292445923,0.22420864724528394
690,11.5,feeder2_836,0.12690468939378718,0.265147384240384,0.1269195257248002,0.26488226498720546
690,11.5,feeder2_758,0.12892873913188188,0.2750906346403766,0.1289432387919801,0.2748153576343533
690,11.5,feeder2_788,0.1289872680063246,0.27515206633932077,0.1290020684166072,0.2748761777538578
690,11.5,feeder2_812,0.1350313193219358,0.3056577188212277,0.13504768183828708,0.30535296363415737
690,11.5,feeder2_947,0.12119797669137806,0.22661407750348256,0.12121626257219915,0.2263880965309599
690,11.5,feeder2_868,0.11997425709860438,0.22533878211329866,0.11999311981145076,0.2251113322913368
690,11.5,feeder2_785,0.11911605806851282,0.2242406179222041,0.11913557349985911,0.22401200278680428
690,11.5,feeder2_1176,0.11758327498140872,0.22299532744003364,0.1176025235424296,0.22277522371140454
690,11.5,feeder2_846,0.1186127726155974,0.22356238502827605,0.11863262745304654,0.2233327423706412
690,11.5,feeder2_911,0.1194992227105587,0.22525061897522633,0.11951918007366896,0.2250204134065852
690,11.5,feeder2_1107,0.13911658483186173,0.3212835862551543,0.13912747667590944,0.3209879481733324
690,11.5,feeder2_920,0.13562574892488577,0.30999157556519674,0.13564065091511948,0.30967804418573747
690,11.5,feeder2_926,0.13663280508640774,0.31683692968955945,0.1366479700517873,0.3165062948357287
690,11.5,feeder2_1239,0.13548832409937966,0.30963859838595986,0.13549915633212814,0.3093236162465153
690,11.5,feeder2_933,0.13707589028973635,0.3198725792839951,0.13708656587337087,0.3195380547658439
690,11.5,feeder2_1146,0.1366537812330071,0.31695037559904216,0.13666613927743584,0.31662019432107524
690,11.5,feeder2_1124,0.1369705692178796,0.3197711123105284,0.13698212199030635,0.3194338344430887
690,11.5,feeder2_942,0.13820526106821732,0.32774381365613464,0.13821637356014785,0.32739202395227596
690,11.5,feeder2_952,0.13960071108410899,0.33931965241791473,0.13961269471999305,0.33894545554514977
690,11.5,feeder2_965,0.13824183949185292,0.3277708576770535,0.13825408934705077,0.32741887798909003
690,11.5,feeder2_961,0.1397195436103696,0.3404173128025758,0.1397293732766195,0.34004100907059137
690,11.5,feeder2_963,0.13960769644874144,0.33935457047014905,0.13961682729721192,0.33898006507229766
690,11.5,feeder2_973,0.14044901930352285,0.34649451398739944,0.1404592905997043,0.34610684743757525
690,11.5,feeder2_1128,0.13955350239944606,0.34004708958000035,0.13956230621134397,0.3396708446884954
690,11.5,feeder2_1113,0.13965464891095902,0.3394034723156582,0.13966635003118885,0.33902924802998985
690,11.5,feeder2_1143,0.14006766933515072,0.3416453826011802,0.14007825512578903,0.34127182779886733
690,11.5,feeder2_1238,0.14030506133990858,0.330202449919492,0.14031739211999325,0.3298454840175813
690,11.5,feeder2_979,0.13824060845424893,0.3275956430482389,0.13825115488101852,0.3272463801849472
690,11.5,feeder2_1236,0.14156533614548375,0.3562372516423502,0.14157717901749994,0.35582817482481266
690,11.5,feeder2_989,0.1404488337484161,0.34648927798323076,0.14045962728598316,0.346098114869642
690,11.5,feeder2_1196,0.13858719351555435,0.32685418792055326,0.13859748552579604,0.32650331979117275
690,11.5,feeder2_1158,0.13986665455326713,0.3459126695352922,0.13987929856845555,0.3455243370689313
690,11.5,feeder2_1122,0.1409331968124371,0.32913537531915055,0.14094474868646525,0.32883570632892367
690,11.5,feeder2_1258,0.13560603037972474,0.31965410067885547,0.13562292377317842,0.3193637618661287
690,11.5,feeder2_1303,0.14889058846012387,0.33753588985975314,0.14890251317448644,0.33723468744943597
690,11.5,feeder2_1138,0.14180306346880805,0.33235582031306443,0.14181506571930957,0.33205312492290884
690,11.5,feeder2_1304,0.14144809280065895,0.33198664814571327,0.14146260886812814,0.33168360983329803
690,11.5,feeder2_1212,0.14376887266896993,0.3394354260416075,0.14378206081944866,0.3391300858382327
690,11.5,feeder2_1311,0.14453523328523107,0.34035887658436764,0.14454858482508615,0.3400514481025317
690,11.5,feeder2_1290,0.14598294586746038,0.347349367522082,0.14599515170976177,0.34704148530344775
690,11.5,feeder2_1325,0.14314021140049854,0.3706785700227927,0.14314975714878223,0.37024254213696856
690,11.5,feeder2_1248,0.14156171033761897,0.3562334711473474,0.14157382468006494,0.3558242181814609
690,11.5,feeder2_1249,0.14033183172344693,0.3302304777949948,0.14034754683601283,0.3298763673872213
690,11.5,feeder2_1250,0.14170182521572708,0.33184410983512613,0.14171538410914772,0.331486742453207
690,11.5,feeder2_1366,0.14148222419312503,0.35614957786634577,0.14149359202712555,0.3557439846808783
690,11.5,feeder2_1266,0.13317311352381303,0.3176703837778499,0.1331891371773973,0.3173891843790716
690,11.5,feeder2_1372,0.15417110287395847,0.35601150419640426,0.15417900237053217,0.3557033217606297
690,11.5,feeder2_1363,0.14602320397435894,0.34361495105178064,0.14603048283750092,0.34330411713336145
690,11.5,feeder2_1446,0.14383515594242652,0.3717278065636101,0.14384631350214389,0.3712919034822638
690,11.5,feeder2_1502,0.14458402568728695,0.38564160645001566,0.14459385122824475,0.3851784671884558
690,11.5,feeder2_1428,0.14602545024906208,0.34319399529582895,0.1460351380209168,0.3428821842282201
690,11.5,feeder2_1380,0.14616700314366363,0.3397428911328554,0.1461764480307864,0.3394239205944678
690,11.5,feeder2_1550,0.14623041336602377,0.3398100106335802,0.14623726590594863,0.3394955428845727
690,11.5,feeder2_1386,0.14623250248071157,0.33783127022248,0.14623894803706686,0.33751340344026604
690,11.5,feeder2_1551,0.14679119076522007,0.33666222682149904,0.146801419214323,0.3363421935990375
690,11.5,feeder2_1400,0.1462651397424142,0.33719156576165527,0.14627539044818713,0.33686934530858037
690,11.5,feeder2_1552,0.14573810567292161,0.3364585079059091,0.14574515322191667,0.33613698660272184
690,11.5,feeder2_1408,0.1464611150744148,0.3361881274716078,0.14646792216658383,0.3358678544540152
690,11.5,feeder2_1553,0.1486851632529226,0.33201714722748954,0.14869149152770292,0.33169690286051673
690,11.5,feeder2_1416,0.14655463229526536,0.33659039899748233,0.14656468388723085,0.3362673147284232
690,11.5,feeder2_1530,0.14886623605054689,0.3392998447066153,0.14887520496967369,0.33897354251337203
690,11.5,feeder2_1425,0.1463920576871158,0.3358627851613396,0.14639668109100887,0.3355419598802399
690,11.5,feeder2_1589,0.14606969283926208,0.33542813088641704,0.14607724336085237,0.335103544199648
690,11.5,feeder2_1435,0.1463736789513591,0.3357512635119459,0.14638483641330108,0.33543056493334517
690,11.5,feeder2_1621,0.14486322163223464,0.3349316439722019,0.14487439270849017,0.33461364857318543
690,11.5,feeder2_1564,0.14629782907896746,0.33556947378245067,0.14630540520560886,0.3352476951918033
690,11.5,feeder2_1704,0.14455614206347925,0.385609483686435,0.1445643946722359,0.38514691132573425
690,11.5,feeder2_1525,0.1449609784199851,0.3895334758228711,0.14496458795945985,0.38906358935357155
690,11.5,feeder2_1716,0.14267483919656648,0.3894971104850271,0.1426819597570289,0.38902881885092866
690,11.5,feeder2_1537,0.14544202840307863,0.3939460001638662,0.14544582050369984,0.3934661062764429
690,11.5,feeder2_1645,0.14306999918996013,0.3910973433356467,0.14306901710920722,0.3906084439059989
690,11.5,feeder2_1561,0.14669631578034126,0.40022187972320444,0.14670306824590618,0.39973746443408414
690,11.5,feeder2_1657,0.1509546020470471,0.4047140922332894,0.1509608208061237,0.40423465142077514
690,11.5,feeder2_1570,0.14702274958181555,0.4018585782243776,0.14702596499609136,0.40137626362438206
690,11.5,feeder2_1756,0.14837007941343547,0.4039925790077132,0.14837564516239912,0.4035043530700308
690,11.5,feeder2_1588,0.14729443895170255,0.4032408516159647,0.1472984360156737,0.4027547865683681
690,11.5,feeder2_1628,0.14811145670960849,0.40410429684358834,0.14811667470226483,0.40361780090822086
690,11.5,feeder2_1598,0.1475886361625189,0.40474277245184853,0.14759176817617986,0.4042549150558282
690,11.5,feeder2_1816,0.1454086691536934,0.402392443512847,0.1454177726668101,0.4019063476158576
690,11.5,feeder2_1765,0.1472080532918173,0.40432049373474654,0.14721058814800414,0.4038325055450556
690,11.5,feeder2_1641,0.1490721998309434,0.41312762334882813,0.14907471948724071,0.4126260893967604
690,11.5,feeder2_1689,0.14890148848608645,0.4132597940549467,0.14890397908521766,0.4127443240499257
690,11.5,feeder2_1744,0.15302551599796205,0.4175253033174513,0.15303014751411462,0.4170237779646447
690,11.5,feeder2_1817,0.14888640305903048,0.4132402316260334,0.14889081327160608,0.41272823218425825
690,11.5,feeder2_1779,0.14887674414868815,0.4132336333638984,0.1488826723121434,0.41272035491509135
690,11.5,feeder2_1800,0.14888097539224673,0.4132408000942773,0.14888416333132887,0.4127275474125188
690,11.5,feeder2_1818,0.1472932664075694,0.41177271054779463,0.147280865626963,0.4112385291136394
690,11.5,feeder2_1753,0.1644023057006783,0.4295420971180376,0.16440991594981713,0.42904291648574544
690,11.5,feeder2_1754,0.15329423712531923,0.41795513842256626,0.15329957750672277,0.41745359529077486
720,12.0,secondary,0.013243388181466179,0.00882336435547391,0.013249611269039807,0.008837905855941216
720,12.0,feeder2_44,0.024641169415651726,0.04601033749435797,0.024651789740543887,0.04606908551765976
720,12.0,feeder2_45,0.025067553285072618,0.04744485419755704,0.02507582272782307,0.04750975981928216
720,12.0,feeder2_46,0.024663758129702267,0.046105383475510686,0.02467256878132215,0.046169616088766914
720,12.0,feeder2_51,0.025792327036647467,0.049861914623267535,0.025802403449330408,0.04992902989379214
720,12.0,feeder2_48,0.026006939830691436,0.047817678827824,0.026016113065837433,0.04788438870835973
720,12.0,feeder2_52,0.023372343465226642,0.046116345843905095,0.023385932864612827,0.04617980735458181
720,12.0,feeder2_68,0.028182123319032727,0.0581911000637343,0.028192629731837695,0.058269670123135345
720,12.0,feeder2_69,0.037856505499090316,0.07581222494779996,0.03785139427614751,0.07588333557921349
720,12.0,feeder2_71,0.028342666903994132,0.058663815321715815,0.02835458209976762,0.058740393942904055
720,12.0,feeder2_72,0.055811075152175475,0.07784506638754098,0.055825926552993385,0.0779309076611986
720,12.0,feeder2_73,0.028525901186758733,0.05819265136979431,0.028540525398608355,0.05827305883829343
720,12.0,feeder2_74,0.026716341361150593,0.05608814900186051,0.0267277148574849,0.05616961183572229
720,12.0,feeder2_77,0.028755561160168037,0.058119814752743214,0.028766720796385675,0.05820513676123238
720,12.0,feeder2_79,0.03294267303355863,0.06729177558705049,0.032950216024004296,0.06736948507508765
720,12.0,feeder2_81,0.028430797391703524,0.05569442099733522,0.028441787202114,0.055790576460571506
720,12.0,feeder2_82,0.029722766837640663,0.05658195201284396,0.02973482940328821,0.056675414373944376
720,12.0,feeder2_116,0.026857235630338594,0.050692576482123324,0.026873771972579195,0.05081029639229128
720,12.0,feeder2_119,0.02564209193107603,0.04949119043650815,0.025659441535373157,0.04960631199787762
720,12.0,feeder2_120,0.026444976590643623,0.052584273917019024,0.026463639905389726,0.052702639278087354
720,12.0,feeder2_248,0.026334306537479757,0.052496100693152935,0.026351665653304168,0.052616513418505
720,12.0,feeder2_124,0.026204769923717154,0.054506800336880136,0.026225255263574054,0.054623763724979124
720,12.0,feeder2_282,0.027042010801199133,0.05523411857256147,0.0270620949949461,0.05535217719716798
720,12.0,feeder2_275,0.026092533420918558,0.054424894760191,0.02611196664957008,0.054545036981706166
720,12.0,feeder2_151,0.02572529844111765,0.05850226661777005,0.025744015524840017,0.05861801199494184
720,12.0,feeder2_295,0.025551909988036428,0.05848313625641829,0.0255693526586952,0.058601333856596556
720,12.0,feeder2_311,0.025740810371537578,0.05844720563012133,0.02575930577625386,0.05856368127427475
720,12.0,feeder2_201,0.0248857647464968,0.06786340073519015,0.02491077667813153,0.06796949628575966
720,12.0,feeder2_314,0.025676680635002815,0.06849062466972666,0.025700084706713144,0.06859525539550344
720,12.0,feeder2_342,0.02337594168879087,0.0832523230381331,0.023404361487794945,0.08334495617353829
720,12.0,feeder2_368,0.023248558826203695,0.08223383199070378,0.02327742697314873,0.08232298043427161
720,12.0,feeder2_347,0.022804861321096513,0.09353384287829428,0.022833260024406915,0.0936214530593663
720,12.0,feeder2_353,0.022444641105180903,0.09808511641576285,0.02247443567429469,0.09816717180854957
720,12.0,feeder2_518,0.024069128873305538,0.09491698268078791,0.024101133539306534,0.09500486037971016
720,12.0,feeder2_365,0.022060783963480483,0.10322719341998118,0.022093277068395555,0.10330677163167122
720,12.0,feeder2_653,0.022359314101993117,0.09807574855499543,0.02239316278579851,0.09816038811472086
720,12.0,feeder2_377,0.021853263543308618,0.10606448382819607,0.021885501134966887,0.10614264416245998
720,12.0,feeder2_622,0.022059737476504006,0.10319513097951923,0.022091310558595284,0.10327620480983224
720,12.0,feeder2_451,0.023325011753078263,0.08232347746372475,0.023351436459503827,0.08241810917787235
720,12.0,feeder2_383,0.023031474701755986,0.08051925030021374,0.02305838531095305,0.08060936370275092
720,12.0,feeder2_385,0.02161334948233804,0.10950149436999036,0.0216497873515938,0.10958031413706301
720,12.0,feeder2_621,0.02158433744349723,0.10570695228771444,0.0216167046806694,0.10578989564506971
720,12.0,feeder2_611,0.022405189154481944,0.07917089736287403,0.022432912266322717,0.07926131855291563
720,12.0,feeder2_405,0.023035363707790087,0.08047787140813298,0.02306225612094924,0.08056919983337026
720,12.0,feeder2_461,0.02069982644543188,0.12373733663344412,0.02073631939812195,0.12381202230915152
720,12.0,feeder2_594,0.021547560914858512,0.1095032489132077,0.02158291931259624,0.10958149146008189
720,12.0,feeder2_732,0.0228348528176639,0.07871235039471272,0.022864499705635543,0.07880103342460755
720,12.0,feeder2_417,0.023121590887164867,0.08053598309918589,0.023150744657351036,0.08062877643499974
720,12.0,feeder2_663,0.022069014338307796,0.07987699843397231,0.022090024929153435,0.0799725683029883
720,12.0,feeder2_444,0.0232275346473983,0.08085378775006365,0.023254004604566492,0.08094611558279008
720,12.0,feeder2_759,0.02639243896323088,0.08416812485006749,0.026419026428068884,0.08425578123964012
720,12.0,feeder2_842,0.023419347872210092,0.07926057897206347,0.02344175329505331,0.07935557699570531
720,12.0,feeder2_459,0.023199835990082164,0.08085374783235554,0.023226902603176267,0.08094728550645919
720,12.0,feeder2_702,0.024779372405760003,0.08230728385808318,0.024803882957841656,0.08239166439956071
720,12.0,feeder2_493,0.022902955341103714,0.0802498186084261,0.022930597930414673,0.0803397213312689
720,12.0,feeder2_651,0.019613370495803847,0.1236003068809426,0.019649851113959154,0.12367463349093162
720,12.0,feeder2_684,0.02016907848194688,0.135950056179818,0.020208582847560334,0.13601458851997147
720,12.0,feeder2_674,0.022441813887441445,0.07994916724690657,0.022470528373443415,0.08003947320262086
720,12.0,feeder2_696,0.022784067154234856,0.07963240449971783,0.022812247277171183,0.07972540347420254
720,12.0,feeder2_681,0.02188756470631161,0.07925554581222642,0.021916410263773816,0.07934646562152406
720,12.0,feeder2_682,0.021425205869080317,0.07977971051136723,0.02145159460074247,0.0798665476190821
720,12.0,feeder2_728,0.02011486551500745,0.13635644403613684,0.020153468294958034,0.13642495807042915
720,12.0,feeder2_724,0.019801749904323554,0.1479610493705632,0.01984494239739086,0.14801295449728616
720,12.0,feeder2_703,0.02280134551544623,0.07949798923720967,0.02282557764228162,0.07959275085693712
720,12.0,feeder2_704,0.022427404979544853,0.07950798550288288,0.02245173580826379,0.07960045476190511
720,12.0,feeder2_754,0.020286632594638435,0.1483963143556976,0.02032942186947416,0.14845168863193375
720,12.0,feeder2_747,0.019626551417375952,0.15278457695388933,0.019670270451249923,0.1528324533030837
720,12.0,feeder2_828,0.019980745042612283,0.13625213163210861,0.020019894056368632,0.13631572450393373
720,12.0,feeder2_763,0.02012725801729097,0.13709544977296584,0.020163173428328116,0.13716668544212104
720,12.0,feeder2_836,0.016922622319255835,0.1518020088103965,0.016963154860412444,0.1518571514815137
720,12.0,feeder2_758,0.019656676082570046,0.15759651102638972,0.01970085503386387,0.15763802664914303
720,12.0,feeder2_788,0.020711935606180527,0.15899610603713016,0.020755601409245455,0.15904206516519168
720,12.0,feeder2_812,0.01949890264572382,0.1711861538620038,0.019545313483590857,0.17121256228682452
720,12.0,feeder2_947,0.023143086124162607,0.13991195248264265,0.023183265635633207,0.13998342341013853
720,12.0,feeder2_868,0.020856400561043886,0.13778089892919437,0.020895444279459385,0.13785236250129773
720,12.0,feeder2_785,0.019862370202987187,0.13653185334349474,0.019901981590191187,0.13660130617643
720,12.0,feeder2_1176,0.016632314682589314,0.13381250340423126,0.016663917392329013,0.13389212512471682
720,12.0,feeder2_846,0.0191470614204523,0.13656162533249308,0.019187892674070756,0.136631882128274
720,12.0,feeder2_911,0.01988345230170571,0.1366112699650103,0.019922800159522264,0.136683840854149
720,12.0,feeder2_1107,0.020524205973963847,0.17717228085378525,0.02057297890910883,0.17719987816015104
720,12.0,feeder2_920,0.01921414775756297,0.1734835345667984,0.019261188129635023,0.17350690548444295
720,12.0,feeder2_926,0.01890178092078631,0.1768054219517999,0.018950512532943914,0.17682025276345373
720,12.0,feeder2_1239,0.019083970084892113,0.17371228168659153,0.019134830626280196,0.17373230437113624
720,12.0,feeder2_933,0.018641230090178616,0.17768631440231247,0.01869273454849298,0.17770170092685736
720,12.0,feeder2_1146,0.019482359022471037,0.17972527102395922,0.019532797645311024,0.17973893315178943
720,12.0,feeder2_1124,0.01862288377496594,0.17762983520419742,0.018671878167772403,0.17764525464656702
720,12.0,feeder2_942,0.01798324914681755,0.18004647793125528,0.018035181587005532,0.18005566629986217
720,12.0,feeder2_952,0.017060038520261462,0.18486520789590896,0.017111636777554357,0.18486493480806332
720,12.0,feeder2_965,0.017977853314825935,0.17989082249039,0.018028026554627208,0.1798960669320764
720,12.0,feeder2_961,0.01686141820978517,0.18494554763171542,0.016912832768788726,0.18494249065311882
720,12.0,feeder2_963,0.017081276148688936,0.1849611110147704,0.017133801331500276,0.1849561171584056
720,12.0,feeder2_973,0.015909590760674844,0.1851543560392719,0.015964736378523303,0.18514408750422573
720,12.0,feeder2_1128,0.01668204958406549,0.18537577592469331,0.016734356547023058,0.1853745563342489
720,12.0,feeder2_1113,0.01788778370259939,0.1862081381538015,0.01794003949828677,0.18620227867944952
720,12.0,feeder2_1143,0.017825077296626902,0.18791831497259973,0.017880262209335283,0.1879161157615962
720,12.0,feeder2_1238,0.01872444760622009,0.18034464653130466,0.018775226630437288,0.18035359822497843
720,12.0,feeder2_979,0.01796115321308458,0.1796556943768472,0.018011555080220933,0.1796625375948861
720,12.0,feeder2_1236,0.014457560367882129,0.18655358642205996,0.014513102097363059,0.18653881179193238
720,12.0,feeder2_989,0.015909873090278342,0.1851453268271751,0.015962593338907018,0.18513817426670792
720,12.0,feeder2_1196,0.01867032192882686,0.17854623096857308,0.018723894858502104,0.17854900267475785
720,12.0,feeder2_1158,0.015540704582161266,0.18402624646315846,0.01559595895504678,0.1840157036671516
720,12.0,feeder2_1122,0.020944591548220117,0.1796204996070289,0.020993940783276602,0.1796498575252421
720,12.0,feeder2_1258,0.020480863511468935,0.1770280224628417,0.02053009096994517,0.1770529067984755
720,12.0,feeder2_1303,0.02109395090280477,0.17971181969511563,0.02114597533445744,0.17973638245227405
720,12.0,feeder2_1138,0.02127744383967664,0.18152202430065018,0.02132873581171405,0.18154855592295369
720,12.0,feeder2_1304,0.02077524661186263,0.18181281536487082,0.02082344721101071,0.18183997477212338
720,12.0,feeder2_1212,0.022155942106105903,0.18524358231540697,0.022203860245206413,0.18527179622476392
720,12.0,feeder2_1311,0.023045289569597026,0.18675412312195297,0.02309340416701917,0.18678258783906576
720,12.0,feeder2_1290,0.0230427888248859,0.1885843516881763,0.02309386455362346,0.1886102199401456
720,12.0,feeder2_1325,0.012690034319916109,0.19110867402837403,0.012746168768578727,0.19108060330177112
720,12.0,feeder2_1248,0.014447725395035749,0.186542853303058,0.014503149195395335,0.18652807910833616
720,12.0,feeder2_1249,0.018750907137814205,0.18036234247405786,0.018801853435367548,0.1803671271802567
720,12.0,feeder2_1250,0.01918472321530477,0.18062144943797273,0.019236547492609612,0.18062735413621334
720,12.0,feeder2_1366,0.012632413171726923,0.18558940357083367,0.012688701974094939,0.1855785254621744
720,12.0,feeder2_1266,0.020459425660237,0.1769413104321479,0.020507123591305226,0.1769686598829572
720,12.0,feeder2_1372,0.028357243174198923,0.19274599561560718,0.028406880212889365,0.19278462911976219
720,12.0,feeder2_1363,0.022528877149708745,0.18689349962849872,0.022576311703092444,0.18691809035330326
720,12.0,feeder2_1446,0.013290537224379945,0.1920379641682774,0.01334693251039074,0.19200804900206142
720,12.0,feeder2_1502,0.010508395036504211,0.1953533533992478,0.010567337876660794,0.19530849519341115
720,12.0,feeder2_1428,0.022602319762054863,0.1866291839574666,0.02265330708778651,0.1866459773970762
720,12.0,feeder2_1380,0.02214265335406037,0.1851890638515042,0.0221922907685552,0.18520350515771075
720,12.0,feeder2_1550,0.023147110365441124,0.1871606047030372,0.023197050556358883,0.187177387322285
720,12.0,feeder2_1386,0.021772901102385857,0.1833806896483193,0.021820699155599803,0.1833981570865578
720,12.0,feeder2_1551,0.022311716160664463,0.18271439335184797,0.022361919676471845,0.18272313899820566
720,12.0,feeder2_1400,0.021600789889277744,0.1826607941005163,0.021650213342749046,0.18267412279357062
720,12.0,feeder2_1552,0.02094833332831053,0.18321568313240127,0.021000323589571674,0.18322123984501065
720,12.0,feeder2_1408,0.021394180284527758,0.18081945531403873,0.021444532630428424,0.18083235942202858
720,12.0,feeder2_1553,0.021333444399305186,0.18086865982705017,0.021384433624048946,0.18087892725455265
720,12.0,feeder2_1416,0.02129210379032215,0.17984809420629966,0.021340296056237745,0.17986119223766572
720,12.0,feeder2_1530,0.021411918514061087,0.17992748073154763,0.0214600901257179,0.17994000557742157
720,12.0,feeder2_1425,0.021085747989961594,0.1779611604199496,0.021135378650010014,0.17797140363010774
720,12.0,feeder2_1589,0.021806764460141115,0.17705421859999332,0.021853837494347095,0.1770652274917467
720,12.0,feeder2_1435,0.021058365561206934,0.17764938095143365,0.021110534157735516,0.17765658289847622
720,12.0,feeder2_1621,0.01848901177382993,0.17447037082738864,0.018536111842306364,0.17448432465266325
720,12.0,feeder2_1564,0.02103394509820117,0.17771092605143288,0.02108414930069184,0.17772048459354128
720,12.0,feeder2_1704,0.009390426623879866,0.1947239226870498,0.009449367461709827,0.19468454765118015
720,12.0,feeder2_1525,0.010034378267937093,0.1967695375614225,0.01009611022373707,0.19672294662634746
720,12.0,feeder2_1716,0.0077698787251301235,0.1945927754057996,0.00782921478122173,0.19454631314129822
720,12.0,feeder2_1537,0.00956749848853027,0.19874724953558423,0.009630666648585732,0.19869197609947714
720,12.0,feeder2_1645,0.009325860786510104,0.20231409182262786,0.009369500490869674,0.20224710091601142
720,12.0,feeder2_1561,0.009754866551118034,0.19876121721451206,0.00981612789248877,0.19870629902831236
720,12.0,feeder2_1657,0.010602805959614806,0.19984675340641855,0.01066326411315865,0.19979855605388513
720,12.0,feeder2_1570,0.009778068106204007,0.19851366763430797,0.009842152636484646,0.198455059131462
720,12.0,feeder2_1756,0.011522980398996305,0.20141081245882964,0.011582661712028054,0.20136089303580493
720,12.0,feeder2_1588,0.009765119557650007,0.1980995788845031,0.009828725545460723,0.19804349867657284
720,12.0,feeder2_1628,0.010455947900318,0.1984884597384951,0.010521747578255825,0.19843609429301906
720,12.0,feeder2_1598,0.00970920538717752,0.1974816371040041,0.009772093617245785,0.19742412228971476
720,12.0,feeder2_1816,0.008036542985597086,0.19298856460542407,0.008094440201822166,0.19293363628237076
720,12.0,feeder2_1765,0.009609222952800806,0.19727992351297904,0.009672147179956963,0.19722210446517016
720,12.0,feeder2_1641,0.009466134188642625,0.19592611771661245,0.009531364461140491,0.195870120316137
720,12.0,feeder2_1689,0.009235203671607843,0.19454990010029585,0.009303172014900128,0.19448375221342498
720,12.0,feeder2_1744,0.009584599877186711,0.19597462181198433,0.009652435179878923,0.19591187930165155
720,12.0,feeder2_1817,0.009249085118510835,0.1941080214622479,0.009313624691844982,0.19404614049077493
720,12.0,feeder2_1779,0.008041963101051007,0.19384734780372948,0.008107974600517017,0.19378631480565725
720,12.0,feeder2_1800,0.010270593660903703,0.19379623858811412,0.010337607549684278,0.19373170690461372
720,12.0,feeder2_1818,0.008804952757081578,0.19403690520682804,0.00888216893027209,0.19397274470585224
720,12.0,feeder2_1753,0.009803516681273178,0.19605217461381289,0.009866918763821083,0.19599401092538468
720,12.0,feeder2_1754,0.009618897477345763,0.19599133722893866,0.009681590282641962,0.19593667500505074
750,12.5,secondary,0.04423711509128824,0.03534885865519114,0.04422220231352157,0.0353258301591768
750,12.5,feeder2_44,0.08231921753513106,0.1843524155213786,0.08228961781933253,0.1842286282953304
750,12.5,feeder2_45,0.08375715873463849,0.19004695648049774,0.08372588986451891,0.18991755975079128
750,12.5,feeder2_46,0.0805516346560518,0.18497517189407728,0.0805205621191869,0.1848490122954395
750,12.5,feeder2_51,0.08624614147258443,0.20013302693281157,0.08621589952380675,0.19999285445245737
750,12.5,feeder2_48,0.08487681576820398,0.1886740770045391,0.08484807193269611,0.18854464731971524
750,12.5,feeder2_52,0.08282932864979453,0.2016557347664303,0.08279866950615865,0.20151953902065206
750,12.5,feeder2_68,0.09365279537077861,0.2282074887017315,0.09362199021606263,0.22805168052572616
750,12.5,feeder2_69,0.09350695962131095,0.22915623326449858,0.09347495797705173,0.22900280123473563
750,12.5,feeder2_71,0.09463106765676575,0.2318760397228847,0.09459708252859042,0.23172072021332407
750,12.5,feeder2_72,0.09618541062506843,0.23010065300858598,0.09615270437470595,0.22994165170964329
750,12.5,feeder2_73,0.09767058864503635,0.24356671063297036,0.09763812903622687,0.24339846344848046
750,12.5,feeder2_74,0.09684898948235003,0.245172273326166,0.09681601655212288,0.24500682736294296
750,12.5,feeder2_77,0.10034260925658513,0.25337717820617756,0.10031004319575429,0.25320510282863895
750,12.5,feeder2_79,0.09907864308620505,0.2542775965954061,0.09904144650253678,0.25410633378100667
750,12.5,feeder2_81,0.10456993290554355,0.26844526907460414,0.10453306811322695,0.26826206913922246
750,12.5,feeder2_82,0.10597010881935055,0.26666458324274483,0.10593223301139701,0.2664830921185241
750,12.5,feeder2_116,0.12354056278836845,0.33772403430804016,0.12349709259523081,0.33749064222464037
750,12.5,feeder2_119,0.12238835845850991,0.33903788456518985,0.12234768970125194,0.3388047376888
750,12.5,feeder2_120,0.13083050053646583,0.36277521661540696,0.13078500746063376,0.3625250105581819
750,12.5,feeder2_248,0.13071284476466666,0.36274565539311154,0.13066645031707366,0.36249429417007817
750,12.5,feeder2_124,0.13533121161283246,0.3782021678454187,0.13528263541308813,0.37794076753530126
750,12.5,feeder2_282,0.13558428155980123,0.3778563773104082,0.13553552806135455,0.3775985856978876
750,12.5,feeder2_275,0.13521104153770463,0.378172717937554,0.13516658873475837,0.3779075627651115
750,12.5,feeder2_151,0.1431900673351775,0.40527558694551113,0.14314141164942085,0.40499484262368196
750,12.5,feeder2_295,0.14333938663817214,0.4055986367843884,0.14329276746101183,0.40531688211968336
750,12.5,feeder2_311,0.14324097531180155,0.40539009995946096,0.14319330813071846,0.40510809702832445
750,12.5,feeder2_201,0.15618688181007134,0.44971094492625274,0.15613572466213294,0.44939448516366576
750,12.5,feeder2_314,0.1562330959813773,0.4496469057342575,0.15617906969253476,0.4493339555816979
750,12.5,feeder2_342,0.1746784885242671,0.512899345706,0.1746209870399315,0.5125351049884553
750,12.5,feeder2_368,0.17502981722101127,0.5202786065420603,0.1749705145405666,0.5199173781447312
750,12.5,feeder2_347,0.18289677242542846,0.5302511308201883,0.1828346974581543,0.5298685990919799
750,12.5,feeder2_353,0.1869754074618009,0.5393908582261389,0.18691199954322724,0.538999571889449
750,12.5,feeder2_518,0.1836381186694132,0.5292497666811182,0.1835785558592949,0.5288652440499227
750,12.5,feeder2_365,0.19150858418774275,0.5495563871866765,0.19143967797300052,0.549151269508466
750,12.5,feeder2_653,0.18687538961571468,0.5393665135105506,0.1868117407803227,0.5389764898072235
750,12.5,feeder2_377,0.19396846715237082,0.5550719987168763,0.19390211641963148,0.5546611508008343
750,12.5,feeder2_622,0.19152535778459767,0.5495935950974133,0.19146022719112293,0.5491937302576363
750,12.5,feeder2_451,0.17662595940348733,0.518652697087361,0.17656869048702617,0.5182877746523242
750,12.5,feeder2_383,0.17527756993066945,0.5335779493326888,0.17521649885635493,0.5332189361202063
750,12.5,feeder2_385,0.19677954349671084,0.5613090071744778,0.19670978984275808,0.5608896175976062
750,12.5,feeder2_621,0.19413641391260625,0.5554180309146796,0.1940726562235346,0.5550046094559298
750,12.5,feeder2_611,0.17383359344580926,0.5332928624913277,0.17377511128387974,0.5329290140225763
750,12.5,feeder2_405,0.1753148273837095,0.5344320581274092,0.17525356653772048,0.5340729643029789
750,12.5,feeder2_461,0.2082122299984964,0.5867175092497113,0.20814379592797722,0.5862677331266326
750,12.5,feeder2_594,0.19670301316444183,0.5612859141479424,0.19663920545047775,0.5608625390693093
750,12.5,feeder2_732,0.1751635405640704,0.5343970117644414,0.1751062698965818,0.5340321382303175
750,12.5,feeder2_417,0.1756078997507171,0.5408782944524411,0.17555045368861175,0.5405169197986668
750,12.5,feeder2_663,0.17466255813552492,0.5431560544198714,0.17460065765961805,0.5427953206862175
750,12.5,feeder2_444,0.17579699446412572,0.544991968847463,0.17573548104850736,0.5446308262850424
750,12.5,feeder2_759,0.1785796491544861,0.5416707543964536,0.17852171133145062,0.5413094616561412
750,12.5,feeder2_842,0.18754084721052008,0.5686696813602663,0.1874781219462488,0.5683103228923472
750,12.5,feeder2_459,0.17554313921401196,0.545221510628437,0.17548087439430168,0.5448607878173256
750,12.5,feeder2_702,0.17729396841547543,0.5433934589539174,0.17723350060917684,0.5430335151898972
750,12.5,feeder2_493,0.17440310465703876,0.5468458894421973,0.17433979277866266,0.5464847490167843
750,12.5,feeder2_651,0.20838309287928686,0.5871089740447086,0.2083099626604385,0.5866605047054816
750,12.5,feeder2_684,0.2174274740350648,0.6069735999951125,0.21735139221583807,0.6065007266754613
750,12.5,feeder2_674,0.17202417153417054,0.5479711278267846,0.1719644891656424,0.5476094208576345
750,12.5,feeder2_696,0.17459739991263878,0.5477787737116704,0.1745413679897306,0.5474127890471623
750,12.5,feeder2_681,0.16602242339431839,0.5505351862895969,0.1659620321270102,0.5501712245437953
750,12.5,feeder2_682,0.1713581249275108,0.5488486485818006,0.17129564758592838,0.5484893926782596
750,12.5,feeder2_728,0.21864538407213455,0.6124125963515892,0.21857322577597385,0.611938460152117
750,12.5,feeder2_724,0.22442219156278004,0.615160572579747,0.22434807353778702,0.6146601413978441
750,12.5,feeder2_703,0.17468005264110845,0.5479478850240229,0.1746171633950728,0.5475873425391653
750,12.5,feeder2_704,0.17474180479378848,0.5480746574860783,0.17468070558338222,0.547713048750636
750,12.5,feeder2_754,0.22484186996423555,0.6146214331080156,0.22476634132227769,0.6141168953518149
750,12.5,feeder2_747,0.22727174754767224,0.6187700432759251,0.22719579512439722,0.6182559648555412
750,12.5,feeder2_828,0.21848121951268548,0.6123578497719688,0.2184080309534724,0.6118856673952144
750,12.5,feeder2_763,0.22051764161394766,0.6205554928278432,0.22044675677150163,0.6200778948224372
750,12.5,feeder2_836,0.22762364178754751,0.619475900852182,0.22754764534677277,0.6189614469709234
750,12.5,feeder2_758,0.22966553979935073,0.6215579323392341,0.2295889106067824,0.6210338710271798
750,12.5,feeder2_788,0.23108284268855064,0.6200964412260912,0.23100755022008604,0.6195744437417726
750,12.5,feeder2_812,0.23669955613460605,0.632027041623093,0.23661948563545973,0.6314782505927333
750,12.5,feeder2_947,0.22215504828382182,0.6184111797154194,0.22208316958325014,0.6179335401488385
750,12.5,feeder2_868,0.22135722845405384,0.6196165646617265,0.221285820111163,0.6191422006431407
750,12.5,feeder2_785,0.22146558158121304,0.6265105941442745,0.22138840418084454,0.6260381808264124
750,12.5,feeder2_1176,0.2345737904792402,0.6546589973444017,0.23449213525286805,0.6541817642047164
750,12.5,feeder2_846,0.22049778418390267,0.6268458899709857,0.2204280749614605,0.6263688384007637
750,12.5,feeder2_911,0.22147139948989034,0.6264470157184068,0.22139373652903094,0.6259711962366101
750,12.5,feeder2_1107,0.23797415822926607,0.6461705793216405,0.23789340675898402,0.6456181467476025
750,12.5,feeder2_920,0.23831964833707428,0.6310672686213185,0.23824204690783773,0.6305082004022631
750,12.5,feeder2_926,0.24084527267387046,0.6298395950876728,0.24076483026747356,0.6292694430905765
750,12.5,feeder2_1239,0.23819048965172002,0.6308446373980923,0.23810596175723467,0.6302880003396348
750,12.5,feeder2_933,0.24191726287708212,0.6295689360846168,0.24183914640796847,0.6289926485711974
750,12.5,feeder2_1146,0.24106651965190495,0.6285818785655504,0.24098802023041008,0.628008637044661
750,12.5,feeder2_1124,0.24145697903667626,0.6299366112434253,0.24137585859937769,0.6293642229231181
750,12.5,feeder2_942,0.2446292713632344,0.6284825240884162,0.2445448467464579,0.6278989342455539
750,12.5,feeder2_952,0.2483983266199451,0.6287759591983386,0.2483102106934503,0.6281723570129298
750,12.5,feeder2_965,0.24466016446951827,0.6282395347638016,0.24457772996974922,0.6276520687673764
750,12.5,feeder2_961,0.24875744224006946,0.6296381118160356,0.24867388019660944,0.6290299530271369
750,12.5,feeder2_963,0.2484086807597614,0.6285981343204711,0.24832224402351263,0.627997564978591
750,12.5,feeder2_973,0.25077082108639703,0.6339222923816416,0.2506830340344736,0.6333014060876129
750,12.5,feeder2_1128,0.2485793651289817,0.6301632455203584,0.24849250565015424,0.6295558070439958
750,12.5,feeder2_1113,0.24892340966268775,0.6280650921176854,0.24883627774737516,0.6274628772429055
750,12.5,feeder2_1143,0.2488693482160315,0.6179433089118946,0.24878308910662633,0.6173426850835727
750,12.5,feeder2_1238,0.24822861168541308,0.6243679817799244,0.248143842967787,0.6237812255740484
750,12.5,feeder2_979,0.24465758513309036,0.6282337722847612,0.244572966230835,0.6276519424301932
750,12.5,feeder2_1236,0.2536060056395122,0.6393287004954251,0.25351828090813266,0.6386906118020006
750,12.5,feeder2_989,0.2507723957462991,0.6339313237594592,0.25068728593155826,0.6333103952126615
750,12.5,feeder2_1196,0.24460189014786177,0.6282150567244819,0.24451718844454845,0.6276285031424856
750,12.5,feeder2_1158,0.25124553549748363,0.6350473563940281,0.2511565675933492,0.6344279471484922
750,12.5,feeder2_1122,0.23844451685067042,0.6515475288571535,0.23836374236475716,0.6509917193458712
750,12.5,feeder2_1258,0.23806686895014328,0.6463402340520104,0.23798893402480034,0.6457880232317933
750,12.5,feeder2_1303,0.23851672066818444,0.6514384986877066,0.23843378938777465,0.650888838668883
750,12.5,feeder2_1138,0.2388177784527998,0.6558240145728842,0.23873617334098274,0.6552675064149458
750,12.5,feeder2_1304,0.23789500055306131,0.6566275929584003,0.23781637292419178,0.6560712288690512
750,12.5,feeder2_1212,0.2398507797771518,0.664330460829379,0.23976841267753474,0.6637782812140507
750,12.5,feeder2_1311,0.24151036657823138,0.6626271333230097,0.2414284459696848,0.6620729183513905
750,12.5,feeder2_1290,0.24087654382485918,0.6762818353558994,0.24079193524711223,0.6757283196805345
750,12.5,feeder2_1325,0.2572369095385064,0.6452659730158331,0.25714423084429566,0.6446075394365752
750,12.5,feeder2_1248,0.2536087845172849,0.6393355842220939,0.253520116267293,0.6386963216065805
750,12.5,feeder2_1249,0.24824369971347596,0.6243492622931459,0.2481618565374338,0.6237609336259291
750,12.5,feeder2_1250,0.2506970111202038,0.6217004003461916,0.2506185675070305,0.621112328038443
750,12.5,feeder2_1366,0.2536656781696409,0.6394743697512046,0.2535794879276206,0.638836469548973
750,12.5,feeder2_1266,0.23813220021803538,0.6464512505315555,0.2380553412525865,0.6458963719889349
750,12.5,feeder2_1372,0.24207204302153723,0.6750383563243134,0.24199232981966845,0.6744818353323297
750,12.5,feeder2_1363,0.24168186186702892,0.6908988381146013,0.24160194156860218,0.6903418121800831
750,12.5,feeder2_1446,0.2572762417880129,0.6452159370169165,0.25718544942154226,0.6445537837509544
750,12.5,feeder2_1502,0.26131953263875574,0.6520233226661463,0.2612256270261734,0.6513328987839971
750,12.5,feeder2_1428,0.24097540243546178,0.6917971579118053,0.24089409038665333,0.6912397242602231
750,12.5,feeder2_1380,0.24307913148692412,0.7073801458525314,0.24299961407975315,0.7068182101024002
750,12.5,feeder2_1550,0.24312348619869645,0.7073135254853989,0.2430421671080374,0.706753644601517
750,12.5,feeder2_1386,0.24376630080561779,0.7154551289394284,0.24368297067176087,0.7148974961242538
750,12.5,feeder2_1551,0.24365207846096973,0.7154236064316822,0.24356821834629624,0.7148678671419252
750,12.5,feeder2_1400,0.24409884412371238,0.7193025774204876,0.24401886263301556,0.7187409799394061
750,12.5,feeder2_1552,0.24251133984168433,0.7188892261163731,0.242428168674472,0.7183295961145649
750,12.5,feeder2_1408,0.24494496612400188,0.7275612083917016,0.2448590408871229,0.7270000773024656
750,12.5,feeder2_1553,0.24481760335522976,0.7275230724025359,0.24473802436905068,0.726960946022334
750,12.5,feeder2_1416,0.2453915523912672,0.7318712821641192,0.245307512982994,0.7313095414754132
750,12.5,feeder2_1530,0.2454520460699488,0.7317846158919785,0.24537216781486026,0.7312239605093479
750,12.5,feeder2_1425,0.24624427170559857,0.7401265674565786,0.2461620588148849,0.7395645641688178
750,12.5,feeder2_1589,0.24451067990870498,0.7412991431807247,0.24442599648492294,0.7407412793981469
750,12.5,feeder2_1435,0.24646476414040042,0.7416973500199631,0.24638133527439143,0.741135786191924
750,12.5,feeder2_1621,0.2532726493747025,0.7567119300217028,0.2531862529136576,0.7561482978896779
750,12.5,feeder2_1564,0.24602482020276112,0.7430771846640938,0.24594040038523132,0.7425182945284813
750,12.5,feeder2_1704,0.26078356274985914,0.6524805895336452,0.26068885963717053,0.6517939605333668
750,12.5,feeder2_1525,0.2623657474349652,0.653562600731818,0.2622701919184703,0.652864334461015
750,12.5,feeder2_1716,0.27116518884259344,0.6779399511112962,0.271058617356567,0.6772457053942422
750,12.5,feeder2_1537,0.2629112588680867,0.651462981035087,0.2628139133276214,0.650761583888102
750,12.5,feeder2_1645,0.26218875687317056,0.6522163407807137,0.2620952696608823,0.6515073312579905
750,12.5,feeder2_1561,0.26366831286763937,0.6487347984508599,0.26357173833109515,0.6480207575315551
750,12.5,feeder2_1657,0.26421208596266543,0.6480391260780981,0.2641158104760158,0.6473232060994798
750,12.5,feeder2_1570,0.26399075877805817,0.6477163588957735,0.26389514099672506,0.6469950965911034
750,12.5,feeder2_1756,0.2671598872513524,0.644460016051411,0.26706580697950855,0.6437404572442263
750,12.5,feeder2_1588,0.2642543095057424,0.6469787586202017,0.2641569894239682,0.6462536285185528
750,12.5,feeder2_1628,0.2646703061736971,0.6464493800903242,0.2645701430521871,0.6457285429337092
750,12.5,feeder2_1598,0.2645824584613192,0.6461911790233065,0.26448358177876047,0.645464099737338
750,12.5,feeder2_1816,0.2662558669358788,0.6501907922535184,0.2661561513647306,0.6494619667855157
750,12.5,feeder2_1765,0.2646727659650371,0.6463911207392994,0.2645762269769043,0.645660902936885
750,12.5,feeder2_1641,0.26595818239766844,0.6410557916580695,0.2658592030362059,0.6403011434616399
750,12.5,feeder2_1689,0.26713134990843823,0.6369054345199351,0.26703169311962693,0.6361293638374185
750,12.5,feeder2_1744,0.26601814125051376,0.6409698213538799,0.2659223779949279,0.6402157019369409
750,12.5,feeder2_1817,0.2668773726557193,0.6377207455043132,0.26677376419590904,0.6369488252842826
750,12.5,feeder2_1779,0.26716621646499306,0.6369722715157715,0.26706864632683386,0.6361938867221294
750,12.5,feeder2_1800,0.2665346698536636,0.637749163771427,0.26643533516835705,0.636973361772128
750,12.5,feeder2_1818,0.279655857078204,0.6240653715699467,0.27954956781146834,0.6232502215036437
750,12.5,feeder2_1753,0.26612366688504535,0.6408105079841759,0.26602620531937626,0.6400561768043126
750,12.5,feeder2_1754,0.2660366915165548,0.6409450481269232,0.26593827163692424,0.6401918336771539
780,13.0,secondary,0.039828273732098296,0.024252147923782337,0.03980471863562392,0.024216010792496318
780,13.0,feeder2_44,0.07429523103780648,0.12678814928509252,0.07425202272003996,0.126603728859618
780,13.0,feeder2_45,0.07559439189984991,0.130779626627825,0.07554973844539056,0.13058732800932404
780,13.0,feeder2_46,0.07417191524936124,0.12670102554302595,0.0741281679088872,0.12651685181450065
780,13.0,feeder2_51,0.07707793854076299,0.13395754251518338,0.07703208308325012,0.13375651503081945
780,13.0,feeder2_48,0.09616106487500943,0.15498782247346546,0.09612187864189528,0.1547965903162623
780,13.0,feeder2_52,0.08116284450079789,0.12730772103184648,0.08111297200440103,0.12710951897379205
780,13.0,feeder2_68,0.08125792435413176,0.14533306480434582,0.08121265957163509,0.14509959636443487
780,13.0,feeder2_69,0.07777654755462732,0.14526780660823266,0.0777289467841418,0.14503419341465698
780,13.0,feeder2_71,0.08184858379113139,0.14687188054520428,0.08179709037602689,0.14663625105003927
780,13.0,feeder2_72,0.08504588703038828,0.15139402404143013,0.08499892827387569,0.15116279089208254
780,13.0,feeder2_73,0.08358277665585384,0.15112422533804729,0.0835328006159475,0.15087937642623994
780,13.0,feeder2_74,0.08355558684140842,0.15105738258185977,0.0835091172834266,0.15080988028595235
780,13.0,feeder2_77,0.08508293023682861,0.15478888897212018,0.08503333239557556,0.15453327527323188
780,13.0,feeder2_79,0.08309159928535398,0.15468251445104764,0.08303693180972589,0.1544231628246725
780,13.0,feeder2_81,0.08759287125954243,0.16075163053123778,0.08753908632637043,0.16048162716070766
780,13.0,feeder2_82,0.08845171626509732,0.16171439561714873,0.08839348882186482,0.1614447096386785
780,13.0,feeder2_116,0.09883242833948705,0.1869386336593973,0.09876932104018542,0.186611297890251
780,13.0,feeder2_119,0.09696886059217319,0.18052862146179233,0.09690036945542446,0.1802229580036662
780,13.0,feeder2_120,0.10427064402948746,0.1997512633638727,0.10420814939894522,0.1993852451139816
780,13.0,feeder2_248,0.10544890199478672,0.19775968235898758,0.10538408364420213,0.19739751272168524
780,13.0,feeder2_124,0.10763989688678192,0.20846032510406395,0.10757237806348421,0.20807604122778864
780,13.0,feeder2_282,0.1091349688402987,0.2100471228156626,0.10906937872505916,0.20966034817298637
780,13.0,feeder2_275,0.1075973950032008,0.20840973535024482,0.10753468135262886,0.20802407627344074
780,13.0,feeder2_151,0.11340716753270169,0.22275830947506078,0.11334101522700478,0.22233581004734868
780,13.0,feeder2_295,0.11276523501123764,0.22214711664787923,0.11269822589781979,0.22172462985311597
780,13.0,feeder2_311,0.11333686815359352,0.22268889517181975,0.11326739122388187,0.2222675384048396
780,13.0,feeder2_201,0.12323974230068584,0.2478207171136093,0.12316733352377388,0.24733868647687382
780,13.0,feeder2_314,0.12390638194835309,0.24872810016588606,0.12383703818852257,0.2482449197743129
780,13.0,feeder2_342,0.13693473972737494,0.2815590477662501,0.13685432077973758,0.28098644886221374
780,13.0,feeder2_368,0.13506128426919356,0.2767198481386129,0.13498274546314915,0.27616814905846504
780,13.0,feeder2_347,0.14713633973198476,0.3087129890394607,0.14705612101592835,0.3080684092221249
780,13.0,feeder2_353,0.15166666870205053,0.3203057722822363,0.15158721417823176,0.3196240467931541
780,13.0,feeder2_518,0.15197459585787546,0.3137145011381361,0.15189756179385697,0.31307299569611446
780,13.0,feeder2_365,0.15675052047437527,0.3337968143499526,0.15667393449800654,0.3330772648488319
780,13.0,feeder2_653,0.15161900713509996,0.3202418778372783,0.15153998208547112,0.31956117566810455
780,13.0,feeder2_377,0.1596822194006742,0.3409057132610822,0.15960372448564158,0.340168700711473
780,13.0,feeder2_622,0.15354167048755818,0.33579027601425787,0.15346361528108227,0.33506793385145484
780,13.0,feeder2_451,0.1351559717610089,0.2768187768368248,0.13507795023333924,0.27626726116708505
780,13.0,feeder2_383,0.13210068803734995,0.2700149069719794,0.13201964248235037,0.2694967412365408
780,13.0,feeder2_385,0.16307016283181244,0.34941488577342145,0.16298954990248996,0.34865557262191377
780,13.0,feeder2_621,0.15915288237050781,0.34049897136679325,0.15907680038474448,0.3397574545798048
780,13.0,feeder2_611,0.12830172756845482,0.2645907123266796,0.12821315700961722,0.26409506317886433
780,13.0,feeder2_405,0.13204050135011489,0.2698902933990486,0.13195953999055196,0.2693747621591329
780,13.0,feeder2_461,0.17701727919174037,0.387636287483493,0.1769337371427001,0.38679246715748267
780,13.0,feeder2_594,0.16359581160010295,0.34809576212493204,0.16351657048808843,0.3473348460942122
780,13.0,feeder2_732,0.13184805714407533,0.26965365759804477,0.13176811280924727,0.2691368181728305
780,13.0,feeder2_417,0.13161115578675817,0.26903828507234545,0.13152837655310126,0.26853299156860044
780,13.0,feeder2_663,0.13155584413350868,0.26897478474324404,0.13147397609528425,0.26846497229854327
780,13.0,feeder2_444,0.1312898251023431,0.26846522395405653,0.13120755782005084,0.2679637841912485
780,13.0,feeder2_759,0.13422863994215758,0.27258759115308506,0.1341491992502856,0.2720925360563
780,13.0,feeder2_842,0.13029782686543445,0.2674755749315566,0.1302159664694002,0.26697302295042924
780,13.0,feeder2_459,0.1311150895426962,0.2680641032609369,0.1310325482569546,0.26756493736288695
780,13.0,feeder2_702,0.1321576562757922,0.269232573620158,0.13207341663000666,0.2687355564571484
780,13.0,feeder2_493,0.13033121908209566,0.26612516509359807,0.13024830120357211,0.265633312550715
780,13.0,feeder2_651,0.17699362775535246,0.38762225527503236,0.17691327476816873,0.386775699251182
780,13.0,feeder2_684,0.18850857401135612,0.4200503798743769,0.18842493758028125,0.4191429150601978
780,13.0,feeder2_674,0.1295426326184597,0.264786802432313,0.12945331007668656,0.26430360014321885
780,13.0,feeder2_696,0.13025790499143514,0.2655054872468873,0.13017830867059857,0.26501424648807326
780,13.0,feeder2_681,0.12775382024054333,0.26130587250019555,0.127666145302204,0.2608360564168221
780,13.0,feeder2_682,0.1295133900970153,0.26476320382554797,0.1294263629477284,0.2642812422558948
780,13.0,feeder2_728,0.1895128415832692,0.42279487110444547,0.1894309109829953,0.42188792578951645
780,13.0,feeder2_724,0.19868087120412534,0.4482344554945939,0.19859531091334687,0.4472557628342889
780,13.0,feeder2_703,0.13015356555252708,0.26538777402127534,0.1300695361657797,0.264898030255677
780,13.0,feeder2_704,0.1301020162288754,0.26532592117682896,0.1300178742457541,0.2648381767193
780,13.0,feeder2_754,0.20905668550990153,0.45817268721647253,0.20897282554010638,0.45719572971702316
780,13.0,feeder2_747,0.20185290355087504,0.4547267593350187,0.20176969237695602,0.4537238508363294
780,13.0,feeder2_828,0.1892063688916211,0.42238360906784905,0.1891251877831786,0.42147795928610227
780,13.0,feeder2_763,0.19118129755998428,0.42745793614258926,0.19109651500187866,0.4265547792961362
780,13.0,feeder2_836,0.19711386728104885,0.4540543670711576,0.19703764859096803,0.45304805112983076
780,13.0,feeder2_758,0.2045189284387915,0.4613538675591369,0.20443150937089852,0.46033056489926055
780,13.0,feeder2_788,0.20549433213069004,0.46168834587892993,0.2054112657412289,0.4606619909218886
780,13.0,feeder2_812,0.21237714437046754,0.4816087086234635,0.21229080739648395,0.4805234387014921
780,13.0,feeder2_947,0.20257058711674455,0.4370595747078455,0.2024887227233442,0.43616124621283847
780,13.0,feeder2_868,0.19189628665087874,0.42816570283634015,0.191813050448477,0.4272632119869388
780,13.0,feeder2_785,0.19131526396236603,0.4276086846404524,0.19123154630385908,0.4267048518837018
780,13.0,feeder2_1176,0.19078992640576944,0.42733924721600663,0.1907073266407584,0.4264346436980677
780,13.0,feeder2_846,0.19085392531826353,0.42690359427514724,0.19077271488030279,0.42600145875353057
780,13.0,feeder2_911,0.19187685797780807,0.42893916256622017,0.1917926855924926,0.4280395297761255
780,13.0,feeder2_1107,0.21012706635251152,0.4673447229627704,0.2100410315501519,0.4662549723163041
780,13.0,feeder2_920,0.21520829949368148,0.49133371221114586,0.21511860182847664,0.4902300049949663
780,13.0,feeder2_926,0.21956644488425733,0.5069508724027896,0.21947668204853263,0.5058220763848318
780,13.0,feeder2_1239,0.21504979210249112,0.49007294494995923,0.2149623061874354,0.4889683641400795
780,13.0,feeder2_933,0.2214939870018767,0.5138626541929181,0.22140292088024807,0.5127256351249846
780,13.0,feeder2_1146,0.21958516318694468,0.5070622277057586,0.2194954844003602,0.5059383562281308
780,13.0,feeder2_1124,0.2214756759011901,0.5138572391768037,0.22138795391655738,0.5127188484207429
780,13.0,feeder2_942,0.22637693196894915,0.5314247656186657,0.22628513133226305,0.5302596632698233
780,13.0,feeder2_952,0.23024204983537042,0.5445088483607535,0.2301492847700145,0.5432978604432479
780,13.0,feeder2_965,0.2268137566332306,0.5331467757125696,0.22671992819789463,0.5319813384746377
780,13.0,feeder2_961,0.23046725008740965,0.545025497132748,0.2303740003013188,0.5438163732015636
780,13.0,feeder2_963,0.2302838581075286,0.5447110382144461,0.23018825585295824,0.5435008606199412
780,13.0,feeder2_973,0.23168655844174368,0.5480265453340352,0.23159272599095906,0.546790382153929
780,13.0,feeder2_1128,0.2304547191801443,0.5449745074723713,0.23036223639478723,0.5437626745471625
780,13.0,feeder2_1113,0.23033127291213856,0.5447559716476332,0.2302386374102208,0.5435473404689418
780,13.0,feeder2_1143,0.2331826988457622,0.5587377249524753,0.23308869160786963,0.557530193875984
780,13.0,feeder2_1238,0.26086827758810205,0.5592614309004154,0.26077868204594357,0.5580996202577264
780,13.0,feeder2_979,0.22681093472246114,0.5331356086988416,0.22672175245017695,0.5319720276301706
780,13.0,feeder2_1236,0.23367378285150045,0.5523124584811312,0.23357826466661008,0.5510422807870395
780,13.0,feeder2_989,0.23168541970705342,0.5480340046859469,0.23159251102252212,0.546798847569879
780,13.0,feeder2_1196,0.22677431577635462,0.5330862460918953,0.22668022963352125,0.5319174884613084
780,13.0,feeder2_1158,0.23014021096013515,0.5491488725528144,0.23004818377497563,0.5479144349321974
780,13.0,feeder2_1122,0.2092428475911027,0.4618533997155123,0.20915637516218674,0.46076190006740725
780,13.0,feeder2_1258,0.20992808291169335,0.4673318529966118,0.20984290040619635,0.4662432475678756
780,13.0,feeder2_1303,0.21003386046547748,0.4625814176923573,0.20994873994248944,0.46149189211071395
780,13.0,feeder2_1138,0.2084962657515931,0.4572585809610218,0.20841003058589794,0.45617117920133965
780,13.0,feeder2_1304,0.20293524790610812,0.4482715127835276,0.20284522923632609,0.44718378529543185
780,13.0,feeder2_1212,0.20854140231527765,0.4545632947424598,0.20845920864076584,0.4534743422407089
780,13.0,feeder2_1311,0.20991900815816641,0.455817217228241,0.20983169079866765,0.45472411759866166
780,13.0,feeder2_1290,0.2084066531147098,0.4503210074159482,0.20832192320562326,0.44922540105404435
780,13.0,feeder2_1325,0.23601765489257998,0.5585102375387339,0.23592099569897806,0.5571996417395769
780,13.0,feeder2_1248,0.23365146379219648,0.5523198463838029,0.2335609418463689,0.5510495127990105
780,13.0,feeder2_1249,0.2699067391296478,0.5665153881684253,0.269818441316954,0.5653556720229869
780,13.0,feeder2_1250,0.26306380758240505,0.5606151871309725,0.26297654610493515,0.5594545192688021
780,13.0,feeder2_1366,0.233604300289128,0.5523319376016785,0.2335107516456154,0.5510649449525391
780,13.0,feeder2_1266,0.20975093067019812,0.4673255223364279,0.2096639000765363,0.46623718251329316
780,13.0,feeder2_1372,0.20867435401657614,0.4505732343580586,0.20859110172125211,0.44947895669217447
780,13.0,feeder2_1363,0.20821391415730395,0.44562742178745524,0.2081310822322205,0.4445300891505043
780,13.0,feeder2_1446,0.23627691005680876,0.5587298827899204,0.23618049786621131,0.5574186943660973
780,13.0,feeder2_1502,0.23860697775264358,0.5655517476949504,0.23850772202338866,0.564189968305512
780,13.0,feeder2_1428,0.20815747118570105,0.4455475349874759,0.20807598658227885,0.4444491106602652
780,13.0,feeder2_1380,0.20803231918544263,0.4403872840261119,0.2079540242702232,0.4392871825823096
780,13.0,feeder2_1550,0.2081330691447179,0.4404873299614007,0.2080515816027604,0.4393862785298393
780,13.0,feeder2_1386,0.20794516944634386,0.4379163767238957,0.20786667553832672,0.43681311432392833
780,13.0,feeder2_1551,0.2084380092223969,0.4361519341748818,0.2083568948394861,0.43505091850327954
780,13.0,feeder2_1400,0.20793224976921731,0.4372011459159738,0.20785217248521126,0.43609865918933166
780,13.0,feeder2_1552,0.20738912759978376,0.4340545069214093,0.20730733417008784,0.43295555367232
780,13.0,feeder2_1408,0.20813704693389365,0.43740910104389563,0.20806104299244088,0.4363046748232853
780,13.0,feeder2_1553,0.20804774820872576,0.4372896586918598,0.2079696709059082,0.4361865214745223
780,13.0,feeder2_1416,0.20825441877037168,0.43757565920597663,0.2081777389621787,0.43647640445834596
780,13.0,feeder2_1530,0.20971972364362096,0.4376350421727859,0.20964359677203082,0.43653454028549615
780,13.0,feeder2_1425,0.2082608768365001,0.43784544256316543,0.20818417759402202,0.43674623596393347
780,13.0,feeder2_1589,0.207523000562312,0.43672041878035517,0.2074465987096266,0.43562026385241737
780,13.0,feeder2_1435,0.20828639224386125,0.4380174387130194,0.20821077670313276,0.4369125629525696
780,13.0,feeder2_1621,0.20229506376088333,0.44169354727406324,0.20223128061436133,0.4405927990911466
780,13.0,feeder2_1564,0.2082585272955931,0.4379000207697178,0.2081830990647495,0.4367953217264927
780,13.0,feeder2_1704,0.2375025134650868,0.5666135670824415,0.23740599242592203,0.5652534231539716
780,13.0,feeder2_1525,0.23933684553953277,0.5670563088854547,0.2392339058038413,0.5656877920867204
780,13.0,feeder2_1716,0.23331246005280493,0.5707481179626455,0.23322966253213387,0.5693799878429
780,13.0,feeder2_1537,0.24004864706283507,0.5685221906415846,0.23994735465720168,0.5671393684737877
780,13.0,feeder2_1645,0.23972558643856964,0.5672700629014114,0.23962420635067808,0.565890160278161
780,13.0,feeder2_1561,0.24096096717372817,0.5708873821725681,0.24085934980003504,0.5694864767224801
780,13.0,feeder2_1657,0.2492204198594384,0.5776460121448772,0.24911730003306715,0.5762486022284318
780,13.0,feeder2_1570,0.2410109193663911,0.5701637661072123,0.24090584819002037,0.5687585362488949
780,13.0,feeder2_1756,0.24362771568973737,0.5722940414881106,0.24352427829469683,0.5708891562296579
780,13.0,feeder2_1588,0.24102915419124482,0.5693471876982752,0.2409270643889335,0.567935456996432
780,13.0,feeder2_1628,0.24226151154606695,0.5698574419776458,0.24215867584869571,0.5684476277939544
780,13.0,feeder2_1598,0.24097197410842394,0.5681464235931609,0.24086714244445762,0.5667295325372196
780,13.0,feeder2_1816,0.23027139819604242,0.5768090441538534,0.2302004906121896,0.5753999823118703
780,13.0,feeder2_1765,0.2409159779403283,0.5681690208386243,0.2408127987486596,0.5667502904625487
780,13.0,feeder2_1641,0.24026680592473715,0.5611661914520774,0.24015539463692576,0.55970549847341
780,13.0,feeder2_1689,0.23921123365085567,0.5542213388057958,0.2390982495736165,0.5527340533673801
780,13.0,feeder2_1744,0.24153444777337862,0.5616904705229542,0.2414241810641566,0.5602317956012143
780,13.0,feeder2_1817,0.23915730881801786,0.5539893110020102,0.23904404725153366,0.5525006300962998
780,13.0,feeder2_1779,0.23919825607826173,0.5542226068408471,0.23908289237498367,0.5527339685514643
780,13.0,feeder2_1800,0.2356006887676525,0.5468208875702887,0.235482716520224,0.5453304441751796
780,13.0,feeder2_1818,0.23899365033767367,0.5485978623948334,0.2388300908933187,0.5470456867935579
780,13.0,feeder2_1753,0.2426630792531182,0.5626074900725699,0.2425543227403949,0.5611502788571923
780,13.0,feeder2_1754,0.24216549036311916,0.5618551372458908,0.24205739810274043,0.560398987874042
810,13.5,secondary,0.0799492594654139,0.0421138055158978,0.07994044224585128,0.042096710448057614
810,13.5,feeder2_44,0.14885274368393064,0.21974848294988458,0.1488382601013041,0.21966537256304808
810,13.5,feeder2_45,0.1515016208782147,0.22644512331623545,0.15148600715173827,0.22635251961421304
810,13.5,feeder2_46,0.14583564292436726,0.22231929391658642,0.14582087632527732,0.22223387669730085
810,13.5,feeder2_51,0.15602156628052388,0.23769891737793736,0.15600371917731595,0.23760583423172071
810,13.5,feeder2_48,0.15369232767833013,0.2287950031111857,0.1536770810145224,0.22870868612567744
810,13.5,feeder2_52,0.1558800361813279,0.23658939065347187,0.15586669718412818,0.2364957508831397
810,13.5,feeder2_68,0.16888083823333688,0.26981235753305993,0.1688661531231798,0.2697072605546832
810,13.5,feeder2_69,0.16875098450003276,0.26977532765328704,0.1687343971022258,0.2696697313107316
810,13.5,feeder2_71,0.1705916015422918,0.27407380304069334,0.17057205348092774,0.27396524826227336
810,13.5,feeder2_72,0.17081575547151895,0.2743150611944147,0.17079538396182783,0.2742046112094932
810,13.5,feeder2_73,0.1759483866425549,0.2873857943058214,0.17593090019667867,0.2872701051216462
810,13.5,feeder2_74,0.17714470767148702,0.285558407999637,0.1771279686864805,0.28544355555198925
810,13.5,feeder2_77,0.18054183483607683,0.29910209540512434,0.18052488977066886,0.29898577738304477
810,13.5,feeder2_79,0.18045513573999772,0.29907614523162585,0.18043735225909413,0.2989561291332687
810,13.5,feeder2_81,0.18782564863167556,0.31765055738138764,0.18780445861203018,0.3175252436139633
810,13.5,feeder2_82,0.19037775846065766,0.3203310736506344,0.1903560595522777,0.3202035442502768
810,13.5,feeder2_116,0.21990577218091337,0.39778252380204043,0.2198845526318869,0.39762293663415493
810,13.5,feeder2_119,0.21989049158836357,0.39773094170499945,0.2198671106327558,0.39757221627960626
810,13.5,feeder2_120,0.2318729354042146,0.42751217645608103,0.2318518976802032,0.4273396933653141
810,13.5,feeder2_248,0.2318345611514354,0.42742641858177566,0.2318105384958829,0.427252719336151
810,13.5,feeder2_124,0.23925846480794796,0.4458340112618195,0.23923386922020806,0.4456542081453131
810,13.5,feeder2_282,0.24581818533985386,0.452382420912552,0.24579339435894088,0.4522031243320304
810,13.5,feeder2_275,0.2392195280832903,0.4457458361153446,0.23919322563329,0.44556734118002245
810,13.5,feeder2_151,0.2510778315488328,0.4735210487902512,0.2510516224496699,0.47332980825782733
810,13.5,feeder2_295,0.2461009956177967,0.47457841196604045,0.24607435069937808,0.4743904575923335
810,13.5,feeder2_311,0.25100488427953294,0.4734901142604996,0.2509781050278142,0.47329980099102475
810,13.5,feeder2_201,0.2718248377901044,0.5189785961512389,0.27179392045150336,0.5187640419492698
810,13.5,feeder2_314,0.2719093829466335,0.519066024252542,0.2718805267268197,0.5188529269612939
810,13.5,feeder2_342,0.30128028989382755,0.5834606222240948,0.30124763367518886,0.5832149839867611
810,13.5,feeder2_368,0.30279221607861534,0.5875778330963223,0.3027590313592038,0.5873277784257267
810,13.5,feeder2_347,0.313902161609283,0.6074624588050016,0.3138674369787337,0.6071998556514893
810,13.5,feeder2_353,0.32006201760781006,0.61873555566832,0.3200289698417969,0.6184632861317348
810,13.5,feeder2_518,0.31512702526358133,0.6087254651422279,0.3150927122275197,0.6084624040647213
810,13.5,feeder2_365,0.3269124528781595,0.6312739304019147,0.3268753823425837,0.6309922928743825
810,13.5,feeder2_653,0.32002828714026066,0.6186619286828586,0.3199960621620185,0.6183892959235598
810,13.5,feeder2_377,0.3308007147938014,0.6375686223182704,0.33076473726383776,0.6372841192998633
810,13.5,feeder2_622,0.32374006641683634,0.6335220945195466,0.32370530550934096,0.6332462761690208
810,13.5,feeder2_451,0.30288522440471416,0.5876744976177353,0.30285311302685936,0.5874229932029401
810,13.5,feeder2_383,0.30522209656890303,0.5941710673733428,0.3051885412003641,0.5939175958530505
810,13.5,feeder2_385,0.33550960598359286,0.6447269149526208,0.33547727342540645,0.6444361850943092
810,13.5,feeder2_621,0.3256568006096023,0.6384662324991108,0.3256194177613454,0.6381852974725903
810,13.5,feeder2_611,0.3052877510333411,0.5935746904317714,0.30525584422867924,0.5933264935323056
810,13.5,feeder2_405,0.3053762570783676,0.5946139814103026,0.3053411275813071,0.5943650159639459
810,13.5,feeder2_461,0.3546577621192157,0.6740052642534285,0.3546217664068214,0.6736903397901466
810,13.5,feeder2_594,0.3354797234531297,0.6446738260871868,0.33544363576526554,0.6443857094622076
810,13.5,feeder2_732,0.3069349818534245,0.5905010534554715,0.3069037817218817,0.5902516082390961
810,13.5,feeder2_417,0.30652103191317315,0.598841840955266,0.30648985885150676,0.5985915428275884
810,13.5,feeder2_663,0.30646247403774174,0.5988129138360996,0.3064296024370008,0.5985628743527508
810,13.5,feeder2_444,0.30739431436984005,0.6020683632108103,0.3073624433208157,0.601817704291893
810,13.5,feeder2_759,0.3083415838521343,0.6030515274307228,0.30830833136551966,0.6027999196304199
810,13.5,feeder2_842,0.3071172870633706,0.6019399761273223,0.3070840201353623,0.6016921898122728
810,13.5,feeder2_459,0.3076848563735594,0.6031434756174378,0.3076523926473061,0.6028946071266055
810,13.5,feeder2_702,0.3191065364314406,0.6149896230452022,0.31907184441558156,0.6147389048465911
810,13.5,feeder2_493,0.30746264585613603,0.6024572301521748,0.30743180364900496,0.602204833369078
810,13.5,feeder2_651,0.3546262001934906,0.6739893871023475,0.3545889356232487,0.6736742200723728
810,13.5,feeder2_684,0.37024401058608153,0.6979906092370007,0.3702074542639095,0.6976516653331428
810,13.5,feeder2_674,0.30749221876188776,0.6018010630619771,0.3074581465458065,0.6015491499561167
810,13.5,feeder2_696,0.30706955818115966,0.6032478725546937,0.3070389509693386,0.6029973679732779
810,13.5,feeder2_681,0.3071781120542631,0.6007122594362763,0.30714403339946295,0.6004613298835073
810,13.5,feeder2_682,0.30809808576464165,0.6007348190505208,0.30806390814351725,0.6004855669407725
810,13.5,feeder2_728,0.37187124805244176,0.7032833127245244,0.37183235106255197,0.7029439936766677
810,13.5,feeder2_724,0.3837967048024145,0.7103866467794685,0.38375535013499884,0.7100311164944553
810,13.5,feeder2_703,0.30696106366659714,0.6031977902064125,0.3069268184716179,0.602947834006899
810,13.5,feeder2_704,0.3065679964519693,0.6035963228978991,0.3065376155668604,0.6033474224357633
810,13.5,feeder2_754,0.3849396703299165,0.711555209283534,0.384897934532974,0.7111981362450914
810,13.5,feeder2_747,0.38920434709250196,0.7148062909932384,0.3891606286171503,0.7144416503712886
810,13.5,feeder2_828,0.3720157540690489,0.700564765276838,0.3719745890869957,0.7002263419093577
810,13.5,feeder2_763,0.37461874504124665,0.7150174054999419,0.3745771603711028,0.714679340960896
810,13.5,feeder2_836,0.38178310793409304,0.7116091150691207,0.3817401694313114,0.711249071136355
810,13.5,feeder2_758,0.39404354159179694,0.720615047950875,0.39399806323450376,0.7202417484526968
810,13.5,feeder2_788,0.39500324273115905,0.7216096942051952,0.3949606290792179,0.7212381791084692
810,13.5,feeder2_812,0.40867888597923135,0.7375372523906826,0.4086333443582341,0.7371386457083361
810,13.5,feeder2_947,0.3773687853300786,0.7178742887793856,0.37733060124646106,0.7175342288567764
810,13.5,feeder2_868,0.37561063511179615,0.7160471792615326,0.3755709180672631,0.7157088695677174
810,13.5,feeder2_785,0.3758979063900184,0.7207057280399559,0.3758579729954649,0.7203657720726926
810,13.5,feeder2_1176,0.371061233152712,0.7220894090727569,0.3710205952745295,0.7217522706392562
810,13.5,feeder2_846,0.37548936018497103,0.7197976551527836,0.375448837045781,0.7194577266271768
810,13.5,feeder2_911,0.3795376112923813,0.7339665746280627,0.3794971652116807,0.7336263460401317
810,13.5,feeder2_1107,0.406719070965405,0.7335218360259177,0.4066744228878578,0.7331157514256229
810,13.5,feeder2_920,0.4133198196669773,0.7434697459746179,0.41327392588339573,0.7430643657848836
810,13.5,feeder2_926,0.42033915775694247,0.7533914124314408,0.4202918822663444,0.7529758664910909
810,13.5,feeder2_1239,0.4131972619023213,0.7422275470997098,0.4131531528807424,0.7418219304965002
810,13.5,feeder2_933,0.4233812811166973,0.7575993454552724,0.42333670093494735,0.7571795150224876
810,13.5,feeder2_1146,0.4206475582312597,0.7543059994813188,0.4206013515850035,0.7538919161182096
810,13.5,feeder2_1124,0.42335061216990716,0.7575763900113158,0.4233053686103977,0.7571571667121966
810,13.5,feeder2_942,0.4310831342231515,0.7682975904347056,0.43103652002390197,0.7678668824285472
810,13.5,feeder2_952,0.43967920111891867,0.7718522598822627,0.43962817549626376,0.7714044207626809
810,13.5,feeder2_965,0.4314425578963698,0.7698889365376582,0.43139446509999024,0.7694554417123861
810,13.5,feeder2_961,0.440416166223862,0.7713465450201599,0.4403650289662331,0.7708994839309418
810,13.5,feeder2_963,0.4397203189128826,0.7720434186742962,0.43967063183849975,0.7715960594240812
810,13.5,feeder2_973,0.4443346323630816,0.7691406176195713,0.4442841485983842,0.7686830949195661
810,13.5,feeder2_1128,0.4404194214188262,0.7705118101638598,0.4403676124976975,0.7700609701696799
810,13.5,feeder2_1113,0.44006197414897424,0.7723883919244648,0.44001609026054994,0.7719415535511851
810,13.5,feeder2_1143,0.44219152469628226,0.7841776958274571,0.4421459714649504,0.7837291821643302
810,13.5,feeder2_1238,0.4580726425579389,0.7977017220715233,0.4580238615860338,0.7972667029100565
810,13.5,feeder2_979,0.43144425407777565,0.7696571935218389,0.4313990149727364,0.7692260579220361
810,13.5,feeder2_1236,0.45021140834507634,0.7661725200376438,0.45015982084610007,0.7657037150950949
810,13.5,feeder2_989,0.44433445560433626,0.7691377109691557,0.44428406517378466,0.7686829625816779
810,13.5,feeder2_1196,0.4319393809480784,0.7686995692420991,0.4318935678992369,0.7682648619608033
810,13.5,feeder2_1158,0.44384671932300773,0.768849568661207,0.44379615600207056,0.7683914471488499
810,13.5,feeder2_1122,0.40625390312095977,0.731378210240539,0.4062082875208657,0.7309735795369371
810,13.5,feeder2_1258,0.40461446751227137,0.7344542235275894,0.4045693552094005,0.7340516891616626
810,13.5,feeder2_1303,0.4078451409728146,0.7329989427313591,0.4078017685756154,0.7325969282298163
810,13.5,feeder2_1138,0.4057215002615788,0.7290804218296203,0.40567724207357814,0.7286770537376692
810,13.5,feeder2_1304,0.4057044917518669,0.7290505026992878,0.40566183294462677,0.7286454316729557
810,13.5,feeder2_1212,0.40460143307705,0.7242709219816137,0.4045605981400202,0.7238638322213833
810,13.5,feeder2_1311,0.4071818018555905,0.7269674616705802,0.4071388348606376,0.7265598608256313
810,13.5,feeder2_1290,0.4027551014718793,0.7161181868494235,0.4027094678989599,0.7157102568903068
810,13.5,feeder2_1325,0.4583689682587623,0.7629094528043097,0.45831462026441805,0.7624223678230418
810,13.5,feeder2_1248,0.4502045536200395,0.7661698263903486,0.45015279439238104,0.7657012148124539
810,13.5,feeder2_1249,0.45893069329400726,0.7985848011457167,0.4588813131493361,0.7981503868155684
810,13.5,feeder2_1250,0.4747186965270042,0.8151088436778083,0.4746746386049395,0.8146734597605718
810,13.5,feeder2_1366,0.4501238389289083,0.7661186950165316,0.4500749678246132,0.765648414497269
810,13.5,feeder2_1266,0.4034766086200144,0.7348164770480181,0.40343088253919546,0.7344136997117827
810,13.5,feeder2_1372,0.40346748729356113,0.71686706704669,0.40342434432139984,0.7164554611340821
810,13.5,feeder2_1363,0.40058934727374934,0.7063882199373268,0.4005464920764883,0.7059735995045066
810,13.5,feeder2_1446,0.4596388249237378,0.7642138195079704,0.4595898306208828,0.7637268402769565
810,13.5,feeder2_1502,0.46703093198963364,0.7574171286564717,0.4669739947797777,0.7569079840664403
810,13.5,feeder2_1428,0.4005549733695455,0.7063342905686024,0.400513426737057,0.7059212590093109
810,13.5,feeder2_1380,0.39798534196786983,0.6947490015798296,0.39794315934595137,0.6943326933306029
810,13.5,feeder2_1550,0.39969630888693275,0.6965658308767753,0.39965227288752575,0.6961491487221335
810,13.5,feeder2_1386,0.39640717584252555,0.6880714184368948,0.3963618068427315,0.6876541979858188
810,13.5,feeder2_1551,0.39636057234343736,0.688002949473879,0.3963155986539423,0.6875860964723534
810,13.5,feeder2_1400,0.39566196563562267,0.6849166232477898,0.3956191534262833,0.6844994414097039
810,13.5,feeder2_1552,0.39523810228666856,0.6841683406860848,0.39519515639640573,0.6837492597051633
810,13.5,feeder2_1408,0.39422312674432247,0.6787352667770721,0.39417712875133604,0.678316455602416
810,13.5,feeder2_1553,0.39416829460102165,0.6786621725496633,0.39412484606755666,0.6782443023198405
810,13.5,feeder2_1416,0.3934793767430713,0.6755351584938509,0.3934357367632758,0.6751145065153584
810,13.5,feeder2_1530,0.3942737656608802,0.6763965220267023,0.394233427652813,0.6759769463751749
810,13.5,feeder2_1425,0.39190158889117627,0.6689226957847584,0.39185790190629893,0.6684998839321283
810,13.5,feeder2_1589,0.38665266585012703,0.6585351953486491,0.3866076958276042,0.6581096295425017
810,13.5,feeder2_1435,0.39184545595055653,0.6684891797772676,0.39180392256091773,0.6680692380776095
810,13.5,feeder2_1621,0.38407777972608576,0.6651662337684298,0.3840381846553214,0.6647481206431662
810,13.5,feeder2_1564,0.3918219534402674,0.6684250402426055,0.3917767773352439,0.6680060235499143
810,13.5,feeder2_1704,0.46654920038384795,0.7571364237895203,0.46649376209667537,0.7566259290396183
810,13.5,feeder2_1525,0.4692676273721315,0.7561396158889405,0.46921169442701,0.7556271652711276
810,13.5,feeder2_1716,0.46255373968172553,0.7522261100447408,0.46250378795325825,0.751718903947649
810,13.5,feeder2_1537,0.4718188550188487,0.7554886429385155,0.47176585003841576,0.7549689945398366
810,13.5,feeder2_1645,0.47215284874480257,0.7546613198006589,0.4720973941470664,0.7541397463000769
810,13.5,feeder2_1561,0.47471905656455027,0.7552244252811561,0.47466284818646987,0.7546987983791084
810,13.5,feeder2_1657,0.47506213759727545,0.7555829404736899,0.4750069325790122,0.7550568927780449
810,13.5,feeder2_1570,0.4759492326231656,0.7550240134368825,0.4758930487296377,0.7544934053450991
810,13.5,feeder2_1756,0.48090498813935423,0.7602205762592325,0.480848310960623,0.7596917309830885
810,13.5,feeder2_1588,0.4770305213577669,0.7545021969639162,0.47697397952710757,0.7539697200800507
810,13.5,feeder2_1628,0.478228868397506,0.7557562196296695,0.47817520059212854,0.755223091555597
810,13.5,feeder2_1598,0.4783058241662065,0.7534658177651352,0.4782485402477041,0.7529307342177844
810,13.5,feeder2_1816,0.4742111679324556,0.7517253515345902,0.4741548486711669,0.7511918725659423
810,13.5,feeder2_1765,0.47819808679524883,0.7533793424794691,0.4781416107262256,0.7528424804251007
810,13.5,feeder2_1641,0.48464788547850324,0.7492099750930216,0.48458938858035583,0.7486526452618282
810,13.5,feeder2_1689,0.48759946885460637,0.7335035300412825,0.48753800359201327,0.7329319548266623
810,13.5,feeder2_1744,0.4918052746531244,0.7567405106000062,0.4917446346602902,0.7561827579982741
810,13.5,feeder2_1817,0.4875067446675288,0.7332679748767562,0.48744810244270487,0.7326941141915275
810,13.5,feeder2_1779,0.4856535208824906,0.7344016795906639,0.4855942640919468,0.733829962846064
810,13.5,feeder2_1800,0.4875773650657076,0.7334710310420826,0.4875194444696259,0.7328974844660125
810,13.5,feeder2_1818,0.5127663248895505,0.694737707857476,0.5126907028847241,0.6941346390876689
810,13.5,feeder2_1753,0.4941393792304735,0.7592060836805915,0.4940838255193379,0.7586479581604642
810,13.5,feeder2_1754,0.4962458028806898,0.7614091816196779,0.4961862585192555,0.760850932440298
840,14.0,secondary,0.05675190028215078,0.025838748059780092,0.056761081726052084,0.025846890425513542
840,14.0,feeder2_44,0.10566925622990313,0.13483377991529688,0.10568426186387495,0.134866306122667
840,14.0,feeder2_45,0.10750838428102184,0.1389780694350634,0.10752453240123452,0.13901048875634517
840,14.0,feeder2_46,0.10505840697691607,0.13590253474065783,0.10507130084978983,0.1359327801506497
840,14.0,feeder2_51,0.11050725791598628,0.14666016692212103,0.11052100534955846,0.14669339458069597
840,14.0,feeder2_48,0.11199941628641918,0.13535445869855678,0.11201434880377895,0.13539369340830995
840,14.0,feeder2_52,0.10951087350562803,0.14468677979658337,0.10952689071547146,0.14471662814582395
840,14.0,feeder2_68,0.11914381948351452,0.16904529772102073,0.11915939088506534,0.16907808359290827
840,14.0,feeder2_69,0.11906976322130555,0.16919464380878582,0.11908646288107864,0.16923214433729802
840,14.0,feeder2_71,0.12029216374767959,0.17200266148619672,0.12030536051999703,0.17203963859305865
840,14.0,feeder2_72,0.12052536342176051,0.17204282638176954,0.12054226540067975,0.1720787083614845
840,14.0,feeder2_73,0.12388697642966293,0.18124814299687345,0.12390265807206108,0.1812828767993638
840,14.0,feeder2_74,0.12450009663322517,0.18082665066918016,0.1245150108794638,0.1808562237062467
840,14.0,feeder2_77,0.12699010776980735,0.18927712634256513,0.12700674978671087,0.18931331762107592
840,14.0,feeder2_79,0.12497093471329614,0.1913983553839687,0.12498962292245021,0.1914378945612023
840,14.0,feeder2_81,0.13203929697511604,0.20114522552331918,0.13205753079016225,0.20118080846099323
840,14.0,feeder2_82,0.13496776452805764,0.20146592928556206,0.1349853835373402,0.2015123548471265
840,14.0,feeder2_116,0.15427204945982778,0.253663876987738,0.15429257721566433,0.25370869316080025
840,14.0,feeder2_119,0.1548386489965482,0.25328707700686987,0.15485762076350681,0.2533272221486261
840,14.0,feeder2_120,0.1626158447596572,0.2734398051223565,0.16263647886271493,0.2734833450995781
840,14.0,feeder2_248,0.1625369115033381,0.273322341040348,0.16255837093170092,0.27336563127326907
840,14.0,feeder2_124,0.1677726168130562,0.2856534334329932,0.16779392240855828,0.28570039471692965
840,14.0,feeder2_282,0.18946712029521107,0.2889720248595249,0.18949221207245587,0.28904278598178124
840,14.0,feeder2_275,0.16831723064780432,0.2851103278890984,0.16834245941625317,0.28515174521602327
840,14.0,feeder2_151,0.17456111895288695,0.30489811434838276,0.17458307484221625,0.3049348794175517
840,14.0,feeder2_295,0.16956734502343085,0.31793463051499793,0.16958573864864665,0.3179593857717048
840,14.0,feeder2_311,0.1745283588088081,0.30499070098744696,0.17454998201572697,0.3050245137436835
840,14.0,feeder2_201,0.18523508339386524,0.3191240973090074,0.1852617102038503,0.31915960249113234
840,14.0,feeder2_314,0.18586968518827773,0.31850187365272425,0.18589656284288877,0.31853904511174186
840,14.0,feeder2_342,0.20004582920845346,0.340533453218175,0.20007666180861614,0.3405641480685894
840,14.0,feeder2_368,0.1998354712552942,0.33885376649707366,0.19986361272466108,0.33888343265810295
840,14.0,feeder2_347,0.20780206350675332,0.3542204607105762,0.20783252525434637,0.3542486050338488
840,14.0,feeder2_353,0.2115813965554937,0.3609301988307449,0.21161286435078708,0.3609642976208278
840,14.0,feeder2_518,0.20883002220875918,0.35432427423796975,0.2088610824343823,0.3543546555313404
840,14.0,feeder2_365,0.2157900253241812,0.3684242504676776,0.21582151327454677,0.3684531836127829
840,14.0,feeder2_653,0.21151224322268825,0.3608339963959326,0.21154428359934757,0.36086915414343174
840,14.0,feeder2_377,0.21807761350952606,0.3724867060850253,0.21810847264199254,0.37252233326879386
840,14.0,feeder2_622,0.21578026810505957,0.3684551431635716,0.21581319713794142,0.36848576943068506
840,14.0,feeder2_451,0.1999255242245523,0.33886842847177684,0.19995703046648317,0.3388988300745365
840,14.0,feeder2_383,0.1994813978665102,0.33614545858335954,0.19951059801266652,0.33617029438501106
840,14.0,feeder2_385,0.22048373950011224,0.3727816832659233,0.22051845548185828,0.3728237461784176
840,14.0,feeder2_621,0.21344384604605487,0.3864583818481411,0.2134708546172679,0.3864757075419575
840,14.0,feeder2_611,0.19943207953822353,0.3349012070483111,0.19946268743301399,0.3349229450563066
840,14.0,feeder2_405,0.1994745993525253,0.33605542634607477,0.19950423155632177,0.33607553283976344
840,14.0,feeder2_461,0.23028589959065837,0.3744698482608006,0.23032342516331852,0.3745319219298515
840,14.0,feeder2_594,0.22042796990959188,0.37270641903563867,0.2204616560769977,0.3727480209095886
840,14.0,feeder2_732,0.19828006576578464,0.3332552905123001,0.1983095539896485,0.33327410542127756
840,14.0,feeder2_417,0.1995767271289928,0.3360522957954355,0.1996074115959051,0.3360725911234009
840,14.0,feeder2_663,0.1983010658461609,0.3373892925698486,0.19832869099537018,0.33741438378002553
840,14.0,feeder2_444,0.19974828188625218,0.33562901624211633,0.19977929765793062,0.335647678926721
840,14.0,feeder2_759,0.20125787968514267,0.3357392938173938,0.20128564781625316,0.33576680789115343
840,14.0,feeder2_842,0.19894657622225928,0.3379188419550812,0.19897912144021193,0.3379370671272982
840,14.0,feeder2_459,0.1997833238530125,0.3353404572536192,0.1998123851169154,0.335358130061176
840,14.0,feeder2_702,0.20316577324221602,0.3336872486854945,0.20319361029635102,0.3337143501689781
840,14.0,feeder2_493,0.19951143905617658,0.3347984771176551,0.1995431392122823,0.33481981112397485
840,14.0,feeder2_651,0.2300325594129792,0.3751371719954123,0.2300675434842371,0.37519749923826407
840,14.0,feeder2_684,0.23822700239444303,0.37558194570952985,0.23826751946834168,0.37566489587525687
840,14.0,feeder2_674,0.19922799556194984,0.334152605244311,0.19925664077763147,0.33417178392287417
840,14.0,feeder2_696,0.19943923932445787,0.33637043712990217,0.19946837225072608,0.33639300870036987
840,14.0,feeder2_681,0.19832567973772736,0.33252580104907564,0.19835727981167317,0.3325440626221195
840,14.0,feeder2_682,0.19944397608721898,0.33395041213949006,0.1994732479445746,0.33397169344952915
840,14.0,feeder2_728,0.2364975567666917,0.3672726603193252,0.23653753613482975,0.36735115380272654
840,14.0,feeder2_724,0.24989126052144556,0.39641379851737285,0.2499355034604671,0.396525826168131
840,14.0,feeder2_703,0.1993908328821844,0.3365149338682085,0.1994216994578754,0.33653669779015627
840,14.0,feeder2_704,0.1991577056086689,0.33694579591081175,0.1991877706869255,0.336968488168545
840,14.0,feeder2_754,0.25227476651350955,0.3950645783255659,0.2523164166986345,0.3951784983593497
840,14.0,feeder2_747,0.2543348075100449,0.40566065215927466,0.25437762328074864,0.4057789184192644
840,14.0,feeder2_828,0.23160752259583378,0.3597396375460379,0.23165090185642742,0.3598141766256054
840,14.0,feeder2_763,0.23678128568035742,0.3666433594035225,0.23682139208576805,0.3667241277925989
840,14.0,feeder2_836,0.2497201894070252,0.41816816630601283,0.2497545930691994,0.4182652603957953
840,14.0,feeder2_758,0.2578507435418706,0.4087021304165418,0.25789277313980463,0.4088342426954332
840,14.0,feeder2_788,0.25904044481355004,0.40898317502140813,0.25908311181090554,0.40912175922009214
840,14.0,feeder2_812,0.2684497085658695,0.41868062576401543,0.26849938376222204,0.41885799012363994
840,14.0,feeder2_947,0.23908319897467187,0.36709151965991627,0.23912336762459346,0.36717411047874865
840,14.0,feeder2_868,0.23790962199755544,0.36684065707969293,0.23795144409529856,0.3669235758059209
840,14.0,feeder2_785,0.23662775778883435,0.3659289423230822,0.23666849835820455,0.36601123536610447
840,14.0,feeder2_1176,0.2365737843805576,0.3660894638152609,0.23661402479121305,0.3661765204419134
840,14.0,feeder2_846,0.23569136817286365,0.3645213403179841,0.23573321219540463,0.36460571637665457
840,14.0,feeder2_911,0.23672848650521647,0.36609284197123315,0.23676795694004263,0.36617268658234936
840,14.0,feeder2_1107,0.2712567435971502,0.42502185691941424,0.2713075386127696,0.4252233261581089
840,14.0,feeder2_920,0.2706557950812767,0.4200091432027574,0.27070434699149737,0.4201959471203433
840,14.0,feeder2_926,0.27408408427248,0.4227709935995029,0.27413411254776454,0.4229699909844055
840,14.0,feeder2_1239,0.2704893528816494,0.4191665994715067,0.2705405268513209,0.4193503424949009
840,14.0,feeder2_933,0.2755470125527286,0.42414293236936695,0.27559792344607936,0.4243481650457427
840,14.0,feeder2_1146,0.2743424782408015,0.4221865970146877,0.27439427855103415,0.42238517409263027
840,14.0,feeder2_1124,0.27553297990126047,0.4241776211063375,0.2755834138262736,0.42438166179187786
840,14.0,feeder2_942,0.27924750255842784,0.4276473278953261,0.2792990251908193,0.4278676479920475
840,14.0,feeder2_952,0.28413244017620376,0.43283933733277863,0.2841872771642166,0.43307654131005896
840,14.0,feeder2_965,0.2793220864260821,0.42765868673378776,0.27937683789511786,0.4278792447214197
840,14.0,feeder2_961,0.2845877000839274,0.43340485332430034,0.2846440484695013,0.43363742780946435
840,14.0,feeder2_963,0.284147944249152,0.43283938754309975,0.2842039110505862,0.4330719222346829
840,14.0,feeder2_973,0.2870404630345081,0.4366828406720701,0.28709753690128886,0.43693011725017655
840,14.0,feeder2_1128,0.28453254542850664,0.43294601650247233,0.28458674906728565,0.4331809997662884
840,14.0,feeder2_1113,0.2845371586381733,0.4325640553048171,0.28459230680916264,0.4327984048105969
840,14.0,feeder2_1143,0.2848981398298637,0.43356176003676794,0.284955272591119,0.4338085229766728
840,14.0,feeder2_1238,0.2861898842141659,0.4284754067848213,0.286242691649371,0.4287019475507467
840,14.0,feeder2_979,0.2793099905847877,0.42756050698594594,0.27936206824204307,0.42778008874986345
840,14.0,feeder2_1236,0.29066731022168285,0.4411776898896577,0.2907256939546958,0.4414364360054802
840,14.0,feeder2_989,0.28704079468344995,0.4366866691312285,0.2870976690881158,0.4369307739354688
840,14.0,feeder2_1196,0.279458899045333,0.42721404483745185,0.2795125924010226,0.4274362232763212
840,14.0,feeder2_1158,0.2867841563432184,0.43723504919323253,0.2868414172213381,0.4374753160902595
840,14.0,feeder2_1122,0.2724072489354606,0.4268249412642443,0.2724570290747621,0.42702927429448984
840,14.0,feeder2_1258,0.2705444169359195,0.4259793780676962,0.2705956561351047,0.4261737352228089
840,14.0,feeder2_1303,0.27334220322622765,0.42714333303336616,0.27339233403766716,0.42734878678445126
840,14.0,feeder2_1138,0.27326165551478176,0.42814000114654494,0.2733124552946722,0.4283481392168031
840,14.0,feeder2_1304,0.27358932093912935,0.42757998152141863,0.27364255401990445,0.4277901602656815
840,14.0,feeder2_1212,0.27513916825909074,0.4315760809927112,0.27518982180755586,0.4318012095504421
840,14.0,feeder2_1311,0.2918861030930143,0.4366216400943564,0.2919386197366263,0.43686874560023126
840,14.0,feeder2_1290,0.27496261265773814,0.4308279436121913,0.27501458330661405,0.4310395392701661
840,14.0,feeder2_1325,0.29606934833583903,0.44171319787943636,0.29612924691618525,0.4419932931795258
840,14.0,feeder2_1248,0.2906456332986841,0.4412056844364465,0.2907034369006702,0.44146372213094487
840,14.0,feeder2_1249,0.2875321774093059,0.42851013971529045,0.28758570092087293,0.42874118968508007
840,14.0,feeder2_1250,0.2877777826055156,0.42901468295444095,0.2878290206642281,0.42924753434507196
840,14.0,feeder2_1366,0.28877320123366684,0.44327896250877885,0.28882948154661736,0.44353234102473243
840,14.0,feeder2_1266,0.27036715847300336,0.42634035045753815,0.2704148633405433,0.4265364488673806
840,14.0,feeder2_1372,0.275399808472439,0.4312561747725748,0.27545024344224023,0.4314752981605291
840,14.0,feeder2_1363,0.2747092980325991,0.42941002087196845,0.2747626761149237,0.42962408977811706
840,14.0,feeder2_1446,0.29799088691916514,0.4416814228358882,0.2980530584907022,0.4419625369683729
840,14.0,feeder2_1502,0.3016056346526784,0.44224882567379986,0.30166840567898534,0.44254121405160424
840,14.0,feeder2_1428,0.275032360489097,0.4287861927419503,0.2750863438122497,0.4289915595334853
840,14.0,feeder2_1380,0.274533085690486,0.4289097669769936,0.2745855508663348,0.4291125425995719
840,14.0,feeder2_1550,0.276310908162832,0.4287201180523189,0.27636214821349336,0.4289238279470713
840,14.0,feeder2_1386,0.2742490587600551,0.4286923315519823,0.2743039148905294,0.42889675063094035
840,14.0,feeder2_1551,0.27449117443903503,0.4281360661497779,0.2745441464206922,0.4283323374944468
840,14.0,feeder2_1400,0.2741320854024601,0.4287451468264908,0.27418283721395087,0.4289450636225111
840,14.0,feeder2_1552,0.27332201038937753,0.42745711557454213,0.2733751708278729,0.42765786295421776
840,14.0,feeder2_1408,0.2740227666832132,0.42953569920575724,0.2740772239719598,0.42973052403529055
840,14.0,feeder2_1553,0.2746545231972256,0.4284505678601439,0.27470517101392755,0.4286443086557492
840,14.0,feeder2_1416,0.2739987564042378,0.4302422907814564,0.2740521428783335,0.4304380966202219
840,14.0,feeder2_1530,0.27411707955019304,0.4302906465387065,0.27416801175855576,0.4304835278718937
840,14.0,feeder2_1425,0.2739431917149958,0.4315602158446215,0.2739941493623381,0.4317580261727791
840,14.0,feeder2_1589,0.2738968554852624,0.4314847192007476,0.27395084415817184,0.4316756607053596
840,14.0,feeder2_1435,0.2739335054333763,0.4318332490258405,0.2739874769661496,0.4320315506726135
840,14.0,feeder2_1621,0.27180627085545545,0.4350479437760105,0.27185863003758826,0.4352381711625946
840,14.0,feeder2_1564,0.2739062750036942,0.4316970135596332,0.27395701791530674,0.43189223976710933
840,14.0,feeder2_1704,0.30126753884922336,0.4428799895634771,0.30133040072666817,0.44317663173746036
840,14.0,feeder2_1525,0.30301582548209893,0.44219824100387484,0.3030811716685084,0.44250379085407804
840,14.0,feeder2_1716,0.298223015390119,0.4478261965927568,0.2982858968346629,0.4481233492840757
840,14.0,feeder2_1537,0.3046888178206436,0.4413102077994806,0.30475379326213575,0.4416174750646121
840,14.0,feeder2_1645,0.3044503426153401,0.4402671650302781,0.3045175275152207,0.4405735179394709
840,14.0,feeder2_1561,0.3066840321330605,0.4409410075803726,0.30675089368026887,0.44125958118325986
840,14.0,feeder2_1657,0.30832793991723917,0.4404344760788594,0.3083967202331153,0.4407601915936416
840,14.0,feeder2_1570,0.3074450782848509,0.4408703456880236,0.3075132643223598,0.4411908070583562
840,14.0,feeder2_1756,0.3394309112812996,0.4529069053136491,0.33950189661965635,0.4532905735577599
840,14.0,feeder2_1588,0.3077897211700435,0.4399335027253642,0.30785604254768245,0.4402556222110628
840,14.0,feeder2_1628,0.3086488314961906,0.4402961378923904,0.3087154802961404,0.44061921920667974
840,14.0,feeder2_1598,0.30818291823365596,0.43863066554735364,0.3082506224652609,0.43894700801747744
840,14.0,feeder2_1816,0.299092951909511,0.4510615259891141,0.2991542567746987,0.45136669502156157
840,14.0,feeder2_1765,0.30812874996147355,0.4387413896972156,0.30819731975678955,0.43906415075555444
840,14.0,feeder2_1641,0.3102966160827024,0.4286937623686804,0.310366561341813,0.42900689124770197
840,14.0,feeder2_1689,0.3119268412987571,0.41978569956087913,0.3120000656920495,0.4200975118134543
840,14.0,feeder2_1744,0.3109273010806033,0.4289787853560898,0.3109963000607979,0.4292921136459454
840,14.0,feeder2_1817,0.31174857673259015,0.41855747546484967,0.31182216407651747,0.41886225106696273
840,14.0,feeder2_1779,0.31110807405895213,0.4208733742680587,0.31117874857119815,0.4211850309231915
840,14.0,feeder2_1800,0.3117351884826745,0.4194747413557293,0.31180679214146856,0.41978296374117235
840,14.0,feeder2_1818,0.3275399186179912,0.4005912674318247,0.32764017454011896,0.40088657254000304
840,14.0,feeder2_1753,0.31226370158714034,0.42952542713346026,0.3123348894086576,0.4298472934542648
840,14.0,feeder2_1754,0.311072810463686,0.4290577244016541,0.311144064621027,0.42937345197687893
870,14.5,secondary,0.08021160674351523,0.0398573571764312,0.08021379872464898,0.03984643213839599
870,14.5,feeder2_44,0.14933253114258457,0.20796234631619126,0.14933234033165665,0.20789390685362918
870,14.5,feeder2_45,0.1519937715314224,0.21376643507051746,0.1519922409570278,0.21369505095321248
870,14.5,feeder2_46,0.14234833049779388,0.21593905285322038,0.14234701590831228,0.2158719444457196
870,14.5,feeder2_51,0.15661795594526373,0.22385949243593803,0.15661903003677757,0.2237825900532911
870,14.5,feeder2_48,0.15218386926304878,0.2136693944016574,0.1521831625451322,0.21359630175888994
870,14.5,feeder2_52,0.15466424144612465,0.22220486025802655,0.1546643157977309,0.22212945890581257
870,14.5,feeder2_68,0.16993518456340706,0.25304641199047645,0.16993640282974207,0.2529559809060845
870,14.5,feeder2_69,0.16988399716662003,0.2532383702317679,0.16988366354445392,0.2531526532301482
870,14.5,feeder2_71,0.17170339343104885,0.2569056696947633,0.17170470508769284,0.2568160075887012
870,14.5,feeder2_72,0.17193123469478813,0.2567947495511554,0.1719323908892193,0.2567054333040421
870,14.5,feeder2_73,0.17723877009494163,0.26899656153852736,0.17723911214500743,0.2689021695937777
870,14.5,feeder2_74,0.17714800008401974,0.26891670291017244,0.17714997084907882,0.26882751210196504
870,14.5,feeder2_77,0.1819981114672377,0.2793849362741573,0.18200108717088076,0.2792904787028562
870,14.5,feeder2_79,0.18196462363140337,0.27951460420492125,0.18196512376953403,0.27941440522689964
870,14.5,feeder2_81,0.18953148255685967,0.295765160644668,0.1895319799742313,0.29566140654934037
870,14.5,feeder2_82,0.19325949619761842,0.2937926019207862,0.19325934842812226,0.29369663463151335
870,14.5,feeder2_116,0.2228289590208883,0.370929381655339,0.22283102931987975,0.3708026000351184
870,14.5,feeder2_119,0.22278456245016431,0.3708918663152835,0.22278652700902382,0.3707552165574627
870,14.5,feeder2_120,0.23523218450058753,0.3987945445517077,0.2352346624857705,0.3986503056792101
870,14.5,feeder2_248,0.23514263657662418,0.39871900672073973,0.23514586560963638,0.39857472147121553
870,14.5,feeder2_124,0.24288451238972555,0.4159680930985771,0.2428868287550943,0.4158192486680872
870,14.5,feeder2_282,0.24581035402670356,0.41459432477038,0.245813063620087,0.4144470877762164
870,14.5,feeder2_275,0.2433924216717142,0.41717400757471945,0.24339767619523706,0.417023509596937
870,14.5,feeder2_151,0.2561246487945145,0.4459675844795178,0.25612721007139966,0.4458080471609881
870,14.5,feeder2_295,0.2556605222277664,0.4481354988351494,0.25566282825542735,0.4479717946583547
870,14.5,feeder2_311,0.2561043332910179,0.4460863915933556,0.2561071156830494,0.4459245827019019
870,14.5,feeder2_201,0.27802424872506515,0.4925722634045563,0.2780279363063301,0.49239466505727286
870,14.5,feeder2_314,0.27976735054168833,0.49033149738063636,0.27976804512565195,0.49015230365921864
870,14.5,feeder2_342,0.3082338415130781,0.5632844694535674,0.30823654283418045,0.563072528118393
870,14.5,feeder2_368,0.3082114298288291,0.5628500180054026,0.30821340051534285,0.5626415412622151
870,14.5,feeder2_347,0.32305158557469604,0.5987833637269939,0.32305266061630716,0.5985625612185391
870,14.5,feeder2_353,0.3302911247848026,0.6168182328230739,0.3302917256391817,0.6165910420741754
870,14.5,feeder2_518,0.32483327435754006,0.5979347198889765,0.3248334740853737,0.5977119504986855
870,14.5,feeder2_365,0.3383371404295441,0.6368588969991595,0.33833992958655756,0.6366176867301481
870,14.5,feeder2_653,0.33021357799225015,0.6167565091044387,0.330216458493843,0.6165230179904472
870,14.5,feeder2_377,0.3427082408172393,0.6477335394470408,0.34271450750438226,0.6474892857927182
870,14.5,feeder2_622,0.33833161590118144,0.6368974990080002,0.33833449473462207,0.6366547908446583
870,14.5,feeder2_451,0.30952404765028685,0.5612163576023018,0.3095272712932258,0.5610082675440459
870,14.5,feeder2_383,0.3078201180128641,0.5634470103258601,0.307824339304053,0.5632434885450656
870,14.5,feeder2_385,0.34768724968219517,0.6594884614475864,0.34768850086124975,0.6592428385973457
870,14.5,feeder2_621,0.34233208560265516,0.6500359382395912,0.34233377849872615,0.6497977509865843
870,14.5,feeder2_611,0.30774920304381925,0.5633884643942038,0.3077496922931351,0.5631857100603591
870,14.5,feeder2_405,0.30779692817049886,0.5634877657340873,0.30779776147441995,0.5632831697124532
870,14.5,feeder2_461,0.3679378732797112,0.7073012143632327,0.3679425663328034,0.7070338963831324
870,14.5,feeder2_594,0.34762537804553023,0.6594384619015345,0.34762714449452153,0.6591921829972911
870,14.5,feeder2_732,0.30449987491385055,0.5607204960625115,0.304502833954608,0.5605133618869871
870,14.5,feeder2_417,0.3078637270310249,0.5644606150628251,0.3078666366647588,0.5642580399799999
870,14.5,feeder2_663,0.3066583643333892,0.5654135599273004,0.3066592425946201,0.565207774577663
870,14.5,feeder2_444,0.30799784323832585,0.5648833023755999,0.308001808436848,0.564677679946959
870,14.5,feeder2_759,0.31032738907346463,0.5637971215512193,0.31033003518465563,0.563590158969221
870,14.5,feeder2_842,0.30760805021510135,0.5674142825758386,0.30760903482070695,0.5672078303693383
870,14.5,feeder2_459,0.3080025896559005,0.564942888726574,0.30800525236888954,0.5647377664435685
870,14.5,feeder2_702,0.3096289083128041,0.5642090298179012,0.30963138614523644,0.5640081039868167
870,14.5,feeder2_493,0.30786763684803903,0.5654079107700013,0.3078713819232116,0.5651989293379706
870,14.5,feeder2_651,0.3677225380165213,0.7093061768240119,0.3677246882684921,0.7090395016663432
870,14.5,feeder2_684,0.3842263368159431,0.7439689589119854,0.38422927689403125,0.7436853226184733
870,14.5,feeder2_674,0.30760114204393585,0.5651958430409072,0.3076017514728699,0.5649883549576993
870,14.5,feeder2_696,0.3078903842013727,0.5678034235601848,0.3078946224715075,0.5675984766149461
870,14.5,feeder2_681,0.30691332914702313,0.564649734287644,0.30691816357883156,0.5644424475157028
870,14.5,feeder2_682,0.30753998302259883,0.5651454748668447,0.30754388655634013,0.5649431201498092
870,14.5,feeder2_728,0.3842208783668362,0.7417115538932143,0.384223845441638,0.741419048959584
870,14.5,feeder2_724,0.4011266752988272,0.7867102725644268,0.4011302041673364,0.7864040694119822
870,14.5,feeder2_703,0.30786433421690956,0.567980484573444,0.30786579655618146,0.5677704626780367
870,14.5,feeder2_704,0.3076509256653706,0.568653977555956,0.30765272580888636,0.5684430150502492
870,14.5,feeder2_754,0.40120839145304127,0.7866753445517969,0.40121017477305865,0.7863731841172404
870,14.5,feeder2_747,0.408025581916057,0.804176624714671,0.4080300484833389,0.803865123383022
870,14.5,feeder2_828,0.38338882414533343,0.7410708437657701,0.38339050021728877,0.7407852429012555
870,14.5,feeder2_763,0.38464282116060355,0.7394560871178562,0.38464872856716253,0.7391694761232485
870,14.5,feeder2_836,0.4019295783146529,0.8217707882060887,0.4019298821161769,0.8214583654379718
870,14.5,feeder2_758,0.41372841251984493,0.8113170779795662,0.4137310653451221,0.8109992722563906
870,14.5,feeder2_788,0.4160112835236212,0.8093828802862529,0.41601584717967166,0.80906508565422
870,14.5,feeder2_812,0.4306890872454414,0.8356190178471664,0.4306945716153486,0.8352832741311458
870,14.5,feeder2_947,0.38860158831331787,0.7375452572463305,0.3886053817276759,0.7372617011381701
870,14.5,feeder2_868,0.38605488822818124,0.7384569812035076,0.38605854579178406,0.7381700155052664
870,14.5,feeder2_785,0.38443158058569205,0.7390915602837541,0.3844353412999153,0.7388042751359809
870,14.5,feeder2_1176,0.38440913690740464,0.7393125128370246,0.3844152730764806,0.7390228718619152
870,14.5,feeder2_846,0.3834725548387218,0.73855070466634,0.38347763529845025,0.7382649449491432
870,14.5,feeder2_911,0.38445286052890176,0.7390596637114741,0.38445389683461906,0.7387708077296978
870,14.5,feeder2_1107,0.43458909193242035,0.8252185095822708,0.4345955937275586,0.8248831929688637
870,14.5,feeder2_920,0.4343713553075996,0.8453416106471555,0.4343786681768009,0.8449937963093811
870,14.5,feeder2_926,0.43998617578636734,0.8602749473336406,0.4399934428791464,0.8599117065073719
870,14.5,feeder2_1239,0.4342222051158794,0.844869835759465,0.43422731457951225,0.8445227609047328
870,14.5,feeder2_933,0.44241250970908763,0.8671781020515567,0.44241625268271934,0.8668128824192862
870,14.5,feeder2_1146,0.44026893142484014,0.8589754555875184,0.4402753547509593,0.8586212684136636
870,14.5,feeder2_1124,0.4415754881448346,0.8678173815192098,0.44158140733049567,0.8674567298657917
870,14.5,feeder2_942,0.44865657138149684,0.8840535515935835,0.448662995211299,0.8836757182450481
870,14.5,feeder2_952,0.45751923680799916,0.9116199661023802,0.45752547821457656,0.9112185223746799
870,14.5,feeder2_965,0.44870265676973814,0.8837257020907053,0.44870868073520354,0.8833518352582346
870,14.5,feeder2_961,0.45843153539186854,0.9147805527014922,0.4584371523184484,0.9143815843999318
870,14.5,feeder2_963,0.45752895703547924,0.911582818874239,0.45753475118617876,0.9111834480962452
870,14.5,feeder2_973,0.4632920560614602,0.9316512408090765,0.46329728070355625,0.9312406449043419
870,14.5,feeder2_1128,0.4584186392715929,0.9147398738444421,0.4584260539118591,0.9143418566435018
870,14.5,feeder2_1113,0.4580031711004063,0.9110147784311654,0.45800646751496304,0.9106179190137947
870,14.5,feeder2_1143,0.45784441419237054,0.9106734989599679,0.4578488076207464,0.9102758798843305
870,14.5,feeder2_1238,0.45607634439057115,0.8782949068911018,0.4560812254900583,0.8779185273012312
870,14.5,feeder2_979,0.44865236412226167,0.88370669538597,0.44865666633825474,0.8833250930681442
870,14.5,feeder2_1236,0.4704768494262717,0.9559979750561146,0.47048225591998394,0.9555654155860405
870,14.5,feeder2_989,0.46329278205454216,0.9316600184362204,0.4632984365806521,0.931250017987131
870,14.5,feeder2_1196,0.44828270999647346,0.8837615729071996,0.4482900697749143,0.8833839946197997
870,14.5,feeder2_1158,0.4631615378042919,0.9327734168362667,0.4631665820788993,0.9323646073823808
870,14.5,feeder2_1122,0.43606055498012974,0.8202574754045097,0.43606659308178697,0.8199298613083413
870,14.5,feeder2_1258,0.4343147692477118,0.826416763521296,0.4343210202444729,0.8260846897512262
870,14.5,feeder2_1303,0.4379615953119053,0.8192615680556299,0.4379685394597668,0.8189335471637548
870,14.5,feeder2_1138,0.4371183414326971,0.816668182600968,0.4371243726332974,0.8163407621605753
870,14.5,feeder2_1304,0.4370831749930258,0.8166399169738658,0.43709138802144304,0.816314910837754
870,14.5,feeder2_1212,0.4393772366059898,0.8091493695641055,0.4393853794884516,0.80882585289609
870,14.5,feeder2_1311,0.4575781458660043,0.7987242285515792,0.457589053032693,0.7984074364986657
870,14.5,feeder2_1290,0.43962775562901907,0.8075407897786256,0.43963489953660384,0.8072134559919165
870,14.5,feeder2_1325,0.4792501729465116,0.9725249210858458,0.4792548873596144,0.9720741790678042
870,14.5,feeder2_1248,0.4704599566809059,0.9560783653866891,0.47046610147329193,0.955644038870796
870,14.5,feeder2_1249,0.4568906034713415,0.8778881271504921,0.45689576321735315,0.877514964272345
870,14.5,feeder2_1250,0.4592878684656681,0.8754808879258247,0.4592928998764991,0.8751066816015509
870,14.5,feeder2_1366,0.47044187925359954,0.9562228759504181,0.47044668105338294,0.9557970610599043
870,14.5,feeder2_1266,0.4340516851561548,0.8275440807653399,0.4340585147601314,0.8272142857695569
870,14.5,feeder2_1372,0.4411918635649204,0.8061764031276697,0.44120174865021466,0.8058506344269335
870,14.5,feeder2_1363,0.43942962867884017,0.8076807423397481,0.4394366148462815,0.8073530759897131
870,14.5,feeder2_1446,0.48095559256569886,0.9717067411028915,0.4809638703376324,0.9712577959381786
870,14.5,feeder2_1502,0.4888183311923512,0.9922848993375246,0.4888248613428608,0.9918034949701714
870,14.5,feeder2_1428,0.439361796880164,0.8076254409344492,0.43937133344083407,0.8072912492308046
870,14.5,feeder2_1380,0.4392236006494777,0.8080212553405717,0.43923033890800633,0.8076870781487846
870,14.5,feeder2_1550,0.44085557147146126,0.8072290290164085,0.44086416555087665,0.8068947967931182
870,14.5,feeder2_1386,0.43899792239540075,0.8085522312604928,0.4390085134273516,0.8082125884381597
870,14.5,feeder2_1551,0.43930093046701585,0.8096308802013616,0.43930894723550623,0.8092928043124719
870,14.5,feeder2_1400,0.4389537111670127,0.8086286613885678,0.43896156044408685,0.8082841273563087
870,14.5,feeder2_1552,0.4377715484258974,0.8076899206944482,0.4377821444717935,0.8073525213768326
870,14.5,feeder2_1408,0.4390327590754152,0.8093427162699605,0.4390424087786299,0.8089991450756612
870,14.5,feeder2_1553,0.4391357713945443,0.8098771773744595,0.43914327262829483,0.8095347448218205
870,14.5,feeder2_1416,0.4391097756480193,0.809632165219933,0.43911596603556274,0.8092924723506235
870,14.5,feeder2_1530,0.44075507546049364,0.8075800103719823,0.4407648185011866,0.8072404481088258
870,14.5,feeder2_1425,0.43902645433925136,0.8112511270034641,0.4390365876653336,0.8109130267685856
870,14.5,feeder2_1589,0.4392206155365081,0.8119501128866928,0.4392287853925898,0.8116047624383403
870,14.5,feeder2_1435,0.43902599808163273,0.8115278069872975,0.43903398801837723,0.8111833648395751
870,14.5,feeder2_1621,0.4386681051261246,0.8139708029455051,0.43867818593861985,0.8136244106117246
870,14.5,feeder2_1564,0.43881250561543994,0.812112738088879,0.43882365585592753,0.8117672456242595
870,14.5,feeder2_1704,0.48770499702623493,0.9940027536098107,0.4877138325057029,0.9935227429160535
870,14.5,feeder2_1525,0.49129540677194583,0.9967672377676753,0.4913025836543908,0.9962810659454002
870,14.5,feeder2_1716,0.4835687089881598,1.0085730456828665,0.48357334549910586,1.0080889961712092
870,14.5,feeder2_1537,0.4941185216952054,0.9999358115236485,0.49412882280415704,0.9994345793697577
870,14.5,feeder2_1645,0.4935890425633283,1.0000451099080132,0.4935968037656154,0.9995449327416422
870,14.5,feeder2_1561,0.4974648339789745,1.0036006505685173,0.49747319850283683,1.003090650988886
870,14.5,feeder2_1657,0.4975172300225713,1.0035720106756274,0.49752719831871556,1.0030609336288405
870,14.5,feeder2_1570,0.498907298509226,1.0052010186803237,0.49891542923002863,1.0046879128681936
870,14.5,feeder2_1756,0.5335693195649265,0.9810164384813715,0.5335795699656299,0.9805145245116812
870,14.5,feeder2_1588,0.499887330400543,1.0081375839445796,0.49989704361887016,1.0076196415817558
870,14.5,feeder2_1628,0.5005755484382866,1.0077349218389198,0.5005847553513212,1.0072176267316264
870,14.5,feeder2_1598,0.501096755318319,1.0119768800919935,0.5011063311988314,1.0114531415575472
870,14.5,feeder2_1816,0.4922363802190822,1.062439569341817,0.49223245073563926,1.06191674679429
870,14.5,feeder2_1765,0.5010775383703375,1.0121847290158092,0.5010857759665063,1.01165666387645
870,14.5,feeder2_1641,0.5060779725876201,1.0157380692711577,0.5060913686274915,1.0151783915605836
870,14.5,feeder2_1689,0.5101006134786443,1.0205095567254963,0.510113061644937,1.019926625838092
870,14.5,feeder2_1744,0.5069760288437921,1.015129527869096,0.5069860193923428,1.0145760083095867
870,14.5,feeder2_1817,0.5098665976253111,1.020809119975471,0.509878575593604,1.020225257797028
870,14.5,feeder2_1779,0.5099036447867595,1.021626965434703,0.5099130890913317,1.021045529771367
870,14.5,feeder2_1800,0.5102236772092089,1.0214301696839856,0.5102345928928055,1.0208505719139722
870,14.5,feeder2_1818,0.5545277120073817,1.0284395657813374,0.5545596932015378,1.0277985217908923
870,14.5,feeder2_1753,0.5096874342332438,1.0132836922695168,0.5096990878605062,1.012730638309273
870,14.5,feeder2_1754,0.5070078466161877,1.0151106820131077,0.5070196265913252,1.0145536002665352
900,15.0,secondary,0.04095908323039153,0.020920792211415944,0.040959836962401984,0.02092387201940405
900,15.0,feeder2_44,0.07626363622671896,0.10917027561853397,0.07626750163856692,0.10917783637947594
900,15.0,feeder2_45,0.07756355171262268,0.11233736270668451,0.07756627433799039,0.11234558635817853
900,15.0,feeder2_46,0.07614255380309878,0.11232808623650153,0.0761427458970402,0.11234074916145428
900,15.0,feeder2_51,0.07982264877868109,0.11784601742480211,0.07982426449176538,0.1178583399072906
900,15.0,feeder2_48,0.07772879944194729,0.1123046313588232,0.07772924566188939,0.11231927940125518
900,15.0,feeder2_52,0.07375823825008444,0.11341205440735735,0.0737570525794424,0.11343093677190104
900,15.0,feeder2_68,0.08718196007139095,0.1360151288448638,0.08718283325539807,0.13602813067290853
900,15.0,feeder2_69,0.08719398918349118,0.13618955422373563,0.08719746437090242,0.1361985167224806
900,15.0,feeder2_71,0.08815987708595593,0.13843922532737848,0.088163048383776,0.13845281194354367
900,15.0,feeder2_72,0.08835405278279217,0.138418255578576,0.08835684674465855,0.13843096962162385
900,15.0,feeder2_73,0.09122329478737633,0.146055458986603,0.09122585773994006,0.1460695200471403
900,15.0,feeder2_74,0.0911046771781036,0.1459373802394988,0.09110776527276641,0.14594542835370306
900,15.0,feeder2_77,0.09386177105649868,0.15264086287348316,0.09386468991965549,0.15265003863978013
900,15.0,feeder2_79,0.09113722072812291,0.15584866980629078,0.09114253259265481,0.15585735908431642
900,15.0,feeder2_81,0.09814650431455849,0.1618113108232189,0.09814929249152626,0.16182131878039893
900,15.0,feeder2_82,0.09967747742455142,0.16162069653996158,0.09968036902935375,0.1616321450685449
900,15.0,feeder2_116,0.11726003374701623,0.20321475886679294,0.11726510467165183,0.20322413330625685
900,15.0,feeder2_119,0.11720241877964836,0.20315645538504343,0.11720380848622466,0.20316501946289447
900,15.0,feeder2_120,0.12437751152411541,0.2186617706273354,0.12437868882656741,0.21867380066754238
900,15.0,feeder2_248,0.12422766738906905,0.21851119942850758,0.12423461759007418,0.21851761731371983
900,15.0,feeder2_124,0.1287746824308068,0.22824070663652998,0.1287781648037371,0.22825034054507978
900,15.0,feeder2_282,0.1363580584336159,0.2281606775284067,0.1363613237046224,0.2281635114894025
900,15.0,feeder2_275,0.12845999321170887,0.22805984245915087,0.12846329396185988,0.22807501029886257
900,15.0,feeder2_151,0.13607536763591827,0.24478086256154766,0.13607848493467578,0.24479672658269544
900,15.0,feeder2_295,0.13689350713340492,0.2505695709881653,0.13689736051777016,0.2505879751129579
900,15.0,feeder2_311,0.13609672655491098,0.2448818908571023,0.13609961682408714,0.24489332364354693
900,15.0,feeder2_201,0.14704998875596761,0.26404108167508317,0.14705572239513534,0.26405352695842904
900,15.0,feeder2_314,0.14711431627449603,0.2640446273534233,0.1471181694963578,0.2640615317641496
900,15.0,feeder2_342,0.16266767809475893,0.29136647789428816,0.16267042641367266,0.2913850159606121
900,15.0,feeder2_368,0.16299291038748825,0.2904286458626407,0.16299675446998343,0.29044844248822754
900,15.0,feeder2_347,0.16998262414844506,0.3065187664918134,0.16999142017498245,0.3065391678001215
900,15.0,feeder2_353,0.17349359725889482,0.31458206148470547,0.1734986303447114,0.3146043073533707
900,15.0,feeder2_518,0.17121186391556584,0.305461782595628,0.1712143762274663,0.3054857319860584
900,15.0,feeder2_365,0.17740453761298616,0.32358192246988426,0.1774066961220862,0.3236099416968064
900,15.0,feeder2_653,0.17339818257225492,0.3144905130274491,0.1734021616224854,0.31451442501799476
900,15.0,feeder2_377,0.17952945514970906,0.3284641494952039,0.17953682806969265,0.3284902525363931
900,15.0,feeder2_622,0.17741272428065918,0.3236150934314697,0.17741513209242774,0.3236417677526889
900,15.0,feeder2_451,0.16306050090666718,0.29043623489355025,0.16306367228750515,0.2904562642076833
900,15.0,feeder2_383,0.1635101629435396,0.2889151593821118,0.1635153970642747,0.2889317477665335
900,15.0,feeder2_385,0.1816617671912471,0.33211593929334193,0.18166753869845237,0.33213842993027143
900,15.0,feeder2_621,0.1807735851974044,0.334613689877243,0.18078267734970813,0.33463651065276917
900,15.0,feeder2_611,0.16342467837894664,0.2888307603503123,0.1634303041974646,0.2888496619377675
900,15.0,feeder2_405,0.1635438761176093,0.2888257961159981,0.16354939459920806,0.28883822388887836
900,15.0,feeder2_461,0.19035575472181976,0.34712064890889893,0.190362947784304,0.3471454161198383
900,15.0,feeder2_594,0.18156230740498158,0.3320181406308366,0.18156977469297514,0.3320427990389589
900,15.0,feeder2_732,0.15900548449586108,0.2847444716860676,0.1590099105056116,0.28476296207299456
900,15.0,feeder2_417,0.16414790337469892,0.2891469198556199,0.16415128011321584,0.28916204132531487
900,15.0,feeder2_663,0.16416799925718845,0.2892277958987524,0.164173743616229,0.28924540728519643
900,15.0,feeder2_444,0.164602823702242,0.289378213044757,0.16460687071151717,0.28939088751286324
900,15.0,feeder2_759,0.17405717919675723,0.28532015646691267,0.17406142365402238,0.2853315539368175
900,15.0,feeder2_842,0.16497957402355423,0.2911771395397049,0.1649835116103661,0.29118998531700396
900,15.0,feeder2_459,0.16459617487402395,0.28958027761590954,0.1645976198521437,0.28959709276979245
900,15.0,feeder2_702,0.16558493999765722,0.28964925803070296,0.16558959872891202,0.28965975050563647
900,15.0,feeder2_493,0.16449666777576563,0.2902772889374306,0.1645016724460839,0.2902927185494003
900,15.0,feeder2_651,0.18997636745998112,0.34975468210075067,0.1899806086536,0.34978352904879667
900,15.0,feeder2_684,0.19719867907226524,0.3564157549099108,0.19720352065102018,0.3564436833817093
900,15.0,feeder2_674,0.16425150370938657,0.290038050869955,0.16425315773659208,0.2900561832348349
900,15.0,feeder2_696,0.16454442309235118,0.2933988381934638,0.16454755309894326,0.29341635392402554
900,15.0,feeder2_681,0.16362994449355373,0.2894323118461308,0.16363665045756784,0.2894422588236027
900,15.0,feeder2_682,0.1641775772204089,0.2899647580635552,0.16418396212464617,0.28997572629699137
900,15.0,feeder2_728,0.19671771216811385,0.35094160685472,0.196725195010174,0.3509696461818219
900,15.0,feeder2_724,0.20517110831380145,0.3785943812458109,0.20517761949765,0.3786198447844171
900,15.0,feeder2_703,0.16457967937792778,0.2935471780012307,0.16458495940743426,0.2935622215963479
900,15.0,feeder2_704,0.16423447614669834,0.2945384101908755,0.16423746691015823,0.29455526402883103
900,15.0,feeder2_754,0.2052342256226706,0.3786005721400248,0.205238682921623,0.3786290584385526
900,15.0,feeder2_747,0.2084241288226502,0.3876488642271208,0.2084303448689137,0.3876788710955394
900,15.0,feeder2_828,0.19365356595611397,0.3480410676394952,0.19365921400040687,0.34807290937664465
900,15.0,feeder2_763,0.19739611397961368,0.3474162433137776,0.1974031418852127,0.3474440254520407
900,15.0,feeder2_836,0.2088516035797722,0.3893397123840856,0.20885716493940762,0.38937102933741435
900,15.0,feeder2_758,0.21109715778296984,0.3947354672441945,0.21110758213299485,0.3947629024026759
900,15.0,feeder2_788,0.22400812729428068,0.3938254009419018,0.22401184610092764,0.393845813350073
900,15.0,feeder2_812,0.21765070278394597,0.41663400903785414,0.21765551029433872,0.4166810367230143
900,15.0,feeder2_947,0.20015313267082077,0.34506489746317,0.20015719051071323,0.3450916975356516
900,15.0,feeder2_868,0.19886705953626427,0.34655029335738674,0.19887160833311684,0.3465835437210099
900,15.0,feeder2_785,0.1973656363806235,0.34630904683090236,0.19737059267847848,0.3463379845419696
900,15.0,feeder2_1176,0.19742014779730466,0.3464943503023993,0.19742805503712574,0.3465207812462363
900,15.0,feeder2_846,0.19625004047014133,0.34547174480759074,0.19625845238844167,0.3454984131253601
900,15.0,feeder2_911,0.1978329989485671,0.34501428527946615,0.19783673215016628,0.34504492655471664
900,15.0,feeder2_1107,0.2190009862599284,0.4194482045713743,0.21901217446144228,0.4194836968566944
900,15.0,feeder2_920,0.21913101789691092,0.422144624553049,0.21913684441995507,0.42218988956666675
900,15.0,feeder2_926,0.22147684538680887,0.43107564349068767,0.22148470257320318,0.43112595850440777
900,15.0,feeder2_1239,0.21898572254521698,0.421492269600912,0.21899459545485947,0.4215318046613991
900,15.0,feeder2_933,0.2224507195655309,0.43537811024292544,0.222455875457082,0.4354353890991658
900,15.0,feeder2_1146,0.22181166535359978,0.4297252435839318,0.22181767186152315,0.4297793747217748
900,15.0,feeder2_1124,0.22246828744643285,0.4354286179823511,0.22247441391159878,0.4354870162611836
900,15.0,feeder2_942,0.22492536546583705,0.4463982797402148,0.22493238227770737,0.44646224726221084
900,15.0,feeder2_952,0.23038166143988023,0.4742069584127219,0.23039233295329636,0.474275386328475
900,15.0,feeder2_965,0.224697797367683,0.4449448082179121,0.22470860325858505,0.4450037248412881
900,15.0,feeder2_961,0.2309337693560103,0.4773631623994195,0.23094346637696717,0.47743512498386753
900,15.0,feeder2_963,0.2303904802633187,0.47417847507584376,0.23040028260701567,0.4742485977450983
900,15.0,feeder2_973,0.23389257258220464,0.49426674622465505,0.23390574805681516,0.49434112566126936
900,15.0,feeder2_1128,0.2309215781172979,0.47730834991572735,0.23093351817669136,0.47738052654701785
900,15.0,feeder2_1113,0.23108929636594652,0.47354015617460216,0.23109540428815026,0.4736159934549375
900,15.0,feeder2_1143,0.2305828597912451,0.47401839850824423,0.2305937834470129,0.47408652769622894
900,15.0,feeder2_1238,0.2337316360162489,0.440359816196429,0.23373798689047187,0.4404198930967389
900,15.0,feeder2_979,0.22429560896698492,0.44336240749868683,0.22430550248895698,0.4434216374676268
900,15.0,feeder2_1236,0.23821727938376944,0.5189126025939658,0.23822862537617875,0.5190001714267047
900,15.0,feeder2_989,0.23389384469477084,0.4942743903614308,0.23390179457852311,0.49435697778287235
900,15.0,feeder2_1196,0.21705577518813754,0.4373218069114128,0.21706289130517986,0.43738968861867095
900,15.0,feeder2_1158,0.23416807087262054,0.4952716585879003,0.2341800060118396,0.4953483995937719
900,15.0,feeder2_1122,0.21945295895696051,0.41828838924641076,0.2194598214230636,0.4183192443640146
900,15.0,feeder2_1258,0.21804638753232108,0.42223450860777967,0.21805424897891929,0.42226845356009696
900,15.0,feeder2_1303,0.22254601608609295,0.4168899242321276,0.22255284686537266,0.41692407194410763
900,15.0,feeder2_1138,0.21964457458728026,0.4177856219312673,0.2196497814076387,0.4178242871652155
900,15.0,feeder2_1304,0.2196010279439954,0.4177441326505907,0.21960876533982915,0.41777547364283363
900,15.0,feeder2_1212,0.22006109019938597,0.4167661747797332,0.22006597677584014,0.416798993325978
900,15.0,feeder2_1311,0.22516192286219736,0.4150083916346459,0.225166120945661,0.4150428138090211
900,15.0,feeder2_1290,0.21999359505580052,0.41659845085970787,0.220003285788097,0.41663204932994474
900,15.0,feeder2_1325,0.24217392127450754,0.5392136592212546,0.24218524774862493,0.5393110573892328
900,15.0,feeder2_1248,0.23823001071728137,0.5189792100486798,0.23824153112453186,0.5190655757922771
900,15.0,feeder2_1249,0.23446758400652057,0.44040331772147645,0.23447801672750324,0.4404550483356741
900,15.0,feeder2_1250,0.23831961337993923,0.43712631153493164,0.23832792574944242,0.43718082740531333
900,15.0,feeder2_1366,0.23715547967997036,0.5206438653524765,0.23716843476306051,0.5207276132865143
900,15.0,feeder2_1266,0.21772684302576148,0.4240836399164676,0.21773578708528724,0.4241181646918921
900,15.0,feeder2_1372,0.2200555926384974,0.41675947725181617,0.22006073897999218,0.41679697990145415
900,15.0,feeder2_1363,0.2199466623856366,0.4161735380393672,0.2199551908498697,0.4162058151605243
900,15.0,feeder2_1446,0.24471710620733866,0.5376810762476743,0.24472718823982087,0.5377780727959705
900,15.0,feeder2_1502,0.24622619747427668,0.5640619283536213,0.246237651755949,0.5641744615824295
900,15.0,feeder2_1428,0.2198629892138643,0.4160934174408599,0.21987114062605614,0.41612738592950516
900,15.0,feeder2_1380,0.2199198638837465,0.4158103420448164,0.21992959895124595,0.4158475404834554
900,15.0,feeder2_1550,0.22276371824850302,0.41470472562357547,0.22276999411184545,0.41474375586524936
900,15.0,feeder2_1386,0.219701840580242,0.4160778016481784,0.21970841881778516,0.4161214366419874
900,15.0,feeder2_1551,0.21959123723319993,0.4159723341751047,0.21959991349818817,0.41600791760149386
900,15.0,feeder2_1400,0.21960383135695302,0.41623777429372977,0.2196105207003598,0.41627816063230466
900,15.0,feeder2_1552,0.2182041613125421,0.4149300688183887,0.2182069409636666,0.41497426508196034
900,15.0,feeder2_1408,0.21956408574248734,0.41729494151347857,0.21957112108393842,0.417334538226325
900,15.0,feeder2_1553,0.21902991817528303,0.41712976171115174,0.21903395416212565,0.41717639508035803
900,15.0,feeder2_1416,0.21960396197366,0.4179227922949818,0.21961005837061282,0.4179646844216082
900,15.0,feeder2_1530,0.21968934151706693,0.41792627003168326,0.21969702660605872,0.4179646513191583
900,15.0,feeder2_1425,0.21967655410581607,0.419117578242226,0.21968124451465032,0.4191655540982618
900,15.0,feeder2_1589,0.21912762684494405,0.4190168951701522,0.2191342216010999,0.41906013383773855
900,15.0,feeder2_1435,0.21972012803383212,0.4193863325432098,0.21972302003613847,0.41943226391882227
900,15.0,feeder2_1621,0.2203988206313676,0.4224982298987344,0.22040512147493085,0.42254551731661955
900,15.0,feeder2_1564,0.2196929842759603,0.41926048190744586,0.2196989352715195,0.41930912392118824
900,15.0,feeder2_1704,0.24963982983140903,0.5772998640826431,0.2496509492605375,0.5774138953189415
900,15.0,feeder2_1525,0.24654885279618163,0.5657613755938092,0.24655912405948333,0.5658721810441166
900,15.0,feeder2_1716,0.2473861564692394,0.569627889893593,0.24739802141776215,0.5697371580469647
900,15.0,feeder2_1537,0.24682451839930633,0.5670941604362967,0.24683634600047724,0.5672097985863259
900,15.0,feeder2_1645,0.24612287608523423,0.5665363615101456,0.2461328999536111,0.5666506496175534
900,15.0,feeder2_1561,0.24721778781591863,0.5689512184900095,0.2472318365867545,0.5690635895906826
900,15.0,feeder2_1657,0.2472528860769633,0.5689417419931808,0.24726801746294655,0.5690534589495413
900,15.0,feeder2_1570,0.24738709061420142,0.5697565042273622,0.2474014146447523,0.5698715804351107
900,15.0,feeder2_1756,0.2565901254942891,0.564104113441339,0.2566014851402586,0.5642164423727125
900,15.0,feeder2_1588,0.247473406041857,0.5708257391429032,0.24748482979267183,0.5709455754544823
900,15.0,feeder2_1628,0.2479510160888643,0.570667252487063,0.24796278186911022,0.5707855736143199
900,15.0,feeder2_1598,0.24757485382935077,0.5722102804244953,0.2475875614993691,0.5723313634966101
900,15.0,feeder2_1816,0.2619291519054197,0.6113694374067563,0.2619488694258266,0.6114934104708573
900,15.0,feeder2_1765,0.24764937718404126,0.572404799669609,0.24766363809603092,0.572522196402533
900,15.0,feeder2_1641,0.2461366480911379,0.5673854335086689,0.24615177768954596,0.5675094137923464
900,15.0,feeder2_1689,0.2443591869211676,0.5659582869887904,0.24437135657226086,0.5660946111032459
900,15.0,feeder2_1744,0.24830137305287522,0.5656367030106915,0.2483138351125017,0.5657638385315799
900,15.0,feeder2_1817,0.24213068754781594,0.5614866000612261,0.24214366779836796,0.5616263694489195
900,15.0,feeder2_1779,0.24434731568362492,0.5679774276808673,0.24436227798935028,0.5681111538083612
900,15.0,feeder2_1800,0.24430529686129857,0.5659167179950553,0.2443185150972984,0.5660546800105486
900,15.0,feeder2_1818,0.2430272382693341,0.564119076583785,0.24303725612140203,0.5642573327849157
900,15.0,feeder2_1753,0.25256286679248396,0.562641238010536,0.2525765953418646,0.562767884159511
900,15.0,feeder2_1754,0.2488733563332248,0.5650834513017897,0.24888359007987335,0.5652121162301865
930,15.5,secondary,0.01714522346169999,0.01737616212050433,0.017155897667641834,0.01739110138102037
930,15.5,feeder2_44,0.03190156773498231,0.09061116951501275,0.03192132158721651,0.09068758467789959
930,15.5,feeder2_45,0.03240597465170262,0.09297943221202025,0.03242802558521816,0.0930533411931479
930,15.5,feeder2_46,0.032020377661240024,0.09591748323343365,0.03204045733828694,0.0959905016679653
930,15.5,feeder2_51,0.033281612746642014,0.09710714070183452,0.033299470281509876,0.09718964472423494
930,15.5,feeder2_48,0.03252661632442733,0.09286306831168145,0.032545073490506865,0.09294156094840662
930,15.5,feeder2_52,0.03010886076436173,0.09554458438355624,0.030132132915965146,0.09562704020608345
930,15.5,feeder2_68,0.035989948035461926,0.10946823811071285,0.03601187934469644,0.1095629440903896
930,15.5,feeder2_69,0.03605824966027602,0.10965963923577704,0.03608244874539919,0.10975251674571501
930,15.5,feeder2_71,0.03634710322916175,0.11109797013599011,0.03636851195018624,0.11119478973862205
930,15.5,feeder2_72,0.03648896684866191,0.11096411050357319,0.03651048463365576,0.11105971110516129
930,15.5,feeder2_73,0.03746428635201582,0.11621370653556863,0.03748535781171456,0.11631451827341947
930,15.5,feeder2_74,0.03733393832223274,0.1161468097415599,0.03735899515282193,0.11624182490845585
930,15.5,feeder2_77,0.0384267993314318,0.12061669464419088,0.038450783768526224,0.12072106372703248
930,15.5,feeder2_79,0.03847300901835451,0.1207460654918372,0.03849911501315144,0.12084702945728884
930,15.5,feeder2_81,0.03994026675936319,0.1275328554833565,0.039963701769687235,0.12764515823718675
930,15.5,feeder2_82,0.042042481889422646,0.12562303930687205,0.042067285834119436,0.1257296596981554
930,15.5,feeder2_116,0.04663259343411522,0.160269712654111,0.04666311376523658,0.16040977009977164
930,15.5,feeder2_119,0.04586333686149909,0.1611775276825048,0.0458938201068482,0.16131574718343664
930,15.5,feeder2_120,0.04930687646853986,0.17200630929628508,0.049334942746475034,0.17215857006095853
930,15.5,feeder2_248,0.0477244484442403,0.17255827208834376,0.047756329894576406,0.172708972868441
930,15.5,feeder2_124,0.05115317011475646,0.1791088408650065,0.051187417589361614,0.17926117639879938
930,15.5,feeder2_282,0.052864815758006785,0.177558405042079,0.05289712105248664,0.17771226775500534
930,15.5,feeder2_275,0.0504967145499407,0.1796108967378264,0.05052845039639564,0.1797699871533214
930,15.5,feeder2_151,0.05449561943118463,0.19206377503919844,0.054531826314990296,0.19222979656819109
930,15.5,feeder2_295,0.055301671246284614,0.1940434407994448,0.055336390725886433,0.19421049008542965
930,15.5,feeder2_311,0.054550161292077334,0.19218256906617237,0.05457922193272115,0.19235605559602287
930,15.5,feeder2_201,0.0595632433240598,0.21056998321717307,0.05960423326868215,0.21075347768265124
930,15.5,feeder2_314,0.05960622957011952,0.21052954013097788,0.05964281074043248,0.21071857297677668
930,15.5,feeder2_342,0.06680036126697156,0.2369727324921193,0.06684020981640164,0.23718867765145152
930,15.5,feeder2_368,0.06894586344551092,0.24786713308344432,0.06898885881337513,0.2480806541531412
930,15.5,feeder2_347,0.06683277442978067,0.22972070641118666,0.06687799433593221,0.22994605980521957
930,15.5,feeder2_353,0.06686223003831346,0.2261493284250981,0.06690268187657233,0.22638471213867914
930,15.5,feeder2_518,0.06687249288015876,0.22968590285079438,0.0669147759649714,0.22991520141984675
930,15.5,feeder2_365,0.06691503806060567,0.22224236422155666,0.06695767154884266,0.22248094687377537
930,15.5,feeder2_653,0.06676204474436113,0.22609091184851884,0.06680672817407146,0.22632132749157174
930,15.5,feeder2_377,0.06694699356677827,0.2198319539417464,0.06699361131191123,0.2200731934186162
930,15.5,feeder2_622,0.06614372282689347,0.22328063667616857,0.06618479174844112,0.22352353529073993
930,15.5,feeder2_451,0.06898595480259312,0.24782651559242383,0.06902971797146436,0.24804323242493428
930,15.5,feeder2_383,0.07254382644082606,0.2655272703031202,0.07258321727275419,0.26574302353157864
930,15.5,feeder2_385,0.06686909593491434,0.21635435548997936,0.06691508776562992,0.21660055337420606
930,15.5,feeder2_621,0.06779504069713278,0.221930032317985,0.06783594368567691,0.22217474440020926
930,15.5,feeder2_611,0.07245534814148277,0.26547438077693297,0.07249514069365418,0.26569267943376484
930,15.5,feeder2_405,0.07277486266274913,0.2666347660943461,0.07281843311249943,0.26684769231698086
930,15.5,feeder2_461,0.067187687616158,0.20230848224949394,0.0672310427437254,0.20257168160134442
930,15.5,feeder2_594,0.06580924057238616,0.21655105828503046,0.06585578054377549,0.21679739301565726
930,15.5,feeder2_732,0.06680574001891006,0.26491015309824334,0.06684852843074206,0.265123771506879
930,15.5,feeder2_417,0.07490654656980643,0.2754837796327589,0.07494528835847153,0.2757052435358905
930,15.5,feeder2_663,0.07451912816880703,0.27630631765650554,0.07455906728991037,0.27652283515274756
930,15.5,feeder2_444,0.0765419804133419,0.28193347814296116,0.07658544513852505,0.2821502213770854
930,15.5,feeder2_759,0.07741509353473827,0.28090453846632885,0.07745681392613396,0.28112022862386826
930,15.5,feeder2_842,0.07828575705201095,0.285085366961949,0.07832637545905752,0.28530169742347355
930,15.5,feeder2_459,0.0770754671193378,0.284059918652276,0.07711670760973924,0.28427696201200436
930,15.5,feeder2_702,0.079447695942276,0.2814430455843024,0.07948826265830782,0.28166111493501855
930,15.5,feeder2_493,0.07896636694172283,0.29308623639882886,0.07900709553244362,0.293303589784846
930,15.5,feeder2_651,0.06770628474128303,0.20364924475023105,0.06775175717663966,0.20391553605879253
930,15.5,feeder2_684,0.06728031535156428,0.18962995047664435,0.06732520126556266,0.18990939340989454
930,15.5,feeder2_674,0.07850365085019284,0.2928352564483064,0.07854539584014347,0.29304862293420697
930,15.5,feeder2_696,0.08512578241976342,0.32047646433964927,0.08516625088355875,0.32069389323737585
930,15.5,feeder2_681,0.0772881730023118,0.2921813254206933,0.07733178663662464,0.2923941214102046
930,15.5,feeder2_682,0.07842757172694441,0.29279012994519904,0.07846902350729512,0.29300878321959634
930,15.5,feeder2_728,0.06687824100832465,0.18872757600295628,0.06692534070000884,0.18900166495766854
930,15.5,feeder2_724,0.06815650935492747,0.17904516189915157,0.06820343943510482,0.17933488822004162
930,15.5,feeder2_703,0.08523776373195259,0.3206534917039319,0.08528052270871028,0.320871358199462
930,15.5,feeder2_704,0.09142003837662685,0.33067138195151047,0.09146331589089006,0.3308903327149854
930,15.5,feeder2_754,0.06821149496970183,0.17901942986450675,0.06825776505220545,0.1793095251599772
930,15.5,feeder2_747,0.06854180458258634,0.1748392498190669,0.06859158457979589,0.1751291045885827
930,15.5,feeder2_828,0.06591114081269585,0.18811402896412815,0.06595649196251091,0.18839359281708998
930,15.5,feeder2_763,0.06669880554108615,0.1884173365226882,0.06674301133624677,0.18869466706601376
930,15.5,feeder2_836,0.06908684747647081,0.17672471619179875,0.06913720508437013,0.17701678720589087
930,15.5,feeder2_758,0.06875756608913829,0.17045578327284144,0.06880387949358568,0.1707534946786904
930,15.5,feeder2_788,0.07012210004608443,0.16908527935103276,0.07017079039192076,0.16937906180136938
930,15.5,feeder2_812,0.0691553898057823,0.15902968269386533,0.06920416487961342,0.1593303674506273
930,15.5,feeder2_947,0.0668056204931014,0.18835790034507,0.06685559437120116,0.18863103551328717
930,15.5,feeder2_868,0.06759602156448373,0.18768310988551076,0.06764435115777517,0.1879580294082432
930,15.5,feeder2_785,0.06644953757577048,0.18871582453186614,0.06649805142788895,0.18899000358285004
930,15.5,feeder2_1176,0.06456459671572488,0.1913872346084486,0.06461397718844437,0.19165687252044858
930,15.5,feeder2_846,0.0653486914694126,0.18833716343540408,0.06539465590276952,0.1886160207335293
930,15.5,feeder2_911,0.06645799545151759,0.18869054080212033,0.06650726162568948,0.18896388461946517
930,15.5,feeder2_1107,0.0689835950173361,0.15935258572075367,0.06903112707128294,0.15965914797207537
930,15.5,feeder2_920,0.0693389263236174,0.1558493359091645,0.06938956201010357,0.15615458928053053
930,15.5,feeder2_926,0.06985761635181198,0.15178412779669548,0.06990615779314205,0.15208744933182217
930,15.5,feeder2_1239,0.06905332138413522,0.15522753697321776,0.0691016083671949,0.15553597681298292
930,15.5,feeder2_933,0.07001726354454633,0.15036101309243763,0.07006704825584832,0.15067030973871837
930,15.5,feeder2_1146,0.07019276374900539,0.1503128782094292,0.07023944795116803,0.1506215345848243
930,15.5,feeder2_1124,0.07003363609323542,0.15041353974555188,0.0700818791274669,0.15072179406900818
930,15.5,feeder2_942,0.07041574287735629,0.14687939441767128,0.07046609860730056,0.1471814778048005
930,15.5,feeder2_952,0.07217704114718355,0.15298305533599302,0.0722301258361474,0.1532858935716931
930,15.5,feeder2_965,0.07026388051604386,0.1454705366065569,0.07031255760879643,0.14577584048431957
930,15.5,feeder2_961,0.07232646354956947,0.15377822975412883,0.07237694752691982,0.1540804723597472
930,15.5,feeder2_963,0.07218579341605552,0.1529585029530588,0.07223643335296422,0.1532624202360332
930,15.5,feeder2_973,0.07312873593846202,0.15806710356156098,0.0731790629186653,0.1583751387553363
930,15.5,feeder2_1128,0.07231407359198264,0.15372227508338707,0.0723669655691749,0.15402450192113767
930,15.5,feeder2_1113,0.07287647972768019,0.15233601894175836,0.07293116641923307,0.15263815359587546
930,15.5,feeder2_1143,0.07236776632237454,0.15303361927502074,0.07241887950892438,0.1533394382122618
930,15.5,feeder2_1238,0.08321663431001851,0.13969942871734886,0.08326259037148581,0.13998773148588536
930,15.5,feeder2_979,0.06992110517784218,0.14405641964409407,0.06997071182940554,0.14436428606040105
930,15.5,feeder2_1236,0.07416876704853866,0.16240939168866284,0.07422252021441246,0.16272245802184182
930,15.5,feeder2_989,0.07313016975643859,0.1580865470151551,0.0731857275543144,0.15839061282799627
930,15.5,feeder2_1196,0.06357829694587454,0.1386453007713243,0.06362752177736232,0.13895439989320596
930,15.5,feeder2_1158,0.0727604686523911,0.1605419891496386,0.07281250049757847,0.16085300348255455
930,15.5,feeder2_1122,0.06882872389046212,0.1588574097648478,0.06887255849305929,0.15916442509905018
930,15.5,feeder2_1258,0.06918915181580912,0.16013732533944436,0.06923623671694032,0.16044207756645373
930,15.5,feeder2_1303,0.0697913241940485,0.15856726916225689,0.06983659688687403,0.15887188143425995
930,15.5,feeder2_1138,0.0686841733035667,0.15852940135090127,0.06873276601381002,0.15883264604852715
930,15.5,feeder2_1304,0.06833211608995202,0.1587478741930293,0.06837926086430429,0.15905577451722314
930,15.5,feeder2_1212,0.0685515548449797,0.15775989829269185,0.06859706309725039,0.1580664358536441
930,15.5,feeder2_1311,0.07133943575108227,0.15684660817217086,0.07138473568088216,0.15714559256384328
930,15.5,feeder2_1290,0.06818591787608996,0.15735472501502865,0.06823509485310963,0.15765870692841255
930,15.5,feeder2_1325,0.07535364152141373,0.16502233254786464,0.07540852959269112,0.16533425312531583
930,15.5,feeder2_1248,0.07416560462994201,0.16242615180573503,0.0742186888223961,0.1627376991406367
930,15.5,feeder2_1249,0.08664849943389667,0.13827001037177405,0.08669259885965604,0.1385540205040694
930,15.5,feeder2_1250,0.08418738321822712,0.1396553162897879,0.08423431923607401,0.13993769344746368
930,15.5,feeder2_1366,0.07298077698052778,0.16420511728021034,0.07303435532640337,0.164512843444064
930,15.5,feeder2_1266,0.06938386457864494,0.16085954904021324,0.06943235877780028,0.16116414925836878
930,15.5,feeder2_1372,0.06824268906071085,0.15744566180515004,0.06828977736385167,0.15774957119887434
930,15.5,feeder2_1363,0.0678195419942793,0.15683154470287006,0.06786172197175636,0.15714216144731427
930,15.5,feeder2_1446,0.07788834932297084,0.16431404514292466,0.07794293518681401,0.16462294110267964
930,15.5,feeder2_1502,0.07626431741005275,0.16873565384819844,0.0763228002487359,0.16905203180028677
930,15.5,feeder2_1428,0.06773685149313723,0.15676692926850905,0.0677855616042101,0.1570743449677684
930,15.5,feeder2_1380,0.06740846131793642,0.1564144862929681,0.06745072038725215,0.15672975053431318
930,15.5,feeder2_1550,0.06842976434330753,0.15635151946879677,0.06847417837763245,0.15666056112561852
930,15.5,feeder2_1386,0.06719596364420384,0.15622078498915365,0.06724320823678659,0.15653495413251106
930,15.5,feeder2_1551,0.06708687665330067,0.15613861842896656,0.06713045670542885,0.1564521679325865
930,15.5,feeder2_1400,0.06710065199691484,0.15616968369325815,0.06714783669738877,0.15648190674494042
930,15.5,feeder2_1552,0.0646387897483675,0.15515640754224053,0.06468120124430846,0.15547974991893468
930,15.5,feeder2_1408,0.0672816920447712,0.15678573278841812,0.06732645855223467,0.15710452524313373
930,15.5,feeder2_1553,0.0666595883126916,0.15744102940176094,0.0667029933368721,0.15775707881833617
930,15.5,feeder2_1416,0.06746247298593515,0.15701764485777547,0.06750833602990323,0.15733597843968697
930,15.5,feeder2_1530,0.06903077516900454,0.15540558049383524,0.06907363939185401,0.1557254170689469
930,15.5,feeder2_1425,0.06763093055437629,0.15828442840754103,0.06767646308033254,0.15860159133776788
930,15.5,feeder2_1589,0.06756202003520663,0.15823596977391208,0.0676053171784852,0.15855307597728688
930,15.5,feeder2_1435,0.0676664451336842,0.15854473944927291,0.06771464266255556,0.15885671700226603
930,15.5,feeder2_1621,0.06822242715074682,0.16143744152825687,0.06826933496050401,0.1617567808393948
930,15.5,feeder2_1564,0.06763906966653709,0.15844245173956123,0.06768397625561924,0.15876380069839705
930,15.5,feeder2_1704,0.07551819373004914,0.16981674066829403,0.07557694450548208,0.17013237661735808
930,15.5,feeder2_1525,0.07651660090981452,0.169286204999508,0.07657639996006893,0.16960380509826795
930,15.5,feeder2_1716,0.07741556300381276,0.17224713291577867,0.07747285107308684,0.17257712463228495
930,15.5,feeder2_1537,0.0767199518972629,0.1694834605892493,0.07677997138147435,0.1698040121954787
930,15.5,feeder2_1645,0.07653098723802795,0.16929915411429303,0.07658959305135242,0.16961993762856253
930,15.5,feeder2_1561,0.07697421488402598,0.16982236778737206,0.07703047112225478,0.1701505333133732
930,15.5,feeder2_1657,0.07701403929254835,0.16982866054660953,0.07707023287858109,0.17015597632307175
930,15.5,feeder2_1570,0.07708342869270794,0.16996848120977168,0.07714117558580083,0.17029364866403351
930,15.5,feeder2_1756,0.08236941684978252,0.17041391068924047,0.08242402267455316,0.17072984916943088
930,15.5,feeder2_1588,0.0771561474519177,0.1700458169986787,0.07721518058171198,0.17036904526784818
930,15.5,feeder2_1628,0.0785260670372645,0.1694628895499268,0.07858652213694182,0.16978732235104682
930,15.5,feeder2_1598,0.07718657019828858,0.17027778641806754,0.07724342591409063,0.17061331902633523
930,15.5,feeder2_1816,0.07827998617881601,0.17636061583681661,0.07834343652472511,0.17669574338946623
930,15.5,feeder2_1765,0.07723771947602813,0.1704435089016046,0.07729525780741896,0.17077641484254288
930,15.5,feeder2_1641,0.07705526419466967,0.16958780790518546,0.07711818392974265,0.16992775502146631
930,15.5,feeder2_1689,0.07688353235198146,0.16883332288913286,0.07694242375933731,0.16919033894679172
930,15.5,feeder2_1744,0.07752434167170967,0.16963971050791404,0.07758474536887441,0.16997870078113367
930,15.5,feeder2_1817,0.07648775040304534,0.16703520738416192,0.0765489099676212,0.16738834645724787
930,15.5,feeder2_1779,0.0774212493410478,0.16962768617024263,0.07748335225067876,0.169982915857101
930,15.5,feeder2_1800,0.07683125200437639,0.16878245899301544,0.07689423937257245,0.1691325441761843
930,15.5,feeder2_1818,0.0764635056854838,0.16814735905229883,0.07652767439973328,0.16852032443489037
930,15.5,feeder2_1753,0.07891943412919303,0.16980487329974872,0.07897748090671797,0.1701435897703777
930,15.5,feeder2_1754,0.07754875863494425,0.16964319614768383,0.07760950940393689,0.1699869105928085
960,16.0,secondary,0.08417014705035576,0.03151117702408806,0.08414671829200886,0.031466806896742354
960,16.0,feeder2_44,0.15674738006316122,0.16446209942929535,0.15670476498083724,0.16424104571074932
960,16.0,feeder2_45,0.15948254789064875,0.16956370183835645,0.1594374802392182,0.16933485622062933
960,16.0,feeder2_46,0.15499927772182273,0.16549694825464134,0.15495669672166806,0.1652724233910952
960,16.0,feeder2_51,0.16415030217135387,0.17847188698685126,0.1641024969938189,0.17822710358205593
960,16.0,feeder2_48,0.1609944365262868,0.16897192964497654,0.16095198887815287,0.16874322578265405
960,16.0,feeder2_52,0.16405469036926346,0.17824789325396434,0.16401042554743722,0.17800656684933772
960,16.0,feeder2_68,0.17736716472109218,0.20366061185375542,0.17731938788046608,0.2033821784266892
960,16.0,feeder2_69,0.176398479920163,0.20416049019379587,0.1763481301219136,0.2038861568010975
960,16.0,feeder2_71,0.17912456592647877,0.2069859678350391,0.17907512617807783,0.20670537403294867
960,16.0,feeder2_72,0.18144092030233652,0.20877769133196464,0.18139116780827383,0.2084951937587931
960,16.0,feeder2_73,0.1845763476638555,0.217159401478876,0.1845237687291116,0.21686661364621845
960,16.0,feeder2_74,0.18538550990540587,0.21568428731349143,0.1853362357218441,0.2153893868139529
960,16.0,feeder2_77,0.1892664250394238,0.2261409636243418,0.18921349973512086,0.22583174226352412
960,16.0,feeder2_79,0.18920470187142205,0.22616915872618312,0.18915220193514148,0.22585829912056798
960,16.0,feeder2_81,0.1966976324352022,0.2403455218429485,0.19664497750765036,0.24001700530434647
960,16.0,feeder2_82,0.1967619260624777,0.2403974015680874,0.19670527427949236,0.24006881297653346
960,16.0,feeder2_116,0.23023282540581452,0.30413545937791997,0.2301701007080991,0.30372169821613887
960,16.0,feeder2_119,0.23020170597232947,0.30407003648917763,0.2301377145890263,0.3036606037922474
960,16.0,feeder2_120,0.24273440393213674,0.32784160521495415,0.24266743407161478,0.32739408242444445
960,16.0,feeder2_248,0.2415595162661765,0.32552256950243114,0.2414902974472365,0.3250752479811748
960,16.0,feeder2_124,0.2506197980040076,0.3433353917276239,0.2505480414135581,0.34286784653115454
960,16.0,feeder2_282,0.2699986801335301,0.35850620765981617,0.2699297997933483,0.35804106944164266
960,16.0,feeder2_275,0.25055200123608384,0.34321853397964563,0.2504837480437302,0.3427522055452999
960,16.0,feeder2_151,0.26216751128347127,0.3606103880680309,0.26209568533676,0.36010821893305256
960,16.0,feeder2_295,0.25597875662657943,0.36416088058588986,0.2559095682656573,0.36366208208012624
960,16.0,feeder2_311,0.26212014918331594,0.360629527973487,0.2620456176028226,0.3601276382937636
960,16.0,feeder2_201,0.2813583785470434,0.386555831397055,0.28127798490104333,0.38599668393438824
960,16.0,feeder2_314,0.28191188054488,0.3865342457554455,0.2818300424468238,0.3859768883098379
960,16.0,feeder2_342,0.308269636679976,0.42370123102618745,0.3081791657886701,0.42306480112439687
960,16.0,feeder2_368,0.307576765378031,0.424030744707111,0.30748829951415896,0.4233954554670281
960,16.0,feeder2_347,0.32198117657866127,0.4420267027588392,0.321885592822534,0.441351935125064
960,16.0,feeder2_353,0.328799181004676,0.4513987634939526,0.3287002083260923,0.4506991339440992
960,16.0,feeder2_518,0.32206359870149587,0.4421001641905502,0.3219690566569855,0.44142094838257845
960,16.0,feeder2_365,0.33637222467611594,0.4620471635896608,0.33627062880650005,0.46133079285868406
960,16.0,feeder2_653,0.3287432418972251,0.4513046088535904,0.3286439604326455,0.4506061495289281
960,16.0,feeder2_377,0.3404851837401222,0.4679165735412182,0.34038568002206454,0.4671908304760468
960,16.0,feeder2_622,0.3363566760145266,0.4620486142631052,0.3362581224454023,0.46133141492937685
960,16.0,feeder2_451,0.30766985520630963,0.4241108678441509,0.30758264420873327,0.42347527771195687
960,16.0,feeder2_383,0.3064554155903087,0.42474825974551733,0.30636472380364116,0.42411017544022495
960,16.0,feeder2_385,0.3451860802701609,0.47489768035984564,0.345081594204735,0.47415978598816444
960,16.0,feeder2_621,0.33404881369175093,0.46935323919163163,0.3339515689040069,0.46862410139897664
960,16.0,feeder2_611,0.3069149688709716,0.42356175791167505,0.3068252014594875,0.4229260375449135
960,16.0,feeder2_405,0.3063859543176229,0.42486918594792517,0.3062984922669121,0.4242289878837704
960,16.0,feeder2_461,0.3648316813738689,0.5078562749957025,0.36471895617398964,0.5070711370358247
960,16.0,feeder2_594,0.34437269801796083,0.4734914314491757,0.34426693535953073,0.47274994399734
960,16.0,feeder2_732,0.3036522865261723,0.42035560030906144,0.3035626301978012,0.4197216169652114
960,16.0,feeder2_417,0.3061047324028231,0.426772524531398,0.3060154631220024,0.4261343570823035
960,16.0,feeder2_663,0.30318678628272666,0.42946075356885244,0.30309841899576917,0.4288252406363692
960,16.0,feeder2_444,0.30610239963203933,0.427493553603836,0.30601411348708857,0.4268605128689108
960,16.0,feeder2_759,0.30626584651536165,0.42762746839246296,0.3061780243654016,0.42699250661775157
960,16.0,feeder2_842,0.3051810031781533,0.42798870060964234,0.3050903530648257,0.42735277687516937
960,16.0,feeder2_459,0.3061034065017659,0.4277264313057917,0.30601397585054546,0.42709151981830734
960,16.0,feeder2_702,0.30935479045859904,0.4294656137285108,0.30926747169478497,0.42882883362556895
960,16.0,feeder2_493,0.3057349918742761,0.4278703277442374,0.30564848359669133,0.4272354021781126
960,16.0,feeder2_651,0.35912446711945617,0.507687802163958,0.3590155699266046,0.5068973042129282
960,16.0,feeder2_684,0.38083769180502103,0.5397029891937399,0.38071849616045017,0.5388869000639108
960,16.0,feeder2_674,0.3056005798862085,0.4272733905430876,0.30551239850584055,0.4266354921253432
960,16.0,feeder2_696,0.30509364656636073,0.43130518142759244,0.3050092341316185,0.43067151136630494
960,16.0,feeder2_681,0.3050227812166633,0.42621681948345236,0.30493515668815174,0.4255845834731485
960,16.0,feeder2_682,0.30592358949759113,0.4264025039487901,0.3058354148668764,0.4257674083028837
960,16.0,feeder2_728,0.3793877465443719,0.5343694606919774,0.37926915180121057,0.5335552914003061
960,16.0,feeder2_724,0.4003175977791729,0.5874151197013863,0.4001911421580487,0.5865708701596364
960,16.0,feeder2_703,0.30503033221779724,0.4313465311801462,0.3049427029540246,0.43070992866577784
960,16.0,feeder2_704,0.30258901296779817,0.4332073872834529,0.30250287841513707,0.432574768462169
960,16.0,feeder2_754,0.4011620331435081,0.5878776481861544,0.4010366929219843,0.5870289662335871
960,16.0,feeder2_747,0.4081351744855263,0.6070313258391026,0.4080079247642106,0.6061743325162782
960,16.0,feeder2_828,0.3760752682949981,0.5286100081995343,0.3759519320872138,0.5277978326679144
960,16.0,feeder2_763,0.37944473334278334,0.5346071229216814,0.37932520455828517,0.5337895032279832
960,16.0,feeder2_836,0.407283683782744,0.6066257746866741,0.40715576744000126,0.6057625095744098
960,16.0,feeder2_758,0.41486425459644116,0.6243415486222937,0.4147335419166108,0.6234694042842328
960,16.0,feeder2_788,0.4178550315787714,0.6270041055727625,0.4177230562048702,0.6261345980322648
960,16.0,feeder2_812,0.43472440890094893,0.6748570261494629,0.43458787010018973,0.6739524833770733
960,16.0,feeder2_947,0.37962976723986186,0.5347925915266386,0.3795094365476621,0.533978524390844
960,16.0,feeder2_868,0.37982718553953526,0.5349827476157041,0.3797110020986577,0.5341685235659902
960,16.0,feeder2_785,0.37939604791381,0.534437264403695,0.3792791976271013,0.5336238701714384
960,16.0,feeder2_1176,0.37930513675227107,0.5343919236853021,0.3791846099375693,0.5335776037215536
960,16.0,feeder2_846,0.37914791223139316,0.5340508191772602,0.3790293531700443,0.5332356679711808
960,16.0,feeder2_911,0.3794227207966992,0.5345401501225828,0.37930223862732165,0.5337261043617797
960,16.0,feeder2_1107,0.44328814118618715,0.7128048720504343,0.4431493175513048,0.7119102514185027
960,16.0,feeder2_920,0.43793798779118026,0.6787510930280257,0.4377990818935697,0.677835905039315
960,16.0,feeder2_926,0.44278752786584397,0.684778978332477,0.4426442795242802,0.6838509686318474
960,16.0,feeder2_1239,0.43786665373313355,0.6785120321235764,0.4377266106565661,0.6776022251628355
960,16.0,feeder2_933,0.44488304607205165,0.6873213313486933,0.44473599073695064,0.6863847709055423
960,16.0,feeder2_1146,0.4430308812417134,0.6854105027711989,0.44288635985690616,0.684482175937057
960,16.0,feeder2_1124,0.4448582499731343,0.6873014262683804,0.44471476817439115,0.6863625061801186
960,16.0,feeder2_942,0.45018785555970464,0.6937975035242844,0.4500396155135766,0.6928424577857804
960,16.0,feeder2_952,0.45602590263962783,0.6934009701368482,0.45587254239863306,0.692416948012219
960,16.0,feeder2_965,0.4504461607183166,0.6950918452633945,0.450297533300383,0.6941359911162159
960,16.0,feeder2_961,0.45659663104338516,0.6930889074613236,0.4564456997809387,0.6920995187590995
960,16.0,feeder2_963,0.45603873693825453,0.6934587571592854,0.4558884232600133,0.6924714849505217
960,16.0,feeder2_973,0.4596424184379797,0.6919136884632583,0.4594893812980559,0.6909065215912901
960,16.0,feeder2_1128,0.45657852835599966,0.6922530182669896,0.4564257547497384,0.6912651249152014
960,16.0,feeder2_1113,0.4563511406159843,0.693690542758185,0.4561995853681159,0.6927050224126231
960,16.0,feeder2_1143,0.4566219003877399,0.6966699877441627,0.4564717741376085,0.6956841547200145
960,16.0,feeder2_1238,0.47921716399562075,0.7239420122121666,0.4790682558885234,0.7229937588789563
960,16.0,feeder2_979,0.45030683650711006,0.6943710008011433,0.45015853434372055,0.6934141808988261
960,16.0,feeder2_1236,0.4641930972627751,0.6909357301018869,0.46403439911120437,0.6898992900850854
960,16.0,feeder2_989,0.4596424139571085,0.6919066899454462,0.45948797452546963,0.6908965858339395
960,16.0,feeder2_1196,0.44933456814956385,0.6911921887122074,0.4491846722547691,0.6902393215788245
960,16.0,feeder2_1158,0.4585198001793569,0.6912468545289563,0.4583660940003925,0.6902373529455793
960,16.0,feeder2_1122,0.4466319742338918,0.7279635384088622,0.44649453791763055,0.7270695712608044
960,16.0,feeder2_1258,0.4427981616864802,0.7125309811047295,0.4426604376778091,0.7116381061430765
960,16.0,feeder2_1303,0.4482329628202177,0.729601700487063,0.44809525349706136,0.7287082552695511
960,16.0,feeder2_1138,0.4491613695961281,0.7393628432997035,0.44902059951660483,0.7384742616665958
960,16.0,feeder2_1304,0.449139691449942,0.7393316467210952,0.4490003672828441,0.7384414250440918
960,16.0,feeder2_1212,0.4545300265123703,0.7636128061349646,0.4543899796887999,0.7627255758595597
960,16.0,feeder2_1311,0.47065521377693886,0.7801505855723678,0.4705125100614976,0.7792669805382454
960,16.0,feeder2_1290,0.4585565474693307,0.7798982168912075,0.45841668785231854,0.779018212607746
960,16.0,feeder2_1325,0.4705803222285059,0.6900896610942355,0.47041697222213125,0.6890225109888659
960,16.0,feeder2_1248,0.4641831633365575,0.6909348853268142,0.46402405774014394,0.6898989637348569
960,16.0,feeder2_1249,0.48034600299204555,0.7249558361602644,0.4801980292298832,0.7240037173195097
960,16.0,feeder2_1250,0.4966861288147803,0.7417915678525914,0.4965382749738515,0.7408467026458481
960,16.0,feeder2_1366,0.464115624955852,0.6908932819062278,0.46395815504460675,0.6898618682582801
960,16.0,feeder2_1266,0.44234010229965337,0.7122812760328047,0.44220139559257604,0.711383913463959
960,16.0,feeder2_1372,0.4736075536962807,0.7949283791842555,0.47346758370531933,0.7940475770664472
960,16.0,feeder2_1363,0.4581840944997556,0.7754838534067421,0.45804639087818927,0.7746048306912368
960,16.0,feeder2_1446,0.47277993139998875,0.6923601267399636,0.4726155001328586,0.6912966077876532
960,16.0,feeder2_1502,0.4772250620978384,0.6861680501739816,0.47705323886053824,0.6850654464766469
960,16.0,feeder2_1428,0.4587722344354068,0.7741080796531556,0.45863342984225863,0.7732289751331255
960,16.0,feeder2_1380,0.4577659344515153,0.7723640110534704,0.45762662407799365,0.7714870066985741
960,16.0,feeder2_1550,0.45926343651826135,0.7739608446965106,0.4591232455972188,0.7730843807654771
960,16.0,feeder2_1386,0.45743505449356076,0.7700545951413115,0.4572974366432757,0.7691775635795788
960,16.0,feeder2_1551,0.45790788084052053,0.7688696504028597,0.457768430600825,0.7679918042348087
960,16.0,feeder2_1400,0.4572837910135215,0.7692343341416626,0.45714479648715656,0.7683554284575482
960,16.0,feeder2_1552,0.4557977068169893,0.7670717733446348,0.4556552922883617,0.7661980814946622
960,16.0,feeder2_1408,0.45728146735068237,0.7685388296393523,0.4571426981502184,0.7676620858165117
960,16.0,feeder2_1553,0.4572154752802991,0.768461188216095,0.4570755224906564,0.7675875488933392
960,16.0,feeder2_1416,0.4572858263777215,0.768192309696898,0.45714626726475877,0.7673172578387857
960,16.0,feeder2_1530,0.4584215752324341,0.7691604892481045,0.45827926882688563,0.7682854949772518
960,16.0,feeder2_1425,0.4570857097264421,0.7669402510926081,0.4569446403898327,0.7660666891335893
960,16.0,feeder2_1589,0.45607299246423866,0.7656080322662722,0.45593130269907906,0.7647347475190175
960,16.0,feeder2_1435,0.4570830845404266,0.7668017399198856,0.4569417230559248,0.7659281898353395
960,16.0,feeder2_1621,0.4555645297532804,0.7656874100018872,0.4554252111310443,0.7648091141909246
960,16.0,feeder2_1564,0.45705814853866905,0.7667322348032061,0.4569195416251525,0.7658586104763486
960,16.0,feeder2_1704,0.4751764403916511,0.6863961849595788,0.4750055106787492,0.6852921725802115
960,16.0,feeder2_1525,0.47901121883026104,0.6851783285676647,0.47884043562517387,0.6840662255938418
960,16.0,feeder2_1716,0.47749747833694367,0.6842120665721715,0.4773227117240491,0.6830969695056417
960,16.0,feeder2_1537,0.481008540499001,0.6842724664203581,0.4808347149754078,0.683151274186799
960,16.0,feeder2_1645,0.4810247632146265,0.6826800985975225,0.48084976945690827,0.6815606566200835
960,16.0,feeder2_1561,0.4833694463787762,0.6841193401952285,0.4831926823934799,0.6829834128701373
960,16.0,feeder2_1657,0.48389317599568227,0.6845137469849075,0.48371691423835367,0.6833798555201565
960,16.0,feeder2_1570,0.48434480940382724,0.6839426031676961,0.48416643070226,0.6828033432161288
960,16.0,feeder2_1756,0.5152476129464736,0.7154906810061076,0.5150707718212304,0.714354594411363
960,16.0,feeder2_1588,0.48487312272498934,0.6817342029066025,0.48469351961314244,0.6805904001231018
960,16.0,feeder2_1628,0.4852743970867981,0.6821483435765971,0.4850951267584138,0.68100670611794
960,16.0,feeder2_1598,0.48551886432548913,0.678825120729227,0.48534096745646554,0.6776730181465024
960,16.0,feeder2_1816,0.47943099943260487,0.6782284177589407,0.479255047280057,0.6770737542814085
960,16.0,feeder2_1765,0.48542951748888646,0.6787527632063296,0.4852490326021774,0.67760306954405
960,16.0,feeder2_1641,0.48882427672259193,0.6651025048065632,0.4886407729008479,0.6639270460030006
960,16.0,feeder2_1689,0.49139809872208867,0.6521995575607752,0.49121205165068416,0.6509988130431998
960,16.0,feeder2_1744,0.48959926673688703,0.6658984637968668,0.4894165232460914,0.6647220222971966
960,16.0,feeder2_1817,0.49138161515038536,0.6521514409471691,0.4911929904177332,0.6509520348972667
960,16.0,feeder2_1779,0.49111278206447373,0.6516757543543296,0.49092464562586,0.6504751852212987
960,16.0,feeder2_1800,0.4913704665058522,0.652163417782853,0.4911829837374687,0.6509625914451996
960,16.0,feeder2_1818,0.5102710812467415,0.6224055344304257,0.510046539442504,0.621161462907882
960,16.0,feeder2_1753,0.4919033566655174,0.6682631464873493,0.4917209950329941,0.6670865182484561
960,16.0,feeder2_1754,0.4896343327126817,0.665934913945464,0.48945289502649963,0.6647570288438185
990,16.5,secondary,0.025483707774204792,0.026558990850874768,0.02548698807867633,0.026569989325755158
990,16.5,feeder2_44,0.04744311885502717,0.13857381838256908,0.04744825413370021,0.13862761905557391
990,16.5,feeder2_45,0.04822446439368717,0.14270236168804323,0.048234879514461926,0.14275712495475226
990,16.5,feeder2_46,0.04745644281193411,0.14065476009986336,0.047461997633762916,0.1407091401238311
990,16.5,feeder2_51,0.04958348259424238,0.14989843042128365,0.0495902212160059,0.1499596861742573
990,16.5,feeder2_48,0.04831953240661252,0.14251481622796616,0.04832478095870379,0.14257185013514798
990,16.5,feeder2_52,0.04503415789455438,0.15515673248594944,0.04503690303677709,0.15521737985723594
990,16.5,feeder2_68,0.05395453612196233,0.16847391067011291,0.053963033469310126,0.16854044745449748
990,16.5,feeder2_69,0.055583019715465184,0.17128924009995342,0.055595918192154335,0.1713547481165709
990,16.5,feeder2_71,0.05450297709289855,0.17078473318013368,0.05450799350454878,0.17085457290685876
990,16.5,feeder2_72,0.05672179692873641,0.16670856262511605,0.056726069166142506,0.16677684328808934
990,16.5,feeder2_73,0.05622453698943783,0.17848161570433488,0.05623028585595356,0.1785551355693616
990,16.5,feeder2_74,0.05350032324369281,0.18195474129659137,0.05350788073809042,0.18202827738772467
990,16.5,feeder2_77,0.05784256584597984,0.18460018506991693,0.05784798066938624,0.18467642115554964
990,16.5,feeder2_79,0.0570599382140322,0.18467359031134736,0.05706683443252306,0.18475163256596377
990,16.5,feeder2_81,0.06037885043261356,0.19415897223899034,0.06039051406811668,0.19423669770686705
990,16.5,feeder2_82,0.06183454246997367,0.19144638639496547,0.06184479253091048,0.19152171455858813
990,16.5,feeder2_116,0.07182577846825229,0.23975126982444342,0.07183476536583157,0.23985511327267836
990,16.5,feeder2_119,0.07158376103427765,0.23977463701338464,0.07159740241180867,0.23987257900724207
990,16.5,feeder2_120,0.07611215359421061,0.2566396804362272,0.07612222970031142,0.25674913905015656
990,16.5,feeder2_248,0.0740258917992926,0.25676781297672735,0.07403278495805563,0.2568792362982673
990,16.5,feeder2_124,0.07890278661372109,0.2670641550396765,0.07891581798072246,0.2671782988422863
990,16.5,feeder2_282,0.0805635340519028,0.2635279021963361,0.080575940880064,0.263641225513637
990,16.5,feeder2_275,0.07878334117122947,0.26706213808491935,0.07879590442285793,0.267174369278538
990,16.5,feeder2_151,0.08383860022732567,0.2872820926781887,0.08385021626836527,0.2874045148992546
990,16.5,feeder2_295,0.08542240685313199,0.2896288936141765,0.08543427568270084,0.2897550798858212
990,16.5,feeder2_311,0.08391015547631278,0.2873863868664164,0.08392374607009584,0.28751104573995545
990,16.5,feeder2_201,0.09126387679735458,0.3171216446887367,0.09127807231931112,0.31726108486204946
990,16.5,feeder2_314,0.0933951659413488,0.31508975698589703,0.09340694431022448,0.3152306354320238
990,16.5,feeder2_342,0.10113070143773005,0.36385570079828405,0.10114394624220684,0.36401341767087775
990,16.5,feeder2_368,0.1030534499928757,0.36634369044444126,0.10306695607478729,0.366506264920907
990,16.5,feeder2_347,0.1032488971595128,0.3821543338746138,0.10326729860166568,0.38232370529529347
990,16.5,feeder2_353,0.10431185647758698,0.39129785603378797,0.10432680943091607,0.3914767633631007
990,16.5,feeder2_518,0.10327308703937017,0.38208157479349975,0.10328715066236141,0.38225330732855806
990,16.5,feeder2_365,0.10550433889826653,0.40144310769936,0.10552147317562068,0.40162621792787445
990,16.5,feeder2_653,0.10421302043572875,0.3912998424982914,0.1042258861801036,0.3914811928855207
990,16.5,feeder2_377,0.1061301369496869,0.4068958085585237,0.10614191913054273,0.4070862842858771
990,16.5,feeder2_622,0.1050907597123166,0.4015207558768828,0.10510654141421001,0.4017066492810979
990,16.5,feeder2_451,0.1030812898956478,0.36626182710563243,0.10309364624620147,0.3664203184326855
990,16.5,feeder2_383,0.10616626649234812,0.37043552908758776,0.10618255011457264,0.3705966165754593
990,16.5,feeder2_385,0.10665689303544096,0.4122931212618996,0.10667076493827471,0.4124887938931286
990,16.5,feeder2_621,0.10796155325369854,0.4093817162490034,0.10797557632295049,0.40956821643206914
990,16.5,feeder2_611,0.10607897475909175,0.37043210466929116,0.10609465325350381,0.37059215050539607
990,16.5,feeder2_405,0.1063620769704573,0.37069210616262305,0.10637840833272653,0.37085062477635544
990,16.5,feeder2_461,0.1091945089039264,0.434319921816003,0.10921450578342652,0.43452528700053067
990,16.5,feeder2_594,0.1053124382537779,0.4123679286966895,0.10533247753000757,0.4125593788152964
990,16.5,feeder2_732,0.10241501836048979,0.3709020577507855,0.1024309362395488,0.3710619431437961
990,16.5,feeder2_417,0.10805810665683799,0.3726667733579539,0.1080728338958147,0.3728264749311054
990,16.5,feeder2_663,0.10918900332727087,0.3742361191692126,0.10920061652510359,0.37439602047558024
990,16.5,feeder2_444,0.10921745662120844,0.37366958370828524,0.10923475344175486,0.37382512760237424
990,16.5,feeder2_759,0.11358756587246473,0.3686373248636233,0.11360396897693177,0.36879820339393093
990,16.5,feeder2_842,0.11126853619898962,0.3767436796664135,0.11128610560510782,0.3769007077910579
990,16.5,feeder2_459,0.10951382764969705,0.3741567598904252,0.1095299149767782,0.37431727014191735
990,16.5,feeder2_702,0.11548557454296877,0.36619595332743166,0.11550034121271102,0.3663558311726849
990,16.5,feeder2_493,0.11019314494514063,0.37915418946327,0.11020237546643799,0.37931456122452356
990,16.5,feeder2_651,0.10982230117343593,0.4352781254480724,0.10983789060116296,0.43548764561690795
990,16.5,feeder2_684,0.11099132402462317,0.45107648593860333,0.11101097215217076,0.4512960843897351
990,16.5,feeder2_674,0.10912721371948365,0.3795940650528116,0.10914471569443314,0.37975434197335495
990,16.5,feeder2_696,0.11354587151821231,0.39215460519010914,0.1135581925409207,0.392312903861595
990,16.5,feeder2_681,0.10748515231242314,0.37957676950086355,0.10749576804501323,0.37973946477693904
990,16.5,feeder2_682,0.10721261032980957,0.3814551877901978,0.10722795854247441,0.38161236498062845
990,16.5,feeder2_728,0.11067620759717527,0.4495265768756694,0.11069232822999119,0.4497486163765587
990,16.5,feeder2_724,0.11339386013206378,0.4718570111466665,0.11341423389574126,0.47208702747342235
990,16.5,feeder2_703,0.1136600291621658,0.39231153450552797,0.11367380293741114,0.3924682220176357
990,16.5,feeder2_704,0.11685167284184002,0.3967763965077816,0.11686446142267612,0.39693262103562277
990,16.5,feeder2_754,0.11341746068726383,0.4717773651333912,0.11343462634252467,0.4720112788472059
990,16.5,feeder2_747,0.11437800732515403,0.4803841087421808,0.1143999634078096,0.48061867897887844
990,16.5,feeder2_828,0.10933923969547316,0.4495966269620932,0.10936154897595318,0.44981792876980337
990,16.5,feeder2_763,0.11071092125205506,0.44733138462300803,0.11072583164088125,0.4475533907961687
990,16.5,feeder2_836,0.11514583236253031,0.4813929811299111,0.11516494426407234,0.48163023564860424
990,16.5,feeder2_758,0.11512054154469654,0.4872496971921592,0.11513759513221866,0.48749167871154725
990,16.5,feeder2_788,0.11579157313207368,0.48542132630241863,0.11580969237223278,0.4856616218166403
990,16.5,feeder2_812,0.11751282142871268,0.5106071611127726,0.11753579076145572,0.5108599034532916
990,16.5,feeder2_947,0.11076006621422826,0.44716695745902263,0.11078082187794053,0.4473889250456834
990,16.5,feeder2_868,0.11101797821511869,0.4464697947399951,0.11103303833891287,0.44669139787538215
990,16.5,feeder2_785,0.11073204513377452,0.44663453625107985,0.11075206601494936,0.4468532443629701
990,16.5,feeder2_1176,0.1108792367132909,0.44682628649000045,0.11089393920451944,0.44704785503097516
990,16.5,feeder2_846,0.10959586690814471,0.44671040520773747,0.10961636209660469,0.4469313105996077
990,16.5,feeder2_911,0.11111260824348444,0.44503992549291777,0.1111317502831811,0.4452605274924296
990,16.5,feeder2_1107,0.11061235081177605,0.4944958546920141,0.11062996485686297,0.49476432854410146
990,16.5,feeder2_920,0.12008808300341355,0.5218760851336829,0.12010641693265835,0.5221328450960563
990,16.5,feeder2_926,0.1240096345692088,0.538907725565678,0.12403561339693046,0.5391626074773166
990,16.5,feeder2_1239,0.1199893933632406,0.5218479940924349,0.1200108467308839,0.5221045053595479
990,16.5,feeder2_933,0.12574730258040528,0.5465466310999678,0.12576783265295918,0.5468047410679421
990,16.5,feeder2_1146,0.12400299780736561,0.5388178484820803,0.12402143044947453,0.5390771979595429
990,16.5,feeder2_1124,0.12578725667632362,0.5465989566338347,0.12580792899917198,0.5468550875183452
990,16.5,feeder2_942,0.13013577298721532,0.5660349211820248,0.13016181497721746,0.5662894969796394
990,16.5,feeder2_952,0.13703859812866356,0.597280306156228,0.13706070878042473,0.597540534072086
990,16.5,feeder2_965,0.13008099730495692,0.5657672118033906,0.13010581482825473,0.5660208491256091
990,16.5,feeder2_961,0.1377857938298864,0.6006942240733304,0.13781029740753642,0.6009555400929587
990,16.5,feeder2_963,0.1370383538594784,0.5972772975415658,0.13706152463143872,0.5975387288425881
990,16.5,feeder2_973,0.1419944917707345,0.6182465892741913,0.14201663744517057,0.6185098562556449
990,16.5,feeder2_1128,0.13738149434096802,0.6018906124095016,0.13740801759415427,0.6021494737695637
990,16.5,feeder2_1113,0.1370493720421587,0.5972382250717132,0.1370717595111518,0.5974961509777861
990,16.5,feeder2_1143,0.13703017305472515,0.5971769751027316,0.1370488045877576,0.597436316129209
990,16.5,feeder2_1238,0.13213806444973877,0.5595607718123605,0.13215765437567764,0.5598173332485945
990,16.5,feeder2_979,0.13004376349983252,0.5658976317413361,0.1300668758793676,0.5661547499362646
990,16.5,feeder2_1236,0.14770710867625067,0.6420112906393719,0.14773320970439655,0.6422718239697404
990,16.5,feeder2_989,0.14199970760829383,0.6182709013822115,0.14202722176831628,0.6185281150930051
990,16.5,feeder2_1196,0.12949279233356203,0.5664869816132894,0.12951408733024988,0.5667462712461041
990,16.5,feeder2_1158,0.14408283486988324,0.6211959917671707,0.14411131095197943,0.6214545209151964
990,16.5,feeder2_1122,0.10768548693030985,0.4876521538507407,0.10770898794917691,0.48792479619896806
990,16.5,feeder2_1258,0.11156287263815055,0.4957043291298566,0.11158094124304578,0.49597470367431795
990,16.5,feeder2_1303,0.10850621716632441,0.4852943675174046,0.1085243801231182,0.4855668310110253
990,16.5,feeder2_1138,0.10541613807672418,0.48328622739975446,0.10543677664032527,0.4835616820972814
990,16.5,feeder2_1304,0.10524507827464527,0.48331602838372667,0.10526362003234167,0.4835933306197065
990,16.5,feeder2_1212,0.10063802013400963,0.4747306700934829,0.10066140265695304,0.4750136638250157
990,16.5,feeder2_1311,0.10213971764575144,0.47136419886232417,0.1021555160351373,0.47164943192292647
990,16.5,feeder2_1290,0.09478336919108087,0.4682953963373075,0.09480541916855749,0.46858860460622187
990,16.5,feeder2_1325,0.15287418909663686,0.6624140449983296,0.1528997207191595,0.6626815285857355
990,16.5,feeder2_1248,0.14774437296048373,0.642067048677519,0.14776943467386874,0.642327173872709
990,16.5,feeder2_1249,0.1322912010022363,0.5590106727944547,0.13230684580803942,0.5592691943774453
990,16.5,feeder2_1250,0.13338042060593788,0.5565479846637393,0.13339871797880748,0.5568028138194242
990,16.5,feeder2_1366,0.14743162600238272,0.6425067791607711,0.14746224693301,0.6427653370409705
990,16.5,feeder2_1266,0.11243799048507289,0.49681290082462,0.11245839148186568,0.4970810610406716
990,16.5,feeder2_1372,0.0962146850345548,0.46669118932120096,0.0962329596634186,0.46698581684310747
990,16.5,feeder2_1363,0.08828557344272903,0.46553952158798095,0.08831138148670982,0.465841735651762
990,16.5,feeder2_1446,0.1534451998631453,0.6608264116824987,0.15347395343806758,0.6610913866921988
990,16.5,feeder2_1502,0.158800919293649,0.6874615895512286,0.15882822356037893,0.6877341468597656
990,16.5,feeder2_1428,0.08820157491151104,0.46556476935534324,0.08822532363413593,0.4658673910903245
990,16.5,feeder2_1380,0.08046170007831878,0.46460222574115423,0.080484044586047,0.4649183190839188
990,16.5,feeder2_1550,0.08583469991980022,0.44836534458427113,0.08584715821404475,0.44868002615675456
990,16.5,feeder2_1386,0.07717377910660225,0.4732835263367903,0.07719668936400281,0.47360556659801534
990,16.5,feeder2_1551,0.07483271982267976,0.47633835860680546,0.07485715658257441,0.47665886403059926
990,16.5,feeder2_1400,0.07579643036219494,0.4769763939093699,0.07582352452613125,0.4772983803341789
990,16.5,feeder2_1552,0.07134748054642652,0.47928884023788265,0.07137596209698699,0.4796079615710619
990,16.5,feeder2_1408,0.0733725271627671,0.484065611109629,0.07340132071182927,0.4843895791177689
990,16.5,feeder2_1553,0.07227872897851997,0.4844951432626581,0.0723061823846357,0.48482032661060137
990,16.5,feeder2_1416,0.07217684472656417,0.48787482779169505,0.0722003270112102,0.48819932442263514
990,16.5,feeder2_1530,0.07218824659389889,0.4877501269179936,0.07221432915226182,0.48807571530505545
990,16.5,feeder2_1425,0.06997273275232334,0.49552677830297914,0.07000432596084424,0.4958571885944867
990,16.5,feeder2_1589,0.04075672449984921,0.515509517834029,0.04079190731986187,0.5158421385609463
990,16.5,feeder2_1435,0.06997402334002245,0.4955385760453946,0.07000674417619418,0.49586832545601744
990,16.5,feeder2_1621,0.07007785992409717,0.4956106099616225,0.07010364422595497,0.49593745972251685
990,16.5,feeder2_1564,0.06995899896305595,0.49558705098554334,0.06999219097810659,0.4959146809054065
990,16.5,feeder2_1704,0.15988666643534882,0.6889964688460135,0.1599171838962226,0.6892649002328695
990,16.5,feeder2_1525,0.16020228508937917,0.6933417584726386,0.16023061921294376,0.6936173671334563
990,16.5,feeder2_1716,0.1606107786111753,0.6961303962371241,0.16063626426763336,0.6964026518997989
990,16.5,feeder2_1537,0.16166119255456585,0.6994307024670321,0.16169142434616046,0.699706263896148
990,16.5,feeder2_1645,0.16091151161136125,0.7002024382608022,0.160939830291045,0.7004784334058956
990,16.5,feeder2_1561,0.1634330279829621,0.7059448417661425,0.16345899887783522,0.7062237490138741
990,16.5,feeder2_1657,0.16344566697787483,0.7059001892034575,0.16347196460021973,0.7061796798072355
990,16.5,feeder2_1570,0.16419842483013156,0.7087680051165678,0.1642230631740279,0.7090506154780505
990,16.5,feeder2_1756,0.16693144321410608,0.7030910808596175,0.16695936999541391,0.7033678291843681
990,16.5,feeder2_1588,0.1649220467958023,0.7117532275369791,0.16494750181567677,0.7120367024485696
990,16.5,feeder2_1628,0.16511749542551155,0.711213215978066,0.16514100293539574,0.7114958778481577
990,16.5,feeder2_1598,0.16584525685548226,0.7156703819613826,0.1658699014771565,0.7159560465237701
990,16.5,feeder2_1816,0.19231396163262107,0.7509498762065699,0.19235046964484825,0.7512270226513141
990,16.5,feeder2_1765,0.1659882513781675,0.7158654320389796,0.1660153121936776,0.7161456874011503
990,16.5,feeder2_1641,0.16802946153645285,0.7237012749078715,0.1680532317679697,0.7239942765846524
990,16.5,feeder2_1689,0.16978903663062253,0.7332631944116987,0.1698179495778653,0.7335635956678831
990,16.5,feeder2_1744,0.16914561266069075,0.7219520039378734,0.16917039750375085,0.722246091745888
990,16.5,feeder2_1817,0.16950319830180208,0.7341639397904975,0.16953185889799738,0.7344626773333339
990,16.5,feeder2_1779,0.17672976281439967,0.7428421252417096,0.1767621783606598,0.743140124916173
990,16.5,feeder2_1800,0.16742619362802905,0.7354641674145006,0.16745320720621149,0.7357646235426566
990,16.5,feeder2_1818,0.17279579552966848,0.725640570935441,0.17281938622531176,0.7259583480506762
990,16.5,feeder2_1753,0.17024971932806332,0.719038075213975,0.17027988369390795,0.7193250012838278
990,16.5,feeder2_1754,0.16968765155454238,0.7213772475342629,0.1697098353425239,0.7216693777579666
1020,17.0,secondary,0.04034656611248766,0.0280226054183428,0.040356867837759366,0.028040087497262417
1020,17.0,feeder2_44,0.0752229295917129,0.14642363248102136,0.07524175660446841,0.14651121724429647
1020,17.0,feeder2_45,0.07648681965489647,0.15092846545082128,0.07650451092704043,0.15101863173453348
1020,17.0,feeder2_46,0.07825371639352557,0.14717670354851473,0.07826900480384981,0.1472606315596599
1020,17.0,feeder2_51,0.07869503397875015,0.15878606179493482,0.0787169396250085,0.15887984221522722
1020,17.0,feeder2_48,0.07637739090790589,0.15072362080697577,0.07639789685658084,0.15081172996315514
1020,17.0,feeder2_52,0.07485765601758254,0.1641858218968096,0.07487414789249691,0.16427870528049035
1020,17.0,feeder2_68,0.08504675910414088,0.17908376096188602,0.08506484159470935,0.17918951328508043
1020,17.0,feeder2_69,0.0866671529913238,0.17964717595138643,0.0866845680417372,0.17975621859997556
1020,17.0,feeder2_71,0.08587600059362205,0.1817386518334687,0.08589190855169955,0.18184733469989112
1020,17.0,feeder2_72,0.08463655821245222,0.17946299132337556,0.08465394609023705,0.17957239348076337
1020,17.0,feeder2_73,0.08852934636282427,0.19033000628059552,0.08854966285189257,0.19044712849661513
1020,17.0,feeder2_74,0.08554019993830465,0.19582477007110394,0.08555812151956149,0.1959393882809634
1020,17.0,feeder2_77,0.0907872934600607,0.19696917140283052,0.09080954670808607,0.19708673572018154
1020,17.0,feeder2_79,0.09109498168840528,0.197066559004441,0.09111616266283876,0.19718708104331503
1020,17.0,feeder2_81,0.09433857001691753,0.2074451097002363,0.09436030400167786,0.2075729209546044
1020,17.0,feeder2_82,0.09166191764822154,0.20216491157044,0.0916792987858271,0.20229306588800963
1020,17.0,feeder2_116,0.11142007757010262,0.26055885351290103,0.1114431489121189,0.2607178274259419
1020,17.0,feeder2_119,0.10925161156828427,0.2632520249079839,0.10927580633348952,0.26341101752528323
1020,17.0,feeder2_120,0.1179049840517847,0.27894182312974447,0.11792921431205965,0.27911387498482915
1020,17.0,feeder2_248,0.11508257840657952,0.28262727813493144,0.11511219344372886,0.28279957590619687
1020,17.0,feeder2_124,0.12198673298853728,0.2888923521979633,0.12200625862697917,0.28907052915768106
1020,17.0,feeder2_282,0.11909795527763412,0.28358159085928164,0.11912225260352789,0.2837582624140972
1020,17.0,feeder2_275,0.11159255394319689,0.3113379499754981,0.11161633683399098,0.31151752905098984
1020,17.0,feeder2_151,0.1294820286401888,0.2979372382439932,0.12950759958252775,0.29812826830543865
1020,17.0,feeder2_295,0.13298904672571665,0.299508638529596,0.13301582424833533,0.2996965681068432
1020,17.0,feeder2_311,0.12959533484805788,0.29799858733224893,0.12962287860340668,0.2981874556408488
1020,17.0,feeder2_201,0.14119083499804058,0.3132944886196114,0.14121953315191754,0.31350082358457876
1020,17.0,feeder2_314,0.14114017718493743,0.313205614689151,0.14117022913240854,0.31341267947780027
1020,17.0,feeder2_342,0.1581636558338019,0.3403921856323994,0.15819833682857617,0.34061758676536974
1020,17.0,feeder2_368,0.15943284210040276,0.34641175225909643,0.1594694539071083,0.34663180199556054
1020,17.0,feeder2_347,0.16477601293238206,0.34423942379909983,0.16480747190881848,0.3444718079229203
1020,17.0,feeder2_353,0.16809654380462816,0.34654003787224924,0.16813002569091637,0.34677582641012844
1020,17.0,feeder2_518,0.16473015526298082,0.34415722150784733,0.16476774726858634,0.34439030061785253
1020,17.0,feeder2_365,0.17179422491440247,0.34934505286342515,0.17182818935479657,0.34958471905765065
1020,17.0,feeder2_653,0.1680469681854979,0.34656515243067854,0.16807835136717644,0.34680266388264985
1020,17.0,feeder2_377,0.17350200509459174,0.34967183679713965,0.17353785514854742,0.3499132146010992
1020,17.0,feeder2_622,0.1779734471166713,0.35402823891324314,0.17801421159112613,0.3542630456894013
1020,17.0,feeder2_451,0.16004693239649206,0.3451739795352084,0.16007833606629654,0.34539733438703346
1020,17.0,feeder2_383,0.16146656661774547,0.357240880442644,0.1614968127405462,0.35746302080558745
1020,17.0,feeder2_385,0.17522466419048502,0.34908060202784724,0.17525868530842936,0.34932690617019885
1020,17.0,feeder2_621,0.17722528545502542,0.3524550294097095,0.177261368706202,0.3526933541873992
1020,17.0,feeder2_611,0.16058499304817084,0.35786045187052284,0.1606134876059944,0.3580844694303779
1020,17.0,feeder2_405,0.16159807149180155,0.35789523526113876,0.1616266547124673,0.3581179377691543
1020,17.0,feeder2_461,0.18266351202282585,0.34500777741296657,0.1826997053456325,0.3452639796047716
1020,17.0,feeder2_594,0.17310123881864442,0.3506615991406422,0.1731351937326904,0.35090978713328375
1020,17.0,feeder2_732,0.15425666840310534,0.3648989727635119,0.15428642235900625,0.36512365514605694
1020,17.0,feeder2_417,0.16294705410597193,0.3614272874602499,0.16297808603032257,0.3616498865443854
1020,17.0,feeder2_663,0.16528786049858332,0.3631595618106348,0.16532540063070356,0.36337973935923906
1020,17.0,feeder2_444,0.1637828229312276,0.36355453114572794,0.16381663997643736,0.363774561760849
1020,17.0,feeder2_759,0.1627326948666904,0.35910662293244705,0.1627694989222606,0.35932560034298133
1020,17.0,feeder2_842,0.16699460230464228,0.36578900157296484,0.167030721575104,0.3660083938008797
1020,17.0,feeder2_459,0.16406769427606432,0.36444320000581854,0.16410520095745115,0.36466133686298724
1020,17.0,feeder2_702,0.16314373710795513,0.3621687473944549,0.16317347572573143,0.3623892906915582
1020,17.0,feeder2_493,0.165321558810656,0.3687113632719835,0.16535259879357708,0.3689319550013356
1020,17.0,feeder2_651,0.18498456666419882,0.3464791960426944,0.18502347419358373,0.3467325960136573
1020,17.0,feeder2_684,0.18816458261816588,0.3406478627824879,0.1882089664987463,0.340909061493972
1020,17.0,feeder2_674,0.1644510073430615,0.369358457324222,0.16448660514954325,0.369579142925542
1020,17.0,feeder2_696,0.16946704678464058,0.37901002129595385,0.16949897184650806,0.37922744711636164
1020,17.0,feeder2_681,0.16341764977344495,0.37022581932270743,0.16345360159384295,0.37044715068418094
1020,17.0,feeder2_682,0.16248155347678006,0.3707634617928044,0.16250909540915806,0.37098559343804766
1020,17.0,feeder2_728,0.18780236753151733,0.33980472897367736,0.18784639652780202,0.34006352168892207
1020,17.0,feeder2_724,0.19425659638145448,0.33908286904510615,0.19430029662208828,0.3393438961620536
1020,17.0,feeder2_703,0.17112628785068934,0.3786094715815713,0.17116328595791905,0.37882284341976974
1020,17.0,feeder2_704,0.1745526243491169,0.38267881025017575,0.1745838268727995,0.3828939865671095
1020,17.0,feeder2_754,0.1942131903498716,0.33900260002916033,0.19425376120728138,0.3392652855017775
1020,17.0,feeder2_747,0.1967750916147436,0.3388192721044798,0.196819668330328,0.33907963236804795
1020,17.0,feeder2_828,0.18674369605884555,0.34010168419176057,0.18678737375591342,0.3403646658308669
1020,17.0,feeder2_763,0.1874912180885957,0.3383804598756049,0.18752876153744558,0.3386420798827487
1020,17.0,feeder2_836,0.2105023323621903,0.3500909148205955,0.2105467529532579,0.3503473202585765
1020,17.0,feeder2_758,0.19761141092261197,0.3333564256723497,0.1976560364475274,0.3336199903192475
1020,17.0,feeder2_788,0.19689306440581295,0.33171162788324715,0.19693770999883306,0.3319754295528166
1020,17.0,feeder2_812,0.200615845920399,0.31868759959470894,0.20066623109307652,0.31895767622754867
1020,17.0,feeder2_947,0.18739730452799905,0.3382097358424677,0.18744401284511894,0.3384686377757994
1020,17.0,feeder2_868,0.18705339062445178,0.336412089251464,0.1870966513408369,0.3366701547553631
1020,17.0,feeder2_785,0.1875215603012627,0.338932395372658,0.18756369653842467,0.3391919617551546
1020,17.0,feeder2_1176,0.19042776229312455,0.3397405368830288,0.19047117895055501,0.3399977504915379
1020,17.0,feeder2_846,0.18579519465596125,0.33978906851248697,0.1858322111509366,0.3400548457010263
1020,17.0,feeder2_911,0.18749982753898686,0.338842745520033,0.1875390075818111,0.33910364977128127
1020,17.0,feeder2_1107,0.1988358530533545,0.312085013162149,0.1988820581771284,0.3123597866164536
1020,17.0,feeder2_920,0.20195589423012963,0.31643786387295436,0.20200234473431977,0.3167117568977209
1020,17.0,feeder2_926,0.2041193151126675,0.31387927601203935,0.20416873247220252,0.31414914571700214
1020,17.0,feeder2_1239,0.20177460442928263,0.31580628344092504,0.2018225327796456,0.3160842764790386
1020,17.0,feeder2_933,0.20509140768545783,0.3132389311113737,0.20513626664351525,0.3135095244075252
1020,17.0,feeder2_1146,0.20407252134845597,0.3120622417575309,0.2041226798878061,0.3123332957053077
1020,17.0,feeder2_1124,0.20557354509627251,0.31343202760947636,0.20562568395815628,0.3136976204007085
1020,17.0,feeder2_942,0.20739478983385026,0.3116309873195491,0.2074460701226511,0.31189253484202445
1020,17.0,feeder2_952,0.21117337532747124,0.3150068109416952,0.2112227887595239,0.31526452594483917
1020,17.0,feeder2_965,0.2073478293070074,0.3109692992798961,0.20739827104605635,0.3112320400150086
1020,17.0,feeder2_961,0.21158718138075172,0.3155788927963761,0.21163695116843523,0.3158392447795985
1020,17.0,feeder2_963,0.21117230406989207,0.3149717759720116,0.21122307466723556,0.3152281758153317
1020,17.0,feeder2_973,0.21384377334002164,0.31929765360311424,0.21389975132392913,0.3195460638337904
1020,17.0,feeder2_1128,0.21149703611415263,0.31477077695293676,0.21154920733407698,0.315029595100301
1020,17.0,feeder2_1113,0.2114847705953386,0.3141952822715688,0.2115378350167258,0.3144534739533433
1020,17.0,feeder2_1143,0.21114858412027565,0.3148803363045598,0.21119620145484344,0.31514206644928167
1020,17.0,feeder2_1238,0.20946752218796294,0.30041185380648444,0.20952241633037985,0.30067193073402126
1020,17.0,feeder2_979,0.20734766799288387,0.31096565453310987,0.2073966419312438,0.31122929500771046
1020,17.0,feeder2_1236,0.21679146788216153,0.3233354591468915,0.2168418665748086,0.32357852375503876
1020,17.0,feeder2_989,0.21384768127291914,0.3193168693375763,0.2138984615350306,0.319565793576348
1020,17.0,feeder2_1196,0.20731620081560032,0.3109559466443904,0.2073637145129711,0.31122070082088377
1020,17.0,feeder2_1158,0.21619851032666587,0.32165302214747454,0.2162455079076005,0.3219047049075213
1020,17.0,feeder2_1122,0.19666331341169127,0.30335153385459634,0.19670896635363982,0.30362782706024016
1020,17.0,feeder2_1258,0.20713002162134536,0.31923182188841853,0.20718116594380054,0.3194970332091933
1020,17.0,feeder2_1303,0.19235222749434253,0.29208802281890417,0.1924004445996104,0.292358706662731
1020,17.0,feeder2_1138,0.19571253128154242,0.3003601787692827,0.19575631282605543,0.3006420757546641
1020,17.0,feeder2_1304,0.19395871918542193,0.30146981850646376,0.19400378807438648,0.30175289826554613
1020,17.0,feeder2_1212,0.1939115198705281,0.29358292888908355,0.1939638027914207,0.2938700366139299
1020,17.0,feeder2_1311,0.1955605371517963,0.28471221018932563,0.19560695419230922,0.2850067407464546
1020,17.0,feeder2_1290,0.19223999455610874,0.2931943602057704,0.19228637140828567,0.2934958148990145
1020,17.0,feeder2_1325,0.2180377994481863,0.31645432886197333,0.21809255331945726,0.3166830840621186
1020,17.0,feeder2_1248,0.21685201029589338,0.3233960069107799,0.21690304952783576,0.32363686841383893
1020,17.0,feeder2_1249,0.20959849145039963,0.2993728158096923,0.20965172702925336,0.2996364992366865
1020,17.0,feeder2_1250,0.2108556497875819,0.29551006177174954,0.21090311013306787,0.2957772169897998
1020,17.0,feeder2_1366,0.21782223054175112,0.3241518398894336,0.2178790442009839,0.324389997037463
1020,17.0,feeder2_1266,0.2137746977973745,0.3253678281704349,0.21381912240993808,0.3256317990799581
1020,17.0,feeder2_1372,0.19290631980832404,0.2908775464105408,0.19295649154490718,0.29117954633513915
1020,17.0,feeder2_1363,0.19065412944308568,0.29683350353645976,0.1907019978183766,0.2971454938613962
1020,17.0,feeder2_1446,0.21897244699822005,0.3124577502959146,0.21903115072860066,0.31268112073740295
1020,17.0,feeder2_1502,0.21977223815241084,0.31476052192044235,0.21982921396260519,0.31497797436772673
1020,17.0,feeder2_1428,0.19060653658959803,0.2968439164958115,0.19065361513614643,0.2971584731446414
1020,17.0,feeder2_1380,0.18878848855259103,0.30211441279103207,0.1888399250096375,0.302440128241357
1020,17.0,feeder2_1550,0.18769531029396105,0.3000550102140666,0.18773994022553175,0.3003813401215001
1020,17.0,feeder2_1386,0.18811003487499914,0.3060335873723289,0.18815261500724206,0.30636594806390977
1020,17.0,feeder2_1551,0.1880511235494533,0.30605610530555816,0.18810414851317886,0.30638435342751
1020,17.0,feeder2_1400,0.1877938262000822,0.30797554686813944,0.18784226510345567,0.3083097563636248
1020,17.0,feeder2_1552,0.18579964864051887,0.30903353780570464,0.18584511659772682,0.3093710385606584
1020,17.0,feeder2_1408,0.18718022391382255,0.3117497226624769,0.18722665627912805,0.31208734536035826
1020,17.0,feeder2_1553,0.18641001623711026,0.31214798090124707,0.1864549490326865,0.3124874793055284
1020,17.0,feeder2_1416,0.1868666882942046,0.31370383077845215,0.18691861761382395,0.31404346372949093
1020,17.0,feeder2_1530,0.18680406741433808,0.3135827810801323,0.18684775930819594,0.31392486942601516
1020,17.0,feeder2_1425,0.18628797675668732,0.3175643896356227,0.18633912223198168,0.317906880754567
1020,17.0,feeder2_1589,0.17732960477881995,0.32491923659067923,0.17737596055967025,0.3252673305990324
1020,17.0,feeder2_1435,0.1862562466151717,0.3177557796729097,0.1863094617470672,0.3180962835275698
1020,17.0,feeder2_1621,0.18638191591394213,0.3178524843152668,0.18642504017958833,0.31819544909157277
1020,17.0,feeder2_1564,0.18585552752052348,0.31990242602389707,0.18590670014124253,0.32024556733642856
1020,17.0,feeder2_1704,0.22121897745037844,0.31627067555167526,0.2212803852712286,0.3164825424037363
1020,17.0,feeder2_1525,0.2201081613005737,0.31390834888083746,0.22016467765839415,0.3141206996976837
1020,17.0,feeder2_1716,0.23291295709220713,0.3272847668470637,0.23296867338260377,0.32749595960948985
1020,17.0,feeder2_1537,0.22005383369119472,0.3109288491463969,0.22011497445316633,0.31113471347464433
1020,17.0,feeder2_1645,0.21932851486874222,0.3113412582523292,0.21938782656167963,0.31154989932925553
1020,17.0,feeder2_1561,0.2200703015834284,0.3074407013092952,0.22013294096338124,0.307640160971625
1020,17.0,feeder2_1657,0.21960074888227982,0.30666929172640095,0.21965955047463173,0.3068719890316317
1020,17.0,feeder2_1570,0.22013010468781347,0.3061289390391103,0.2201912832603199,0.306329238289414
1020,17.0,feeder2_1756,0.2241688356321495,0.29009813224841047,0.2242316257157651,0.2902848258841485
1020,17.0,feeder2_1588,0.220257291868821,0.30590937264290835,0.220318954662016,0.30610535215527507
1020,17.0,feeder2_1628,0.21763737063929806,0.30080427564894036,0.21770085775316889,0.30099052697896295
1020,17.0,feeder2_1598,0.22080910860861827,0.3069580176404103,0.22086610634024367,0.3071637360363696
1020,17.0,feeder2_1816,0.2570235857979615,0.34506003965049836,0.2570810419290933,0.3452548239298038
1020,17.0,feeder2_1765,0.22100728586725293,0.30716628184443157,0.22106542729168677,0.30737112255980215
1020,17.0,feeder2_1641,0.22125025563810818,0.3002557826953391,0.2213108431737338,0.3004666022812522
1020,17.0,feeder2_1689,0.2232558745240826,0.29987924911131136,0.22331973341867314,0.3001076363881707
1020,17.0,feeder2_1744,0.21925623066855,0.29662832167738756,0.21931439653585025,0.29683431668312044
1020,17.0,feeder2_1817,0.22325517491250643,0.29983412047632213,0.2233171402761648,0.3000665235448309
1020,17.0,feeder2_1779,0.22460739693588627,0.3012934024883381,0.2246734072624464,0.3015217213831
1020,17.0,feeder2_1800,0.20647649859942438,0.2927225395390763,0.20654032391455873,0.292994404984861
1020,17.0,feeder2_1818,0.24032716114378902,0.3094750053559213,0.24040329367850977,0.3096846807433474
1020,17.0,feeder2_1753,0.2138401365220876,0.285680701783974,0.2138999332069309,0.2858578705821494
1020,17.0,feeder2_1754,0.2192417793523845,0.2966084593718408,0.21930504144227211,0.2968095895196981
1050,17.5,secondary,0.07148372498009313,0.04053745270077315,0.07148765247891625,0.0405483857398451
1050,17.5,feeder2_44,0.1334601757269952,0.2121094274864979,0.13346970470292588,0.21216764855516934
1050,17.5,feeder2_45,0.1358207180013496,0.21633454467584592,0.13583019519459988,0.21639889366395854
1050,17.5,feeder2_46,0.11963586723724486,0.2422456495150949,0.11964096493578404,0.24230181889373661
1050,17.5,feeder2_51,0.13991556238429798,0.22371274355753676,0.13992391895729775,0.2237767585561018
1050,17.5,feeder2_48,0.13601552047869633,0.21630885382242504,0.13602264356487176,0.21636958157404984
1050,17.5,feeder2_52,0.13840465904095964,0.22032509049723648,0.1384107587353789,0.2203915519170446
1050,17.5,feeder2_68,0.15180097473548387,0.2462693413593737,0.15181080732419508,0.2463415451402129
1050,17.5,feeder2_69,0.1498234354955042,0.2506813060171691,0.1498347975614091,0.25075583922797406
1050,17.5,feeder2_71,0.15337270780239923,0.24907798935728587,0.1533839183773205,0.2491552605972443
1050,17.5,feeder2_72,0.1591715637676683,0.24836174888117632,0.1591794565400042,0.24844176023134787
1050,17.5,feeder2_73,0.1581621603006243,0.2579170713509118,0.1581743524917598,0.25799934890228665
1050,17.5,feeder2_74,0.15615980825066123,0.2546940131379536,0.15617168563467493,0.2547789715357761
1050,17.5,feeder2_77,0.16238937381701335,0.2660844012102389,0.16240054192172387,0.26616505168439386
1050,17.5,feeder2_79,0.15655351370076445,0.2796307431773895,0.1565623654482029,0.2797149717766495
1050,17.5,feeder2_81,0.16899117009121103,0.2743398455608964,0.16900043117032224,0.2744267120410854
1050,17.5,feeder2_82,0.17504521678722798,0.27228166078441535,0.17505904806391073,0.2723794794803585
1050,17.5,feeder2_116,0.19723084151797252,0.3145892567050447,0.19724424611228483,0.3147038398410933
1050,17.5,feeder2_119,0.19594750743903133,0.3124046244533676,0.19596124730789005,0.312519634676981
1050,17.5,feeder2_120,0.20796103441640623,0.3313039464660458,0.2079772314030923,0.3314268010081172
1050,17.5,feeder2_248,0.20673767440857554,0.32925633878365773,0.20675487482424698,0.3293836168437343
1050,17.5,feeder2_124,0.2147372356140408,0.34257646365854755,0.21475186961901158,0.3427070659823006
1050,17.5,feeder2_282,0.218794363201204,0.34270532996056996,0.21881053370735185,0.34284012107975337
1050,17.5,feeder2_275,0.21382501781529664,0.34102965300986415,0.2138401551294195,0.34116507251193584
1050,17.5,feeder2_151,0.2262833030462927,0.36313086294779195,0.22630108346652772,0.3632770979506416
1050,17.5,feeder2_295,0.2249451962979075,0.365577250317159,0.22496177864568204,0.3657190959399242
1050,17.5,feeder2_311,0.22623988206402998,0.3632241935190171,0.22625716049444444,0.3633693984303631
1050,17.5,feeder2_201,0.24550097343861804,0.3942454371910242,0.24551920179787995,0.3944047544143278
1050,17.5,feeder2_314,0.24558739449212758,0.394263700771822,0.2456057011503009,0.39442683148726965
1050,17.5,feeder2_342,0.2727908648604113,0.43918498365844777,0.27281397120962286,0.4393724419408721
1050,17.5,feeder2_368,0.2714738961135079,0.4479703875778231,0.2714950090912322,0.4481537093318993
1050,17.5,feeder2_347,0.2870395073666817,0.44734887671974743,0.2870641140636341,0.4475469612842493
1050,17.5,feeder2_353,0.29305999696875457,0.45019325754291917,0.2930842462506515,0.4503964342031674
1050,17.5,feeder2_518,0.2985598539234865,0.45060179928913163,0.29858410183001827,0.4507980886762441
1050,17.5,feeder2_365,0.2997674800234113,0.45379296111677775,0.29979193611297367,0.4540057334907491
1050,17.5,feeder2_653,0.2930026384258676,0.4500883064746286,0.29302522314930685,0.4502936329846375
1050,17.5,feeder2_377,0.30340703747989456,0.4556704032581881,0.30343246985635447,0.4558834328685569
1050,17.5,feeder2_622,0.2990596496937079,0.4549206216592978,0.2990846193091113,0.45512842390753966
1050,17.5,feeder2_451,0.27156800706200446,0.4479938555651455,0.27158965252205836,0.44817702047896907
1050,17.5,feeder2_383,0.26944010068684277,0.46324336769371677,0.2694603576286872,0.46342622147075624
1050,17.5,feeder2_385,0.307611752882955,0.45736043464205495,0.30764009996111924,0.45758012103788226
1050,17.5,feeder2_621,0.30188393613669334,0.4578081416367418,0.30191006670834375,0.45802460471315537
1050,17.5,feeder2_611,0.2693809714338968,0.46315388371786703,0.2694012711916729,0.4633378654788234
1050,17.5,feeder2_405,0.2693189662750279,0.46424526455172255,0.26933856755341185,0.4644322016597437
1050,17.5,feeder2_461,0.32525615971301075,0.4688852254235722,0.3252840763148906,0.46911842849687174
1050,17.5,feeder2_594,0.30685989316846646,0.4558935524103131,0.3068878634129048,0.45611474231192883
1050,17.5,feeder2_732,0.2678483759597051,0.46007415768242205,0.2678706943995943,0.46025968847088117
1050,17.5,feeder2_417,0.268628292937089,0.47291539925320947,0.26864656054454866,0.47309370026351727
1050,17.5,feeder2_663,0.2678382473360732,0.47481156647970973,0.26785864912404217,0.47499280971482266
1050,17.5,feeder2_444,0.268135075060221,0.47910404472299467,0.2681554380980451,0.47928539933312236
1050,17.5,feeder2_759,0.2723454364869033,0.47825329250847864,0.27236459001769864,0.4784294978235621
1050,17.5,feeder2_842,0.2543723282948184,0.517091918249939,0.254387918100748,0.5172718590361608
1050,17.5,feeder2_459,0.2679447816222749,0.4792615178086758,0.26796339399423336,0.4794452377727321
1050,17.5,feeder2_702,0.2698493937652946,0.47950036595824946,0.2698684448446326,0.4796838017171014
1050,17.5,feeder2_493,0.2670328925949244,0.47973850269369617,0.267053596271625,0.4799167890508956
1050,17.5,feeder2_651,0.32412081789978503,0.47023802808294074,0.3241452007924438,0.4704661470959295
1050,17.5,feeder2_684,0.3397383839507857,0.47939969284327333,0.3397679436170609,0.4796407208432229
1050,17.5,feeder2_674,0.2658800770890568,0.47757541230001327,0.2658999964806132,0.4777580817887204
1050,17.5,feeder2_696,0.2667850995242231,0.49146960124889594,0.26680424039600287,0.49164988895517675
1050,17.5,feeder2_681,0.26369824335014747,0.4730310078380959,0.2637196553510675,0.4732130483963542
1050,17.5,feeder2_682,0.2645461050327499,0.47554041009918474,0.2645681318742847,0.4757202224310273
1050,17.5,feeder2_728,0.34157638349834074,0.4786407867915404,0.3416074881460935,0.47888036453558513
1050,17.5,feeder2_724,0.3522972932661006,0.49329308632300384,0.35233091617092926,0.49355025941609754
1050,17.5,feeder2_703,0.2667295998788293,0.49161979195932504,0.2667495424096693,0.491799998123563
1050,17.5,feeder2_704,0.2648987216908777,0.49610282112602905,0.264918183860915,0.4962824073431461
1050,17.5,feeder2_754,0.35238911611220886,0.49334853434219517,0.35241740494611445,0.49360054927932545
1050,17.5,feeder2_747,0.35741949083052654,0.498979159788445,0.35745229662098044,0.499234571480488
1050,17.5,feeder2_828,0.34095731058179335,0.4771352635795187,0.34098769279348695,0.47737756845398277
1050,17.5,feeder2_763,0.34474719098689693,0.4801994543137479,0.3447772298188342,0.480440143921933
1050,17.5,feeder2_836,0.35558731530416765,0.5008322079678048,0.35561546751865597,0.501090017847522
1050,17.5,feeder2_758,0.3618248980272904,0.5032292661453558,0.36185671964353106,0.5034903944469752
1050,17.5,feeder2_788,0.3649993923085881,0.5039977174527547,0.36503016187797177,0.5042576087483747
1050,17.5,feeder2_812,0.3744614287524244,0.5151171995895566,0.3744929318400415,0.5153951663452511
1050,17.5,feeder2_947,0.3704693592030598,0.49515282014565687,0.37049986001568136,0.4953900923739944
1050,17.5,feeder2_868,0.3521294843985424,0.4840357962623102,0.35215878172841386,0.4842740590919995
1050,17.5,feeder2_785,0.3437117450437258,0.4748020139698622,0.3437433335723749,0.4750442675069572
1050,17.5,feeder2_1176,0.3431678167764779,0.47529480746633274,0.3431953529383704,0.4755319015186278
1050,17.5,feeder2_846,0.3399372301044002,0.46503314537779084,0.33996448517829636,0.46527130738188827
1050,17.5,feeder2_911,0.3437392502331011,0.47487362148491546,0.34376964220099027,0.4751141142201907
1050,17.5,feeder2_1107,0.3764943972869703,0.5165744051133437,0.37652646123272004,0.5168508131827153
1050,17.5,feeder2_920,0.3774460284294949,0.5181282748587825,0.3774810586544551,0.5184113881176459
1050,17.5,feeder2_926,0.38192919088840194,0.5231770446794528,0.38196762550581886,0.5234662663014309
1050,17.5,feeder2_1239,0.37740598587592533,0.5174721701707957,0.37744075154638984,0.517748783158358
1050,17.5,feeder2_933,0.38385304495225914,0.5252022354950828,0.38388794546012256,0.5254889531007491
1050,17.5,feeder2_1146,0.3822198134649594,0.5241794853098528,0.3822537982902634,0.5244621932816265
1050,17.5,feeder2_1124,0.38382849702565186,0.5252252081253638,0.3838645341455734,0.5255123832333296
1050,17.5,feeder2_942,0.3887245592924981,0.5303214145942486,0.38875977779795307,0.5306159400709277
1050,17.5,feeder2_952,0.39506465189116563,0.5386646393658059,0.39510043563173974,0.538965844749104
1050,17.5,feeder2_965,0.38883552958241124,0.5302243650190445,0.3888732183097593,0.5305224679900101
1050,17.5,feeder2_961,0.3957055259743649,0.5395094751466336,0.3957434811173757,0.5398170556402423
1050,17.5,feeder2_963,0.3950741910355984,0.5386775806470363,0.3951113736057426,0.5389791295580773
1050,17.5,feeder2_973,0.3993018313604919,0.5450382074087413,0.3993385498034758,0.5453522929197651
1050,17.5,feeder2_1128,0.39538353446810887,0.5377550351691206,0.39542008017321545,0.5380624728301987
1050,17.5,feeder2_1113,0.39573368071207216,0.5390491379963497,0.39577408147342885,0.5393529940767202
1050,17.5,feeder2_1143,0.3953684204750783,0.538324783547082,0.39540230860589265,0.5386241365928743
1050,17.5,feeder2_1238,0.39683325582083506,0.531863908390058,0.39687168963790775,0.5321561915948055
1050,17.5,feeder2_979,0.38882604192020437,0.529905747799723,0.38886037033981485,0.5302001237838402
1050,17.5,feeder2_1236,0.4048572535999508,0.5514589582190095,0.40489780333299075,0.5517758917733253
1050,17.5,feeder2_989,0.3993002262371273,0.5450552198296064,0.39933702749504985,0.5453637555036653
1050,17.5,feeder2_1196,0.3895978288361073,0.5287202702458013,0.3896347571901558,0.5290164446217777
1050,17.5,feeder2_1158,0.3970397757927619,0.5474057352874582,0.3970786003278971,0.5477200549449848
1050,17.5,feeder2_1122,0.3774508192895671,0.514228660019381,0.37748543822719466,0.5144999952007248
1050,17.5,feeder2_1258,0.3715127284515821,0.5212077202151179,0.3715487924900794,0.5214836362222727
1050,17.5,feeder2_1303,0.39080193794734525,0.5213976637151156,0.39083611769378074,0.5216664328030463
1050,17.5,feeder2_1138,0.3772503514604477,0.5096689816586489,0.3772831116920611,0.5099385149941184
1050,17.5,feeder2_1304,0.3764310213932869,0.5079719975963248,0.37646336968347127,0.5082453596955406
1050,17.5,feeder2_1212,0.3771020444629033,0.5015842575054422,0.3771371959023363,0.5018571257826071
1050,17.5,feeder2_1311,0.393509123549898,0.5111476564236006,0.3935421084224738,0.5114147929650729
1050,17.5,feeder2_1290,0.37418900863009436,0.48303218707691764,0.3742248569382409,0.48330110547418215
1050,17.5,feeder2_1325,0.4124679057528043,0.5563448615650872,0.4125073756269353,0.5566724277508446
1050,17.5,feeder2_1248,0.4048357811674719,0.5514812717248293,0.40487612782571314,0.5517972385612752
1050,17.5,feeder2_1249,0.3979462635607745,0.5321916845548693,0.3979839524835038,0.532484539941126
1050,17.5,feeder2_1250,0.3997771998178673,0.532292140065686,0.39981345491149023,0.5325823007425965
1050,17.5,feeder2_1366,0.40476924189021224,0.5515503884593767,0.4048084504809661,0.5518727850182653
1050,17.5,feeder2_1266,0.36723822877419104,0.5253848239003734,0.36727163133583635,0.5256621007741454
1050,17.5,feeder2_1372,0.3742438840034826,0.4830712760918576,0.3742786065626029,0.483338474583818
1050,17.5,feeder2_1363,0.37107541129228055,0.4630994339934333,0.37111185802130453,0.4633708826085077
1050,17.5,feeder2_1446,0.4149867778553149,0.5568748312232563,0.41502492640963456,0.557204476562745
1050,17.5,feeder2_1502,0.42027020297623036,0.5608524935782131,0.42031163594890536,0.5611929770667521
1050,17.5,feeder2_1428,0.37165746784487524,0.4620887704348277,0.371693453339507,0.4623555126325399
1050,17.5,feeder2_1380,0.36736528657380807,0.4407174872105967,0.367398471078749,0.44098504064401695
1050,17.5,feeder2_1550,0.37008469611440803,0.4420373757196061,0.370122533595451,0.44230796130794514
1050,17.5,feeder2_1386,0.3652596382765962,0.4290401046142719,0.3652949531698244,0.4293109926694852
1050,17.5,feeder2_1551,0.3652025496340254,0.4289202129389664,0.3652378459082042,0.42918394755902767
1050,17.5,feeder2_1400,0.36426658214469576,0.42352067243431524,0.36430038456958014,0.423791194631912
1050,17.5,feeder2_1552,0.36372020087086293,0.4188848074029031,0.3637566269065525,0.4191545356084548
1050,17.5,feeder2_1408,0.3625236513078768,0.41452132723165175,0.3625590845854769,0.4147920068385505
1050,17.5,feeder2_1553,0.3616955852395543,0.40995934788416566,0.36173346357272973,0.4102272942905668
1050,17.5,feeder2_1416,0.3617601466437458,0.41086895557950504,0.3617935616825567,0.4111333754560204
1050,17.5,feeder2_1530,0.3618851295458344,0.41096026769391825,0.361921053459416,0.41122859849432064
1050,17.5,feeder2_1425,0.3602942152448719,0.4038624919204069,0.36032684316441566,0.404129348357602
1050,17.5,feeder2_1589,0.3540070883120297,0.38769055682855824,0.35404294574581374,0.38795553688714945
1050,17.5,feeder2_1435,0.3602688676734629,0.4039756801222848,0.360304600541013,0.40424264630133777
1050,17.5,feeder2_1621,0.35890078915247153,0.40533691129730565,0.35893688045228633,0.405603252307663
1050,17.5,feeder2_1564,0.3602435168441257,0.40384439562861657,0.3602773335077382,0.40411338846823713
1050,17.5,feeder2_1704,0.418181840344778,0.5630344160525425,0.41822346116380854,0.563375231004314
1050,17.5,feeder2_1525,0.4223499275563568,0.5612795447940578,0.42239123444619336,0.5616246022539132
1050,17.5,feeder2_1716,0.4222567145702053,0.5613746967784131,0.4222992640337878,0.561717721579034
1050,17.5,feeder2_1537,0.4246768117589114,0.5617466185690397,0.42472068953086134,0.5620961630908314
1050,17.5,feeder2_1645,0.4254054160887974,0.5606752911001199,0.4254485720289025,0.5610203398765146
1050,17.5,feeder2_1561,0.42733433319938635,0.5629507600488173,0.42737715596773446,0.5633039179999904
1050,17.5,feeder2_1657,0.42739400090466517,0.5629875007792279,0.427435714847827,0.5633399279984878
1050,17.5,feeder2_1570,0.42847856797949624,0.5634617208137618,0.4285225288048086,0.5638146860885044
1050,17.5,feeder2_1756,0.46002799732918254,0.5788979642857023,0.46006993471826046,0.5792457436353068
1050,17.5,feeder2_1588,0.4291461916588487,0.562841986811794,0.4291897425608747,0.5631947770596926
1050,17.5,feeder2_1628,0.4297358735415752,0.5626230821183772,0.4297796135272377,0.5629819538384727
1050,17.5,feeder2_1598,0.42993803782249834,0.5621049962089085,0.4299831799312293,0.5624582830223456
1050,17.5,feeder2_1816,0.41702467848554564,0.576501544551494,0.41706716454626813,0.5768600836831808
1050,17.5,feeder2_1765,0.4298496898899741,0.5621950277436571,0.4298917941653208,0.5625525258981646
1050,17.5,feeder2_1641,0.4338218636170613,0.5549457691674691,0.43386895743633935,0.5553152077680139
1050,17.5,feeder2_1689,0.43516369194152044,0.5437789218930064,0.4352102266852191,0.5441578097869799
1050,17.5,feeder2_1744,0.439942981438313,0.557715522445027,0.43998818789650357,0.5580837433434798
1050,17.5,feeder2_1817,0.43514646362345394,0.5436879627346525,0.4351917582227619,0.5440648018508015
1050,17.5,feeder2_1779,0.433940083039293,0.5450706913019774,0.43398871008090156,0.5454503741886831
1050,17.5,feeder2_1800,0.4335176033684955,0.539975324165511,0.433564574301863,0.54035314495405
1050,17.5,feeder2_1818,0.45122370716193716,0.5233737372857277,0.451281097051432,0.5237693427800637
1050,17.5,feeder2_1753,0.4592629935862849,0.5668210828323897,0.45931168046140175,0.5671868852439788
1050,17.5,feeder2_1754,0.4399789456244076,0.5577374935305999,0.44002605988625904,0.5581021060401287
1080,18.0,secondary,0.11148419117118981,0.09612450202219962,0.11148492535212236,0.09612532552943613
1080,18.0,feeder2_44,0.20781310081674653,0.5021722823124389,0.2078202441753072,0.5021913321592426
1080,18.0,feeder2_45,0.21138340121810922,0.5176328336029464,0.21138999372203254,0.5176485193627299
1080,18.0,feeder2_46,0.20948528643970235,0.505679997480079,0.20949655485708935,0.5056920812939055
1080,18.0,feeder2_51,0.21751798925494803,0.5450119866336591,0.21753066243854774,0.5450269373664789
1080,18.0,feeder2_48,0.21438662728434718,0.5143892716643911,0.2143949640082722,0.5144073154339123
1080,18.0,feeder2_52,0.21501766905295255,0.5439857906106673,0.2150271463707467,0.5440004164518312
1080,18.0,feeder2_68,0.23505599499103166,0.622722612991791,0.2350636610241303,0.6227422601176371
1080,18.0,feeder2_69,0.24166241725417925,0.6403140962390187,0.24167557969360606,0.6403325028542434
1080,18.0,feeder2_71,0.237230207565577,0.6321024366688459,0.23723894834762294,0.6321226609121767
1080,18.0,feeder2_72,0.25253467641215205,0.6126174025924047,0.25254599203152056,0.6126314670891493
1080,18.0,feeder2_73,0.24396300306702617,0.663622742988828,0.24397423896033774,0.6636439319792875
1080,18.0,feeder2_74,0.24148153556119586,0.6626853349201384,0.24149279841130453,0.6627051605026438
1080,18.0,feeder2_77,0.24982678628993918,0.6908492789568031,0.24983632455977356,0.6908687829799972
1080,18.0,feeder2_79,0.2644578825904126,0.718485528142509,0.26446645413300957,0.7185074467343509
1080,18.0,feeder2_81,0.25713626035286047,0.723312631081757,0.25714789363596563,0.7233352681691002
1080,18.0,feeder2_82,0.2596356553126172,0.7195000659114523,0.2596490530971423,0.7195191665634408
1080,18.0,feeder2_116,0.29027948913553353,0.8724430709513266,0.29029220341668316,0.8724736868195887
1080,18.0,feeder2_119,0.28821338324455664,0.8716968854224587,0.2882270053522543,0.8717284977608359
1080,18.0,feeder2_120,0.302848625333368,0.9282419688801428,0.30286550590797356,0.9282736441790056
1080,18.0,feeder2_248,0.3008301258400551,0.9274708650359795,0.30084507288021145,0.9275061359418194
1080,18.0,feeder2_124,0.31073726608119734,0.962958549016624,0.3107542359904852,0.9629918040353584
1080,18.0,feeder2_282,0.31229246949625716,0.9605116555434907,0.3123031239243004,0.9605529744389284
1080,18.0,feeder2_275,0.3083425652218371,0.9620601395722704,0.30835279541605143,0.9620994913202627
1080,18.0,feeder2_151,0.3247989278843723,1.025504848284922,0.3248166693804083,1.0255451111720337
1080,18.0,feeder2_295,0.32613364982056486,1.0279305659457398,0.32614967399683464,1.0279714619912406
1080,18.0,feeder2_311,0.3255878891439871,1.0268164977396443,0.32560627765241473,1.0268577337858449
1080,18.0,feeder2_201,0.3472730999527534,1.1244022487659169,0.3472913456752302,1.1244426797366407
1080,18.0,feeder2_314,0.34759903691804556,1.123821064857287,0.3476144244495266,1.1238697174982406
1080,18.0,feeder2_342,0.3793682707920537,1.2659293175761444,0.37938965986446715,1.265978330887157
1080,18.0,feeder2_368,0.38184587082979915,1.2848971103592641,0.3818629436031087,1.2849505719601386
1080,18.0,feeder2_347,0.39090466107319,1.3002571515361525,0.3909219090301642,1.3003157601607465
1080,18.0,feeder2_353,0.3966904617930302,1.318291213290298,0.39671175701488276,1.3183451591331643
1080,18.0,feeder2_518,0.392025525731984,1.2983185102916555,0.3920440711211141,1.298376000638164
1080,18.0,feeder2_365,0.4031167309380912,1.3383332227246616,0.40313375605316276,1.3383959266681122
1080,18.0,feeder2_653,0.39659240340949437,1.318248830756131,0.3966143602316401,1.3183045284557033
1080,18.0,feeder2_377,0.4056767772651342,1.344190346790487,0.40569445742869276,1.3442485877189432
1080,18.0,feeder2_622,0.4127524506451715,1.3575303918546615,0.4127730996924251,1.357586984973674
1080,18.0,feeder2_451,0.3818698294127671,1.2848430278085539,0.38188645718124475,1.2848976995086852
1080,18.0,feeder2_383,0.38590132207208494,1.3156598176950678,0.38591997995899757,1.315713918122972
1080,18.0,feeder2_385,0.4084548504814693,1.3500493450503237,0.40847527008051165,1.3501135277775218
1080,18.0,feeder2_621,0.4071680724498976,1.3467882109839375,0.4071858266224022,1.3468488749015148
1080,18.0,feeder2_611,0.38485116864520164,1.316420000151078,0.3848671397494881,1.3164768867573033
1080,18.0,feeder2_405,0.3861759070553697,1.317550709895101,0.38618842253571417,1.3176063893136554
1080,18.0,feeder2_461,0.420116164359332,1.375017188067058,0.4201373736718509,1.3750823104527226
1080,18.0,feeder2_594,0.40714929993064997,1.3495088701959979,0.4071680389966899,1.3495710697722076
1080,18.0,feeder2_732,0.38392184042462857,1.3165865850520082,0.38393823676365835,1.3166422003907468
1080,18.0,feeder2_417,0.38837174277792225,1.332054470713213,0.38839394891474965,1.3321085395290004
1080,18.0,feeder2_663,0.38975243067944615,1.3351277856277572,0.3897702815679982,1.3351827096765496
1080,18.0,feeder2_444,0.38985065349048414,1.3421120750363114,0.38986718399536524,1.3421672933723023
1080,18.0,feeder2_759,0.3902947082613678,1.3409981975245533,0.3903115454240192,1.3410567052363522
1080,18.0,feeder2_842,0.4186091647849963,1.3857046727573996,0.41862695910206466,1.3857620675844005
1080,18.0,feeder2_459,0.38976520289184907,1.3431344838490127,0.3897829737987847,1.3431912575162999
1080,18.0,feeder2_702,0.390211490298064,1.3421567730313992,0.39022646456452226,1.3422124993643807
1080,18.0,feeder2_493,0.38944901072708465,1.3473733102073724,0.38947113997487887,1.3474274140294649
1080,18.0,feeder2_651,0.4208587817959564,1.3774493703267416,0.42087778417011606,1.3775161103555909
1080,18.0,feeder2_684,0.4291307592260523,1.3924752071716604,0.42915685510607865,1.392543476685513
1080,18.0,feeder2_674,0.38625910048842294,1.3475224631926914,0.3862743064677756,1.347580746300829
1080,18.0,feeder2_696,0.3925518960420531,1.3604148171345576,0.3925728739849227,1.3604673649211723
1080,18.0,feeder2_681,0.37847845309368566,1.3483512516544027,0.3784986933027852,1.3484103768627047
1080,18.0,feeder2_682,0.38483471907646505,1.3469445148868222,0.38485621110598645,1.3470009875653757
1080,18.0,feeder2_728,0.4287544934676273,1.390597761617664,0.42877557599597954,1.3906672093430958
1080,18.0,feeder2_724,0.43913361845603843,1.4146941464424179,0.4391573158579674,1.4147663690785006
1080,18.0,feeder2_703,0.39267485040275496,1.3605965451903872,0.39269123047795057,1.360655762860481
1080,18.0,feeder2_704,0.39562536724993674,1.3652095805264517,0.39564001790892966,1.3652722466295075
1080,18.0,feeder2_754,0.4404819849360862,1.4132374982113658,0.440502597622945,1.413311306046652
1080,18.0,feeder2_747,0.4431076525724143,1.4245547440420352,0.4431319855453103,1.4246316915758832
1080,18.0,feeder2_828,0.42754456309463224,1.390189769515027,0.4275671541622638,1.3902577321328147
1080,18.0,feeder2_763,0.42866717127685,1.3886040241658297,0.42868712256314556,1.3886759406949383
1080,18.0,feeder2_836,0.445105537629972,1.4303753837085316,0.4451289323024501,1.4304499926161647
1080,18.0,feeder2_758,0.4460702298816939,1.4303540486652373,0.4460932968394991,1.430432751454639
1080,18.0,feeder2_788,0.44985570243258133,1.4248198228053044,0.4498807289775369,1.4248952577217848
1080,18.0,feeder2_812,0.4551957913808712,1.4547811554821954,0.4552221999543835,1.4548621902967103
1080,18.0,feeder2_947,0.43126738651244123,1.3843661866944423,0.431287648121122,1.3844349658263977
1080,18.0,feeder2_868,0.42910799869154387,1.3877552248865035,0.42913157391543727,1.3878214622050566
1080,18.0,feeder2_785,0.42859289564862196,1.388761249999256,0.4286161474755344,1.388828502912662
1080,18.0,feeder2_1176,0.4308527814094388,1.3924648363895902,0.43087210537821546,1.3925356896577386
1080,18.0,feeder2_846,0.4267953896636862,1.387901316785025,0.42681993084666603,1.3879677356597584
1080,18.0,feeder2_911,0.4285918994526926,1.3887105352751097,0.42861453531401256,1.3887763176656525
1080,18.0,feeder2_1107,0.45680246186788254,1.4634645550998326,0.45682722671712617,1.4635472871055049
1080,18.0,feeder2_920,0.4573100190177984,1.4592389000541626,0.45733064957538877,1.4593280534379525
1080,18.0,feeder2_926,0.46054531383055836,1.4661373642790891,0.4605660731483479,1.4662265365551355
1080,18.0,feeder2_1239,0.4572116914717113,1.4589376907347493,0.4572353746295105,1.4590207568089515
1080,18.0,feeder2_933,0.4619522774484312,1.4696521610864903,0.46197505727620425,1.4697412780002155
1080,18.0,feeder2_1146,0.4606676626971596,1.4639681516699836,0.46068898439711947,1.4640584926162008
1080,18.0,feeder2_1124,0.4619917028040412,1.4697120806456976,0.4620136033271753,1.4697996982832295
1080,18.0,feeder2_942,0.4655039864097005,1.478496698675696,0.465524490748316,1.4785898080487005
1080,18.0,feeder2_952,0.4708623635856935,1.4929883184543402,0.4708852101421454,1.4930855777557543
1080,18.0,feeder2_965,0.465488878714724,1.478310846728404,0.4655147664400556,1.4783968375306331
1080,18.0,feeder2_961,0.47141645573891783,1.4948402226209232,0.47144228447821757,1.4949343247662854
1080,18.0,feeder2_963,0.4708676535355571,1.4929269814896318,0.4708924703095342,1.4930231174023292
1080,18.0,feeder2_973,0.4744693156140732,1.5050366954133654,0.4744913408899907,1.5051362322443094
1080,18.0,feeder2_1128,0.4712324020533733,1.4942429051413617,0.4712593228310284,1.4943363645585455
1080,18.0,feeder2_1113,0.47161794327770723,1.491953336663008,0.47163991279484413,1.4920495125521576
1080,18.0,feeder2_1143,0.4710781458135974,1.4914386450284893,0.4711010032433442,1.4915343900143776
1080,18.0,feeder2_1238,0.46731917208588486,1.4750968905998898,0.4673389023558097,1.475190367069112
1080,18.0,feeder2_979,0.46548677330894095,1.4783032881731262,0.46550936553550876,1.4783952141526797
1080,18.0,feeder2_1236,0.4785138273479177,1.517656052896456,0.47854154745466937,1.5177567390948632
1080,18.0,feeder2_989,0.47447396977584877,1.5050603462470258,0.4745004282614444,1.5051549789205587
1080,18.0,feeder2_1196,0.46543226098102264,1.4782772288335662,0.465455211504736,1.4783708389321943
1080,18.0,feeder2_1158,0.47631272023535826,1.5080312935772764,0.47633386373501135,1.5081321398727663
1080,18.0,feeder2_1122,0.4559339062364309,1.459198341346488,0.45596091082426266,1.4592788033571884
1080,18.0,feeder2_1258,0.4624830061759116,1.472817221569755,0.46250666410345853,1.4729026639555878
1080,18.0,feeder2_1303,0.4563080907340357,1.4585321129086382,0.4563280399797115,1.4586188014011756
1080,18.0,feeder2_1138,0.4552637788458343,1.4560518279446197,0.4552853198422533,1.4561397222360513
1080,18.0,feeder2_1304,0.45378721291163915,1.4554538973346849,0.45381343519205397,1.4555377775990435
1080,18.0,feeder2_1212,0.4540471010814192,1.4500129453242119,0.4540704996669965,1.4501004365655443
1080,18.0,feeder2_1311,0.4556949146408137,1.4472273097172086,0.4557196026464593,1.447311087472161
1080,18.0,feeder2_1290,0.4526483120012909,1.444669109928983,0.4526746341170067,1.4447539642049267
1080,18.0,feeder2_1325,0.4808545124054769,1.518491579041203,0.4808803471997716,1.5185990644608514
1080,18.0,feeder2_1248,0.4785597384791028,1.517733549285049,0.4785813675508289,1.5178377845936917
1080,18.0,feeder2_1249,0.46762933378785754,1.4745614134002942,0.467650874844447,1.474653009159661
1080,18.0,feeder2_1250,0.46787929713140314,1.474137173020946,0.46790186098470776,1.4742257622278503
1080,18.0,feeder2_1366,0.4890217509496719,1.5350642465882813,0.48904807385199406,1.535165182236922
1080,18.0,feeder2_1266,0.46286331019710575,1.4734272122814702,0.4628850917798045,1.4735156018344508
1080,18.0,feeder2_1372,0.45266346883300995,1.4446384437306714,0.4526837744119895,1.4447305808999291
1080,18.0,feeder2_1363,0.45115294167854963,1.439026454609092,0.45117260534039294,1.4391191815408502
1080,18.0,feeder2_1446,0.4812186670321654,1.517826231614248,0.481244606544695,1.5179361301758592
1080,18.0,feeder2_1502,0.4835523839576612,1.5202473605457894,0.4835819500725727,1.5203575215766825
1080,18.0,feeder2_1428,0.451067963685139,1.4389893749514593,0.4510941798471585,1.4390746744898504
1080,18.0,feeder2_1380,0.4493609641416059,1.432320105705852,0.4493823311438037,1.4324088766691874
1080,18.0,feeder2_1550,0.4494602076857369,1.431901201630448,0.44948677220234673,1.4319885561570604
1080,18.0,feeder2_1386,0.4485334211537485,1.4292502435222452,0.4485535232480834,1.4293457512869485
1080,18.0,feeder2_1551,0.44735042653903545,1.4288150933617794,0.4473717365667087,1.4289080236436278
1080,18.0,feeder2_1400,0.44818629085195155,1.4279273252546343,0.44820754774893373,1.4280177975159216
1080,18.0,feeder2_1552,0.4441662358173538,1.4263199369886843,0.4441905279460304,1.4264115595079412
1080,18.0,feeder2_1408,0.4478078344438273,1.4262359841646957,0.44783128498179336,1.4263289686010114
1080,18.0,feeder2_1553,0.4428728026439228,1.4277242055310526,0.44289264429977,1.4278222480090181
1080,18.0,feeder2_1416,0.4478753188949887,1.4251512715475252,0.4478975804372122,1.4252423241929468
1080,18.0,feeder2_1530,0.45133757441035216,1.4214469865570571,0.4513587209307944,1.4215426149991714
1080,18.0,feeder2_1425,0.4477156502054198,1.4250546687607726,0.4477367065038253,1.4251511432681816
1080,18.0,feeder2_1589,0.44531934053131367,1.4243478915337142,0.44534219669817593,1.4244387675819639
1080,18.0,feeder2_1435,0.44772364610516796,1.4251265628902736,0.4477494953300301,1.4252162041413958
1080,18.0,feeder2_1621,0.44747711629498116,1.4258471777327364,0.4474981548441782,1.4259424754604144
1080,18.0,feeder2_1564,0.447703854116238,1.4250561573101108,0.4477243454513921,1.4251496846618903
1080,18.0,feeder2_1704,0.48661141138323977,1.5264326095354674,0.48663339286493235,1.5265476298997074
1080,18.0,feeder2_1525,0.48381951584405375,1.5183951046057917,0.48385003085030304,1.518505486788595
1080,18.0,feeder2_1716,0.48318937664111283,1.5199211832275423,0.48321747672496623,1.5200337663533794
1080,18.0,feeder2_1537,0.4840899577087406,1.5160637099784067,0.48411510028996396,1.5161813740264418
1080,18.0,feeder2_1645,0.48405701370862364,1.5160495515081445,0.48408094011247016,1.5161677964141282
1080,18.0,feeder2_1561,0.48440099767079375,1.513441708715165,0.48442626007017175,1.5135627594934196
1080,18.0,feeder2_1657,0.48526366193936676,1.5125169043410667,0.4852909223979386,1.512638226752665
1080,18.0,feeder2_1570,0.484502555912935,1.5125402824866094,0.48452522150580335,1.5126639525186847
1080,18.0,feeder2_1756,0.4878042804855244,1.5071395330680672,0.48782930582485673,1.5072593344240628
1080,18.0,feeder2_1588,0.4846109401996905,1.5120152755702567,0.48463894728565704,1.5121358101007594
1080,18.0,feeder2_1628,0.4848492163340402,1.511601716670573,0.484874271135922,1.511725012155739
1080,18.0,feeder2_1598,0.4847541139367576,1.5114640341224106,0.48478071854960475,1.5115879820719937
1080,18.0,feeder2_1816,0.4885745844723694,1.5180408021195886,0.4885994081125892,1.5181627599370446
1080,18.0,feeder2_1765,0.48612140705341045,1.5137458548905653,0.48614916774503025,1.5138678679211695
1080,18.0,feeder2_1641,0.4848649766012642,1.505771665851376,0.48489632416241363,1.5058981777583142
1080,18.0,feeder2_1689,0.4849913585504853,1.5015345847145827,0.48501953312750473,1.5016696191225023
1080,18.0,feeder2_1744,0.48505942109608585,1.5054282029598525,0.4850898935271854,1.5055532683030317
1080,18.0,feeder2_1817,0.4849778007828761,1.501490127490698,0.4850089789789215,1.5016192083820723
1080,18.0,feeder2_1779,0.48549712476902873,1.5021996990017836,0.48552358787289673,1.5023339161550198
1080,18.0,feeder2_1800,0.4799552653955254,1.5005125648447868,0.4799798671291283,1.5006487118146312
1080,18.0,feeder2_1818,0.49628764382357055,1.4887407667825951,0.49630979349189797,1.4888873311726598
1080,18.0,feeder2_1753,0.48562990297430664,1.5044329407016006,0.48565913028037755,1.5045569209309828
1080,18.0,feeder2_1754,0.4850704979357316,1.5054072016456914,0.48509835494095915,1.5055352899832757
1110,18.5,secondary,0.05268344461623915,0.03228431534401006,0.052682239023268206,0.032277549516925526
1110,18.5,feeder2_44,0.09823884749840393,0.16871732321507943,0.0982342028802347,0.1686693610286416
1110,18.5,feeder2_45,0.09969706552778862,0.16974666535488606,0.09969380683003365,0.16970497284306232
1110,18.5,feeder2_46,0.0971590645420254,0.21875280846951511,0.09714587345486764,0.21871255055817182
1110,18.5,feeder2_51,0.10222575484382396,0.171552699128942,0.10222291845494527,0.1715042978074036
1110,18.5,feeder2_48,0.09987751069291469,0.16962781414197053,0.09987518426283182,0.169582403150974
1110,18.5,feeder2_52,0.1004330382273293,0.1739312012655328,0.1004325217787839,0.17387944314773204
1110,18.5,feeder2_68,0.10989156390837895,0.1763867315792927,0.109891259893415,0.17633208445238463
1110,18.5,feeder2_69,0.10927971404167162,0.18143222078717966,0.10927732390593312,0.181377393402863
1110,18.5,feeder2_71,0.11088583713056836,0.17678617363387233,0.11088322160632258,0.17672984926191815
1110,18.5,feeder2_72,0.11664540785429901,0.17333725080194928,0.11664091919031093,0.1732858687048215
1110,18.5,feeder2_73,0.11389649976750482,0.178399007173612,0.11389310552829789,0.17834145388557962
1110,18.5,feeder2_74,0.11310387034900897,0.17785830021383994,0.11310299025000102,0.1778013978583464
1110,18.5,feeder2_77,0.11651333341732402,0.17989847345066504,0.11651027622677439,0.17983938898554153
1110,18.5,feeder2_79,0.11342810714566323,0.20298283924294253,0.11341853734455987,0.20292620025374905
1110,18.5,feeder2_81,0.12009552762105923,0.17354823032915756,0.12009547178628817,0.17348774550595303
1110,18.5,feeder2_82,0.12508409209699756,0.17044505735258883,0.1250821443933793,0.17038965261363687
1110,18.5,feeder2_116,0.13561881978542356,0.14815286337639827,0.13562012299844475,0.14808301803118715
1110,18.5,feeder2_119,0.13538663278790217,0.14848546276895563,0.13538674640003875,0.14840985499843562
1110,18.5,feeder2_120,0.1416324421657055,0.13887937409136708,0.14163503319067547,0.1388099848204846
1110,18.5,feeder2_248,0.14079670786341839,0.13864393160015123,0.14079688049104816,0.13856804045034715
1110,18.5,feeder2_124,0.1455498995376216,0.1335260806442234,0.14555126834297355,0.133455256745866
1110,18.5,feeder2_282,0.1487103666561978,0.13189514786936693,0.14871426307853622,0.1318254720457678
1110,18.5,feeder2_275,0.14421180471376271,0.1323760700920693,0.14421400216176705,0.13230279195922443
1110,18.5,feeder2_151,0.15232733195962533,0.1262416063476216,0.15233231135464195,0.12617347349269636
1110,18.5,feeder2_295,0.1515415749767831,0.1285184488110128,0.15154636483094996,0.12844849465550995
1110,18.5,feeder2_311,0.15179800633311086,0.12805331963708821,0.15180226594510138,0.1279903582326434
1110,18.5,feeder2_201,0.1634623610014507,0.10973150442748969,0.16346840735817914,0.10967653790837147
1110,18.5,feeder2_314,0.16727268414186375,0.10689614896177208,0.1672782025428829,0.10685213842067078
1110,18.5,feeder2_342,0.1776484918836838,0.09417925022868495,0.17765776138231737,0.09415472506080214
1110,18.5,feeder2_368,0.17625906996934884,0.08995344815725673,0.17626769408648665,0.08991701372570421
1110,18.5,feeder2_347,0.18661803409553657,0.09749258271886739,0.18662616982385735,0.09752093127714241
1110,18.5,feeder2_353,0.19074090382776068,0.1003927882261849,0.19075003043158203,0.10044309266712384
1110,18.5,feeder2_518,0.19011133129082758,0.09717826364565171,0.19012024173020886,0.0972133061618893
1110,18.5,feeder2_365,0.195330248002301,0.10427286611796462,0.1953399003868375,0.10434435262338285
1110,18.5,feeder2_653,0.19067524727901586,0.10029212285271763,0.19068657931283908,0.10034479809569147
1110,18.5,feeder2_377,0.19773468822092696,0.10423701929957761,0.1977458047681086,0.10432473224192673
1110,18.5,feeder2_622,0.19026772984809062,0.11542622533844743,0.19027643800621513,0.1154786563279726
1110,18.5,feeder2_451,0.1769699999694869,0.08981995599164226,0.17697772706904508,0.08978054829052992
1110,18.5,feeder2_383,0.1738644709034974,0.08417004387821347,0.1738702655966223,0.08410460004562831
1110,18.5,feeder2_385,0.2005018857976707,0.1042722732634414,0.20051654199788965,0.10438694781045976
1110,18.5,feeder2_621,0.19673865680293603,0.10600463943906896,0.19674994514468283,0.10609074749713607
1110,18.5,feeder2_611,0.1739524219142011,0.08418543819926973,0.17396077531867843,0.08411385136888619
1110,18.5,feeder2_405,0.17372105087413542,0.08386248108027278,0.1737279994323127,0.08379290467072253
1110,18.5,feeder2_461,0.21235957199581112,0.11516550793610172,0.2123730378735959,0.11537386476676
1110,18.5,feeder2_594,0.20015505141422366,0.10250676768773377,0.20017047034171792,0.10261792455698868
1110,18.5,feeder2_732,0.1588195006878742,0.0697371279898228,0.15883394367038145,0.06958447604499636
1110,18.5,feeder2_417,0.17413669042610871,0.08611668728535218,0.17414430100919434,0.08604175224251352
1110,18.5,feeder2_663,0.1734775339386793,0.08839771489219908,0.17348283141781906,0.08832542456162616
1110,18.5,feeder2_444,0.17445227577161396,0.08715035526415456,0.17445919887939337,0.08708293873735881
1110,18.5,feeder2_759,0.1808883446757556,0.08156432676240224,0.18089708041158536,0.08151124862210121
1110,18.5,feeder2_842,0.17345194420713292,0.09019983429305015,0.17345940580875438,0.09013167746378022
1110,18.5,feeder2_459,0.1744374727046885,0.087676121839345,0.17444342780182379,0.08760475988691183
1110,18.5,feeder2_702,0.17683771243579816,0.08595363754782635,0.17684289315220472,0.08589061560315482
1110,18.5,feeder2_493,0.17410410562347345,0.09030236696226844,0.17411114651729456,0.09022913678827453
1110,18.5,feeder2_651,0.21145931363269693,0.11597681395623956,0.2114724804569321,0.11617933178491371
1110,18.5,feeder2_684,0.22210214963003894,0.1310808430523399,0.22211655986869905,0.13135069678572905
1110,18.5,feeder2_674,0.17374922888056457,0.08991994025191345,0.17375503348041577,0.08984343495466049
1110,18.5,feeder2_696,0.17374681337679831,0.09976201141925858,0.1737534308544316,0.099686553081792
1110,18.5,feeder2_681,0.17306139451828392,0.08918031399675143,0.17306863508791534,0.0891097828157712
1110,18.5,feeder2_682,0.17332657030983445,0.08946706038006083,0.1733362884566475,0.08939265089157447
1110,18.5,feeder2_728,0.22281100940685522,0.13160765159359863,0.2228269624219324,0.13189113084638837
1110,18.5,feeder2_724,0.23163576283788037,0.14985010343097274,0.2316539704840566,0.15013796915733377
1110,18.5,feeder2_703,0.17370012158864898,0.09993558732860068,0.1737076334115238,0.09986157626328436
1110,18.5,feeder2_704,0.17227479654783165,0.10327359768669932,0.17228098851117798,0.10319544433451669
1110,18.5,feeder2_754,0.23172530698377394,0.1499319717027821,0.23174407965002078,0.1502242806131824
1110,18.5,feeder2_747,0.23552244963495234,0.15750466455484843,0.235542404703685,0.157802419502403
1110,18.5,feeder2_828,0.22224270295771345,0.13052319335735102,0.22225730110850364,0.1308054769436106
1110,18.5,feeder2_763,0.22425222190374214,0.1350467563088427,0.22427235762383554,0.1353476683198218
1110,18.5,feeder2_836,0.23372252772560928,0.1578498398743895,0.2337386166189861,0.15814308113935802
1110,18.5,feeder2_758,0.23883177155273083,0.16418956444230529,0.2388506936783653,0.16449778652402974
1110,18.5,feeder2_788,0.24147975543821806,0.16586046840923327,0.24149855565339207,0.1661728623474808
1110,18.5,feeder2_812,0.24826534786402304,0.1826184803938246,0.24828660651184303,0.18295220648028898
1110,18.5,feeder2_947,0.23200629053595295,0.14161753362473903,0.23202431635111764,0.1419241236765401
1110,18.5,feeder2_868,0.2337978792457112,0.14404301173425618,0.23381675304133903,0.14434559327585655
1110,18.5,feeder2_785,0.22287398588428292,0.12951364555603784,0.2228905004520344,0.1298195877293036
1110,18.5,feeder2_1176,0.22050804251687134,0.12899817425388133,0.22052752287682886,0.1292966479712776
1110,18.5,feeder2_846,0.21656310479093668,0.1193975803008483,0.21658265549349284,0.1197109438262272
1110,18.5,feeder2_911,0.22328209193777201,0.130043636574072,0.22330233427036741,0.13034969013747977
1110,18.5,feeder2_1107,0.24408552288346336,0.15454203709029365,0.24410833235749685,0.1548743326661853
1110,18.5,feeder2_920,0.25206570618173857,0.19556959912121513,0.25208955792455723,0.19590539478498872
1110,18.5,feeder2_926,0.257800740771783,0.21517152015425225,0.2578241603490027,0.21551370176866158
1110,18.5,feeder2_1239,0.2519816974141251,0.19522870699126882,0.2520044980482921,0.19556100542890692
1110,18.5,feeder2_933,0.2601945418714704,0.22359172539577463,0.2602166797871953,0.22394273421683908
1110,18.5,feeder2_1146,0.2584866110456955,0.2164237068652409,0.25850818142589665,0.21676981369168555
1110,18.5,feeder2_1124,0.2600027049777461,0.22358989496427364,0.2600265329076435,0.22393410526330373
1110,18.5,feeder2_942,0.26624989654914544,0.24495008904028853,0.2662747033024742,0.24530455422452596
1110,18.5,feeder2_952,0.27061950836717,0.25511346818347536,0.2706426492016235,0.25546793900186715
1110,18.5,feeder2_965,0.2668432476179931,0.24776172280285397,0.2668696256843887,0.2481169795874499
1110,18.5,feeder2_961,0.27103172264899533,0.25614213042778794,0.27105418759521577,0.25649984568852874
1110,18.5,feeder2_963,0.2706324432031616,0.25513534405501115,0.2706571798155062,0.2554896463723139
1110,18.5,feeder2_973,0.273279265587265,0.26197738851396724,0.2733043571925419,0.2623302259241352
1110,18.5,feeder2_1128,0.27093864802851514,0.2557691065793177,0.27096330986912903,0.2561272843695807
1110,18.5,feeder2_1113,0.27167238526144916,0.25548367270893463,0.2716975878496329,0.25584096269345813
1110,18.5,feeder2_1143,0.2706548472295776,0.2552623825730579,0.2706789630759919,0.25562000168786353
1110,18.5,feeder2_1238,0.3161766499652273,0.2918644329098378,0.31620054105395,0.2922397185420419
1110,18.5,feeder2_979,0.26684049807923793,0.247750778094238,0.26686378828931157,0.24810929188155625
1110,18.5,feeder2_1236,0.27662654522878016,0.27097200086951984,0.2766520436148044,0.2713273729611102
1110,18.5,feeder2_989,0.2732793876665921,0.2619780584861947,0.273304627051939,0.2623304859695723
1110,18.5,feeder2_1196,0.2668063847761208,0.24770215067711943,0.26683067533320454,0.24806040242429284
1110,18.5,feeder2_1158,0.2720727448065949,0.262318400353064,0.2720992394640526,0.26266676860016913
1110,18.5,feeder2_1122,0.24237667178446404,0.14452461985310608,0.24239781770927166,0.14486717107596622
1110,18.5,feeder2_1258,0.2401295972734458,0.15488236958017076,0.24015002142362016,0.15520199332031936
1110,18.5,feeder2_1303,0.2444231048923694,0.14644492807110332,0.24444519367666137,0.14679044977554295
1110,18.5,feeder2_1138,0.24090953540574278,0.13629507444203262,0.24093299372120375,0.13664713137266435
1110,18.5,feeder2_1304,0.2410358369828456,0.13462487543015342,0.24105696997606718,0.13497469519146893
1110,18.5,feeder2_1212,0.23796189837965706,0.12155946799016018,0.2379844810050795,0.12192785314684089
1110,18.5,feeder2_1311,0.24245700850061488,0.12576904821795104,0.24247775038212455,0.12613870916437037
1110,18.5,feeder2_1290,0.23359627480148007,0.10286228554917598,0.23362165721777148,0.1032442163223555
1110,18.5,feeder2_1325,0.281270823033378,0.2818238718902433,0.2812977152861986,0.2821921400532163
1110,18.5,feeder2_1248,0.27659166331765234,0.2709864187211564,0.2766165820995948,0.2713412477925504
1110,18.5,feeder2_1249,0.32953132159859744,0.30439498855262503,0.329554147349014,0.30477527916119074
1110,18.5,feeder2_1250,0.3186822131363323,0.2937186513720091,0.31870537199370835,0.2940971975270699
1110,18.5,feeder2_1366,0.2691105156034188,0.274723109986732,0.26913287292083576,0.2750624890298591
1110,18.5,feeder2_1266,0.2396629599264926,0.1549580497226468,0.23968148632614047,0.15527849557554688
1110,18.5,feeder2_1372,0.23364993721389274,0.10291866503208079,0.2336747398307196,0.10329929927689056
1110,18.5,feeder2_1363,0.2289656893768823,0.0884880384004936,0.22899024134469928,0.08886827598800895
1110,18.5,feeder2_1446,0.2953997921766473,0.2931668209354748,0.29542682817583815,0.29354048915314296
1110,18.5,feeder2_1502,0.2829682280797765,0.2785130139142174,0.2829948680651085,0.27888139685063745
1110,18.5,feeder2_1428,0.22367376648595472,0.08493786294764948,0.2237012155241244,0.08530481689779422
1110,18.5,feeder2_1380,0.22688273135106596,0.08265778110519875,0.22691009554280275,0.08301574251667448
1110,18.5,feeder2_1550,0.22872073647150107,0.08476299610354845,0.2287459693783473,0.08511932035173694
1110,18.5,feeder2_1386,0.22565868474623088,0.07996102610860692,0.22568490869217653,0.08030333038687097
1110,18.5,feeder2_1551,0.22567296778159152,0.07722096940215357,0.22569954672797102,0.07755308564355219
1110,18.5,feeder2_1400,0.22522021797397548,0.07950722994563533,0.22524470889829962,0.07984392923052279
1110,18.5,feeder2_1552,0.22364650686376714,0.07936442110794875,0.22367386976611223,0.07969286273979596
1110,18.5,feeder2_1408,0.2246600510279808,0.07871763107350217,0.22468370737231386,0.07904581219954684
1110,18.5,feeder2_1553,0.22339543640486365,0.07895440183922163,0.22342338694671834,0.07927256209188732
1110,18.5,feeder2_1416,0.22447735100360017,0.07827694038587098,0.2245049754442183,0.07859534326169776
1110,18.5,feeder2_1530,0.2245998818537075,0.07837906269049429,0.22462438523692982,0.07870218082500587
1110,18.5,feeder2_1425,0.22411822538998954,0.07746921497893264,0.22414611606040574,0.07778439224105592
1110,18.5,feeder2_1589,0.22415524660925143,0.07554466304438091,0.22418298907572543,0.07584216910654498
1110,18.5,feeder2_1435,0.22410238139747526,0.07747380726096985,0.22412914253861585,0.07778512967076488
1110,18.5,feeder2_1621,0.22404497296273507,0.0773510954587184,0.22407114374098624,0.07766563371639978
1110,18.5,feeder2_1564,0.22391352991606317,0.07767758956974562,0.22393805256340502,0.07798830325200043
1110,18.5,feeder2_1704,0.2812458920500069,0.27974201928863085,0.2812731386739097,0.28011054959142795
1110,18.5,feeder2_1525,0.2834642142561828,0.2773237450910444,0.283490584510159,0.27769606615976483
1110,18.5,feeder2_1716,0.2811941344580191,0.2792185728351577,0.2812208473591645,0.27959006338994
1110,18.5,feeder2_1537,0.28406558300874085,0.27573974983035576,0.2840950756288582,0.2761124138799287
1110,18.5,feeder2_1645,0.2840456653285513,0.2757073694342715,0.2840750787359072,0.27608047366369054
1110,18.5,feeder2_1561,0.2847512000614377,0.27397102854169747,0.2847819075977995,0.27434352042916943
1110,18.5,feeder2_1657,0.2855220912333758,0.27413931479581133,0.2855492683603661,0.274512716539357
1110,18.5,feeder2_1570,0.28499508822551606,0.2731490038202321,0.285024734649334,0.27352460537113477
1110,18.5,feeder2_1756,0.2936174883917127,0.2789766764217226,0.2936449797104803,0.2793602320496714
1110,18.5,feeder2_1588,0.2851094001368991,0.2719796117057656,0.28513694731988526,0.2723532712708349
1110,18.5,feeder2_1628,0.28555276338163804,0.2723614586755896,0.2855831155853607,0.2727398301594852
1110,18.5,feeder2_1598,0.28523151652506334,0.27039553495494295,0.28526072375431966,0.2707706776780702
1110,18.5,feeder2_1816,0.2821769586718128,0.27181684742998863,0.2822040861943298,0.2721818475282124
1110,18.5,feeder2_1765,0.28388659050915627,0.2709417059600442,0.28391714490387926,0.27131534835331944
1110,18.5,feeder2_1641,0.28579749800629156,0.2623747785167057,0.2858313554130569,0.2627546932372642
1110,18.5,feeder2_1689,0.28573892454892974,0.2543615069011269,0.28576989266565916,0.2547407000898406
1110,18.5,feeder2_1744,0.2872652698335454,0.26307616984973303,0.2872966722517284,0.26345748849528583
1110,18.5,feeder2_1817,0.2854233472888265,0.2518310997736639,0.2854543976378559,0.25220673077127526
1110,18.5,feeder2_1779,0.28477137195466395,0.25512500125658966,0.2848034168579343,0.25550140440905855
1110,18.5,feeder2_1800,0.2841477410067463,0.2514838249014488,0.2841810638846801,0.25186422392428903
1110,18.5,feeder2_1818,0.2946736307256493,0.24494531960310328,0.294723865119885,0.24531899600738052
1110,18.5,feeder2_1753,0.2902073341718338,0.26544557758881226,0.29023874273227934,0.26582649041511514
1110,18.5,feeder2_1754,0.287641082735443,0.2630514682671874,0.28767099858952283,0.2634333902231527
1140,19.0,secondary,0.008678806750881386,0.019891343916992838,0.008669724416018036,0.019855721886683615
1140,19.0,feeder2_44,0.016214751315678552,0.1041533876586247,0.016196138610159148,0.10395965656290906
1140,19.0,feeder2_45,0.016529767689215345,0.10768441880973606,0.016508755422508778,0.10748760359765783
1140,19.0,feeder2_46,0.016343667071715678,0.10109146224417422,0.016317846685183778,0.1008945803091326
1140,19.0,feeder2_51,0.017409695615316793,0.1128395183801254,0.01738522620217499,0.11263150183155007
1140,19.0,feeder2_48,0.012535934141648879,0.11929181492404776,0.012581465813810404,0.11910065061008406
1140,19.0,feeder2_52,0.018704823944719354,0.1139664298948628,0.0186822125477177,0.11375664567116954
1140,19.0,feeder2_68,0.019829204515152143,0.12767552143514332,0.019802302121004686,0.12743222623464537
1140,19.0,feeder2_69,0.01981230082661124,0.12448139775451145,0.01977834969502353,0.12423946756388207
1140,19.0,feeder2_71,0.020175867794409504,0.12986536458074363,0.020144624631017738,0.12962160544773224
1140,19.0,feeder2_72,0.016907138017531027,0.13061736551981157,0.016884882444153194,0.13037037678693714
1140,19.0,feeder2_73,0.02131156683174035,0.13679448421156126,0.021280456042348492,0.1365393486684796
1140,19.0,feeder2_74,0.023629782648361512,0.13843441357465233,0.023603697326696347,0.13817526510346928
1140,19.0,feeder2_77,0.022169154183969624,0.1425171835530245,0.022134814586074383,0.14225063990963321
1140,19.0,feeder2_79,0.023971844970721003,0.13930506039757393,0.023935493302138483,0.1390375070049806
1140,19.0,feeder2_81,0.023526933700498243,0.15292797571057481,0.023489696386696728,0.15264547906888537
1140,19.0,feeder2_82,0.019599544811589625,0.15372635868342557,0.01956880344237992,0.1534361820141939
1140,19.0,feeder2_116,0.03030895030189869,0.20141257504912788,0.0302611260263506,0.20105617327155442
1140,19.0,feeder2_119,0.04545065102619775,0.21790452666912546,0.045414682019726885,0.21755034896156666
1140,19.0,feeder2_120,0.03068325159910068,0.21033029031034747,0.03062790296867559,0.20994577778012227
1140,19.0,feeder2_248,0.03222736361624184,0.21211493223379146,0.03217554857303734,0.21173147122861613
1140,19.0,feeder2_124,0.030763554929898775,0.2150812656843253,0.030705942853889966,0.21467951411954017
1140,19.0,feeder2_282,0.030624377261159567,0.2150706258220328,0.030567302439539517,0.21466769844432046
1140,19.0,feeder2_275,0.044186248427930126,0.2298631704041248,0.04414264113558778,0.22946247685286686
1140,19.0,feeder2_151,0.028679971855599874,0.21335727698454238,0.02861820332132591,0.21292245524544437
1140,19.0,feeder2_295,0.028699295485451404,0.21326709169653077,0.028634571490113014,0.21283231861470975
1140,19.0,feeder2_311,0.028833819045300673,0.2128060119938853,0.028770303869580984,0.2123704766457441
1140,19.0,feeder2_201,0.02552005324967101,0.21138001202523124,0.025444103419744495,0.21089375692194384
1140,19.0,feeder2_314,0.024885711844732813,0.21207748875617635,0.02481091169807132,0.21159700368323645
1140,19.0,feeder2_342,0.022135785280046002,0.2075105091998874,0.022042887693765226,0.20695739123957607
1140,19.0,feeder2_368,0.019978923753902436,0.20947217510735777,0.019885296903116707,0.2089111386458524
1140,19.0,feeder2_347,0.02393925703575654,0.20246678830761317,0.02383963642335626,0.20187699038555304
1140,19.0,feeder2_353,0.025376545236055703,0.19968368894396996,0.025271629038876153,0.19907853480862622
1140,19.0,feeder2_518,0.02121701244637473,0.20363006239719614,0.021115575652935082,0.20303965319350267
1140,19.0,feeder2_365,0.027074583287800286,0.19675233070282896,0.026970444557510447,0.1961313989643263
1140,19.0,feeder2_653,0.025407270899439515,0.19977948944885698,0.02530558651265381,0.1991735093032092
1140,19.0,feeder2_377,0.027772911381332963,0.19843118473857568,0.027666928214827004,0.1977998740573797
1140,19.0,feeder2_622,0.03944558324045277,0.18372630628541367,0.03934625527160885,0.18311250313771732
1140,19.0,feeder2_451,0.004976649564620227,0.21323074426624367,0.004878522347799764,0.21267192331317902
1140,19.0,feeder2_383,0.019986036767821312,0.211372960776169,0.019893956275633052,0.21082066867577764
1140,19.0,feeder2_385,0.02857571307216357,0.20040388029848435,0.028468195681512463,0.19976394849359178
1140,19.0,feeder2_621,0.027850588292521343,0.1983380110922776,0.027743390732983673,0.19770727664683668
1140,19.0,feeder2_611,0.020607884270188746,0.21243712611600812,0.02051724258732864,0.21188417297615536
1140,19.0,feeder2_405,0.019973079742249832,0.2114343185601704,0.019879491541607643,0.21088293051474602
1140,19.0,feeder2_461,0.03151313308485,0.20632376764200708,0.031398953459154756,0.20563558134133209
1140,19.0,feeder2_594,0.02889054601174262,0.2015974526085132,0.028782780453103604,0.20095798183577296
1140,19.0,feeder2_732,0.021874673715270992,0.21501894961591023,0.021789429884934836,0.21445982994336105
1140,19.0,feeder2_417,0.01970488525247912,0.21106009034880632,0.019613778237904007,0.2105054198591618
1140,19.0,feeder2_663,0.021824792506456882,0.20773749588166002,0.021727153260756582,0.20717707688725837
1140,19.0,feeder2_444,0.01943151599484726,0.21175589499343722,0.019338286369512143,0.21120323790941378
1140,19.0,feeder2_759,0.018406361826292524,0.21166587776300516,0.018314050434729657,0.2111088371344767
1140,19.0,feeder2_842,0.021076986615565153,0.20918565908826875,0.02097667554402433,0.20862597105277209
1140,19.0,feeder2_459,0.019340854214290232,0.21215605898133755,0.019249470485538656,0.2115982774386945
1140,19.0,feeder2_702,0.016410466506220342,0.21507432797637827,0.016313601693974816,0.2145184095194941
1140,19.0,feeder2_493,0.019433336985326975,0.21264484030455322,0.019341826799855136,0.21209414966785384
1140,19.0,feeder2_651,0.04098498976548931,0.1964458148361149,0.04087291303465014,0.19576097294140482
1140,19.0,feeder2_684,0.03302519385331213,0.22183731290222916,0.03290588653296024,0.2211076579609971
1140,19.0,feeder2_674,0.019460977372943195,0.2129563238977851,0.019368749813810048,0.21239782542254673
1140,19.0,feeder2_696,0.0194424219451689,0.2125068982414316,0.01934802908565929,0.21194876147114008
1140,19.0,feeder2_681,0.01949832257217531,0.21301899056909335,0.019408016062472416,0.2124600034412555
1140,19.0,feeder2_682,0.01969533433072007,0.2141631413803143,0.019605575857508994,0.21361092522452807
1140,19.0,feeder2_728,0.032481325778619674,0.22028776466516387,0.032360039370809834,0.21955216617936357
1140,19.0,feeder2_724,0.03583911195320789,0.24145411681146234,0.03571247330276313,0.24068371470588099
1140,19.0,feeder2_703,0.019531253151997476,0.2123470326890232,0.019440324993863316,0.21179344392606878
1140,19.0,feeder2_704,0.019448925833115496,0.21249519435155456,0.019355050531878717,0.21193743184900982
1140,19.0,feeder2_754,0.025784729024249383,0.24122739106147112,0.025658746594930806,0.2404537188184548
1140,19.0,feeder2_747,0.03819073962353039,0.2503539498839232,0.03806087415397894,0.2495681066929345
1140,19.0,feeder2_828,0.032496911910823774,0.22033965134778782,0.03237334360785211,0.21960437998735502
1140,19.0,feeder2_763,0.0316759807751134,0.21798655791052912,0.031553089100168394,0.21725206848219542
1140,19.0,feeder2_836,0.04125209547070289,0.24652786882142,0.04111972813432277,0.24573974923503433
1140,19.0,feeder2_758,0.04015312136154928,0.2597206471223021,0.04002083194774408,0.25892197369421815
1140,19.0,feeder2_788,0.03784186112284847,0.25950372024499313,0.03771398567172058,0.258710182434406
1140,19.0,feeder2_812,0.04690585406088948,0.2896407702011533,0.04676921255621445,0.28881189295711973
1140,19.0,feeder2_947,0.026261455036723717,0.22031294132294665,0.02613897006177587,0.21957237454396095
1140,19.0,feeder2_868,0.031603722553451855,0.21797971942147085,0.03148273503359676,0.21724257350876397
1140,19.0,feeder2_785,0.031623650372603236,0.21630627582210357,0.031502303052661274,0.2155723840965423
1140,19.0,feeder2_1176,0.03890872427770789,0.20836422746986863,0.038786055018078976,0.20762766449273015
1140,19.0,feeder2_846,0.031648875641101894,0.21639524748631356,0.03152771419591965,0.21566004991854346
1140,19.0,feeder2_911,0.03073721196233582,0.21603373241414806,0.030615634141084987,0.2152984487386645
1140,19.0,feeder2_1107,0.05320229605175188,0.32815871299221133,0.05306747564048244,0.3273359790986798
1140,19.0,feeder2_920,0.04713016780163035,0.2875349362900963,0.04698804373727741,0.28669421376417326
1140,19.0,feeder2_926,0.047444364495358736,0.2842166212273073,0.047302318178942135,0.2833592537508198
1140,19.0,feeder2_1239,0.047171012441130325,0.2877624935311095,0.047034803377388676,0.2869265874588713
1140,19.0,feeder2_933,0.04766160395514826,0.2826155170340345,0.04751732344499705,0.2817508379197226
1140,19.0,feeder2_1146,0.04710175027936826,0.2848719127746335,0.04696030943971835,0.2840148959945474
1140,19.0,feeder2_1124,0.054491390877995226,0.27470382104013463,0.05434562309375292,0.2738457800626047
1140,19.0,feeder2_942,0.04778782966717952,0.2854925894019744,0.04764253174252371,0.28460746012284394
1140,19.0,feeder2_952,0.048648846359030724,0.28866872139110117,0.04849736720199183,0.2877563580840743
1140,19.0,feeder2_965,0.04770306455873173,0.28563397870378293,0.047556359312396046,0.2847574758817693
1140,19.0,feeder2_961,0.04877434568380974,0.28895852545098827,0.04862275887427129,0.28804330344208023
1140,19.0,feeder2_963,0.048642129494398785,0.28868022183405034,0.04849116659697681,0.28777275169630157
1140,19.0,feeder2_973,0.049335186257174604,0.2896759939993867,0.04918158245481334,0.2887505433923975
1140,19.0,feeder2_1128,0.048963866886728616,0.2903882740362505,0.04881477198917623,0.28948046770740576
1140,19.0,feeder2_1113,0.04813965417552871,0.28902473951177826,0.04798933933621527,0.2881140594669538
1140,19.0,feeder2_1143,0.04861664297997861,0.28863441719756455,0.04846730345105618,0.2877266735255222
1140,19.0,feeder2_1238,0.041846810050314064,0.28713562267538356,0.04170019590347872,0.28625159741071354
1140,19.0,feeder2_979,0.047713475204488834,0.28575629252444135,0.04756726774291765,0.28487164547096006
1140,19.0,feeder2_1236,0.050123157880153826,0.2926453185016624,0.049967110033928716,0.2916868065700241
1140,19.0,feeder2_989,0.049335765539365486,0.28965900273055717,0.04918279372295593,0.2887294145510201
1140,19.0,feeder2_1196,0.04747462862214286,0.2861994352454397,0.04733028285464233,0.28532002354501906
1140,19.0,feeder2_1158,0.05105755994127629,0.2873798173716531,0.050902956803658896,0.2864551624743113
1140,19.0,feeder2_1122,0.05545978092590113,0.3463476758353311,0.05532518788220774,0.34551955714764726
1140,19.0,feeder2_1258,0.05650362756878418,0.32419003633297255,0.05636614968169173,0.32336856208309844
1140,19.0,feeder2_1303,0.052804601747033116,0.34713190258283005,0.05266981234755853,0.346309699258794
1140,19.0,feeder2_1138,0.05751726595779021,0.3605187134179813,0.05738701073289866,0.35969891443932533
1140,19.0,feeder2_1304,0.06512131029211436,0.3732777484747075,0.06499554867300701,0.3724578817479385
1140,19.0,feeder2_1212,0.05993612670816571,0.37986298889372205,0.05980471513779446,0.3790444375391224
1140,19.0,feeder2_1311,0.05668389588377652,0.3804972225887647,0.056550990207335686,0.3796691929015519
1140,19.0,feeder2_1290,0.0636113923236064,0.4035575781300029,0.06348234903090094,0.40274103887345075
1140,19.0,feeder2_1325,0.051245498651762006,0.2976195249911426,0.051087599886537036,0.29662712076194153
1140,19.0,feeder2_1248,0.050126067427176214,0.2926409544485849,0.04996895889384627,0.2916839360008932
1140,19.0,feeder2_1249,0.04076094398220821,0.28767851542057205,0.04061665512988569,0.2867919261821906
1140,19.0,feeder2_1250,0.04047672196018062,0.28695440549317225,0.04033151464616432,0.28606654591063924
1140,19.0,feeder2_1366,0.0508300889937981,0.2916061706209298,0.050675630605786205,0.29065014482789503
1140,19.0,feeder2_1266,0.0578772783169412,0.32258575422398517,0.05774267508392352,0.3217641059554092
1140,19.0,feeder2_1372,0.06241926674177238,0.4042773934257148,0.062287609991087414,0.4034603275144655
1140,19.0,feeder2_1363,0.06808832981497577,0.4282209191565538,0.06795955002642687,0.4274042121000587
1140,19.0,feeder2_1446,0.04900657866653977,0.29775185925605735,0.048843786501726896,0.29675647960295654
1140,19.0,feeder2_1502,0.05319286018911977,0.30339064734475674,0.05302851054860812,0.302363296726429
1140,19.0,feeder2_1428,0.06937012319744318,0.4302180178534628,0.06924201639328088,0.42939869898750904
1140,19.0,feeder2_1380,0.07296830468305082,0.45502997585528404,0.07284127163160907,0.454219892449796
1140,19.0,feeder2_1550,0.07215900432343424,0.45574039830825874,0.07202935053585313,0.45492833915230363
1140,19.0,feeder2_1386,0.07549685600607467,0.46784315595644677,0.07537066880820378,0.46702996495455146
1140,19.0,feeder2_1551,0.07533571993707286,0.46834686659024155,0.07520873501765567,0.46753948771337195
1140,19.0,feeder2_1400,0.0766824326219228,0.47380383239052265,0.07655677859711908,0.47299268796670557
1140,19.0,feeder2_1552,0.07935505381911692,0.4778909501940129,0.07923008870014801,0.47708537790222244
1140,19.0,feeder2_1408,0.07871371233336183,0.48400673809291866,0.07858622618249794,0.48319959317901195
1140,19.0,feeder2_1553,0.08014628989594096,0.48607757856000916,0.08002219692491792,0.48526799823112376
1140,19.0,feeder2_1416,0.07967898157938978,0.4888531228107702,0.0795547488519268,0.4880454114721337
1140,19.0,feeder2_1530,0.07955972464059824,0.4888104216296878,0.07943675349253505,0.4880067914881819
1140,19.0,feeder2_1425,0.08153354161423859,0.4981276901887039,0.08140835490944553,0.4973185695070626
1140,19.0,feeder2_1589,0.0815859230890887,0.4982057429865063,0.08146200618040841,0.4973965985289717
1140,19.0,feeder2_1435,0.08190618033245008,0.49998887529615593,0.08178053746197986,0.49918548584825023
1140,19.0,feeder2_1621,0.08193369346407117,0.49990308129749006,0.08181149454126208,0.49909488962787685
1140,19.0,feeder2_1564,0.08633922390521759,0.5221070802167685,0.0862167983901026,0.5213004665484056
1140,19.0,feeder2_1704,0.05420944776962548,0.30179338818900764,0.05404561111228419,0.3007675333822805
1140,19.0,feeder2_1525,0.05370229162909972,0.3054286314298224,0.053535072239449664,0.3043900975289079
1140,19.0,feeder2_1716,0.05655436296469217,0.301935730928836,0.056384647119653256,0.30089244800076165
1140,19.0,feeder2_1537,0.05423242738183649,0.30823861209620274,0.054064930561716094,0.30718583442584385
1140,19.0,feeder2_1645,0.05385295321063487,0.3084918105117524,0.05368534968421975,0.3074369648939272
1140,19.0,feeder2_1561,0.054826746299637144,0.3112414303531529,0.054657594429890904,0.3101731857063658
1140,19.0,feeder2_1657,0.05404139707943516,0.31111883313814953,0.0538708961219638,0.3100475956273797
1140,19.0,feeder2_1570,0.055120521742321155,0.3125890550629385,0.054950530481219985,0.3115147858220581
1140,19.0,feeder2_1756,0.04900385029822985,0.31436890337928597,0.04883148338229151,0.31329540285018903
1140,19.0,feeder2_1588,0.05548548308576773,0.3137792509489343,0.055315135846787364,0.31270024933377766
1140,19.0,feeder2_1628,0.055250110727019276,0.3137319336231555,0.05508197175261012,0.3126518608810883
1140,19.0,feeder2_1598,0.055959857160753336,0.3153030476354179,0.05578660888855895,0.31422030049531496
1140,19.0,feeder2_1816,0.05607759998926229,0.3150731606317309,0.055908652581680304,0.3139881282666184
1140,19.0,feeder2_1765,0.05646213303365356,0.3144106498241783,0.056290913404291786,0.31332676368982504
1140,19.0,feeder2_1641,0.05831992185768851,0.3232285026212761,0.0581483593885226,0.3221145320112737
1140,19.0,feeder2_1689,0.06126064415935648,0.3300052998230491,0.061081797197370266,0.32886219484466556
1140,19.0,feeder2_1744,0.05551156484443716,0.3235121930471761,0.05533621796346653,0.3223976264608003
1140,19.0,feeder2_1817,0.06171032569547121,0.3322600192660363,0.06153473119271211,0.3311192604096548
1140,19.0,feeder2_1779,0.06193234433831704,0.32931178352540597,0.061752135246759994,0.3281682112034433
1140,19.0,feeder2_1800,0.07060550672344057,0.3448781658872208,0.07044085630567327,0.34374088208693365
1140,19.0,feeder2_1818,0.06667870317328387,0.31972600289978026,0.06646443512548958,0.31853158686820027
1140,19.0,feeder2_1753,0.051594891384280084,0.32499147136177253,0.05141765189823307,0.32387047207315
1140,19.0,feeder2_1754,0.05442800775387023,0.3234041991784297,0.054253320400368926,0.3222871108175521
1170,19.5,secondary,0.03876306644204177,0.03523567652637721,0.038761331119844825,0.03521740326000073
1170,19.5,feeder2_44,0.0724786816427943,0.1846433936314775,0.072478764318751,0.18455278827802934
1170,19.5,feeder2_45,0.07336984271147153,0.18945708109914627,0.0733684787998313,0.18936187291987477
1170,19.5,feeder2_46,0.0990257919599756,0.19544593877882277,0.09902509036624157,0.19536402569048172
1170,19.5,feeder2_51,0.07500674262200833,0.19816368045221952,0.07500597836142658,0.1980632046000758
1170,19.5,feeder2_48,0.07174878226289837,0.18730862312735916,0.0717506528631896,0.18721537912544298
1170,19.5,feeder2_52,0.07495684862179136,0.19963688307095614,0.07495878113080122,0.1995367100708273
1170,19.5,feeder2_68,0.07960445850520995,0.22234038051787094,0.07960373719876573,0.22222682241811037
1170,19.5,feeder2_69,0.08192935106393683,0.22402693451701916,0.08192979520532886,0.22391450457701742
1170,19.5,feeder2_71,0.08021116702565458,0.22545094662023885,0.08020849249867873,0.22533496880764878
1170,19.5,feeder2_72,0.07703415956651982,0.22157176525102132,0.07703246689481195,0.2214528302646163
1170,19.5,feeder2_73,0.08222484037406658,0.23566047042446198,0.08222836890037959,0.2355374603548397
1170,19.5,feeder2_74,0.08036779542813455,0.2383258790534967,0.08037146332371024,0.23820019397032582
1170,19.5,feeder2_77,0.083995935200612,0.24402854512140673,0.08399560421613876,0.24389872682403368
1170,19.5,feeder2_79,0.08677159774485994,0.244241805827217,0.08677403547897818,0.24411367812495968
1170,19.5,feeder2_81,0.08663854017644534,0.25709178908221264,0.08663892136908684,0.25695511405974253
1170,19.5,feeder2_82,0.08372930733333882,0.2533935052203094,0.08373147365172315,0.253253051980134
1170,19.5,feeder2_116,0.09976771768997565,0.32019440024909596,0.09976825228482097,0.32001334232680323
1170,19.5,feeder2_119,0.10125661665099843,0.33058991088995243,0.1012683618076595,0.33040567734982224
1170,19.5,feeder2_120,0.1037465888391652,0.3389760416014625,0.10375239185250315,0.3387833201444921
1170,19.5,feeder2_248,0.10258198718358907,0.3427079673379394,0.10258662710284978,0.3425136363970566
1170,19.5,feeder2_124,0.10611647930173192,0.3491505848074945,0.10611925426933279,0.3489459919145164
1170,19.5,feeder2_282,0.10427822967764688,0.34700865645775003,0.10428082076795933,0.3468040024554956
1170,19.5,feeder2_275,0.10503109830582227,0.35096805145314797,0.10503366672137987,0.35076635980712456
1170,19.5,feeder2_151,0.1105560383947035,0.3670957094598274,0.11055917843169014,0.36687796398409744
1170,19.5,feeder2_295,0.1117368020219526,0.3676876194334446,0.11174210362450332,0.3674702961848879
1170,19.5,feeder2_311,0.11147966984382526,0.3675916725165424,0.11148336547311191,0.36737162414298663
1170,19.5,feeder2_201,0.1176353994525735,0.3953390248268846,0.11764017661559836,0.3950963052446267
1170,19.5,feeder2_314,0.11755431817643257,0.3952479773634115,0.11755682777006443,0.3950067478367384
1170,19.5,feeder2_342,0.12776451282637952,0.4358092566558897,0.12776908171568516,0.4355333526512752
1170,19.5,feeder2_368,0.12838455156306247,0.4377608854572457,0.12838738559395543,0.4374850297332538
1170,19.5,feeder2_347,0.13197897345662157,0.45209585114913914,0.13198324926037674,0.45180074350118316
1170,19.5,feeder2_353,0.13430487160779708,0.4612888671669863,0.1343108938602391,0.460984774813789
1170,19.5,feeder2_518,0.13020103383667062,0.45006328157762365,0.13020309413652367,0.4497682133975907
1170,19.5,feeder2_365,0.13686561858684512,0.4714341504499321,0.13687123070629373,0.4711198587813153
1170,19.5,feeder2_653,0.13437471312889293,0.4614343245214732,0.13437931712920503,0.46112745623230844
1170,19.5,feeder2_377,0.13794834130813366,0.4750385367250626,0.13795529196444684,0.47471722605481603
1170,19.5,feeder2_622,0.14847331979014586,0.47796047827772015,0.14847645960489286,0.4776474184459878
1170,19.5,feeder2_451,0.1266938892423051,0.43590873425798343,0.12670016076326085,0.43563100443286035
1170,19.5,feeder2_383,0.1297993828490974,0.44244588290611714,0.12980130527824674,0.4421704864103294
1170,19.5,feeder2_385,0.13916221458051897,0.4789746475306162,0.13916548872916432,0.47864763993014975
1170,19.5,feeder2_621,0.13916402086708063,0.4756852059991221,0.13916773037366503,0.4753653808850954
1170,19.5,feeder2_611,0.12997321203527226,0.4431450740405549,0.12997906684455815,0.44287019700345215
1170,19.5,feeder2_405,0.1298793009088452,0.4427091637181845,0.12987983032318742,0.442432700595252
1170,19.5,feeder2_461,0.14387653397136138,0.49142783277453855,0.14388219809475306,0.4910701651163511
1170,19.5,feeder2_594,0.13855256483270054,0.481381440736295,0.1385634749445158,0.48105323854521304
1170,19.5,feeder2_732,0.13018346119340632,0.44511465379132137,0.1301913304023516,0.44483705828222453
1170,19.5,feeder2_417,0.13038798320398912,0.4442524737732571,0.13039350528463367,0.44397736403910604
1170,19.5,feeder2_663,0.1335815686894935,0.44494960290992297,0.13358295726523023,0.44467647307772024
1170,19.5,feeder2_444,0.13054115742428024,0.44514175782503707,0.1305431885175422,0.4448679399554292
1170,19.5,feeder2_759,0.1283602142283692,0.4427443444470419,0.1283613741472668,0.44247004425711195
1170,19.5,feeder2_842,0.1412712800648485,0.4510893161426078,0.1412701396796915,0.45082091954603926
1170,19.5,feeder2_459,0.13050649223702376,0.4452108684813335,0.13051235121355226,0.4449346548841897
1170,19.5,feeder2_702,0.12923293751811712,0.44373614957837637,0.12924034433080986,0.44346378975876777
1170,19.5,feeder2_493,0.13053387012401857,0.4460593303332434,0.13053688706890562,0.4457848635053868
1170,19.5,feeder2_651,0.1459768053165442,0.49198348718885127,0.14597978096185205,0.4916279994424483
1170,19.5,feeder2_684,0.14751862201278296,0.5011914703759403,0.14752889941529687,0.5008114271821321
1170,19.5,feeder2_674,0.13035368982481738,0.4466370581198728,0.1303563130938844,0.4463646658842889
1170,19.5,feeder2_696,0.1305585521618606,0.44615531167019395,0.13056272279179637,0.4458793146142072
1170,19.5,feeder2_681,0.13047443982463952,0.44721501035006356,0.13047900869641577,0.4469393380612181
1170,19.5,feeder2_682,0.12944483888441255,0.4481550584956573,0.12944975852918117,0.44788101013918424
1170,19.5,feeder2_728,0.1473392541371914,0.5013372519746833,0.14734918077379291,0.5009608713719086
1170,19.5,feeder2_724,0.1517044631019405,0.5113690271513769,0.1517165505128154,0.5109649999343403
1170,19.5,feeder2_703,0.13069653294820274,0.4462494474394242,0.13069921708887622,0.44597570986573815
1170,19.5,feeder2_704,0.13056864044632396,0.44616210955769126,0.1305725413698009,0.4458861118362116
1170,19.5,feeder2_754,0.15079506077216695,0.5104011092036097,0.1508100132542166,0.5099986739721818
1170,19.5,feeder2_747,0.15354835544860995,0.5161943557777253,0.15356294628474917,0.5157798261355806
1170,19.5,feeder2_828,0.14747059420584188,0.5018375270282395,0.14748287341813868,0.5014586115815419
1170,19.5,feeder2_763,0.14692237344687686,0.5008885768513059,0.14692868057168898,0.5005103726303926
1170,19.5,feeder2_836,0.16000195746601104,0.5160485017255267,0.1600120554368053,0.51563696357188
1170,19.5,feeder2_758,0.15474724043394406,0.5202598195455821,0.15476051014159223,0.5198379651144942
1170,19.5,feeder2_788,0.1520257305225521,0.5173714782044452,0.15204165375444348,0.5169494194811138
1170,19.5,feeder2_812,0.15932781041229654,0.5374069328102968,0.1593396670028632,0.5369612808852327
1170,19.5,feeder2_947,0.14280729412795518,0.49637922928529243,0.14281540752962946,0.4960003988767506
1170,19.5,feeder2_868,0.1466957634922783,0.5005501022012607,0.14669974475788583,0.5001703604953387
1170,19.5,feeder2_785,0.14701700940280854,0.5018590441548834,0.14702288799125685,0.5014805504160932
1170,19.5,feeder2_1176,0.1510205651571883,0.5042797967648587,0.1510290862669386,0.5038996840349633
1170,19.5,feeder2_846,0.14655644778229698,0.502657654101835,0.14656691624158788,0.5022775682098471
1170,19.5,feeder2_911,0.14698762005302735,0.5017508469038108,0.14699643098607879,0.5013716464457575
1170,19.5,feeder2_1107,0.16324881188118034,0.561684008180216,0.16326693855257085,0.561237616481763
1170,19.5,feeder2_920,0.1595887043058043,0.5358937740562179,0.1595998740759638,0.5354397700295409
1170,19.5,feeder2_926,0.15990466956699406,0.5333363360303208,0.15991943663884123,0.5328759376353397
1170,19.5,feeder2_1239,0.1596757764597095,0.5362536432528816,0.15969281315430522,0.5357988530170211
1170,19.5,feeder2_933,0.16014878239092345,0.532723489260245,0.1601642104359613,0.5322540060412239
1170,19.5,feeder2_1146,0.1594155113171961,0.5308940624827523,0.159430421691832,0.5304344496716774
1170,19.5,feeder2_1124,0.1608033859494854,0.5331434815347151,0.1608184307698761,0.5326776969527579
1170,19.5,feeder2_942,0.16074017685403763,0.5307046930760217,0.1607547611960329,0.5302278602332231
1170,19.5,feeder2_952,0.16138061372005927,0.5206458085783049,0.16139352632646833,0.520154491479275
1170,19.5,feeder2_965,0.1607730803727762,0.5316313619779496,0.16078579961754763,0.5311524216556651
1170,19.5,feeder2_961,0.16149608800047277,0.5197858141616825,0.16150973887491427,0.5192919952013918
1170,19.5,feeder2_963,0.1613711703824047,0.5205987308443042,0.16138734662826734,0.5201057488166575
1170,19.5,feeder2_973,0.16211402401330768,0.5145429146767869,0.16212743281798025,0.5140416619523467
1170,19.5,feeder2_1128,0.16150618676165107,0.520990390368096,0.16151929158784903,0.5204979166689389
1170,19.5,feeder2_1113,0.16039398034218869,0.5195709803077678,0.16040750951738886,0.5190769100146443
1170,19.5,feeder2_1143,0.16134371283953639,0.5204582290055851,0.16135433578262542,0.5199661212116515
1170,19.5,feeder2_1238,0.15621238955470862,0.5268618520879367,0.15622668478761603,0.5263833395580125
1170,19.5,feeder2_979,0.16091868448217875,0.5332656154755444,0.1609331929907272,0.5327849681790768
1170,19.5,feeder2_1236,0.16268595989849413,0.506531522965441,0.16269678305201035,0.5060157598756352
1170,19.5,feeder2_989,0.16211740067568572,0.5145449653826267,0.16213065619319705,0.5140415941694674
1170,19.5,feeder2_1196,0.16007916460228208,0.5403728903488828,0.16010042491818652,0.5398944436021504
1170,19.5,feeder2_1158,0.1652638298433137,0.5144979736836643,0.16527291690096077,0.5139950191619044
1170,19.5,feeder2_1122,0.16466373518426203,0.5711325901249014,0.16468387170797688,0.5706834724170785
1170,19.5,feeder2_1258,0.1655884667392311,0.561940942331628,0.16560515308873688,0.5614952692572572
1170,19.5,feeder2_1303,0.16288740511431787,0.5693468097257085,0.1629093132491479,0.5688986294534493
1170,19.5,feeder2_1138,0.16594365663818736,0.5794421564737867,0.16596670590148072,0.5789957726979565
1170,19.5,feeder2_1304,0.1697888281176821,0.588239287949809,0.1698142482579051,0.587789684631863
1170,19.5,feeder2_1212,0.1672616267366269,0.5908422739829716,0.16728207868940528,0.5903961125983203
1170,19.5,feeder2_1311,0.16323641424542334,0.5872087557304098,0.16325601660895295,0.586763054411277
1170,19.5,feeder2_1290,0.16979195120430932,0.6085934252316065,0.16981629284457447,0.6081455935040052
1170,19.5,feeder2_1325,0.16308197338156546,0.495940487909699,0.16309272895735824,0.4954063816654945
1170,19.5,feeder2_1248,0.16269802488452972,0.5065287122097126,0.16270943046517078,0.5060140665876741
1170,19.5,feeder2_1249,0.15560710478094633,0.5262279919938504,0.1556225530338882,0.5257518468533205
1170,19.5,feeder2_1250,0.15451151685147527,0.5250556584971662,0.1545218504534158,0.5245780436227974
1170,19.5,feeder2_1366,0.16573348972060414,0.5057667501359576,0.16574507567815508,0.5052500677762873
1170,19.5,feeder2_1266,0.16624935883743663,0.5621737029210279,0.16626422815409295,0.5617256810879331
1170,19.5,feeder2_1372,0.16916194747325553,0.6079418145164446,0.1691866596782329,0.6074919953397993
1170,19.5,feeder2_1363,0.17276590550781723,0.6289955937029996,0.17279451713882202,0.6285472011863064
1170,19.5,feeder2_1446,0.16129478117075147,0.49402086243058047,0.16130523132676958,0.49348588918005815
1170,19.5,feeder2_1502,0.16409155398238812,0.48661636957548293,0.16410091383983624,0.4860609770904516
1170,19.5,feeder2_1428,0.17284415585968638,0.6315600321919717,0.17287269418201748,0.631112957248451
1170,19.5,feeder2_1380,0.17602678101671196,0.6502624580058303,0.17605283335824057,0.6498172366486947
1170,19.5,feeder2_1550,0.17323478485550892,0.6476211687588677,0.1732611630753947,0.6471750721443822
1170,19.5,feeder2_1386,0.17792760212800687,0.662197902363408,0.17795697208412933,0.6617534270996703
1170,19.5,feeder2_1551,0.1779877150103647,0.6623005740987804,0.17801644659940186,0.6618535307560319
1170,19.5,feeder2_1400,0.17883249120523428,0.6678797935166011,0.1788630833686465,0.6674357628903848
1170,19.5,feeder2_1552,0.17963384451715542,0.6731104758748317,0.17966481412195218,0.6726663743559416
1170,19.5,feeder2_1408,0.1803550101528438,0.6770859137621276,0.18038484075356145,0.6766443543988725
1170,19.5,feeder2_1553,0.1888667334667436,0.6963454611652287,0.1889049663950752,0.6959017359315816
1170,19.5,feeder2_1416,0.18036031237742406,0.6778325871205562,0.18038908465056563,0.6773909146037463
1170,19.5,feeder2_1530,0.1792080927825727,0.6774617650671684,0.1792377100746571,0.6770190591456906
1170,19.5,feeder2_1425,0.18058304979225095,0.6795566697008338,0.1806104224648021,0.6791146504992135
1170,19.5,feeder2_1589,0.17976547333572535,0.6814291044901154,0.1797959490682589,0.6809848906619365
1170,19.5,feeder2_1435,0.18062466257391316,0.6797198495653961,0.18065607952315496,0.6792757406947153
1170,19.5,feeder2_1621,0.18068716935951318,0.679736302323428,0.18071563032285462,0.6792913760724365
1170,19.5,feeder2_1564,0.18111748765843966,0.6816196401831494,0.1811490670681959,0.6811757583265016
1170,19.5,feeder2_1704,0.16581038698509654,0.4874374351559725,0.1658214257331876,0.48688251374494773
1170,19.5,feeder2_1525,0.1643027144293343,0.48384701652253936,0.16430911884540855,0.4832864639502445
1170,19.5,feeder2_1716,0.17127371733255814,0.4822219791227361,0.17127993851770246,0.4816609079086512
1170,19.5,feeder2_1537,0.16435983016452516,0.4809083549699598,0.164365539776337,0.48034145090020114
1170,19.5,feeder2_1645,0.1643688372393122,0.48093184649970555,0.16437331889671924,0.4803671415775746
1170,19.5,feeder2_1561,0.16442247327460072,0.47756715343064843,0.1644293670128504,0.4769950641665668
1170,19.5,feeder2_1657,0.16361723868735278,0.47670185955218997,0.1636237590713859,0.4761272134152584
1170,19.5,feeder2_1570,0.1644931054008645,0.47633947169863644,0.1645003313657396,0.47576118463947636
1170,19.5,feeder2_1756,0.15757719500185116,0.46846154658220357,0.15757880997410212,0.4678865520701662
1170,19.5,feeder2_1588,0.16467969771914265,0.47572403569197663,0.16468191766986284,0.47514489635342505
1170,19.5,feeder2_1628,0.1641278459454675,0.4751290571154331,0.1641317415805986,0.4745479219773156
1170,19.5,feeder2_1598,0.16495128291457686,0.4751212425704339,0.16495638707769228,0.474537149477244
1170,19.5,feeder2_1816,0.16515873745248122,0.47523900917679096,0.16516666194719706,0.4746581932730667
1170,19.5,feeder2_1765,0.16642277713423775,0.4757815310074423,0.16642815156628987,0.47519652383459476
1170,19.5,feeder2_1641,0.1662216904613337,0.47174524490591185,0.16622660886736224,0.47114518346435064
1170,19.5,feeder2_1689,0.1676033941956712,0.4703315920077167,0.1676115321037798,0.46971455049590477
1170,19.5,feeder2_1744,0.16539268165833532,0.47085068189744606,0.16539791643836746,0.47025060340284447
1170,19.5,feeder2_1817,0.16796616433276274,0.4717270741849382,0.16797309753507925,0.47110972377190996
1170,19.5,feeder2_1779,0.16893879074465126,0.47094884101548334,0.16894317214365806,0.47033250432010293
1170,19.5,feeder2_1800,0.16735972598470747,0.4713278907353357,0.16736856630476996,0.47071254339705754
1170,19.5,feeder2_1818,0.17928667264201378,0.46157021090454203,0.17927908877412474,0.46092440070706403
1170,19.5,feeder2_1753,0.16291968415636718,0.46817828563677394,0.16292238566206896,0.46757640703717646
1170,19.5,feeder2_1754,0.16535757084794248,0.47081307123908334,0.1653623955680118,0.47021157186826046
1200,20.0,secondary,0.03291462909624703,0.023942719458623474,0.0328793104985826,0.023961901664237627
1200,20.0,feeder2_44,0.06163036607963179,0.12564298868210064,0.061562587180006415,0.1257639312632233
1200,20.0,feeder2_45,0.06288671310473741,0.13084825711161968,0.06281788752740036,0.13097038259434257
1200,20.0,feeder2_46,0.06104238710124701,0.11082644371553142,0.060979289452968544,0.11093881972829367
1200,20.0,feeder2_51,0.06516671086387016,0.13943738036824688,0.06509720772898575,0.13956743367133953
1200,20.0,feeder2_48,0.05894997932212459,0.13424976150451948,0.05888082110311151,0.13436746965810448
1200,20.0,feeder2_52,0.06782237125968524,0.14159489974114303,0.06775088906130101,0.14173099830781258
1200,20.0,feeder2_68,0.07145371379199922,0.16280800748145655,0.0713813176007346,0.16295213119866223
1200,20.0,feeder2_69,0.07040649762485755,0.16072535493056905,0.07033225752098887,0.16087101640156728
1200,20.0,feeder2_71,0.07231401422606253,0.16600990162926546,0.07224255037714572,0.16615542839772604
1200,20.0,feeder2_72,0.07105076559208319,0.16648010971512472,0.07097820517419988,0.16662006488075612
1200,20.0,feeder2_73,0.07501016850558859,0.17602597954499746,0.07493017149130421,0.17618350588679554
1200,20.0,feeder2_74,0.09535512803798202,0.19187144425977254,0.09527824608476311,0.19205238768279087
1200,20.0,feeder2_77,0.07668501885812848,0.1819940658414789,0.07660667789591763,0.1821550656087215
1200,20.0,feeder2_79,0.07562185373348564,0.1795379194510722,0.075541599114264,0.17969858515279116
1200,20.0,feeder2_81,0.07953725196482668,0.19234546377603906,0.07945612204438583,0.1925055555204745
1200,20.0,feeder2_82,0.06858574159569944,0.20228346599869426,0.06850679470460896,0.20239805803306354
1200,20.0,feeder2_116,0.09272991714281978,0.23407503964987414,0.09263146785680472,0.23431088831282892
1200,20.0,feeder2_119,0.1032956849287591,0.24160404849290343,0.1031994841216997,0.24184855722711496
1200,20.0,feeder2_120,0.09638832992402302,0.245229019547677,0.09628917913670107,0.24547233708630806
1200,20.0,feeder2_248,0.0982587799040588,0.2467233504328669,0.09815889821753383,0.24697214298161435
1200,20.0,feeder2_124,0.09850343031872627,0.25145685117396205,0.09839591310030539,0.2517188784569221
1200,20.0,feeder2_282,0.09741302383416627,0.25185524813122184,0.09730686978621153,0.2521086186925392
1200,20.0,feeder2_275,0.10235939450154484,0.25212572678313383,0.10225025388054716,0.25239569735573975
1200,20.0,feeder2_151,0.1014594184544959,0.2614986388304011,0.10134530201108222,0.26177520978237956
1200,20.0,feeder2_295,0.10066150599156504,0.2599709988240023,0.10055005341821491,0.2602434331427609
1200,20.0,feeder2_311,0.10087970970624703,0.26033009721212047,0.10076396455616769,0.26060423516145914
1200,20.0,feeder2_201,0.10712301490138605,0.2818681529944222,0.10699885429673621,0.28216138574399435
1200,20.0,feeder2_314,0.10573485473847798,0.28319137643844317,0.10561622323347275,0.2834762609958227
1200,20.0,feeder2_342,0.11570370413814693,0.30834304067670043,0.11556409076413315,0.3086626821736057
1200,20.0,feeder2_368,0.11943751334056675,0.31681647037065236,0.11930251922609506,0.3171490389464118
1200,20.0,feeder2_347,0.11534589954602266,0.3061454986083189,0.11519985700558785,0.3064430880122102
1200,20.0,feeder2_353,0.11520653717039446,0.30510759505303625,0.11505625474659421,0.30539485110274645
1200,20.0,feeder2_518,0.11430267937133545,0.30684113837860344,0.11415644330466376,0.3071329164554924
1200,20.0,feeder2_365,0.1149038687100181,0.30334787990115347,0.11474746479470573,0.30362379851531957
1200,20.0,feeder2_653,0.11718312835257759,0.3065385816722914,0.11703292022361318,0.30682760367050427
1200,20.0,feeder2_377,0.11547759550190846,0.3063894474458875,0.11532440986523784,0.3066498879209855
1200,20.0,feeder2_622,0.10836764409803964,0.288119943809643,0.10821258821883517,0.288400929673112
1200,20.0,feeder2_451,0.11908067783055523,0.31681994933914476,0.11894269341736696,0.31715301342459834
1200,20.0,feeder2_383,0.1255366498618345,0.33104308468521493,0.12539634300621555,0.33140863537094134
1200,20.0,feeder2_385,0.116281560206885,0.31058058169272035,0.11612429687310724,0.31082838067198215
1200,20.0,feeder2_621,0.11446691605781126,0.30468932611604105,0.11431680219291514,0.304946434339647
1200,20.0,feeder2_611,0.12797895749156665,0.33235268842375265,0.12784619180060225,0.33271655175275117
1200,20.0,feeder2_405,0.12588042794942636,0.33187113946902613,0.12574264661616533,0.33223933244142
1200,20.0,feeder2_461,0.11950638175366911,0.3274235250359856,0.11934218675763804,0.3276078321351931
1200,20.0,feeder2_594,0.11749832802446877,0.3114031920593829,0.11733979680954056,0.31165339722135516
1200,20.0,feeder2_732,0.15268187344221953,0.35432590514311624,0.15254575301454995,0.35472570110715246
1200,20.0,feeder2_417,0.12688896880409167,0.333032975272811,0.12675639098888347,0.3333958830435822
1200,20.0,feeder2_663,0.12642863169763696,0.3297896584513691,0.12629248147713337,0.3301581725010352
1200,20.0,feeder2_444,0.12778762170629207,0.33491431017346734,0.12765398454305665,0.33528074304852606
1200,20.0,feeder2_759,0.1269212049929458,0.33499961374894416,0.12678217222013283,0.33536812931539617
1200,20.0,feeder2_842,0.12595823814766555,0.3302787523962146,0.12582183628881244,0.3306530509099235
1200,20.0,feeder2_459,0.1281597789768686,0.3358446400598271,0.12802174440243444,0.3362184700319564
1200,20.0,feeder2_702,0.12706025704736468,0.33617224997803963,0.12692214528826642,0.3365403092487154
1200,20.0,feeder2_493,0.12962740303313153,0.3393336884402859,0.12949184942935427,0.3397062552446302
1200,20.0,feeder2_651,0.11793210135763169,0.3219440477064332,0.11776743282835475,0.3221228301005647
1200,20.0,feeder2_684,0.12357394952563518,0.34895485731106085,0.1233966531981334,0.34909384008305616
1200,20.0,feeder2_674,0.13306758738750255,0.3421802759405547,0.1329309579842108,0.3425645939985176
1200,20.0,feeder2_696,0.12972855652934634,0.3362218893070216,0.12958972976659727,0.3365937542837505
1200,20.0,feeder2_681,0.13449294321915173,0.34336292675512337,0.1343573907532837,0.3437459206825411
1200,20.0,feeder2_682,0.1451419804948829,0.3522827684629929,0.1450042705829955,0.3526807891304099
1200,20.0,feeder2_728,0.12337498665857134,0.3502089724360992,0.12320180928634487,0.35034778500400204
1200,20.0,feeder2_724,0.12831670305553017,0.3691179940232324,0.12813640950500663,0.36920985937557205
1200,20.0,feeder2_703,0.13087338580497565,0.3337683872270462,0.1307410476057075,0.3341369434737177
1200,20.0,feeder2_704,0.12995885320156245,0.3357648847424656,0.12982238966680434,0.33613626178588274
1200,20.0,feeder2_754,0.12702618476743455,0.37093868327908636,0.12684718332663475,0.37102947144136067
1200,20.0,feeder2_747,0.13037770500048065,0.3766712743620075,0.13018906692659013,0.37674986046268355
1200,20.0,feeder2_828,0.12416573303783074,0.35067908170315526,0.12399453789766861,0.3508150018847646
1200,20.0,feeder2_763,0.12279758545494762,0.3512785381181707,0.12262298192578233,0.3514156500848916
1200,20.0,feeder2_836,0.12607834236022805,0.3703755718383693,0.125894255993081,0.37044877611206306
1200,20.0,feeder2_758,0.13275778249565956,0.38608592195793406,0.13257415899913397,0.3861448657395552
1200,20.0,feeder2_788,0.1322774768321877,0.3878348438243744,0.13209162395417381,0.38788662992671086
1200,20.0,feeder2_812,0.139934989940348,0.4135210535955001,0.1397403202516234,0.4135468375003334
1200,20.0,feeder2_947,0.12149916061341962,0.35401923882099806,0.12133148461792487,0.3541377665659714
1200,20.0,feeder2_868,0.12225469427817542,0.351901608067451,0.12208083543664876,0.35203670626498884
1200,20.0,feeder2_785,0.1225201226145163,0.35100843779390806,0.12234978979261857,0.3511422454206557
1200,20.0,feeder2_1176,0.11928396591247432,0.3463868897740495,0.11910745118157082,0.34652373543944465
1200,20.0,feeder2_846,0.12315855788531023,0.3507735044991003,0.12298047600576387,0.35091258843756606
1200,20.0,feeder2_911,0.1221679786462286,0.3527113731577295,0.12199316458170019,0.35284742752110004
1200,20.0,feeder2_1107,0.1422471193307387,0.4238580350622548,0.14205582930332475,0.4239074936679481
1200,20.0,feeder2_920,0.1413479810905302,0.41848793284963004,0.1411521965800352,0.41849468292561603
1200,20.0,feeder2_926,0.14328802898813586,0.42607583280899364,0.1430924226685649,0.4260511914148588
1200,20.0,feeder2_1239,0.14158564364287807,0.4184832916730256,0.14138707177161203,0.4184952669062613
1200,20.0,feeder2_933,0.14413866421001456,0.4290062896147139,0.14393555789947893,0.42897380394405665
1200,20.0,feeder2_1146,0.1433880598161784,0.42842408496599454,0.1431866668589822,0.4284020777613003
1200,20.0,feeder2_1124,0.14351716024953787,0.42828853983077647,0.14331499350076296,0.42825845706192217
1200,20.0,feeder2_942,0.14645813187570803,0.4372409011254153,0.14625754078286984,0.4371729869040041
1200,20.0,feeder2_952,0.1489544179423964,0.44894098941561195,0.14874669601220716,0.4488228618780123
1200,20.0,feeder2_965,0.14658796785696165,0.4373672030074711,0.14638412000488019,0.4373066226129238
1200,20.0,feeder2_961,0.1492171044411336,0.4500272298100052,0.1490063640419188,0.4499080247996205
1200,20.0,feeder2_963,0.1489570319267535,0.44898787581483063,0.14874599926614993,0.44887197716503846
1200,20.0,feeder2_973,0.14997368880794315,0.453790637076466,0.14975904815597843,0.45362706192993507
1200,20.0,feeder2_1128,0.1503813132872798,0.45401614716815547,0.1501747599125637,0.45391779913784797
1200,20.0,feeder2_1113,0.14852975863213116,0.45013329749643927,0.14832487926230792,0.4500094316721636
1200,20.0,feeder2_1143,0.14897259465893345,0.4490615150807605,0.14876382597978638,0.4489423312675461
1200,20.0,feeder2_1238,0.14632078431300952,0.4392241394378913,0.14611558963758414,0.4391616137646476
1200,20.0,feeder2_979,0.1467372850251763,0.4373997484129805,0.1465292497832226,0.4373446172798237
1200,20.0,feeder2_1236,0.1515540300933544,0.4619053328370145,0.15134194156935982,0.4616724839095669
1200,20.0,feeder2_989,0.149970464611932,0.4537753434431518,0.1497614178052285,0.4536081759484507
1200,20.0,feeder2_1196,0.15003651758144382,0.4372498713960768,0.14983517409167013,0.4372002747054486
1200,20.0,feeder2_1158,0.14848705644624619,0.4519145969943684,0.1482770403144371,0.4517449178448881
1200,20.0,feeder2_1122,0.14484016940080335,0.4361718722898802,0.14464246699449143,0.43623711989979486
1200,20.0,feeder2_1258,0.13495540539532377,0.4138670833668906,0.13476206313662892,0.41391208230471943
1200,20.0,feeder2_1303,0.14320285272262978,0.4449562909546051,0.14301274784446596,0.44498326451956904
1200,20.0,feeder2_1138,0.14647601437754976,0.443340719212213,0.14628107562413456,0.44342053509749574
1200,20.0,feeder2_1304,0.15410369648869127,0.44615524363174713,0.15391300972042393,0.4462535756315059
1200,20.0,feeder2_1212,0.1489323620779556,0.4559593139472547,0.1487360678824388,0.45606807856615655
1200,20.0,feeder2_1311,0.14708115345826595,0.4592860394077597,0.14688465903513356,0.45938654048731975
1200,20.0,feeder2_1290,0.15193727721210704,0.4693776410403327,0.15174464994976894,0.46951505290513335
1200,20.0,feeder2_1325,0.15444105759843427,0.47645094431343793,0.15422152877904463,0.4761383821513783
1200,20.0,feeder2_1248,0.15154957722384377,0.46189660210469885,0.15133799117288904,0.4616643191172487
1200,20.0,feeder2_1249,0.1462957808337767,0.43942331087135633,0.1460894428140662,0.4393606986386289
1200,20.0,feeder2_1250,0.1462178883340244,0.4400521832696455,0.14601691498027783,0.4399807239992521
1200,20.0,feeder2_1366,0.15062669704010032,0.4603137357909908,0.15040972924575227,0.4600768119460246
1200,20.0,feeder2_1266,0.1291019086772361,0.40549673047336443,0.1289034154901597,0.40554742542826877
1200,20.0,feeder2_1372,0.15194753125189897,0.4696582572272584,0.15175030281468518,0.4697971544079484
1200,20.0,feeder2_1363,0.1550634139215035,0.4839652033212679,0.15486801957230284,0.4841438907261681
1200,20.0,feeder2_1446,0.1552176346526296,0.4864594788723054,0.15500922834297715,0.4861197652104623
1200,20.0,feeder2_1502,0.1559682123543052,0.48195485643096125,0.15574384975702485,0.48158405372224955
1200,20.0,feeder2_1428,0.15654089661836942,0.48475705124355617,0.15634662952642375,0.4849349793260328
1200,20.0,feeder2_1380,0.15853133525033042,0.5008000428361118,0.1583346736350881,0.5010171852102941
1200,20.0,feeder2_1550,0.15785611507219646,0.5021634164795692,0.15766247611366815,0.5023733940515743
1200,20.0,feeder2_1386,0.1601596813218151,0.5086665694749964,0.15996428784169048,0.5089044769112128
1200,20.0,feeder2_1551,0.1617532660357241,0.5081237181300179,0.16155427396088406,0.508366508588892
1200,20.0,feeder2_1400,0.1608415336594143,0.5125440854676916,0.16064886711640997,0.5127861501553408
1200,20.0,feeder2_1552,0.16353189978851723,0.5140844606983578,0.16333436521673095,0.5143374666866805
1200,20.0,feeder2_1408,0.16203563378561478,0.5197466562651349,0.16183815390400375,0.5200087942701731
1200,20.0,feeder2_1553,0.18058801092517024,0.5322359810581302,0.18039480272325642,0.5325306471686388
1200,20.0,feeder2_1416,0.1620188025269794,0.52047437451087,0.16182252988964338,0.520735097552675
1200,20.0,feeder2_1530,0.16053921155388137,0.5221385007096482,0.16034545746936285,0.5223951740854749
1200,20.0,feeder2_1425,0.16209131523854675,0.5210131755489685,0.16189486062744834,0.5212746782718332
1200,20.0,feeder2_1589,0.16216646905081764,0.5210624625747263,0.16197180114000112,0.5213228131922957
1200,20.0,feeder2_1435,0.16210480552938142,0.521116461987294,0.16190669244732095,0.5213773418352731
1200,20.0,feeder2_1621,0.16200396312580792,0.5209837464618134,0.16180672532418722,0.5212495402339072
1200,20.0,feeder2_1564,0.16229593900404649,0.5224843806030652,0.16210003288070352,0.5227501833662125
1200,20.0,feeder2_1704,0.15369002678786184,0.47943261451051256,0.15346461214097135,0.47905999508442737
1200,20.0,feeder2_1525,0.15657957057092636,0.4844032577152463,0.15635276960488104,0.4840153454466862
1200,20.0,feeder2_1716,0.15345497090088464,0.4809752147837152,0.15322551486930402,0.48058888213714046
1200,20.0,feeder2_1537,0.15738459036012373,0.48771461097240637,0.15715706528539594,0.4873132504990672
1200,20.0,feeder2_1645,0.15741412745678254,0.4877222810374819,0.15718648804920876,0.48731938735981767
1200,20.0,feeder2_1561,0.1583029795598125,0.49149836729904023,0.1580677785926782,0.4910827675229552
1200,20.0,feeder2_1657,0.15770777139599226,0.4932857606717007,0.15747721748899532,0.4928657713418054
1200,20.0,feeder2_1570,0.15868471724079983,0.49272116170437275,0.15845505805430254,0.49229511530842573
1200,20.0,feeder2_1756,0.15696769955027745,0.500720426668074,0.15674256399775668,0.5002861021598054
1200,20.0,feeder2_1588,0.15900910422217107,0.49337850830929564,0.15877846128819123,0.49294384142425957
1200,20.0,feeder2_1628,0.1584597969977982,0.49469789610894954,0.15822767466844864,0.4942632476040605
1200,20.0,feeder2_1598,0.15941293514806631,0.49384105536658257,0.1591822866213791,0.4933978683584144
1200,20.0,feeder2_1816,0.1585890262114463,0.4926466197148446,0.15834875080452387,0.492198247848938
1200,20.0,feeder2_1765,0.15755670842451222,0.4918325656831188,0.15732254390240913,0.4913920654282215
1200,20.0,feeder2_1641,0.1617893090952188,0.49760183036075534,0.1615539530614807,0.49712787509329087
1200,20.0,feeder2_1689,0.16260477601350282,0.4911116857024892,0.16236130861471634,0.4906283799822931
1200,20.0,feeder2_1744,0.1617424497185019,0.5041105155853576,0.1615052295324637,0.5036267324203004
1200,20.0,feeder2_1817,0.16261226224281652,0.4911397361722323,0.16236554109512227,0.49065764229355147
1200,20.0,feeder2_1779,0.16108770636002964,0.48947155024825295,0.16084568201543994,0.488988022972215
1200,20.0,feeder2_1800,0.1710197966237772,0.48862925973760596,0.17077599042751132,0.4881728633320998
1200,20.0,feeder2_1818,0.16560705527938482,0.483891226376593,0.1653135337368255,0.48335162772333157
1200,20.0,feeder2_1753,0.16534386378723986,0.5222731994769182,0.16512288323726163,0.5217484067702266
1200,20.0,feeder2_1754,0.16133215718592742,0.5047101967324938,0.16109605171208274,0.5042251957412547
1230,20.5,secondary,0.0334318348516682,0.023755154862878488,0.03341642541124635,0.023765490071840138
1230,20.5,feeder2_44,0.0625803815176295,0.12462204092915351,0.06255822146109409,0.1246749129465099
1230,20.5,feeder2_45,0.06383612565548163,0.1289325609929071,0.06380999185929509,0.12898866097865352
1230,20.5,feeder2_46,0.05648086512805231,0.12136239592146832,0.05645218780209967,0.12141118319304804
1230,20.5,feeder2_51,0.0659647926843048,0.13614022336178774,0.06594197956212919,0.1361981278002067
1230,20.5,feeder2_48,0.06457915104545224,0.13106264757596714,0.06455574494044708,0.13111885488915015
1230,20.5,feeder2_52,0.08971890039205749,0.13139557459239537,0.0896930023152517,0.13147375568067432
1230,20.5,feeder2_68,0.07138131094002655,0.1583484549845469,0.07135572008958702,0.15841132086478368
1230,20.5,feeder2_69,0.07007923717834554,0.1572748810175886,0.07005239682709102,0.15733561441133567
1230,20.5,feeder2_71,0.07212942607203722,0.16136100290795424,0.07209814745055945,0.16142729612997603
1230,20.5,feeder2_72,0.07277070463127103,0.16315525229878503,0.07274307625239325,0.16321807364300014
1230,20.5,feeder2_73,0.07445426394818278,0.17059361065015738,0.07442200616237173,0.17065593509559923
1230,20.5,feeder2_74,0.08302451261098379,0.16604626875836515,0.08299129158314353,0.16611971437870673
1230,20.5,feeder2_77,0.07635455539557592,0.17911707593715245,0.07632054365006029,0.1791797548322296
1230,20.5,feeder2_79,0.07399428305406974,0.17719069877940702,0.07396773403046851,0.17725398590742691
1230,20.5,feeder2_81,0.07960262944692528,0.19347360997643426,0.07957514815395653,0.1935358279904388
1230,20.5,feeder2_82,0.0809618027612996,0.1978611206732919,0.08092593111341446,0.19792901597606344
1230,20.5,feeder2_116,0.09411004138705448,0.25404384200379204,0.09407165417603189,0.25411515092048526
1230,20.5,feeder2_119,0.09414160112431565,0.2540233641099799,0.09410496824398486,0.2540908948316054
1230,20.5,feeder2_120,0.09970372104104441,0.2767025527282892,0.09967014941405077,0.2767725555611021
1230,20.5,feeder2_248,0.10053939378360534,0.2761523210535909,0.1005058299315981,0.27622426729757604
1230,20.5,feeder2_124,0.10320819864655476,0.2908485132503561,0.10316758693792619,0.2909199115663897
1230,20.5,feeder2_282,0.10472186901985563,0.2937638061098885,0.10467828994528473,0.29383655530081193
1230,20.5,feeder2_275,0.10333910325434348,0.2907708237848113,0.10329533791240547,0.29084470170446075
1230,20.5,feeder2_151,0.10907331081707876,0.31385096747920144,0.10902999084120271,0.31392450744100764
1230,20.5,feeder2_295,0.10716807229007232,0.31261060245701555,0.10712460707197625,0.3126825778653756
1230,20.5,feeder2_311,0.1086491431952518,0.31352425182192445,0.10861149527645979,0.3135969367953723
1230,20.5,feeder2_201,0.11961868152257846,0.3548413505210108,0.11957105468168316,0.354915734173915
1230,20.5,feeder2_314,0.11967739861511119,0.35493193033852755,0.11963354409301757,0.35500584722918493
1230,20.5,feeder2_342,0.1348435308747795,0.413150024408154,0.13479434269532514,0.41322987486392265
1230,20.5,feeder2_368,0.13703639824280334,0.4155454245562615,0.13698775109088185,0.41562461218187413
1230,20.5,feeder2_347,0.1394954923867423,0.437483578841807,0.13943817278750084,0.4375617673080824
1230,20.5,feeder2_353,0.14162219566381073,0.44855051191540296,0.1415712740273829,0.4486282564347844
1230,20.5,feeder2_518,0.1408922139785054,0.43965274958594946,0.14084194292599891,0.43972941072930194
1230,20.5,feeder2_365,0.14405198737470587,0.4611305225246606,0.14399428906488826,0.46120691179793677
1230,20.5,feeder2_653,0.1420830754735944,0.44794172872419413,0.14202776865286898,0.44801918169622057
1230,20.5,feeder2_377,0.14553946296922513,0.4682362650363466,0.14547777066206924,0.4683152511009943
1230,20.5,feeder2_622,0.14114921862435698,0.4604466026451085,0.14109376628196638,0.4605225837691694
1230,20.5,feeder2_451,0.13808418055095675,0.4168958375167755,0.13803527619171932,0.41697735320551144
1230,20.5,feeder2_383,0.14029352698888328,0.4184176214861116,0.14024525283849845,0.4185003364689353
1230,20.5,feeder2_385,0.14737313201953092,0.47689651132702293,0.14731570221552187,0.4769729438160315
1230,20.5,feeder2_621,0.1435468134674054,0.46703383035785684,0.14349383498498294,0.4671084384288477
1230,20.5,feeder2_611,0.1422281005350112,0.4164236466663516,0.14217619907159917,0.41651044174125507
1230,20.5,feeder2_405,0.14047978216856458,0.418694956497291,0.14042846221293231,0.4187796893847483
1230,20.5,feeder2_461,0.1550527952393979,0.5128508852025274,0.15499223004438495,0.5129275351254152
1230,20.5,feeder2_594,0.147684800778154,0.4764103386919816,0.14762811990249095,0.4764882973807958
1230,20.5,feeder2_732,0.14752861145954574,0.4114660827810972,0.14747636708287462,0.4115532025362333
1230,20.5,feeder2_417,0.14157230602254542,0.4222718368247583,0.14151971552844142,0.4223580660541617
1230,20.5,feeder2_663,0.13895562043435103,0.4204568264146297,0.13890471841661944,0.42054084220418225
1230,20.5,feeder2_444,0.1426061108557613,0.4256070456928554,0.14255617596877138,0.4256942820855217
1230,20.5,feeder2_759,0.15634396670197362,0.4485632469761098,0.1562925944510613,0.4486478689700788
1230,20.5,feeder2_842,0.13949890982276208,0.4237620147066088,0.13944708995924052,0.4238472422740319
1230,20.5,feeder2_459,0.14269189956602127,0.42545692200883034,0.1426389501039629,0.42554552527640327
1230,20.5,feeder2_702,0.143939824892705,0.4274479121994417,0.14388527472111085,0.42753582528656303
1230,20.5,feeder2_493,0.14283396756610284,0.4241283232598714,0.14278248417900233,0.42421636738073515
1230,20.5,feeder2_651,0.15251816481590136,0.5116180654991037,0.1524578453116942,0.5116896351391118
1230,20.5,feeder2_684,0.16189801306531362,0.5438773490528347,0.1618349527976421,0.543954140472608
1230,20.5,feeder2_674,0.143826393485117,0.4231412394106856,0.1437778314229978,0.4232292652188681
1230,20.5,feeder2_696,0.1427957367043226,0.42400441968401686,0.14274205897414113,0.42409255000611257
1230,20.5,feeder2_681,0.14428330277078594,0.42271659501115144,0.14423419043336216,0.4228050762404889
1230,20.5,feeder2_682,0.14738642599725382,0.41975904527224805,0.1473329334004546,0.4198522974984219
1230,20.5,feeder2_728,0.16181503972161815,0.5444223015763637,0.16175244703694885,0.5444970919550455
1230,20.5,feeder2_724,0.16917006978495527,0.5744703865757461,0.16910151904871037,0.5745479309135275
1230,20.5,feeder2_703,0.1426256141026992,0.42387840573586916,0.14257580799191927,0.4239675278873204
1230,20.5,feeder2_704,0.14278331977902256,0.4239952815328299,0.1427297670687668,0.424083562793914
1230,20.5,feeder2_754,0.16996890274804016,0.5755105580889832,0.16989976781368216,0.5755889130726413
1230,20.5,feeder2_747,0.1720462286418986,0.5864365657019672,0.17198146795153524,0.5865155858340662
1230,20.5,feeder2_828,0.16207955223522816,0.5439441174642542,0.1620199104584056,0.5440210679595822
1230,20.5,feeder2_763,0.16172245568241864,0.5458324733877471,0.16166152331743525,0.5459109330417015
1230,20.5,feeder2_836,0.1559553202858022,0.57788283941434,0.15588917506635389,0.5779533263966268
1230,20.5,feeder2_758,0.17567367230911846,0.6013068941802622,0.17560570383737323,0.6013919963279147
1230,20.5,feeder2_788,0.17785090643204823,0.6042779496152687,0.1777824098540705,0.6043621267441992
1230,20.5,feeder2_812,0.1860725616801901,0.6437406995625162,0.18600103076253038,0.6438397967998272
1230,20.5,feeder2_947,0.16518951218662362,0.5507373915203528,0.1651271850128799,0.5508106096589886
1230,20.5,feeder2_868,0.16178242972241602,0.5459116555684052,0.16171800913677728,0.5459877386198764
1230,20.5,feeder2_785,0.16139441153864234,0.5456054256724341,0.1613315427404436,0.5456787646562196
1230,20.5,feeder2_1176,0.15563443409632072,0.5449084704072606,0.15557106785861846,0.5449788890057731
1230,20.5,feeder2_846,0.16140846450107524,0.5455699519220069,0.16134765694430073,0.545644980177747
1230,20.5,feeder2_911,0.16142283846370617,0.5457129154796712,0.16135802772941385,0.5457866318998215
1230,20.5,feeder2_1107,0.18975973688894968,0.6628507416103712,0.18968720624720184,0.6629644422881477
1230,20.5,feeder2_920,0.18797674184109311,0.6505226008288242,0.18790155968966932,0.6506232798875797
1230,20.5,feeder2_926,0.19086214567509027,0.6608362318202756,0.19078920306631386,0.6609358557170162
1230,20.5,feeder2_1239,0.18792702500400096,0.6502914225740375,0.18785669576872388,0.6503914360450089
1230,20.5,feeder2_933,0.19145234811200545,0.662006148499791,0.19137954486822203,0.6621086873839783
1230,20.5,feeder2_1146,0.19411186210660736,0.6768631472751429,0.19403747974392282,0.6769632024313267
1230,20.5,feeder2_1124,0.19074678413745583,0.6613854862631122,0.19067452990282735,0.661487884343352
1230,20.5,feeder2_942,0.19302971217120343,0.66559656782579,0.19295014834470806,0.6657020917929082
1230,20.5,feeder2_952,0.19472298226107515,0.6687414514925532,0.19464751563933713,0.6688444397362237
1230,20.5,feeder2_965,0.19311279797348602,0.6658797094770643,0.19303767635088964,0.6659850141081393
1230,20.5,feeder2_961,0.19462515897405508,0.6676993093808912,0.1945489705312348,0.6678023948600529
1230,20.5,feeder2_963,0.194783301129648,0.6690384697814026,0.19470374426231288,0.6691422665638901
1230,20.5,feeder2_973,0.19419629601457208,0.6636950766901522,0.19412009508591446,0.6637952300818343
1230,20.5,feeder2_1128,0.19447277272013658,0.6650800541396247,0.1943937758200017,0.6651863875205314
1230,20.5,feeder2_1113,0.19952150243985456,0.6759832730634593,0.19944746195412047,0.6760846563225075
1230,20.5,feeder2_1143,0.19481324134688863,0.6691768149650875,0.19473122300395926,0.6692804504619575
1230,20.5,feeder2_1238,0.19737706369938993,0.6749147937855129,0.19730150914723746,0.6750214751336588
1230,20.5,feeder2_979,0.19308651874896798,0.6654971532984362,0.19300871717201049,0.6656031558591949
1230,20.5,feeder2_1236,0.19380876702168176,0.6588159276192561,0.19372664396219336,0.6589158631200956
1230,20.5,feeder2_989,0.19419405512580282,0.6636855415536471,0.19411682426850874,0.6637851831264234
1230,20.5,feeder2_1196,0.19426099999558136,0.6636765877777483,0.1941877391861461,0.6637840531205337
1230,20.5,feeder2_1158,0.19239079485975388,0.6626534608225493,0.19231074890511984,0.6627563277849009
1230,20.5,feeder2_1122,0.19147159992513074,0.6713245277095433,0.1913991912953904,0.6714441550752898
1230,20.5,feeder2_1258,0.18787834886249785,0.6619637163540409,0.18780181945796864,0.6620773019541522
1230,20.5,feeder2_1303,0.19227989451463437,0.6723988401087205,0.19220536607374325,0.6725179383801836
1230,20.5,feeder2_1138,0.19274487941910115,0.6777154775771131,0.192671915496012,0.67784048611658
1230,20.5,feeder2_1304,0.1927540320905971,0.6776997398372396,0.19268514821612023,0.6778242324609307
1230,20.5,feeder2_1212,0.19545285626021208,0.6914819120257795,0.19538186347154832,0.6916160091013559
1230,20.5,feeder2_1311,0.1952451360273373,0.6937279574040054,0.19517623154967675,0.693859053220673
1230,20.5,feeder2_1290,0.19860197174769878,0.706885570953943,0.19852819359732926,0.707026859604155
1230,20.5,feeder2_1325,0.19368145137316717,0.6526683651589729,0.19360191096457371,0.6527656687099251
1230,20.5,feeder2_1248,0.1937994683792739,0.6588145696094699,0.19371738362224833,0.6589155341890741
1230,20.5,feeder2_1249,0.19809275936085818,0.6762919005920307,0.19802033445232933,0.6763976562915328
1230,20.5,feeder2_1250,0.19877946013100753,0.6779415032060432,0.19870475187924921,0.6780466124531357
1230,20.5,feeder2_1366,0.1927802960724018,0.6580196834194277,0.19269986710391435,0.658118448570921
1230,20.5,feeder2_1266,0.18735314426246796,0.6615756391016455,0.18727914410821395,0.6616878286141233
1230,20.5,feeder2_1372,0.20529300422919924,0.7162087956255937,0.20522047178119693,0.716349215926597
1230,20.5,feeder2_1363,0.19928480415137717,0.7110775052231952,0.19921357260128345,0.71123182913373
1230,20.5,feeder2_1446,0.19488883232246135,0.6563950817651613,0.19480851160471943,0.656494852682417
1230,20.5,feeder2_1502,0.1926936001155656,0.6407658456295882,0.19260622404362823,0.64085957937512
1230,20.5,feeder2_1428,0.19965069036588629,0.7106844872912368,0.19957937629384473,0.7108373927684841
1230,20.5,feeder2_1380,0.20025461075433162,0.7174387064681015,0.20018627026839367,0.717603834320014
1230,20.5,feeder2_1550,0.20517339447041824,0.7275186957438176,0.20509839371282607,0.7276875450699821
1230,20.5,feeder2_1386,0.19984147203947394,0.7158082102289446,0.19976765644644334,0.7159807712112314
1230,20.5,feeder2_1551,0.19986849097815584,0.7157883751035156,0.19979553798235858,0.7159638455253451
1230,20.5,feeder2_1400,0.19965605823237587,0.7151084233145316,0.19958464999753814,0.7152856395266433
1230,20.5,feeder2_1552,0.20066744131471623,0.7142944992223654,0.20059194542130018,0.7144751206089299
1230,20.5,feeder2_1408,0.19933898977049586,0.7140850628310204,0.19926617599040813,0.714268281727549
1230,20.5,feeder2_1553,0.20592748210314554,0.7104602100349582,0.20585439561919705,0.7106562286562835
1230,20.5,feeder2_1416,0.19940333064806695,0.7140837630245274,0.19932999295139997,0.7142691967750551
1230,20.5,feeder2_1530,0.1992065228703995,0.7155613390344002,0.1991364749748919,0.7157441936526121
1230,20.5,feeder2_1425,0.19945097784121288,0.7132681355697333,0.1993752072959807,0.7134549781605422
1230,20.5,feeder2_1589,0.20124894287588327,0.7114762685302932,0.2011762776687501,0.7116635128501226
1230,20.5,feeder2_1435,0.19943521759282018,0.7132681897700649,0.19935537126433872,0.7134561620679153
1230,20.5,feeder2_1621,0.19931217546259203,0.7131592580861064,0.19924306089687407,0.7133448290559631
1230,20.5,feeder2_1564,0.19927031053332966,0.7134026951405694,0.19919612975355822,0.71358972320169
1230,20.5,feeder2_1704,0.19055342157789432,0.6393801107798106,0.19047013219198586,0.6394703448942661
1230,20.5,feeder2_1525,0.19255209801967296,0.6383013133931594,0.1924650522460814,0.638394339800483
1230,20.5,feeder2_1716,0.18938358233851157,0.6361930589484303,0.18929419503592407,0.6362826669145982
1230,20.5,feeder2_1537,0.19246200595965116,0.635913460276766,0.19237754016133157,0.6360045958638952
1230,20.5,feeder2_1645,0.19336250647553022,0.6348691154068241,0.1932710406589328,0.6349609623475216
1230,20.5,feeder2_1561,0.19229518845543236,0.6337830509051611,0.19220758580017397,0.6338736623973616
1230,20.5,feeder2_1657,0.19314935292501376,0.6355808753668369,0.1930628216695364,0.6356690035560535
1230,20.5,feeder2_1570,0.19214124110384873,0.6324171406163483,0.1920502909896326,0.6325073516824313
1230,20.5,feeder2_1756,0.19215165196717507,0.6362151704106549,0.19206117900677303,0.6363070528908794
1230,20.5,feeder2_1588,0.1919599501490862,0.6308773840106667,0.19187080895980538,0.6309663517709145
1230,20.5,feeder2_1628,0.1925472297688508,0.6316735621659851,0.19245960680360336,0.631762740801244
1230,20.5,feeder2_1598,0.19168390280400066,0.6287080364191029,0.19159466779934564,0.6287980061229279
1230,20.5,feeder2_1816,0.18826333872842393,0.6299487090595437,0.18817615174584917,0.6300325800441164
1230,20.5,feeder2_1765,0.1909985786968923,0.6281971434097527,0.19090876125559625,0.6282832608580562
1230,20.5,feeder2_1641,0.19063542824538146,0.6180862166576588,0.19054643825629006,0.6181707956766175
1230,20.5,feeder2_1689,0.18956205634009674,0.6082066800045048,0.1894651431732336,0.6082918447215566
1230,20.5,feeder2_1744,0.1910620890410119,0.6186402657181093,0.19097080526020607,0.6187273134526726
1230,20.5,feeder2_1817,0.18971197166839418,0.6068356734571988,0.18961496010397993,0.6069185556379713
1230,20.5,feeder2_1779,0.18356388639250834,0.6063223325075937,0.18346975743600274,0.6064001628731903
1230,20.5,feeder2_1800,0.19126459695763542,0.603987987757997,0.19116614943837537,0.6040804944027702
1230,20.5,feeder2_1818,0.19214763318865008,0.6006300608676232,0.1920407109661428,0.600703956532451
1230,20.5,feeder2_1753,0.19228089440845383,0.6202234310328374,0.19219082644646868,0.6203082702881948
1230,20.5,feeder2_1754,0.19109280801786555,0.6186792418706281,0.19099773251623034,0.6187654072888411
1260,21.0,secondary,0.007516642318762106,0.004724378200190607,0.007524738206939038,0.004724076448392411
1260,21.0,feeder2_44,0.013990782065739012,0.024644599425875217,0.014008276624173864,0.024653471594353993
1260,21.0,feeder2_45,0.014211769604339827,0.0250024104196238,0.014224847279189528,0.0250054886529669
1260,21.0,feeder2_46,0.01338388251777237,0.02958644006251528,0.013391252412106334,0.029593687405175075
1260,21.0,feeder2_51,0.014511679455267068,0.025873565862304337,0.01452756598536179,0.025875231282866295
1260,21.0,feeder2_48,0.017349953269817402,0.023238747006745768,0.017365670828210278,0.02325495566445714
1260,21.0,feeder2_52,0.013744052187911106,0.026038645860190182,0.013764581013727096,0.0260154828566007
1260,21.0,feeder2_68,0.015722803658313807,0.02882505020783645,0.015739613802918537,0.028837860722413337
1260,21.0,feeder2_69,0.015433647270018733,0.0302750854469014,0.015450446484409425,0.030286775228727785
1260,21.0,feeder2_71,0.015879744765960335,0.029149780761297837,0.015898529976309396,0.02915825402578212
1260,21.0,feeder2_72,0.017592657058348678,0.02833731362995301,0.01761194562564687,0.028362802305398456
1260,21.0,feeder2_73,0.016339303980524342,0.030251794388881436,0.01635858099056748,0.030265334416128727
1260,21.0,feeder2_74,0.014370387325014687,0.02860507945903431,0.014390925651965855,0.028608496584421016
1260,21.0,feeder2_77,0.016838160675259832,0.031533172270621426,0.01685395274101156,0.03155083683415869
1260,21.0,feeder2_79,0.016253037914212738,0.03548848349726581,0.016262526403208407,0.03550510321022519
1260,21.0,feeder2_81,0.017539957723729824,0.032128987053035594,0.01755936328810604,0.032150324808751546
1260,21.0,feeder2_82,0.04326165395641501,0.03080466595280231,0.043283576074897405,0.03093287376853879
1260,21.0,feeder2_116,0.016534855800788523,0.05089994451984921,0.01655276301156598,0.05084282844972689
1260,21.0,feeder2_119,0.01648043452641424,0.05088607041074699,0.016495973512555412,0.05082776155179581
1260,21.0,feeder2_120,0.016438491921742057,0.05915605085346947,0.016452101033111535,0.05907617671449922
1260,21.0,feeder2_248,0.014262289162235924,0.060317214950914966,0.014282402307998389,0.06022842676555247
1260,21.0,feeder2_124,0.01676713043699666,0.06406686772352127,0.01677885158671509,0.06398142000410884
1260,21.0,feeder2_282,0.019180774664262056,0.06156675969285574,0.01919675625593881,0.06148814224788586
1260,21.0,feeder2_275,0.015090991581743153,0.06388582384596671,0.015106087978616678,0.06379758071313538
1260,21.0,feeder2_151,0.017615078506791795,0.07434537199975312,0.0176203883964781,0.0742488321796836
1260,21.0,feeder2_295,0.018045942932104635,0.07608414072254872,0.018050189053883472,0.07599053310066008
1260,21.0,feeder2_311,0.018090383038920393,0.07573896446908998,0.0180969214598266,0.07564461343929785
1260,21.0,feeder2_201,0.018728685042661296,0.08711449946080535,0.018735429397344638,0.08699504796623729
1260,21.0,feeder2_314,0.019561547615791212,0.08628838031173242,0.019567306647184906,0.08616961343419101
1260,21.0,feeder2_342,0.020577309065798556,0.10719998459998822,0.02057507414354656,0.10705145582871221
1260,21.0,feeder2_368,0.02046919389898802,0.10705804913843935,0.020467701249478183,0.10690530276541856
1260,21.0,feeder2_347,0.021931900401584124,0.11736750557692065,0.021924768356609593,0.11720841918865822
1260,21.0,feeder2_353,0.02269353586666715,0.12304261835067377,0.02268184316124086,0.12287478921273406
1260,21.0,feeder2_518,0.02246561566865522,0.11613532858264212,0.022465688359287264,0.11597356500438831
1260,21.0,feeder2_365,0.023617631098671207,0.12935269230461702,0.02360868223657053,0.12917409304588648
1260,21.0,feeder2_653,0.022375909587687974,0.12304978449893306,0.022367656454945265,0.12288163662114787
1260,21.0,feeder2_377,0.024046007660111637,0.13235770168944472,0.024031017951718258,0.13217685144528687
1260,21.0,feeder2_622,0.024888510810038955,0.13092928378229193,0.024873851267711293,0.1307551877689684
1260,21.0,feeder2_451,0.02102746683960767,0.10576181934183293,0.021026470591970464,0.10561464719290387
1260,21.0,feeder2_383,0.020297346452217903,0.10782983222706156,0.020299491651330707,0.1076705282995081
1260,21.0,feeder2_385,0.02441172652879977,0.13520501559621578,0.02439673873426133,0.13502019838882617
1260,21.0,feeder2_621,0.02540137692467371,0.1340753472478947,0.02538572064948132,0.13389574801446186
1260,21.0,feeder2_611,0.018256483542463002,0.10792647169326681,0.018255608579795145,0.10776598945195029
1260,21.0,feeder2_405,0.020315035376432006,0.10788470327064306,0.020311823743842893,0.10773148720753911
1260,21.0,feeder2_461,0.026824619591075304,0.14532069126365924,0.026804417695452616,0.14512150066236087
1260,21.0,feeder2_594,0.022031783331760122,0.13626770714849518,0.022020802800381382,0.13607479342502962
1260,21.0,feeder2_732,0.01873452311291253,0.11015868977613076,0.01874045971657005,0.10999702269462396
1260,21.0,feeder2_417,0.02058871494042703,0.10783700979485608,0.02058541067070676,0.10768655508511427
1260,21.0,feeder2_663,0.02178310807106892,0.10964825823950716,0.021775862250572285,0.10949684911766512
1260,21.0,feeder2_444,0.020656697076476147,0.1072217073120198,0.020656995718868268,0.10706643454019016
1260,21.0,feeder2_759,0.02397212584186277,0.10286247177364158,0.023975610827863463,0.10270927146306859
1260,21.0,feeder2_842,0.020708454952729723,0.10730593180172468,0.020708696136247175,0.1071505021026298
1260,21.0,feeder2_459,0.02064149047363767,0.10727517209466032,0.020643889312131087,0.10711771608237157
1260,21.0,feeder2_702,0.021691234157250276,0.10530980872066903,0.021695830499168504,0.10515446613394859
1260,21.0,feeder2_493,0.020555041481543246,0.10822178522388859,0.020551687302583856,0.10806758809170253
1260,21.0,feeder2_651,0.02809224995984132,0.14678000546287248,0.028076165729644588,0.1465796962384989
1260,21.0,feeder2_684,0.028462199292550245,0.15180692308049729,0.028439348470311637,0.1515933901018558
1260,21.0,feeder2_674,0.019714757821622277,0.10823525575193758,0.01971367393182719,0.10807268413876538
1260,21.0,feeder2_696,0.021290892307594376,0.11126849915812279,0.02129013350430592,0.11111599866698937
1260,21.0,feeder2_681,0.01858707187641171,0.10827896558298668,0.01858030377748645,0.10812064204818578
1260,21.0,feeder2_682,0.01794632137642706,0.10826570293561548,0.017946608919285175,0.10810014243897213
1260,21.0,feeder2_728,0.028323512207935303,0.1516967055701055,0.028304979941787035,0.1514789427756745
1260,21.0,feeder2_724,0.03047720752357596,0.15872007219424106,0.030451505011039017,0.1584967024123068
1260,21.0,feeder2_703,0.02358733777175098,0.11468603970595681,0.023574047073052582,0.11454056719949933
1260,21.0,feeder2_704,0.021414880750262027,0.11145707531362488,0.02140584684114279,0.11130363445654165
1260,21.0,feeder2_754,0.030639135926077393,0.1573626308587338,0.03062038811706968,0.1571371663364443
1260,21.0,feeder2_747,0.03139437660198662,0.162239312996901,0.031369252412392516,0.16200992480756526
1260,21.0,feeder2_828,0.02737882524803823,0.1518266900483392,0.02735427326343249,0.15160992760700084
1260,21.0,feeder2_763,0.028459459790745715,0.15148130324223338,0.02843751311343453,0.15126521906068394
1260,21.0,feeder2_836,0.04436962602161331,0.17546539849955725,0.04433259825520843,0.17525332793607493
1260,21.0,feeder2_758,0.03077162045427246,0.1591804579516876,0.030743727166100916,0.15893941257444505
1260,21.0,feeder2_788,0.03328865377220322,0.15463807072361463,0.03326746158801589,0.15439704707607088
1260,21.0,feeder2_812,0.028972907864276556,0.15599323834365533,0.028939179871503212,0.15571670938460136
1260,21.0,feeder2_947,0.029022456261948496,0.14870182874706664,0.029006180080846097,0.14849158105754953
1260,21.0,feeder2_868,0.029017820453679746,0.15028960479363154,0.02900098232965657,0.15007312073503565
1260,21.0,feeder2_785,0.028541635568502977,0.1527466804060862,0.028517801054735517,0.15253362766451262
1260,21.0,feeder2_1176,0.03308246678168715,0.1576649583407376,0.03305437511827121,0.15745586888249596
1260,21.0,feeder2_846,0.027098271053774672,0.15333007259828657,0.02707744462200672,0.15311250375973595
1260,21.0,feeder2_911,0.02853418461038904,0.1526626966902798,0.02851116166111716,0.1524497255434841
1260,21.0,feeder2_1107,0.02755655633884845,0.15866194135566772,0.027509454799139594,0.15834473668346943
1260,21.0,feeder2_920,0.028947823269004476,0.1548265695839564,0.028914310925930494,0.15455175779494465
1260,21.0,feeder2_926,0.02899141015807596,0.15319502184448422,0.02895673932183248,0.1529286034776247
1260,21.0,feeder2_1239,0.028853401509491144,0.15483937363861147,0.02881436093497274,0.1545627461812203
1260,21.0,feeder2_933,0.029073974766861493,0.1530335081072378,0.029033434055691622,0.15276978597385024
1260,21.0,feeder2_1146,0.028698510378435325,0.1507822427886351,0.028668277508896195,0.1505167003852403
1260,21.0,feeder2_1124,0.029963820484814704,0.15392862961317158,0.029927064294841974,0.1536633413493551
1260,21.0,feeder2_942,0.02909920659925211,0.15186622543363926,0.029064577779558242,0.15160422764149384
1260,21.0,feeder2_952,0.02991550156718287,0.15378104021130545,0.029881248852879048,0.15353123552121478
1260,21.0,feeder2_965,0.028998157938997536,0.1514410204193559,0.02896361016774174,0.15117999307309296
1260,21.0,feeder2_961,0.03004323175822513,0.1542881401459697,0.030007696735925085,0.1540409685016561
1260,21.0,feeder2_963,0.029907024700885448,0.1537228484448868,0.029872569447461455,0.15347426017804428
1260,21.0,feeder2_973,0.03079187103852144,0.1572109628369458,0.030757518803875828,0.15697041870926065
1260,21.0,feeder2_1128,0.02992548736054367,0.15404270585621427,0.02988734434945286,0.1537920373163306
1260,21.0,feeder2_1113,0.029910621771323948,0.1526982601129959,0.029876492267321298,0.15245222108280296
1260,21.0,feeder2_1143,0.02970111043582246,0.1525773863822876,0.02966526271519397,0.15233339292603734
1260,21.0,feeder2_1238,0.02934371622254731,0.1450985394811516,0.029319622476930377,0.14484886442904404
1260,21.0,feeder2_979,0.0289373971004359,0.15138326882332287,0.028899932264656772,0.1511182388234358
1260,21.0,feeder2_1236,0.03188406154521739,0.16169581434765007,0.03184076133312372,0.16147030610322985
1260,21.0,feeder2_989,0.030792117980997215,0.15721216740642738,0.03075810250990959,0.15697099002995235
1260,21.0,feeder2_1196,0.026718421474035366,0.15144253999562313,0.026681571519768438,0.1511688139147868
1260,21.0,feeder2_1158,0.03093257447713625,0.15735969453320517,0.030890004434848472,0.15712334517542806
1260,21.0,feeder2_1122,0.026562635802636354,0.15887239245888282,0.026514179101613595,0.1585392495706373
1260,21.0,feeder2_1258,0.030130523273400663,0.16041597392610743,0.030083353403502537,0.1601061213256064
1260,21.0,feeder2_1303,0.026174985827313466,0.15713337472581496,0.026140381273624055,0.15679718347523053
1260,21.0,feeder2_1138,0.02592012158644029,0.16006507979223297,0.025875965101242796,0.15971623838278215
1260,21.0,feeder2_1304,0.02588890681544196,0.16008010459600586,0.025844280821809368,0.159729971019548
1260,21.0,feeder2_1212,0.024725488352670164,0.16381402469238968,0.024669563328581133,0.16344028668965244
1260,21.0,feeder2_1311,0.024679699756657344,0.16369194393542774,0.024625175866744398,0.163316572523474
1260,21.0,feeder2_1290,0.02361379262046701,0.1707078448927285,0.023559759614141817,0.17030663753497516
1260,21.0,feeder2_1325,0.032387335843186656,0.16431708865797692,0.03234436978870903,0.16410139542531896
1260,21.0,feeder2_1248,0.031899215485276126,0.16171238928669565,0.03185813702382394,0.16148680479724256
1260,21.0,feeder2_1249,0.029527865149872372,0.14417602739938765,0.029509753844686255,0.14392703003826998
1260,21.0,feeder2_1250,0.029864884663926682,0.1429113307757887,0.02984937942979212,0.1426609279897241
1260,21.0,feeder2_1366,0.03591665285676938,0.1658942919754395,0.03586652594989706,0.16568148579258613
1260,21.0,feeder2_1266,0.031037242448403727,0.16116475711633113,0.03099187121353213,0.1608553312031933
1260,21.0,feeder2_1372,0.023520587681576388,0.16870529345464155,0.02347239313062139,0.16830430175210986
1260,21.0,feeder2_1363,0.023370800877201912,0.18329025739564814,0.023304239892869498,0.18287317842255152
1260,21.0,feeder2_1446,0.033330121245140266,0.16305645492565254,0.0332938974994482,0.16283612022106211
1260,21.0,feeder2_1502,0.03284461062910753,0.1692054655775594,0.032801984347671155,0.16899655699272126
1260,21.0,feeder2_1428,0.021487051869432925,0.1858571174616136,0.02141892545553096,0.18543884915586265
1260,21.0,feeder2_1380,0.02406867255200495,0.19679369925568382,0.024000145965951947,0.19636498430018628
1260,21.0,feeder2_1550,0.023802420558679552,0.19620515827955973,0.023733281715091665,0.19577199088100825
1260,21.0,feeder2_1386,0.024701885955865158,0.20431508496012565,0.02463452084639549,0.2038815716573283
1260,21.0,feeder2_1551,0.02374102027866688,0.20549467466569518,0.023672379435740173,0.205060479635485
1260,21.0,feeder2_1400,0.025078385655954976,0.20773389426847078,0.02500688949012526,0.2072982937740676
1260,21.0,feeder2_1552,0.025092624497517237,0.2078725960231269,0.025022986145080993,0.207435085045003
1260,21.0,feeder2_1408,0.025927826071801288,0.21497027366627633,0.02585836279270652,0.2145337186930284
1260,21.0,feeder2_1553,0.03125468710837095,0.23203155515108273,0.03119751167816754,0.2315879078456616
1260,21.0,feeder2_1416,0.025981383169628326,0.21534762607636587,0.02591303960573998,0.21490932122464634
1260,21.0,feeder2_1530,0.025901614978871668,0.21473531489584907,0.025837059907904036,0.21429731777502037
1260,21.0,feeder2_1425,0.026215538646418426,0.21649269454999484,0.026149229985606374,0.21605533031644014
1260,21.0,feeder2_1589,0.026203048519615666,0.21723642352605532,0.026132062770897503,0.21679596356171288
1260,21.0,feeder2_1435,0.02625338338727268,0.21665814777858894,0.02618249783540625,0.21621652139248432
1260,21.0,feeder2_1621,0.027468196440826764,0.21705953748171394,0.027398203437355585,0.21662183835443657
1260,21.0,feeder2_1564,0.026545978190412288,0.2180340251110824,0.02647406286290254,0.21759445838945088
1260,21.0,feeder2_1704,0.034993381685127015,0.1716680065077178,0.03494746317452968,0.17146820843404967
1260,21.0,feeder2_1525,0.03270362743569334,0.16951046962469268,0.03266368855494322,0.1693039408172157
1260,21.0,feeder2_1716,0.03635116924493423,0.1736042179479088,0.036296565366739614,0.1734156469338118
1260,21.0,feeder2_1537,0.03235850206241311,0.16916655369887584,0.032317723561803284,0.16895616634705657
1260,21.0,feeder2_1645,0.03073376143053257,0.1703470090264505,0.030688986556153198,0.17013605474528595
1260,21.0,feeder2_1561,0.032171089916096095,0.1681952776411602,0.032130311953995044,0.1679831495331417
1260,21.0,feeder2_1657,0.032095627921441446,0.16717409874509842,0.032056064400901904,0.16696877329873738
1260,21.0,feeder2_1570,0.03213052310087075,0.16800593820714627,0.03208862009571696,0.16779545053000222
1260,21.0,feeder2_1756,0.03210428483284808,0.16783930629683416,0.03205975472980973,0.16762954451623696
1260,21.0,feeder2_1588,0.03209454612614397,0.16783886538249565,0.03205389137427724,0.16762728144682387
1260,21.0,feeder2_1628,0.032038810764904176,0.1670154796397312,0.031999351105798754,0.16680860602946812
1260,21.0,feeder2_1598,0.03208667109204981,0.1678463474290431,0.032039725758439476,0.16763597523493196
1260,21.0,feeder2_1816,0.03243960660946005,0.16822807278673524,0.032396601217511374,0.16801343787805598
1260,21.0,feeder2_1765,0.03438040220527057,0.1703533953879119,0.034338652927287674,0.1701425003358361
1260,21.0,feeder2_1641,0.031778940493955805,0.16659533000723467,0.031730568967101275,0.16637873699096808
1260,21.0,feeder2_1689,0.031694633529932105,0.16644302024193586,0.031649198789896645,0.16621105850154982
1260,21.0,feeder2_1744,0.03168939079394549,0.1659756673614871,0.03164255969835757,0.16575908234815528
1260,21.0,feeder2_1817,0.031688258382494616,0.1664116993770208,0.031639684200231416,0.1661801511958445
1260,21.0,feeder2_1779,0.0319911939411107,0.16678865286916408,0.03194392277482197,0.16655909371406033
1260,21.0,feeder2_1800,0.029793846659849237,0.16585848717146906,0.02974435237354643,0.16561695100999288
1260,21.0,feeder2_1818,0.03148461099286115,0.16583377542778358,0.03144044164671848,0.1655895113787801
1260,21.0,feeder2_1753,0.03155377058430828,0.16413302231120386,0.031515785791178426,0.16392463122568188
1260,21.0,feeder2_1754,0.03168517662314268,0.16595061561208468,0.03164415672040117,0.16573158793178638
1290,21.5,secondary,0.03877633088743098,0.030857901566187534,0.03875589040875544,0.03082527335720659
1290,21.5,feeder2_44,0.0722159326132305,0.16106148559647426,0.07217661454306447,0.1608885700792391
1290,21.5,feeder2_45,0.0734903499891201,0.1661612936206571,0.07345308856302377,0.165983155878505
1290,21.5,feeder2_46,0.06857782792950778,0.16135328459055137,0.0685392708522176,0.1611747859716541
1290,21.5,feeder2_51,0.0756291086720471,0.17469006260033448,0.07558848596433855,0.17450155007698956
1290,21.5,feeder2_48,0.07576277105379836,0.16826714860868447,0.07571978791078261,0.16808680345835833
1290,21.5,feeder2_52,0.07679225885689235,0.16469994610751965,0.07675137753977132,0.1645090156091071
1290,21.5,feeder2_68,0.08205319043181752,0.20241962818237116,0.08200882306752391,0.2022037896492491
1290,21.5,feeder2_69,0.08050082417593929,0.20257000186828786,0.08045593826749356,0.20235174292492897
1290,21.5,feeder2_71,0.08291331926171794,0.20610682113512366,0.08286980928997605,0.2058897248853129
1290,21.5,feeder2_72,0.08591225769348987,0.2089096459165266,0.08586536267869678,0.2086936707926664
1290,21.5,feeder2_73,0.08553116816277752,0.2172963305554092,0.08548350835196993,0.21706723655939442
1290,21.5,feeder2_74,0.08455922291147148,0.21447636704634188,0.0845136951645234,0.21425114316517896
1290,21.5,feeder2_77,0.08786555338133835,0.22731202299612735,0.08781960418849413,0.2270779572508943
1290,21.5,feeder2_79,0.08367926439916354,0.22923363201259794,0.08363242975722152,0.22899114174771687
1290,21.5,feeder2_81,0.09175989464084972,0.24269209761453675,0.09171099395421939,0.2424415642266955
1290,21.5,feeder2_82,0.11477987291525348,0.263915914412837,0.11472799849883981,0.26366925941333214
1290,21.5,feeder2_116,0.10387403009970242,0.28802520243519153,0.1038179526613612,0.2877074535549587
1290,21.5,feeder2_119,0.10442546442846506,0.2854242152606628,0.1043669202656467,0.2851016572214028
1290,21.5,feeder2_120,0.1085168395845808,0.306256817359502,0.10845580934026426,0.30591111442230234
1290,21.5,feeder2_248,0.1075753127247112,0.30427504356355806,0.10751164960912751,0.303929902805033
1290,21.5,feeder2_124,0.11155291379737957,0.318223511163532,0.11149073617437784,0.3178618169993514
1290,21.5,feeder2_282,0.11525617645976392,0.32153862355913765,0.1151939576586379,0.3211771643857439
1290,21.5,feeder2_275,0.11046288167901909,0.3156371050470589,0.1103992049668081,0.315279804730955
1290,21.5,feeder2_151,0.11673848224840863,0.33853490860969704,0.11666954097056109,0.3381442737158173
1290,21.5,feeder2_295,0.11520652572330137,0.33869252638806313,0.11513966839540883,0.33830114428633584
1290,21.5,feeder2_311,0.11571931579385072,0.338540862981226,0.11565367777303334,0.33814975950507564
1290,21.5,feeder2_201,0.12557686755875402,0.37273088415594136,0.125502419927835,0.3722995705185485
1290,21.5,feeder2_314,0.12610656435759043,0.3729244706920876,0.12603685715871302,0.37249021129334
1290,21.5,feeder2_342,0.13784921850907805,0.42072417717087796,0.1377689485666719,0.4202259299921919
1290,21.5,feeder2_368,0.13860978428140092,0.42319661402680336,0.1385281868624316,0.422701333674513
1290,21.5,feeder2_347,0.14258250422973956,0.43966929578960295,0.14249706052566644,0.43913746105091556
1290,21.5,feeder2_353,0.14480419877829107,0.4484252083552605,0.14471484183602878,0.4478777757858171
1290,21.5,feeder2_518,0.14393090745000908,0.44090371798800904,0.14384639553488232,0.44037294208309935
1290,21.5,feeder2_365,0.14730102381599494,0.45828345099077566,0.1472099301167686,0.4577167029807434
1290,21.5,feeder2_653,0.144650040368115,0.4481332906262287,0.14456288410202497,0.4475877165180473
1290,21.5,feeder2_377,0.14865256405205396,0.4637135632393612,0.14856110254325927,0.4631381923044439
1290,21.5,feeder2_622,0.14646065777218512,0.45817234357734904,0.1463712797204894,0.45760771237696746
1290,21.5,feeder2_451,0.14077403155713458,0.42458228316227997,0.14069065227862523,0.42408221563083126
1290,21.5,feeder2_383,0.13928276636073564,0.42593814225337073,0.1392026351533956,0.4254385194852458
1290,21.5,feeder2_385,0.15022160486413733,0.4700116333683284,0.15013094564466353,0.4694255777238138
1290,21.5,feeder2_621,0.14715613620751508,0.4638613988830536,0.14706737096759098,0.4632810106825739
1290,21.5,feeder2_611,0.13917169645630836,0.4257430291233198,0.13909056225876296,0.4252476712877187
1290,21.5,feeder2_405,0.13932775128029387,0.42611923398465335,0.1392484000338473,0.42562045113709435
1290,21.5,feeder2_461,0.15707878867672248,0.4977127437340532,0.15697928346630508,0.4970807840201453
1290,21.5,feeder2_594,0.14948387802413093,0.4687214481019216,0.1493897583329322,0.46813672340350837
1290,21.5,feeder2_732,0.1391581845103444,0.4258147285212668,0.13907780950869905,0.42531511531914257
1290,21.5,feeder2_417,0.13968431860671668,0.42754644738244924,0.1396057356690511,0.42704847197955476
1290,21.5,feeder2_663,0.1388253753362032,0.4274003010711865,0.13874465367241576,0.4269035488058939
1290,21.5,feeder2_444,0.1399799427747667,0.4287319567871097,0.13989822307044408,0.42823363334204684
1290,21.5,feeder2_759,0.146688835870248,0.43377530058962543,0.1466097469828056,0.4332771021168284
1290,21.5,feeder2_842,0.13992200016724649,0.42868779243632227,0.13984097407552512,0.428193019967521
1290,21.5,feeder2_459,0.13995490026441362,0.428804626579546,0.1398746915873166,0.4283061089390867
1290,21.5,feeder2_702,0.1431958258546334,0.43109610723487235,0.1431145318326096,0.4305999652536083
1290,21.5,feeder2_493,0.13946421742983584,0.42809111785504295,0.1393857378422604,0.42758974977656283
1290,21.5,feeder2_651,0.15617118842917438,0.4977890525690169,0.1560730983033608,0.49715792606669884
1290,21.5,feeder2_684,0.16268118805543025,0.5203554272182799,0.16257906523409613,0.5196896824868646
1290,21.5,feeder2_674,0.13907808941306443,0.4274365036293904,0.1389968728865765,0.4269377755715312
1290,21.5,feeder2_696,0.13877539805851563,0.42881548202987446,0.13869447924949127,0.4283133173135155
1290,21.5,feeder2_681,0.13864912943910765,0.4266736420507728,0.13857131796843764,0.42617508449235436
1290,21.5,feeder2_682,0.1381469413012929,0.42588503021694957,0.13806568765681004,0.42538651250479015
1290,21.5,feeder2_728,0.1627421057232775,0.5195852296285166,0.1626394863740229,0.5189208168143914
1290,21.5,feeder2_724,0.1684529871858782,0.5453053177777298,0.16834517133701588,0.5446039535809438
1290,21.5,feeder2_703,0.1361765552385455,0.4291097537560487,0.1360943701057798,0.42860636369222227
1290,21.5,feeder2_704,0.13791555302392894,0.42925471957430006,0.1378347873052406,0.4287539114141473
1290,21.5,feeder2_754,0.16953464128342513,0.5463193612549874,0.16942802471280757,0.5456191994131581
1290,21.5,feeder2_747,0.17070095975665409,0.5549260064982465,0.17059174849299166,0.5542099612579285
1290,21.5,feeder2_828,0.1621786038940212,0.5183610717256315,0.1620797368308335,0.5176969036070772
1290,21.5,feeder2_763,0.1632282838430538,0.5201970125574593,0.16312791940360974,0.5195314894348829
1290,21.5,feeder2_836,0.1632983721420812,0.5561801627565289,0.16319186760596058,0.5554552577293514
1290,21.5,feeder2_758,0.17277187891205067,0.5633240853965836,0.17266024256176174,0.5625959869346088
1290,21.5,feeder2_788,0.1760145591763777,0.5658553673745697,0.17590208420304598,0.5651274104570445
1290,21.5,feeder2_812,0.17824795307848518,0.585954839079125,0.17813354874166903,0.5851954695661659
1290,21.5,feeder2_947,0.16624014886965,0.5229790773002916,0.16613832231205405,0.5223115678240402
1290,21.5,feeder2_868,0.1649961926429311,0.5216402044123024,0.16489603401469938,0.520975952739755
1290,21.5,feeder2_785,0.16297858678726249,0.5188665259366656,0.16287530664950015,0.5182005965056561
1290,21.5,feeder2_1176,0.1606136789121145,0.5186551718465399,0.16051427686947944,0.5179904103411679
1290,21.5,feeder2_846,0.16238284895057495,0.5166120553927042,0.16228026214314442,0.5159474455514145
1290,21.5,feeder2_911,0.16300543675696436,0.5189656829183584,0.16290348590706813,0.5182990028355607
1290,21.5,feeder2_1107,0.179013282399013,0.5827859321524523,0.1788943375649059,0.5820262098635791
1290,21.5,feeder2_920,0.1795807891775021,0.5932320775678014,0.17946342103292512,0.5924632102602717
1290,21.5,feeder2_926,0.18172308302982632,0.604782064184347,0.18160398229470792,0.6039961200973271
1290,21.5,feeder2_1239,0.1793982658295605,0.592417913025183,0.17927898279075272,0.5916497396708793
1290,21.5,feeder2_933,0.18252831237517395,0.609307409002655,0.18240648875855958,0.6085155614484494
1290,21.5,feeder2_1146,0.18240032696498681,0.6075770826508927,0.18228063864141397,0.6067952530488457
1290,21.5,feeder2_1124,0.18121116692424954,0.6099864747546252,0.1810917035286075,0.6091951298311079
1290,21.5,feeder2_942,0.1847265128189319,0.6202766444188953,0.18460403566042577,0.6194698036889995
1290,21.5,feeder2_952,0.18753876198842973,0.6371037406140687,0.18741135590443003,0.636274185876624
1290,21.5,feeder2_965,0.1847827942131034,0.62019606363459,0.1846595817941389,0.6193919103132615
1290,21.5,feeder2_961,0.18774024516170132,0.6385104075388934,0.1876114551563881,0.6376799238688814
1290,21.5,feeder2_963,0.18756069488033522,0.6371919041036342,0.18743232574465996,0.63635984899701
1290,21.5,feeder2_973,0.18896101398430973,0.6466079196585709,0.18883175453838183,0.6457568742453178
1290,21.5,feeder2_1128,0.18748166670810487,0.6374424758285278,0.1873522107337183,0.6366124000992638
1290,21.5,feeder2_1113,0.1888793444806141,0.6383262958768626,0.1887498596151985,0.6374954852386348
1290,21.5,feeder2_1143,0.1882211530886223,0.6397368172794755,0.18809366314495546,0.6389096165323465
1290,21.5,feeder2_1238,0.19247499928295603,0.6265818709254303,0.19235270830747325,0.6257799527278477
1290,21.5,feeder2_979,0.18471291591597522,0.6195307485662193,0.1845867146096887,0.6187257144948638
1290,21.5,feeder2_1236,0.19097986950526313,0.6579371006701257,0.1908459324862033,0.6570662944130435
1290,21.5,feeder2_989,0.1889592496798353,0.646614826989967,0.18882876183084435,0.6457666482091212
1290,21.5,feeder2_1196,0.18477726031849354,0.6167376102148765,0.18465382169313233,0.6159299929733153
1290,21.5,feeder2_1158,0.18768817015745182,0.6475727903381094,0.18755636612822998,0.6467226919841795
1290,21.5,feeder2_1122,0.17952824838699222,0.5823454304519988,0.17941243065938464,0.5815931830317557
1290,21.5,feeder2_1258,0.17332214415391226,0.5830004702002645,0.17320968451737523,0.5822343320595187
1290,21.5,feeder2_1303,0.19657150285333383,0.5981217611200429,0.1964555924396647,0.5973718762648618
1290,21.5,feeder2_1138,0.17871616418108163,0.576285800963213,0.17859918116223558,0.5755354778211753
1290,21.5,feeder2_1304,0.17897408378174848,0.5744687238902475,0.178858701791185,0.5737170301859057
1290,21.5,feeder2_1212,0.17714321645922107,0.5651190711453141,0.17702596278878657,0.5643750587050511
1290,21.5,feeder2_1311,0.17961977516711047,0.567025077332986,0.17950089511305797,0.5662829659386911
1290,21.5,feeder2_1290,0.17471141554188116,0.5498784141477094,0.1745941768973974,0.5491416447762324
1290,21.5,feeder2_1325,0.19400020031715245,0.672552496779502,0.19386218503755426,0.6716515104009539
1290,21.5,feeder2_1248,0.19097196227025987,0.6579420506117404,0.1908386580044043,0.6570708686546451
1290,21.5,feeder2_1249,0.19374079795140048,0.6275233782533908,0.19361492539553377,0.6267224817837312
1290,21.5,feeder2_1250,0.19484070504777845,0.6288166959978176,0.19471661396665152,0.6280159622972648
1290,21.5,feeder2_1366,0.18899332815065778,0.6592573235035345,0.18885819569517373,0.6583869366538251
1290,21.5,feeder2_1266,0.16816356467124954,0.5833970328152496,0.1680489994204882,0.5826243921573447
1290,21.5,feeder2_1372,0.17667215568561548,0.5516807248606727,0.17655403227927163,0.550943602229923
1290,21.5,feeder2_1363,0.17154539698104365,0.5311524503589412,0.1714294926908408,0.5304229832462087
1290,21.5,feeder2_1446,0.19416130683406632,0.6727066680792877,0.1940198582276318,0.6718051401695824
1290,21.5,feeder2_1502,0.1973539503384919,0.6887685603401633,0.19721072413442856,0.6878347524680175
1290,21.5,feeder2_1428,0.17069804747446385,0.5291578793637173,0.17058305154028225,0.5284302265597494
1290,21.5,feeder2_1380,0.16843767059176074,0.5117558030183923,0.1683227882794357,0.5110380824123676
1290,21.5,feeder2_1550,0.17077157429810688,0.5138408082788414,0.170655962592038,0.5131231499275872
1290,21.5,feeder2_1386,0.16663828708816988,0.5012668827078421,0.16652087003246582,0.5005510979292167
1290,21.5,feeder2_1551,0.1671714777121993,0.5000773078440576,0.16705535321450896,0.4993628296585375
1290,21.5,feeder2_1400,0.1657927775451356,0.4965837973916901,0.16567561410539458,0.4958723858978979
1290,21.5,feeder2_1552,0.16672589289543752,0.4946277803260059,0.1666116398046881,0.4939160891545037
1290,21.5,feeder2_1408,0.16405744297445268,0.4879596897011869,0.16394223509155081,0.48725057983379355
1290,21.5,feeder2_1553,0.15835644856249442,0.47345470138752094,0.1582417328849282,0.4727601205818718
1290,21.5,feeder2_1416,0.16388669852266827,0.4865132699895327,0.16377058340048317,0.48580484601582086
1290,21.5,feeder2_1530,0.16412779701679725,0.48675918190168327,0.16400931444499758,0.4860503775690624
1290,21.5,feeder2_1425,0.16353588089747811,0.4836253643394335,0.16341929317150952,0.48291504185657064
1290,21.5,feeder2_1589,0.1641359846282471,0.4806279301418919,0.16402029845551544,0.47992256373131137
1290,21.5,feeder2_1435,0.16348536190091822,0.4833258810219554,0.16337059562845288,0.4826155539782517
1290,21.5,feeder2_1621,0.16102770494703245,0.4836250337273043,0.16091006775446462,0.482911393419784
1290,21.5,feeder2_1564,0.1632118500835074,0.4797885046715052,0.16309566490834682,0.47907934065513297
1290,21.5,feeder2_1704,0.19522765638769196,0.689414113038941,0.19508534544770362,0.6884793864688193
1290,21.5,feeder2_1525,0.1982926088444193,0.692805227630235,0.19814468383400594,0.6918610437092029
1290,21.5,feeder2_1716,0.19499260818199962,0.6939013365717529,0.19484569920725855,0.6929578939802816
1290,21.5,feeder2_1537,0.199395304857013,0.6972235584939668,0.1992468927080218,0.696273826614993
1290,21.5,feeder2_1645,0.19967519140654685,0.6964735531271432,0.19952983424714957,0.695522139536857
1290,21.5,feeder2_1561,0.20065887441268596,0.7026656873644053,0.20051156950820617,0.7017053788936056
1290,21.5,feeder2_1657,0.2008009760386518,0.7028029928199705,0.20065093015389648,0.7018438441614985
1290,21.5,feeder2_1570,0.2011976783155233,0.7049821343539241,0.20104820792579975,0.7040154306834013
1290,21.5,feeder2_1756,0.20598822540603365,0.7085221930092175,0.20583935009872897,0.7075585431641054
1290,21.5,feeder2_1588,0.20162156812374596,0.7068964028423977,0.2014703111750387,0.7059253917274588
1290,21.5,feeder2_1628,0.20268079669184708,0.7079113024959003,0.20253036088856263,0.7069387986465548
1290,21.5,feeder2_1598,0.20209727338181196,0.7090129841739558,0.20194520951751055,0.7080353024488746
1290,21.5,feeder2_1816,0.20194095928619424,0.7089203301102514,0.20178752729044883,0.7079449428903177
1290,21.5,feeder2_1765,0.20037645451308359,0.7087076743127816,0.20022507460840996,0.7077280494873432
1290,21.5,feeder2_1641,0.2044487884360771,0.7197423341075729,0.20429267463941467,0.7187416562416197
1290,21.5,feeder2_1689,0.20391322244345736,0.7168565575519227,0.2037557377506244,0.7158317927700257
1290,21.5,feeder2_1744,0.21218900876566046,0.7269918177633875,0.21203321661481248,0.7259931417514952
1290,21.5,feeder2_1817,0.20389716967628463,0.7167931157634968,0.20373679156356914,0.7157686948014975
1290,21.5,feeder2_1779,0.20237669990375282,0.7175135678859305,0.20221570225572805,0.7164876512935981
1290,21.5,feeder2_1800,0.2035039554492885,0.7129964866808202,0.20334170495134068,0.7119726481047779
1290,21.5,feeder2_1818,0.20354338938746436,0.711798657780828,0.20335469361537636,0.7107247203019825
1290,21.5,feeder2_1753,0.2367008128701396,0.7500387700045105,0.23654302102444139,0.7490451205301971
1290,21.5,feeder2_1754,0.21222394655047153,0.7270263749451585,0.212069244731121,0.7260251622763596
1320,22.0,secondary,0.01787460893121683,0.01976020459369094,0.01789111526814246,0.019728129914680984
1320,22.0,feeder2_44,0.033273033596551135,0.10308756615178072,0.03330615442494148,0.10292357615488887
1320,22.0,feeder2_45,0.03388850820995192,0.10705174069454741,0.03392035025326771,0.10688792902457181
1320,22.0,feeder2_46,0.028057027803622247,0.09439219421652616,0.028095552125601896,0.09422987508857415
1320,22.0,feeder2_51,0.03484741527277341,0.11346688942859508,0.034879370555400704,0.11329636853274051
1320,22.0,feeder2_48,0.03613620819264059,0.11030655054194369,0.03617277736177481,0.110140428973379
1320,22.0,feeder2_52,0.033319090439469894,0.11590867384005787,0.033351027983585836,0.11573694890089173
1320,22.0,feeder2_68,0.03778272979927945,0.13055131276481824,0.037817304973208635,0.13035765686027756
1320,22.0,feeder2_69,0.03684724405158203,0.12860052787988635,0.03688373090996662,0.12840858721537127
1320,22.0,feeder2_71,0.0381713948161171,0.1329116067128909,0.0382065311657963,0.1327122381977675
1320,22.0,feeder2_72,0.04060543490507122,0.13373949251378217,0.04064064738520579,0.1335426615621738
1320,22.0,feeder2_73,0.039330308638003714,0.14023860299621593,0.039367200433775146,0.1400221431748649
1320,22.0,feeder2_74,0.039038567699230205,0.14155830054327703,0.039074346740104515,0.14134654891282547
1320,22.0,feeder2_77,0.04039540778959098,0.1462685058858101,0.04043574874756025,0.14604850762945615
1320,22.0,feeder2_79,0.040203587896916096,0.14586669098003371,0.04024307816512296,0.1456485021545319
1320,22.0,feeder2_81,0.04207873247685971,0.1559452969699438,0.042119194706329514,0.15571129225331928
1320,22.0,feeder2_82,0.058777853105470255,0.16220659473062013,0.0588168726177757,0.1619787210202751
1320,22.0,feeder2_116,0.04628657256871385,0.19691066628842094,0.046332624015340614,0.19661812243261567
1320,22.0,feeder2_119,0.04587436636930272,0.19754659844203817,0.04592014581539014,0.19725330054961845
1320,22.0,feeder2_120,0.04797528795290157,0.21210273837851995,0.04802538024199175,0.21178255476620744
1320,22.0,feeder2_248,0.047688288002465905,0.21251340372801117,0.047739172273660646,0.21219363498401408
1320,22.0,feeder2_124,0.04906428624611407,0.2213398099256538,0.04911977989270445,0.22100466828387325
1320,22.0,feeder2_282,0.05302360974314078,0.22213649286329165,0.05307676696456291,0.22180084874589828
1320,22.0,feeder2_275,0.03986074006522419,0.24602927446993944,0.03987956957240571,0.24569465344505587
1320,22.0,feeder2_151,0.05436017324242198,0.22055976131955193,0.0544181187080809,0.2201991782280645
1320,22.0,feeder2_295,0.053313680568610355,0.21789214526017744,0.053374757788561274,0.21753453096582062
1320,22.0,feeder2_311,0.0536917669069747,0.21856063378199408,0.053750448556347925,0.2182039895539768
1320,22.0,feeder2_201,0.06317851342759229,0.22558990204980928,0.06324247146782873,0.22519221082168894
1320,22.0,feeder2_314,0.06427526499846703,0.22685989321488687,0.06433783039085425,0.22645972294084116
1320,22.0,feeder2_342,0.07525620183446205,0.23056952390021235,0.07532951110223024,0.2301127100872841
1320,22.0,feeder2_368,0.07550902255639998,0.22954213183424807,0.0755802565786359,0.2290842829376063
1320,22.0,feeder2_347,0.08093061707347149,0.23504314671357543,0.08100600874572854,0.234556821300591
1320,22.0,feeder2_353,0.0836491928896061,0.23718986339443648,0.08372732257268084,0.23668981065994552
1320,22.0,feeder2_518,0.0824207148300471,0.23540076907395857,0.08249581185378614,0.2349201141157005
1320,22.0,feeder2_365,0.08678108906036135,0.23917830265594606,0.08686242299004912,0.2386642320400224
1320,22.0,feeder2_653,0.08297084430772425,0.23790537714071827,0.0830473083281409,0.23741095976947849
1320,22.0,feeder2_377,0.08845600532045544,0.24063601501824605,0.08853845894618634,0.24011958282896625
1320,22.0,feeder2_622,0.08654886381269393,0.23769052287715453,0.0866296192897782,0.23717829143695437
1320,22.0,feeder2_451,0.077476846409548,0.22995077609124495,0.0775502172027709,0.22949756120307888
1320,22.0,feeder2_383,0.07553079594285467,0.2277160781239215,0.07560072068711254,0.2272569830070478
1320,22.0,feeder2_385,0.09033156852348936,0.2432927399870073,0.09041426456948203,0.24276484490924968
1320,22.0,feeder2_621,0.08774301129267657,0.23772114063047792,0.08782606783152387,0.2372013170002713
1320,22.0,feeder2_611,0.07490329558520833,0.228423528012533,0.07497645775452885,0.22796899186516845
1320,22.0,feeder2_405,0.07554404836023713,0.22756321789145717,0.07561617145083285,0.22710350490407885
1320,22.0,feeder2_461,0.0980749090116246,0.2537370290038489,0.09816580031676046,0.25316847702746786
1320,22.0,feeder2_594,0.09009053133663365,0.2435368028497908,0.09017403305693054,0.24301163267912643
1320,22.0,feeder2_732,0.07591468950027355,0.2275166785533711,0.07598536122663974,0.22705790000016268
1320,22.0,feeder2_417,0.075691021251336,0.22636649250939514,0.07576413159931569,0.2259058156988213
1320,22.0,feeder2_663,0.07417366967798146,0.22337786512547111,0.07424915913277973,0.22291921444082138
1320,22.0,feeder2_444,0.0758639122808237,0.22637299994040094,0.07593757733267675,0.22591543367992992
1320,22.0,feeder2_759,0.07816458850102209,0.22672548689865857,0.07823729500621719,0.2262654771200351
1320,22.0,feeder2_842,0.07585638979447218,0.2262062640549715,0.07593216461087533,0.22575007070799502
1320,22.0,feeder2_459,0.07588856965266214,0.2263768268310172,0.07596307692905309,0.2259235561530309
1320,22.0,feeder2_702,0.07866922819891141,0.22791951173556252,0.07874161159072812,0.22745860031494217
1320,22.0,feeder2_493,0.07567557529036115,0.2258794244787663,0.07574879532547187,0.225420234788971
1320,22.0,feeder2_651,0.09803769813169244,0.25352997639747316,0.09812719273922892,0.2529650124220048
1320,22.0,feeder2_684,0.10436515064720987,0.2625951075855069,0.10445803623949018,0.2619984818809261
1320,22.0,feeder2_674,0.0753570429899523,0.22628061643511677,0.07542763325635914,0.22582242174787334
1320,22.0,feeder2_696,0.0757589061294563,0.2224319385308893,0.07583307524314038,0.22197929191916352
1320,22.0,feeder2_681,0.07499960802345332,0.22675392937201527,0.0750686297845686,0.22629601715107822
1320,22.0,feeder2_682,0.07462487026296916,0.22723919707260237,0.07469640688812813,0.22678039232074146
1320,22.0,feeder2_728,0.10454874009710165,0.2657238053321796,0.10464390918703301,0.26512906269920195
1320,22.0,feeder2_724,0.11070369143346927,0.2645636100975071,0.11080245302906586,0.2639408455763912
1320,22.0,feeder2_703,0.07560129408881072,0.22176462053980542,0.07567378534141402,0.22131415015109449
1320,22.0,feeder2_704,0.0754850487517608,0.2212838043644289,0.07555924257360404,0.22082831136510453
1320,22.0,feeder2_754,0.11207238402510634,0.2660043290875749,0.11217199451470253,0.2653753814529948
1320,22.0,feeder2_747,0.11312302950099594,0.26466255609442757,0.11322305687001086,0.26403002844404394
1320,22.0,feeder2_828,0.10354363129250592,0.2666690030422205,0.10363681732497901,0.26607410958957806
1320,22.0,feeder2_763,0.10536572871608944,0.26880795428331544,0.10546074104138019,0.2682105871384711
1320,22.0,feeder2_836,0.11075377209319506,0.24855916468777872,0.11086152318498131,0.24792598854996478
1320,22.0,feeder2_758,0.11474598123392679,0.2718667082084713,0.11484548846662178,0.2712204087375152
1320,22.0,feeder2_788,0.1171211446024505,0.27273967676916905,0.11722201092276925,0.2720956169686037
1320,22.0,feeder2_812,0.11932321073095571,0.29335966191286517,0.11943025864453588,0.2926836649069143
1320,22.0,feeder2_947,0.10864455936061311,0.26989310271460004,0.10873881974810132,0.2692963711095561
1320,22.0,feeder2_868,0.10785123218316639,0.2702916685363921,0.10794504734146361,0.26969693885134977
1320,22.0,feeder2_785,0.10522306266192977,0.2695932604048418,0.10531675082055589,0.26899979899937276
1320,22.0,feeder2_1176,0.1046145322345465,0.26534778437368495,0.10470768910646727,0.2647515547029759
1320,22.0,feeder2_846,0.10361702423008845,0.271038347678804,0.10370592254188792,0.2704368864511181
1320,22.0,feeder2_911,0.1056783937600139,0.2711485889321397,0.10577364866866937,0.27055206935678805
1320,22.0,feeder2_1107,0.11755051305711031,0.3001149132755136,0.11765533432867692,0.2994331204956672
1320,22.0,feeder2_920,0.12110147951541535,0.29756377744123164,0.12120700308727937,0.29687970954914483
1320,22.0,feeder2_926,0.12389527159129507,0.30371678469143165,0.12400187808479625,0.3030197712644149
1320,22.0,feeder2_1239,0.1209313148982335,0.2977859274710515,0.12103819109717406,0.29710312331088873
1320,22.0,feeder2_933,0.12493987072105762,0.30575368502786276,0.12504982452663868,0.3050534334155755
1320,22.0,feeder2_1146,0.12480179419319486,0.30709806083574526,0.12491056080934865,0.30640937204109664
1320,22.0,feeder2_1124,0.12475009137387329,0.30449389053428066,0.12485773452753984,0.3037950023583649
1320,22.0,feeder2_942,0.12749501440840136,0.3121058251016546,0.12760698655564398,0.31139474184558014
1320,22.0,feeder2_952,0.13009807190315675,0.3166434720657235,0.13021353605394836,0.31590717462012247
1320,22.0,feeder2_965,0.12764652600216725,0.3127413017209889,0.12775743611768653,0.31202692304369306
1320,22.0,feeder2_961,0.13027128663936052,0.3167316091929605,0.13038740757613437,0.3159929406517022
1320,22.0,feeder2_963,0.1301212501575994,0.3167299760033427,0.1302359941345627,0.3159971071625554
1320,22.0,feeder2_973,0.1313509345268649,0.316897725432473,0.13146861593592649,0.31614814003802927
1320,22.0,feeder2_1128,0.12999994857468805,0.3172587486510186,0.13011449586699136,0.31652345561018047
1320,22.0,feeder2_1113,0.13201036260874058,0.31832965267400487,0.13212532946841452,0.31759924981781534
1320,22.0,feeder2_1143,0.13057976662141507,0.3183410541319851,0.13069542049322383,0.31760987818492126
1320,22.0,feeder2_1238,0.13976172770727247,0.32332866749030725,0.13987471578334545,0.32261821340258656
1320,22.0,feeder2_979,0.12763716425628222,0.31277219157689135,0.12775192312212122,0.3120611285817625
1320,22.0,feeder2_1236,0.13284554506448182,0.31886868420271636,0.1329671060517586,0.3181013851408272
1320,22.0,feeder2_989,0.131352031891591,0.31688218843100735,0.13146985547010726,0.3161352667228633
1320,22.0,feeder2_1196,0.12749724950026792,0.31288788456987915,0.12760921598528308,0.3121762245255715
1320,22.0,feeder2_1158,0.1310075827894795,0.31492364156955754,0.13112703183812377,0.31417487690626533
1320,22.0,feeder2_1122,0.11679336715039938,0.30357298929311854,0.11689671409879827,0.30289502256257744
1320,22.0,feeder2_1258,0.11745442564733488,0.299103821158542,0.11755846236171509,0.2984280454304325
1320,22.0,feeder2_1303,0.11751752278041105,0.3037319703956213,0.11762138445315787,0.3030519684685749
1320,22.0,feeder2_1138,0.1161670840029155,0.3062784607784548,0.11626852286400217,0.3055949847360788
1320,22.0,feeder2_1304,0.1157512416776265,0.30666409498809305,0.11585560073649682,0.30597837513939324
1320,22.0,feeder2_1212,0.11495006430721491,0.3116827689229657,0.1150533108369775,0.31100141041102464
1320,22.0,feeder2_1311,0.1175338296249544,0.312691126325036,0.11763559761334133,0.31201183917572695
1320,22.0,feeder2_1290,0.11312651154101495,0.31781473944852257,0.11322974138958505,0.3171279934659003
1320,22.0,feeder2_1325,0.1348372628273366,0.3220892147602484,0.13496361155153308,0.32129953577469894
1320,22.0,feeder2_1248,0.13284556288417285,0.3188661818962892,0.1329646398961511,0.31809837131447966
1320,22.0,feeder2_1249,0.14116737629949072,0.3245256530775269,0.14127922171601506,0.3238253677123936
1320,22.0,feeder2_1250,0.14489095419162928,0.3279482456625263,0.14500539123600986,0.32724165803924554
1320,22.0,feeder2_1366,0.13285195407009848,0.31837119021059523,0.1329749792762846,0.31760818303062865
1320,22.0,feeder2_1266,0.1174403061533104,0.2986670047597918,0.11754579728646371,0.29798568190076963
1320,22.0,feeder2_1372,0.11403085769372745,0.3180815204441884,0.114133563637603,0.31739502216856935
1320,22.0,feeder2_1363,0.11099211790438601,0.32429584857476357,0.11109407152024178,0.3236046020374926
1320,22.0,feeder2_1446,0.13616006615412862,0.3236168364171096,0.1362828996181404,0.3228246540401789
1320,22.0,feeder2_1502,0.13664932156978418,0.32377508518234976,0.136780504809721,0.3229542015074518
1320,22.0,feeder2_1428,0.10946417244280834,0.3258518510837969,0.10956536950854032,0.3251656652962511
1320,22.0,feeder2_1380,0.10915714500497019,0.3296240554095504,0.10925704868217945,0.3289354148990372
1320,22.0,feeder2_1550,0.11168508860130287,0.330321390096922,0.11178623997895526,0.32963478114947165
1320,22.0,feeder2_1386,0.10806755719734798,0.33206875116575696,0.10816945394616752,0.33137418349170245
1320,22.0,feeder2_1551,0.10826118113226155,0.33190681531936383,0.10835983525088112,0.33121476949989664
1320,22.0,feeder2_1400,0.10759073905284879,0.3332477952525639,0.10769095597380153,0.3325537140229813
1320,22.0,feeder2_1552,0.10567946504393472,0.3353148321216301,0.10577653894088754,0.3346183581107544
1320,22.0,feeder2_1408,0.10690525306339795,0.3345555633928792,0.10700416300404901,0.333861137837883
1320,22.0,feeder2_1553,0.10451441936701386,0.3373172060100035,0.10461233810293892,0.3366241081114804
1320,22.0,feeder2_1416,0.10676570733781349,0.3345396765114695,0.10686873451863851,0.33384646922041383
1320,22.0,feeder2_1530,0.10719405584640605,0.3346166945229509,0.1072938564600054,0.33392198447108307
1320,22.0,feeder2_1425,0.10646652858714825,0.3344936603252898,0.10656659969925372,0.3338012766738309
1320,22.0,feeder2_1589,0.10629363967629704,0.33468002326239654,0.10639439881529565,0.3339841888729853
1320,22.0,feeder2_1435,0.10641125260197695,0.3344654473982944,0.10651375214440506,0.3337706201844529
1320,22.0,feeder2_1621,0.10510022149186149,0.3320296350442345,0.1052022229063162,0.3313380572231467
1320,22.0,feeder2_1564,0.1057996295154312,0.33688241547418,0.10590102024212919,0.33618580350828164
1320,22.0,feeder2_1704,0.13638148272739192,0.3216315005194589,0.13651177848153861,0.3208133107624473
1320,22.0,feeder2_1525,0.1370520064031621,0.3249913489397128,0.13718229959789185,0.32415975386170914
1320,22.0,feeder2_1716,0.1370367842313438,0.32477939250558313,0.13717109761171462,0.32394926394821505
1320,22.0,feeder2_1537,0.1374994655490427,0.3263842027765752,0.13762922670528882,0.3255467672190396
1320,22.0,feeder2_1645,0.13747522782143692,0.32612813306885835,0.13760787340720296,0.32529191176815153
1320,22.0,feeder2_1561,0.1380715045247734,0.3280563338469606,0.13820613462489958,0.3272142286726347
1320,22.0,feeder2_1657,0.13859390397493318,0.32829313348374023,0.13872607416557678,0.32744512686567684
1320,22.0,feeder2_1570,0.13830043555399982,0.3287334639781538,0.13843554381452602,0.3278810622051242
1320,22.0,feeder2_1756,0.14312589326570452,0.33118882502580554,0.14326096538330163,0.33034783355098474
1320,22.0,feeder2_1588,0.1384686100101638,0.32924028617431794,0.138604576286889,0.32838985100454826
1320,22.0,feeder2_1628,0.13957669953197527,0.3302303472059728,0.13971058679745374,0.32937222263420546
1320,22.0,feeder2_1598,0.13861469468385493,0.32961377014957893,0.1387524727057341,0.3287541058188406
1320,22.0,feeder2_1816,0.13861961689320448,0.32924192702602506,0.13875506999451862,0.32837887929809934
1320,22.0,feeder2_1765,0.13821592471851765,0.3258934838810667,0.13835323426504637,0.32503190487676453
1320,22.0,feeder2_1641,0.13917862157878255,0.3332429962852057,0.1393192750531108,0.33235556272520944
1320,22.0,feeder2_1689,0.13931095740859206,0.3349099576855762,0.13945506998395987,0.3340017585097781
1320,22.0,feeder2_1744,0.14021006256884552,0.33419250242479,0.14035281870762378,0.33330895680029
1320,22.0,feeder2_1817,0.139292379483032,0.33497377531730027,0.13943779641620585,0.33406563484716534
1320,22.0,feeder2_1779,0.139116148874854,0.3332044105261114,0.13926195863137736,0.33229943433418585
1320,22.0,feeder2_1800,0.13767547322520593,0.33622105866909513,0.13781894663972763,0.3353061902075059
1320,22.0,feeder2_1818,0.13982383597932896,0.33816181058276856,0.13998733696488624,0.3372147316493422
1320,22.0,feeder2_1753,0.14121320992406455,0.33452603851045126,0.14135415932380485,0.33363975564707304
1320,22.0,feeder2_1754,0.14070537178970927,0.33477670984436003,0.14084742883250642,0.33389381829240133
1350,22.5,secondary,0.0025376060823629927,0.002173482219654215,0.002521218848345623,0.0021901625090040085
1350,22.5,feeder2_44,0.004723132290727501,0.011337596454690742,0.0046885896505789075,0.011412185143780614
1350,22.5,feeder2_45,0.004951308223720381,0.011169807356721479,0.004922229852620989,0.01124415549065431
1350,22.5,feeder2_46,0.003774289970691148,0.018946728003779802,0.0037696425642234953,0.019070520201287185
1350,22.5,feeder2_51,0.005329868004964513,0.01088696471468547,0.005298682048654046,0.010950192121151014
1350,22.5,feeder2_48,0.0052331997011150445,0.011436912613313411,0.005205782821838973,0.011499589207788628
1350,22.5,feeder2_52,0.01027152129732532,0.006834289001400385,0.010226618138815011,0.006979682330850107
1350,22.5,feeder2_68,0.006167127092637477,0.012541427977693292,0.006133461815902506,0.012550947607765218
1350,22.5,feeder2_69,0.0037595560601604485,0.013319291691034858,0.003728747863194068,0.013377052049684526
1350,22.5,feeder2_71,0.006301676080387651,0.012813493206816025,0.006265274052799775,0.01280965878517721
1350,22.5,feeder2_72,0.008481892651198794,0.015636644375971447,0.008463986313696211,0.015600241567400678
1350,22.5,feeder2_73,0.006644196828672452,0.013418544385872979,0.006605193953132537,0.013391144363025576
1350,22.5,feeder2_74,0.011334744175459845,0.007455257561984935,0.011282347012831118,0.007344087156382275
1350,22.5,feeder2_77,0.006942905586873758,0.014955229612193184,0.006900937614809971,0.014912373432326
1350,22.5,feeder2_79,0.006560666779919174,0.015006586123475467,0.006526289092361624,0.014977984147243498
1350,22.5,feeder2_81,0.007457662501478395,0.017434494548435122,0.0074193481028294395,0.01737577053177373
1350,22.5,feeder2_82,0.007772158911974379,0.01794453860134778,0.007737034105278362,0.017882394932847635
1350,22.5,feeder2_116,0.009783795256777436,0.02833803469703544,0.00974241804209453,0.02822773517505052
1350,22.5,feeder2_119,0.010808449134116903,0.026290218209340663,0.010757995439261012,0.026160724067328868
1350,22.5,feeder2_120,0.010748818208264545,0.033487120237414174,0.010713458700507472,0.03337188290557095
1350,22.5,feeder2_248,0.012667263192105843,0.031237678213811102,0.012629374637319196,0.031127932005703397
1350,22.5,feeder2_124,0.01127618274306976,0.03757127025477616,0.011244796017348454,0.037451365044725106
1350,22.5,feeder2_282,0.01579868904148728,0.04288361919530453,0.015782339961000345,0.04273843749282077
1350,22.5,feeder2_275,0.01171824898484181,0.03673374696005728,0.011682445385141127,0.03660979629095755
1350,22.5,feeder2_151,0.011524683756593622,0.04190047537973124,0.011489755201365906,0.04178610269404181
1350,22.5,feeder2_295,0.00810180648057301,0.04196708652497531,0.008082252601437636,0.041893446632949305
1350,22.5,feeder2_311,0.0094797934305061,0.041833187634469055,0.009453398980134343,0.04174541443206311
1350,22.5,feeder2_201,0.013117722012926002,0.05071772648924774,0.01308111399606932,0.05053450690981852
1350,22.5,feeder2_314,0.013223363040963792,0.0508414734449758,0.013187099823161054,0.05065715584942859
1350,22.5,feeder2_342,0.015324107104030434,0.06395483844596504,0.015285712056413965,0.06368435432626303
1350,22.5,feeder2_368,0.014359905952337437,0.05967735150483954,0.01431995818555617,0.05944738933488273
1350,22.5,feeder2_347,0.01762369628949174,0.07974391149090215,0.017570369509146363,0.07938533867594541
1350,22.5,feeder2_353,0.01852244008451303,0.08670701518228532,0.018465764365586442,0.08631524922211019
1350,22.5,feeder2_518,0.019531397889687108,0.0822810363585658,0.019483946729499824,0.08192494310420671
1350,22.5,feeder2_365,0.019564427727428647,0.0948202059785143,0.01950202326688115,0.09439408064984828
1350,22.5,feeder2_653,0.018696343685290925,0.08630945347829129,0.018634057931042496,0.08591190698113271
1350,22.5,feeder2_377,0.020264008884278525,0.09937415693098695,0.020201015673749684,0.0989282298946706
1350,22.5,feeder2_622,0.01731320818622818,0.09482987945885356,0.01725009413764095,0.09441655549488773
1350,22.5,feeder2_451,0.016006350231645726,0.06158969468776554,0.015975766441481874,0.06135764546988515
1350,22.5,feeder2_383,0.01245000691909418,0.05207183606440706,0.012421274785294357,0.05192372502820385
1350,22.5,feeder2_385,0.021295599592080532,0.10559861956971092,0.021230253941110767,0.1051247917503536
1350,22.5,feeder2_621,0.01637084525037284,0.09723681730344613,0.016313669308368882,0.09680689096506175
1350,22.5,feeder2_611,0.013558696493980192,0.05018094694831764,0.013517173315768672,0.050028390923646665
1350,22.5,feeder2_405,0.012326986669933307,0.05174076155927438,0.012294449630942872,0.05159608097782259
1350,22.5,feeder2_461,0.025277830083726388,0.13432068940436478,0.025199593125065246,0.1337602243009193
1350,22.5,feeder2_594,0.02255894137515787,0.1042082788839169,0.022485203000130363,0.10373386572891964
1350,22.5,feeder2_732,0.013866559091514524,0.04968695892076826,0.013824848727380854,0.04954351759823229
1350,22.5,feeder2_417,0.011379712910797703,0.049908048436517055,0.011359210227850237,0.049814878671949774
1350,22.5,feeder2_663,0.011274263303072561,0.04987686867853829,0.011256568278117518,0.04978406342661297
1350,22.5,feeder2_444,0.010718393487196888,0.04878499672143576,0.010702488260130314,0.04872602709362013
1350,22.5,feeder2_759,0.013590054097789735,0.05078642808214809,0.0135976376738628,0.05068522207607239
1350,22.5,feeder2_842,0.00937643043733122,0.048921162509318904,0.0093756086687201,0.04888526822522639
1350,22.5,feeder2_459,0.010452698775666878,0.048315618346386535,0.010441294960390018,0.04827560691467736
1350,22.5,feeder2_702,0.011136676939762469,0.04897377838316762,0.011125041315222343,0.04892689646949506
1350,22.5,feeder2_493,0.0094100027320322,0.046607258294654154,0.009409863390831425,0.04662632062133578
1350,22.5,feeder2_651,0.025076365122279395,0.1341773026117868,0.024995967524391344,0.1336153212275458
1350,22.5,feeder2_684,0.02861202192193392,0.15865557242691278,0.02852245999331384,0.15803982456837096
1350,22.5,feeder2_674,0.009306148970314707,0.04513842849013674,0.00928622573635651,0.04515490927634991
1350,22.5,feeder2_696,0.008449359353649138,0.051714000182917164,0.008499551340014396,0.0519230938162547
1350,22.5,feeder2_681,0.009733340615745985,0.04357299604157544,0.009701180778884343,0.043588104717748315
1350,22.5,feeder2_682,0.009599184623212019,0.04145484458404929,0.009542750071106365,0.04145320199756459
1350,22.5,feeder2_728,0.0291642891506581,0.16084944854946923,0.029071228930730414,0.1602290985783975
1350,22.5,feeder2_724,0.03134334225340229,0.17879534191772528,0.03125263546775615,0.17813102742473458
1350,22.5,feeder2_703,0.008298841181345952,0.05208505045769791,0.008353884563445962,0.05229919576209689
1350,22.5,feeder2_704,0.008926358382214394,0.05521487884714883,0.009022011680739597,0.055471812032350035
1350,22.5,feeder2_754,0.03151708073262495,0.17907186715906254,0.03143012760265619,0.1784084944754466
1350,22.5,feeder2_747,0.03242877776874206,0.18690230136842295,0.03233437593565533,0.18622082346280167
1350,22.5,feeder2_828,0.03008663648285581,0.16029786526922915,0.0299899140071862,0.15966961291154882
1350,22.5,feeder2_763,0.029887248417748417,0.1646947542939494,0.02979574817584766,0.16407341915028317
1350,22.5,feeder2_836,0.028155204572116094,0.18351933401608322,0.028065964230599257,0.1828426635858998
1350,22.5,feeder2_758,0.033687787299357376,0.1955394046085624,0.033593802438670356,0.1948396793995262
1350,22.5,feeder2_788,0.03504033748573181,0.19927524767203228,0.03495740912283598,0.19857920336811838
1350,22.5,feeder2_812,0.03681998924465328,0.2175629347690836,0.03671447143898902,0.21680942727068578
1350,22.5,feeder2_947,0.03339172592028149,0.1701354733714072,0.03331485523881253,0.16952012269931221
1350,22.5,feeder2_868,0.03151290812141895,0.16725406763743692,0.03142767619674595,0.1666358530988551
1350,22.5,feeder2_785,0.029625786123259914,0.16413517436495906,0.029530041321384162,0.16351181032349468
1350,22.5,feeder2_1176,0.025024455494583125,0.16291213468746635,0.024923348786493042,0.16230624545119376
1350,22.5,feeder2_846,0.03105156598027325,0.16347190527724345,0.03094882290877334,0.1628426066989967
1350,22.5,feeder2_911,0.0296497973620412,0.1642302182355129,0.029557152341943393,0.16360609404375887
1350,22.5,feeder2_1107,0.04082941830922942,0.23770544532637994,0.040723242452003004,0.23693445373883293
1350,22.5,feeder2_920,0.03660198101668538,0.21826780905248575,0.036492332091069286,0.21750979123140585
1350,22.5,feeder2_926,0.0362920544122268,0.21936763852685956,0.03618465610778187,0.21859245099195365
1350,22.5,feeder2_1239,0.03658562456251904,0.21821801504401098,0.03647524612303976,0.21745614170818978
1350,22.5,feeder2_933,0.03614890725170159,0.21983136134836492,0.03603811959525744,0.21905492869728704
1350,22.5,feeder2_1146,0.03632226781214619,0.21949200854347764,0.036215868204696265,0.218717405167507
1350,22.5,feeder2_1124,0.03507304847270551,0.2188794158218562,0.03495830577025353,0.21810305208710984
1350,22.5,feeder2_942,0.035949767265397656,0.22194616238630158,0.03583702228865835,0.2211527837626755
1350,22.5,feeder2_952,0.03526578100797425,0.22299638965741583,0.03515230280506323,0.22218605890103327
1350,22.5,feeder2_965,0.036000732016050536,0.2222174164419907,0.03589177828625599,0.22142424966435265
1350,22.5,feeder2_961,0.03514365891492624,0.22283544804916142,0.03503345478659759,0.22202001280022624
1350,22.5,feeder2_963,0.0352761882462513,0.22305565209443334,0.03516240881876977,0.2222441226297214
1350,22.5,feeder2_973,0.0345512561311642,0.22216589141524618,0.03443301663948123,0.22134696279163857
1350,22.5,feeder2_1128,0.03505498409954005,0.22256934644835835,0.03493982596521656,0.2217457376813981
1350,22.5,feeder2_1113,0.035320366462032154,0.22311248638741515,0.0352075678945416,0.22229892538732388
1350,22.5,feeder2_1143,0.03596628816924559,0.22702766616313325,0.03585747747570434,0.22621683411109217
1350,22.5,feeder2_1238,0.03907966991497837,0.2269385727171688,0.03897835701886694,0.22614936718545797
1350,22.5,feeder2_979,0.03598828294815532,0.22220029066892755,0.035880853542757975,0.22140540415520565
1350,22.5,feeder2_1236,0.033734323810116394,0.22159279285304417,0.0336181685000274,0.22076051855430104
1350,22.5,feeder2_989,0.034550721888134545,0.22216267981792792,0.034435913814041444,0.22133992759908908
1350,22.5,feeder2_1196,0.03651739075154866,0.22200418111274126,0.03639820816443019,0.22120944199189094
1350,22.5,feeder2_1158,0.034126394013421865,0.2217845855728232,0.03401359911528562,0.2209645317872472
1350,22.5,feeder2_1122,0.04247516640368085,0.24603435942840315,0.04236239769860852,0.24525687386263065
1350,22.5,feeder2_1258,0.04030741506486097,0.23725236905753122,0.04019592553943088,0.23648165498274146
1350,22.5,feeder2_1303,0.042555189688868775,0.246140696813176,0.04244769339845984,0.24536018114011965
1350,22.5,feeder2_1138,0.04376778061613912,0.25260002943495125,0.04365359577829884,0.2518213021001592
1350,22.5,feeder2_1304,0.044586491836268394,0.25238209615613455,0.04447406680644752,0.2515964366880713
1350,22.5,feeder2_1212,0.046516737389728155,0.266621027213195,0.04640458435961728,0.2658284564328716
1350,22.5,feeder2_1311,0.04813784951876021,0.26972752355287793,0.04802928743775633,0.26893808315219686
1350,22.5,feeder2_1290,0.049430218873324286,0.28160039936350023,0.049312620067487885,0.2808029474089906
1350,22.5,feeder2_1325,0.033032349302703545,0.22128835893921286,0.032911886749211174,0.22044065596467785
1350,22.5,feeder2_1248,0.03372694943815712,0.22159178750174313,0.033609794222153155,0.22075852514561756
1350,22.5,feeder2_1249,0.039624325541557474,0.22772354902685926,0.03952755141635161,0.22693318046758632
1350,22.5,feeder2_1250,0.040072508187382366,0.22836620357422838,0.03997936833592279,0.22757605806404987
1350,22.5,feeder2_1366,0.031988144634245624,0.22147239290134757,0.03186769519192914,0.22064711111980725
1350,22.5,feeder2_1266,0.040244239401424416,0.2371929415050198,0.040138329833477156,0.2364201959070689
1350,22.5,feeder2_1372,0.055148094403493206,0.2906374171228145,0.055049332006025783,0.2898432714522845
1350,22.5,feeder2_1363,0.0499666455777401,0.2859874646645483,0.04984765730099587,0.2851697515282059
1350,22.5,feeder2_1446,0.032928907539294346,0.22213306547143297,0.032816151022291684,0.22128051842865143
1350,22.5,feeder2_1502,0.03215494615384755,0.21988522054692886,0.03203260245826909,0.21902224562821673
1350,22.5,feeder2_1428,0.05023746772609512,0.2859814318535174,0.05011793274868204,0.28516236129123607
1350,22.5,feeder2_1380,0.050744068336904556,0.29212517945027916,0.05062208418213361,0.29129107441661484
1350,22.5,feeder2_1550,0.052072886929829504,0.294685775282584,0.05195695254083496,0.29385199861331074
1350,22.5,feeder2_1386,0.05090964553789135,0.29425708288258934,0.05078252200494738,0.2934140338995939
1350,22.5,feeder2_1551,0.05098420122540523,0.29429626964809136,0.05086197424889753,0.2934509478818988
1350,22.5,feeder2_1400,0.051002566558211906,0.2953463482568036,0.050880385815002774,0.29449537149294386
1350,22.5,feeder2_1552,0.0513301974996212,0.2954925259266195,0.05120567977216285,0.2946428058569828
1350,22.5,feeder2_1408,0.05122137752972863,0.2976627997256713,0.051096771481862376,0.2968061389922688
1350,22.5,feeder2_1553,0.06324046721436492,0.3000122366321876,0.06309497757679405,0.29914829918689806
1350,22.5,feeder2_1416,0.05122012441131621,0.2981678970674385,0.05109656356475066,0.29731024489926
1350,22.5,feeder2_1530,0.05045403913086763,0.30351121982734885,0.05033787819251072,0.30265438772472947
1350,22.5,feeder2_1425,0.051027907875708815,0.296347005481258,0.05089783109446347,0.29549171028903826
1350,22.5,feeder2_1589,0.05300376362805839,0.2949334630394877,0.05287869287328253,0.2940763360935972
1350,22.5,feeder2_1435,0.05095433774070857,0.29610313202882427,0.05082628187051761,0.2952473879675265
1350,22.5,feeder2_1621,0.047542854880976114,0.2930019937634151,0.04741092949453766,0.2921494046424902
1350,22.5,feeder2_1564,0.0509806196761926,0.2969518891729368,0.05085347428131323,0.29609486222709125
1350,22.5,feeder2_1704,0.0292854161616556,0.21856296900585412,0.029160627928478056,0.21770951302519173
1350,22.5,feeder2_1525,0.03214366712789243,0.22012459669911488,0.03202458529904228,0.21925368330620343
1350,22.5,feeder2_1716,0.03000610684518181,0.22056184077866003,0.02987274388375352,0.21969797132245505
1350,22.5,feeder2_1537,0.032226384264572215,0.22037102222287847,0.032106610783696275,0.21948977225211666
1350,22.5,feeder2_1645,0.032229532000882084,0.22037269255969746,0.032109776925231495,0.21949042609645833
1350,22.5,feeder2_1561,0.03232664396978151,0.22064396377144543,0.03220428958364613,0.21975255523154413
1350,22.5,feeder2_1657,0.03249840007607766,0.22178686574856502,0.03238132147753544,0.22089156438590643
1350,22.5,feeder2_1570,0.032332077189735534,0.22047565703638966,0.032210581445627745,0.21958150043041966
1350,22.5,feeder2_1756,0.03647605640228749,0.2267350107111594,0.03637211038416145,0.22584316065025092
1350,22.5,feeder2_1588,0.03225761220255175,0.21992725284716705,0.032130552076894935,0.21902929332299773
1350,22.5,feeder2_1628,0.032729512293468946,0.22062757381736084,0.03260955507315593,0.2197291363897097
1350,22.5,feeder2_1598,0.032122041614141214,0.2190385859814019,0.03199300384982729,0.2181347481192533
1350,22.5,feeder2_1816,0.03177898486805563,0.2187309621125162,0.03165702233836432,0.21782323678843962
1350,22.5,feeder2_1765,0.02833592175080513,0.21622205682670456,0.028213672710860224,0.2153242286580216
1350,22.5,feeder2_1641,0.03176162706553615,0.21620797548906032,0.03162880667250598,0.21527184188821774
1350,22.5,feeder2_1689,0.031425608414503425,0.21366161740031686,0.031290645450515193,0.2126966986202876
1350,22.5,feeder2_1744,0.031838462580771595,0.21630933474187042,0.03171090057955043,0.21537030331920914
1350,22.5,feeder2_1817,0.03161859834609121,0.21243431686490533,0.0314813417539159,0.21146390458485195
1350,22.5,feeder2_1779,0.029650666600977177,0.21230312874216656,0.029511752409613217,0.2113415113786652
1350,22.5,feeder2_1800,0.03263281609032324,0.21292645636013305,0.03248224950666539,0.21194613511997126
1350,22.5,feeder2_1818,0.030758673482991678,0.21309162518901875,0.030574153717018746,0.21208485269256272
1350,22.5,feeder2_1753,0.03197007581915914,0.21647399995655311,0.03183357954537784,0.21553702388729437
1350,22.5,feeder2_1754,0.03186306016342965,0.2163435974197895,0.03173106554934917,0.2154051451315977
1380,23.0,secondary,0.036715256606823676,0.026804477911230352,0.0367001706176681,0.026785433378785053
1380,23.0,feeder2_44,0.0683472995519938,0.13984313275199953,0.06832977643821406,0.13975539154999642
1380,23.0,feeder2_45,0.06955094610857852,0.14426336090562153,0.06952730633914815,0.14417549099313315
1380,23.0,feeder2_46,0.06763214700643781,0.13948404887997956,0.06761235354714136,0.13939633226040893
1380,23.0,feeder2_51,0.0716326628691416,0.15184621579551782,0.07161200962865724,0.15175401036389757
1380,23.0,feeder2_48,0.0696446500812993,0.14491170277872392,0.06961856414135413,0.14482299497614176
1380,23.0,feeder2_52,0.09608856389167911,0.1365564179405601,0.09607600108588088,0.1364837855484272
1380,23.0,feeder2_68,0.07677541722025011,0.1787629844464577,0.07675408834247201,0.17865127819414178
1380,23.0,feeder2_69,0.07660424529733639,0.1786727088542906,0.07657873465588014,0.1785613135693465
1380,23.0,feeder2_71,0.07747431997304643,0.1823458582453119,0.07745386825522362,0.18222951677302857
1380,23.0,feeder2_72,0.07754039438994889,0.18259937093286147,0.0775159797957111,0.18248700391698083
1380,23.0,feeder2_73,0.07967803381613829,0.1935412529220482,0.07965142979303055,0.19341688607533788
1380,23.0,feeder2_74,0.08487571122594222,0.1891114509070138,0.08485697030290226,0.18899228704847992
1380,23.0,feeder2_77,0.08153182604384243,0.20376591292331597,0.08150758233704902,0.20363563886132804
1380,23.0,feeder2_79,0.08054610478277982,0.20479637204436335,0.08051915900532715,0.20466331265334725
1380,23.0,feeder2_81,0.08468490975980349,0.2196881776956898,0.08465912388863177,0.21954389320115378
1380,23.0,feeder2_82,0.08484023058520161,0.22029145952627624,0.08481675837576222,0.22014873182675287
1380,23.0,feeder2_116,0.0994774517384085,0.2908274924863491,0.09944464574801487,0.2906401476575425
1380,23.0,feeder2_119,0.10233421598296888,0.2876685635623631,0.1023006959020008,0.28747937538773954
1380,23.0,feeder2_120,0.1050019590006492,0.31893966159646847,0.10496061312485101,0.3187320556221072
1380,23.0,feeder2_248,0.1052761410902395,0.318609203007195,0.10523307428776031,0.3184011602176693
1380,23.0,feeder2_124,0.10845920696272192,0.33637884144074937,0.10842382115451203,0.33615958355145004
1380,23.0,feeder2_282,0.1085342932211985,0.3365335095490229,0.10849786181760666,0.3363171651749577
1380,23.0,feeder2_275,0.11349697729041523,0.3309933673572258,0.11345895311518027,0.3307749938097316
1380,23.0,feeder2_151,0.11404990851272641,0.3701726094754154,0.11401001140183263,0.3699354312336999
1380,23.0,feeder2_295,0.11394956996314341,0.3701342194579121,0.11390814481910284,0.36989674751607554
1380,23.0,feeder2_311,0.11152097291417952,0.3693063318738105,0.1114825672618741,0.36906798949881836
1380,23.0,feeder2_201,0.12424361279544688,0.4279078220516568,0.12419481207917674,0.4276398949079948
1380,23.0,feeder2_314,0.12454266307551219,0.42846596920957475,0.12449452618517803,0.42819914036921186
1380,23.0,feeder2_342,0.13894750163861913,0.5087404131755942,0.13889522269466295,0.5084288072801486
1380,23.0,feeder2_368,0.13811748750788358,0.5119424076493743,0.1380647474491009,0.5116272470159843
1380,23.0,feeder2_347,0.1470149187844313,0.542771087236633,0.14696246201767674,0.542443591773249
1380,23.0,feeder2_353,0.15083321159070748,0.5585685807478453,0.15077296571991436,0.5582332357394352
1380,23.0,feeder2_518,0.14759339113521744,0.5449622821239207,0.1475361576739992,0.5446390690754337
1380,23.0,feeder2_365,0.15509439692817542,0.5766646686738732,0.15503019725307732,0.5763190225781667
1380,23.0,feeder2_653,0.15150477426340356,0.5574209305377041,0.15144987230717732,0.5570844912300223
1380,23.0,feeder2_377,0.15759424198867614,0.5861134411617934,0.15753088522919073,0.5857641457978138
1380,23.0,feeder2_622,0.1526503630420778,0.57849205151044,0.15258636023325634,0.5781458509406189
1380,23.0,feeder2_451,0.13869082753813117,0.5127104103781721,0.1386328046016812,0.512394423660467
1380,23.0,feeder2_383,0.1366490752970634,0.5167329712587563,0.13659183471525038,0.5164146384514716
1380,23.0,feeder2_385,0.16048008358348573,0.5970312728751158,0.16041785718449547,0.5966749306268753
1380,23.0,feeder2_621,0.15748973697329305,0.5860709841686849,0.15742621232930243,0.5857177163902525
1380,23.0,feeder2_611,0.13673085518246686,0.5165728604721428,0.13667715728689,0.5162544108837351
1380,23.0,feeder2_405,0.13655849265835776,0.5170492752499711,0.13650708013054996,0.5167316822699384
1380,23.0,feeder2_461,0.1722186281989251,0.6418517190392824,0.17215288357831826,0.6414742933559368
1380,23.0,feeder2_594,0.16060557874382542,0.5968164640991264,0.1605470010034588,0.5964614841334376
1380,23.0,feeder2_732,0.13668815770943366,0.5167981020901673,0.13663522909435855,0.5164791869882803
1380,23.0,feeder2_417,0.13588059963395516,0.5195177851566064,0.13582467133040507,0.5191971571100042
1380,23.0,feeder2_663,0.13492263668881077,0.5202946080961575,0.13486462707974434,0.5199704253331074
1380,23.0,feeder2_444,0.13547615919003397,0.5212246055508902,0.1354201846774688,0.520904569660238
1380,23.0,feeder2_759,0.14974370729636705,0.5432140324818521,0.1496829901301794,0.5428945526319763
1380,23.0,feeder2_842,0.1293223337533966,0.5200465497450788,0.12926624035712592,0.5197248881822394
1380,23.0,feeder2_459,0.1350996162370377,0.5205093067532757,0.13504517820348674,0.520186472238082
1380,23.0,feeder2_702,0.1356343592834506,0.5213129256002419,0.13557854827837987,0.5209908228391166
1380,23.0,feeder2_493,0.13359323686040336,0.5175055672796697,0.1335425008349741,0.5171807434714655
1380,23.0,feeder2_651,0.17201622077512982,0.641776152002077,0.17195020124956206,0.6413968802572161
1380,23.0,feeder2_684,0.18181379380344417,0.6785811496558032,0.18174433429808784,0.6781869744588551
1380,23.0,feeder2_674,0.13419202068459746,0.5165030598221992,0.1341384892186774,0.5161790902799236
1380,23.0,feeder2_696,0.12894861428102058,0.5133783897465262,0.12889034328625174,0.5130464039625567
1380,23.0,feeder2_681,0.13479284082961196,0.5158419470680616,0.13474146626915956,0.5155195249176175
1380,23.0,feeder2_682,0.13582724085348502,0.5133665099201239,0.13576869921466717,0.5130423159128935
1380,23.0,feeder2_728,0.18187728984032003,0.6795662461627211,0.18181295901911826,0.6791713240824194
1380,23.0,feeder2_724,0.1913850166303964,0.7140292079908996,0.19131115520593303,0.7136134124043456
1380,23.0,feeder2_703,0.12618451356490332,0.5128726303256473,0.1261311957180991,0.5125408265837277
1380,23.0,feeder2_704,0.12307645564930603,0.5127374487731798,0.12302079490420167,0.5124066577787227
1380,23.0,feeder2_754,0.19155841587451317,0.714318914346428,0.19148621701138616,0.7139031246756794
1380,23.0,feeder2_747,0.1952624774938938,0.728379684268807,0.1951915250888033,0.7279593323234825
1380,23.0,feeder2_828,0.1818944031818317,0.6795348664260986,0.18182911562512666,0.6791380947699538
1380,23.0,feeder2_763,0.1819727380350494,0.6810626302723629,0.1819030301996563,0.6806645235214475
1380,23.0,feeder2_836,0.1897395063767397,0.7275303206615384,0.18966554339025285,0.7271043670374221
1380,23.0,feeder2_758,0.1990876978349676,0.7413889912908375,0.19901136222580212,0.740958588845229
1380,23.0,feeder2_788,0.19930698824500928,0.7417629288956932,0.1992300822640839,0.7413330896039673
1380,23.0,feeder2_812,0.21076308637653363,0.7811871143062489,0.2106898005561763,0.7807434143031988
1380,23.0,feeder2_947,0.183500047685714,0.6861755445763151,0.18342660284300855,0.6857809222651357
1380,23.0,feeder2_868,0.18210248506853247,0.6812781084869048,0.1820331404918199,0.6808820817523854
1380,23.0,feeder2_785,0.18180470687357073,0.6806811220036472,0.1817341729924214,0.6802826515270493
1380,23.0,feeder2_1176,0.17833942364401523,0.6793016640935557,0.17827167119874326,0.6789047156723625
1380,23.0,feeder2_846,0.1818991261753289,0.680516205322348,0.18183028874613316,0.6801202644702072
1380,23.0,feeder2_911,0.18182977407180748,0.6807865457804412,0.18175588283503372,0.6803896255024153
1380,23.0,feeder2_1107,0.21038410301841282,0.7748802069394887,0.21030351763878524,0.774443136520334
1380,23.0,feeder2_920,0.21414366870858917,0.794172406473096,0.21406573352754807,0.7937236198570823
1380,23.0,feeder2_926,0.21921009373233788,0.8138195150434818,0.21913518024685633,0.813356373776041
1380,23.0,feeder2_1239,0.2141146532476979,0.7938204636521116,0.21403877180599767,0.7933697638017151
1380,23.0,feeder2_933,0.22143478070195655,0.8223326620540468,0.22135526753175425,0.8218642329077149
1380,23.0,feeder2_1146,0.21930403778884408,0.81469074237402,0.21922577284253753,0.8142321614756393
1380,23.0,feeder2_1124,0.22104030802159083,0.822039874687849,0.22096178702141916,0.8215750987892753
1380,23.0,feeder2_942,0.22711972920463605,0.8441857185221783,0.22704321428289875,0.8437089126951989
1380,23.0,feeder2_952,0.228261668498916,0.841445713444142,0.22817502819283886,0.8409505291831857
1380,23.0,feeder2_965,0.22806078514160194,0.8487259505801296,0.22798291903818563,0.8482498433573864
1380,23.0,feeder2_961,0.22833022542527764,0.8408373710663624,0.22825216847193025,0.8403411382351648
1380,23.0,feeder2_963,0.22827346621382222,0.8415129124984324,0.22819267972647067,0.8410192802827979
1380,23.0,feeder2_973,0.22875294417480962,0.8386048143513238,0.2286698661209269,0.8380967351648436
1380,23.0,feeder2_1128,0.22823130228066846,0.8391243544692136,0.2281499957043486,0.8386312139125052
1380,23.0,feeder2_1113,0.22816842626806857,0.8418432871655785,0.22808128256693272,0.8413493039989567
1380,23.0,feeder2_1143,0.2289751344084637,0.8450896466570906,0.22889396952486765,0.844593536478371
1380,23.0,feeder2_1238,0.278811889290323,0.9248130220525819,0.27871613931330175,0.9243374442584514
1380,23.0,feeder2_979,0.22808267687119305,0.8484236969899891,0.22800352978972946,0.8479468384403426
1380,23.0,feeder2_1236,0.22940355469940804,0.8353894207385248,0.22931855986116878,0.8348637283980366
1380,23.0,feeder2_989,0.2287527786431171,0.8386040447389727,0.22866876951038723,0.8380947325839053
1380,23.0,feeder2_1196,0.22914247721801073,0.8471080290784851,0.22905791787314828,0.8466314741221537
1380,23.0,feeder2_1158,0.22861510296105594,0.8385200243292278,0.22852848176665982,0.8380147768331885
1380,23.0,feeder2_1122,0.21058538921518866,0.7720424827883965,0.21050801823446672,0.7716074875180166
1380,23.0,feeder2_1258,0.20892061348816876,0.7756642177236465,0.20884641743127352,0.7752234577060094
1380,23.0,feeder2_1303,0.21020048344649378,0.7729782659184617,0.21012913202330474,0.7725439124102758
1380,23.0,feeder2_1138,0.21071430388420967,0.7694896525844401,0.21063778549910744,0.7690567876734934
1380,23.0,feeder2_1304,0.2124642927760199,0.7674349177907427,0.2123887270245046,0.767001340796692
1380,23.0,feeder2_1212,0.21086367911669662,0.7658110775142196,0.21078539873525373,0.7653853494270408
1380,23.0,feeder2_1311,0.21053085203714203,0.7667573207437598,0.21045312628112472,0.7663312712896114
1380,23.0,feeder2_1290,0.21098670632153033,0.760619434101467,0.21091649657281175,0.7601993318666678
1380,23.0,feeder2_1325,0.23047587450937368,0.8314686237579691,0.23038563661578396,0.8309234642521139
1380,23.0,feeder2_1248,0.22939888453736268,0.8353878631939353,0.22931451737318442,0.8348624875512715
1380,23.0,feeder2_1249,0.29532657098837667,0.9470097123221971,0.295226720675516,0.9465337493375491
1380,23.0,feeder2_1250,0.27885899320611096,0.9248744570170166,0.2787659919589797,0.9243982041063359
1380,23.0,feeder2_1366,0.22833544543258413,0.8350689653440528,0.22825284318199468,0.8345444988198584
1380,23.0,feeder2_1266,0.20831798141332766,0.7760627425708394,0.20824009581692218,0.7756245200405332
1380,23.0,feeder2_1372,0.21171945411730472,0.763029520567506,0.2116411761772411,0.7626091835587657
1380,23.0,feeder2_1363,0.21058926876053333,0.7517855137692353,0.2105110801940347,0.7513693549648395
1380,23.0,feeder2_1446,0.23057713537152988,0.8316372204252039,0.2304844767931996,0.831094248611381
1380,23.0,feeder2_1502,0.23164129025618163,0.8269136489311262,0.23155146801578558,0.8263454658078727
1380,23.0,feeder2_1428,0.21206770165810213,0.75018994360024,0.21199169055775252,0.7497730543450759
1380,23.0,feeder2_1380,0.20981974362800326,0.7438426652260021,0.20974410199893467,0.7434347675613423
1380,23.0,feeder2_1550,0.20918793218129864,0.7450372636157987,0.20911487961357048,0.7446292673313105
1380,23.0,feeder2_1386,0.2094207106558118,0.7394034738427541,0.20934739661527174,0.7389992437126912
1380,23.0,feeder2_1551,0.20973523924009727,0.7390493475452057,0.20966206682864164,0.7386462676673944
1380,23.0,feeder2_1400,0.20923882654010975,0.7373834826246471,0.2091650778632692,0.7369786648169784
1380,23.0,feeder2_1552,0.20930198839193365,0.7373108359199138,0.2092310893177216,0.736908353860417
1380,23.0,feeder2_1408,0.20887591283850937,0.7332692871810216,0.20880347718184386,0.7328693485005775
1380,23.0,feeder2_1553,0.21729751095345357,0.7249308758637242,0.21723185218192587,0.7245412779489946
1380,23.0,feeder2_1416,0.20872871562652326,0.7327497375515657,0.20865775075537923,0.7323504622927848
1380,23.0,feeder2_1530,0.2088677813665473,0.7330054311499037,0.20879471847950487,0.7326025281668024
1380,23.0,feeder2_1425,0.2084228556587094,0.7316274052009918,0.2083530426044917,0.7312266696799854
1380,23.0,feeder2_1589,0.20853582587749384,0.7315055172979719,0.20846145054692652,0.7311044228052215
1380,23.0,feeder2_1435,0.20836154666779716,0.7314113776868482,0.20828719820656763,0.7310111997167962
1380,23.0,feeder2_1621,0.20510323588200063,0.7295411076841273,0.2050310112147467,0.7291371208187377
1380,23.0,feeder2_1564,0.20828776972838625,0.7312693149746247,0.20821833234177617,0.7308677443145005
1380,23.0,feeder2_1704,0.23135283913508536,0.8267979304807571,0.23125894993884782,0.826229645518501
1380,23.0,feeder2_1525,0.2319598692657618,0.8258070401031452,0.23186744034909265,0.825232773266194
1380,23.0,feeder2_1716,0.23175913358115682,0.8257123573641642,0.23166594064056778,0.8251351201246606
1380,23.0,feeder2_1537,0.23232164453241932,0.8245917479759656,0.23222667191439614,0.8240071111001587
1380,23.0,feeder2_1645,0.23233266424367593,0.8245524916983278,0.23223937500507882,0.8239694389574632
1380,23.0,feeder2_1561,0.23273712454622308,0.8232388866789085,0.23264797982600985,0.822649399291113
1380,23.0,feeder2_1657,0.23282670153514914,0.8233874324613425,0.2327399758569422,0.8227951485956659
1380,23.0,feeder2_1570,0.23290945729519066,0.8226213199485944,0.23281472250924348,0.8220272398504933
1380,23.0,feeder2_1756,0.23234221557578502,0.824190432886613,0.2322503996240529,0.8235972402926302
1380,23.0,feeder2_1588,0.23305817964205572,0.8219322788638744,0.23296333212623876,0.8213351599909493
1380,23.0,feeder2_1628,0.2335496987856242,0.8227311838278372,0.23345877937545387,0.8221342477017968
1380,23.0,feeder2_1598,0.23320102074762294,0.8208340175005102,0.23311056251519743,0.8202322677361996
1380,23.0,feeder2_1816,0.23284990443372922,0.8206406993589308,0.23275396671227502,0.8200380528971938
1380,23.0,feeder2_1765,0.22892199302057592,0.819069061158174,0.22882655950959585,0.8184626167677208
1380,23.0,feeder2_1641,0.23425493225793584,0.8165372536032287,0.23415923405755634,0.8159144736780213
1380,23.0,feeder2_1689,0.23507330122559938,0.8121590255026077,0.2349796539356495,0.8115196757962014
1380,23.0,feeder2_1744,0.23411518144214422,0.8169586090776705,0.23402435465953836,0.8163364902039028
1380,23.0,feeder2_1817,0.23506973190160668,0.8121142646903005,0.23497451434217534,0.8114734154610229
1380,23.0,feeder2_1779,0.23426140636468784,0.8128554732052576,0.23416923325151875,0.8122129421578644
1380,23.0,feeder2_1800,0.23625201507145735,0.8101428208919771,0.23615724878719976,0.8095027978440074
1380,23.0,feeder2_1818,0.24864725209426164,0.8019243394606109,0.24855007317178715,0.801246836568944
1380,23.0,feeder2_1753,0.2335782905166539,0.8181341265012227,0.23348294998442304,0.8175131758947616
1380,23.0,feeder2_1754,0.23413817331782097,0.8169951590172796,0.2340423988209601,0.8163711722641018
1410,23.5,secondary,0.022697744312943035,0.017809060813853504,0.022685147292908946,0.017776851428602015
1410,23.5,feeder2_44,0.04223300531204491,0.09286868675062657,0.0422151591697787,0.09271459780956211
1410,23.5,feeder2_45,0.04295262005540365,0.09575844684012426,0.04293198333221202,0.0956007123077077
1410,23.5,feeder2_46,0.04293878077446336,0.09299963759708973,0.04292130964769224,0.09284769991883483
1410,23.5,feeder2_51,0.044218834402444826,0.10087670455487557,0.04420060451565086,0.10071103318202601
1410,23.5,feeder2_48,0.042886079349435384,0.09515178320729797,0.04286795190195491,0.09499581803337631
1410,23.5,feeder2_52,0.040400194919160325,0.10506021534159567,0.04036903932502167,0.10489045442564102
1410,23.5,feeder2_68,0.047936910682863376,0.11396825116268797,0.047917431030995085,0.11378042303052004
1410,23.5,feeder2_69,0.04810480912785369,0.11401822481892311,0.048081019615225914,0.11383029948168462
1410,23.5,feeder2_71,0.04842825428423546,0.11570467951107288,0.0484086653587218,0.11551278221770633
1410,23.5,feeder2_72,0.04838019406369229,0.11546108496291452,0.048361782354821144,0.11526934627857366
1410,23.5,feeder2_73,0.049971417832697436,0.12117589070851882,0.04994941891360211,0.12097678742089503
1410,23.5,feeder2_74,0.044822081082961894,0.12679307370065543,0.04479600262819582,0.12659044710454773
1410,23.5,feeder2_77,0.05137600832333132,0.12512056726111737,0.05135034113462258,0.12491125752911421
1410,23.5,feeder2_79,0.05173276774818238,0.1252157274603256,0.05170780783453771,0.12500697439191258
1410,23.5,feeder2_81,0.053563605577868684,0.13135224639459103,0.05353960878602015,0.13113132263410723
1410,23.5,feeder2_82,0.053486079174371016,0.1307680782065134,0.05346029096560522,0.13054735177527857
1410,23.5,feeder2_116,0.06345573093482478,0.1604830409409932,0.06343274507526107,0.16021558492150734
1410,23.5,feeder2_119,0.06149089288864987,0.16233830070871597,0.06146411266434165,0.16206678428343674
1410,23.5,feeder2_120,0.06721646193009266,0.1706003223126215,0.0671949348175115,0.17031550982963536
1410,23.5,feeder2_248,0.06684635612343906,0.17092007941817733,0.06681618483659799,0.17063480798278174
1410,23.5,feeder2_124,0.0695429559180848,0.17677490757993802,0.06951417805500118,0.17648266015730069
1410,23.5,feeder2_282,0.06950876491508425,0.1766210100145129,0.06947859842438213,0.17632558808034673
1410,23.5,feeder2_275,0.0683146234564408,0.17807079103143614,0.06828381848220602,0.17777515180659892
1410,23.5,feeder2_151,0.07376767376563649,0.18689289571883322,0.07373874079594891,0.18657944913652658
1410,23.5,feeder2_295,0.07386404358929699,0.18694089635640593,0.07383305248211425,0.18663069015359496
1410,23.5,feeder2_311,0.07593268549508247,0.18794853438188452,0.07590403553506923,0.187641039170832
1410,23.5,feeder2_201,0.08018286247540506,0.20235058436808617,0.0801559361908366,0.2020081113920239
1410,23.5,feeder2_314,0.08157357521443329,0.2003281082591081,0.0815443856896537,0.1999830185865947
1410,23.5,feeder2_342,0.08930064894017799,0.229210829880008,0.08926947433088665,0.22883327180640461
1410,23.5,feeder2_368,0.09308041731925115,0.23580796895716583,0.09305137864786393,0.23544492956631205
1410,23.5,feeder2_347,0.08857359457356574,0.23114132785137237,0.08853645520865856,0.23071662226698358
1410,23.5,feeder2_353,0.08843399930320912,0.23401228848412073,0.08840351474495121,0.2335615385544569
1410,23.5,feeder2_518,0.08809610655089373,0.22828539187390415,0.08806323281651442,0.22785810984189692
1410,23.5,feeder2_365,0.08834166429989194,0.23703275312164954,0.08830135152859259,0.2365565313594426
1410,23.5,feeder2_653,0.08733944410012319,0.23496815657606482,0.08730175992453289,0.23451552896555394
1410,23.5,feeder2_377,0.08819217076919221,0.23891595253032433,0.08815260634498959,0.23842604673301127
1410,23.5,feeder2_622,0.08950838144551784,0.2363699609146019,0.08947116384341376,0.23589931535510836
1410,23.5,feeder2_451,0.09398359313836066,0.23373015699547575,0.09395099789401154,0.23336705920821896
1410,23.5,feeder2_383,0.09916718313547838,0.24935057077844136,0.09913278558469733,0.2490129740676089
1410,23.5,feeder2_385,0.08801618281916618,0.24118304741555133,0.08797708918012165,0.24067660273843264
1410,23.5,feeder2_621,0.08829571086924742,0.23895882154540407,0.08825897116826907,0.23846887504405853
1410,23.5,feeder2_611,0.099003600408087,0.24944319221986416,0.09897371287270859,0.24910587879540025
1410,23.5,feeder2_405,0.09954937333504126,0.2502362591852689,0.0995192648172781,0.2498993391376212
1410,23.5,feeder2_461,0.08737240256806111,0.25120676203187325,0.08733419686813754,0.2506380155058971
1410,23.5,feeder2_594,0.08778754933838717,0.2414056613265287,0.08774371540647366,0.24089788428663145
1410,23.5,feeder2_732,0.0992934630114824,0.25038177758798247,0.09925706676804658,0.2500472404240342
1410,23.5,feeder2_417,0.10243922691183527,0.257037224659823,0.10241085960288487,0.2567130233046437
1410,23.5,feeder2_663,0.10259211862958466,0.2571587158262605,0.10255585827899374,0.256838092320808
1410,23.5,feeder2_444,0.10462279792727606,0.26233982494207475,0.1045902275625356,0.26202685588203195
1410,23.5,feeder2_759,0.10386716980464908,0.258420550326661,0.1038395266768385,0.25810706647622766
1410,23.5,feeder2_842,0.13170432615440156,0.28151157607591126,0.1316616825676351,0.2812326550796383
1410,23.5,feeder2_459,0.10494562708932448,0.2632906628596785,0.10490794638103569,0.26297874398724197
1410,23.5,feeder2_702,0.10458533451736106,0.26158993582242795,0.10454807937634233,0.26127844401744293
1410,23.5,feeder2_493,0.10627056091857964,0.2675759836310474,0.10624142908134825,0.2672670549474015
1410,23.5,feeder2_651,0.08756975447150835,0.25125530823181674,0.08752402439242075,0.2506854713056411
1410,23.5,feeder2_684,0.08684583787977637,0.26055567272277713,0.08679288189985482,0.2599337944264108
1410,23.5,feeder2_674,0.10551669542791343,0.2679432095162236,0.10548090916226083,0.2676311799928452
1410,23.5,feeder2_696,0.11073028343169808,0.27904099472195204,0.11069787075191274,0.27874967574164083
1410,23.5,feeder2_681,0.10545907108091712,0.26796319919033995,0.10542124557806694,0.2676523093033504
1410,23.5,feeder2_682,0.10253064623318346,0.2694685057854416,0.10249815748387643,0.26915169625063146
1410,23.5,feeder2_728,0.08684368834608334,0.25900208851360723,0.08679501777129049,0.2583806342958135
1410,23.5,feeder2_724,0.08659248135026708,0.27468760999735753,0.08653401161860802,0.27401899141817193
1410,23.5,feeder2_703,0.11482482487063447,0.2820531116483542,0.11478674542584097,0.2817677586114605
1410,23.5,feeder2_704,0.11513252604085521,0.28227487691775643,0.11509841476407803,0.28198899637790203
1410,23.5,feeder2_754,0.08650183141514346,0.27442139662184845,0.08644911142206073,0.27375541609093157
1410,23.5,feeder2_747,0.0865432208289799,0.28082837905832636,0.08648795018394762,0.2801410843194742
1410,23.5,feeder2_828,0.08680964820913832,0.25904264210006483,0.08675887825349607,0.2584207821050547
1410,23.5,feeder2_763,0.08685612886958635,0.2566552773341175,0.0868095600181107,0.25603504292263296
1410,23.5,feeder2_836,0.09124170067441564,0.2811880814362198,0.09118194094410433,0.280501210717909
1410,23.5,feeder2_758,0.0860725662271774,0.28591274701699554,0.08601209143671955,0.2852053822481012
1410,23.5,feeder2_788,0.08595142774932998,0.2855779184250627,0.08589101826877107,0.28487236305449404
1410,23.5,feeder2_812,0.084812387382,0.3030227327979298,0.08474712261542887,0.30226644280365145
1410,23.5,feeder2_947,0.08548716662668056,0.25070264408402876,0.08544398844033221,0.25007851292482053
1410,23.5,feeder2_868,0.0867984239836073,0.2564530503304085,0.08674991256177984,0.25582869781826345
1410,23.5,feeder2_785,0.08709643598749653,0.2566966910642106,0.08705269101311157,0.25607531695674496
1410,23.5,feeder2_1176,0.09032258758550685,0.2574682562179061,0.09027664824312003,0.2568502073386692
1410,23.5,feeder2_846,0.08691784559399254,0.25690551988208066,0.08687158535290182,0.2562809699477119
1410,23.5,feeder2_911,0.08724758078719323,0.25608713846012265,0.08720234743482132,0.25546288078898843
1410,23.5,feeder2_1107,0.08342839048262224,0.3228784622290326,0.08335848489412154,0.3221187255269507
1410,23.5,feeder2_920,0.08488696734900204,0.3025937036854695,0.0848207386898928,0.3018254589059869
1410,23.5,feeder2_926,0.08500894910483632,0.30150684870161176,0.08494218205067394,0.30072069847259036
1410,23.5,feeder2_1239,0.08487433389996991,0.3031752091710158,0.08480645369721387,0.3024059258968678
1410,23.5,feeder2_933,0.08506874812380684,0.3010716318927577,0.08500530134148504,0.30028145330214956
1410,23.5,feeder2_1146,0.0849816048865959,0.3013649255334729,0.08492014502586222,0.3005810076495674
1410,23.5,feeder2_1124,0.08613679500730956,0.30025365373471824,0.0860690217139158,0.29946045660715076
1410,23.5,feeder2_942,0.08494388507970747,0.30069183744221345,0.08487895064208338,0.299881156456845
1410,23.5,feeder2_952,0.08515048298940649,0.30152384941889887,0.0850789778112119,0.30068007348390496
1410,23.5,feeder2_965,0.08489320950314176,0.30052737828188586,0.08482687483459674,0.2997136779157568
1410,23.5,feeder2_961,0.08521965841894615,0.3018624786325973,0.08515262539588059,0.301017995780651
1410,23.5,feeder2_963,0.08514043701961854,0.3014716930948437,0.08507074024221734,0.3006283598762665
1410,23.5,feeder2_973,0.08563006881854296,0.30205407646344856,0.08556155798615214,0.30119343946693555
1410,23.5,feeder2_1128,0.08514889770599426,0.30466232746426214,0.085075698295946,0.30381345010594785
1410,23.5,feeder2_1113,0.08510862615708997,0.30141428355819694,0.08503630458070799,0.30057076223644935
1410,23.5,feeder2_1143,0.08447619882070996,0.2980189361097657,0.0844041223838412,0.29717468059386737
1410,23.5,feeder2_1238,0.08439747994889808,0.2965425497274139,0.08434100349423958,0.2957291760966285
1410,23.5,feeder2_979,0.08489049590157711,0.30067698822333383,0.08482350995474497,0.2998637890659111
1410,23.5,feeder2_1236,0.08621956633294434,0.30233130131002595,0.08614773732253993,0.3014434494876987
1410,23.5,feeder2_989,0.08563028252519449,0.3020542953398644,0.08556294036853333,0.30119153073209753
1410,23.5,feeder2_1196,0.08448284550420178,0.3013369656584899,0.08441271760049933,0.30052283298521215
1410,23.5,feeder2_1158,0.08577597481047472,0.3020683600835016,0.08570758838396998,0.3012093933571186
1410,23.5,feeder2_1122,0.08280205313985511,0.33103355228175435,0.08273284708109381,0.330272009562501
1410,23.5,feeder2_1258,0.08399445292411273,0.32240415560853786,0.0839279969623688,0.32164457343407077
1410,23.5,feeder2_1303,0.08273454226908808,0.33092032912228136,0.0826667303829102,0.3301613655144498
1410,23.5,feeder2_1138,0.08233384939901474,0.3375395133186968,0.0822640576381003,0.3367793677023662
1410,23.5,feeder2_1304,0.08136256274259385,0.33928907730575364,0.08128986522011425,0.33852921920348367
1410,23.5,feeder2_1212,0.08139174398576351,0.3500391263154973,0.0813202899288906,0.3492759842947689
1410,23.5,feeder2_1311,0.08267956636693882,0.34992780646252386,0.08261087334467627,0.34916236550102225
1410,23.5,feeder2_1290,0.08037228447765622,0.36590503636465577,0.08029807549920394,0.3651409073563991
1410,23.5,feeder2_1325,0.08673484685307974,0.3030079225109797,0.08666405086155718,0.30208929708074606
1410,23.5,feeder2_1248,0.08622573165298188,0.3023295579325793,0.08615365112526324,0.3014423518347386
1410,23.5,feeder2_1249,0.08433730817842884,0.2954155592518054,0.0842752602582112,0.29459851916927476
1410,23.5,feeder2_1250,0.08437619026784846,0.29649115294388645,0.08432077089719231,0.29567861492797176
1410,23.5,feeder2_1366,0.08766939791932167,0.3018734624738202,0.08760244049169857,0.3009902575994042
1410,23.5,feeder2_1266,0.08405913331074745,0.3224116595338787,0.08399025981066499,0.32165592748000776
1410,23.5,feeder2_1372,0.0793052964443698,0.3642818437794944,0.0792264753150352,0.36351522715666207
1410,23.5,feeder2_1363,0.07992864358417691,0.3853827388734782,0.07984766475143994,0.38461616275896543
1410,23.5,feeder2_1446,0.0866712327657018,0.3028707380142917,0.0865978120258243,0.3019543631586281
1410,23.5,feeder2_1502,0.08735082126560195,0.30404365570015907,0.08727407696328222,0.3030855835595045
1410,23.5,feeder2_1428,0.07969863779619138,0.38587085523546677,0.07961775563139367,0.3851050837090419
1410,23.5,feeder2_1380,0.07958495461552548,0.4083170432444271,0.07949404710510002,0.40754712902974255
1410,23.5,feeder2_1550,0.0799069770646485,0.4083084714239295,0.07982327498113295,0.40754156324138563
1410,23.5,feeder2_1386,0.0795271909201314,0.4195760053470964,0.0794358346802069,0.41880737989547223
1410,23.5,feeder2_1551,0.0762904581072576,0.4233047727845809,0.07620005694694329,0.4225404844992092
1410,23.5,feeder2_1400,0.07961563823336178,0.4240472175024186,0.07952330293314697,0.42327985678630903
1410,23.5,feeder2_1552,0.07957105390411652,0.424237047302507,0.07947447648994932,0.42346754655352237
1410,23.5,feeder2_1408,0.07982037237041151,0.4332154825993582,0.0797240099850139,0.4324485911175191
1410,23.5,feeder2_1553,0.07325916993531237,0.4516888497141058,0.07314870367426714,0.45092077230015826
1410,23.5,feeder2_1416,0.07988713469493282,0.4339954967174489,0.07979585113556897,0.4332284809674691
1410,23.5,feeder2_1530,0.07972826965813518,0.4337886216239396,0.0796342217506597,0.43301846189115645
1410,23.5,feeder2_1425,0.08004074009926763,0.43560322782460204,0.07994113644449453,0.4348344299738852
1410,23.5,feeder2_1589,0.07995443168690537,0.43583822542430034,0.0798627616081874,0.43507179124139694
1410,23.5,feeder2_1435,0.08007082210000693,0.43590630563037924,0.07997723010497698,0.4351404058941671
1410,23.5,feeder2_1621,0.08349207244378315,0.435726241618466,0.08339691599663478,0.4349572385866485
1410,23.5,feeder2_1564,0.07980300428729258,0.43935073055009594,0.07971233822004346,0.4385860670536589
1410,23.5,feeder2_1704,0.08763971305533871,0.30400732581493645,0.08756687833691124,0.3030522695861379
1410,23.5,feeder2_1525,0.0874875924574524,0.304328244840686,0.08740801926170375,0.30336069666202936
1410,23.5,feeder2_1716,0.08855754914638679,0.3025456002115347,0.088478716861644,0.3015822101485141
1410,23.5,feeder2_1537,0.0875810964413908,0.30491343886178074,0.08750223236811552,0.30393490407112
1410,23.5,feeder2_1645,0.08657844338141235,0.3058498153839111,0.08650436614967484,0.304876389878655
1410,23.5,feeder2_1561,0.0877896823859676,0.30504689133470086,0.08771295637527829,0.3040580995150496
1410,23.5,feeder2_1657,0.08773270427578454,0.3049278882248815,0.08765843215711899,0.30394069494071535
1410,23.5,feeder2_1570,0.087885828158931,0.30514047725320204,0.08781302830932626,0.3041482140464462
1410,23.5,feeder2_1756,0.09091361211498099,0.30532007849669934,0.09084942076160593,0.304328479664112
1410,23.5,feeder2_1588,0.08797520664585894,0.30525677066800716,0.0878909940088719,0.30425563428920344
1410,23.5,feeder2_1628,0.08767640719166536,0.30464025146554075,0.08759668050733085,0.3036377663230496
1410,23.5,feeder2_1598,0.08812565787479097,0.3055942018408558,0.08805276912909289,0.304591279659382
1410,23.5,feeder2_1816,0.08849326278610471,0.305597177540111,0.08841358639451327,0.3045921240952853
1410,23.5,feeder2_1765,0.09201470865796664,0.3052100687920042,0.0919382696674686,0.3042067356794721
1410,23.5,feeder2_1641,0.08849086619917051,0.3072983460170348,0.08841250524227948,0.3062639885505126
1410,23.5,feeder2_1689,0.08882284068612718,0.3089451625383996,0.08874077317563574,0.3078806157127076
1410,23.5,feeder2_1744,0.08888391066597923,0.30728245260056425,0.08880483354815588,0.30624617826242506
1410,23.5,feeder2_1817,0.0888220934911935,0.30902289162479396,0.08874153067225553,0.3079625886686939
1410,23.5,feeder2_1779,0.08915961858036302,0.30831821353093647,0.08907557794721761,0.30725567394051256
1410,23.5,feeder2_1800,0.08460911465516273,0.3139529979962118,0.084522806227409,0.3128902630285649
1410,23.5,feeder2_1818,0.09336322451200096,0.30572559969263746,0.09327979435355581,0.30461446398003605
1410,23.5,feeder2_1753,0.08879663653621836,0.307129068497511,0.08871729778700796,0.30609257992662353
1410,23.5,feeder2_1754,0.08917794495404847,0.307306263212573,0.08909960789219099,0.30626995128368834
1440,24.0,secondary,0.019719514773641984,0.019639456685871422,0.019704478260871437,0.019640664125447158
1440,24.0,feeder2_44,0.03669693077953412,0.10242877698968596,0.03666606378123096,0.10242400725178138
1440,24.0,feeder2_45,0.03727111317943265,0.10591624448560973,0.03723756845729457,0.10590748162160413
1440,24.0,feeder2_46,0.039003184103690275,0.09892320195534851,0.038972894322075846,0.09891355285624664
1440,24.0,feeder2_51,0.038288040885458695,0.11204753188939899,0.038253422214176144,0.11204051375705347
1440,24.0,feeder2_48,0.03702573532258897,0.10549301352508456,0.036993155624428876,0.10548823798615711
1440,24.0,feeder2_52,0.03281644398927034,0.11969156557303463,0.03278772897163827,0.11968189695937571
1440,24.0,feeder2_68,0.04137811497605101,0.12645492249972687,0.041335125196416,0.12644579054477853
1440,24.0,feeder2_69,0.04155477038011814,0.12640725937474295,0.041515806229686404,0.1264007829755903
1440,24.0,feeder2_71,0.04178574476092152,0.12836507964532404,0.041744344216014515,0.12835431651652776
1440,24.0,feeder2_72,0.04167214320775007,0.1281849304318036,0.041629831871889435,0.12817636448613537
1440,24.0,feeder2_73,0.043067064091293794,0.13436723470812845,0.04302721703216937,0.1343597502138041
1440,24.0,feeder2_74,0.03917473056438535,0.1427821481956288,0.03913887109951614,0.14277357172851168
1440,24.0,feeder2_77,0.04417720668995842,0.13824940388415882,0.044132906605444944,0.13823928908277147
1440,24.0,feeder2_79,0.04631371485512034,0.1346256985181667,0.046267782792591465,0.1346099410785122
1440,24.0,feeder2_81,0.04565153379041655,0.1456950359503787,0.045610973949867156,0.14568715004277927
1440,24.0,feeder2_82,0.04542013157810171,0.14528614126151307,0.0453756805882841,0.14528026021374296
1440,24.0,feeder2_116,0.052391062528278395,0.17960070574842013,0.05233562384028153,0.1795896715900897
1440,24.0,feeder2_119,0.049496096191186105,0.18492254763022248,0.0494481805587437,0.18491603001480886
1440,24.0,feeder2_120,0.054961601577652175,0.18934677159159496,0.0549030009014173,0.18933395807510814
1440,24.0,feeder2_248,0.05467626585267189,0.18984068378632393,0.05461827727236258,0.18983117447270165
1440,24.0,feeder2_124,0.05655574892837505,0.1951591227599791,0.056493740785568645,0.1951450626652056
1440,24.0,feeder2_282,0.05649021431990177,0.19504147722779924,0.05642556225330935,0.19502730852951136
1440,24.0,feeder2_275,0.055322921721530374,0.19627327365550248,0.05525336321000286,0.19625712197413528
1440,24.0,feeder2_151,0.05950713604128877,0.20460438209525109,0.05943993188524613,0.20459024783253135
1440,24.0,feeder2_295,0.05960740581856552,0.20458626964955437,0.05954122686898112,0.20457168280373136
1440,24.0,feeder2_311,0.06182883572663494,0.20408527852038344,0.061757575528582354,0.20406398489146962
1440,24.0,feeder2_201,0.06386068311817099,0.22073429842353193,0.0637867432524411,0.2207217801451331
1440,24.0,feeder2_314,0.06384426091509207,0.2198102209076477,0.06376328814381535,0.2197955559065732
1440,24.0,feeder2_342,0.0705349902541759,0.245898944863183,0.07044761375262873,0.24587994475153271
1440,24.0,feeder2_368,0.07368085131757869,0.24500396167935573,0.07359424751382762,0.24495990383372115
1440,24.0,feeder2_347,0.06961029063017113,0.2611295613510963,0.06951437830852863,0.2611481012405052
1440,24.0,feeder2_353,0.06937461420232093,0.27023686328888574,0.06927883869076626,0.2702790119622034
1440,24.0,feeder2_518,0.0687914914631062,0.2593809301729619,0.06869475136297161,0.2594050317556913
1440,24.0,feeder2_365,0.06914421801094647,0.27988904975412326,0.06904797123423227,0.27995214790827316
1440,24.0,feeder2_653,0.0684898316595049,0.2716984325988967,0.06839594912051691,0.27173830226819623
1440,24.0,feeder2_377,0.06898700444726913,0.2852904087722553,0.06888931073642221,0.28536350938090776
1440,24.0,feeder2_622,0.06982154570262411,0.2796811675114,0.0697264005908239,0.2797439484271688
1440,24.0,feeder2_451,0.0735932673456734,0.24479450993951224,0.07350273321893214,0.24474713951171764
1440,24.0,feeder2_383,0.07881609679483535,0.24497333800772392,0.07872951418811358,0.24488925234153514
1440,24.0,feeder2_385,0.06880116335952186,0.2916231972866493,0.06870313371244642,0.29171364451824067
1440,24.0,feeder2_621,0.06909299782455013,0.2852555444433619,0.06899290257623832,0.2853300274263214
1440,24.0,feeder2_611,0.07867370125242161,0.24518078961528514,0.07858531274670277,0.24509563415567737
1440,24.0,feeder2_405,0.0791386513104637,0.2450122032940653,0.07905381560566052,0.24492732022922112
1440,24.0,feeder2_461,0.0680851844787679,0.3177544999028095,0.06798113742306101,0.31789590776411103
1440,24.0,feeder2_594,0.06860712899577172,0.2919558427613552,0.06850681103236364,0.2920421060357312
1440,24.0,feeder2_732,0.07339434101066268,0.250391926971567,0.07330512055813616,0.2502983867164062
1440,24.0,feeder2_417,0.08191754760205136,0.2442672850696884,0.08182453348086226,0.244160856529779
1440,24.0,feeder2_663,0.08256786466949967,0.24314339996411966,0.08247780147252255,0.2430365587438133
1440,24.0,feeder2_444,0.08394477445439794,0.24422321031934122,0.08385142478245562,0.24410420997967333
1440,24.0,feeder2_759,0.08417655858095485,0.24060784565469065,0.0840886583437195,0.24050021516165365
1440,24.0,feeder2_842,0.10930373184921655,0.24453545584485611,0.10921972022338393,0.2443660874445589
1440,24.0,feeder2_459,0.08425289650547324,0.24443209465578047,0.0841632563131894,0.2443128022879857
1440,24.0,feeder2_702,0.08450948299385853,0.2421475492849739,0.08442199009530678,0.2420373097598702
1440,24.0,feeder2_493,0.08553288758128212,0.24627618678625357,0.08543930105873847,0.24614698630191476
1440,24.0,feeder2_651,0.06828820099977383,0.3176585974493913,0.06818511745346206,0.31780255990798445
1440,24.0,feeder2_684,0.06748470187476398,0.3400938652645982,0.06737828798707457,0.3402809451203088
1440,24.0,feeder2_674,0.08476801896728356,0.24732837975509672,0.08467698441350154,0.24720099303924523
1440,24.0,feeder2_696,0.089796170557591,0.24785083914206854,0.08970534488866388,0.24769164503251703
1440,24.0,feeder2_681,0.08471929770692282,0.24740232798655565,0.08462786776687788,0.24727326070938987
1440,24.0,feeder2_682,0.08177386692557495,0.2515831372403084,0.08168969953646286,0.2514649523976929
1440,24.0,feeder2_728,0.06747709170100004,0.33867099887304813,0.06736718923919822,0.338853630402178
1440,24.0,feeder2_724,0.06700660297731906,0.3669544372244178,0.06689912939870712,0.36717907405621375
1440,24.0,feeder2_703,0.09315056798796514,0.2480640552564797,0.09306515480560479,0.2479004989376937
1440,24.0,feeder2_704,0.09435692834592153,0.2481394687665867,0.09426999347807337,0.2479723232812262
1440,24.0,feeder2_754,0.06688162625613878,0.3668142485791599,0.06676788166335249,0.3670365940785643
1440,24.0,feeder2_747,0.06685258840372776,0.3781670267265364,0.06673697593349563,0.3784022675359955
1440,24.0,feeder2_828,0.06744897802274993,0.338726078542508,0.06733569329809054,0.3389077627537748
1440,24.0,feeder2_763,0.06747276609931317,0.336489262132216,0.06736367951741426,0.336672794382753
1440,24.0,feeder2_836,0.06707207048238298,0.3780462295345538,0.0669583887815972,0.37828317277414303
1440,24.0,feeder2_758,0.06670799138793275,0.3879222486832812,0.06659168759884604,0.38817069005984883
1440,24.0,feeder2_788,0.06783784637927667,0.3890942187295517,0.06771624343133278,0.3893491046135132
1440,24.0,feeder2_812,0.06647192338302362,0.41701654720812015,0.06635654999501506,0.4173034013227704
1440,24.0,feeder2_947,0.06541608380118387,0.3336240454682045,0.06530325262639408,0.3338200100379821
1440,24.0,feeder2_868,0.06768010317008206,0.33662725322005377,0.06757139864904718,0.3368145649726409
1440,24.0,feeder2_785,0.06770035637986313,0.33583026632978535,0.0675908552915862,0.33601305181609686
1440,24.0,feeder2_1176,0.07305701004636216,0.33044568979961664,0.07295297511302155,0.33062198661221726
1440,24.0,feeder2_846,0.06685624991268292,0.33652182073371356,0.06675091669370423,0.3367069891509194
1440,24.0,feeder2_911,0.06767961596485636,0.33576431265333506,0.06757223628401259,0.3359461553363116
1440,24.0,feeder2_1107,0.06539946383901878,0.44178971454612365,0.065286183060063,0.4420695114816359
1440,24.0,feeder2_920,0.06676222868443865,0.41838101209102624,0.0666440298326304,0.418677292030159
1440,24.0,feeder2_926,0.06720018741721798,0.4203127514719275,0.06708041033329247,0.4206271198047012
1440,24.0,feeder2_1239,0.06676237210770707,0.4185637253080314,0.06664233305452102,0.4188597105682688
1440,24.0,feeder2_933,0.06740963809401564,0.4209332772452435,0.06728285002515878,0.4212499532376405
1440,24.0,feeder2_1146,0.06713759540073769,0.4215095770808379,0.06701237240291823,0.42182222824270926
1440,24.0,feeder2_1124,0.06756125573731328,0.42084245685973354,0.06743601355132796,0.42115843944461
1440,24.0,feeder2_942,0.06791513698097276,0.4226096786590322,0.06778865488301966,0.4229457668696499
1440,24.0,feeder2_952,0.06916741806249703,0.4226003062084023,0.06903631077878175,0.4229522554368028
1440,24.0,feeder2_965,0.06784967638262349,0.42293825199628593,0.06772147072879302,0.42327062512212227
1440,24.0,feeder2_961,0.06933730874289507,0.42257331763715517,0.06920219985084484,0.4229235601089556
1440,24.0,feeder2_963,0.06915998943552068,0.42260619963891194,0.06902820781066604,0.4229584469282305
1440,24.0,feeder2_973,0.07024620882259229,0.4202405894795937,0.07011212408081342,0.4206045587884547
1440,24.0,feeder2_1128,0.06933260940890211,0.426362729590975,0.06919835577815227,0.42671149754081067
1440,24.0,feeder2_1113,0.06967252784051149,0.42324428529634406,0.06954075233661965,0.42359693610760935
1440,24.0,feeder2_1143,0.06871875596889827,0.42142294717786827,0.06858798095543005,0.42178402329329484
1440,24.0,feeder2_1238,0.07023002346491149,0.42578336280745643,0.07009510752108275,0.42613396222135397
1440,24.0,feeder2_979,0.06781129221511133,0.4232082869760254,0.06768036007931703,0.423539348285348
1440,24.0,feeder2_1236,0.07137382499402506,0.4179344254997926,0.0712340633732164,0.41830624181836246
1440,24.0,feeder2_989,0.07024828876422805,0.42022996438899607,0.07010933428272602,0.4205871337835772
1440,24.0,feeder2_1196,0.066638090094208,0.42426001581686795,0.06651344508425967,0.42459742003222617
1440,24.0,feeder2_1158,0.07104555466486262,0.41889384033017796,0.070911007988424,0.4192513143554791
1440,24.0,feeder2_1122,0.06502332504002152,0.451551585896144,0.06491198631073188,0.45182992354349416
1440,24.0,feeder2_1258,0.06570331375520923,0.4416193730805105,0.06559576828134649,0.4419029250905352
1440,24.0,feeder2_1303,0.06494080335670815,0.4514815650981706,0.06483639514928621,0.45176244145843936
1440,24.0,feeder2_1138,0.06477119394779517,0.4592742586266966,0.06466341152381476,0.4595494198606413
1440,24.0,feeder2_1304,0.06336009506162003,0.4630666980468269,0.06325745203048816,0.4633455840849574
1440,24.0,feeder2_1212,0.06424763907055529,0.4725202644510519,0.06414563029551318,0.4727940260831344
1440,24.0,feeder2_1311,0.06461614183291152,0.47325809916487477,0.06450910258824576,0.4735362309636046
1440,24.0,feeder2_1290,0.06383491704588101,0.4884096323332961,0.06373272000291451,0.4886790079032565
1440,24.0,feeder2_1325,0.07261112157220873,0.4157822112310654,0.07246721021255761,0.41617231532115395
1440,24.0,feeder2_1248,0.0713808690359452,0.4179292318549478,0.0712400869750239,0.4183021147241897
1440,24.0,feeder2_1249,0.07029615104747024,0.42583375060923556,0.07015521187606717,0.42618443932100397
1440,24.0,feeder2_1250,0.07215819164799007,0.42773103015387476,0.07202049945778648,0.4280885885891044
1440,24.0,feeder2_1366,0.07305158541590913,0.41666532657038724,0.0729140562687431,0.4170348709818907
1440,24.0,feeder2_1266,0.06576670679696987,0.4415897707434812,0.06565934135087444,0.4418743864833209
1440,24.0,feeder2_1372,0.06272914917988093,0.4875417456323196,0.06262645398881896,0.487813015612876
1440,24.0,feeder2_1363,0.06402214107933642,0.5068770644299961,0.06393467706045686,0.5071453480217231
1440,24.0,feeder2_1446,0.07381210363704449,0.4172399474512709,0.07366592961648906,0.4176349289862409
1440,24.0,feeder2_1502,0.07407368271647038,0.4117795421706845,0.07391886111031871,0.412177379039695
1440,24.0,feeder2_1428,0.06388831800560972,0.5074112952998472,0.06380157699612449,0.5076813209365068
1440,24.0,feeder2_1380,0.06446037307351443,0.5284930566046311,0.0643729286634812,0.5287485057314013
1440,24.0,feeder2_1550,0.06455332977681809,0.528982388374662,0.06447086015942183,0.5292461704366356
1440,24.0,feeder2_1386,0.06482647997710193,0.5388659543494317,0.0647483933678588,0.5391191847480906
1440,24.0,feeder2_1551,0.06361252207006539,0.5414166764356232,0.06353646287897105,0.5416677902350995
1440,24.0,feeder2_1400,0.06501901040437846,0.5431938917040489,0.06494457517426569,0.5434514985766183
1440,24.0,feeder2_1552,0.06342143535369674,0.5444248922573295,0.06334511781103347,0.5446744426768866
1440,24.0,feeder2_1408,0.06554895781149632,0.5514587153652678,0.06547092080644895,0.5517068191594863
1440,24.0,feeder2_1553,0.0641367943739004,0.5699911317687538,0.06410185561674424,0.5702419431051631
1440,24.0,feeder2_1416,0.06556524011917275,0.5515972166017045,0.06549460205453066,0.5518521225159329
1440,24.0,feeder2_1530,0.06536893711092229,0.5514718960973866,0.06529357447358701,0.5517217638138813
1440,24.0,feeder2_1425,0.06562393926012665,0.5519418351385282,0.06554742815552668,0.552187767163961
1440,24.0,feeder2_1589,0.06397127154762744,0.5532316775943082,0.06389921802407145,0.5534780337657219
1440,24.0,feeder2_1435,0.06565439307093128,0.5518754768212774,0.06558516902116363,0.5521265772168685
1440,24.0,feeder2_1621,0.06773236102544879,0.550668945225657,0.06765516440608861,0.5509113716596281
1440,24.0,feeder2_1564,0.06568660834581166,0.5522516096570239,0.06561293190040743,0.552499349398467
1440,24.0,feeder2_1704,0.07565007001541177,0.4092354853091428,0.07549792875472609,0.40963362629470024
1440,24.0,feeder2_1525,0.07426544901071087,0.4116827445378543,0.07411821572324932,0.4120899925357577
1440,24.0,feeder2_1716,0.07705704026559898,0.40666755804621224,0.0769140537706187,0.4070750249787832
1440,24.0,feeder2_1537,0.07433495282195944,0.4123440464152523,0.07418384612178085,0.4127543907617537
1440,24.0,feeder2_1645,0.07430749436085085,0.4124510301528077,0.07415419687390463,0.41285615189992336
1440,24.0,feeder2_1561,0.07441045362746834,0.4130350476326289,0.07425605469994091,0.4134515899155761
1440,24.0,feeder2_1657,0.07434041573659576,0.41297411397109157,0.0741896718179997,0.4133907523328715
1440,24.0,feeder2_1570,0.07444954464967087,0.4133511264007799,0.07429189245019358,0.41376448483304235
1440,24.0,feeder2_1756,0.0757258516033563,0.414921985542995,0.07556416207569028,0.4153396841388186
1440,24.0,feeder2_1588,0.07449221109622065,0.4135645452362175,0.07433949325819932,0.41398318693030045
1440,24.0,feeder2_1628,0.07440257513551374,0.4134869536043883,0.07425010850195427,0.4139076800091782
1440,24.0,feeder2_1598,0.07455619986823098,0.41386172422043577,0.0743968337456832,0.41427725770758533
1440,24.0,feeder2_1816,0.0749211850189763,0.41367920581822076,0.07476730071466316,0.4140992917105287
1440,24.0,feeder2_1765,0.07857939404192525,0.41139523790970806,0.07842411865095422,0.41180627671451553
1440,24.0,feeder2_1641,0.07450202787936396,0.41636475076903495,0.07434201443279041,0.4167976501387881
1440,24.0,feeder2_1689,0.07449128824327765,0.4185917951576649,0.07433320456027452,0.41903514656464974
1440,24.0,feeder2_1744,0.07444270162329786,0.41631158788855366,0.07428156471087866,0.4167393494508109
1440,24.0,feeder2_1817,0.07449238939711705,0.41868141749935434,0.07432743486428478,0.4191204047661399
1440,24.0,feeder2_1779,0.07488495938913485,0.4178866223748714,0.07471681236692548,0.4183231440662698
1440,24.0,feeder2_1800,0.07183919290366096,0.42203389877609326,0.07167705587424227,0.42247105141984803
1440,24.0,feeder2_1818,0.07521910617031491,0.41775114367803307,0.07501338699002627,0.41822072737278604
1440,24.0,feeder2_1753,0.07433944515767407,0.41621771994610013,0.07418204442262291,0.4166527169194796
1440,24.0,feeder2_1754,0.07442420910309952,0.4162952629951949,0.07426793446609768,0.4167281812573952
