Time_sample,Time_h,Bus,OPF_VUF2_percent,OPF_VUF0_percent,DSS_VUF2_percent,DSS_VUF0_percent
30,0.5,secondary,0.014519566397024699,0.02353483319333502,0.014517361800418009,0.023532356638851094
30,0.5,feeder2_44,0.02701553245408566,0.12272414319703531,0.027018082629689875,0.12272457346335881
30,0.5,feeder2_45,0.027437117929648692,0.12664167156423992,0.027432748705591918,0.126645001912167
30,0.5,feeder2_46,0.028232526482186788,0.12149745669328339,0.028232408270187928,0.12149885554168396
30,0.5,feeder2_51,0.028182810294640776,0.13354476470027388,0.028184897984534708,0.13354782842336105
30,0.5,feeder2_48,0.027399988474581652,0.12599696068766753,0.02740003777353326,0.1259981223144642
30,0.5,feeder2_52,0.024691624254101582,0.13757556067184176,0.02468797223495326,0.1375778785148437
30,0.5,feeder2_68,0.030591130634176383,0.15149251575007092,0.030586618290520277,0.1514925688798275
30,0.5,feeder2_69,0.03075647586571167,0.1515841104172324,0.03075635316666883,0.15158662988680308
30,0.5,feeder2_71,0.030908702606730152,0.15386401372337374,0.030906819537716297,0.15386597978638217
30,0.5,feeder2_72,0.03087163122618885,0.1536122359876615,0.030871388735985217,0.15361053562257354
30,0.5,feeder2_73,0.03190749013680129,0.16131521512222036,0.03190290499020289,0.16131691772062554
30,0.5,feeder2_74,0.03180627780823549,0.16138948506162346,0.031808875185794803,0.16138745634996665
30,0.5,feeder2_77,0.03276649248543847,0.1676960898372099,0.032772608055942835,0.16769585880273408
30,0.5,feeder2_79,0.033117395841668375,0.1678746805752039,0.03311080969284067,0.16787688284016425
30,0.5,feeder2_81,0.034093721285892796,0.1776987148524081,0.0340967930029992,0.1776978302535415
30,0.5,feeder2_82,0.034037516764576545,0.17709202783158992,0.034038566006736284,0.17709192063759766
30,0.5,feeder2_116,0.04015327986290747,0.2231956361597584,0.04015287460204697,0.2231932737177921
30,0.5,feeder2_119,0.037916210758388275,0.22551975537842445,0.0379170054000812,0.2255211452982171
30,0.5,feeder2_120,0.04264174810293445,0.23882072768031531,0.04264489737811033,0.23882102874367472
30,0.5,feeder2_248,0.040472444968787866,0.24104919821052503,0.04047402266292924,0.24104997214187263
30,0.5,feeder2_124,0.04434446156454783,0.24755928155046655,0.044348209837933035,0.24755788670485418
30,0.5,feeder2_282,0.0443098844089759,0.24740500872679552,0.04430948801126535,0.2474070016445946
30,0.5,feeder2_275,0.044227085411959154,0.24763079257161202,0.04422660418389997,0.24763141502615113
30,0.5,feeder2_151,0.04732522266576108,0.2628355894775349,0.04732290412836114,0.262834780965927
30,0.5,feeder2_295,0.04742193129237561,0.2628912119558422,0.04742132647122296,0.26289203882477036
30,0.5,feeder2_311,0.047602851727054044,0.26298644665551535,0.047605880116714405,0.2629845465624417
30,0.5,feeder2_201,0.05217840130832857,0.28797405274494836,0.05218455906709841,0.2879721210855213
30,0.5,feeder2_314,0.05213819962462791,0.28785044599437476,0.05213831602679546,0.28785087099757306
30,0.5,feeder2_342,0.05910606123211181,0.32392183972543104,0.05910391902006407,0.323921847248212
30,0.5,feeder2_368,0.060877283376781104,0.3280343440623906,0.060877789843335986,0.3280347832231794
30,0.5,feeder2_347,0.060089069035102576,0.3340038356274087,0.06009178106161934,0.3340014516536283
30,0.5,feeder2_353,0.06060430325932292,0.33922996155377544,0.060609157657809345,0.3392226851145906
30,0.5,feeder2_518,0.060029273795740405,0.3337179171834334,0.060028456293273975,0.33371442580720545
30,0.5,feeder2_365,0.06118990428883154,0.3449865572877814,0.06118978703677841,0.34497936188263767
30,0.5,feeder2_653,0.060366497041876035,0.339411197510694,0.060363524308002015,0.339404244866608
30,0.5,feeder2_377,0.06083628452997668,0.34642763517739117,0.06084130492597488,0.34641623266034205
30,0.5,feeder2_622,0.0729600747764522,0.3509001548000829,0.07296146285324034,0.35089795142073815
30,0.5,feeder2_451,0.060823861581362514,0.32776777772298216,0.060826701971588196,0.3277714338974309
30,0.5,feeder2_383,0.06377402379880662,0.3350478834625616,0.06377362029711058,0.3350544226244096
30,0.5,feeder2_385,0.06042467219217539,0.34814927982576943,0.06042384655843959,0.3481312896781248
30,0.5,feeder2_621,0.060939931644723534,0.3464830776667541,0.0609443039819393,0.3464715813868807
30,0.5,feeder2_611,0.06361142896382528,0.33515246233975104,0.06361585580087806,0.33515883806391034
30,0.5,feeder2_405,0.06395672883081664,0.33548759005264095,0.06395953175763677,0.33549386132804426
30,0.5,feeder2_461,0.0592541614387038,0.35348737512984846,0.05925552897018441,0.35345761240325174
30,0.5,feeder2_594,0.05900583430635139,0.34961536697715445,0.05900632391178693,0.34960050032172146
30,0.5,feeder2_732,0.061232033538046904,0.3383221074974694,0.061235480489460814,0.3383279743273692
30,0.5,feeder2_417,0.06550215464491049,0.3382210782892866,0.0655021202747246,0.3382266769335188
30,0.5,feeder2_663,0.06565511848784612,0.33833354358343254,0.06565604449242947,0.3383423746543604
30,0.5,feeder2_444,0.06666379078800216,0.3402896284425527,0.06666331695314616,0.3402993240170794
30,0.5,feeder2_759,0.06860335372943802,0.33839976659420984,0.0686075303825448,0.33840811299957263
30,0.5,feeder2_842,0.08754309520787325,0.3531060566385877,0.08754233803310361,0.35312171332740055
30,0.5,feeder2_459,0.06668333660113646,0.3403401064927309,0.06668718021109349,0.34035204177180206
30,0.5,feeder2_702,0.06666998870100037,0.34028101602217775,0.06667314585965886,0.34029384877592
30,0.5,feeder2_493,0.06676095912898133,0.3405548386937106,0.06676673539288847,0.34056289472071116
30,0.5,feeder2_651,0.05945159572223586,0.3535675799240112,0.05945710313816457,0.3535364558227923
30,0.5,feeder2_684,0.05828717941530279,0.35869675353047187,0.05828708002631192,0.35865179069152303
30,0.5,feeder2_674,0.06672633332333931,0.3405733155541428,0.06672902655286943,0.3405870003398585
30,0.5,feeder2_696,0.06701107235517302,0.3411153622553533,0.06701514981002635,0.3411249619409256
30,0.5,feeder2_681,0.0666680460638974,0.3406028537074103,0.06667111414405767,0.34061186970155977
30,0.5,feeder2_682,0.06667136853220292,0.34060511681801486,0.06667136227289944,0.340616612606004
30,0.5,feeder2_728,0.05815260814501638,0.35874437151728245,0.05815037138852813,0.3587005696738441
30,0.5,feeder2_724,0.057611967085081255,0.3647485716796542,0.0576080313261912,0.36469052015667575
30,0.5,feeder2_703,0.06765270072787394,0.3415069855430629,0.06765820548154305,0.34151663293607104
30,0.5,feeder2_704,0.06714929868241636,0.3411986222045335,0.06715445455200893,0.34120838621169935
30,0.5,feeder2_754,0.05752247348579952,0.3644664928901149,0.057524468769686664,0.36441133186660907
30,0.5,feeder2_747,0.057373602939005695,0.36758777983389,0.057374333013092166,0.3675253734166498
30,0.5,feeder2_828,0.0581188661749383,0.3587780034276151,0.058123320570194086,0.35873603436315743
30,0.5,feeder2_763,0.05796246557929645,0.35877157772666335,0.05796637895033571,0.35873107402930476
30,0.5,feeder2_836,0.05817741541288555,0.36665856226967913,0.05817422559039069,0.36659673449145225
30,0.5,feeder2_758,0.05703907960281852,0.3704958883763548,0.05703612389076346,0.37042671869429
30,0.5,feeder2_788,0.05774369827018619,0.3696909027061241,0.05774384640866441,0.3696260785913201
30,0.5,feeder2_812,0.056087391387874976,0.38121715411360657,0.056090876025945306,0.3811368922648612
30,0.5,feeder2_947,0.05778617253192093,0.3581434266034331,0.05778929922422316,0.3581016910297577
30,0.5,feeder2_868,0.05825830544846698,0.35833171302482936,0.058256792376324154,0.35828718750683664
30,0.5,feeder2_785,0.05785549778683346,0.35926884663323,0.057854188738211854,0.35922599059547833
30,0.5,feeder2_1176,0.05832982301533703,0.3594459950187622,0.05832853374552647,0.3594006741633079
30,0.5,feeder2_846,0.056992810975640726,0.3601711512199728,0.05699584838010242,0.3601293992528321
30,0.5,feeder2_911,0.05783763916469369,0.3591649234933802,0.05783671804104367,0.35912111297899035
30,0.5,feeder2_1107,0.055678683853131294,0.3829846751299262,0.05567560214097292,0.38290118211234064
30,0.5,feeder2_920,0.05594577839170816,0.38387229586186034,0.05594764264705581,0.3837862809647399
30,0.5,feeder2_926,0.0557438267694013,0.3878244797555074,0.0557448302448352,0.38773359753839864
30,0.5,feeder2_1239,0.05594108054236957,0.38399710654710756,0.05594116059749645,0.38391054102941996
30,0.5,feeder2_933,0.05565975949619811,0.38972672343968995,0.055660736226594246,0.38963307234420663
30,0.5,feeder2_1146,0.055729430044105195,0.387274950751981,0.05572656389645239,0.38718305997996627
30,0.5,feeder2_1124,0.055810486972962765,0.38975727393483456,0.055802904688456015,0.3896603199270332
30,0.5,feeder2_942,0.05542691777054216,0.39458817733598456,0.055425078141628295,0.3944863062293349
30,0.5,feeder2_952,0.05536118305775136,0.40161453996617313,0.055355539339795576,0.4015037364023972
30,0.5,feeder2_965,0.05539549154290561,0.3946271511063711,0.05539360481952355,0.39452741985235806
30,0.5,feeder2_961,0.05536367853626768,0.4024720027055749,0.05536106262845668,0.4023631191843664
30,0.5,feeder2_963,0.05535985043632158,0.4015948487426822,0.055350649687923775,0.40148489755010547
30,0.5,feeder2_973,0.055392908495194,0.40701905176250247,0.05538478140192676,0.4069031505371334
30,0.5,feeder2_1128,0.055363733919143295,0.40251467056049794,0.055357117167497666,0.4024007898671601
30,0.5,feeder2_1113,0.055574868028917125,0.40142720198317394,0.055567179657993196,0.40131554464416735
30,0.5,feeder2_1143,0.05530446772937649,0.40086876203236504,0.05530254476394113,0.400758791228897
30,0.5,feeder2_1238,0.05923609515220893,0.39289377783520446,0.05923809382420319,0.39278901476165057
30,0.5,feeder2_979,0.05535376235112663,0.3948786144128351,0.055353484778064024,0.3947760006641976
30,0.5,feeder2_1236,0.05525508303551415,0.4145803098617137,0.055244845496877686,0.4144586021935068
30,0.5,feeder2_989,0.05539496990338233,0.40701254022985744,0.05539297709000474,0.4068976744024365
30,0.5,feeder2_1196,0.054363587316072895,0.39591603979237744,0.054356813372412056,0.3958146372577791
30,0.5,feeder2_1158,0.05617272793833094,0.4061097583132829,0.056167345917938274,0.40599708495361886
30,0.5,feeder2_1122,0.055391870569015345,0.38387556565196207,0.05539148959760124,0.3837950543067701
30,0.5,feeder2_1258,0.05621920146068132,0.3826747626343799,0.05621708821946304,0.3825953263613722
30,0.5,feeder2_1303,0.05533112485734537,0.3837529931797956,0.055328203033810724,0.38366686332305966
30,0.5,feeder2_1138,0.05517441832627373,0.3846229794092471,0.055173648738569274,0.3845404702886297
30,0.5,feeder2_1304,0.05360694820074675,0.38631616760893284,0.053604181144123755,0.3862344606838067
30,0.5,feeder2_1212,0.054922025303233195,0.38483945739558434,0.054921537590027686,0.38475772118474044
30,0.5,feeder2_1311,0.05537063841285431,0.383624961535498,0.05536697952075787,0.38353984078431147
30,0.5,feeder2_1290,0.054723113751675115,0.386239220732226,0.05472330657937886,0.38615834176973657
30,0.5,feeder2_1325,0.05510828599926145,0.42495133485356484,0.05509915247151328,0.4248201892002335
30,0.5,feeder2_1248,0.055256348108181606,0.4145806330599389,0.055246856624916664,0.4144586433562634
30,0.5,feeder2_1249,0.05958277277751643,0.3927249153500092,0.059580366404143596,0.3926181354795015
30,0.5,feeder2_1250,0.06135394298871804,0.3921453251228822,0.061360903797202576,0.3920367240239344
30,0.5,feeder2_1366,0.05543419756988303,0.4146229703536667,0.055428695971298236,0.4144999919797784
30,0.5,feeder2_1266,0.056284091490054755,0.3826985228658596,0.05628393363380926,0.38261801813696517
30,0.5,feeder2_1372,0.05460973931375268,0.3859534765145618,0.05460481355747173,0.38586893297160413
30,0.5,feeder2_1363,0.05458774771129755,0.3881583355969505,0.05458165612239789,0.388075234744168
30,0.5,feeder2_1446,0.05554273907571565,0.4245894094597708,0.055537100301657476,0.4244581822445749
30,0.5,feeder2_1502,0.05516275883940082,0.4373510701048618,0.05514434900725677,0.43720908002584724
30,0.5,feeder2_1428,0.05428789742867486,0.38856028688355815,0.05428593279048336,0.3884764406186988
30,0.5,feeder2_1380,0.05444839356059243,0.3899001561935631,0.05444241946645618,0.3898139467409931
30,0.5,feeder2_1550,0.0544215566442796,0.38983725550972154,0.054421631103649934,0.3897536882818691
30,0.5,feeder2_1386,0.05438822686573302,0.3907830612090202,0.054386580845661364,0.3907001078815274
30,0.5,feeder2_1551,0.05431646448784152,0.3908914919335987,0.054310230648790446,0.39081070573119964
30,0.5,feeder2_1400,0.05435951103837245,0.3911805346114688,0.054357818216071975,0.3910973829359229
30,0.5,feeder2_1552,0.052483912263413875,0.3931418708137843,0.05247601347535735,0.3930587377524582
30,0.5,feeder2_1408,0.0544724757474911,0.3909850496934517,0.054472195529825504,0.39090303188761355
30,0.5,feeder2_1553,0.05427648000032182,0.391257723339923,0.054266580916508225,0.391175288819288
30,0.5,feeder2_1416,0.05453237310349719,0.390827892890985,0.054529405940444295,0.39074483115677744
30,0.5,feeder2_1530,0.054424870335936286,0.3905860503591008,0.05442359342171325,0.39050682308084567
30,0.5,feeder2_1425,0.054669981082613596,0.3906595982563027,0.054662675933005646,0.39057787100078023
30,0.5,feeder2_1589,0.05452970237622105,0.3908517833154754,0.05452075929084474,0.3907690127391338
30,0.5,feeder2_1435,0.054698138937647786,0.39060898485536627,0.054697573191702105,0.3905268426832389
30,0.5,feeder2_1621,0.05563102613377809,0.3897393430398017,0.055624317597545075,0.38965905379001436
30,0.5,feeder2_1564,0.054693955032476524,0.39086024598832014,0.054690255820087574,0.3907771439740528
30,0.5,feeder2_1704,0.05613844561468387,0.43648293359469725,0.056122273050835544,0.4363425470248224
30,0.5,feeder2_1525,0.05510250043874753,0.4408424455525144,0.055091522311838476,0.44069888988709294
30,0.5,feeder2_1716,0.0570953509189303,0.4386123915539355,0.057078766663982206,0.4384729647590498
30,0.5,feeder2_1537,0.05495513189073276,0.4450749499690371,0.054935923255939746,0.44492712223833714
30,0.5,feeder2_1645,0.0507113264588869,0.45421326527833283,0.050689145071700095,0.45406610814953724
30,0.5,feeder2_1561,0.05479342878359761,0.4450739060085922,0.05477483310106049,0.4449218392095891
30,0.5,feeder2_1657,0.05470781677142684,0.4449392097723429,0.05469219102673977,0.4447874422842614
30,0.5,feeder2_1570,0.054730938503785354,0.44510764250141105,0.05471433887435969,0.4449560333045918
30,0.5,feeder2_1756,0.05479680654301312,0.44320372345308745,0.054783204571655926,0.44305148434182196
30,0.5,feeder2_1588,0.05469981965788303,0.4452819573012794,0.05468119312575734,0.4451310002726407
30,0.5,feeder2_1628,0.054589924730211445,0.44510585723026513,0.054574659993699814,0.44495507696018755
30,0.5,feeder2_1598,0.05467133730725676,0.4455554414861235,0.05465851752167891,0.44540647808657485
30,0.5,feeder2_1816,0.055029078568309076,0.4456426698516854,0.05501311456487211,0.4454917919569922
30,0.5,feeder2_1765,0.055174316945993104,0.44560675436260255,0.05516262743582989,0.44545722833217016
30,0.5,feeder2_1641,0.05447437657478874,0.44682004921994506,0.05445852978792522,0.4466643024889058
30,0.5,feeder2_1689,0.05434203535936138,0.44806834376621885,0.05432332667855287,0.447908037647812
30,0.5,feeder2_1744,0.054405711579641546,0.44671812922647225,0.05439296217280977,0.44656640744891146
30,0.5,feeder2_1817,0.054345211865591804,0.4481327969216119,0.05432763686118206,0.44797623939301723
30,0.5,feeder2_1779,0.05438154801469898,0.4480725910888303,0.05436486310083576,0.4479103544170464
30,0.5,feeder2_1800,0.052695969526224566,0.44973413267563983,0.05268059296633552,0.4495790537059467
30,0.5,feeder2_1818,0.05645261315368749,0.4459269233881845,0.056446567122545366,0.4457578495846999
30,0.5,feeder2_1753,0.05428752207772944,0.44654755981578576,0.054276188865540025,0.44639381388211946
30,0.5,feeder2_1754,0.05438401974775819,0.44668476822813696,0.05436822491574003,0.44653242715337726
60,1.0,secondary,0.01571728503736155,0.006129613500036265,0.01572295928299565,0.006140366386829437
60,1.0,feeder2_44,0.02923481535078856,0.03195324112855525,0.02924393173058161,0.031998120608409564
60,1.0,feeder2_45,0.029699662081282715,0.03327076698682367,0.029708005042728136,0.03331297564851633
60,1.0,feeder2_46,0.029891088607405504,0.028116858430301178,0.029899774297615884,0.028159401658836885
60,1.0,feeder2_51,0.03046546044641428,0.03539477217389436,0.03047533286738522,0.03544282587404836
60,1.0,feeder2_48,0.032412821905312014,0.03489460590094782,0.032418266402509804,0.034939137531300346
60,1.0,feeder2_52,0.03027449434885757,0.03562764269550754,0.030278055183731438,0.03567025260122903
60,1.0,feeder2_68,0.03264563098878041,0.04133998957027105,0.03264836218504202,0.0413869030499068
60,1.0,feeder2_69,0.03279729504634338,0.04124540690932685,0.032802555198309366,0.041296226076118915
60,1.0,feeder2_71,0.03293388396803162,0.042135775759714104,0.03294071556484851,0.04218880424571895
60,1.0,feeder2_72,0.03293709269123623,0.042008299059941454,0.032945175841300696,0.04206092157296468
60,1.0,feeder2_73,0.03384133097694387,0.044649582638275565,0.03384641198058777,0.04470212869779218
60,1.0,feeder2_74,0.03372732793153822,0.0447919962317313,0.033739774562823406,0.04484955805595033
60,1.0,feeder2_77,0.03462420500144191,0.04678915134201114,0.03462882620712253,0.04684313399716705
60,1.0,feeder2_79,0.0350335627283114,0.044427332479929235,0.03504309664568086,0.04448639830223103
60,1.0,feeder2_81,0.03574119543915034,0.05104636702810207,0.035746897491074896,0.051103727000774576
60,1.0,feeder2_82,0.03743461114740843,0.051759124755396735,0.037439804634000734,0.051816033533339835
60,1.0,feeder2_116,0.04064947750265284,0.06988001091130817,0.04066142404809535,0.06996153929815262
60,1.0,feeder2_119,0.03997034233071819,0.07072226613789391,0.03998179300133419,0.07080211519133392
60,1.0,feeder2_120,0.0425297498706877,0.07644495084506962,0.042542297241575856,0.0765295076988741
60,1.0,feeder2_248,0.04211507200398727,0.07695658668339753,0.04211964008540426,0.07703514201348641
60,1.0,feeder2_124,0.04370837341135449,0.08028835501516024,0.043718679030489864,0.08037814815256404
60,1.0,feeder2_282,0.04369528946979497,0.08019202441870904,0.04370520500788759,0.08027759452266786
60,1.0,feeder2_275,0.043570594978683465,0.08047738645927985,0.04358060054951485,0.08056314025226174
60,1.0,feeder2_151,0.045781828032229924,0.0869394846017203,0.04579254282252418,0.08703449782229464
60,1.0,feeder2_295,0.04587336160376727,0.08690270487521749,0.04588678203135842,0.08699895657546824
60,1.0,feeder2_311,0.04604346438828399,0.08682085704766182,0.04604904536160143,0.08691210986745261
60,1.0,feeder2_201,0.04913036918719558,0.09819164818268544,0.049144471359434276,0.09829940140704868
60,1.0,feeder2_314,0.04910517400675496,0.09810143381167287,0.04911496004035011,0.09820330948706703
60,1.0,feeder2_342,0.05393161090684863,0.11439348167038721,0.05394653819969946,0.1145167938581748
60,1.0,feeder2_368,0.055887299623830926,0.11199746686362202,0.05589754357759431,0.11211608965059677
60,1.0,feeder2_347,0.05345459039482067,0.1276194419115618,0.05346218565303934,0.12774310871408437
60,1.0,feeder2_353,0.053236991070258,0.1346213709719807,0.05324345007660309,0.13474658368049205
60,1.0,feeder2_518,0.053428520931117184,0.12745948492747158,0.05344129277029164,0.1275887513384926
60,1.0,feeder2_365,0.053012052205101336,0.14240447123501893,0.053029034517493245,0.14253978065000605
60,1.0,feeder2_653,0.05297283845193048,0.13496053510564868,0.05298664831978908,0.13508793018542717
60,1.0,feeder2_377,0.05288830014729628,0.14670949560955893,0.05290604836780532,0.1468461937263552
60,1.0,feeder2_622,0.05304572775029637,0.14238624103986575,0.053054510183210404,0.14251428311592426
60,1.0,feeder2_451,0.05707503016188502,0.11221973392367675,0.05708591841157093,0.11233953622055214
60,1.0,feeder2_383,0.0588975533266518,0.10912169282952981,0.05891397562945585,0.10924156967242121
60,1.0,feeder2_385,0.0527383993040779,0.15174098327853805,0.05274780795095727,0.1518742582845251
60,1.0,feeder2_621,0.05298723536503653,0.14665607174173628,0.05299462746421409,0.14678684169041084
60,1.0,feeder2_611,0.05747876577760696,0.11044606391485612,0.05748777024340211,0.11056251346554209
60,1.0,feeder2_405,0.05910792984444173,0.10891825633326209,0.05912040784314763,0.10903690050884077
60,1.0,feeder2_461,0.05218142815657076,0.172111439973245,0.05220078852199244,0.17225665615743063
60,1.0,feeder2_594,0.052480925201542836,0.1520756630408944,0.05249479535157812,0.15221258678147476
60,1.0,feeder2_732,0.05883430473366853,0.10925567486730593,0.05884326237019826,0.10937082682196227
60,1.0,feeder2_417,0.060706386560429294,0.10749300870707597,0.060719034889171714,0.10761082935166891
60,1.0,feeder2_663,0.06135732444068505,0.10515236388112746,0.06137259755861082,0.10527320841718583
60,1.0,feeder2_444,0.061801477689327027,0.10729295274788829,0.06181221251918036,0.1074103565287604
60,1.0,feeder2_759,0.06177299577838988,0.10714892819201982,0.061787329161094806,0.10726545634219307
60,1.0,feeder2_842,0.08227658458142144,0.10709282696365056,0.08229585965593211,0.10720012574835056
60,1.0,feeder2_459,0.06182062898317474,0.10730300305184606,0.06182678594403079,0.10741717300286169
60,1.0,feeder2_702,0.06181145045182319,0.10725298334427537,0.0618191507240193,0.10736616068965195
60,1.0,feeder2_493,0.0618963433955779,0.10736237604188617,0.061904791980777016,0.10747634327933854
60,1.0,feeder2_651,0.052368230265253536,0.1719824855044229,0.052378516065191685,0.1721236250728787
60,1.0,feeder2_684,0.0516820596992102,0.1893028286638846,0.05169600345435034,0.18944962008478552
60,1.0,feeder2_674,0.06185893075200356,0.10740855050927467,0.06187483099339595,0.10752666209331871
60,1.0,feeder2_696,0.062145448297521666,0.10734715352560618,0.06216172670076494,0.10746712150202269
60,1.0,feeder2_681,0.061795630189827096,0.10748758228392155,0.06181130168187497,0.10760375601863474
60,1.0,feeder2_682,0.061800009638118554,0.10748007803642547,0.06181555067815706,0.10759691952977142
60,1.0,feeder2_728,0.05168784201416668,0.19019767998221587,0.05170117650912831,0.1903450851290161
60,1.0,feeder2_724,0.05129760312277691,0.20512083428649466,0.05131342066527439,0.2052751482280151
60,1.0,feeder2_703,0.06276852667968273,0.10728482846673218,0.06277676383322812,0.10739653674742217
60,1.0,feeder2_704,0.0622796325612638,0.10733163971291673,0.06228824538563311,0.10744583310641707
60,1.0,feeder2_754,0.052267930861769736,0.20588348819668886,0.052277751837720855,0.20603516767770313
60,1.0,feeder2_747,0.05112141691815499,0.2112777843577068,0.05113469852343886,0.2114338001634042
60,1.0,feeder2_828,0.051647556866309584,0.1902522040152618,0.051660186751429686,0.19039840566851365
60,1.0,feeder2_763,0.051712463218381514,0.19144617456985513,0.051730058643714334,0.191596140792614
60,1.0,feeder2_836,0.05166612527386543,0.20960275595030112,0.051680753745516866,0.20975490798129906
60,1.0,feeder2_758,0.0508558742451003,0.2173289853841242,0.05087227398727353,0.21748755319599256
60,1.0,feeder2_788,0.050801788599878946,0.21721544396798662,0.05081753511243732,0.2173741464936892
60,1.0,feeder2_812,0.05012555791086231,0.2361648487517872,0.05014410251605603,0.23633170187106556
60,1.0,feeder2_947,0.051646380315457645,0.19122543288036478,0.051660385677317934,0.1913734953600239
60,1.0,feeder2_868,0.05211591742812507,0.1917152426124275,0.05213330632138049,0.19186477251781034
60,1.0,feeder2_785,0.051705205922501066,0.19210686922765818,0.05171675483160266,0.1922517566200853
60,1.0,feeder2_1176,0.05215127154393675,0.19178632457322578,0.05215890861180532,0.19192988888523244
60,1.0,feeder2_846,0.05084424085409345,0.1926699373695632,0.05086174544664194,0.19281925359587038
60,1.0,feeder2_911,0.05192933429728212,0.19293564485988024,0.051938359259934015,0.1930781107007157
60,1.0,feeder2_1107,0.04985341372375806,0.2382645066818961,0.04987339686396111,0.23843389446161928
60,1.0,feeder2_920,0.05000241580721865,0.24086940912335683,0.05001736145016077,0.24103407295848803
60,1.0,feeder2_926,0.04983174351488732,0.2477339176052488,0.04984646579306775,0.24790202149942306
60,1.0,feeder2_1239,0.04999055558489268,0.24105030266092256,0.05000400979339126,0.2412154341048486
60,1.0,feeder2_933,0.04976229148097672,0.25079157189839874,0.04978096766061037,0.25096425741046163
60,1.0,feeder2_1146,0.049807761507029785,0.2476581918610653,0.0498277867002418,0.24783139757772332
60,1.0,feeder2_1124,0.050160316554187956,0.24973705045871,0.0501780516722658,0.24990962133112815
60,1.0,feeder2_942,0.049425172638566064,0.25951676604281504,0.04944192516144104,0.25968929362545273
60,1.0,feeder2_952,0.04916019410452934,0.2708003689327835,0.049178781232779634,0.27098229607692015
60,1.0,feeder2_965,0.04939583754126809,0.2597249866368795,0.049415112863226855,0.2599050952747213
60,1.0,feeder2_961,0.049133159976863724,0.2719799664621176,0.04915405332806667,0.2721650211205075
60,1.0,feeder2_963,0.04915998334580026,0.2708089209029419,0.049184758458379454,0.2709948179697226
60,1.0,feeder2_973,0.048994219549815116,0.2782172447914152,0.04901493937094989,0.2784035548243499
60,1.0,feeder2_1128,0.04913030802988932,0.2720420639252326,0.04914678432408724,0.2722208154338574
60,1.0,feeder2_1113,0.04913762442719153,0.27078271361592765,0.04915918837425607,0.2709660504836496
60,1.0,feeder2_1143,0.04917776676446853,0.2715035062516718,0.04919802407218721,0.2716842225390244
60,1.0,feeder2_1238,0.051374224080951145,0.26158477634404487,0.05139333227864841,0.26176200691646506
60,1.0,feeder2_979,0.049348571592266265,0.2598655464559823,0.04936912379962572,0.2600438162221631
60,1.0,feeder2_1236,0.048771057359353186,0.2876032175621642,0.04879769837085673,0.2877984934199486
60,1.0,feeder2_989,0.048994451939928504,0.278216639138238,0.04901493937094989,0.2784035548243499
60,1.0,feeder2_1196,0.04835712693789657,0.2603720635185229,0.04837215045882595,0.2605449190480914
60,1.0,feeder2_1158,0.04913877958474812,0.2781296897355724,0.04916229229247355,0.2783160157062824
60,1.0,feeder2_1122,0.04969533015314613,0.23923377070455798,0.049715480870546974,0.23940337945886486
60,1.0,feeder2_1258,0.0501449417760785,0.2380568853064426,0.05016130197162958,0.2382204285310818
60,1.0,feeder2_1303,0.0496552938344004,0.2391797582531468,0.049668090846869406,0.23934341418738306
60,1.0,feeder2_1138,0.04957816856252592,0.240020427156825,0.04959525543805351,0.2401870250617867
60,1.0,feeder2_1304,0.049154678352310265,0.24059294038414003,0.049171397238429164,0.24076005697699737
60,1.0,feeder2_1212,0.04936306507752021,0.2412103145093506,0.04937937628993345,0.24137617677504777
60,1.0,feeder2_1311,0.05021755049347014,0.241981917873054,0.05023590918238314,0.24215039836001734
60,1.0,feeder2_1290,0.04906730977917629,0.24214093977112097,0.04908696806751702,0.24230972766870573
60,1.0,feeder2_1325,0.04843166411149223,0.3006173452285049,0.04845824949870218,0.30081915492403344
60,1.0,feeder2_1248,0.04877230940560573,0.2876024129302305,0.04879769837085673,0.2877984934199486
60,1.0,feeder2_1249,0.051974405747014216,0.2621396167064719,0.05199417366818022,0.26231950856354314
60,1.0,feeder2_1250,0.051361764384745295,0.2615656698784827,0.05138262093907104,0.2617439644086717
60,1.0,feeder2_1366,0.04894761872059534,0.2874870358222661,0.04896766293791858,0.28767401169068185
60,1.0,feeder2_1266,0.050208478891382614,0.23801880060153618,0.050223004002873,0.23818365373891853
60,1.0,feeder2_1372,0.04900667085579265,0.2420496356262374,0.049023012519702626,0.24221213793294266
60,1.0,feeder2_1363,0.048816294852371094,0.2433134056677063,0.04883593898804547,0.24348181944824854
60,1.0,feeder2_1446,0.04838607131981219,0.3005719053943177,0.048413355742227646,0.3007718977862735
60,1.0,feeder2_1502,0.04811408086521986,0.3153273829754217,0.04813706297664182,0.3155329980701447
60,1.0,feeder2_1428,0.04844282890882215,0.24383476029644718,0.04846531672650982,0.2440066166128125
60,1.0,feeder2_1380,0.04857022106899601,0.2439010407679537,0.04859303948399144,0.24407263427967024
60,1.0,feeder2_1550,0.04855471571634195,0.2438794132894573,0.048575665952701,0.24404974140007393
60,1.0,feeder2_1386,0.04845706794790388,0.24420618412370154,0.048481875173275804,0.24437815790098893
60,1.0,feeder2_1551,0.04835885353134111,0.24437588149364814,0.04837842323804829,0.24454557407065336
60,1.0,feeder2_1400,0.04840475224634452,0.24431303820965705,0.048418813773356696,0.24447744221541973
60,1.0,feeder2_1552,0.048276927658646114,0.24453868772162796,0.04830052802363196,0.24470787263629387
60,1.0,feeder2_1408,0.04829976687567962,0.24442047288794932,0.04832058542529133,0.2445913437273735
60,1.0,feeder2_1553,0.048051460813509535,0.24478575995494095,0.04806857990343405,0.2449522419191246
60,1.0,feeder2_1416,0.04824972879782372,0.2443948459512077,0.04826678169176971,0.24455920434040362
60,1.0,feeder2_1530,0.048184570834657964,0.24430663560958316,0.04820649316450543,0.24447602317810177
60,1.0,feeder2_1425,0.04817502445522281,0.24440663354823325,0.04819904257125307,0.24458087805601472
60,1.0,feeder2_1589,0.048000174982422664,0.24465650919393628,0.0480208598613264,0.24482715919016199
60,1.0,feeder2_1435,0.04816145054695373,0.24438524888376248,0.048183459031847065,0.24455553748537026
60,1.0,feeder2_1621,0.04887031571174294,0.24284742570520307,0.04888578896457498,0.24301494640200225
60,1.0,feeder2_1564,0.047694497826136384,0.2458559379191462,0.04771794761858944,0.24602854416763448
60,1.0,feeder2_1704,0.04839815934631741,0.3151101254267532,0.04842658171677544,0.3153179352049665
60,1.0,feeder2_1525,0.04801546879497076,0.31918454600480173,0.04803535399310075,0.31938690320215823
60,1.0,feeder2_1716,0.04821856613183021,0.3190420018085019,0.0482435876250834,0.3192467077007731
60,1.0,feeder2_1537,0.047901550359011814,0.323520130366726,0.047925249521313114,0.3237267466858722
60,1.0,feeder2_1645,0.04329591516983994,0.3309310891035005,0.04332954590419609,0.3311405783554761
60,1.0,feeder2_1561,0.04796042295972161,0.3242235327151517,0.04798223448068902,0.32443195349291276
60,1.0,feeder2_1657,0.04845028252094451,0.32478045646506964,0.048477994781564754,0.3249935508036139
60,1.0,feeder2_1570,0.04798648926251275,0.32441199006125576,0.04800734064939034,0.32462047416340095
60,1.0,feeder2_1756,0.049427187276181825,0.32600970863770407,0.049450625887011504,0.3262182494413734
60,1.0,feeder2_1588,0.04801001611945367,0.3245000775909928,0.04803416922834605,0.3247125459062491
60,1.0,feeder2_1628,0.047953261981020436,0.3244510021736019,0.04798260566791269,0.3246650872498811
60,1.0,feeder2_1598,0.048048725906269636,0.3246306837938084,0.048075149101508716,0.32484411541321323
60,1.0,feeder2_1816,0.04841419788315429,0.3243981360794351,0.048441511430000625,0.3246162989945193
60,1.0,feeder2_1765,0.048542916926410384,0.3242582900554099,0.04856607213205193,0.3244698499986538
60,1.0,feeder2_1641,0.048172277238257226,0.3254925588746556,0.0481963816883352,0.32571022863889215
60,1.0,feeder2_1689,0.04826592760230876,0.3254968047700121,0.04829231531880612,0.32572133808342685
60,1.0,feeder2_1744,0.048645526393653285,0.32601956824633804,0.048667245091574635,0.32623560126568035
60,1.0,feeder2_1817,0.04826293416343822,0.3255855448604417,0.04828706531066376,0.3258054211980215
60,1.0,feeder2_1779,0.04830439558741636,0.3254675410043972,0.04833224201464437,0.32569285853693136
60,1.0,feeder2_1800,0.048229713700297314,0.32555254530652206,0.04825560238418174,0.32577758506024246
60,1.0,feeder2_1818,0.049774024806938426,0.32384172178566684,0.04979841979012919,0.32407751853128786
60,1.0,feeder2_1753,0.0485754522264897,0.32595188503081207,0.04860617804952475,0.326174059327198
60,1.0,feeder2_1754,0.048993358526953856,0.3263991493791681,0.049014031717485425,0.32661317379481275
90,1.5,secondary,0.017212063049850276,0.004044866470728403,0.017202855877556125,0.004037901606102692
90,1.5,feeder2_44,0.032008980314065315,0.021081528703391552,0.03200129186360147,0.021051578005060346
90,1.5,feeder2_45,0.03255453162267825,0.02167852648548572,0.03254670962851248,0.021646071224693118
90,1.5,feeder2_46,0.03218079854744201,0.02178195291439604,0.032172879842427796,0.021752944689248276
90,1.5,feeder2_51,0.03349877207774011,0.022798917021093407,0.03349100223191742,0.022766467180487287
90,1.5,feeder2_48,0.032995293682756346,0.02110326258099958,0.03298429760457479,0.021073141921357445
90,1.5,feeder2_52,0.03252411534571928,0.025717845629184343,0.03251197546444823,0.025689516090616354
90,1.5,feeder2_68,0.03638597269524793,0.025005783733193537,0.03637473844963256,0.02496891038078454
90,1.5,feeder2_69,0.0364430329537995,0.02517623888495302,0.03642977446219289,0.025141438166921038
90,1.5,feeder2_71,0.03676887420210771,0.025291784909152553,0.03675862219815494,0.02525223551352207
90,1.5,feeder2_72,0.03692212153372647,0.02508184520781054,0.03691092149927977,0.02504433623310079
90,1.5,feeder2_73,0.037968843477371866,0.02621332787427607,0.03795890424878704,0.026172112154792045
90,1.5,feeder2_74,0.03783980993421921,0.026203771318569786,0.03782908166946521,0.02616671575390941
90,1.5,feeder2_77,0.03900540712966153,0.02701150999313211,0.03899140009396336,0.026970097267244936
90,1.5,feeder2_79,0.03911598477744057,0.027375106477813497,0.039103454897160564,0.027334935092684063
90,1.5,feeder2_81,0.04062462554149016,0.028134269463529614,0.04061353926057399,0.02809026043022139
90,1.5,feeder2_82,0.04101451921135703,0.027616117748003675,0.041003244657673694,0.027571728757807407
90,1.5,feeder2_116,0.04792370892225916,0.033723128712802176,0.04791098228034033,0.033666914998582494
90,1.5,feeder2_119,0.04716104246814923,0.03368017802363257,0.04714794050341973,0.033623922117774485
90,1.5,feeder2_120,0.05073791181443266,0.035895310947185004,0.05072208341121481,0.035835967280918576
90,1.5,feeder2_248,0.05025305822669814,0.03583135268329156,0.05023784943965178,0.03577244865487125
90,1.5,feeder2_124,0.05251219323940281,0.037290570508217206,0.05249764700671115,0.03722377188738293
90,1.5,feeder2_282,0.052595972401845686,0.03717511017969308,0.05257926099503568,0.03711190990342301
90,1.5,feeder2_275,0.052325336711896056,0.0372272007518164,0.05230849198505813,0.03716200223973104
90,1.5,feeder2_151,0.0556266187385212,0.03986800677313153,0.05561241692114329,0.039795716679828994
90,1.5,feeder2_295,0.05567095497568547,0.03996879962087441,0.05565573129660817,0.03989599595375641
90,1.5,feeder2_311,0.0557452998823821,0.04015792763844403,0.05572736649962977,0.04008843887966549
90,1.5,feeder2_201,0.06073217357581328,0.043713522643817004,0.060714824169129475,0.043632844092609355
90,1.5,feeder2_314,0.06078688400283916,0.04363588359166417,0.060766596515313055,0.04355948743656246
90,1.5,feeder2_342,0.06799932719083654,0.04940927261764367,0.06797994667403033,0.04931769253751849
90,1.5,feeder2_368,0.06910872874989882,0.05663640555693414,0.06909064306662825,0.05654487451123545
90,1.5,feeder2_347,0.06970078895955406,0.038778201596302395,0.06967678647048738,0.038683622014074624
90,1.5,feeder2_353,0.07054791642780632,0.03358264866848514,0.07052932924245935,0.03347722991600497
90,1.5,feeder2_518,0.06985737783540426,0.03858136911547234,0.06983530223496985,0.03848355660575923
90,1.5,feeder2_365,0.07152284787900731,0.027886234388140644,0.07149722139936006,0.02778311953997522
90,1.5,feeder2_653,0.07022671205052941,0.033492439109611624,0.07020443945028633,0.03339024929914032
90,1.5,feeder2_377,0.07205424287606949,0.024601247612659798,0.07203168534347887,0.024493160234764402
90,1.5,feeder2_622,0.07070938587811923,0.028541339955919492,0.07068944679195552,0.02843298261721894
90,1.5,feeder2_451,0.06924720868839844,0.05645401236430256,0.06922448338842913,0.05636414416942824
90,1.5,feeder2_383,0.07093346787000893,0.06846659400261593,0.0709150880483869,0.068374014998488
90,1.5,feeder2_385,0.07266109175492556,0.020784306171928547,0.07263674810022726,0.02067484277722652
90,1.5,feeder2_621,0.07210226529312479,0.02471037406985738,0.07208270394475777,0.024602884160365445
90,1.5,feeder2_611,0.07002569717876854,0.06930205632391032,0.07000258310175048,0.06921065775854911
90,1.5,feeder2_405,0.07106780228853522,0.06916900141272549,0.07104688671007885,0.06907714798715002
90,1.5,feeder2_461,0.07525146533871842,0.005581823785714457,0.07522718345126626,0.00547367735652362
90,1.5,feeder2_594,0.07234401148491794,0.020697938742353702,0.07232375910044174,0.02059053731680906
90,1.5,feeder2_732,0.06919006621907274,0.07114407980258113,0.0691666126111222,0.07105408655982438
90,1.5,feeder2_417,0.07225410116903941,0.07410634771046806,0.0722327608808582,0.07401448243637232
90,1.5,feeder2_663,0.07181378878505858,0.07473749975721587,0.07179320681531313,0.07464432068756774
90,1.5,feeder2_444,0.07316895540997387,0.07764899085458457,0.07315023100230808,0.07755566983359662
90,1.5,feeder2_759,0.07556319604222184,0.07513618142443246,0.07554595376883692,0.07504226038993748
90,1.5,feeder2_842,0.08579954618938594,0.10015627623556028,0.08578248665589903,0.10006165898028
90,1.5,feeder2_459,0.07318078657447925,0.07771766815597018,0.07316202696354265,0.07762227237681772
90,1.5,feeder2_702,0.07320740454785385,0.07767977454697482,0.07319123495860949,0.07758432694505912
90,1.5,feeder2_493,0.07322471728372869,0.07799168668918598,0.07320030097420156,0.07790038728398163
90,1.5,feeder2_651,0.07532895573745194,0.005777632133107888,0.075300711522996,0.005672784569422621
90,1.5,feeder2_684,0.07733676064174529,0.007319853193915379,0.07730838972525983,0.007445134483553648
90,1.5,feeder2_674,0.07317370805163385,0.0779694926930083,0.07315694199233773,0.07787577809880059
90,1.5,feeder2_696,0.07341039234199855,0.07890015006772935,0.073393549999694,0.07880375820316837
90,1.5,feeder2_681,0.07308508234457703,0.07792827648796982,0.07306656507344202,0.07783624421224654
90,1.5,feeder2_682,0.07309673130727391,0.07794018117528588,0.07307970179213794,0.07784741163266701
90,1.5,feeder2_728,0.0772682035206197,0.0070386932280366715,0.07724044052908824,0.007162683527158006
90,1.5,feeder2_724,0.07955370347835468,0.02088171652823587,0.07952440000632775,0.02101545448404685
90,1.5,feeder2_703,0.07374597641597301,0.07959536121034491,0.07372765225118447,0.07950177914139421
90,1.5,feeder2_704,0.07348129807045446,0.07905030009122332,0.073457128899422,0.07896088022104021
90,1.5,feeder2_754,0.07972715746672383,0.02103639414111566,0.07970304229224011,0.021173446329162276
90,1.5,feeder2_747,0.08046113712395866,0.02634747593799572,0.08043659611086355,0.02648540258288702
90,1.5,feeder2_828,0.07721633119876935,0.00706142241596697,0.07718827648403406,0.007181366318389639
90,1.5,feeder2_763,0.07718908954090069,0.006790079615752856,0.07716278103724439,0.006907903438403614
90,1.5,feeder2_836,0.08053965537176762,0.026118097455722824,0.08050910518630523,0.02625475334810946
90,1.5,feeder2_758,0.0812280234263587,0.03115144056148086,0.08119893647815847,0.03128873381397282
90,1.5,feeder2_788,0.0827968280693267,0.032763226203460574,0.082771129810445,0.03290643872652113
90,1.5,feeder2_812,0.08324097739582106,0.043927222340314126,0.08321074632269433,0.04407298840894787
90,1.5,feeder2_947,0.07756221643510033,0.007287355480236948,0.07753319284019108,0.007403535290841625
90,1.5,feeder2_868,0.07731433876329799,0.006954998206240878,0.07728624069094525,0.007067794120681651
90,1.5,feeder2_785,0.07711724240709247,0.00655120899293587,0.07708742515725034,0.006662952118630079
90,1.5,feeder2_1176,0.07542365852600035,0.006753231552828608,0.07539911329630421,0.006813096433435739
90,1.5,feeder2_846,0.07686117404469292,0.006580977414989056,0.07683576212772189,0.006698443076983357
90,1.5,feeder2_911,0.07712477604721361,0.006627748119308878,0.07709613995325432,0.006737607359826904
90,1.5,feeder2_1107,0.08338523367665995,0.04839107049364883,0.0833584834881106,0.04854216384787306
90,1.5,feeder2_920,0.08376788533075777,0.04628961027602248,0.08373652699229894,0.04643836578314449
90,1.5,feeder2_926,0.084584293394476,0.04973179842413287,0.08455175218800694,0.049882715113125246
90,1.5,feeder2_1239,0.08373218565322313,0.04639106859190012,0.08369894926572281,0.0465387693229763
90,1.5,feeder2_933,0.08482591773079225,0.050625936063464404,0.08479964577785017,0.05078055641177996
90,1.5,feeder2_1146,0.0851509040216846,0.052713637402454036,0.085121223748106,0.052866509504738556
90,1.5,feeder2_1124,0.08487684863945112,0.050467677108788724,0.08484384480259206,0.050619504878973015
90,1.5,feeder2_942,0.08541458251479345,0.053039047105835145,0.08538372768024384,0.05319495617127634
90,1.5,feeder2_952,0.08672177455196241,0.05746097834071324,0.08668929487992552,0.05762079756428104
90,1.5,feeder2_965,0.08535771892389794,0.052938255466875916,0.08532840920514041,0.0530928912771222
90,1.5,feeder2_961,0.08681357310976887,0.05767862435578365,0.08678274782804002,0.05783869694931785
90,1.5,feeder2_963,0.08673236546609134,0.057518471633398925,0.08670109249455608,0.05768177243736439
90,1.5,feeder2_973,0.0873086400695361,0.05883526719169194,0.08727563628023619,0.058995712364758264
90,1.5,feeder2_1128,0.08680166453636563,0.05771198573879835,0.08677202155273338,0.05787562475832237
90,1.5,feeder2_1113,0.0879592006450264,0.058809041310698446,0.08792758627261085,0.05896958707657304
90,1.5,feeder2_1143,0.08674375162563272,0.0576780764653597,0.08671089563266389,0.05783939398042355
90,1.5,feeder2_1238,0.08548453478993291,0.05304015213040325,0.08545537062481516,0.05319794908899263
90,1.5,feeder2_979,0.08528308210603093,0.05280222996488311,0.08525096168661889,0.05296083971253566
90,1.5,feeder2_1236,0.08802428283744103,0.060752963990725835,0.08799032016043914,0.06091616100438778
90,1.5,feeder2_989,0.08730885615471018,0.05883405846736843,0.08727563628023619,0.058995712364758264
90,1.5,feeder2_1196,0.08452690769707479,0.05212007346871423,0.0844990811256495,0.05228133908861647
90,1.5,feeder2_1158,0.08737722515324722,0.05868205432397909,0.08734445101592475,0.05884549983843152
90,1.5,feeder2_1122,0.08341759793863986,0.05087722784955036,0.08338528874921465,0.05102378900016956
90,1.5,feeder2_1258,0.08299675958929345,0.04757967392904066,0.08296966240737753,0.047731394992745736
90,1.5,feeder2_1303,0.08497391004385468,0.05248371172324803,0.0849442745943594,0.05262932658003029
90,1.5,feeder2_1138,0.08333636694517474,0.05230167787411458,0.08330796034383035,0.052451044353882544
90,1.5,feeder2_1304,0.08278940405355546,0.05262563217454827,0.08276149861634655,0.05277233573172115
90,1.5,feeder2_1212,0.08326109405986389,0.05507329391791254,0.08323301025274979,0.05522272772283918
90,1.5,feeder2_1311,0.08492103942620328,0.05675811836686383,0.08489452736463249,0.05690486606251447
90,1.5,feeder2_1290,0.08290537293589464,0.05724474185377315,0.08287357013033446,0.05739019069654828
90,1.5,feeder2_1325,0.08898829496818353,0.06435535356532962,0.08895587769856951,0.06452948588695293
90,1.5,feeder2_1248,0.08802132367736427,0.06074916656844346,0.08798687313934428,0.06091344378087185
90,1.5,feeder2_1249,0.08550666993200656,0.05305744794279718,0.085478250545806,0.05321663452766325
90,1.5,feeder2_1250,0.08552038493549462,0.05307036225699875,0.08549022922650716,0.05322680742364011
90,1.5,feeder2_1366,0.08809599860721272,0.0605636923238643,0.08806092565054809,0.060732581249040234
90,1.5,feeder2_1266,0.08254116439493075,0.047035518098195464,0.08250968732495025,0.04718020792307551
90,1.5,feeder2_1372,0.08309879208599608,0.05735523738492563,0.08307049871997993,0.05750028290106556
90,1.5,feeder2_1363,0.08250810642690777,0.05960485198937738,0.08247983561008106,0.05975058775305182
90,1.5,feeder2_1446,0.09049475759604358,0.0659343138783733,0.09045913510026103,0.066105078493677
90,1.5,feeder2_1502,0.08969216629835769,0.06637930111676484,0.08965374018782218,0.06655436984373361
90,1.5,feeder2_1428,0.08201321808058333,0.05995784191090954,0.08198563764408003,0.06010417631816786
90,1.5,feeder2_1380,0.08219794333472853,0.06202872265870245,0.08216841465051965,0.06216909169405661
90,1.5,feeder2_1550,0.0822404127255134,0.06204564967113828,0.08220738731839304,0.06218690253631722
90,1.5,feeder2_1386,0.08204643936218982,0.06326075244471083,0.08201894680558158,0.0634037556197738
90,1.5,feeder2_1551,0.08188580406730121,0.06339872059232639,0.08185705992955035,0.06354199582064829
90,1.5,feeder2_1400,0.08198203471408197,0.06382423645273443,0.08195822864426612,0.06396934793433726
90,1.5,feeder2_1552,0.08176836148349759,0.06401065197410931,0.08174075749558543,0.0641524306175592
90,1.5,feeder2_1408,0.08187083810552309,0.0649104096027704,0.081839483175488,0.06504818165317484
90,1.5,feeder2_1553,0.08099953741168547,0.0649780433347931,0.08097110443537649,0.06511731315986445
90,1.5,feeder2_1416,0.08188831665877298,0.06543684725904446,0.08185904161445164,0.06557763272045168
90,1.5,feeder2_1530,0.0839549731407691,0.06736951075810227,0.08392665143294986,0.0675157152753816
90,1.5,feeder2_1425,0.08170909020556066,0.06548827092079886,0.08167741922626577,0.06562502832236486
90,1.5,feeder2_1589,0.08086378305141176,0.06546579075681101,0.08083587276713956,0.06560288143489514
90,1.5,feeder2_1435,0.08170732148005204,0.0654880348415261,0.0816805517615556,0.06563111516612162
90,1.5,feeder2_1621,0.08179684538061449,0.06520022618204116,0.08176858407140765,0.06533851796611119
90,1.5,feeder2_1564,0.08163301139291335,0.06579704459053425,0.08160293283813108,0.06593643148796516
90,1.5,feeder2_1704,0.08912106103985189,0.06567513659683967,0.08908463791367845,0.06585190863526398
90,1.5,feeder2_1525,0.08986656653499862,0.06720494949451165,0.08983580585802316,0.0673868816228138
90,1.5,feeder2_1716,0.08994448439457114,0.0669925629007914,0.08990723441539429,0.06717318122457334
90,1.5,feeder2_1537,0.09005629053881663,0.06816152855263062,0.09002090062191107,0.06834203974577976
90,1.5,feeder2_1645,0.08995418354439566,0.06822145884238037,0.08991725278767142,0.0684030177461216
90,1.5,feeder2_1561,0.09028155564788892,0.06920755323767692,0.09024274754028971,0.06938726602487688
90,1.5,feeder2_1657,0.09121863137702252,0.07018927594368553,0.09118386918283783,0.07037863213915448
90,1.5,feeder2_1570,0.09033575122819908,0.0694203461993936,0.09029855379074342,0.0696054229141639
90,1.5,feeder2_1756,0.093504490170613,0.07273849182580801,0.0934669045843543,0.07292355725944287
90,1.5,feeder2_1588,0.09034724227222146,0.06940641517088965,0.09031088315643869,0.06959151690682132
90,1.5,feeder2_1628,0.09046974258222953,0.06953671688916749,0.09043414062985129,0.06972591750373279
90,1.5,feeder2_1598,0.09035958395513276,0.06935523824402628,0.09032501131198903,0.06954241984566006
90,1.5,feeder2_1816,0.08834229747972501,0.06765816375797191,0.08830353634213944,0.06784247558066615
90,1.5,feeder2_1765,0.09052761843426134,0.06883777597999699,0.09049041156105689,0.06902707240468156
90,1.5,feeder2_1641,0.09039187590177335,0.07000648148139713,0.0903540047953917,0.07020364707966323
90,1.5,feeder2_1689,0.09019791817611586,0.0693587029978206,0.09016326095445279,0.06956317850428015
90,1.5,feeder2_1744,0.09112535293383366,0.07077509285025392,0.09108672947845346,0.07096836590473748
90,1.5,feeder2_1817,0.08996008654742202,0.06871781971446961,0.08992143979986275,0.06892225311482698
90,1.5,feeder2_1779,0.09021077510537001,0.06931799316182351,0.09017476917078049,0.06952177676219518
90,1.5,feeder2_1800,0.09014437818095723,0.06937998299142877,0.09010645575469461,0.06958401149526515
90,1.5,feeder2_1818,0.08981218297758162,0.068802908828206,0.08976851214681904,0.06901670744100899
90,1.5,feeder2_1753,0.09336172244297831,0.07311985319493705,0.09332228845088418,0.07331578269641731
90,1.5,feeder2_1754,0.09114647316519411,0.07079695079221424,0.09111203601125953,0.07099333266218999
120,2.0,secondary,0.004680872236556613,0.02396617999166594,0.0046753362275778,0.023963155983637185
120,2.0,feeder2_44,0.008708961729958952,0.12496759479287017,0.008695710255738297,0.12494415772638148
120,2.0,feeder2_45,0.008862370155490577,0.1288256114233381,0.008853347313250954,0.12880193228701434
120,2.0,feeder2_46,0.009052875550573977,0.12556383079531183,0.00904133325825919,0.12554003078395126
120,2.0,feeder2_51,0.009146125799499074,0.1356219158926704,0.009131668177152968,0.13559755023551037
120,2.0,feeder2_48,0.008267497394299462,0.12820265925512678,0.008256239708503796,0.12817832904171605
120,2.0,feeder2_52,0.009287865829320455,0.13566411321313498,0.009278546057250555,0.13563800620500482
120,2.0,feeder2_68,0.009932723774801921,0.1547663123489788,0.009922431700344708,0.15473518768136854
120,2.0,feeder2_69,0.009987619282743032,0.15491541209731485,0.009977501776643609,0.1548842042957577
120,2.0,feeder2_71,0.010037900654374779,0.15729543391480807,0.01002542306607514,0.1572620857680003
120,2.0,feeder2_72,0.009810780307502738,0.15706046184922176,0.009799909250267254,0.15702909096984483
120,2.0,feeder2_73,0.010372239917381823,0.16523863972696037,0.010359469555824126,0.16520623677035312
120,2.0,feeder2_74,0.010462801440953995,0.16526032486265765,0.010450484960162692,0.16523094749887793
120,2.0,feeder2_77,0.010655261173171072,0.17205224078228937,0.010641118718156916,0.1720209738055783
120,2.0,feeder2_79,0.01215123158711947,0.17216179639385432,0.012139433737476163,0.17212758445640255
120,2.0,feeder2_81,0.011030358676429574,0.18270939307723763,0.011015875956445825,0.18267328695759494
120,2.0,feeder2_82,0.01047713771519002,0.18212849759106478,0.010463396859853941,0.18209399016396144
120,2.0,feeder2_116,0.012863091915762008,0.23107094830049463,0.012848795268752933,0.23102453483291938
120,2.0,feeder2_119,0.013301544041720192,0.2329538174328853,0.013292872113558646,0.2329055004243433
120,2.0,feeder2_120,0.013382476151907121,0.24805028065465465,0.013368609789826165,0.24799887754265118
120,2.0,feeder2_248,0.013652639135898762,0.24991692796477202,0.013640635560906639,0.24986564081330145
120,2.0,feeder2_124,0.01359814571637212,0.2578003354279021,0.013582968484404288,0.2577464816846454
120,2.0,feeder2_282,0.013459657663371814,0.2576592069357993,0.01344403694480732,0.25760817069565595
120,2.0,feeder2_275,0.013667167697696065,0.26080790104145585,0.013657191831956664,0.2607543820597234
120,2.0,feeder2_151,0.013805270147366532,0.27302463822630235,0.013787591832999706,0.2729668950563826
120,2.0,feeder2_295,0.013827259627293568,0.27311102209552224,0.013809018368181656,0.2730589722758098
120,2.0,feeder2_311,0.013882878900745802,0.27326814523509446,0.013864696700786744,0.2732123313961273
120,2.0,feeder2_201,0.014230376558042363,0.2980006224854108,0.014205641372946751,0.2979410714196316
120,2.0,feeder2_314,0.012698897500542825,0.2960369068467789,0.012676921452885832,0.2959746769848681
120,2.0,feeder2_342,0.015867427876603737,0.33790045468089924,0.015843879026705178,0.337832607513336
120,2.0,feeder2_368,0.01593839779707391,0.34343423271555407,0.015911117972214724,0.3433692194636231
120,2.0,feeder2_347,0.017384396696051543,0.3472218116091168,0.017359650435632343,0.34715076413613766
120,2.0,feeder2_353,0.018242799735158643,0.351992077665056,0.01821980179386358,0.3519157875692193
120,2.0,feeder2_518,0.01711999384600154,0.34696204490743665,0.01709611837855451,0.34689055242205996
120,2.0,feeder2_365,0.019208477965812504,0.35728064090965583,0.01918773691445704,0.3572034446039119
120,2.0,feeder2_653,0.018482002590937328,0.3520283873923124,0.018457187246434064,0.35195274266054133
120,2.0,feeder2_377,0.019752937236969383,0.36014408005660825,0.019732909258852373,0.36006608847774974
120,2.0,feeder2_622,0.019213392208100064,0.3573126220496507,0.01919091760529961,0.35723968140968454
120,2.0,feeder2_451,0.015683276542682794,0.3431941073909183,0.015653668234169513,0.3431317885474004
120,2.0,feeder2_383,0.01655017067675242,0.3526191361177593,0.016517803195604825,0.3525578070530361
120,2.0,feeder2_385,0.020398600309201848,0.36340824566631613,0.020378722603321953,0.3633272571382627
120,2.0,feeder2_621,0.019763039734249515,0.3602382245749245,0.01974139231453935,0.3601581724784727
120,2.0,feeder2_611,0.016632919023325674,0.3526327877884585,0.01660137709212053,0.35257092415194524
120,2.0,feeder2_405,0.01660356013765151,0.353195470809454,0.016574003310854762,0.3531326211894352
120,2.0,feeder2_461,0.02278398506183444,0.37478527901196035,0.022766153488552907,0.374698657616948
120,2.0,feeder2_594,0.02065328544715161,0.3645704620732699,0.02063378403188374,0.36449077737389113
120,2.0,feeder2_732,0.015765849140816225,0.3548656788929447,0.015733758575823893,0.354803655175963
120,2.0,feeder2_417,0.0170975290671824,0.35720864468272717,0.017064786079714043,0.35714461215773247
120,2.0,feeder2_663,0.017184666473875294,0.3573582504019345,0.017151614467856832,0.3572968634966559
120,2.0,feeder2_444,0.017551171843288575,0.36022249652168575,0.0175150787510839,0.36016578218377576
120,2.0,feeder2_759,0.017394638882474583,0.3600755249346672,0.01736044399953098,0.36001440109244287
120,2.0,feeder2_842,0.03705606002058727,0.3793566574205564,0.03702071922577957,0.37930194213233986
120,2.0,feeder2_459,0.01753679537066989,0.3601215642254006,0.017504785525040065,0.3600593951652689
120,2.0,feeder2_702,0.017132870693616277,0.35855356467084526,0.017102068349543295,0.3584901971479798
120,2.0,feeder2_493,0.0175942322309487,0.36038665985587537,0.017563230541013976,0.36032375897838265
120,2.0,feeder2_651,0.022793248875468543,0.3749585735969356,0.022773126818148387,0.3748738955488443
120,2.0,feeder2_684,0.024838854863607776,0.3838277156865001,0.02482173849979431,0.38373451824164223
120,2.0,feeder2_674,0.017610134727630525,0.36038378985895414,0.017576604239299538,0.36032349361838584
120,2.0,feeder2_696,0.0177231386830187,0.361187039819658,0.0176905802614949,0.36112303425569986
120,2.0,feeder2_681,0.017640770822415892,0.3603759515754136,0.017604523478358683,0.3603153593589173
120,2.0,feeder2_682,0.017630338680812385,0.3603838130456957,0.017596391012862794,0.3603239865870686
120,2.0,feeder2_728,0.024824093102933716,0.38360043755711354,0.02480475508309494,0.3835090925177217
120,2.0,feeder2_724,0.02700759132222765,0.3936035492248879,0.02698835176584195,0.39350533248201336
120,2.0,feeder2_703,0.018249565500766212,0.3617806765774198,0.018213765228570645,0.36172122716691557
120,2.0,feeder2_704,0.017837128604859316,0.3613144866209649,0.017804183498759667,0.36125293185630036
120,2.0,feeder2_754,0.026779255037205532,0.39334107049321215,0.02676208912225568,0.3932421749663537
120,2.0,feeder2_747,0.027919630973177713,0.3977297021034145,0.02790028009459512,0.3976299367987418
120,2.0,feeder2_828,0.024871498834892244,0.3836030779760099,0.024852306600360287,0.38351183891020424
120,2.0,feeder2_763,0.024780353244347766,0.3832679659408678,0.024760969712213348,0.3831751750719258
120,2.0,feeder2_836,0.030154358573766516,0.39783864422106113,0.03013489445743173,0.3977401849950422
120,2.0,feeder2_758,0.028628201602911935,0.40111701975158237,0.028606192658280998,0.40101382396752333
120,2.0,feeder2_788,0.0283367860446988,0.40077413234094683,0.028318016245918325,0.4006691894968415
120,2.0,feeder2_812,0.030918854446131416,0.4119883191062634,0.030901083988804326,0.41187350228650527
120,2.0,feeder2_947,0.024264282429890066,0.3826880504358368,0.02424418877889239,0.38259261148822166
120,2.0,feeder2_868,0.02460599930848131,0.38307251311458024,0.02458517243338608,0.38298134696619396
120,2.0,feeder2_785,0.02480363005293429,0.38331941297359895,0.02478271747038181,0.3832299895987589
120,2.0,feeder2_1176,0.024787006309197546,0.38373909903344205,0.024763844666185003,0.3836438203336661
120,2.0,feeder2_846,0.02503335878052224,0.38334415851120635,0.02501190747130079,0.3832525338021808
120,2.0,feeder2_911,0.024786957773143794,0.38323165688284155,0.024768817716721528,0.38314056352172526
120,2.0,feeder2_1107,0.03242834264684285,0.4188207702307252,0.0324119747234702,0.418706020149783
120,2.0,feeder2_920,0.031166864255337018,0.41317612209884347,0.03114779501530634,0.4130634297268599
120,2.0,feeder2_926,0.03141542524078522,0.4144298721736905,0.03139542390833265,0.41431625577151715
120,2.0,feeder2_1239,0.031310011712735064,0.4137937853042253,0.03129538949691959,0.4136797942153469
120,2.0,feeder2_933,0.03152683030756484,0.41501288032361383,0.03151097935417391,0.41489639495964303
120,2.0,feeder2_1146,0.031409063995835304,0.4143117158118648,0.03139172085200086,0.41419836717753206
120,2.0,feeder2_1124,0.03150084503525313,0.4151434378811439,0.03148069820610249,0.4150268188439422
120,2.0,feeder2_942,0.03182876521643756,0.41636837215806205,0.03180835498428808,0.41625073621926933
120,2.0,feeder2_952,0.03222475199893844,0.4184809806857928,0.03220487297687613,0.4183595497809539
120,2.0,feeder2_965,0.03183519479976337,0.41635633595802957,0.03181852116468699,0.4162401721531562
120,2.0,feeder2_961,0.03226955891117231,0.4187389849540351,0.03225010725384303,0.41861966247543536
120,2.0,feeder2_963,0.03222431537772843,0.4184748896878641,0.03220743144688688,0.4183578925078409
120,2.0,feeder2_973,0.032500597160111555,0.42011784202439845,0.03248440236887916,0.41999798805301325
120,2.0,feeder2_1128,0.03228219937036644,0.4187347088985811,0.0322641163264868,0.4186129664894784
120,2.0,feeder2_1113,0.03218327402834362,0.41842185371991897,0.03216059357590342,0.4183023636219708
120,2.0,feeder2_1143,0.0322022060013314,0.4181997185241421,0.03218167048139314,0.41808004314696007
120,2.0,feeder2_1238,0.031679588826057814,0.4161548946200139,0.03166477866338465,0.4160378333799206
120,2.0,feeder2_979,0.0318445158710499,0.41635620969200554,0.031826493373343784,0.41623613241505725
120,2.0,feeder2_1236,0.03286714918181438,0.42206355598926115,0.03284780907755863,0.4219394619903923
120,2.0,feeder2_989,0.03250040537340378,0.4201189923479671,0.0324832975727371,0.41999871117306037
120,2.0,feeder2_1196,0.032014088646984705,0.41637346642461975,0.03199631826660415,0.41625775326185877
120,2.0,feeder2_1158,0.03245491323565672,0.42025784642492453,0.03243407592893456,0.42013755999548735
120,2.0,feeder2_1122,0.03303643426096412,0.4212792969528648,0.03302336113199297,0.42116055935467944
120,2.0,feeder2_1258,0.03301560903973287,0.4190222880810288,0.032999365438146945,0.4189059877733899
120,2.0,feeder2_1303,0.032962205790210065,0.4211717233476863,0.032947957503240206,0.42105363022117825
120,2.0,feeder2_1138,0.03352889069342752,0.42327906493181067,0.03351508797627819,0.4231554172929714
120,2.0,feeder2_1304,0.03447735630220849,0.42453974669337385,0.0344659102880986,0.4244194940954728
120,2.0,feeder2_1212,0.03433789015077306,0.4266342389241119,0.034329011525096896,0.4265095540734201
120,2.0,feeder2_1311,0.03424267973898823,0.4264865552903839,0.03423139954967009,0.42636266551924196
120,2.0,feeder2_1290,0.035384851898482735,0.4309941937562089,0.03537584868321084,0.43086921600733263
120,2.0,feeder2_1325,0.03333538452463164,0.4243781688782134,0.03331183754879698,0.4242525759186109
120,2.0,feeder2_1248,0.032871042540188834,0.4220646972144202,0.03285194445196999,0.421941245335473
120,2.0,feeder2_1249,0.031652013133853386,0.4161182996754883,0.03163412787774669,0.4160004174640885
120,2.0,feeder2_1250,0.031637179269269025,0.41610168941767994,0.03162227976166928,0.41598700432596925
120,2.0,feeder2_1366,0.03282587624630937,0.4222300233282705,0.0328033917112253,0.42210722579405485
120,2.0,feeder2_1266,0.03299526871292414,0.4190818936957412,0.03297812882635435,0.41896635416854966
120,2.0,feeder2_1372,0.03408397568259793,0.429772378171666,0.0340735311242831,0.42964448814327844
120,2.0,feeder2_1363,0.03688821815927722,0.43759014249648903,0.036877800686204644,0.437457436856151
120,2.0,feeder2_1446,0.03240085769532684,0.42346432065624917,0.03238117753757365,0.42333600233909074
120,2.0,feeder2_1502,0.03411346812882823,0.42823174614437354,0.034091085834003235,0.4281021608146209
120,2.0,feeder2_1428,0.03792677625024285,0.43892381982548834,0.03791686839006456,0.4387947854197597
120,2.0,feeder2_1380,0.03822115794177742,0.44372808191409163,0.038215264317392895,0.44359324184327215
120,2.0,feeder2_1550,0.03818237063037564,0.4436656470912413,0.038178592018792847,0.44353306436365114
120,2.0,feeder2_1386,0.03888363573344232,0.4467833573796603,0.03887905583273301,0.44664721765195137
120,2.0,feeder2_1551,0.040419810861825445,0.44961435493145413,0.040417250115847334,0.44947858448017464
120,2.0,feeder2_1400,0.039070912341235525,0.4476168337537155,0.039067446105013844,0.4474806150812454
120,2.0,feeder2_1552,0.03928639098165969,0.4476283316711037,0.03927865523545822,0.44749320227573003
120,2.0,feeder2_1408,0.03944057474362717,0.4493541593483751,0.039435235299588006,0.4492146944500856
120,2.0,feeder2_1553,0.0417455224408473,0.45328468524489407,0.04174450250952483,0.45314652351411344
120,2.0,feeder2_1416,0.039455321632695814,0.44942399390936505,0.03945195729558257,0.44928766429554506
120,2.0,feeder2_1530,0.037768870785523136,0.4479294972013676,0.0377601457256398,0.4477905764565071
120,2.0,feeder2_1425,0.039644031421042496,0.45039019405027236,0.03963696000043179,0.450254036862612
120,2.0,feeder2_1589,0.04075894445821607,0.4522382860253969,0.04075781332319345,0.4521006697564747
120,2.0,feeder2_1435,0.03964508266444819,0.45041724057451654,0.039639434101709,0.4502789212396601
120,2.0,feeder2_1621,0.03952541702739058,0.45064801438591817,0.0395228661006297,0.45051002152058384
120,2.0,feeder2_1564,0.03971618101832185,0.45045946640386875,0.03971330536146294,0.45032099932327785
120,2.0,feeder2_1704,0.03407013261881583,0.428485096598072,0.03404471857695813,0.42835520159535134
120,2.0,feeder2_1525,0.03432849922165879,0.42912706392590255,0.03430594201868397,0.4289962866941986
120,2.0,feeder2_1716,0.037852442384901736,0.42936108709996673,0.037824620736982506,0.429234423724719
120,2.0,feeder2_1537,0.034530479555784345,0.4300297853131256,0.03451096165719114,0.42989868943540555
120,2.0,feeder2_1645,0.03507311172097572,0.43152606180541553,0.035053057510850576,0.4313924658959359
120,2.0,feeder2_1561,0.03460638234536542,0.4302738375600687,0.034584917794510964,0.4301405053434652
120,2.0,feeder2_1657,0.03449961223763131,0.43014271869950876,0.034478105382576923,0.4300066905163246
120,2.0,feeder2_1570,0.034641590004873136,0.4304098082514386,0.03461620875915986,0.43027331000394936
120,2.0,feeder2_1756,0.0344359113629964,0.43014528355493814,0.034416518163158036,0.43001140980070657
120,2.0,feeder2_1588,0.034675394198874894,0.43055286866304854,0.03465635809328998,0.4304154067263131
120,2.0,feeder2_1628,0.033816814607193116,0.4297035009604603,0.033794173457762415,0.42956474522399674
120,2.0,feeder2_1598,0.03476755354797237,0.4309864675818691,0.03474742231796333,0.43084742864050835
120,2.0,feeder2_1816,0.0374063522664802,0.431392756089321,0.03737898698173572,0.4312598246152346
120,2.0,feeder2_1765,0.03467732486355693,0.43143401515043117,0.034653396851863257,0.43129702654124347
120,2.0,feeder2_1641,0.03520730150601439,0.4326710054314806,0.03518821184957173,0.432529063576837
120,2.0,feeder2_1689,0.035591455787842965,0.4342399006156672,0.03557114747789309,0.4340961752005001
120,2.0,feeder2_1744,0.03513635706574012,0.4325801016660817,0.03511452510867238,0.4324401974025307
120,2.0,feeder2_1817,0.03580962677499659,0.43532175893851643,0.035788591823696494,0.4351750397179479
120,2.0,feeder2_1779,0.0355834978302765,0.43427511287208453,0.03556323032665481,0.4341304502669882
120,2.0,feeder2_1800,0.03596439647431884,0.4352961004042816,0.03594155824893313,0.43515069785309707
120,2.0,feeder2_1818,0.03632131343880934,0.4320483082258287,0.03628858756771176,0.43189506445871495
120,2.0,feeder2_1753,0.03502450248346481,0.432433821283918,0.035004721726442076,0.43229201796437305
120,2.0,feeder2_1754,0.03511175589727911,0.43254908003634523,0.03509138219490876,0.43241134213240773
150,2.5,secondary,0.009609437985078224,0.01345408473076313,0.009602336105511429,0.013449500457949053
150,2.5,feeder2_44,0.017871734639714018,0.07012645370600906,0.01785044147425797,0.07010122948719569
150,2.5,feeder2_45,0.018153757296533044,0.0722024900498023,0.018134799617047528,0.07217378978798472
150,2.5,feeder2_46,0.017896226123165458,0.07123126811585095,0.01786495057268043,0.07121561184148582
150,2.5,feeder2_51,0.01864826597050372,0.07588465227050252,0.01862766392216656,0.07585709659259318
150,2.5,feeder2_48,0.018362798656714887,0.07165417596864768,0.018347697365388157,0.0716253493375831
150,2.5,feeder2_52,0.018439740239180043,0.07586342922263717,0.018421893741265266,0.07582913668035873
150,2.5,feeder2_68,0.02005490019873686,0.08625747158698696,0.020037003716636897,0.08621944624324578
150,2.5,feeder2_69,0.020180493404967307,0.08643209844503805,0.02015780974243822,0.08639827958069393
150,2.5,feeder2_71,0.02023944027699871,0.08762111021370118,0.02021753565850215,0.08758234654696141
150,2.5,feeder2_72,0.020299814125829554,0.08741736049552794,0.02028009909754658,0.08737986424477306
150,2.5,feeder2_73,0.020819097011694203,0.09190951013817375,0.020795238014307153,0.09187025191054572
150,2.5,feeder2_74,0.019525074515196802,0.09336433990597327,0.01950661945617059,0.09331894642333345
150,2.5,feeder2_77,0.021377158845615026,0.09538383518177666,0.02135946135543998,0.09533639342907647
150,2.5,feeder2_79,0.021636470005296872,0.09575161230242042,0.021617554578873134,0.09570816643632801
150,2.5,feeder2_81,0.022228712832184302,0.1007288243787892,0.022211706865247625,0.10067861689042866
150,2.5,feeder2_82,0.02240957786199065,0.10021300206477933,0.02238968904667997,0.10016317672196977
150,2.5,feeder2_116,0.02609237818841614,0.12519228053165926,0.02606601736841324,0.12512799943823805
150,2.5,feeder2_119,0.02533756476105468,0.12516003846102594,0.025310288399351517,0.12509457137894073
150,2.5,feeder2_120,0.027594825100949665,0.1343222463463529,0.027567947451849532,0.13425202003284645
150,2.5,feeder2_248,0.027125653699833132,0.1342764795033676,0.027101799234162425,0.13420331280452424
150,2.5,feeder2_124,0.02854848368854441,0.13997680924361175,0.028521602169544396,0.13990369443932985
150,2.5,feeder2_282,0.028576043222810852,0.139855871295185,0.028548113980619075,0.13978383181913454
150,2.5,feeder2_275,0.026017400790235748,0.14250436388801788,0.026001058306263407,0.14242285646482847
150,2.5,feeder2_151,0.03067426419378194,0.1484154767766403,0.03065124911101305,0.14834013799464493
150,2.5,feeder2_295,0.03075109017127407,0.14851419503320243,0.030718879174843994,0.1484461661849407
150,2.5,feeder2_311,0.030890330168522575,0.14869817005206074,0.030862728865258635,0.14862621608995716
150,2.5,feeder2_201,0.0341055647253814,0.1620432702721106,0.03407737375573629,0.16197064302570693
150,2.5,feeder2_314,0.034845074135689755,0.16117811137436217,0.034819851041624474,0.16110621142327655
150,2.5,feeder2_342,0.03878665772144035,0.18333826785506513,0.03875203725319019,0.18327060375919968
150,2.5,feeder2_368,0.04047963046802618,0.19029878648683649,0.04044882425354085,0.19023004641511435
150,2.5,feeder2_347,0.03848369254834973,0.18087626140679341,0.03844799085347057,0.1807939649522414
150,2.5,feeder2_353,0.038345160742581326,0.1797644251398824,0.0383169012845993,0.17967214661294642
150,2.5,feeder2_518,0.03854079074947302,0.1806563181542897,0.03850952380766926,0.18057207627600233
150,2.5,feeder2_365,0.03821806182198642,0.17857951581062043,0.038191792567902,0.17847978032776937
150,2.5,feeder2_653,0.038036703781660464,0.1797139459473796,0.0380054495875599,0.1796252112939252
150,2.5,feeder2_377,0.038147844226627425,0.17792854305000355,0.03812013713453735,0.17782837093136647
150,2.5,feeder2_622,0.03824562337196602,0.17861561971415257,0.03821229982892334,0.17852026118815353
150,2.5,feeder2_451,0.040522037195916405,0.19009865116578292,0.040486929727013565,0.19003677555888326
150,2.5,feeder2_383,0.04327026122241442,0.20175949427485357,0.043232629235117975,0.20170295921912562
150,2.5,feeder2_385,0.0380599471324765,0.17714387956710279,0.0380295879809733,0.17703729837481105
150,2.5,feeder2_621,0.038229063715717056,0.17803427736899696,0.03820290724158959,0.17793411428701247
150,2.5,feeder2_611,0.043067879512611304,0.20171021918705223,0.04302666394791051,0.20165605575562007
150,2.5,feeder2_405,0.04344875760229253,0.20248138833289056,0.04340744436811214,0.20242672536163972
150,2.5,feeder2_461,0.03779553113870652,0.1741127661206343,0.03777140184658058,0.1739911766023861
150,2.5,feeder2_594,0.03775463777652109,0.17709482750085645,0.037721767803607205,0.1769895402093207
150,2.5,feeder2_732,0.04313384689935243,0.20240800557070668,0.04309579723321472,0.2023478712313954
150,2.5,feeder2_417,0.04481429888722547,0.20794973509913017,0.04477875480166025,0.20789432575828543
150,2.5,feeder2_663,0.044899468072314846,0.2084876127057776,0.0448532178585893,0.20843919568486394
150,2.5,feeder2_444,0.04581284190639225,0.21191587454095456,0.045773790534618795,0.21186496973774138
150,2.5,feeder2_759,0.045822827002014316,0.2117975339695976,0.04578721418506812,0.21174489102525534
150,2.5,feeder2_842,0.06450049534810504,0.23378172633780428,0.0644350884202207,0.23375012404990297
150,2.5,feeder2_459,0.045817012629108596,0.21200564796138577,0.0457746138323296,0.2119568635783859
150,2.5,feeder2_702,0.04702082152860801,0.21060598531043143,0.04698441185100684,0.21055543786743158
150,2.5,feeder2_493,0.045729100115055946,0.21290887866871347,0.04568846101390503,0.2128586964797492
150,2.5,feeder2_651,0.03794021804769641,0.17431040288139207,0.03790930822351679,0.1741884712714389
150,2.5,feeder2_684,0.03754447139118862,0.17143359927443041,0.03751692099808894,0.17129649293361354
150,2.5,feeder2_674,0.045302661860112205,0.21322225112135296,0.045259162429434126,0.21317203042501282
150,2.5,feeder2_696,0.046073865121310065,0.21430334589483194,0.04603503189108792,0.214254113357905
150,2.5,feeder2_681,0.044731087134442044,0.2136192837101647,0.04468806016904218,0.21357009874578745
150,2.5,feeder2_682,0.044409511646931334,0.21392209689164352,0.04436600719857865,0.2138712951746794
150,2.5,feeder2_728,0.037684362618807324,0.17026856530411044,0.03765819343172074,0.17012960172090713
150,2.5,feeder2_724,0.037166793637993835,0.17140087431874493,0.03714154618375766,0.17125300693029702
150,2.5,feeder2_703,0.046621677283023695,0.21498229640764288,0.046579203309031966,0.21493679763979842
150,2.5,feeder2_704,0.04617407191882035,0.21459786345476667,0.04613256593784591,0.21455142411689695
150,2.5,feeder2_754,0.037240364189918884,0.17117215938772146,0.03721350223686477,0.1710256865971062
150,2.5,feeder2_747,0.03702120873070121,0.1715021128393384,0.036997925717122716,0.17134880677033504
150,2.5,feeder2_828,0.037634501947035465,0.17025904347508447,0.03760789108688334,0.17011773536657085
150,2.5,feeder2_763,0.037913963576818685,0.16857225545611468,0.03789152767600262,0.16842837276434686
150,2.5,feeder2_836,0.03717638271058751,0.17171498395436682,0.03714750716250976,0.171566810942779
150,2.5,feeder2_758,0.036875333488644635,0.17149144777061517,0.03684592554989034,0.17133674250463465
150,2.5,feeder2_788,0.036976741637864886,0.17119101927647268,0.036949611000059106,0.1710361046297446
150,2.5,feeder2_812,0.036451323727250504,0.17181974592569804,0.03642272167930094,0.1716479449637532
150,2.5,feeder2_947,0.038090465507150416,0.16806458410204622,0.038067703859536575,0.16792769928187679
150,2.5,feeder2_868,0.03850318025692763,0.16785382957402994,0.03848308823359855,0.16771219398654505
150,2.5,feeder2_785,0.03796667833464404,0.16816882486870657,0.037947798229072564,0.168019684148992
150,2.5,feeder2_1176,0.03830500435236337,0.16863911656773942,0.038283278070428604,0.16849439947172784
150,2.5,feeder2_846,0.03720875314076447,0.16869158934000264,0.03718588432170975,0.16854716531690705
150,2.5,feeder2_911,0.038334039042068384,0.16648538944277044,0.038312300573631046,0.16633575648238244
150,2.5,feeder2_1107,0.03555696071585061,0.17341130420102474,0.035526726232579596,0.17322403344707962
150,2.5,feeder2_920,0.036579431771382544,0.17148678637803047,0.036555177372049344,0.17131438277384387
150,2.5,feeder2_926,0.03679296687127814,0.17103116832529466,0.03676702556185005,0.17086081125245042
150,2.5,feeder2_1239,0.036552711620416005,0.17144791508897386,0.03652727321007194,0.17127483548657702
150,2.5,feeder2_933,0.03685536031113238,0.17109879888847415,0.036828702383610114,0.17092515097926458
150,2.5,feeder2_1146,0.03694514636966619,0.16977732617822594,0.036915944841027046,0.16960649196621755
150,2.5,feeder2_1124,0.03696307793771296,0.1712464886595363,0.03693917580720211,0.17107633067616262
150,2.5,feeder2_942,0.036983759713466804,0.17113843680668506,0.036954416724276275,0.17097209067691937
150,2.5,feeder2_952,0.03707095849538294,0.1724340802296736,0.03704205802983596,0.17227432811928342
150,2.5,feeder2_965,0.0369971430004679,0.17098179405240682,0.036967258597067704,0.1708182965010716
150,2.5,feeder2_961,0.03706894527913862,0.17269921351973563,0.03704353115897005,0.17253955337296636
150,2.5,feeder2_963,0.03707343632850946,0.17240772813022068,0.037041585324647276,0.17225060952630797
150,2.5,feeder2_973,0.037158641929895035,0.17382281074747225,0.03712876136991769,0.17367106743706465
150,2.5,feeder2_1128,0.036897194046938434,0.17321510969373194,0.036867948629574966,0.17305056971793825
150,2.5,feeder2_1113,0.03754252141159604,0.17187763722069627,0.03751045553465874,0.17171739006078124
150,2.5,feeder2_1143,0.03705454955526879,0.17218238516231796,0.03702699054425895,0.1720228117321854
150,2.5,feeder2_1238,0.03910062386680087,0.16866220306783944,0.03907345002775303,0.16849411118509017
150,2.5,feeder2_979,0.036990524657275335,0.17097096370843293,0.036966346422191695,0.17079979787890678
150,2.5,feeder2_1236,0.03718699533829038,0.17502607694817982,0.03715124831616751,0.17488005286640057
150,2.5,feeder2_989,0.037159612324551436,0.17382730148708708,0.0371315864176806,0.17367389642547829
150,2.5,feeder2_1196,0.036816580703226784,0.17094312602523978,0.03678970737749952,0.17077685628688094
150,2.5,feeder2_1158,0.03707701397612018,0.17428202275152355,0.03704430689134721,0.17413280994921607
150,2.5,feeder2_1122,0.035156128998637085,0.17380426852333203,0.03512446984392855,0.1736112152714183
150,2.5,feeder2_1258,0.035778378684302704,0.1737060221724301,0.0357526139499889,0.173518592365227
150,2.5,feeder2_1303,0.035171111547386655,0.1737135211119335,0.03514507960398406,0.17351695480306095
150,2.5,feeder2_1138,0.03484392109095645,0.17415337567482453,0.03481451231844096,0.17394992149384836
150,2.5,feeder2_1304,0.03430050677153388,0.17411696087415557,0.03427026665725228,0.17391110921790837
150,2.5,feeder2_1212,0.03425444253108213,0.17498942669442333,0.03422614080013731,0.17477766961281538
150,2.5,feeder2_1311,0.03427630413767136,0.17486353505608132,0.03425064175764154,0.17465245940613358
150,2.5,feeder2_1290,0.033537569020325744,0.1761562998346387,0.03350509009303803,0.17593369204448187
150,2.5,feeder2_1325,0.03694386856778831,0.17535954524541567,0.03691657501342376,0.17519434317880142
150,2.5,feeder2_1248,0.03718539312273441,0.17503100530589447,0.03714909573659517,0.1748844817024836
150,2.5,feeder2_1249,0.03910557587059196,0.16863254679316536,0.03908203676175799,0.16846302140560812
150,2.5,feeder2_1250,0.04057267096380234,0.16710924932648696,0.040550006905375004,0.16693820274682297
150,2.5,feeder2_1366,0.0368411923409134,0.1761908043016955,0.03679023919342402,0.17606207688288852
150,2.5,feeder2_1266,0.03583014826639091,0.17377113460945043,0.035803948493635315,0.17358078341482852
150,2.5,feeder2_1372,0.03361444089009606,0.17590345002437177,0.033586603671215375,0.17568086380463238
150,2.5,feeder2_1363,0.032792524509845995,0.17779788691190773,0.03276554525632701,0.17755797134568027
150,2.5,feeder2_1446,0.03698384563734938,0.1752326373817719,0.036957123543833625,0.1750705992885482
150,2.5,feeder2_1502,0.036687525555549196,0.17589151050059976,0.03665629328048049,0.175717340968935
150,2.5,feeder2_1428,0.03230144403956028,0.17778568423987612,0.032275276658924115,0.17754456761798953
150,2.5,feeder2_1380,0.03201349131966456,0.1799501139564123,0.03198747388401519,0.17969619965961356
150,2.5,feeder2_1550,0.03202915141069343,0.17989384205508782,0.032001886055883354,0.17964082918856325
150,2.5,feeder2_1386,0.0316352999639277,0.18104545821318158,0.03160601017606489,0.1807853119551066
150,2.5,feeder2_1551,0.030688241854370243,0.1819396663499908,0.030658279129847664,0.1816782855859317
150,2.5,feeder2_1400,0.03151314840868553,0.18138052642133606,0.03148385791172733,0.18112037293449934
150,2.5,feeder2_1552,0.029987005312462747,0.18289347353816512,0.02996631772421182,0.18262659565549097
150,2.5,feeder2_1408,0.03147129014934798,0.18136103055157443,0.031439657382079815,0.18109819738628746
150,2.5,feeder2_1553,0.031132828649501943,0.18135438076259594,0.03110578491472762,0.18109164430724273
150,2.5,feeder2_1416,0.0314613151836944,0.18136021660286042,0.031429442387855236,0.18109635560254278
150,2.5,feeder2_1530,0.03151816653429321,0.1811448722832271,0.031491697284636404,0.18087843916821011
150,2.5,feeder2_1425,0.03145050160549347,0.18146582498140648,0.0314188007466614,0.1812032134500807
150,2.5,feeder2_1589,0.031215951963872637,0.18146913411820217,0.031189316699141705,0.18120349814392853
150,2.5,feeder2_1435,0.03145189498467924,0.18148905164935006,0.03141890525868199,0.18122903448455122
150,2.5,feeder2_1621,0.03166498093891884,0.18175828258933352,0.03163432598708897,0.18149382567955558
150,2.5,feeder2_1564,0.03139860510324015,0.18144842121664823,0.03136930087450484,0.1811806110163212
150,2.5,feeder2_1704,0.036890739885282506,0.1761772365605528,0.036861291015502444,0.17600034516582755
150,2.5,feeder2_1525,0.03659968849329348,0.17592073804518688,0.03657427200418595,0.17573861830352513
150,2.5,feeder2_1716,0.03642020603592809,0.1766044268353835,0.03637965890261219,0.17643682428757765
150,2.5,feeder2_1537,0.03647485907140818,0.17582456228127677,0.03644911498120426,0.1756388681257956
150,2.5,feeder2_1645,0.0358694939747508,0.17630998084012875,0.035843401706226026,0.17612039400418217
150,2.5,feeder2_1561,0.03642367070963473,0.17547850492688521,0.03639883587612307,0.17528672410765006
150,2.5,feeder2_1657,0.036460813964390014,0.17536613910277077,0.03643587607708439,0.1751769553257834
150,2.5,feeder2_1570,0.036403889116252454,0.17535463062099657,0.03637979310974991,0.17516110483548422
150,2.5,feeder2_1756,0.03645150829540696,0.17513687241000583,0.036429151499257274,0.17494350280138324
150,2.5,feeder2_1588,0.03638713122377037,0.17525164679982763,0.03636120272096092,0.1750548995312154
150,2.5,feeder2_1628,0.03643961924288881,0.17510158262409298,0.036416055020046,0.1749060052638621
150,2.5,feeder2_1598,0.03636900433790087,0.17516188778109934,0.036343162584257946,0.1749652468435731
150,2.5,feeder2_1816,0.03665781059055977,0.17553780805297925,0.03663509164105146,0.17533831407616665
150,2.5,feeder2_1765,0.03672257622290727,0.17565923163922087,0.036693268126440456,0.17546149083460086
150,2.5,feeder2_1641,0.0362097097194216,0.17437701974817046,0.036182006510540335,0.17416364405776213
150,2.5,feeder2_1689,0.035897522812268316,0.1751390087790225,0.03587613318768316,0.17491052878729846
150,2.5,feeder2_1744,0.03699976962023597,0.17350150666287095,0.03698102445126799,0.17328178195221822
150,2.5,feeder2_1817,0.03588489978634342,0.17511259426464734,0.035859958879535685,0.1748838432392603
150,2.5,feeder2_1779,0.03592467535095704,0.17517775590559553,0.03590362711858084,0.1749485235598598
150,2.5,feeder2_1800,0.03466981260363912,0.17641842793639764,0.03465365917648834,0.17618563584396252
150,2.5,feeder2_1818,0.035537638472491924,0.17430778437902592,0.035543676724917185,0.17405941683590576
150,2.5,feeder2_1753,0.03702805168565052,0.1733799532424991,0.03700820676033982,0.1731650607990254
150,2.5,feeder2_1754,0.03754082409229399,0.1729233453756008,0.03752084782930142,0.17270412818665695
180,3.0,secondary,0.019714970719585154,0.003834387593137461,0.01971258848974196,0.0038487043885261935
180,3.0,feeder2_44,0.03666682045460232,0.01998628729986401,0.036660654480476305,0.020060721905621116
180,3.0,feeder2_45,0.03729784257335226,0.020315843299377457,0.03728958324034306,0.020394164262224047
180,3.0,feeder2_46,0.03517469059692256,0.023372169662465088,0.035163692646667626,0.02346257748960049
180,3.0,feeder2_51,0.03829955094948227,0.02135007510480936,0.038291135380171426,0.021426374412930053
180,3.0,feeder2_48,0.0405760518614744,0.017225446225740754,0.04056912683608976,0.017322525910072432
180,3.0,feeder2_52,0.03808635038395198,0.021181062853739052,0.03807577373870147,0.02126289367007462
180,3.0,feeder2_68,0.04114769527364678,0.02435099095869071,0.041138752732953456,0.024430147843231904
180,3.0,feeder2_69,0.04122082621849252,0.0245356653809025,0.04121503745451339,0.024608846180823266
180,3.0,feeder2_71,0.041524446551548036,0.024741140191209612,0.041518147632561134,0.024816534716660222
180,3.0,feeder2_72,0.04166008026357599,0.024676075565894514,0.04165320845675351,0.02475129608414018
180,3.0,feeder2_73,0.04270467350410806,0.02596899495078986,0.04269198020451418,0.026048016267677592
180,3.0,feeder2_74,0.04189027171171028,0.026428787760072223,0.041882181517054806,0.026491123762948196
180,3.0,feeder2_77,0.043772387984400744,0.02699494150734153,0.043759250129895684,0.027075332541165908
180,3.0,feeder2_79,0.043916288043129435,0.027401894600505634,0.04390404307916117,0.02748027970431912
180,3.0,feeder2_81,0.045437803213535154,0.02846648862298876,0.04542747626351713,0.028551981566061514
180,3.0,feeder2_82,0.045789230434915694,0.02826183524193207,0.04578231116322806,0.028345118278828525
180,3.0,feeder2_116,0.05294347952710342,0.03521367127232001,0.05293310882779357,0.03530574581357487
180,3.0,feeder2_119,0.05217068032297047,0.03468988966364879,0.052157434767723616,0.03477623951564279
180,3.0,feeder2_120,0.055827269974569514,0.03804261475791942,0.055814293459159885,0.038140373037470324
180,3.0,feeder2_248,0.05533843323131268,0.03770240882399759,0.055328155645870084,0.03779639000528059
180,3.0,feeder2_124,0.05764213656557965,0.039934660032870946,0.05763308525941844,0.040039145629370915
180,3.0,feeder2_282,0.05771578387948276,0.03989514297913229,0.05770374912870101,0.040001625193642525
180,3.0,feeder2_275,0.056865989657493184,0.04008662427162765,0.05685391192442372,0.04018019130489395
180,3.0,feeder2_151,0.06097186241122929,0.04325224947390342,0.060959191114901834,0.04337413878125324
180,3.0,feeder2_295,0.061023428619101074,0.04335310689702287,0.061012106104014106,0.04347412395036544
180,3.0,feeder2_311,0.061111927374353794,0.04354944361503014,0.061102861914420985,0.043667199025005814
180,3.0,feeder2_201,0.066431635319866,0.04834506336149456,0.0664163635198626,0.04849704812842698
180,3.0,feeder2_314,0.0664775978846101,0.048333885904103445,0.06646720411766997,0.048485108609118956
180,3.0,feeder2_342,0.0742073550721817,0.055671255633107444,0.07419367131321003,0.05585733763415349
180,3.0,feeder2_368,0.07534724350358035,0.06214560366257853,0.07533126734534588,0.062302773407364884
180,3.0,feeder2_347,0.07614247485121103,0.048206720036849324,0.0761322768597017,0.048489873463213304
180,3.0,feeder2_353,0.0771069590745065,0.0451156656860832,0.07709041127809643,0.04545926437670777
180,3.0,feeder2_518,0.07627959460107761,0.048201854600311234,0.0762660438937361,0.048491137531569674
180,3.0,feeder2_365,0.07820949994312057,0.04248037829057452,0.07819555120771193,0.04289312080370395
180,3.0,feeder2_653,0.0767839972621365,0.04481185620702232,0.07676989197469937,0.045150667751250345
180,3.0,feeder2_377,0.07880158269466676,0.0409407006223236,0.07878922028495518,0.04139178807474286
180,3.0,feeder2_622,0.07752175129970792,0.044116049540001964,0.07750964019547504,0.04452645672368157
180,3.0,feeder2_451,0.07546866086714428,0.06208139411138558,0.07544936463479328,0.0622436825023359
180,3.0,feeder2_383,0.07721518391960598,0.07305409033296813,0.07719428692784842,0.07317445035125998
180,3.0,feeder2_385,0.07947731764490697,0.0394604647706908,0.07946841886380333,0.039952682036427344
180,3.0,feeder2_621,0.0788579647157276,0.04101395553304737,0.07884557246477078,0.04146142078893889
180,3.0,feeder2_611,0.07699587727108417,0.07290171713671435,0.07697964205163395,0.073016213406743
180,3.0,feeder2_405,0.07733635711786871,0.0737575407833652,0.07731809039574944,0.07386882519959434
180,3.0,feeder2_461,0.08233538548408872,0.038154326985872934,0.08232455477153287,0.03880102800824732
180,3.0,feeder2_594,0.07915830932200207,0.03912964933078464,0.07914455039497827,0.03962506857745623
180,3.0,feeder2_732,0.07526726862145595,0.07446401282637105,0.07525254643410169,0.0745556664181252
180,3.0,feeder2_417,0.07842787010268505,0.07899896155045864,0.0784073777437245,0.07910730961619084
180,3.0,feeder2_663,0.07804098479009722,0.08008130508817582,0.07802088948829532,0.08019150032816548
180,3.0,feeder2_444,0.07925963451227065,0.08264993067146349,0.0792358998795484,0.0827484805468752
180,3.0,feeder2_759,0.07932373884935981,0.08259723703793471,0.07930250346151589,0.08269899111296852
180,3.0,feeder2_842,0.09283548905487131,0.10548846281489373,0.09279062916648571,0.10557052731384992
180,3.0,feeder2_459,0.07926513241183378,0.0826165131007504,0.07924284531330524,0.0827152087660529
180,3.0,feeder2_702,0.08061638842738651,0.08122754475599445,0.08059681159646878,0.08132111922092053
180,3.0,feeder2_493,0.07914962813961973,0.08303117554393159,0.07913177819737144,0.0831188987197722
180,3.0,feeder2_651,0.08186738790974404,0.03941192900125067,0.08185767675998246,0.040055399469767265
180,3.0,feeder2_684,0.0846195104396005,0.04105553636936234,0.08461105917959762,0.041753254407805314
180,3.0,feeder2_674,0.07882514707533496,0.08314573709264553,0.07880771762249174,0.08323056997284804
180,3.0,feeder2_696,0.0793458165553748,0.08392925977284983,0.0793273706252625,0.08401527620975074
180,3.0,feeder2_681,0.07838298270183591,0.0832791983130758,0.07836283641157105,0.0833622352721357
180,3.0,feeder2_682,0.07816084346021954,0.08343406460303153,0.07814246672662106,0.08351488655488909
180,3.0,feeder2_728,0.0846113315209664,0.04116094500020224,0.08460301092937077,0.04185834342032934
180,3.0,feeder2_724,0.08701564508737246,0.047880563574973826,0.08701033685996847,0.048570076364888415
180,3.0,feeder2_703,0.07971880061099668,0.08463577587130156,0.07969967357753491,0.08472050637109772
180,3.0,feeder2_704,0.07942491682833784,0.0840824086507557,0.07940043428937235,0.08417329991833862
180,3.0,feeder2_754,0.08851092938321517,0.04878242190238142,0.08850871822848438,0.04946099963926509
180,3.0,feeder2_747,0.08786018504175916,0.05088651568709718,0.08785503582673923,0.05156455584017625
180,3.0,feeder2_828,0.08455923034018845,0.04111846678767478,0.084549548631816,0.041817078113107004
180,3.0,feeder2_763,0.08462037574394429,0.041377150290520304,0.08461804836153573,0.04207032897260448
180,3.0,feeder2_836,0.0879598583338218,0.05078573379503366,0.08795699827589605,0.051466337572611626
180,3.0,feeder2_758,0.08856961577320602,0.05373701252152351,0.08857010724298021,0.05440640036683301
180,3.0,feeder2_788,0.0901166431317312,0.05488646133998479,0.09011366269449991,0.05555038840054194
180,3.0,feeder2_812,0.09042517432109637,0.06170330430537464,0.09042522194468637,0.062353769677847254
180,3.0,feeder2_947,0.08494949331273556,0.041965416399367315,0.08494802884403646,0.04265928627885409
180,3.0,feeder2_868,0.0858429787599788,0.04179934326241401,0.08583959854743944,0.04249100503335942
180,3.0,feeder2_785,0.08439608582140265,0.04102722956370115,0.08438748621783443,0.041728708549327656
180,3.0,feeder2_1176,0.08300003283651226,0.04390809388064954,0.08298863890826458,0.04460934067688848
180,3.0,feeder2_846,0.08343037449438291,0.039441561687360606,0.08342571818011993,0.04014031755323743
180,3.0,feeder2_911,0.0844012324931872,0.041127118604169975,0.08439356391185901,0.04182742155379203
180,3.0,feeder2_1107,0.09106301936681498,0.06578050900922498,0.09106311165536629,0.0664004140042943
180,3.0,feeder2_920,0.09076949169009102,0.0629693838917499,0.09076967057135721,0.06362162033450865
180,3.0,feeder2_926,0.09131175634693102,0.06492143644063358,0.09131091982862054,0.06558153923592927
180,3.0,feeder2_1239,0.0907355044017353,0.06291449093535949,0.090736177277771,0.0635701346366583
180,3.0,feeder2_933,0.0915525038341185,0.0657623998912634,0.09155390984151299,0.06642324948961231
180,3.0,feeder2_1146,0.09130930290924484,0.06505978258070275,0.09131187506230397,0.06571880318983349
180,3.0,feeder2_1124,0.09161998936473523,0.06566181291548542,0.09162409046430098,0.06632741590955162
180,3.0,feeder2_942,0.09213678619647216,0.06801263776646584,0.09213757823723497,0.06867814490243435
180,3.0,feeder2_952,0.09281227744430473,0.07032775440302852,0.09281168474153584,0.07101348515486645
180,3.0,feeder2_965,0.09216109313205209,0.0681462952282934,0.09215993968910527,0.06881201125379442
180,3.0,feeder2_961,0.09288520722900923,0.07054619904935726,0.09288984879845183,0.07123528700026441
180,3.0,feeder2_963,0.09281228796906138,0.07033465367336057,0.09281224130593907,0.07101936168626463
180,3.0,feeder2_973,0.09336211922275268,0.07215129597815334,0.09336582842961197,0.07285042238253131
180,3.0,feeder2_1128,0.0927310098006793,0.06978120569416021,0.0927334564395807,0.07046636748674376
180,3.0,feeder2_1113,0.09283923512341165,0.07039489156592231,0.09284499177088067,0.07107908261304106
180,3.0,feeder2_1143,0.09281596431780016,0.07064166977387756,0.09281962227677143,0.07132697217050889
180,3.0,feeder2_1238,0.09486556383271649,0.07027915072212051,0.09486537480020334,0.07092818262049759
180,3.0,feeder2_979,0.09215261876877401,0.06813487532471238,0.092151889417841,0.0688033948796202
180,3.0,feeder2_1236,0.09404896644977676,0.07466311891844037,0.09405531490786209,0.0753787386676954
180,3.0,feeder2_989,0.0933623492566005,0.0721502928854613,0.09336648798448906,0.07284927906795674
180,3.0,feeder2_1196,0.09197306051756249,0.06807149459161649,0.09197766685776959,0.06873538689263499
180,3.0,feeder2_1158,0.09344503129547756,0.0720334369106269,0.09344898713953144,0.07273126301403965
180,3.0,feeder2_1122,0.09126493912109056,0.06749405815180823,0.09126296606843338,0.0680944652328554
180,3.0,feeder2_1258,0.09079088457835233,0.06582571778290809,0.09078868694549769,0.06645692760787562
180,3.0,feeder2_1303,0.09282174531095272,0.0687429420387179,0.09282047227919629,0.06933834721035846
180,3.0,feeder2_1138,0.09132419246411949,0.06841531110683959,0.09132160874559482,0.06900805840184626
180,3.0,feeder2_1304,0.0907663102236476,0.06823478704928738,0.09076499990202909,0.06882229161157973
180,3.0,feeder2_1212,0.09154011435689238,0.07054454161173362,0.09153860739967995,0.07111529767150687
180,3.0,feeder2_1311,0.09299853124893484,0.07179685980447001,0.09300218380929348,0.07236342469123731
180,3.0,feeder2_1290,0.0915925141965708,0.0721685255895513,0.09159278433106659,0.07272355725902818
180,3.0,feeder2_1325,0.09493769119984842,0.07833872887621554,0.09494181145892212,0.07907082836648928
180,3.0,feeder2_1248,0.09404964128043243,0.07466212990378149,0.09405597298633352,0.07537758242115751
180,3.0,feeder2_1249,0.0948832446166517,0.07032058054249515,0.09488655962227928,0.0709697603231975
180,3.0,feeder2_1250,0.09671841379654611,0.07170409832214726,0.09672107853473118,0.07234349486857743
180,3.0,feeder2_1366,0.09414195294768199,0.07452550682714441,0.0941429140238068,0.07523845106114838
180,3.0,feeder2_1266,0.09042426734453822,0.06604024222940312,0.09041772859442868,0.06667484201126286
180,3.0,feeder2_1372,0.09175667364819232,0.07245750872354582,0.09175890373824505,0.07301376944909732
180,3.0,feeder2_1363,0.09164225477098921,0.07359514848658055,0.09163955717424335,0.07412712354470846
180,3.0,feeder2_1446,0.09644256432921895,0.07956962586736126,0.09644953945063264,0.08029467584458126
180,3.0,feeder2_1502,0.09558176231285943,0.08076331238124841,0.09558950912312224,0.081527945011513
180,3.0,feeder2_1428,0.09113637184837964,0.07348701535909888,0.09113448600375969,0.07401382828988128
180,3.0,feeder2_1380,0.09186316828077795,0.07551250168793652,0.09186584478540837,0.07602762828931009
180,3.0,feeder2_1550,0.0918987562075594,0.0755744887127263,0.09190065139494852,0.07608928766580435
180,3.0,feeder2_1386,0.09197058610558789,0.07644067376033965,0.09197227939518357,0.07694321459272085
180,3.0,feeder2_1551,0.09180984213620162,0.07643986170842014,0.09181023727594771,0.0769442861941753
180,3.0,feeder2_1400,0.09202836076355518,0.07688326621954089,0.09202796754432419,0.07738130979304787
180,3.0,feeder2_1552,0.09181491101780623,0.07688652279709451,0.0918203899664449,0.07738560397927052
180,3.0,feeder2_1408,0.09216772088542186,0.07779484148087033,0.09217098948013674,0.07828885505591429
180,3.0,feeder2_1553,0.09181587275375103,0.0777498271554878,0.09181439622700292,0.07824201452889483
180,3.0,feeder2_1416,0.09225572104520556,0.07827521521601594,0.09226086870223314,0.07876773832580042
180,3.0,feeder2_1530,0.09432076976589725,0.08019337888931753,0.09432254810882734,0.0806768721240158
180,3.0,feeder2_1425,0.09222867697700565,0.0781401233500773,0.09223095915521456,0.0786286204423026
180,3.0,feeder2_1589,0.09198735308451358,0.07810329031997233,0.09198750501735184,0.0785885474434627
180,3.0,feeder2_1435,0.09222782877592998,0.07811436918403844,0.09222883213985913,0.0786048461147534
180,3.0,feeder2_1621,0.09235771663479768,0.0778683172577552,0.09235472902356079,0.07835883541254343
180,3.0,feeder2_1564,0.092157880650196,0.07810504587257301,0.09215472624283917,0.07859164610943078
180,3.0,feeder2_1704,0.09514220526897912,0.08086233097920315,0.09514309012311184,0.08163936532159397
180,3.0,feeder2_1525,0.09572931330882757,0.08140073865092638,0.09573411622119135,0.08216740814550978
180,3.0,feeder2_1716,0.09582800608250752,0.08124694297161292,0.09583438250437346,0.08201795577159111
180,3.0,feeder2_1537,0.09588856765014006,0.08214256206332739,0.09589484314617654,0.08291834485636018
180,3.0,feeder2_1645,0.09578797236116898,0.08213999475548119,0.0957933820504899,0.08291227226251012
180,3.0,feeder2_1561,0.09607845992415646,0.082982706081454,0.09608580567836697,0.08376292066625761
180,3.0,feeder2_1657,0.09615743163312757,0.08312629462581234,0.09616552173748587,0.08390388643066297
180,3.0,feeder2_1570,0.09615997832550069,0.08331223586785921,0.09616961263763736,0.08409604136217869
180,3.0,feeder2_1756,0.09894563505349364,0.08565819832028171,0.09895300123282119,0.08642292780293641
180,3.0,feeder2_1588,0.09620418420962171,0.08346181501890414,0.09621357793027968,0.08424680990260468
180,3.0,feeder2_1628,0.09631058007563628,0.08365120283459189,0.09631580525042502,0.08443792957846379
180,3.0,feeder2_1598,0.09625912695421686,0.08359780865469375,0.09626351839282135,0.08438762624760716
180,3.0,feeder2_1816,0.09646024506435137,0.08329782304740825,0.09646874066838038,0.08408597663194022
180,3.0,feeder2_1765,0.09647887556958755,0.08323173506930315,0.09648832639438866,0.08402448064292757
180,3.0,feeder2_1641,0.09646475698277704,0.08455406350189508,0.09647594466519108,0.08535879795311081
180,3.0,feeder2_1689,0.09643352296899683,0.084306700430613,0.096444282715396,0.08513005883745468
180,3.0,feeder2_1744,0.0971947905688343,0.0851850485582119,0.09720475851169276,0.08598908887505641
180,3.0,feeder2_1817,0.09641736212822667,0.08429588225183644,0.09642397845912347,0.08512168325897626
180,3.0,feeder2_1779,0.09645057505204523,0.08427757757330925,0.09646085899110629,0.08510305388646915
180,3.0,feeder2_1800,0.09637925823705061,0.0842930347476534,0.09638961993918928,0.08511824729787247
180,3.0,feeder2_1818,0.09583046101685669,0.08345878329410553,0.09586903351054801,0.08432346572093377
180,3.0,feeder2_1753,0.09943455819541218,0.08705033305304834,0.09944355777239411,0.08783819905380018
180,3.0,feeder2_1754,0.09721279911804195,0.08521929127521614,0.09721969278245712,0.08602269054037871
210,3.5,secondary,0.011114872378160277,0.011103502627537535,0.011089242814462937,0.011116115334176786
210,3.5,feeder2_44,0.020672207434961315,0.057876381835225636,0.020626796356850333,0.05792472278948632
210,3.5,feeder2_45,0.02105932617228296,0.059791216227655083,0.021014187828519392,0.059841947285398836
210,3.5,feeder2_46,0.017878381933252467,0.05635451884110766,0.017837852274001826,0.05639254677918387
210,3.5,feeder2_51,0.021617417573957617,0.06345952240002689,0.02156835222172089,0.06351194986919421
210,3.5,feeder2_48,0.02396476109574735,0.05798994481785803,0.023920316225082852,0.058047422179423484
210,3.5,feeder2_52,0.02280828466503647,0.0692326348812378,0.02275842100307644,0.06928203826198366
210,3.5,feeder2_68,0.023394018373143966,0.07164744091774494,0.023342158636748395,0.07170630900090304
210,3.5,feeder2_69,0.02337515546826047,0.07172709350164119,0.023323490104917313,0.07178834558190016
210,3.5,feeder2_71,0.02362995504624264,0.0727276686515689,0.02357763753986811,0.07278968959966366
210,3.5,feeder2_72,0.023842893477538943,0.07247693188801935,0.023792146604289723,0.0725394091180899
210,3.5,feeder2_73,0.02436670719300308,0.07613917601529123,0.024313752778251586,0.0762041863469475
210,3.5,feeder2_74,0.024259966717932242,0.07622120205775511,0.024205844694447996,0.07628777477178635
210,3.5,feeder2_77,0.02500546156705522,0.079055269385196,0.02494974028219583,0.07912372645968681
210,3.5,feeder2_79,0.023187060904237757,0.07802041380154079,0.023132565056801755,0.07808023247343841
210,3.5,feeder2_81,0.026096163568661367,0.08397198534383168,0.026042251609854267,0.08404782794595948
210,3.5,feeder2_82,0.02662194200056006,0.08337099769425221,0.02656646078091307,0.08344826724809357
210,3.5,feeder2_116,0.03091895165953227,0.10665169486222094,0.030849710034065843,0.1067560680822213
210,3.5,feeder2_119,0.030453862691615163,0.10902908528657428,0.03038671059831343,0.10913725948487114
210,3.5,feeder2_120,0.03291073121456962,0.11377585010622626,0.0328401862930497,0.11388950325722132
210,3.5,feeder2_248,0.03258433905171753,0.11604070036093353,0.03251400923041608,0.1161550823555367
210,3.5,feeder2_124,0.0342655325145121,0.11725820426430002,0.03419146512375855,0.11737616535207313
210,3.5,feeder2_282,0.034394031847546344,0.11710437264885777,0.034322790849955355,0.11722543454168377
210,3.5,feeder2_275,0.0340932733235097,0.11734798781197497,0.03402166807956625,0.11746885592860473
210,3.5,feeder2_151,0.036651037224244586,0.12336544382206156,0.03657472391953058,0.12349229011892103
210,3.5,feeder2_295,0.0366520926814673,0.12341101545759872,0.0365744488052966,0.12353869316896768
210,3.5,feeder2_311,0.03664280926037674,0.1234869345460429,0.03656757078402135,0.12361598079024315
210,3.5,feeder2_201,0.04059019838288131,0.1332712304799054,0.04050637713681696,0.13341460450081807
210,3.5,feeder2_314,0.04187905521532989,0.13252124497894888,0.04179886646726802,0.1326727623588104
210,3.5,feeder2_342,0.04559471147949825,0.14914049685205208,0.045500957306964594,0.1493007860754079
210,3.5,feeder2_368,0.0465551767412391,0.15327291656118083,0.04646648239660948,0.15342310057518455
210,3.5,feeder2_347,0.04637144749556691,0.1494391748103351,0.04627322712900372,0.1496314193434052
210,3.5,feeder2_353,0.04675039131508393,0.1498380917970955,0.04664819872106715,0.15004740205023373
210,3.5,feeder2_518,0.046608044398245764,0.14915599780390773,0.04651041726419335,0.1493510202436621
210,3.5,feeder2_365,0.04721295178283754,0.15025317613776926,0.04711195410237032,0.15048309202526877
210,3.5,feeder2_653,0.04647426397749273,0.1500555303936175,0.046374704142026414,0.15026833655673436
210,3.5,feeder2_377,0.0475484460932939,0.15096977270452147,0.047443394739443236,0.15121223353708407
210,3.5,feeder2_622,0.04456188560304711,0.14828497291163914,0.04446339379983575,0.1485058152245244
210,3.5,feeder2_451,0.04818688731945052,0.15221848821364853,0.04809798167064551,0.1523735471195603
210,3.5,feeder2_383,0.04779874827005227,0.16118042391203038,0.04770891953491383,0.1613097196577461
210,3.5,feeder2_385,0.04793565887433517,0.1518314040861462,0.04782934965153139,0.1520874998227101
210,3.5,feeder2_621,0.047550186610498126,0.151009988505718,0.047442815461434924,0.15124686612327903
210,3.5,feeder2_611,0.04740707358724017,0.16268666650294072,0.047317968076741934,0.16281622375409188
210,3.5,feeder2_405,0.04789237821276658,0.1616086547992934,0.04779901622875027,0.1617348344447101
210,3.5,feeder2_461,0.04991027676994685,0.1532996412259829,0.04979509113154626,0.15361693247925912
210,3.5,feeder2_594,0.047659197807344844,0.15331842115434177,0.04755265703371972,0.15357279050595585
210,3.5,feeder2_732,0.0472434782261634,0.16447180796176578,0.04715062235733768,0.16459883071567094
210,3.5,feeder2_417,0.04871245102430969,0.16426799275493345,0.04862310372099296,0.1643839196939816
210,3.5,feeder2_663,0.04875989454499757,0.16437351394079827,0.04867377465482803,0.16448982835867845
210,3.5,feeder2_444,0.04934915642601712,0.16630738620978128,0.04925884616803735,0.16641494376287252
210,3.5,feeder2_759,0.05325544845254394,0.1638214840760208,0.053170203787786044,0.16394196196293295
210,3.5,feeder2_842,0.05635081622351034,0.17881038144303638,0.05628382036104049,0.17886870581363834
210,3.5,feeder2_459,0.049341491100589635,0.16644502427079905,0.04925259308402615,0.16655263386601607
210,3.5,feeder2_702,0.049384621406147355,0.16638569090864555,0.04929632833754739,0.16649518211816336
210,3.5,feeder2_493,0.049309159868735485,0.1669906258992168,0.04922265661486765,0.16709972273318827
210,3.5,feeder2_651,0.049893382633178364,0.15334600053409989,0.049780659161869224,0.15366474167162733
210,3.5,feeder2_684,0.0515316472850384,0.15506687180711665,0.05141308981764927,0.15543498956020518
210,3.5,feeder2_674,0.04921462573721847,0.1672367727549852,0.049126770949272196,0.1673464814438309
210,3.5,feeder2_696,0.04942047584179267,0.16751844819247663,0.04933226161954906,0.16762625140545495
210,3.5,feeder2_681,0.049009470418187304,0.16788714754546283,0.048920060953641556,0.1679958756198158
210,3.5,feeder2_682,0.04914143882269416,0.16727182920951383,0.04905355882190725,0.16738140895234027
210,3.5,feeder2_728,0.05155383668136867,0.15489275217740536,0.0514326755639988,0.15526176051568127
210,3.5,feeder2_724,0.05320265249137071,0.15785216354457682,0.05307809241818235,0.15827298758728275
210,3.5,feeder2_703,0.0495184568060863,0.16788366721901968,0.04943315119914109,0.167987605056851
210,3.5,feeder2_704,0.049439379132140825,0.16759593891500138,0.049352788714765006,0.16769976948955226
210,3.5,feeder2_754,0.05458258937656228,0.1573578537248968,0.054457387110696066,0.15778742692009032
210,3.5,feeder2_747,0.05371524630530302,0.1594699094649979,0.05358801139683939,0.15991409532621514
210,3.5,feeder2_828,0.05151005183550335,0.15493329764062064,0.051387606858023384,0.15530112228152512
210,3.5,feeder2_763,0.05160827774857381,0.15458020571739198,0.05149042771881201,0.15495255583552436
210,3.5,feeder2_836,0.05237373839883094,0.15829244709621512,0.052245463676368786,0.15873261722197995
210,3.5,feeder2_758,0.05423094822061106,0.1613925869500045,0.054099197238447694,0.16185074128246565
210,3.5,feeder2_788,0.055675683890099255,0.16088404572279819,0.0555454138071463,0.1613458231389224
210,3.5,feeder2_812,0.05541149761956951,0.16840208028388082,0.055272993482993193,0.16891165404708589
210,3.5,feeder2_947,0.05216444944772605,0.1539820936686528,0.05204558138517881,0.15435407743078536
210,3.5,feeder2_868,0.05179558144289358,0.15437832733580728,0.05167516551560001,0.15474866916572416
210,3.5,feeder2_785,0.05158400375416379,0.15467005436166295,0.051463072929516365,0.1550382355737968
210,3.5,feeder2_1176,0.05154285238685491,0.1547606139146208,0.05142296448962531,0.15512865798288536
210,3.5,feeder2_846,0.05137393485401677,0.1548785926646018,0.051252999752871876,0.15524994067205425
210,3.5,feeder2_911,0.05160354076388333,0.1545686540136454,0.05148205800241221,0.15493559213367047
210,3.5,feeder2_1107,0.05514494931080696,0.17796070184227114,0.055006114625223236,0.17847531943129719
210,3.5,feeder2_920,0.05582993580140042,0.16778175368433873,0.05569140228711819,0.16830508877286632
210,3.5,feeder2_926,0.056485241162108055,0.16675347670199217,0.05634424623203165,0.16729504607044665
210,3.5,feeder2_1239,0.05579251345554808,0.16792908048979213,0.05565247044521918,0.168454919199855
210,3.5,feeder2_933,0.0566992296362413,0.1663904876657476,0.05655851147469768,0.16693996957559282
210,3.5,feeder2_1146,0.05684421347523767,0.166356538857699,0.05670443814896587,0.16690184022124374
210,3.5,feeder2_1124,0.05584010086519276,0.16559301122378686,0.05569565210998334,0.16613761167362673
210,3.5,feeder2_942,0.05733721904835144,0.166166827113534,0.057191368083028396,0.16673430573147935
210,3.5,feeder2_952,0.05822316151277277,0.1646852263292433,0.05807067384461051,0.16528115269500765
210,3.5,feeder2_965,0.057344429487998165,0.16632088581751922,0.05720184583417173,0.16689160269825898
210,3.5,feeder2_961,0.05828537747625789,0.16457687973540555,0.05813454117428436,0.16517602443166007
210,3.5,feeder2_963,0.05823034469961294,0.16467454030328252,0.05807981160359378,0.1652700290948918
210,3.5,feeder2_973,0.05862375331952854,0.16397313456786047,0.05847021479798275,0.16458693804072996
210,3.5,feeder2_1128,0.05827250443401376,0.16462638616634553,0.05812131297035319,0.1652257631439214
210,3.5,feeder2_1113,0.05883384149171481,0.1645908247059804,0.05868537838705462,0.1651900736986581
210,3.5,feeder2_1143,0.058271242152845654,0.16438474600695765,0.0581188244625368,0.16497868636693258
210,3.5,feeder2_1238,0.05918929068193761,0.16601074827601173,0.05904296208464471,0.1665847966052553
210,3.5,feeder2_979,0.057315761693135195,0.16656568433182556,0.05716973338484654,0.16713440496856372
210,3.5,feeder2_1236,0.05911519847687157,0.16304539155241946,0.05895715400908904,0.16367734400586337
210,3.5,feeder2_989,0.05862388181482129,0.1639734025689191,0.05847128429013519,0.16458803746320427
210,3.5,feeder2_1196,0.05727660474739588,0.16755822503774148,0.057131363237676765,0.16812490837866534
210,3.5,feeder2_1158,0.05862399909975718,0.1639936014282481,0.058469450786661624,0.1646048224930777
210,3.5,feeder2_1122,0.055039014665316834,0.18165340909159694,0.054902886020453345,0.18217244383917097
210,3.5,feeder2_1258,0.055092979523083334,0.17797417762051282,0.05495547983410122,0.1784897923891729
210,3.5,feeder2_1303,0.05514613792996883,0.181537830021487,0.055007422430173605,0.1820577216502732
210,3.5,feeder2_1138,0.05495772106810328,0.1846102375470962,0.05481899937571492,0.1851277721555233
210,3.5,feeder2_1304,0.054778071451931296,0.1862763154417814,0.05464054020139278,0.186795274669914
210,3.5,feeder2_1212,0.0549773332601312,0.1895051240178083,0.054841352462998996,0.19003430160815593
210,3.5,feeder2_1311,0.05742421092010715,0.18920822735139506,0.05728508341113132,0.18974521330001462
210,3.5,feeder2_1290,0.05448315382563252,0.19606914934512149,0.05434657234313895,0.1965924626409803
210,3.5,feeder2_1325,0.05976088781865012,0.16173593421471374,0.059599688612075846,0.16240190011490913
210,3.5,feeder2_1248,0.059115149274265665,0.16304550561835124,0.05895715400908904,0.16367734400586337
210,3.5,feeder2_1249,0.05970917739890533,0.1659476157204885,0.05956123723517638,0.16652236482214972
210,3.5,feeder2_1250,0.059241451586142364,0.1659583118492338,0.05909725024587879,0.16653295326280182
210,3.5,feeder2_1366,0.05910553045157734,0.16305850831361204,0.05894986679361189,0.16369124278982894
210,3.5,feeder2_1266,0.0550892378833436,0.1779845312128188,0.05495236283163604,0.17850044575320484
210,3.5,feeder2_1372,0.054761869551273545,0.19581015201093765,0.05462594513968779,0.19633469893496663
210,3.5,feeder2_1363,0.05392553164126555,0.20349705077078203,0.05378808046258035,0.2040176137352677
210,3.5,feeder2_1446,0.06089333775627322,0.1615778473099797,0.06073063619677775,0.16224689810378695
210,3.5,feeder2_1502,0.06011743047785056,0.16064650689799337,0.059951603418229665,0.16133901215646956
210,3.5,feeder2_1428,0.05389639435217582,0.2051526059991034,0.053760238569986275,0.2056745162028516
210,3.5,feeder2_1380,0.053585487162792954,0.20982674830793643,0.05344967298416527,0.2103484788714022
210,3.5,feeder2_1550,0.05438762882720737,0.20970658201713943,0.05425256224921137,0.21023339469537417
210,3.5,feeder2_1386,0.05331444451769717,0.21303054634971555,0.05317985833903262,0.21354815136394614
210,3.5,feeder2_1551,0.053696292997604936,0.2148752981964731,0.053560272726417245,0.2153920629700553
210,3.5,feeder2_1400,0.05322014811304481,0.21411357283207083,0.05308294397764005,0.21463482695591682
210,3.5,feeder2_1552,0.053055558023095424,0.21428735871163984,0.05291905521643942,0.2148072377109467
210,3.5,feeder2_1408,0.053051316502038495,0.21627419050162636,0.052915277551219685,0.2167915050916077
210,3.5,feeder2_1553,0.05353142370378677,0.2188411161195719,0.0533952328011567,0.2193545416593765
210,3.5,feeder2_1416,0.05301019718835405,0.2168086701672547,0.052873594097563544,0.21732381953661511
210,3.5,feeder2_1530,0.05324674012273903,0.21658674558145363,0.0531096950357534,0.2171044858195783
210,3.5,feeder2_1425,0.05291174600350273,0.2179500006125975,0.0527763151012763,0.21846661120620905
210,3.5,feeder2_1589,0.052758799311917376,0.21817143761122967,0.052623615381129696,0.21868630568096345
210,3.5,feeder2_1435,0.052896748257863134,0.21815984883472653,0.05276100199614543,0.21867594106360647
210,3.5,feeder2_1621,0.052801534402011484,0.21816792308090627,0.05266705183609627,0.21868631661791177
210,3.5,feeder2_1564,0.05270774373919146,0.22060131154149282,0.052570581083823335,0.22111448938091255
210,3.5,feeder2_1704,0.0590784154760121,0.1596480990610894,0.05891190771819815,0.16033889849871086
210,3.5,feeder2_1525,0.060251182445836673,0.1607054838163131,0.060082049701381514,0.16140234266266743
210,3.5,feeder2_1716,0.05773056973612632,0.15822795692164443,0.05756085479690627,0.15892500983261065
210,3.5,feeder2_1537,0.06045098536852667,0.16113012219365966,0.06028251741481129,0.1618426488000602
210,3.5,feeder2_1645,0.06056885059489533,0.16298958535236358,0.06039959166288948,0.1636952837410566
210,3.5,feeder2_1561,0.06079043282726419,0.16053953110054833,0.060619632151040145,0.161265106226818
210,3.5,feeder2_1657,0.06161969719561059,0.16041337865128352,0.06144575837741266,0.16114012782147827
210,3.5,feeder2_1570,0.060887177781374764,0.16033986891894966,0.0607163506203384,0.16107231577359757
210,3.5,feeder2_1756,0.06587698720767766,0.16015381594771427,0.06570196314140357,0.16090529686995309
210,3.5,feeder2_1588,0.06089617285589095,0.16020853604717072,0.0607210193915164,0.16094348216615748
210,3.5,feeder2_1628,0.061069282991039336,0.16004609292184396,0.06089745992179451,0.16078380497817568
210,3.5,feeder2_1598,0.060900322848373975,0.16009236549890665,0.06072373661195917,0.16083353995069385
210,3.5,feeder2_1816,0.060896484777918446,0.16012513261603817,0.06072089279881332,0.16085845684848188
210,3.5,feeder2_1765,0.06082978671843065,0.1600686043961577,0.06065483526240999,0.16080726037144052
210,3.5,feeder2_1641,0.060889613094910575,0.1594933513549454,0.06071118850154132,0.1602550601268631
210,3.5,feeder2_1689,0.06086154315096984,0.15914563842203763,0.06067669926244343,0.15992135149046113
210,3.5,feeder2_1744,0.060981203484597,0.159397550299603,0.06080236595982309,0.16015756322028174
210,3.5,feeder2_1817,0.060843097448491666,0.15921780789435488,0.060659325884683805,0.15999776893329082
210,3.5,feeder2_1779,0.06026568841291443,0.15855677766004517,0.06007969587597465,0.1593318464591837
210,3.5,feeder2_1800,0.06081795854553096,0.1591956579847198,0.06063286882316107,0.15997011045634163
210,3.5,feeder2_1818,0.061363181961184766,0.1586202807243569,0.061144707262952736,0.1594364036635332
210,3.5,feeder2_1753,0.06112943199526649,0.15923618437468562,0.06094900061625045,0.15999471012160763
210,3.5,feeder2_1754,0.061012308670675364,0.1593664257057953,0.06083268591557048,0.16012647849765024
240,4.0,secondary,0.01038111097486483,0.010926199727403819,0.010385548502512347,0.010932831704923476
240,4.0,feeder2_44,0.01940028667222582,0.057225875865847625,0.01940807735979133,0.05724386969919276
240,4.0,feeder2_45,0.019737471176181402,0.05900250526619855,0.019745649359874936,0.059019895222904746
240,4.0,feeder2_46,0.019146998335838585,0.05742973328797578,0.019154175133428025,0.05744686121654486
240,4.0,feeder2_51,0.020308951623519818,0.06219012663532781,0.02031672551244141,0.062209145938311367
240,4.0,feeder2_48,0.020331042181691933,0.05837387312823645,0.020334990887210327,0.05839069993854362
240,4.0,feeder2_52,0.022401829045996163,0.06852400949483181,0.022413658257906754,0.06854370037501087
240,4.0,feeder2_68,0.022103108700743432,0.06879885651064638,0.02211032254689909,0.06882188446835875
240,4.0,feeder2_69,0.022064314740295125,0.06886280118621976,0.02206930200467332,0.06888489924315234
240,4.0,feeder2_71,0.022343300526701804,0.06967106151524204,0.022350691377426263,0.06969130970508541
240,4.0,feeder2_72,0.02256982934575973,0.06941849002984997,0.02257749091419194,0.06944159529196035
240,4.0,feeder2_73,0.02309504860886673,0.07243297364168254,0.02310035929596141,0.07245439428238658
240,4.0,feeder2_74,0.023458214216051612,0.07465130941457722,0.023468381947177985,0.0746747257848703
240,4.0,feeder2_77,0.023775329219275023,0.07445508121682248,0.023781981887814812,0.07447790107646475
240,4.0,feeder2_79,0.023684293048610874,0.07457167629363733,0.023688578523035405,0.07459641717228598
240,4.0,feeder2_81,0.024852045278352775,0.07759333304712673,0.024858880820393104,0.07762135566138764
240,4.0,feeder2_82,0.02539633761217866,0.07700014110460182,0.025404451309608833,0.07702495003460748
240,4.0,feeder2_116,0.029729657795482246,0.09234907981535985,0.02973721205167753,0.09237953974948011
240,4.0,feeder2_119,0.029126021807674377,0.09294060325702447,0.029133552806028414,0.09296955196005853
240,4.0,feeder2_120,0.031678648555156744,0.09754756876211412,0.031684680930796856,0.09758080819910034
240,4.0,feeder2_248,0.03127545342090862,0.09788872357089191,0.03128449131477912,0.09792265128430336
240,4.0,feeder2_124,0.03293068982762435,0.10062965807336134,0.0329363263069022,0.10066336559228387
240,4.0,feeder2_282,0.033063880077731915,0.10047248885507885,0.03307211681535552,0.10050508734457275
240,4.0,feeder2_275,0.032755677743500286,0.10073100820834112,0.032763370701622656,0.10076421258800512
240,4.0,feeder2_151,0.03514282387285091,0.10605122649106451,0.03515019921134809,0.10608866708754347
240,4.0,feeder2_295,0.03514256557021305,0.10609357749160943,0.03514943755303035,0.10612985555800349
240,4.0,feeder2_311,0.035130242935488845,0.10616104381369179,0.03513905174398377,0.10619906959283858
240,4.0,feeder2_201,0.038807490392241586,0.11487066365125172,0.038814139378780976,0.11491226285497008
240,4.0,feeder2_314,0.04083006265820742,0.11380205798137118,0.04083779664146399,0.1138421256252937
240,4.0,feeder2_342,0.04308180679899361,0.13019180338028263,0.04309055831236656,0.13024628479555359
240,4.0,feeder2_368,0.04382043200996131,0.13379280327666368,0.04382857672742929,0.13385586682704126
240,4.0,feeder2_347,0.0437664835265875,0.13142057571293891,0.04377408504721481,0.13146679746329473
240,4.0,feeder2_353,0.04410704334882478,0.13233599562384782,0.044117312170790374,0.1323810733575892
240,4.0,feeder2_518,0.044009252736009676,0.131133411234739,0.044018070282350816,0.13118276491149544
240,4.0,feeder2_365,0.044533627525161844,0.13335412426312473,0.04454325622755552,0.1333910385595047
240,4.0,feeder2_653,0.04382952640033038,0.1325657264272933,0.04384067056399165,0.13261019602041946
240,4.0,feeder2_377,0.044812083743356906,0.13419351340802152,0.044822707108413296,0.1342277694882756
240,4.0,feeder2_622,0.04317526822171075,0.13232796943586728,0.04318565370300872,0.132370014358398
240,4.0,feeder2_451,0.044036776036433675,0.13352159234331418,0.04404483811429556,0.13358292395749544
240,4.0,feeder2_383,0.04510456181407467,0.14025872059028077,0.04510763727222091,0.14033101697260703
240,4.0,feeder2_385,0.04513482759644984,0.13519968966010676,0.045145822652315384,0.13522855192136404
240,4.0,feeder2_621,0.044811378871734996,0.13423133618695096,0.044826983865692394,0.13426680640030006
240,4.0,feeder2_611,0.044898105993567444,0.14037587016452285,0.04490275047093834,0.14044733499801143
240,4.0,feeder2_405,0.04519317116356659,0.14067372335759637,0.04519731657192638,0.14074834930809368
240,4.0,feeder2_461,0.0466336827804265,0.139459214171568,0.04665316749763416,0.13947576930869973
240,4.0,feeder2_594,0.04486606798603948,0.13544066080601658,0.044879340952100444,0.13547129201147123
240,4.0,feeder2_732,0.04446440548573115,0.14356407152551282,0.04447154986809155,0.14363581002444936
240,4.0,feeder2_417,0.04598423793293064,0.14324557772559743,0.045988029440855616,0.14332225940415538
240,4.0,feeder2_663,0.04603617821038808,0.1433568527912062,0.04603869312900852,0.14343412677572312
240,4.0,feeder2_444,0.046602433461574735,0.14523540753823136,0.04660570553644998,0.14531838079721848
240,4.0,feeder2_759,0.05099458386133493,0.1423442715703002,0.05099733349060813,0.14242153929458942
240,4.0,feeder2_842,0.05420474756835992,0.15829808687867514,0.054188812594104276,0.1584028568847925
240,4.0,feeder2_459,0.046573976465191624,0.14536157996128862,0.046573409425504635,0.1454444271711076
240,4.0,feeder2_702,0.04661770615106617,0.14530025405240832,0.04661799333203391,0.14538292886440307
240,4.0,feeder2_493,0.04646289648648313,0.1458656661230254,0.04646469311239762,0.14594724298211328
240,4.0,feeder2_651,0.046608140767923155,0.13949700275537613,0.04662326690306624,0.13950929145790708
240,4.0,feeder2_684,0.047906830029095966,0.14348329802292645,0.047925648047850794,0.1434846650245677
240,4.0,feeder2_674,0.04634320105388841,0.14618277268853888,0.04634474383001932,0.1462645056952146
240,4.0,feeder2_696,0.04640660599499391,0.1459857777158635,0.04641023807953455,0.14607112036369826
240,4.0,feeder2_681,0.046252778887429104,0.14621468438114193,0.046254541065029756,0.14629671023033639
240,4.0,feeder2_682,0.04600358153566382,0.1474461017278938,0.04600715158358137,0.14752794059274058
240,4.0,feeder2_728,0.04793230330805189,0.14331175799795984,0.04794924479824054,0.14331140009226098
240,4.0,feeder2_724,0.04924810518552704,0.14852673317736428,0.04927015369897188,0.1485102013108718
240,4.0,feeder2_703,0.046527693022274406,0.14637950633234087,0.04653088757135581,0.14646481140124587
240,4.0,feeder2_704,0.04607257441716151,0.14586897329018783,0.046075912813293256,0.14595241705535955
240,4.0,feeder2_754,0.0495139128408375,0.14826102875132277,0.04953649839609375,0.14824738705500676
240,4.0,feeder2_747,0.04979019350930562,0.15087015895211994,0.04981439853538463,0.15085221477833463
240,4.0,feeder2_828,0.04788804580622736,0.14335565279093265,0.047905441846629676,0.1433532766053051
240,4.0,feeder2_763,0.04799226941695724,0.14299807657036567,0.04801130263818562,0.14299522122717118
240,4.0,feeder2_836,0.048381861656548605,0.14963714233501527,0.048403960714364036,0.1496201058006425
240,4.0,feeder2_758,0.050343421970553165,0.15345895882577756,0.05036825820204214,0.15343147589094294
240,4.0,feeder2_788,0.05069097970628673,0.15312761674179354,0.05071234291624582,0.15309843916130464
240,4.0,feeder2_812,0.05203097677801221,0.16230119710888494,0.05205738965688856,0.16225522870542194
240,4.0,feeder2_947,0.04857249147505459,0.1423975052590252,0.04859346482795045,0.14239896671997374
240,4.0,feeder2_868,0.048187943908314435,0.14279507835353047,0.048208768009763016,0.14279849556177834
240,4.0,feeder2_785,0.0479673599421407,0.14308974854989473,0.047987578329446015,0.14309220730379618
240,4.0,feeder2_1176,0.0479009961919722,0.14316092662916902,0.047917880899607246,0.1431606819359079
240,4.0,feeder2_846,0.047760562313824174,0.14331044916634741,0.0477804281361244,0.1433103875500405
240,4.0,feeder2_911,0.047988765768197945,0.1429848551357713,0.04800835280030751,0.1429851821179533
240,4.0,feeder2_1107,0.052371986929537456,0.16811575510431123,0.05240006483301465,0.1680632509562716
240,4.0,feeder2_920,0.05242372318773336,0.16328061128295102,0.05245046771257795,0.16322944902421538
240,4.0,feeder2_926,0.053043516013520975,0.16463046425709627,0.053073779151025034,0.16457980743365175
240,4.0,feeder2_1239,0.05238610502845358,0.16343809785217456,0.05241326379073301,0.16339193644179803
240,4.0,feeder2_933,0.05331485855071247,0.1652678147402199,0.05334683948069696,0.16521141731382707
240,4.0,feeder2_1146,0.05306253743673358,0.1644835289804328,0.05309282598494627,0.16443160183501987
240,4.0,feeder2_1124,0.05327681269499723,0.16525944843206605,0.053306779360065296,0.1652036952446823
240,4.0,feeder2_942,0.053995750396818996,0.16690052528707133,0.05402683117942594,0.16683989047638897
240,4.0,feeder2_952,0.05446381347875172,0.16737920793270555,0.05449658456715128,0.16731638165440638
240,4.0,feeder2_965,0.05406590638512496,0.1671551320957861,0.05409721641877459,0.1670938601784916
240,4.0,feeder2_961,0.05450961473502245,0.16746302063407606,0.05454269577935193,0.167399608241144
240,4.0,feeder2_963,0.05446485599511932,0.16737236366524366,0.05449825813993235,0.16730910844011776
240,4.0,feeder2_973,0.0547997561482795,0.16737350713567806,0.05483212114250005,0.1673093877458735
240,4.0,feeder2_1128,0.05442959555264275,0.1683913330367989,0.05446348524149311,0.16832942567921544
240,4.0,feeder2_1113,0.05452372765850312,0.16731248554407793,0.054556732478497114,0.16724919069432448
240,4.0,feeder2_1143,0.054512667466540744,0.16708226173345692,0.05454577987950897,0.16701809153727298
240,4.0,feeder2_1238,0.05991642559960231,0.16712963649986573,0.05994661148511621,0.16705870864539285
240,4.0,feeder2_979,0.05402820470370216,0.1675628574898496,0.05406017616038792,0.16750104772094443
240,4.0,feeder2_1236,0.055221572285823584,0.16722039006480874,0.05525458089550626,0.16715034568422935
240,4.0,feeder2_989,0.05479986468658145,0.16737371655344155,0.05483212114250005,0.1673093877458735
240,4.0,feeder2_1196,0.054228342263577825,0.16919814758415394,0.05426181345433368,0.16914055132642639
240,4.0,feeder2_1158,0.0547829164474934,0.16738579826611996,0.05481814542891013,0.1673156842235339
240,4.0,feeder2_1122,0.052557374895579274,0.17077596508127124,0.052584308776490854,0.17071841565404755
240,4.0,feeder2_1258,0.05178810742380367,0.16761689133851634,0.0518184789924175,0.16756268828462034
240,4.0,feeder2_1303,0.0526721828645859,0.17065965088525006,0.052702495173262115,0.17060415539164003
240,4.0,feeder2_1138,0.05270119552635512,0.17293433793632007,0.052732164997497576,0.17287428419739378
240,4.0,feeder2_1304,0.052317677698793016,0.1734807714591554,0.05234591560086272,0.17342253865488141
240,4.0,feeder2_1212,0.05311172112370459,0.17712224543544716,0.05314317796886724,0.1770608062227847
240,4.0,feeder2_1311,0.05447041022789147,0.1770191014064992,0.054499919698302764,0.17694928613744343
240,4.0,feeder2_1290,0.05333254566787818,0.1825743084876124,0.053362533387252435,0.18250677859469241
240,4.0,feeder2_1325,0.055777532592983146,0.1669864769596398,0.05581325856907106,0.16690657586885801
240,4.0,feeder2_1248,0.055221368286768144,0.1672204305116335,0.05525379176299373,0.1671499346952609
240,4.0,feeder2_1249,0.06113446246586055,0.16716964813723342,0.061162777398045674,0.16709063034764612
240,4.0,feeder2_1250,0.0612229737674395,0.16716423874504618,0.06124961517916159,0.16708522438532908
240,4.0,feeder2_1366,0.0551898603192445,0.167222815587869,0.05522413245907474,0.16714929616826246
240,4.0,feeder2_1266,0.05178025832798905,0.1676225008989377,0.05180778678409917,0.16756956752140578
240,4.0,feeder2_1372,0.05444686707953637,0.18238281737843884,0.054479464539784035,0.18230956760991837
240,4.0,feeder2_1363,0.05318164016397953,0.18889678415576888,0.053211798886639655,0.18882574027803675
240,4.0,feeder2_1446,0.05686765875191199,0.16687689294422273,0.05690288657518758,0.1667992393886137
240,4.0,feeder2_1502,0.056026636682703274,0.16704726549868731,0.05606250744253636,0.16696950672158656
240,4.0,feeder2_1428,0.05285147648253458,0.18939963718158345,0.05288430210075235,0.18932914398769055
240,4.0,feeder2_1380,0.05319916655974805,0.1958009142074568,0.053229064904565374,0.1957315299237781
240,4.0,feeder2_1550,0.05399746849142894,0.19579911743752348,0.05403152418743369,0.1957265438415602
240,4.0,feeder2_1386,0.053102528878367444,0.19922589617460668,0.05313662153662406,0.1991581402810955
240,4.0,feeder2_1551,0.05391094627502854,0.2019884829412636,0.05394584595685071,0.20191964435900953
240,4.0,feeder2_1400,0.05310214836979902,0.2001857016334926,0.05313684255806399,0.2001145494126256
240,4.0,feeder2_1552,0.0529366582860951,0.2003850348926737,0.05296920159646769,0.20031840509542326
240,4.0,feeder2_1408,0.05312774471816903,0.20207642411908147,0.05315906308741812,0.2020037183045179
240,4.0,feeder2_1553,0.052901768866473936,0.20242484334699767,0.05293500807678793,0.20235525434172985
240,4.0,feeder2_1416,0.05315850559681866,0.20298601789853124,0.053190305222913466,0.2029143057010625
240,4.0,feeder2_1530,0.0544749293772633,0.20285572038180338,0.05450709428767113,0.2027787701084556
240,4.0,feeder2_1425,0.05302426140529167,0.2048804724888964,0.0530571034968066,0.20481132707910668
240,4.0,feeder2_1589,0.05415787799098249,0.20842246441608406,0.054193404956447554,0.20835583793576204
240,4.0,feeder2_1435,0.05301887298158855,0.20490860108709907,0.05305103000815991,0.20483787182347313
240,4.0,feeder2_1621,0.052907793053089375,0.2048764376272058,0.052939788365967994,0.2048083710192489
240,4.0,feeder2_1564,0.05294406580294787,0.20524605518167377,0.052978131396043196,0.20517533264632087
240,4.0,feeder2_1704,0.055941883557461686,0.1670122731083568,0.05597669543476749,0.1669314471817082
240,4.0,feeder2_1525,0.05608513917641769,0.16706572455629526,0.056123552231212764,0.16698460850856953
240,4.0,feeder2_1716,0.056038757088385696,0.16705720107602862,0.05607830335491824,0.166973198300089
240,4.0,feeder2_1537,0.05614844776827341,0.16708471374172912,0.056188080538771557,0.16699896991809346
240,4.0,feeder2_1645,0.05605555590452968,0.1671709492542439,0.05609284748308682,0.1670895220056091
240,4.0,feeder2_1561,0.05623341452437397,0.1670621827917161,0.05627338008619328,0.16697698575910136
240,4.0,feeder2_1657,0.05637471369953031,0.16693675726620644,0.05641334774081218,0.16685186588415127
240,4.0,feeder2_1570,0.05626468334070673,0.16708490127285,0.056302934119862605,0.16699572008381672
240,4.0,feeder2_1756,0.05892400283958597,0.166884218955882,0.05895950386772829,0.16678834237215923
240,4.0,feeder2_1588,0.056248668035889945,0.16714114359072074,0.056288459382958136,0.16705493496476684
240,4.0,feeder2_1628,0.05643411464203123,0.16697924861457691,0.05647223470064141,0.16689403468573802
240,4.0,feeder2_1598,0.05621987047481126,0.167262188423786,0.05626001361804722,0.1671747273689212
240,4.0,feeder2_1816,0.05616649105741981,0.1672798716451815,0.05620545165614983,0.1671963372696712
240,4.0,feeder2_1765,0.056080749769136296,0.16721354776663042,0.056119249700437926,0.16713052000705023
240,4.0,feeder2_1641,0.05605583339297156,0.16784342690097567,0.056096947460322066,0.16775628075531643
240,4.0,feeder2_1689,0.05589247079687164,0.16850910942778427,0.05593334552310113,0.16842222598308562
240,4.0,feeder2_1744,0.056158879066539685,0.16774381573451627,0.05620279824392718,0.16766014146811598
240,4.0,feeder2_1817,0.05578184456343626,0.16983187245531076,0.05582482844592353,0.1697438164803011
240,4.0,feeder2_1779,0.05524835327393869,0.1678992624677206,0.05529116594027524,0.16781553036404592
240,4.0,feeder2_1800,0.05585126167786512,0.16856362620723037,0.055892095173127536,0.16847589043796946
240,4.0,feeder2_1818,0.05636659707731226,0.16875243919761215,0.056425344712831206,0.16865523145266195
240,4.0,feeder2_1753,0.05632605336867459,0.1675764803803353,0.056367126465652964,0.1674853467797472
240,4.0,feeder2_1754,0.05619377423842887,0.16771135802646175,0.05623446417506429,0.16762362178730036
270,4.5,secondary,0.02412295531524456,0.010332210620450987,0.024107584473067385,0.010363888588581675
270,4.5,feeder2_44,0.04506253770106498,0.054092541058526844,0.04502958396992808,0.05426903352084106
270,4.5,feeder2_45,0.04583144791381758,0.05549713459211843,0.045796645802296344,0.0556766324260095
270,4.5,feeder2_46,0.044461678952147865,0.05763654389456239,0.044424791493782104,0.05781337692018025
270,4.5,feeder2_51,0.04717093691656826,0.057903674987483444,0.04713485484381107,0.05809438080435715
270,4.5,feeder2_48,0.046114053357902154,0.055661347960701685,0.04607699186230834,0.05584562848205402
270,4.5,feeder2_52,0.04568409310882711,0.05696872629063965,0.04564889434465581,0.05716760076981014
270,4.5,feeder2_68,0.0511432187426599,0.06517260840039804,0.05110507208297221,0.06539049016931607
270,4.5,feeder2_69,0.05125369814655338,0.06529814416388426,0.05121065086746441,0.06552052884319175
270,4.5,feeder2_71,0.05166931988452516,0.06613421133121358,0.05163089200110926,0.06635750948009343
270,4.5,feeder2_72,0.05175913732130636,0.06622356969760515,0.05172257502315686,0.06644404297535635
270,4.5,feeder2_73,0.05331942613823268,0.06913506364959844,0.053275618156093135,0.06937042917871143
270,4.5,feeder2_74,0.05318733882523932,0.06899246325015014,0.05314793843247117,0.06922244814906453
270,4.5,feeder2_77,0.05474129682079901,0.07173748392901835,0.05469776894901224,0.07198080417024015
270,4.5,feeder2_79,0.05496448012657126,0.07201932275393387,0.0549214682750291,0.07226481734089887
270,4.5,feeder2_81,0.05696391624745728,0.07577118701741724,0.05692203030225383,0.07602401885066391
270,4.5,feeder2_82,0.05720710132147703,0.0759589142772189,0.05716356809565441,0.0762124813538081
270,4.5,feeder2_116,0.06702076623927992,0.09372901551786783,0.06697271884495237,0.0940468344534905
270,4.5,feeder2_119,0.06624319184913903,0.09289489429971438,0.06619360749292336,0.0932134700194927
270,4.5,feeder2_120,0.07084715197540534,0.10088934601310388,0.07079818574529319,0.1012319251765094
270,4.5,feeder2_248,0.07035993504684908,0.10037516729601875,0.07030407534497198,0.10072487031851454
270,4.5,feeder2_124,0.0732389952221696,0.10551219049136581,0.07318323229257112,0.10587626695882338
270,4.5,feeder2_282,0.0732832339732161,0.10558246671887787,0.07323143612572379,0.10593772368562256
270,4.5,feeder2_275,0.07306013089306107,0.10531243620196258,0.07300901365873574,0.10567112794418021
270,4.5,feeder2_151,0.07743232977043261,0.11365265086536168,0.0773754381044989,0.11403847776012203
270,4.5,feeder2_295,0.07750364258191529,0.11371195536138187,0.07744748584647387,0.114096110371771
270,4.5,feeder2_311,0.07762846815884582,0.1138344422940411,0.0775758042952061,0.11421673052009595
270,4.5,feeder2_201,0.0843270046573984,0.12698063157070835,0.08426391241366998,0.12741061747503427
270,4.5,feeder2_314,0.08510971332344644,0.1266325405905664,0.0850482056601369,0.12706137836605752
270,4.5,feeder2_342,0.09393185075175765,0.1465358876396341,0.09386181419259441,0.1470290927815748
270,4.5,feeder2_368,0.0959164549223301,0.1508461384376311,0.09584592631965774,0.1513527072102875
270,4.5,feeder2_347,0.09559173840628302,0.14860738102893856,0.0955207210231871,0.14911076238072274
270,4.5,feeder2_353,0.09642614222859047,0.14975909124535985,0.09635712923612189,0.15026225829188222
270,4.5,feeder2_518,0.09567464865548737,0.14874970731142778,0.09560006854580182,0.14925553397037425
270,4.5,feeder2_365,0.0973800691538343,0.15136626267686398,0.0973102149897973,0.15187320235737595
270,4.5,feeder2_653,0.09610499331611702,0.14941522108870267,0.09603136738728849,0.1499229849846831
270,4.5,feeder2_377,0.09789642864261718,0.15229997921705327,0.09782091062613663,0.15281198624957654
270,4.5,feeder2_622,0.09740660093237634,0.15138343797210208,0.09733663493869714,0.15188945991432976
270,4.5,feeder2_451,0.09598851935729315,0.1509582178689738,0.0959232731759386,0.15145869257614505
270,4.5,feeder2_383,0.09915664577028926,0.15801250395769512,0.09908922356300011,0.15852736625197003
270,4.5,feeder2_385,0.09848351030067763,0.15341889729778369,0.09841027189626905,0.15392896347333537
270,4.5,feeder2_621,0.09797486691582714,0.1523463146982007,0.09790190078053704,0.15285902903301407
270,4.5,feeder2_611,0.09894087672813831,0.1577808472569967,0.09886921130657587,0.1582996044322241
270,4.5,feeder2_405,0.09936303597340096,0.15848441331204327,0.09928957087244857,0.1590054502781501
270,4.5,feeder2_461,0.10096070829790055,0.15913434281852964,0.10088377294097106,0.15964647884894545
270,4.5,feeder2_594,0.09816702924818844,0.15308057867478225,0.09809003284316435,0.153595215518126
270,4.5,feeder2_732,0.0990269144595714,0.15812514657632795,0.09895605497043335,0.15864040623359804
270,4.5,feeder2_417,0.10093941132283625,0.16215924446954336,0.1008684556365017,0.16267907877981228
270,4.5,feeder2_663,0.10063299799316988,0.16488249088985513,0.10055631837799375,0.165407327216685
270,4.5,feeder2_444,0.10209535288178341,0.16416050026161727,0.10202330325609639,0.1646859376677962
270,4.5,feeder2_759,0.10369377720292851,0.16318926587565658,0.10362136665111567,0.1637138803750457
270,4.5,feeder2_842,0.11833223378976047,0.18056271396405568,0.11824942484298974,0.1811080524649338
270,4.5,feeder2_459,0.10215069360054534,0.16409360522406272,0.10207775068315549,0.16462190347584565
270,4.5,feeder2_702,0.10376098541308493,0.16305384639820475,0.103689468359341,0.16357721667516523
270,4.5,feeder2_493,0.10221140017737981,0.16420435616175655,0.10213704672437238,0.16473222141409158
270,4.5,feeder2_651,0.10109886925340858,0.1592142938069086,0.10101752829593084,0.15973194883616512
270,4.5,feeder2_684,0.10293114464132039,0.16437311798204937,0.10285390514466121,0.16488551955937383
270,4.5,feeder2_674,0.10216230667639277,0.16414923518820285,0.10208790399196936,0.16467894285296888
270,4.5,feeder2_696,0.10243747546213083,0.16477066755467068,0.10236506040518618,0.16529944938255622
270,4.5,feeder2_681,0.10207775581228432,0.16405289876330492,0.10200167468433886,0.16458252914937438
270,4.5,feeder2_682,0.10208711117853739,0.16406690816176212,0.10201175059873208,0.16459780397817667
270,4.5,feeder2_728,0.103093852807066,0.16434375493153894,0.10301333768908995,0.16485323078763617
270,4.5,feeder2_724,0.10473823409578306,0.17024307304378167,0.10465833568994265,0.17075539609437682
270,4.5,feeder2_703,0.10292343334923253,0.16525758787679412,0.10285102875736661,0.16578851657706684
270,4.5,feeder2_704,0.10254080665911358,0.16487672461570244,0.10247018950773183,0.16540397158549372
270,4.5,feeder2_754,0.10482383485539423,0.17045321158979568,0.10474133096568146,0.17096604240439292
270,4.5,feeder2_747,0.10548433109081852,0.17260207717760004,0.10539969119051486,0.17312227309495495
270,4.5,feeder2_828,0.10304151742327704,0.1642891569016196,0.10296023677267396,0.16479885574057693
270,4.5,feeder2_763,0.1033540027637337,0.16439204601100998,0.10327771270451154,0.1648937160090066
270,4.5,feeder2_836,0.10502728325285154,0.1754528476903976,0.1049364753505744,0.17597641349466395
270,4.5,feeder2_758,0.10602386678861624,0.17346343682468687,0.10594178244919747,0.17397533162198736
270,4.5,feeder2_788,0.10614096514672944,0.17373825756861586,0.10606222320964115,0.17424966684054516
270,4.5,feeder2_812,0.10770874794622359,0.17604249965545724,0.1076198322254797,0.1765514434201949
270,4.5,feeder2_947,0.10354761768456226,0.16484316730515985,0.10346504612139007,0.16534717491089607
270,4.5,feeder2_868,0.10341865821853037,0.16454450840482385,0.10334197083841823,0.1650463029380128
270,4.5,feeder2_785,0.10351174071594162,0.1642070059258615,0.10343148026401167,0.16470838784325956
270,4.5,feeder2_1176,0.1038491307403126,0.16434680752825476,0.10377451468813527,0.1648457716883626
270,4.5,feeder2_846,0.1032540427178692,0.16393909423641892,0.10317884528423711,0.16443705931707295
270,4.5,feeder2_911,0.10388626198524262,0.16409306959910658,0.10380727234403583,0.16458492679517106
270,4.5,feeder2_1107,0.1077469474910809,0.1746962750950845,0.10766142875961257,0.17518852493023418
270,4.5,feeder2_920,0.10817124557215956,0.17721464078725302,0.1080801763674644,0.17772600896622745
270,4.5,feeder2_926,0.10901270375539902,0.17967916245048166,0.10892837239421531,0.18018595465691273
270,4.5,feeder2_1239,0.10799234532892087,0.17640419496457138,0.10790070151895609,0.1769144356902784
270,4.5,feeder2_933,0.1093512836326159,0.18074671821078228,0.10925966366735708,0.18126000955247715
270,4.5,feeder2_1146,0.1091742921280145,0.17984735896827636,0.1090892089857455,0.18034791199960773
270,4.5,feeder2_1124,0.10945633849728066,0.18076880795908337,0.109367258169431,0.18128180171971836
270,4.5,feeder2_942,0.11017903163098489,0.1834649858424466,0.11008848935208837,0.18397649192530854
270,4.5,feeder2_952,0.11145239080675494,0.18766490261858879,0.11136125728045132,0.18818113097313893
270,4.5,feeder2_965,0.11017248835889923,0.18344758487564333,0.11008490611372196,0.1839574716159489
270,4.5,feeder2_961,0.11156347055079358,0.18807959178639802,0.11147003673709925,0.18859766746745177
270,4.5,feeder2_963,0.11145808860857342,0.18767397566129645,0.11136549037407031,0.18819205146888382
270,4.5,feeder2_973,0.11215991169881312,0.1903189617369679,0.11206257212902217,0.1908472146491273
270,4.5,feeder2_1128,0.11155404036180153,0.18802450701293275,0.11146314829462006,0.18854131399288213
270,4.5,feeder2_1113,0.11194561258899934,0.18771592250146318,0.11185220874868605,0.1882289787040645
270,4.5,feeder2_1143,0.11164834820410682,0.18804326623514495,0.11155786602702673,0.18855189864002567
270,4.5,feeder2_1238,0.11021783675782273,0.18366211453498793,0.11012564553490184,0.18417390068035192
270,4.5,feeder2_979,0.11016534354579224,0.1834063534307985,0.11007676222951222,0.18391846603219456
270,4.5,feeder2_1236,0.113022675140102,0.19369189860108627,0.11292467854766154,0.19423140260254115
270,4.5,feeder2_989,0.11216017448833224,0.19031878345928682,0.11206428263377902,0.19084530083058013
270,4.5,feeder2_1196,0.10998502143892189,0.18322799714181762,0.10989403518711788,0.18374144909377638
270,4.5,feeder2_1158,0.11227869429930408,0.19031119258584006,0.11218430472557685,0.19083910626544728
270,4.5,feeder2_1122,0.10770823730212559,0.17417898990200487,0.10761984002920932,0.1746677152098259
270,4.5,feeder2_1258,0.10796221333790192,0.1747393980735055,0.10787112241271721,0.17523375523754767
270,4.5,feeder2_1303,0.10773026120443263,0.1742908299789808,0.10764540756347425,0.17477533072399587
270,4.5,feeder2_1138,0.10768106552887129,0.17373851046132646,0.10759773348352883,0.17421617364134603
270,4.5,feeder2_1304,0.10712204781510566,0.17318062705126838,0.10703200456569908,0.1736632588565921
270,4.5,feeder2_1212,0.10769989089655684,0.1732677977232623,0.10761168887907194,0.17374042186247676
270,4.5,feeder2_1311,0.10898783601145864,0.1733573941712408,0.10890623119358409,0.17382070921129902
270,4.5,feeder2_1290,0.10757210096794087,0.1725346103463469,0.10748238236820834,0.17300105256420795
270,4.5,feeder2_1325,0.11414579206063835,0.19836257432958365,0.1140478915430232,0.1989130704524881
270,4.5,feeder2_1248,0.11302367505838101,0.19369188009004773,0.11292678747489301,0.19423077667466176
270,4.5,feeder2_1249,0.11022435345213102,0.18370316892269858,0.11013521539408175,0.1842125248322614
270,4.5,feeder2_1250,0.11023416243730637,0.18371382762204408,0.11014226971759404,0.18422447689948238
270,4.5,feeder2_1366,0.11316183443063274,0.19369277701100437,0.11306532526964783,0.19422965039741152
270,4.5,feeder2_1266,0.10801382378150357,0.17474097578081338,0.10792536506934243,0.17523788978156998
270,4.5,feeder2_1372,0.10766607370744294,0.17277864332790654,0.10758198930329789,0.17324158299167794
270,4.5,feeder2_1363,0.10745378802921259,0.17139351532183755,0.10736868668926336,0.17184903380517944
270,4.5,feeder2_1446,0.11419668500952646,0.19850431435032181,0.1140989274920382,0.19905197544281317
270,4.5,feeder2_1502,0.11542076276556926,0.2034417410504152,0.11531844096598767,0.2040094510927082
270,4.5,feeder2_1428,0.1069465239770283,0.17089405824984935,0.10686270565020005,0.17134585797659807
270,4.5,feeder2_1380,0.1074454540112918,0.1707901996281698,0.10736013746554637,0.17124108764991164
270,4.5,feeder2_1550,0.10928312092009526,0.17080373680276142,0.10919802318239252,0.17124555066208627
270,4.5,feeder2_1386,0.10730052963009325,0.17040649592518722,0.1072105036912311,0.17085891548753473
270,4.5,feeder2_1551,0.10636143142588197,0.16929455826842385,0.10627797466418241,0.1697481829311811
270,4.5,feeder2_1400,0.1072903231818643,0.17049185521712526,0.10720381065733775,0.17094482625420923
270,4.5,feeder2_1552,0.10708259807777712,0.1702960840455832,0.10699224296578246,0.17074967379564027
270,4.5,feeder2_1408,0.10728494323385808,0.17076358097134542,0.10719986753138912,0.17121328390663584
270,4.5,feeder2_1553,0.10693261423102902,0.17041898847474643,0.1068451412100826,0.1708723415906096
270,4.5,feeder2_1416,0.10729509564326241,0.17097910125394744,0.10720975805597263,0.17143089048788174
270,4.5,feeder2_1530,0.10736709572083711,0.17119243088994834,0.10727872434483021,0.17164535484528873
270,4.5,feeder2_1425,0.10732143887893848,0.17127139318424842,0.10723212075907898,0.17172856904616138
270,4.5,feeder2_1589,0.10707855985881967,0.1710316904222924,0.10699359513074513,0.17148515058083258
270,4.5,feeder2_1435,0.10733063855747974,0.17135237802298542,0.10724654214893066,0.17180738650469923
270,4.5,feeder2_1621,0.10725003517870803,0.17260037093045066,0.10716058916616293,0.17306212195263485
270,4.5,feeder2_1564,0.1072725436222537,0.17101660231906982,0.10718222265505342,0.1714757537451454
270,4.5,feeder2_1704,0.1156176337927697,0.20347340388304114,0.115517672487057,0.2040378093094849
270,4.5,feeder2_1525,0.1157263596673581,0.20475145312306114,0.11562284047401256,0.20532349641599343
270,4.5,feeder2_1716,0.11546048680708926,0.20652338248578683,0.11535604968213169,0.20709570547921552
270,4.5,feeder2_1537,0.11604194816821584,0.20596742164857026,0.11593746771790568,0.20653865314057746
270,4.5,feeder2_1645,0.11594760946626369,0.2058833744950921,0.1158492933532742,0.20644984467260907
270,4.5,feeder2_1561,0.11640653086460438,0.2073931784031496,0.116303701121974,0.20796573479417943
270,4.5,feeder2_1657,0.11644937764949553,0.2075210274758171,0.11634928500737943,0.20809367323561104
270,4.5,feeder2_1570,0.11656570856758164,0.20797703971713177,0.11646603139574886,0.20855104827588947
270,4.5,feeder2_1756,0.11902863441269024,0.20832743769026996,0.11892480692937386,0.20888886920107422
270,4.5,feeder2_1588,0.11669229461999742,0.20848600051726296,0.11658720450507172,0.20906550217189707
270,4.5,feeder2_1628,0.11747895750403613,0.20866139674268833,0.11738048894128568,0.20923295567692635
270,4.5,feeder2_1598,0.11682243340947354,0.20905588569247413,0.11671480190636352,0.20963950127703374
270,4.5,feeder2_1816,0.11712139409581379,0.209028392532798,0.11701665636477622,0.20961063252678538
270,4.5,feeder2_1765,0.11717735309909728,0.20909157370423917,0.11707524073808923,0.20967336509645174
270,4.5,feeder2_1641,0.11738655636043645,0.2118803927277805,0.11728326437708474,0.2124786128087426
270,4.5,feeder2_1689,0.11768869263952696,0.21398088723383896,0.11758219190565018,0.21460158980135943
270,4.5,feeder2_1744,0.11819049473874689,0.21199373033961463,0.11808006164926294,0.2125927356255065
270,4.5,feeder2_1817,0.11767523102672761,0.21390281408626807,0.11756420256542938,0.21452822568086052
270,4.5,feeder2_1779,0.11746328250883833,0.21506921597227155,0.1173564216798943,0.2156949264914455
270,4.5,feeder2_1800,0.11763291619164655,0.2139273060958599,0.11752434976297134,0.21454790432281082
270,4.5,feeder2_1818,0.11781933449068367,0.21643768106442474,0.11771219141276718,0.21710878375814646
270,4.5,feeder2_1753,0.11822095260378664,0.2121635263561245,0.11811200950295653,0.21276056857836675
270,4.5,feeder2_1754,0.11873968573613958,0.21203737623557245,0.11863793075529397,0.2126283573206065
300,5.0,secondary,0.01219196953444845,0.013922418928997538,0.012215481035500098,0.013910809230259879
300,5.0,feeder2_44,0.022763886414114715,0.0728527984196152,0.02281264941694705,0.0727887002671637
300,5.0,feeder2_45,0.023120146880789207,0.07495694975345135,0.023170969237014307,0.0748922761261009
300,5.0,feeder2_46,0.023422097929836613,0.07475541659672338,0.023471708967570164,0.07468563118478587
300,5.0,feeder2_51,0.02374827262545007,0.07867527631661052,0.023800685818534513,0.07860897410725493
300,5.0,feeder2_48,0.023209661365208738,0.07448820152893135,0.023254887100666935,0.07442563280103537
300,5.0,feeder2_52,0.02355212928168686,0.07860563399336525,0.023599420941504776,0.07853996208377914
300,5.0,feeder2_68,0.025531887015789588,0.089177103586548,0.025588453818998234,0.08910262525988633
300,5.0,feeder2_69,0.025683112871023043,0.08936742909812859,0.02573474665972022,0.0892943887394514
300,5.0,feeder2_71,0.02576664930677885,0.09055831245895554,0.02581960803670756,0.090482646484965
300,5.0,feeder2_72,0.025778866019602904,0.09038656974959577,0.025833729775432024,0.09031251648666835
300,5.0,feeder2_73,0.02650529567315353,0.09489888717124242,0.026558283641710256,0.09482516663242035
300,5.0,feeder2_74,0.02497126497180102,0.09607573027871429,0.025025370400401425,0.09600490542705269
300,5.0,feeder2_77,0.027201249332657943,0.09846882375959164,0.027262245631013093,0.09838636298565907
300,5.0,feeder2_79,0.02755253585564521,0.09958528744030315,0.02760978218634248,0.0995038785294524
300,5.0,feeder2_81,0.0281836897292498,0.10361062109825966,0.028244268851329784,0.10352745523756021
300,5.0,feeder2_82,0.029961224235816607,0.10114022310234674,0.03002305022007315,0.10105636437273567
300,5.0,feeder2_116,0.032438165782538914,0.12931296991923352,0.03250674607346161,0.12921722277817824
300,5.0,feeder2_119,0.030247006590499663,0.13038400503586547,0.03031851280435268,0.13028973555932322
300,5.0,feeder2_120,0.034285650366647526,0.13841358487014244,0.03435462302219605,0.13831183890725543
300,5.0,feeder2_248,0.033849584145793574,0.1382745697955917,0.033919546736072795,0.13817481914419022
300,5.0,feeder2_124,0.03544585709525038,0.14409288138403553,0.035519575337189864,0.14398716478659787
300,5.0,feeder2_282,0.035444103639523585,0.14398921265010692,0.03551442071408198,0.14388139234103395
300,5.0,feeder2_275,0.033523786066273036,0.14536329341863113,0.03359833426590501,0.1452582188697294
300,5.0,feeder2_151,0.037773761581674475,0.15335050193135882,0.03785237255257734,0.15322885979591255
300,5.0,feeder2_295,0.03786383669687866,0.1534567825372787,0.03794371483523762,0.15333819718414557
300,5.0,feeder2_311,0.03802706293407964,0.15365399681265487,0.03810966280640505,0.15352972756403566
300,5.0,feeder2_201,0.04154217083450977,0.16831485107809374,0.0416316985038175,0.1681764595959639
300,5.0,feeder2_314,0.04152774463125814,0.16824484709112092,0.04161110752171732,0.16810894987849462
300,5.0,feeder2_342,0.04693538275983548,0.18982536204550354,0.047029448993353345,0.1896606844037983
300,5.0,feeder2_368,0.048443053014273735,0.19770434262599335,0.04853482891866344,0.19754140832406436
300,5.0,feeder2_347,0.04732640749427533,0.185762581741852,0.04742624217226832,0.1855843366919657
300,5.0,feeder2_353,0.047537157242971334,0.18383129113146573,0.04764463108059494,0.1836419568931723
300,5.0,feeder2_518,0.04733338351087547,0.18557861236014314,0.04743841671021695,0.18539552429363915
300,5.0,feeder2_365,0.04779100086600202,0.1817707240666195,0.04789623302012575,0.18157750609302092
300,5.0,feeder2_653,0.0472479211358684,0.18371373122550394,0.04735177759355404,0.18353167871348028
300,5.0,feeder2_377,0.0479269944888633,0.18064376675172722,0.048031697224078095,0.18044926988925294
300,5.0,feeder2_622,0.04782375843370709,0.18181002817871497,0.04793027134171297,0.18161839430149598
300,5.0,feeder2_451,0.04844299419762072,0.19753216434715234,0.04854024920708277,0.19736242157797926
300,5.0,feeder2_383,0.05091648688771629,0.21057675114965455,0.05101267399093206,0.21041029860641192
300,5.0,feeder2_385,0.048075710739256775,0.17930883282699472,0.048185092194661674,0.1791064449676798
300,5.0,feeder2_621,0.04802308094180304,0.18075829746528696,0.04812882193833223,0.1805598829408722
300,5.0,feeder2_611,0.050726346444393056,0.2104947031487038,0.050820491475496284,0.21033326857176302
300,5.0,feeder2_405,0.05107382394214468,0.21138680524558565,0.051171792550073744,0.2112185222559108
300,5.0,feeder2_461,0.04874679128506699,0.17419033693195674,0.04885888999853282,0.1739656312952454
300,5.0,feeder2_594,0.04779072841674096,0.1791854436953026,0.04790293303187912,0.17898135817003544
300,5.0,feeder2_732,0.04803808647087098,0.21315757363924437,0.04813613223294372,0.2129981044984624
300,5.0,feeder2_417,0.052462591416829706,0.21716461430184095,0.05255907741082433,0.21699938798959004
300,5.0,feeder2_663,0.05274686478701963,0.217862823842539,0.05284509531800023,0.21769334828101156
300,5.0,feeder2_444,0.053461551971846676,0.22131498779837513,0.05355856069344149,0.22115028699545686
300,5.0,feeder2_759,0.05344800821386115,0.2212110827659199,0.0535462302089044,0.22104094341999586
300,5.0,feeder2_842,0.07325377508793934,0.2438949769795692,0.07335542938784996,0.24371873413491732
300,5.0,feeder2_459,0.053452771982879656,0.2214359903011293,0.05354917768822869,0.22126954903338908
300,5.0,feeder2_702,0.05344888886673315,0.22139881503083153,0.0535449177158065,0.22123357723830508
300,5.0,feeder2_493,0.053422023048124524,0.22190856651021462,0.05351875606830529,0.2217431969788547
300,5.0,feeder2_651,0.04892045282466349,0.1744052615730765,0.04903506947942436,0.1741802238176084
300,5.0,feeder2_684,0.04924577116271104,0.16982829787444922,0.04936549852860078,0.1695804813612345
300,5.0,feeder2_674,0.0531608450400995,0.22203219272424382,0.05325652923218895,0.22186817831960792
300,5.0,feeder2_696,0.053670370742762624,0.22283075497673224,0.05376901546559786,0.22266202920134268
300,5.0,feeder2_681,0.053090122584145596,0.22198683135414582,0.05318439081951098,0.22182424674138188
300,5.0,feeder2_682,0.052189266863869516,0.22261447974099485,0.05228108277052728,0.22245288498357677
300,5.0,feeder2_728,0.04924131547535356,0.16984613375357824,0.04936080961949553,0.1695948559274156
300,5.0,feeder2_724,0.04975016151814906,0.16534875990774833,0.04987023317315777,0.16508518459830854
300,5.0,feeder2_703,0.054272546605206945,0.22354038271510876,0.05437083651977582,0.22337015472929958
300,5.0,feeder2_704,0.05379918060091595,0.22298337298381302,0.05389822589831172,0.2228166250515107
300,5.0,feeder2_754,0.049766191383873205,0.16517854831867873,0.049892719848273405,0.16490902521437445
300,5.0,feeder2_747,0.04997272570512873,0.16360407244967903,0.05010154223240345,0.16332804963594474
300,5.0,feeder2_828,0.04919465165724021,0.16982073702920805,0.04931412713566478,0.16957198205638788
300,5.0,feeder2_763,0.04924984147196219,0.169919213150386,0.049369011560588136,0.16966569112543184
300,5.0,feeder2_836,0.05016111299314363,0.1638388250282122,0.05029007370885027,0.16356036604799223
300,5.0,feeder2_758,0.05014289958400801,0.1619994811818442,0.05026704426162477,0.16171849210962355
300,5.0,feeder2_788,0.05135564960488595,0.160350717898398,0.05148618838609621,0.16006191958625066
300,5.0,feeder2_812,0.050528123110545886,0.15913675396528093,0.05066398438317008,0.15883478712606972
300,5.0,feeder2_947,0.0492806620436811,0.16954099690223776,0.0494025815570101,0.16928442213739764
300,5.0,feeder2_868,0.04973907425225954,0.16920413231071862,0.049859109392725635,0.16895130734149333
300,5.0,feeder2_785,0.04920602637294918,0.17053044335190523,0.04932857481540809,0.17027684509521257
300,5.0,feeder2_1176,0.04989220839444186,0.17284882619520647,0.050013602326164856,0.17258754624115671
300,5.0,feeder2_846,0.04835125235375954,0.17080515444768352,0.0484674283729419,0.17055601794994008
300,5.0,feeder2_911,0.049196080024670394,0.17048036711213488,0.04931685721239757,0.17022774008523073
300,5.0,feeder2_1107,0.05002032735284377,0.1579812196272584,0.05015378360687835,0.15769072693969638
300,5.0,feeder2_920,0.05077636987542811,0.15866645676634583,0.05091514445439604,0.1583532675016765
300,5.0,feeder2_926,0.05116451467936496,0.15806405357808842,0.051304856840273125,0.15773550570447428
300,5.0,feeder2_1239,0.05075525086353312,0.15857117895037684,0.05089233623888935,0.15826172942705782
300,5.0,feeder2_933,0.051304561140742215,0.158170309971951,0.051443022279371704,0.15783937296651626
300,5.0,feeder2_1146,0.05131602895719445,0.15633929788708698,0.05145097757979812,0.15601832956977785
300,5.0,feeder2_1124,0.0514344802488019,0.15833247192545297,0.051572996259136764,0.15800165719415318
300,5.0,feeder2_942,0.05162812958779032,0.15830652257793484,0.05177175639801092,0.15795731576278604
300,5.0,feeder2_952,0.05201738930159538,0.1600701814932701,0.05216543669652454,0.15969986620949264
300,5.0,feeder2_965,0.051639766750152825,0.1581096000231184,0.0517850683763951,0.1577623288915167
300,5.0,feeder2_961,0.052039680101070074,0.16051502597308134,0.05218459051067341,0.1601422948192327
300,5.0,feeder2_963,0.05202167041661984,0.16001626661317844,0.05216635180595618,0.15964585487818578
300,5.0,feeder2_973,0.052261728466143346,0.1627407536482282,0.05241052850443413,0.1623573608194334
300,5.0,feeder2_1128,0.05186450523824959,0.1607782859688101,0.05201068320257083,0.160408935787818
300,5.0,feeder2_1113,0.05260558631376025,0.15927236039839407,0.05275132296410776,0.15889923741407552
300,5.0,feeder2_1143,0.052132321637680334,0.15845372445994177,0.052276069660837435,0.1580841539454602
300,5.0,feeder2_1238,0.05391949085121488,0.15524404299572866,0.054054885016360646,0.15489768767167658
300,5.0,feeder2_979,0.0516345380403098,0.15808437431690203,0.051775221766039006,0.15773980048429725
300,5.0,feeder2_1236,0.05257148883155155,0.1659653339954663,0.0527234259578445,0.16555542005034382
300,5.0,feeder2_989,0.05226199082426227,0.16274198881309837,0.05241052850443413,0.1623573608194334
300,5.0,feeder2_1196,0.051470300326124506,0.15799500447881892,0.05160729696232825,0.15765186765069636
300,5.0,feeder2_1158,0.05240123215778637,0.16289931241288558,0.052550488558046185,0.1625100290941453
300,5.0,feeder2_1122,0.04976735670060604,0.15727970370872404,0.049900360611508716,0.15699517914777933
300,5.0,feeder2_1258,0.0502849163383418,0.1583065751021687,0.050422065628621796,0.15801234864435126
300,5.0,feeder2_1303,0.0497576605250913,0.15721901254410514,0.049895630005846826,0.15693232577938487
300,5.0,feeder2_1138,0.04957352251210031,0.15675099649230498,0.04970774962710153,0.156470845481657
300,5.0,feeder2_1304,0.047976702323650214,0.15722905385021124,0.04810958217221452,0.15695592000476313
300,5.0,feeder2_1212,0.04944053312378121,0.15538165640971274,0.04957895366600198,0.1550993614246004
300,5.0,feeder2_1311,0.04942914242165127,0.15529624285033466,0.04956171223335802,0.15501940241111023
300,5.0,feeder2_1290,0.04929332090249977,0.15375413489214057,0.04942421722917261,0.1534813349468991
300,5.0,feeder2_1325,0.052755523201860804,0.1690776117069423,0.05291674536915353,0.16864303982009157
300,5.0,feeder2_1248,0.052573036213129344,0.16597115309026475,0.052724886060187784,0.16556100981507896
300,5.0,feeder2_1249,0.05391594401903983,0.15522657494356806,0.054054328264847,0.15487718990176172
300,5.0,feeder2_1250,0.05554934274992712,0.1532781822719728,0.05569019029448227,0.1529298051086344
300,5.0,feeder2_1366,0.052867634887661503,0.16731956203933976,0.053025772903616986,0.1669032101962342
300,5.0,feeder2_1266,0.05034554085320633,0.15837681429763348,0.050482892136870856,0.15808522492401753
300,5.0,feeder2_1372,0.04931272043652747,0.15356841801986934,0.04944576823851355,0.15329591180369342
300,5.0,feeder2_1363,0.04917658697478387,0.15225079162576816,0.04931149242394082,0.15198113432843796
300,5.0,feeder2_1446,0.05397097830790338,0.16749648366758502,0.054125942342285134,0.1670647098192877
300,5.0,feeder2_1502,0.052819240522941506,0.17463575840307513,0.05298652943831677,0.1741755190989614
300,5.0,feeder2_1428,0.048714489480174664,0.15205247384787124,0.04884995662742812,0.15178616515474933
300,5.0,feeder2_1380,0.049133857842963306,0.15082869190947826,0.04926826028279385,0.1505661923474281
300,5.0,feeder2_1550,0.04913716711846772,0.15078647634925016,0.049271336790406364,0.1505216287631706
300,5.0,feeder2_1386,0.04911638442726453,0.15015575253284563,0.04925026364018593,0.14989443207117167
300,5.0,feeder2_1551,0.04898038170706603,0.15006725990984535,0.049112421299733505,0.14980838586361284
300,5.0,feeder2_1400,0.04911150588208491,0.14986015548480336,0.04924808523575761,0.14959666128962307
300,5.0,feeder2_1552,0.048932532285945726,0.14974042641562832,0.04906464298172731,0.14948383821847094
300,5.0,feeder2_1408,0.04911125430389512,0.14931988398936533,0.04924282780796193,0.14906243623462614
300,5.0,feeder2_1553,0.04741963143317611,0.15010436465616575,0.0475541858019786,0.1498522745720351
300,5.0,feeder2_1416,0.04919696931143613,0.14890103559272921,0.04933149345788839,0.14864024248264987
300,5.0,feeder2_1530,0.05089782140027348,0.1466982957936964,0.051029877660725906,0.14643885725246977
300,5.0,feeder2_1425,0.04926742728058476,0.1492578304342429,0.04940415949488473,0.14899491564514286
300,5.0,feeder2_1589,0.049045662666470285,0.1491664202523868,0.04917964274434192,0.148903348970162
300,5.0,feeder2_1435,0.049284513536067526,0.1493406069277736,0.04941894254248696,0.14907765368562753
300,5.0,feeder2_1621,0.04959763206053156,0.15026780853883182,0.0497291167755523,0.15000424101736712
300,5.0,feeder2_1564,0.04924278308376421,0.14916135556281462,0.04937836139005652,0.14889870137928568
300,5.0,feeder2_1704,0.05317739389633444,0.17563844850599797,0.0533416024740274,0.17517957979341492
300,5.0,feeder2_1525,0.052763653743353504,0.1756706938722188,0.05292485426844606,0.1752129266913866
300,5.0,feeder2_1716,0.053576356324880524,0.17889547588030777,0.053745566313536566,0.1784186077612049
300,5.0,feeder2_1537,0.052602707509410304,0.17628851516348015,0.0527714744175889,0.17582139920506004
300,5.0,feeder2_1645,0.05163695994024601,0.17662660186214754,0.05180368859308976,0.1761703394586849
300,5.0,feeder2_1561,0.052542755205085674,0.17685508200065347,0.05270942145763131,0.17638710140758088
300,5.0,feeder2_1657,0.05253948955186163,0.17678527699912294,0.052707351595342934,0.17631499125242986
300,5.0,feeder2_1570,0.052521009638896464,0.17711368845210804,0.05269553943141023,0.17663697312924537
300,5.0,feeder2_1756,0.05247777954831092,0.1769950642209189,0.05264771831184611,0.176518098053307
300,5.0,feeder2_1588,0.05250350622350397,0.17736116522638135,0.05267597555315693,0.17688209650151637
300,5.0,feeder2_1628,0.05250219862077805,0.17726694125841083,0.05267160626853519,0.1767911588031372
300,5.0,feeder2_1598,0.05248762628564046,0.17769644104187202,0.05265950375038824,0.17721803969013616
300,5.0,feeder2_1816,0.052847283772278195,0.17809482005843014,0.05302147434006585,0.1776144455264576
300,5.0,feeder2_1765,0.05294359650614458,0.17824087421543952,0.053121953468899044,0.17775754742625263
300,5.0,feeder2_1641,0.05233383230940672,0.17897493821698843,0.0525119117501077,0.17848388531008058
300,5.0,feeder2_1689,0.05222795787811543,0.1801169182352442,0.05241277626987998,0.17960909021370178
300,5.0,feeder2_1744,0.05232085288976202,0.1789318977335428,0.05249613044099503,0.17843912111422533
300,5.0,feeder2_1817,0.05221992487633866,0.1800558748173604,0.052401176693192324,0.17955350483466018
300,5.0,feeder2_1779,0.05226498225163052,0.18016093367399988,0.052451135846293344,0.17965298561397774
300,5.0,feeder2_1800,0.05065121608080257,0.18080492198417925,0.050832485948238824,0.18030716586059514
300,5.0,feeder2_1818,0.05190885480668345,0.18134070355593576,0.052116010379155295,0.18080782204706483
300,5.0,feeder2_1753,0.05229310887648182,0.1788679011263041,0.05246721771635031,0.17837657823327543
300,5.0,feeder2_1754,0.05231806412266598,0.17891610760595208,0.052499442690864005,0.1784190941692861
330,5.5,secondary,0.01073427642414377,0.009061160655511486,0.0107274190338086,0.009051522550903312
330,5.5,feeder2_44,0.020049895528532164,0.04743317213995134,0.02003563361026645,0.047384417329588285
330,5.5,feeder2_45,0.020391128825512746,0.04887258986769246,0.02037848439831579,0.04882192424595406
330,5.5,feeder2_46,0.020209513333248285,0.047992455592498894,0.020195611202207416,0.04794093849536678
330,5.5,feeder2_51,0.02088211656289378,0.051862135679743064,0.020866683924700227,0.05180716361269416
330,5.5,feeder2_48,0.023676127650903322,0.046006859487696554,0.0236615786881196,0.04595517795703239
330,5.5,feeder2_52,0.020040386626601278,0.055127747133952805,0.020025751187662647,0.055072044290570145
330,5.5,feeder2_68,0.02249314482606173,0.0591807718648086,0.022477154437247935,0.05911940371791754
330,5.5,feeder2_69,0.02254910516702462,0.05932653495825385,0.02253442851337903,0.05926589837364064
330,5.5,feeder2_71,0.022707205805638966,0.0601475360341125,0.022690869450057122,0.060084247832791544
330,5.5,feeder2_72,0.02286604051486171,0.05990431987038962,0.02285177663081117,0.059840633925932356
330,5.5,feeder2_73,0.023379053816729715,0.0632075080089028,0.023364363941250722,0.06314247276968851
330,5.5,feeder2_74,0.02274301395347782,0.06495317238326852,0.02272881243911022,0.06488810248024668
330,5.5,feeder2_77,0.024009804509982434,0.06558438453248042,0.023994706534545246,0.06551520653146613
330,5.5,feeder2_79,0.02411953174929324,0.0658872651740231,0.024105582906581303,0.06581904788838218
330,5.5,feeder2_81,0.02498989627704501,0.06923214366397838,0.024974707797887647,0.06915763978161689
330,5.5,feeder2_82,0.02727157539705263,0.06703743531101283,0.02725887217633085,0.06696430767894267
330,5.5,feeder2_116,0.029047004213308178,0.0882923841887173,0.029027100902361522,0.0881982888685666
330,5.5,feeder2_119,0.02827510593472831,0.0884470555058711,0.02825424159850353,0.08835267799841856
330,5.5,feeder2_120,0.030678029168426,0.09540724232196221,0.030656413747703427,0.09530877681280449
330,5.5,feeder2_248,0.030186000662085793,0.0954669140622301,0.030165542882122972,0.09537016255150614
330,5.5,feeder2_124,0.03172821012775277,0.09980490740247994,0.03170760257883451,0.09970041572400336
330,5.5,feeder2_282,0.03180885876504662,0.0996643482625414,0.03178698878899607,0.09956219589359343
330,5.5,feeder2_275,0.030599260112422276,0.10164749618796048,0.0305772821019708,0.10154232722001276
330,5.5,feeder2_151,0.03384065348404254,0.10648750047954995,0.03382082735250139,0.10637713813389817
330,5.5,feeder2_295,0.03389109857081207,0.10658016191860589,0.03387282889478456,0.10646771110483326
330,5.5,feeder2_311,0.03397544143336259,0.10674733893036457,0.033952249806620885,0.10663494063114297
330,5.5,feeder2_201,0.03730009602149104,0.11731806534732547,0.03727678903246278,0.11719725551840114
330,5.5,feeder2_314,0.038697211447454166,0.1159604148149035,0.0386785237821762,0.11583530459749793
330,5.5,feeder2_342,0.04178493781565955,0.13593709368918439,0.041765369561991644,0.13579557174858808
330,5.5,feeder2_368,0.04315223091756859,0.14234227382252831,0.04312507114412447,0.14220382914605503
330,5.5,feeder2_347,0.04178626950894343,0.1332676042714376,0.04176048316113466,0.13311830716523454
330,5.5,feeder2_353,0.041789239111425534,0.13207051210550105,0.04176036766886814,0.131917717938357
330,5.5,feeder2_518,0.04192336643884774,0.1330188284482334,0.04189390571565381,0.1328705170219262
330,5.5,feeder2_365,0.04182621127768764,0.13076547702357982,0.041797163854321,0.1306066802108225
330,5.5,feeder2_653,0.0414610070535692,0.13207195434229915,0.04143646001444448,0.13191556942990104
330,5.5,feeder2_377,0.0418449813018298,0.13004978879855686,0.041815047459157206,0.12988643411984188
330,5.5,feeder2_622,0.041846095718741434,0.1308004761059256,0.04181804784362859,0.13064071918444403
330,5.5,feeder2_451,0.044822135942195106,0.14061315788557546,0.04479693392369944,0.14047330797034002
330,5.5,feeder2_383,0.045106747193006336,0.15423158756747926,0.04508685458299358,0.15408979780236134
330,5.5,feeder2_385,0.04185985431012497,0.12919156339119725,0.041828540937658205,0.1290250589437927
330,5.5,feeder2_621,0.0419041689994447,0.13015224602967798,0.04187566809652335,0.12998604925846483
330,5.5,feeder2_611,0.04404223465623434,0.15531405250408936,0.04401880818276575,0.15517388396488996
330,5.5,feeder2_405,0.045252208302141786,0.154927262144656,0.045229653413665014,0.15478545132973576
330,5.5,feeder2_461,0.04203401245082443,0.12577387935237672,0.04200067683270436,0.1255946426281642
330,5.5,feeder2_594,0.04153596250134789,0.12919500817464288,0.041507788168836754,0.1290260281560965
330,5.5,feeder2_732,0.043762677306289764,0.15639858649896096,0.043741587837042975,0.1562562702680514
330,5.5,feeder2_417,0.046478117891350056,0.15990420030167962,0.04645255348158448,0.15976898910804754
330,5.5,feeder2_663,0.04659501037828903,0.16006526377260957,0.04657304126144799,0.15992500845276791
330,5.5,feeder2_444,0.04741271615830566,0.16366573082929958,0.04739298740289907,0.16352620541578405
330,5.5,feeder2_759,0.04977063316902672,0.16121828422263196,0.049747661093302024,0.16108343514897935
330,5.5,feeder2_842,0.06291965197803252,0.18470249016854662,0.06290170052193028,0.184569186156002
330,5.5,feeder2_459,0.047403974872094495,0.16388457035112328,0.047384403400509284,0.16374675950119427
330,5.5,feeder2_702,0.047423785885126295,0.16383664840549328,0.047402479303109216,0.16369863011068064
330,5.5,feeder2_493,0.04737212046744215,0.16473549701355575,0.0473533208284217,0.16459609693813423
330,5.5,feeder2_651,0.04213156038341728,0.1259583945079252,0.04210011879609192,0.12577535170419618
330,5.5,feeder2_684,0.04214080356290798,0.12279469965064566,0.04211149406101743,0.12259996601706681
330,5.5,feeder2_674,0.04715819525609256,0.16491510358683673,0.047138054633423826,0.16477657978739782
330,5.5,feeder2_696,0.04761605748823631,0.1665366106085678,0.04759128335381845,0.16640271756443087
330,5.5,feeder2_681,0.04706967217436864,0.16489082798706403,0.04705070346946306,0.1647548922400285
330,5.5,feeder2_682,0.0464142101386272,0.1656968587140172,0.04639275626669326,0.16556016471976726
330,5.5,feeder2_728,0.04214722560347291,0.12250603610438142,0.042114266830955434,0.12231421318887031
330,5.5,feeder2_724,0.04231117780965477,0.12043181702489747,0.042275589842868784,0.12022912500058325
330,5.5,feeder2_703,0.04741868944001331,0.16778777833629963,0.047397672833018975,0.16765540498965217
330,5.5,feeder2_704,0.047569813396801296,0.16678848376246175,0.04754538295507129,0.1666522966873396
330,5.5,feeder2_754,0.04382589972700324,0.11891176611227552,0.04379398891367129,0.11870776697030687
330,5.5,feeder2_747,0.04224486660492907,0.12031001032090467,0.04220732450310123,0.12010145316581525
330,5.5,feeder2_828,0.04209299221593787,0.12250539081298728,0.04205994416431052,0.1223124460914115
330,5.5,feeder2_763,0.04218005867237643,0.12209029919216531,0.0421478583300092,0.12189965316639663
330,5.5,feeder2_836,0.042350737220206734,0.12051016234296197,0.04231506357796117,0.12030351743953964
330,5.5,feeder2_758,0.042169118871963514,0.12011134352918451,0.04213697406144301,0.11989998884283957
330,5.5,feeder2_788,0.04236934559689877,0.11977204468770697,0.0423289726164016,0.11956031000597132
330,5.5,feeder2_812,0.04193105393079981,0.11991516425824002,0.04189525724750971,0.11968942260904199
330,5.5,feeder2_947,0.042518106200705015,0.12151495261172125,0.04248474618589409,0.12132317896539845
330,5.5,feeder2_868,0.04285521590597072,0.12137688039349666,0.04282333177130704,0.12118271942130907
330,5.5,feeder2_785,0.042075164388986286,0.12247268098049133,0.0420434762584105,0.12228264656848628
330,5.5,feeder2_1176,0.04230974860459069,0.12291466182075372,0.04227630083526296,0.12272269751915091
330,5.5,feeder2_846,0.041445848689963545,0.12311455207745568,0.04140921180071357,0.1229242128177365
330,5.5,feeder2_911,0.04208056645328634,0.1223848082846359,0.04204862577735491,0.12219378001086759
330,5.5,feeder2_1107,0.04059467418857644,0.124302301500867,0.0405591576401911,0.12407789482861725
330,5.5,feeder2_920,0.04223316878074976,0.11866153313750123,0.04219358651371551,0.11843685425263677
330,5.5,feeder2_926,0.04271251582297768,0.11680708255741509,0.04267529259873191,0.11657532213773616
330,5.5,feeder2_1239,0.04219908460922418,0.11865312424353706,0.042162535529258534,0.1184280671728967
330,5.5,feeder2_933,0.04287710869019352,0.11627095337205753,0.042838789488879,0.11603699491521682
330,5.5,feeder2_1146,0.04293792338818022,0.11548080469335675,0.04290258393911505,0.11524890755252898
330,5.5,feeder2_1124,0.04252825166148257,0.11646378053627696,0.04248788621546515,0.11623321751546413
330,5.5,feeder2_942,0.04325815270818159,0.11465581268984555,0.04321948413027323,0.11441509925084223
330,5.5,feeder2_952,0.043885935564800825,0.1125990576296075,0.04384551343392793,0.11235341164849973
330,5.5,feeder2_965,0.04324978701077773,0.11461653163325805,0.04320959719524137,0.11437524886913394
330,5.5,feeder2_961,0.04393449479168932,0.11251221773055681,0.0438935731417369,0.11226657654629353
330,5.5,feeder2_963,0.043890079179073255,0.11257061249725168,0.04384660585754211,0.11232618292603883
330,5.5,feeder2_973,0.0442870020306513,0.11171004084293804,0.044243020052973786,0.11145758791267672
330,5.5,feeder2_1128,0.04377257260847096,0.1131293006559518,0.0437301116776058,0.11288260523119001
330,5.5,feeder2_1113,0.04444961958824991,0.11201419638707734,0.04441052596825095,0.11176577150278941
330,5.5,feeder2_1143,0.043890946181934426,0.11230432597527847,0.04384522651978939,0.11206133371322549
330,5.5,feeder2_1238,0.04599173989415772,0.11195918015839015,0.045947902067105716,0.11172191164195791
330,5.5,feeder2_979,0.043199343468331236,0.11479191282942214,0.04315727352987417,0.11455466704519812
330,5.5,feeder2_1236,0.044788519131419444,0.11042587159720005,0.044743256134373494,0.11016717473862306
330,5.5,feeder2_989,0.04428724780366746,0.11171127413705263,0.044242504088060554,0.11146117027878062
330,5.5,feeder2_1196,0.04254354926505867,0.1155909575333107,0.04250479144357283,0.11535165039512155
330,5.5,feeder2_1158,0.04437982795401181,0.11186124774716485,0.04433916728955508,0.11161026450263475
330,5.5,feeder2_1122,0.04001250273712,0.1256703841219842,0.039974550523369574,0.12544698749614133
330,5.5,feeder2_1258,0.03996319415599023,0.12460393072566157,0.03992439623075537,0.12438371291302897
330,5.5,feeder2_1303,0.0415920487571992,0.12419270899501858,0.04155622042786822,0.12397055336259609
330,5.5,feeder2_1138,0.039456151548018875,0.1273348578293357,0.03941594065157281,0.1271134719540106
330,5.5,feeder2_1304,0.03888932491719008,0.1274139660855355,0.038850116730797246,0.12719104625546054
330,5.5,feeder2_1212,0.038372909101660524,0.13091665486548276,0.038334582902424495,0.13069219029753731
330,5.5,feeder2_1311,0.03844701723869612,0.13076450744437043,0.03840682327668864,0.13053853946004695
330,5.5,feeder2_1290,0.037044056186205515,0.1355883117797675,0.0370079107288142,0.13536174164370332
330,5.5,feeder2_1325,0.04537990633598062,0.10775276813038306,0.0453331737555779,0.10748659995330986
330,5.5,feeder2_1248,0.04478272208075096,0.11042896566427203,0.044737698689377325,0.11017133763304192
330,5.5,feeder2_1249,0.04600878657420423,0.11192284674078293,0.04596859568922155,0.11168475008038424
330,5.5,feeder2_1250,0.047873098104170494,0.11019171455226419,0.047833275763444455,0.10994992393976664
330,5.5,feeder2_1366,0.04333426705932316,0.1111446060067648,0.043296646547867176,0.11088757173102365
330,5.5,feeder2_1266,0.039661320623542606,0.12468977369255929,0.03962477557169377,0.1244662893172171
330,5.5,feeder2_1372,0.037211617906381965,0.13530054588618198,0.037171918008331965,0.1350761815403379
330,5.5,feeder2_1363,0.03561984293655805,0.14114371575567988,0.03558002600759155,0.14091765031918138
330,5.5,feeder2_1446,0.046328433494241684,0.10677623341553934,0.046286445117490145,0.10650979450731145
330,5.5,feeder2_1502,0.045840287515140674,0.10605084150883584,0.04579285759511344,0.10577331955577657
330,5.5,feeder2_1428,0.03449581797023512,0.14250684516653234,0.034455215212549316,0.1422836801800171
330,5.5,feeder2_1380,0.03445133694370972,0.14600705771983302,0.03441109634625253,0.14578061001500117
330,5.5,feeder2_1550,0.03449003220253541,0.14594088229613345,0.03445034240373634,0.14571556668055619
330,5.5,feeder2_1386,0.033882894966612426,0.14844350880709462,0.03384101802336484,0.1482210830405018
330,5.5,feeder2_1551,0.03288257246504798,0.1502689596872263,0.03284070814959064,0.15004414117907014
330,5.5,feeder2_1400,0.03369994073455203,0.14920476013572118,0.03365702877508127,0.14898209626401346
330,5.5,feeder2_1552,0.03347704307634465,0.14922397390646028,0.0334387946712671,0.1489978671474011
330,5.5,feeder2_1408,0.033342655928018564,0.15078766713613062,0.033299022226889595,0.1505636929415833
330,5.5,feeder2_1553,0.03228159692495296,0.152423776939106,0.032239046730557275,0.15220042831321406
330,5.5,feeder2_1416,0.0332382793124207,0.151268222304488,0.033198467800152065,0.15104400796948236
330,5.5,feeder2_1530,0.03338377510851505,0.1510194198953107,0.0333400742236343,0.15079472343932598
330,5.5,feeder2_1425,0.03303693412606952,0.15231296649872889,0.032995903561429354,0.1520869688205524
330,5.5,feeder2_1589,0.03279190071626866,0.15238362061821,0.03275403627194368,0.152157901485028
330,5.5,feeder2_1435,0.03300118420130666,0.1525190378719,0.03295721325490384,0.15229652142346994
330,5.5,feeder2_1621,0.033124111437630784,0.15274661450869811,0.03308498632102059,0.15252144265413523
330,5.5,feeder2_1564,0.032519755460475794,0.15468470269795734,0.03247956389576048,0.1544593739499704
330,5.5,feeder2_1704,0.04597754933871166,0.10632618275630039,0.04593340554293753,0.10604770589818648
330,5.5,feeder2_1525,0.0459386467321824,0.10550724580978854,0.045888291143307613,0.1052251480262371
330,5.5,feeder2_1716,0.046052830197621714,0.10571594612209298,0.04600678121227643,0.10543550056027282
330,5.5,feeder2_1537,0.046042384914372445,0.10486584509313421,0.04599051308797109,0.10458646711173589
330,5.5,feeder2_1645,0.045938764596465245,0.10482958677190102,0.0458932355781272,0.10454684929455337
330,5.5,feeder2_1561,0.046169357124419615,0.10416461011711019,0.04612176771498001,0.10387615005002569
330,5.5,feeder2_1657,0.04711448300425132,0.1031955737371166,0.047065854349827095,0.10291057964564194
330,5.5,feeder2_1570,0.046185343969759776,0.10410315712278463,0.04613541368564652,0.10381567632100519
330,5.5,feeder2_1756,0.046320149500684006,0.10384861125999398,0.04627028480027836,0.10356054151969712
330,5.5,feeder2_1588,0.04620074317155736,0.10406086578431217,0.04615457216854512,0.10377005987603125
330,5.5,feeder2_1628,0.04630231456114993,0.10389429542736628,0.04625158369251065,0.10360472291458883
330,5.5,feeder2_1598,0.046219862535759194,0.10405265014329738,0.04617380473753872,0.10375921580187959
330,5.5,feeder2_1816,0.046448707471465414,0.1044371810162183,0.046399858801645336,0.10414523114594036
330,5.5,feeder2_1765,0.04647042482747722,0.10454302436314958,0.0464235707224622,0.10425133523247043
330,5.5,feeder2_1641,0.046245427456489754,0.10365867309747835,0.0461933845553486,0.10335837118183477
330,5.5,feeder2_1689,0.04606813263696588,0.10456927629536497,0.04601322445768718,0.10426410220241449
330,5.5,feeder2_1744,0.046986523456809225,0.1028965138905981,0.04693467989576539,0.10259642250750617
330,5.5,feeder2_1817,0.04605156319816092,0.1045484212465634,0.04599848727586984,0.10424120697401708
330,5.5,feeder2_1779,0.046088368410660926,0.10460906947956218,0.04603268779866175,0.10430415411799523
330,5.5,feeder2_1800,0.045376265262838195,0.10553952520708493,0.04532444819596315,0.10522940861146358
330,5.5,feeder2_1818,0.04453470951241624,0.10487871741081047,0.044469235305954743,0.10455764250182559
330,5.5,feeder2_1753,0.04926560082716629,0.10061463896032868,0.04921282341378606,0.10031116975252063
330,5.5,feeder2_1754,0.04700388637921551,0.10286621527446703,0.04695566959783008,0.10256444580284392
360,6.0,secondary,0.013337458000816304,0.02816245395339243,0.01332697824215887,0.028158670410002504
360,6.0,feeder2_44,0.024892110806580353,0.1473052261194555,0.02487289053263444,0.14728943651702708
360,6.0,feeder2_45,0.025335102910168134,0.15199226884674993,0.02531439149248938,0.15198090370477826
360,6.0,feeder2_46,0.024919932097186116,0.14657437273571458,0.024900238604224363,0.14655986348582284
360,6.0,feeder2_51,0.026116705219514782,0.16015136377893832,0.026095029280340236,0.16014104976453045
360,6.0,feeder2_48,0.024814072979773692,0.15199347199803978,0.024792572347918526,0.15198399446867084
360,6.0,feeder2_52,0.026312307956362184,0.16036375575472278,0.026291978552253212,0.16034749050186223
360,6.0,feeder2_68,0.028312010190155668,0.18308384297134567,0.02828832945044826,0.18307194434648769
360,6.0,feeder2_69,0.02829622277148287,0.18292579300179695,0.028275950946957475,0.18290952676050282
360,6.0,feeder2_71,0.02860535461588975,0.18613312422262634,0.02858097062239685,0.18611680063731126
360,6.0,feeder2_72,0.02841342301937683,0.18610952205443493,0.02839071823033919,0.18609933695637404
360,6.0,feeder2_73,0.02952762501445954,0.19568774114783385,0.029501888017488164,0.19567685780768573
360,6.0,feeder2_74,0.029649474127949466,0.1958195238771146,0.02962656104132567,0.1958065453077223
360,6.0,feeder2_77,0.03031603370680392,0.20386758872445415,0.030289557594709384,0.20385037773641748
360,6.0,feeder2_79,0.03193453095577872,0.20154064355622042,0.031911247985555856,0.20152093710263208
360,6.0,feeder2_81,0.031525244678859816,0.21771409150430399,0.03149692320963832,0.2177010758483517
360,6.0,feeder2_82,0.031053277541905705,0.21769357038805892,0.03102599790937874,0.21767887070441716
360,6.0,feeder2_116,0.037098606209403966,0.28010684927537904,0.03706946531947196,0.28008680272739084
360,6.0,feeder2_119,0.037814563073375024,0.28086519706824126,0.037785670080911826,0.2808444586583787
360,6.0,feeder2_120,0.03909730479689989,0.3028462015484941,0.03906552129965795,0.3028264050548892
360,6.0,feeder2_248,0.04006306994717587,0.30369306651654104,0.04002954138095778,0.30367014884837373
360,6.0,feeder2_124,0.04017414949049153,0.31643121002688024,0.040142077089157784,0.3164063782782871
360,6.0,feeder2_282,0.04006476101621931,0.31640564598932786,0.0400329002342548,0.3163778799926609
360,6.0,feeder2_275,0.040672558981025286,0.31686096870645064,0.04063732189490426,0.3168411593911265
360,6.0,feeder2_151,0.04191638347279474,0.33976465833868186,0.04188425372517397,0.3397376073856287
360,6.0,feeder2_295,0.04189251068026665,0.3396820538026863,0.04185806289096279,0.33965512743724474
360,6.0,feeder2_311,0.04186010819712286,0.3395176161576457,0.04182697290033859,0.33949442910911704
360,6.0,feeder2_201,0.04490343502502095,0.3790373866247382,0.04486779176008352,0.3790067723036375
360,6.0,feeder2_314,0.04482604367096929,0.3790043416022532,0.04478538424815483,0.37897711661481787
360,6.0,feeder2_342,0.04917452771799758,0.43496015858030546,0.049132504603123135,0.434924715525581
360,6.0,feeder2_368,0.05190435138918724,0.44549680370291067,0.05186336097284226,0.44545956189550284
360,6.0,feeder2_347,0.04752111325891624,0.44286167915650254,0.047474083582985965,0.44282219599164324
360,6.0,feeder2_353,0.04671940729738364,0.44686127330590253,0.04667571996606149,0.4468163997045885
360,6.0,feeder2_518,0.04732616577737184,0.44283137810391404,0.047282705916788015,0.4427889100525299
360,6.0,feeder2_365,0.04580473131210554,0.45115447974533424,0.04576141202372738,0.45110072643081006
360,6.0,feeder2_653,0.047035342161473086,0.4471728851173823,0.04698858909668255,0.4471322035926567
360,6.0,feeder2_377,0.04530092072550146,0.4539205560224162,0.04525484443918335,0.45386924446464544
360,6.0,feeder2_622,0.046835912628465225,0.449563031719099,0.046789007337967814,0.44951589415082466
360,6.0,feeder2_451,0.05184024919873654,0.44547723282623747,0.051800341484563056,0.44544106583535276
360,6.0,feeder2_383,0.05633015534659901,0.4626237334133698,0.056288394132413495,0.4625909901024291
360,6.0,feeder2_385,0.04473382896607204,0.45714380644854297,0.044689178547083416,0.45708720275830594
360,6.0,feeder2_621,0.045264345031853746,0.45383062147802705,0.04521916036481093,0.4537820444035943
360,6.0,feeder2_611,0.05654410359334686,0.46284223376762473,0.056506397416166074,0.46280731648219087
360,6.0,feeder2_405,0.05660353701038859,0.4636849702268609,0.056561926214865985,0.4636515843764464
360,6.0,feeder2_461,0.04201369160922731,0.46926985840968805,0.04196437180521119,0.4692058221934972
360,6.0,feeder2_594,0.04552585645115757,0.45765312005687786,0.045480513945187886,0.45759960317773835
360,6.0,feeder2_732,0.05693512474849037,0.4640233679094558,0.05689321590697393,0.4639972721805799
360,6.0,feeder2_417,0.05864155204099835,0.47161173821263713,0.05859943873075776,0.47157967035626236
360,6.0,feeder2_663,0.058579572610714344,0.47150431089743267,0.05853786639437364,0.4714776324253712
360,6.0,feeder2_444,0.06020010178084546,0.47767584825845816,0.06015786268329482,0.47764887257222294
360,6.0,feeder2_759,0.060085147932943346,0.47764028017896987,0.06004509565694313,0.47760603258137113
360,6.0,feeder2_842,0.06012271921935036,0.4775481420473838,0.06008241465298816,0.47751318186747177
360,6.0,feeder2_459,0.060748762226350936,0.4798088027134,0.060708694676598715,0.4797787090838358
360,6.0,feeder2_702,0.059395100860019576,0.48084090955635794,0.05935464456761115,0.48080467822906503
360,6.0,feeder2_493,0.06298495794433909,0.4875402932671307,0.06294305748241263,0.48751589999717243
360,6.0,feeder2_651,0.04266862856852392,0.46790734649207477,0.04261865048348485,0.4678458960395439
360,6.0,feeder2_684,0.03992389543074907,0.48088072675354987,0.0398684649006108,0.4808104093825065
360,6.0,feeder2_674,0.06797679317592069,0.49264746095575834,0.06793497780617323,0.49261863064866473
360,6.0,feeder2_696,0.06285703446400766,0.4868594936641031,0.06281300429391476,0.48683582889999416
360,6.0,feeder2_681,0.08175436106325767,0.5066156052854228,0.08171409819273638,0.5065861847838545
360,6.0,feeder2_682,0.06805438031218623,0.4927272298460507,0.06801501126921554,0.4926992308800003
360,6.0,feeder2_728,0.03972403474152977,0.4816439046624355,0.039676496546941255,0.48156773520076424
360,6.0,feeder2_724,0.03820032261183832,0.49113257874846533,0.038146589235359386,0.4910547455720977
360,6.0,feeder2_703,0.06272190061460681,0.48629681496584,0.06268301745108186,0.48626390028312727
360,6.0,feeder2_704,0.06282881737707927,0.486736879158533,0.0627881540176266,0.48670399199455444
360,6.0,feeder2_754,0.03805138567035009,0.49112226386755053,0.038000014441796674,0.4910395818216933
360,6.0,feeder2_747,0.037530782782429266,0.4953625856137337,0.037479316891771204,0.49528024752334576
360,6.0,feeder2_828,0.03977807813134501,0.4816955829988717,0.039724896697433384,0.48162815947353727
360,6.0,feeder2_763,0.03940773329167894,0.48269421347730945,0.03935913799137677,0.4826180537683168
360,6.0,feeder2_836,0.03742349036701881,0.495164447277737,0.03736851935578528,0.4950827812453998
360,6.0,feeder2_758,0.036989520959640566,0.49909532201016776,0.03693751305316093,0.4990097124388964
360,6.0,feeder2_788,0.03545071030769266,0.5002543802735517,0.03540027745251242,0.5001627468920771
360,6.0,feeder2_812,0.03571819377681906,0.5092924645173598,0.035665242450413304,0.5091962408817329
360,6.0,feeder2_947,0.03905687005004721,0.48266722738110085,0.03900730811868203,0.48259108005385287
360,6.0,feeder2_868,0.03928884060721518,0.48268463088381425,0.03923574066939717,0.48261634760964406
360,6.0,feeder2_785,0.03924027223955651,0.48336333691066424,0.03919189537381483,0.4832867582955418
360,6.0,feeder2_1176,0.03913909456421763,0.48318175430332205,0.03908754480854685,0.4831089660687677
360,6.0,feeder2_846,0.03950200616963428,0.4836084293593313,0.03945025172694374,0.48353829321318353
360,6.0,feeder2_911,0.0387984552418762,0.48461003003659603,0.03874829374239909,0.4845334822147172
360,6.0,feeder2_1107,0.036072075856549694,0.5176573768655749,0.03602212018677754,0.5175634596772489
360,6.0,feeder2_920,0.03528822767018632,0.5098511434732307,0.03523080727391063,0.5097538009119791
360,6.0,feeder2_926,0.03462356100252913,0.5105506009462119,0.03456333401791964,0.5104516898546805
360,6.0,feeder2_1239,0.03532029100178012,0.5100200043469815,0.0352652051894637,0.5099248889096637
360,6.0,feeder2_933,0.03437332765159774,0.5106604417538586,0.03431343474999812,0.5105620209048004
360,6.0,feeder2_1146,0.03442199761319341,0.5115094470122908,0.034362510080350676,0.5114094873417088
360,6.0,feeder2_1124,0.034338129496864905,0.510611923810617,0.03427959778214555,0.5105152209883176
360,6.0,feeder2_942,0.03375262629861902,0.5109875629285097,0.03369709984162925,0.5108781308548231
360,6.0,feeder2_952,0.03296630468028025,0.5104063003802982,0.03290602839157554,0.5102982451074326
360,6.0,feeder2_965,0.0337363578585541,0.5111273788492035,0.033675404089409874,0.5110249856000755
360,6.0,feeder2_961,0.032897848206345545,0.5102636411846856,0.03284192274276616,0.510145914946054
360,6.0,feeder2_963,0.032962815220914356,0.5104235870977518,0.032906768515542445,0.5103084424248397
360,6.0,feeder2_973,0.0325279212270379,0.5094709142489998,0.03246891546175275,0.5093527793711506
360,6.0,feeder2_1128,0.03290821190466695,0.5103239545167876,0.03285023868800948,0.510209613003649
360,6.0,feeder2_1113,0.03242274975484248,0.5108755354772908,0.032359693793052244,0.5107656001374963
360,6.0,feeder2_1143,0.032971705790276896,0.5103882688109833,0.032908447410125996,0.5102808343261033
360,6.0,feeder2_1238,0.031508648768002634,0.5129977443259178,0.03145009502649278,0.5128906332205735
360,6.0,feeder2_979,0.0337441885409848,0.5111694666931399,0.03368400292535322,0.5110655106800704
360,6.0,feeder2_1236,0.0320038074920954,0.5083897858564892,0.03193918440611204,0.5082729506891946
360,6.0,feeder2_989,0.032527667559779753,0.5094700090062221,0.032467944492181405,0.5093532236890183
360,6.0,feeder2_1196,0.03392695876169403,0.5113370902595653,0.033870769234566465,0.5112321644401917
360,6.0,feeder2_1158,0.03242161647121227,0.509348115076085,0.03236107322902355,0.5092331960441034
360,6.0,feeder2_1122,0.03624272820286899,0.5209914067889871,0.03619207048126662,0.5208950502056805
360,6.0,feeder2_1258,0.03599059415292373,0.5175541098767416,0.03593629846170936,0.5174588464949383
360,6.0,feeder2_1303,0.03620945846717855,0.5209711599374728,0.036154811825896103,0.5208792251153772
360,6.0,feeder2_1138,0.036379428153103965,0.5236306709905842,0.036325478842503034,0.5235381662640264
360,6.0,feeder2_1304,0.03694335489475988,0.5241459912789093,0.036888032700191295,0.5240548560837877
360,6.0,feeder2_1212,0.0366009909901122,0.5287765665518701,0.03654368828184592,0.5286879247629536
360,6.0,feeder2_1311,0.033622461577854285,0.5313325917695987,0.03357284152183923,0.5312366512591001
360,6.0,feeder2_1290,0.03728288668204153,0.5331944720276132,0.037227861666743925,0.5331084472417134
360,6.0,feeder2_1325,0.03141068795112707,0.5085957324482849,0.031348020699946064,0.5084685914227018
360,6.0,feeder2_1248,0.03200528645959587,0.5083820997977838,0.03193997701391131,0.508265518304357
360,6.0,feeder2_1249,0.03149837524121494,0.5129898235699173,0.0314370654537749,0.5128860992963296
360,6.0,feeder2_1250,0.029978297892020656,0.5143300389783414,0.02991724245102484,0.5142256513565265
360,6.0,feeder2_1366,0.03254736823004484,0.5065258541708559,0.03248503809265274,0.5063998240927857
360,6.0,feeder2_1266,0.03594548862222842,0.5175002069827209,0.0358912313892774,0.5174059161361244
360,6.0,feeder2_1372,0.036081942792722366,0.534151990806429,0.036033158188958456,0.5340572003320322
360,6.0,feeder2_1363,0.03825956768173706,0.5367366361386677,0.038206968654883385,0.5366520405027704
360,6.0,feeder2_1446,0.0313493374189752,0.5085966040658674,0.03128427275596098,0.5084725958801045
360,6.0,feeder2_1502,0.030748643786183673,0.5088532342265871,0.0306849481651394,0.5087172982626307
360,6.0,feeder2_1428,0.03876875523999847,0.5372109697637797,0.03871276979123585,0.537125854592783
360,6.0,feeder2_1380,0.039310759668606476,0.5402872671789936,0.03925992879500178,0.5402018390069924
360,6.0,feeder2_1550,0.03746856904962085,0.5418725482919452,0.037419136199626016,0.5417830520708913
360,6.0,feeder2_1386,0.03997059134443353,0.5413020078293203,0.03992130337342617,0.5412171156572068
360,6.0,feeder2_1551,0.040129350478782196,0.5414689264465573,0.040080825881681305,0.541381294110045
360,6.0,feeder2_1400,0.040278689146576466,0.5417506791489475,0.04023113470031405,0.5416643702432774
360,6.0,feeder2_1552,0.040488563510922504,0.5419734659001931,0.04043512893464353,0.541892434718079
360,6.0,feeder2_1408,0.040900672120287355,0.5425741878910271,0.04085036426082573,0.5424898000169162
360,6.0,feeder2_1553,0.04298282593282798,0.5432596001276861,0.04293358786926874,0.5431759885548602
360,6.0,feeder2_1416,0.04109749242876879,0.5428037439992728,0.04104945483791587,0.542719986136853
360,6.0,feeder2_1530,0.04102185708423843,0.5427838483162059,0.04096800358634097,0.5427070589282774
360,6.0,feeder2_1425,0.04146650502186635,0.5432696562658358,0.04141178188603641,0.543193011604518
360,6.0,feeder2_1589,0.04438676297411654,0.5440464892237966,0.04433424271408015,0.5439742039049078
360,6.0,feeder2_1435,0.04146237736130451,0.5432582048017395,0.04141257977225768,0.5431776383870776
360,6.0,feeder2_1621,0.041265447795375644,0.5430011163852169,0.041210791754394356,0.5429240673781677
360,6.0,feeder2_1564,0.041483075888717164,0.5433939411079893,0.04143365571434463,0.5433132025578142
360,6.0,feeder2_1704,0.030930247446884395,0.5075431924498142,0.030862391391725634,0.5074106214315766
360,6.0,feeder2_1525,0.03062321959743788,0.5094162580509624,0.030555688406380746,0.5092858716452684
360,6.0,feeder2_1716,0.03047963093477704,0.5092286447104516,0.03041532147710254,0.5090902287707423
360,6.0,feeder2_1537,0.0304922944216482,0.5100737821094299,0.030425257082956573,0.5099395431302146
360,6.0,feeder2_1645,0.031084783245999958,0.5102334206185103,0.031019681308155793,0.510096654448172
360,6.0,feeder2_1561,0.03025679542934661,0.5106938329443983,0.03018818979450687,0.5105557267148253
360,6.0,feeder2_1657,0.030210869840049333,0.5106937643904481,0.030143189166683456,0.5105549098519987
360,6.0,feeder2_1570,0.030154591366671674,0.5109653856227769,0.03008767656809092,0.510823683147443
360,6.0,feeder2_1756,0.024578646319997486,0.51599485670312,0.024516066162589088,0.5158491067994729
360,6.0,feeder2_1588,0.03011440266372002,0.5109215365374241,0.0300443087044007,0.510782931555204
360,6.0,feeder2_1628,0.030052556976725178,0.5109249666351307,0.029987703503460552,0.5107817003278348
360,6.0,feeder2_1598,0.03006145029718718,0.5108705699354805,0.029991409586369266,0.5107326838657105
360,6.0,feeder2_1816,0.029776390231791645,0.510553697211042,0.029708403107759143,0.5104116520896634
360,6.0,feeder2_1765,0.029724150873824084,0.5104013355860822,0.02965397373365177,0.5102594809740714
360,6.0,feeder2_1641,0.029878033037260852,0.5109152515493884,0.029806993487349512,0.510768080369351
360,6.0,feeder2_1689,0.029906940523170437,0.509924526525516,0.029834269696927124,0.5097772556849267
360,6.0,feeder2_1744,0.029075143488492914,0.5116171359930649,0.02900551736384773,0.5114697885562006
360,6.0,feeder2_1817,0.030195850676378595,0.5102234337677286,0.030126504337562556,0.5100715286723528
360,6.0,feeder2_1779,0.030201568419536896,0.5087742332555737,0.030126410788309747,0.5086240736022638
360,6.0,feeder2_1800,0.02996274376695465,0.509977184830956,0.029889174747842244,0.5098274674283677
360,6.0,feeder2_1818,0.027459934162709743,0.5085746361601895,0.027372103397257236,0.5084136508073195
360,6.0,feeder2_1753,0.029046169958719954,0.5115940718152303,0.028977787729688873,0.511446326729233
360,6.0,feeder2_1754,0.02852901963982886,0.5121072842230168,0.028460471955157867,0.5119589039643907
390,6.5,secondary,0.02550324611187997,0.019556345188866238,0.025492371504037246,0.019546424335301054
390,6.5,feeder2_44,0.047487492314410996,0.10205410266872245,0.0474597122326994,0.10199217772819394
390,6.5,feeder2_45,0.048285877350105894,0.10501931214209642,0.04826262644081878,0.10495326095409431
390,6.5,feeder2_46,0.04707450020742383,0.10451183985119764,0.047049857863126654,0.10445254635325069
390,6.5,feeder2_51,0.04967533635895707,0.11023067507178397,0.049646910031154644,0.11016664741427672
390,6.5,feeder2_48,0.048587801944889736,0.10456291612555392,0.04856004775992818,0.10450079197262283
390,6.5,feeder2_52,0.04945986382526774,0.11015620690331245,0.04943536115036086,0.11009047881626018
390,6.5,feeder2_68,0.05361562575434441,0.12493438156916195,0.05358571195989771,0.12485735425426413
390,6.5,feeder2_69,0.05371862430826345,0.12512375981208176,0.05369223674068453,0.1250468410264217
390,6.5,feeder2_71,0.05413706909082034,0.12687187188205423,0.05411140490460387,0.12679141571726468
390,6.5,feeder2_72,0.05423475328236643,0.12670786588966776,0.05420979004078159,0.1266268521065168
390,6.5,feeder2_73,0.05577162888913032,0.13295161296752642,0.055742953655396436,0.13286873112885
390,6.5,feeder2_74,0.05564036998474873,0.13290378441611317,0.0556080414806356,0.1328255180744691
390,6.5,feeder2_77,0.05717944082874047,0.13817536714738338,0.05714633299187433,0.13809369020877932
390,6.5,feeder2_79,0.05685896971327209,0.13910849352900173,0.0568269910503816,0.13902890148240793
390,6.5,feeder2_81,0.059360687180583606,0.14601912706064243,0.05933121923102847,0.14592924361902182
390,6.5,feeder2_82,0.05962541367323165,0.14559236794750222,0.059594551590765946,0.14550222920599223
390,6.5,feeder2_116,0.06918432757554394,0.18157951133579459,0.06914761360651214,0.1814607244437989
390,6.5,feeder2_119,0.06735385702928115,0.18255723219615766,0.06731960138962077,0.18243703936877412
390,6.5,feeder2_120,0.07311189173180019,0.1943646530553486,0.07307498943770271,0.1942358785910562
390,6.5,feeder2_248,0.07299543585034736,0.1943180891573707,0.07295645576256708,0.19419160164439928
390,6.5,feeder2_124,0.07553791164202225,0.20225428351785452,0.0755014041843135,0.20211824546069213
390,6.5,feeder2_282,0.0755894821395985,0.20215673482079174,0.07555097155903481,0.20202333435624495
390,6.5,feeder2_275,0.07460237332252179,0.2029019651423315,0.07456191399608735,0.2027676993937878
390,6.5,feeder2_151,0.07994240850003514,0.21569762451778127,0.07990321497408984,0.2155535542365999
390,6.5,feeder2_295,0.0800080535589358,0.21580287673628315,0.07996253165478662,0.215662379821307
390,6.5,feeder2_311,0.08012338669244011,0.21600057387007435,0.08007931470977249,0.215861716779088
390,6.5,feeder2_201,0.08718115282679333,0.23757652196037607,0.08713478836030848,0.23742011984619193
390,6.5,feeder2_314,0.0879772725659086,0.2366934382864438,0.08793177309868816,0.23653720601721231
390,6.5,feeder2_342,0.09723292320801442,0.27049602735700656,0.0971824867414665,0.2703115695971562
390,6.5,feeder2_368,0.10006149360532732,0.28276950163793435,0.10000761648338882,0.28258890329226294
390,6.5,feeder2_347,0.09773902590518418,0.26381788506474124,0.09768560415778696,0.2636236431384799
390,6.5,feeder2_353,0.0979999215257662,0.2605788794277543,0.09794754652335269,0.26037691741190805
390,6.5,feeder2_518,0.09783850818223482,0.26363596657319355,0.09778360816372741,0.26344348658707006
390,6.5,feeder2_365,0.09832119721151249,0.2570624019689072,0.09826455149392771,0.25685805181818006
390,6.5,feeder2_653,0.09767869227844132,0.2604636854697005,0.09762397456823324,0.2602673041204347
390,6.5,feeder2_377,0.09847604932187738,0.2549326084662398,0.09842036644554311,0.2547219951933877
390,6.5,feeder2_622,0.09786515600509582,0.2577883890659444,0.09780734836081467,0.25758287092061133
390,6.5,feeder2_451,0.10008653062812041,0.2827134225702092,0.10003139078119491,0.2825355573794226
390,6.5,feeder2_383,0.10470618902746087,0.30267358517407006,0.10465867996395078,0.3024882269595795
390,6.5,feeder2_385,0.09864876146412233,0.25244227113147677,0.09859124968837879,0.2522289107748604
390,6.5,feeder2_621,0.09854620490095556,0.25504461010002316,0.09849004649286026,0.25483674421364233
390,6.5,feeder2_611,0.10449103790592686,0.30258830539287546,0.10443952187415538,0.30240598549923237
390,6.5,feeder2_405,0.10500194264566474,0.3039236665200966,0.10495367205768169,0.3037426101321987
390,6.5,feeder2_461,0.09939279533272899,0.2424121008033875,0.09933175141274445,0.24218181719065507
390,6.5,feeder2_594,0.09857319862012824,0.25240915992578694,0.09851498090381504,0.2521974338285758
390,6.5,feeder2_732,0.10252079839729239,0.30563972118809973,0.10247350212709504,0.30545783928713466
390,6.5,feeder2_417,0.10742768412014066,0.31302936319191094,0.10737639148556061,0.31285228402728593
390,6.5,feeder2_663,0.10726753481906606,0.3137737078129045,0.10721852835847562,0.3135939530331972
390,6.5,feeder2_444,0.10925722938087405,0.3196959060903178,0.10920529952260778,0.31951816084606455
390,6.5,feeder2_759,0.10929564226934477,0.31959704913594067,0.10924729113504522,0.3194162238945035
390,6.5,feeder2_842,0.1389599131488652,0.36084544229188925,0.13890931030167303,0.36067020343457623
390,6.5,feeder2_459,0.10931858822325888,0.3196041081160325,0.10926822662597527,0.31942176130999067
390,6.5,feeder2_702,0.11094194888188437,0.31782015798394747,0.11089322353242177,0.3176409004225508
390,6.5,feeder2_493,0.1093979883392294,0.3199638212993967,0.1093481018097001,0.3197827830145403
390,6.5,feeder2_651,0.09951364965491737,0.2426233548218667,0.09945600438322681,0.24238664553336917
390,6.5,feeder2_684,0.09997671090783444,0.23402398648206252,0.0999111052113569,0.23377461872995
390,6.5,feeder2_674,0.10934934745669284,0.3199385891451462,0.10929904242487434,0.3197566086300852
390,6.5,feeder2_696,0.10967843197845245,0.3211333899474529,0.10962635620078276,0.3209563445437624
390,6.5,feeder2_681,0.10926549320750235,0.31989208547894116,0.10921263118485033,0.31971348466071686
390,6.5,feeder2_682,0.10927496584211148,0.3199045765304376,0.10922370646231358,0.3197252548399576
390,6.5,feeder2_728,0.09993557184068703,0.23416180076121507,0.09987490077327552,0.23391045788123685
390,6.5,feeder2_724,0.10061622557992833,0.22514768901099272,0.10054658936530718,0.2248844500195166
390,6.5,feeder2_703,0.11037288484308982,0.32219346248947683,0.1103267980728786,0.3220127464190771
390,6.5,feeder2_704,0.10977748967884862,0.32128586232086065,0.10972675573098038,0.3211062012803753
390,6.5,feeder2_754,0.10073394389979069,0.22495672571371017,0.10067214257374625,0.22468889381751628
390,6.5,feeder2_747,0.10088973199958313,0.22163409407235857,0.10082693764074961,0.22136002788847264
390,6.5,feeder2_828,0.09988354249548168,0.23414069403715934,0.09982277750692896,0.23388969297152973
390,6.5,feeder2_763,0.0998951020788697,0.23440937879807827,0.09983400228316469,0.23415895737710804
390,6.5,feeder2_836,0.10101611637488633,0.22186137574524556,0.10094753568224875,0.22158783496857917
390,6.5,feeder2_758,0.10110952484040216,0.21851888889357138,0.1010422708326711,0.21823952073249395
390,6.5,feeder2_788,0.10395412494425317,0.21546563320111864,0.1038866606498262,0.21518684608567562
390,6.5,feeder2_812,0.10121437652569235,0.21291170931803183,0.10114688094169068,0.21261337175015435
390,6.5,feeder2_947,0.10014420328442526,0.23399995702953605,0.10008506065530491,0.23375075858584649
390,6.5,feeder2_868,0.09997847706957744,0.23427141209242125,0.09991683269199943,0.23402765102780101
390,6.5,feeder2_785,0.09986464382977958,0.23472633401214232,0.09980052855075132,0.23447856409392842
390,6.5,feeder2_1176,0.0988646836472588,0.2364695061781149,0.09879971356617226,0.236227065134509
390,6.5,feeder2_846,0.09960670309489832,0.2346312390835741,0.09954790353413263,0.23437944243060016
390,6.5,feeder2_911,0.09986548121425247,0.23467104388481735,0.09980204230979513,0.23442643277584654
390,6.5,feeder2_1107,0.1010088601757067,0.20951947209490407,0.10094356975715475,0.20921115763815742
390,6.5,feeder2_920,0.10130361695026323,0.21230181237603588,0.10123463928815522,0.21199445107560025
390,6.5,feeder2_926,0.10158354421625843,0.21109805798652267,0.1015123881263486,0.210783826756259
390,6.5,feeder2_1239,0.10113085985477681,0.21265197741714054,0.10105905562473926,0.21234918227658298
390,6.5,feeder2_933,0.10160810632263144,0.2111886502470275,0.10153581379500065,0.21087239735586633
390,6.5,feeder2_1146,0.10205345230553618,0.20815947352586303,0.10198581939531232,0.20784728440699424
390,6.5,feeder2_1124,0.10164177435148017,0.2112461093939587,0.10156836964539226,0.2109292732189975
390,6.5,feeder2_942,0.10165997169302975,0.21136447790519983,0.10158590756832728,0.21104355890928383
390,6.5,feeder2_952,0.1022392508781869,0.21046841989286602,0.10216305438976533,0.21013982558789834
390,6.5,feeder2_965,0.10159475144306572,0.21151647659442097,0.10151930046588163,0.21119387736139084
390,6.5,feeder2_961,0.10226196606111225,0.21063809633279962,0.10218421621407874,0.21030598883364868
390,6.5,feeder2_963,0.1022478027202964,0.21041162128679838,0.10217581658936063,0.21007846399247665
390,6.5,feeder2_973,0.10238904410708803,0.21156181412252703,0.10231078507859254,0.2112259320586117
390,6.5,feeder2_1128,0.10225156339141181,0.21061036244381287,0.10217517280667479,0.21027755440201548
390,6.5,feeder2_1113,0.10343276567383516,0.20916314010186648,0.10335885318400882,0.20882834051368573
390,6.5,feeder2_1143,0.10224258658409997,0.21021937187580825,0.10216679861361005,0.2098878109354393
390,6.5,feeder2_1238,0.10167222370907995,0.21137538765277922,0.10159860065777973,0.21105620348903353
390,6.5,feeder2_979,0.10151017310666005,0.2117261113541066,0.1014336042540781,0.21140452487438216
390,6.5,feeder2_1236,0.10255244139480398,0.21282165167701805,0.10247666141811074,0.212471758488186
390,6.5,feeder2_989,0.10238929000608774,0.2115630495102997,0.10231078507859254,0.2112259320586117
390,6.5,feeder2_1196,0.1003878809337978,0.21274111729776357,0.10031494513289783,0.2124149655940408
390,6.5,feeder2_1158,0.10248892707856092,0.211717573261899,0.10241099943790741,0.21138198645692646
390,6.5,feeder2_1122,0.10090945377689152,0.2081140876419797,0.10084090257906206,0.20780866263587805
390,6.5,feeder2_1258,0.10108599986568854,0.20964626821724036,0.10101394568228271,0.20934690996309313
390,6.5,feeder2_1303,0.10094904378938384,0.2080386655270272,0.1008842994594494,0.20773174766942418
390,6.5,feeder2_1138,0.10083333795135391,0.20703802787396564,0.10076380366755906,0.20672859799701118
390,6.5,feeder2_1304,0.09954356093246584,0.2077609127257963,0.099474970307174,0.2074546253638062
390,6.5,feeder2_1212,0.10095926218793405,0.20430579068811783,0.10089084656004653,0.20400059276335214
390,6.5,feeder2_1311,0.10101528541977829,0.2042007713235322,0.10095012067477512,0.20388964356335162
390,6.5,feeder2_1290,0.10112168424251912,0.2010209047177215,0.10105137315286158,0.20071262814004967
390,6.5,feeder2_1325,0.10272147942177286,0.21429350713361653,0.102640996814677,0.21394091868827012
390,6.5,feeder2_1248,0.10255327256015799,0.21282299478469707,0.10247759013020852,0.2124737033798969
390,6.5,feeder2_1249,0.10168488867379995,0.21135071745199746,0.10161384406930918,0.2110291653245475
390,6.5,feeder2_1250,0.10169627229172107,0.2113358783383226,0.10162168828324954,0.21101051283807748
390,6.5,feeder2_1366,0.10266765435166994,0.21301118313035008,0.1025875836319468,0.21266891827487017
390,6.5,feeder2_1266,0.10112897231064483,0.20971447305476523,0.1010572023833098,0.20941207365781372
390,6.5,feeder2_1372,0.10125791156986874,0.20080204114133895,0.10119005297720395,0.20049136499181447
390,6.5,feeder2_1363,0.10130124505408054,0.1978033341136925,0.10123575200280835,0.19749197586622363
390,6.5,feeder2_1446,0.10420390062707197,0.21270753334992598,0.10412433870241307,0.2123521359349618
390,6.5,feeder2_1502,0.10259869925289725,0.21806347337400642,0.10251688476327768,0.2176928654988286
390,6.5,feeder2_1428,0.10079112481135484,0.1976878466022849,0.10072055246845822,0.1973780346163771
390,6.5,feeder2_1380,0.10167232249245055,0.19418621066388134,0.10160174274671606,0.19387429520352234
390,6.5,feeder2_1550,0.1017022732800506,0.19413727315209317,0.10163254018589843,0.19382706621331652
390,6.5,feeder2_1386,0.1018546680861394,0.19245124071521724,0.10178402895626552,0.1921386658758941
390,6.5,feeder2_1551,0.10107314411700434,0.19316587251978143,0.10100689897613606,0.1928491650630303
390,6.5,feeder2_1400,0.10199709357255687,0.19148450775316786,0.10192567861839971,0.19117348773333953
390,6.5,feeder2_1552,0.10178455478967632,0.19140147728011228,0.10171887020660521,0.19108307908779604
390,6.5,feeder2_1408,0.10231051674744897,0.18953670017445912,0.10224347770902335,0.1892194424533409
390,6.5,feeder2_1553,0.10218230460074992,0.18949859463394506,0.10211569526384086,0.18918467771467648
390,6.5,feeder2_1416,0.10247892541781416,0.1885343471411222,0.10240801503506554,0.1882234462270141
390,6.5,feeder2_1530,0.10607880288354594,0.18480105512959968,0.10600851409632908,0.1844890433168099
390,6.5,feeder2_1425,0.1024746041053405,0.188621575043834,0.10240873403788346,0.188307059447798
390,6.5,feeder2_1589,0.1022307631786457,0.18857276843099294,0.10216211263027804,0.18826052528374934
390,6.5,feeder2_1435,0.10247809292910877,0.1886460257745672,0.10240662213580022,0.18833347035898043
390,6.5,feeder2_1621,0.10263632946597306,0.18894189033636327,0.10256858470866578,0.18862757714114795
390,6.5,feeder2_1564,0.1024550878686884,0.18859552517167305,0.10238435589556122,0.1882796657490983
390,6.5,feeder2_1704,0.10195769714554186,0.2193053107940447,0.10187609391044262,0.21893870885643543
390,6.5,feeder2_1525,0.10252063985723063,0.21851418836893347,0.10243617161292945,0.21814392142659608
390,6.5,feeder2_1716,0.10098743339142625,0.22076920820860282,0.10090013155152212,0.2204024651808926
390,6.5,feeder2_1537,0.10240361726777711,0.21861971669774913,0.10231863888370868,0.21824222904734603
390,6.5,feeder2_1645,0.10128118024673417,0.2196076966535383,0.10119483142510254,0.21923170548001497
390,6.5,feeder2_1561,0.10246930137293112,0.21827113428998438,0.10238111006013687,0.21788967609874788
390,6.5,feeder2_1657,0.10252988717595096,0.2181770300278062,0.10244351726379577,0.21779803099294948
390,6.5,feeder2_1570,0.10249837882101177,0.218141100070266,0.10241049571457171,0.2177577673664615
390,6.5,feeder2_1756,0.1025976616820589,0.21796663372403796,0.1025111329944069,0.21758083478105525
390,6.5,feeder2_1588,0.102526446008627,0.2180292025703402,0.1024374289838742,0.21764432473120426
390,6.5,feeder2_1628,0.10335139451660093,0.21712459731386036,0.10326804917824703,0.2167365571115428
390,6.5,feeder2_1598,0.1025257826526053,0.21814656916212113,0.1024374746806504,0.2177609099660701
390,6.5,feeder2_1816,0.10277600661682493,0.21853745018555346,0.10269067880215607,0.2181471149643817
390,6.5,feeder2_1765,0.10281539452186163,0.218673345796888,0.10272558067826981,0.2182902085313954
390,6.5,feeder2_1641,0.10245262944730302,0.2183589258624835,0.10235864357459165,0.21796185990585934
390,6.5,feeder2_1689,0.10239691637417625,0.21862488114115206,0.10230881095077238,0.218213162002591
390,6.5,feeder2_1744,0.10248882149449064,0.21829738044861258,0.10240001663397585,0.21789553802396164
390,6.5,feeder2_1817,0.10238215409819312,0.2185816765950597,0.10229033761647857,0.21817007795019144
390,6.5,feeder2_1779,0.10241972391122499,0.21866654504952535,0.10232516693710815,0.21826001015454455
390,6.5,feeder2_1800,0.10234201758021844,0.2186036623041905,0.10225262629114332,0.21819118290886436
390,6.5,feeder2_1818,0.10172789294504135,0.2183056156711547,0.10162173125764953,0.21787394481756478
390,6.5,feeder2_1753,0.10254235010579973,0.21820182830323492,0.10245318612091728,0.21780327054131982
390,6.5,feeder2_1754,0.10250226317011521,0.21827564364055382,0.1024111382453826,0.21787510184157238
420,7.0,secondary,0.02869357523144836,0.01841944076933095,0.02868154171274624,0.018413174827524127
420,7.0,feeder2_44,0.05339450797768974,0.09606105770526982,0.053374713290170225,0.096033324596653
420,7.0,feeder2_45,0.05428236768435561,0.09860946924078778,0.05425989358531734,0.09858107588346839
420,7.0,feeder2_46,0.05300366300541762,0.1014757084795544,0.05298202400800067,0.1014516553917848
420,7.0,feeder2_51,0.055824138218654944,0.10304186733707608,0.0558048764588041,0.10301032627393979
420,7.0,feeder2_48,0.054652890301794724,0.0985146093773898,0.05463390590552515,0.0984851240195502
420,7.0,feeder2_52,0.055609515122741364,0.10285112656299017,0.05558623190055768,0.102824909410049
420,7.0,feeder2_68,0.06019363655226396,0.11561047797878721,0.06017390395749449,0.11557520871139011
420,7.0,feeder2_69,0.0602749426743226,0.11578254185919944,0.0602512468116194,0.1157521814096383
420,7.0,feeder2_71,0.06077198263301112,0.11726846026951541,0.060750307449329535,0.11723190181008648
420,7.0,feeder2_72,0.06089846627486717,0.11725322877772462,0.06087842907678837,0.1172176138092282
420,7.0,feeder2_73,0.06258358399146437,0.12245704522288257,0.06255901702038662,0.12242194468209992
420,7.0,feeder2_74,0.06245221063418202,0.12233820186803497,0.062425498055759004,0.12230533139718203
420,7.0,feeder2_77,0.06414344777173181,0.12692880378737215,0.0641227228747621,0.12688840999946885
420,7.0,feeder2_79,0.064303678413896,0.12730901075464013,0.06428191828617415,0.12726649276454274
420,7.0,feeder2_81,0.0665855527052401,0.13386588407443165,0.0665575642741297,0.1338299407867889
420,7.0,feeder2_82,0.0669170743608236,0.13379446164051736,0.06689467920386462,0.13375208011781342
420,7.0,feeder2_116,0.077576639194572,0.16501817283135609,0.07754684092501092,0.1649656176543872
420,7.0,feeder2_119,0.0767581269463155,0.1642886990379526,0.07672648897020916,0.16423870757368675
420,7.0,feeder2_120,0.08175239212103727,0.17699974345077707,0.08172016058928776,0.17695037154448276
420,7.0,feeder2_248,0.08163456139368541,0.1768915650120776,0.08159890596322558,0.17684245037963012
420,7.0,feeder2_124,0.08433237711439946,0.1844181352578612,0.08430287815035202,0.18435948999471838
420,7.0,feeder2_282,0.0845310076721274,0.1844861072726794,0.08449947529151934,0.18442821068986712
420,7.0,feeder2_275,0.08351989273916359,0.18421164856062835,0.08348664690852874,0.18415707051559163
420,7.0,feeder2_151,0.08900781883841087,0.19748146288714893,0.08897019288085548,0.19742460107499638
420,7.0,feeder2_295,0.08924066963807345,0.19778771263000003,0.0892057337826514,0.19772452609357655
420,7.0,feeder2_311,0.08906996245029555,0.1975833982296656,0.08903483949021966,0.19752640717671227
420,7.0,feeder2_201,0.09666572676310821,0.21871833635715063,0.09662412389927952,0.21865715200083766
420,7.0,feeder2_314,0.09749015114851628,0.21804617929369738,0.09745143827114125,0.21798450284008553
420,7.0,feeder2_342,0.10728259010938097,0.2501793429291342,0.10723944800015112,0.2501094684716859
420,7.0,feeder2_368,0.10739334378964868,0.25023625013860595,0.10734817238220559,0.25016513329373175
420,7.0,feeder2_347,0.11233239705458894,0.2655231018910184,0.1122884891773388,0.26544511176129937
420,7.0,feeder2_353,0.11473813164080116,0.27366748506192334,0.11469174130779523,0.2735900236016532
420,7.0,feeder2_518,0.11366927887609171,0.26446913495438185,0.11362509105291775,0.2643897751108615
420,7.0,feeder2_365,0.11743988921829261,0.28286161266275184,0.11739175255924615,0.2827805648549682
420,7.0,feeder2_653,0.1144146998681635,0.27337529997109755,0.11437166095357168,0.27329198328955334
420,7.0,feeder2_377,0.11890624244692646,0.28784685699990387,0.11885760247357599,0.28776528236124177
420,7.0,feeder2_622,0.11746087123656772,0.28289425797334417,0.11741311815212446,0.2828118887319613
420,7.0,feeder2_451,0.10743119717545567,0.2502427043205647,0.10738764243054656,0.2501715540600613
420,7.0,feeder2_383,0.1075707009492934,0.250317678241007,0.10752950346991866,0.25024364212649647
420,7.0,feeder2_385,0.1205682276209044,0.2934901617000411,0.12052191908972587,0.29340045132318826
420,7.0,feeder2_621,0.11916938922286341,0.2881615536266735,0.11912433926485066,0.28807300141021824
420,7.0,feeder2_611,0.10735090568326014,0.2501178013474606,0.10730703094277087,0.2500469298744482
420,7.0,feeder2_405,0.10758485029313104,0.25033378404815765,0.1075458233500022,0.2502570650354844
420,7.0,feeder2_461,0.12734443952938762,0.3165289490034018,0.12729435689712273,0.3164348625894571
420,7.0,feeder2_594,0.1204921932962049,0.29341790180704164,0.12044700825229024,0.2933311870902129
420,7.0,feeder2_732,0.10596331861698115,0.2500703050654073,0.10591956096951778,0.24999431866385693
420,7.0,feeder2_417,0.10782986482008294,0.2505670033428869,0.10779082071606769,0.2504891766812732
420,7.0,feeder2_663,0.10793538318732158,0.25069080904660423,0.10788919503223979,0.2506194985223728
420,7.0,feeder2_444,0.10800422878584329,0.25070951839739886,0.10796126574353063,0.2506400950552842
420,7.0,feeder2_759,0.10807245468511686,0.25071843015285383,0.1080285768134606,0.2506444470721489
420,7.0,feeder2_842,0.10805487649820601,0.2507942076076093,0.10801185926727912,0.2507217951090697
420,7.0,feeder2_459,0.10806371981188455,0.2507533049459575,0.10802013154129582,0.2506802663237997
420,7.0,feeder2_702,0.10996939200104898,0.24928005148779545,0.10992899019451187,0.2492036764733525
420,7.0,feeder2_493,0.10810816730324055,0.2514543514858466,0.10806561092833182,0.25137982760396715
420,7.0,feeder2_651,0.12745698061233668,0.31671469872833835,0.1274092523527578,0.3166183073275465
420,7.0,feeder2_684,0.1328173770147145,0.3350692899540296,0.13276300751485917,0.33497368011869116
420,7.0,feeder2_674,0.1079405470848857,0.25130122911830666,0.1078953292457892,0.25122845832597185
420,7.0,feeder2_696,0.10843480279523307,0.2541878225451585,0.10839636520608173,0.25410869484965626
420,7.0,feeder2_681,0.10753282357856422,0.2509300795057243,0.1074916726159744,0.2508567727195679
420,7.0,feeder2_682,0.10786364614926498,0.2512291956019878,0.10781816303051922,0.25115799751120654
420,7.0,feeder2_728,0.1329573569303295,0.334432021597491,0.1329044177580039,0.3343350772348659
420,7.0,feeder2_724,0.13821820972516266,0.3555064321581948,0.13816312951262208,0.35539999599783617
420,7.0,feeder2_703,0.10936183245174841,0.25580209738782866,0.10932091699126789,0.2557249903158856
420,7.0,feeder2_704,0.10831354092071656,0.2547915464255834,0.10826946633056424,0.25472251960707654
420,7.0,feeder2_754,0.1383363213372627,0.3555126522675353,0.13827731500345358,0.3554095873047142
420,7.0,feeder2_747,0.1404289319491397,0.36383329881262816,0.14036888984066717,0.36372895398387517
420,7.0,feeder2_828,0.13277163221829222,0.3342436469238757,0.13271552412146234,0.33414906055367594
420,7.0,feeder2_763,0.13323282604725142,0.3337818208662543,0.1331826843149189,0.3336793921107807
420,7.0,feeder2_836,0.1395727633184467,0.36668917253028116,0.139513858069725,0.3665862241686287
420,7.0,feeder2_758,0.1422677475927281,0.369684343795941,0.14220836657734384,0.36957744524836633
420,7.0,feeder2_788,0.14229053662438051,0.369687610549485,0.14223072913729545,0.3695813743875703
420,7.0,feeder2_812,0.14792794549231095,0.38767978512194373,0.14786727992337287,0.3875592917371197
420,7.0,feeder2_947,0.13619473293183054,0.33147233401374504,0.13614349210154694,0.3313725095686071
420,7.0,feeder2_868,0.1332606288373532,0.3337878217426794,0.1332060761966926,0.3336912657731892
420,7.0,feeder2_785,0.13324626942806977,0.333832884475163,0.13319112667344213,0.33373954734764466
420,7.0,feeder2_1176,0.13355646909082544,0.33431711670487707,0.13350651675294842,0.3342166802784113
420,7.0,feeder2_846,0.13315700820090623,0.3337478616012452,0.13310659986450646,0.3336479371751861
420,7.0,feeder2_911,0.1332481734504538,0.33384949469852543,0.13319042529790687,0.333754830944387
420,7.0,feeder2_1107,0.146920926346493,0.38764592235429735,0.1468589462587732,0.3875352868450362
420,7.0,feeder2_920,0.14979622370001894,0.39275395934610796,0.1497364223936564,0.39263077217449577
420,7.0,feeder2_926,0.15259196269661268,0.40037946218716103,0.15253448710328346,0.40024731363823823
420,7.0,feeder2_1239,0.14978805302104933,0.3927069486985053,0.14972516368944977,0.3925871091315653
420,7.0,feeder2_933,0.15377606117667303,0.40403763825399314,0.1537106298046032,0.40390731029534405
420,7.0,feeder2_1146,0.15285390185054054,0.39909760402849603,0.15279161814779796,0.3989703612260479
420,7.0,feeder2_1124,0.15381182162682386,0.4040859014433399,0.1537484850967942,0.40395533512213283
420,7.0,feeder2_942,0.1567690218753679,0.4132881810607857,0.15670675813597018,0.4131501979597326
420,7.0,feeder2_952,0.16109328955878066,0.43053938639860573,0.16102863307841878,0.4303909170347163
420,7.0,feeder2_965,0.15678301099129097,0.4128324539409478,0.15671869716487305,0.4126954270375448
420,7.0,feeder2_961,0.16154016555927642,0.4325207952494544,0.16147360540251263,0.4323732807955505
420,7.0,feeder2_963,0.16109786559405076,0.43051547336929175,0.16103342467719964,0.4303648697913748
420,7.0,feeder2_973,0.16392676304258666,0.4431172440122193,0.16385779271073692,0.4429624902696065
420,7.0,feeder2_1128,0.16153042686610844,0.432463610206678,0.16146611895823287,0.43231324321375936
420,7.0,feeder2_1113,0.16178110420987896,0.42991289762942314,0.16171200681588468,0.42977037939879575
420,7.0,feeder2_1143,0.16108825269006288,0.43053789783144514,0.1610208147881067,0.43039000634132246
420,7.0,feeder2_1238,0.16170575817309604,0.4085257335492821,0.1616436697830857,0.4083876934014025
420,7.0,feeder2_979,0.15673501027944656,0.41256799306027087,0.15666811589506233,0.4124322803857016
420,7.0,feeder2_1236,0.16742645884733645,0.4578949466074486,0.16735623548551304,0.45772744937173343
420,7.0,feeder2_989,0.16392745888222454,0.44312748826212833,0.1638609211194547,0.442971148404836
420,7.0,feeder2_1196,0.15558760014297088,0.41152505939897444,0.15552200198512656,0.4113892802782371
420,7.0,feeder2_1158,0.16365790249869844,0.4443690866194453,0.1635923862392475,0.4442087475068562
420,7.0,feeder2_1122,0.14644184840810964,0.3863209568462789,0.1463855229830845,0.3862062333194276
420,7.0,feeder2_1258,0.1466353985330145,0.38925721216863235,0.14657992339682296,0.3891417649736739
420,7.0,feeder2_1303,0.14816962293486008,0.38506807992566094,0.14810758150594042,0.3849615741837641
420,7.0,feeder2_1138,0.14598055737777,0.38568291893340323,0.14591909808398176,0.3855731624464677
420,7.0,feeder2_1304,0.14539048015003134,0.38513537297436273,0.1453302025305479,0.3850262213469461
420,7.0,feeder2_1212,0.14510246853623804,0.38481790043541486,0.14504269207124526,0.38471145647664934
420,7.0,feeder2_1311,0.14515695335043585,0.3848471420974788,0.14509818262522226,0.38473591488489317
420,7.0,feeder2_1290,0.14404496131317895,0.383745380507922,0.14398324612919863,0.3836417028619109
420,7.0,feeder2_1325,0.17219730837854927,0.4781138564916995,0.17212839264236854,0.477931347477514
420,7.0,feeder2_1248,0.16742708015258737,0.45789583970837316,0.16735730739072266,0.45772936038483336
420,7.0,feeder2_1249,0.16313373554288127,0.40727305428999283,0.16307374821808185,0.40713596702985105
420,7.0,feeder2_1250,0.1617269605813232,0.4085278932918466,0.16166599879743968,0.40838936995416275
420,7.0,feeder2_1366,0.16751280027877327,0.4580230598459945,0.16744511078407104,0.45785600915883345
420,7.0,feeder2_1266,0.1465180080207082,0.3902988324612529,0.14645861327294424,0.39018347992296726
420,7.0,feeder2_1372,0.14418083627090972,0.3837604039574367,0.14412240191004125,0.3836526403074688
420,7.0,feeder2_1363,0.14294023017845173,0.3825708967400305,0.14288223085595617,0.38246873499316275
420,7.0,feeder2_1446,0.17340044408838917,0.4770085351540233,0.17332494359370568,0.47683276625795634
420,7.0,feeder2_1502,0.17733664593060022,0.5024045981355848,0.17726581757791907,0.5022079793834183
420,7.0,feeder2_1428,0.14212352611744397,0.3823265404815946,0.14206237409110056,0.38222500793405706
420,7.0,feeder2_1380,0.14206134732647643,0.3818128164456098,0.14200493826566235,0.38171215325997937
420,7.0,feeder2_1550,0.14209229675567842,0.3818185661384171,0.14203594993589663,0.38171986533163604
420,7.0,feeder2_1386,0.14164472153862398,0.38147551603323526,0.14158465952576496,0.3813844129221029
420,7.0,feeder2_1551,0.14088794435605012,0.38114510883899866,0.14083205037379426,0.3810487050023674
420,7.0,feeder2_1400,0.14150444114471863,0.3814263842277848,0.1414469214937202,0.381333445375921
420,7.0,feeder2_1552,0.14030166438691222,0.38092410098590457,0.14024732695765138,0.3808277297946583
420,7.0,feeder2_1408,0.14141873867956714,0.38171129610994115,0.14135836085743073,0.38162702450971
420,7.0,feeder2_1553,0.14129143826214868,0.3815857373309872,0.1412361792568182,0.381493210225734
420,7.0,feeder2_1416,0.1413817351651235,0.3819099581217687,0.14132385447840468,0.3818235371715815
420,7.0,feeder2_1530,0.14621403156005175,0.38289137965512954,0.14615905998409953,0.3828105234607444
420,7.0,feeder2_1425,0.14129397891339293,0.3814201992861148,0.1412356726530761,0.3813323960884143
420,7.0,feeder2_1589,0.14014174290443113,0.3803270435422189,0.14008659391609785,0.38023731553219364
420,7.0,feeder2_1435,0.14129733923872728,0.381430648980633,0.14124164647888,0.381337738506181
420,7.0,feeder2_1621,0.14144764620971026,0.3816769828066384,0.14138862984434752,0.3815892661486116
420,7.0,feeder2_1564,0.14127400974979454,0.3812987267440093,0.14122116655965838,0.38120802912655805
420,7.0,feeder2_1704,0.17736846123864475,0.5024494542779009,0.17729791254879668,0.5022501059305864
420,7.0,feeder2_1525,0.1786595611749908,0.5086710103296066,0.17858089980353606,0.5084762412334523
420,7.0,feeder2_1716,0.17827993822792756,0.5105601271742712,0.17820512837869149,0.5103617588212218
420,7.0,feeder2_1537,0.18011925987662158,0.5153968961303811,0.180039410344716,0.5151958137264103
420,7.0,feeder2_1645,0.1800267544518516,0.5152962322000731,0.17994607541363006,0.5150969297359076
420,7.0,feeder2_1561,0.18178232865866487,0.5230964979238952,0.181705949355293,0.5228857918298214
420,7.0,feeder2_1657,0.18182936140997283,0.5230814223919608,0.18175357950852275,0.5228741533454967
420,7.0,feeder2_1570,0.18250207170224683,0.5264258510976991,0.18242730131704518,0.5262142509708784
420,7.0,feeder2_1756,0.18257006962758526,0.5264289066624178,0.18249569737783855,0.5262143471600221
420,7.0,feeder2_1588,0.1831762528664154,0.5295382394647797,0.18309801493978053,0.5293235877095998
420,7.0,feeder2_1628,0.183191426660397,0.529534414621463,0.183114535416824,0.5293223460443042
420,7.0,feeder2_1598,0.18402911284207268,0.5334743096143879,0.18395124925780973,0.5332577814623027
420,7.0,feeder2_1816,0.18422154212512673,0.5337377414393641,0.18413984917239282,0.5335273369929917
420,7.0,feeder2_1765,0.1841646988968134,0.5336594416890822,0.18408332487727483,0.5334476326482329
420,7.0,feeder2_1641,0.18818390607490632,0.5526992584117729,0.18810541892584928,0.5524679379650308
420,7.0,feeder2_1689,0.19158190283975193,0.5701496990963296,0.19149779471031095,0.5699115966294191
420,7.0,feeder2_1744,0.1889374933544135,0.5520196794955727,0.18885568061399233,0.5517950253894186
420,7.0,feeder2_1817,0.19156890920132705,0.5700725541015784,0.19148906608648894,0.5698295754170882
420,7.0,feeder2_1779,0.19160870604026967,0.5701890026929969,0.1915247928684881,0.5699497721853106
420,7.0,feeder2_1800,0.19152881939686414,0.5701043128188812,0.19144430429214418,0.5698667415952299
420,7.0,feeder2_1818,0.21406765171565587,0.6063321037805766,0.2139690931810141,0.6060648844520057
420,7.0,feeder2_1753,0.1912964250743222,0.5498750428278762,0.19121476407464644,0.5496473397642391
420,7.0,feeder2_1754,0.18894714625896186,0.5520167570183433,0.18886862531202073,0.5517850899386201
450,7.5,secondary,0.028355013594601935,0.04170201358851727,0.028337501916566605,0.04169422066308082
450,7.5,feeder2_44,0.05277099201572474,0.2175110994850711,0.0527380377986997,0.21748579955311312
450,7.5,feeder2_45,0.05370396421442099,0.22449435257510855,0.053674638576627735,0.22446448970414068
450,7.5,feeder2_46,0.053678038558470496,0.2152428952291851,0.05364950609855297,0.215219172710134
450,7.5,feeder2_51,0.05544441297979931,0.23637936263346127,0.05541299704369318,0.2363507356699699
450,7.5,feeder2_48,0.05101591146467547,0.22648096352599914,0.05098911185799959,0.22644911217345648
450,7.5,feeder2_52,0.05505435915975152,0.2376719124179743,0.05502140779619123,0.23763983274288175
450,7.5,feeder2_68,0.06026674945134607,0.2692679454323719,0.060233067061117716,0.26923038072583544
450,7.5,feeder2_69,0.06030040297546937,0.2691428011566919,0.060266176497510184,0.26910828474862475
450,7.5,feeder2_71,0.06090862193006343,0.2736318441394618,0.060873782945173455,0.2735949361855978
450,7.5,feeder2_72,0.06068900586669669,0.2735493208730754,0.0606537802718607,0.27351102879724154
450,7.5,feeder2_73,0.06292448284876585,0.287303910186976,0.06288985451501564,0.28726161499329833
450,7.5,feeder2_74,0.06325982576227221,0.287714672123106,0.06322141840300727,0.2876806575825293
450,7.5,feeder2_77,0.06464379364637855,0.29896941800991217,0.06460767808272093,0.29892528472997903
450,7.5,feeder2_79,0.0670593286632497,0.2951969266239915,0.06702360282767224,0.29515895170542045
450,7.5,feeder2_81,0.06733164478482548,0.3187721046118348,0.06729490154666086,0.3187253624981734
450,7.5,feeder2_82,0.066793489206613,0.318609462967171,0.06675528507821624,0.3185694397172176
450,7.5,feeder2_116,0.07963312401022041,0.4078248536391843,0.07958827638493998,0.4077635438344204
450,7.5,feeder2_119,0.08023225173371198,0.40862769556720224,0.08018412267153115,0.4085724274091023
450,7.5,feeder2_120,0.08414642920113449,0.4403604425882844,0.0840989146217189,0.44029698230988135
450,7.5,feeder2_248,0.08417883010579674,0.4412515734977365,0.08412742933392266,0.4411941820274043
450,7.5,feeder2_124,0.08684468018362576,0.45994958054366025,0.086795321792805,0.4598783700318779
450,7.5,feeder2_282,0.08411083877933531,0.4591795844433497,0.08405762877548963,0.45910963133942456
450,7.5,feeder2_275,0.11036467383246104,0.4887709224745475,0.11030404667948492,0.48870752219349245
450,7.5,feeder2_151,0.0878329424254447,0.4756420777453909,0.08777939918916303,0.47556654890724076
450,7.5,feeder2_295,0.08821073993144206,0.4741766276094973,0.08815725849887171,0.4741024189779437
450,7.5,feeder2_311,0.08783891324493864,0.4755698019404669,0.08778447675561955,0.47549398438637747
450,7.5,feeder2_201,0.08972336354910736,0.5038398749394863,0.08966411378060436,0.5037479942906119
450,7.5,feeder2_314,0.0884813027406823,0.5046373014002916,0.0884238139854557,0.5045498957523925
450,7.5,feeder2_342,0.09305668665268726,0.5424486084653011,0.09299417028342129,0.5423445314630695
450,7.5,feeder2_368,0.09304550572432985,0.5436494081112601,0.09298360938298832,0.5435458795888889
450,7.5,feeder2_347,0.09462682297832731,0.559146768942913,0.09456219414542132,0.5590269849502035
450,7.5,feeder2_353,0.09542552104301531,0.5675238164396991,0.09536051142903777,0.5674006020765888
450,7.5,feeder2_518,0.09438233184682818,0.559055400117552,0.09431637262302045,0.5589400965407975
450,7.5,feeder2_365,0.096299912295343,0.5767623293615822,0.09623028145213221,0.576632776579938
450,7.5,feeder2_653,0.09551077177594769,0.5676285891723417,0.09544574540616078,0.5675029445894314
450,7.5,feeder2_377,0.09677581521161782,0.5817865369025527,0.09670559691546739,0.5816561041470188
450,7.5,feeder2_622,0.09630121964222257,0.5767379220787883,0.09623103045915883,0.5766108901081808
450,7.5,feeder2_451,0.09296581248427786,0.543611495535103,0.09290228579463292,0.5435086525864472
450,7.5,feeder2_383,0.09304339630703885,0.5456384070915604,0.09297858291271988,0.5455356882464499
450,7.5,feeder2_385,0.09738372189307822,0.5880659628095439,0.0973128265686974,0.5879316648957386
450,7.5,feeder2_621,0.0970910805456393,0.5802105716449846,0.09702332236446218,0.5800759677070141
450,7.5,feeder2_611,0.0932463467043325,0.5464154398129036,0.09317768240645365,0.5463168942696565
450,7.5,feeder2_405,0.09303360896960736,0.5457170058904279,0.09297014954660211,0.5456136953054023
450,7.5,feeder2_461,0.0995857116344132,0.6124562122967487,0.09950878600198072,0.6122997630833015
450,7.5,feeder2_594,0.09746751197656116,0.588624498368204,0.09739608076167167,0.5884885137107233
450,7.5,feeder2_732,0.09321207556000724,0.5469350091964919,0.09314523371911497,0.5468380162516958
450,7.5,feeder2_417,0.09289837650401356,0.546001766893998,0.0928323839558978,0.5459042523671371
450,7.5,feeder2_663,0.09287983136208697,0.54592143934848,0.09281803893902957,0.5458154126251282
450,7.5,feeder2_444,0.09280152189746406,0.5462394586681454,0.09273702256952386,0.5461340122102356
450,7.5,feeder2_759,0.09064691388177497,0.5476513529492714,0.090584483623489,0.5475489363857419
450,7.5,feeder2_842,0.09280680602829339,0.5461770149270402,0.09274295006752109,0.5460733520490592
450,7.5,feeder2_459,0.09281152047977459,0.5462482906682784,0.09274783518770177,0.5461419677217628
450,7.5,feeder2_702,0.09231335575786363,0.5460672416292768,0.09224967944071706,0.545961680367865
450,7.5,feeder2_493,0.09289394011058155,0.546373245396587,0.09282838941238644,0.5462719578337214
450,7.5,feeder2_651,0.09958709464977153,0.6124212065359919,0.0995099446860788,0.6122649428072143
450,7.5,feeder2_684,0.10138446826592754,0.6323957644293268,0.10130135226013011,0.6322240660465537
450,7.5,feeder2_674,0.09309520102628292,0.5467017329562666,0.09303399592178159,0.5465974975206357
450,7.5,feeder2_696,0.09276293727016542,0.5452194794656173,0.09269667985951499,0.5451213499867764
450,7.5,feeder2_681,0.09351030055968422,0.5474460564489724,0.09344599000938432,0.547342599843835
450,7.5,feeder2_682,0.09330817380172415,0.546935901355377,0.09324324555855103,0.5468356799390294
450,7.5,feeder2_728,0.10155100677473874,0.6338587216662859,0.1014712025318442,0.6336897133588507
450,7.5,feeder2_724,0.10285604889083916,0.6494847008132325,0.10277357014107673,0.6492933325094653
450,7.5,feeder2_703,0.09295241204013542,0.5438131549169865,0.09288990249388522,0.5437195321326228
450,7.5,feeder2_704,0.09277677045251587,0.5451172716621755,0.09271171872417931,0.5450212112076225
450,7.5,feeder2_754,0.10143269185780472,0.6503177855583366,0.10134735705930531,0.6501288778969696
450,7.5,feeder2_747,0.10363182655593842,0.6560993239683283,0.10354736241932809,0.6559015230611166
450,7.5,feeder2_828,0.1023823998655932,0.6349012615919203,0.10230245078381536,0.634726789226912
450,7.5,feeder2_763,0.10137724409133235,0.6344354579017608,0.1012969407650799,0.6342608955995985
450,7.5,feeder2_836,0.10491762489842485,0.6544287747856034,0.1048334062841507,0.6542270399185044
450,7.5,feeder2_758,0.10423972939738672,0.6625435903131112,0.10415309437143286,0.6623427743839183
450,7.5,feeder2_788,0.10418935982161803,0.6625247692588975,0.10410411715456266,0.6623252525169743
450,7.5,feeder2_812,0.10611924484405899,0.6824209530161814,0.10603143014449246,0.682196957260915
450,7.5,feeder2_947,0.10083826634439177,0.6342503422795365,0.1007588570779365,0.6340760199795129
450,7.5,feeder2_868,0.10082842995422876,0.6347809754634359,0.10074838378789584,0.6346045961256304
450,7.5,feeder2_785,0.10141832361078892,0.6346204303444326,0.10133974709810069,0.6344436157968656
450,7.5,feeder2_1176,0.10141558096142571,0.6344811282903827,0.1013374247472558,0.6343075871907347
450,7.5,feeder2_846,0.10151816998020147,0.6349746039880013,0.10143898894321596,0.6348059015168048
450,7.5,feeder2_911,0.10140008715615062,0.6345763875115741,0.10132275656695645,0.6344005888594533
450,7.5,feeder2_1107,0.10981846465285468,0.6999278085157942,0.1097275046216474,0.699712486119281
450,7.5,feeder2_920,0.10562548457770231,0.6831685614801251,0.10553526513790426,0.682939159227816
450,7.5,feeder2_926,0.10488076274987465,0.6842531102466879,0.1047871533653258,0.6840177743560351
450,7.5,feeder2_1239,0.10563610338476885,0.6832192976773016,0.10554503285510175,0.6829951397669003
450,7.5,feeder2_933,0.10455341888555528,0.6847483126789987,0.10446242707604562,0.6845058895201299
450,7.5,feeder2_1146,0.10486972183959056,0.6842061405233397,0.10477787461592732,0.6839747486769605
450,7.5,feeder2_1124,0.1045519128012607,0.6847109708014538,0.10445826888216732,0.6844681048823718
450,7.5,feeder2_942,0.10373063147385356,0.6860469168106129,0.10363817956647665,0.6858005653528932
450,7.5,feeder2_952,0.10285175455723566,0.6858662606631304,0.10275260526559912,0.6856070051872656
450,7.5,feeder2_965,0.10368715524792488,0.6863221196217075,0.10359334095506276,0.6860721930959932
450,7.5,feeder2_961,0.10276564772300652,0.6858752394031066,0.10267269366723629,0.6856082944817564
450,7.5,feeder2_963,0.10284986535960847,0.6858603738172666,0.10275394220028819,0.6855940159327245
450,7.5,feeder2_973,0.10228676196141011,0.6858213547292866,0.10218914716118858,0.6855467690726775
450,7.5,feeder2_1128,0.10280205059274367,0.6860550565947892,0.10270353317114572,0.6857906391645989
450,7.5,feeder2_1113,0.10281028264320022,0.6858452392588875,0.10271503176908109,0.6855778322160269
450,7.5,feeder2_1143,0.1027324176395485,0.6855092123683678,0.10263462712276504,0.6852442873647158
450,7.5,feeder2_1238,0.09945135515836126,0.6894846354298193,0.09935833016025253,0.6892326208458116
450,7.5,feeder2_979,0.10371473755948074,0.6864542381967492,0.10362140851556303,0.6862068150522651
450,7.5,feeder2_1236,0.10158070487775765,0.6858031187206776,0.1014827919688735,0.6855165396955245
450,7.5,feeder2_989,0.10228667895183507,0.6858208596727916,0.10218945996703889,0.6855451828780852
450,7.5,feeder2_1196,0.10418026514744953,0.6869986077318855,0.10408446084396072,0.6867498960993541
450,7.5,feeder2_1158,0.10228724282024364,0.6857528208451948,0.10218956360778532,0.6854811415452179
450,7.5,feeder2_1122,0.11119960606880451,0.7084099449962011,0.11111077618931554,0.708191877649042
450,7.5,feeder2_1258,0.11111389741373381,0.6978693255215862,0.11102596413849171,0.6976507358975971
450,7.5,feeder2_1303,0.11006086636416981,0.7080358534717602,0.10996925817568699,0.7078215446226191
450,7.5,feeder2_1138,0.11234082606810607,0.7152736243780655,0.11225145126142581,0.7150566671889343
450,7.5,feeder2_1304,0.11281006888545926,0.715832142656328,0.11271822799315953,0.7156149520931975
450,7.5,feeder2_1212,0.11466139015796852,0.7293414771798893,0.11456903065995823,0.7291312336239244
450,7.5,feeder2_1311,0.11341511375447229,0.7301806342668731,0.11332398202684277,0.7299655063742901
450,7.5,feeder2_1290,0.11777483923949002,0.7461339696898814,0.11768464062822633,0.7459209544994281
450,7.5,feeder2_1325,0.10063561185598971,0.6859279526460313,0.10053263285350227,0.6856312217115972
450,7.5,feeder2_1248,0.1015807159513208,0.685802425364114,0.10148200290086867,0.6855156334353338
450,7.5,feeder2_1249,0.09890455021354787,0.6898814774703242,0.09881371184363415,0.689626447436291
450,7.5,feeder2_1250,0.09781747923032799,0.6907567727867752,0.0977261777449488,0.690496739492639
450,7.5,feeder2_1366,0.10158479121014193,0.6857027951768313,0.10148496704524125,0.6854174939891736
450,7.5,feeder2_1266,0.11115343622000141,0.6973567355896261,0.11106655655196024,0.6971400464845183
450,7.5,feeder2_1372,0.11752302155136549,0.7460505471006338,0.11743076374011663,0.7458421927068425
450,7.5,feeder2_1363,0.12116335317073387,0.7643257760093572,0.1210687293680894,0.7641235903370338
450,7.5,feeder2_1446,0.09951675391806983,0.686766670175283,0.09941596938350644,0.6864628124308085
450,7.5,feeder2_1502,0.09992621303894388,0.68511653632323,0.09981925617980167,0.6848030228257669
450,7.5,feeder2_1428,0.1215968541910627,0.7648460426511096,0.12150443400946331,0.7646366712723064
450,7.5,feeder2_1380,0.12510355172276405,0.7855969016949818,0.12501064205136678,0.7853931210612284
450,7.5,feeder2_1550,0.12338093311406706,0.7868215548375995,0.123286371173586,0.7866233049713668
450,7.5,feeder2_1386,0.12723654176764276,0.7954530922200991,0.12714074787108465,0.7952565550094595
450,7.5,feeder2_1551,0.1275191151484616,0.7963257802339592,0.12742508311802855,0.7961277281752617
450,7.5,feeder2_1400,0.12819067329506287,0.7999042378689316,0.12809840016326557,0.7997025120703024
450,7.5,feeder2_1552,0.12831559562747058,0.8000511246161981,0.12821968688587343,0.799857160118471
450,7.5,feeder2_1408,0.1301502065573554,0.8090481168139296,0.13005705787848665,0.8088509044775434
450,7.5,feeder2_1553,0.13044507784618742,0.8101109739218362,0.13034749565073986,0.8099209610089867
450,7.5,feeder2_1416,0.13109838934064674,0.8135278257386759,0.13100484678057264,0.8133298444622911
450,7.5,feeder2_1530,0.13060171220084985,0.8133095579026174,0.13050439427640642,0.8131172858704261
450,7.5,feeder2_1425,0.13293554868460852,0.822211696168807,0.1328399151080463,0.8220181878026009
450,7.5,feeder2_1589,0.14867561987048117,0.8407865987183011,0.14857385667724138,0.8405953065742408
450,7.5,feeder2_1435,0.13292801420456374,0.8221636233741737,0.13283403502058583,0.8219724836469094
450,7.5,feeder2_1621,0.13295065912667936,0.8214711039772997,0.13285600967081782,0.8212753271128956
450,7.5,feeder2_1564,0.13295662454921087,0.822301506411972,0.13286136200608498,0.8221108631698287
450,7.5,feeder2_1704,0.09992650640044787,0.6850822599405058,0.09981876845838401,0.6847710140139783
450,7.5,feeder2_1525,0.09974568705346015,0.6849209850637101,0.09963993634237164,0.6845975608248025
450,7.5,feeder2_1716,0.10138752186151727,0.6828356832664878,0.1012833113667557,0.6825167740968049
450,7.5,feeder2_1537,0.09951678608476587,0.6850269399079532,0.0994073176966243,0.6847058556120541
450,7.5,feeder2_1645,0.10010946747039032,0.685721770182634,0.10000055969319442,0.6854006610809102
450,7.5,feeder2_1561,0.0991750097414342,0.6847555065675623,0.0990674031427009,0.6844195258203037
450,7.5,feeder2_1657,0.09829910445280693,0.6853330315987296,0.0981878621919534,0.6850027945170813
450,7.5,feeder2_1570,0.09907672689961561,0.6845171550954164,0.09896843819343307,0.684183687354118
450,7.5,feeder2_1756,0.0967166024948519,0.6862285649457389,0.09661068594286279,0.685889571337882
450,7.5,feeder2_1588,0.09902085786437466,0.684198368733098,0.09891095890865134,0.6838610881292736
450,7.5,feeder2_1628,0.09897683072450068,0.6841833422052787,0.0988665072526805,0.6838448779104174
450,7.5,feeder2_1598,0.0989518299177598,0.6838014676117395,0.09884203744480438,0.6834655611951231
450,7.5,feeder2_1816,0.09894912286851272,0.6836040382401194,0.0988413312173166,0.6832627962293504
450,7.5,feeder2_1765,0.0989495101981586,0.6836628541643711,0.09883836364430114,0.6833291086471747
450,7.5,feeder2_1641,0.09863284782446241,0.681967673078967,0.09852068597135666,0.6816170082266267
450,7.5,feeder2_1689,0.09847543382848933,0.6807625361699831,0.09835917411985774,0.6804041656004799
450,7.5,feeder2_1744,0.09807412583575448,0.6818085962697183,0.0979613680264098,0.6814621856495203
450,7.5,feeder2_1817,0.09849420558943098,0.6808519664360547,0.09838178838699674,0.680489884711404
450,7.5,feeder2_1779,0.09949187529716681,0.6795373095694948,0.09937756045755519,0.6791781441792055
450,7.5,feeder2_1800,0.09857682200324462,0.6813314537332582,0.09845950331016744,0.6809732252679623
450,7.5,feeder2_1818,0.09531272123584515,0.6766141763987926,0.09520257295487414,0.6762356403729849
450,7.5,feeder2_1753,0.09643718449879661,0.6813534572032426,0.09632022216587138,0.681002555004017
450,7.5,feeder2_1754,0.09804484155179846,0.6817983258188772,0.09793394341754941,0.6814483429560358
480,8.0,secondary,0.04039813244360141,0.05371670630462517,0.040392372291158336,0.05371256394629698
480,8.0,feeder2_44,0.07521397828156325,0.2802887372620872,0.07519742530119297,0.28024429820137364
480,8.0,feeder2_45,0.07653991439627068,0.28918175844388055,0.0765246902597832,0.28913310658789365
480,8.0,feeder2_46,0.07601543505516291,0.2786892839049253,0.07599885733295055,0.2786424514391679
480,8.0,feeder2_51,0.07885423659085758,0.3046523974679621,0.07883815121782774,0.3046006204664074
480,8.0,feeder2_48,0.07635714129213671,0.28906908985095575,0.07634133887783823,0.2890213518464305
480,8.0,feeder2_52,0.07866873432756816,0.30618805700762025,0.07865061208057875,0.3061358718049172
480,8.0,feeder2_68,0.0853244784696236,0.3475819608732175,0.08530605017194581,0.347521262831709
480,8.0,feeder2_69,0.08535299222640502,0.3474984158284714,0.08533379802883002,0.34744022284721743
480,8.0,feeder2_71,0.08618601839888738,0.3532730654681821,0.08616504871000907,0.35321662040159285
480,8.0,feeder2_72,0.08596903777767992,0.35313173986391166,0.08594953447601027,0.3530748364442992
480,8.0,feeder2_73,0.08889098451880822,0.37110452219560675,0.08887178629963108,0.3710455910011749
480,8.0,feeder2_74,0.09319788839661501,0.3799308434747072,0.09317952625855966,0.37986781207174913
480,8.0,feeder2_77,0.09095484783910639,0.3849805583952704,0.09093576802960888,0.3849152019974831
480,8.0,feeder2_79,0.09164336881581525,0.3835586761813464,0.09162353298943718,0.3834914839440934
480,8.0,feeder2_81,0.0942825215237492,0.4073568099388328,0.09426322424056183,0.40729029258116356
480,8.0,feeder2_82,0.09241994536951743,0.4062741693743126,0.09239712831183895,0.40620709443256325
480,8.0,feeder2_116,0.10960937200858725,0.5090690039838824,0.10958345810380186,0.5089800203440373
480,8.0,feeder2_119,0.10953699788572395,0.5102207473566369,0.10951176648739157,0.510137141059206
480,8.0,feeder2_120,0.11521315491492294,0.54601858718474,0.11518770770934991,0.5459233275651147
480,8.0,feeder2_248,0.12651886371373972,0.5607220754772057,0.12649122359521364,0.5606274745300074
480,8.0,feeder2_124,0.1174471639911112,0.5628858875102271,0.11742232446631871,0.5627832713169465
480,8.0,feeder2_282,0.10090190947994418,0.5532665447579825,0.10087781123817716,0.5531640553231413
480,8.0,feeder2_275,0.11833930688191696,0.5654166534006851,0.11831343521585846,0.5653195667547575
480,8.0,feeder2_151,0.12251229131540417,0.5975506038236363,0.12248356917208304,0.5974409629106705
480,8.0,feeder2_295,0.12509074541482462,0.591725920627806,0.12506435420587503,0.5916227431469555
480,8.0,feeder2_311,0.12252043492738038,0.5975057458558604,0.12249381470216035,0.5973992061368709
480,8.0,feeder2_201,0.13243049346596902,0.6628239261278073,0.13240161782443258,0.6627030454110396
480,8.0,feeder2_314,0.1323297573780801,0.6627390799277125,0.13229964820016274,0.6626207976543036
480,8.0,feeder2_342,0.14655963972910244,0.7556347600630059,0.14652520085442988,0.7554927754690313
480,8.0,feeder2_368,0.14678319368952278,0.7587341441654092,0.14674795825678122,0.7585941574067333
480,8.0,feeder2_347,0.15303371437124727,0.7954081714158721,0.1529975856640208,0.7952595968950572
480,8.0,feeder2_353,0.1562606014395504,0.8152334931859597,0.15622355341042032,0.8150815595454939
480,8.0,feeder2_518,0.15296234418322605,0.7953554563803056,0.1529254039546625,0.7952116090629967
480,8.0,feeder2_365,0.15982785523215437,0.8371657588449053,0.1597900589366353,0.8370112256434435
480,8.0,feeder2_653,0.15634509546691522,0.8153403122407118,0.15630770905266606,0.8151857269022575
480,8.0,feeder2_377,0.16177165314188996,0.8490785263403361,0.16173444062867365,0.8489169130084004
480,8.0,feeder2_622,0.15979117610252339,0.8371426299304003,0.15975297700440347,0.8369885946418404
480,8.0,feeder2_451,0.14537899185650852,0.7592879716284162,0.14534626201674244,0.7591511297504754
480,8.0,feeder2_383,0.14751332355758465,0.7634157640995948,0.14747706735440055,0.7632806755064437
480,8.0,feeder2_385,0.1643935725988567,0.8645960079666957,0.16435513841734145,0.8644365607147739
480,8.0,feeder2_621,0.1639715718699021,0.8428726829317233,0.16393219908684017,0.84271694925522
480,8.0,feeder2_611,0.1475911310418301,0.7635102420637594,0.14755683905554673,0.7633747459213619
480,8.0,feeder2_405,0.14755784014065862,0.7637036026645697,0.1475261117837449,0.7635614187933442
480,8.0,feeder2_461,0.17162710977659887,0.911177576975301,0.17158677169798972,0.9109979901449197
480,8.0,feeder2_594,0.1718491660141492,0.8741952189898307,0.17181198911520382,0.8740341974857025
480,8.0,feeder2_732,0.14768771835381836,0.763864894511629,0.14765210741602794,0.7637292366768828
480,8.0,feeder2_417,0.1478846191205852,0.7658375171576939,0.1478515662042757,0.7656985541105494
480,8.0,feeder2_663,0.14788766301150622,0.7658003322478358,0.14785374917492866,0.7656632256093157
480,8.0,feeder2_444,0.14813627240213423,0.7674688734937479,0.14810220964369886,0.7673335446781119
480,8.0,feeder2_759,0.1465804693259403,0.76801393879718,0.14654663564088752,0.7678743297196154
480,8.0,feeder2_842,0.14814295466874827,0.767427826668995,0.14810687571524078,0.7672925309547936
480,8.0,feeder2_459,0.148256080155776,0.7680167658521181,0.1482223000598227,0.7678802173358269
480,8.0,feeder2_702,0.14675262434797298,0.7669382172934547,0.1467195667913783,0.7667988001710416
480,8.0,feeder2_493,0.14884173604919773,0.7705736460248772,0.14880829040241048,0.7704384586414108
480,8.0,feeder2_651,0.17162893985799246,0.9111551744040081,0.17158816152661632,0.9109771241954124
480,8.0,feeder2_684,0.17756644815330797,0.9492173754884745,0.17752160798717553,0.9490291759305759
480,8.0,feeder2_674,0.14985828446477367,0.7723400933539719,0.14982315844762734,0.7722045849595973
480,8.0,feeder2_696,0.14875893771193535,0.7700835436594319,0.14872331706309722,0.7699487697965566
480,8.0,feeder2_681,0.15068874601943258,0.7737632366402925,0.1506566347155877,0.7736234031656494
480,8.0,feeder2_682,0.1528963951402115,0.7774960810513722,0.15286077619741906,0.7773598435757402
480,8.0,feeder2_728,0.17889388897954608,0.9562489542998021,0.17885027318184826,0.9560561586195582
480,8.0,feeder2_724,0.18112075396750651,0.9720395675060722,0.18107522261630601,0.9718395845709429
480,8.0,feeder2_703,0.14876648175920276,0.7700141103101692,0.14873438077268247,0.7698729964955908
480,8.0,feeder2_704,0.14880356472188827,0.7698850014452576,0.14876814475236047,0.7697467963144172
480,8.0,feeder2_754,0.18104587420978083,0.971985343340836,0.1810030323343622,0.971783540110356
480,8.0,feeder2_747,0.182582354342399,0.9813969000299771,0.18253718107879074,0.9811937897661032
480,8.0,feeder2_828,0.1842038615800728,0.9629888537239334,0.18415951626231095,0.9627986957253267
480,8.0,feeder2_763,0.17823633641456643,0.9566957919302214,0.17819182544207463,0.9565039764601886
480,8.0,feeder2_836,0.1825819361208619,0.9813508314948736,0.1825379597405057,0.9811399619174744
480,8.0,feeder2_758,0.18384742960266906,0.9894666159393493,0.18379940844643292,0.9892562578613537
480,8.0,feeder2_788,0.1826022587398707,0.9900170159119275,0.182557023693147,0.9898056039788128
480,8.0,feeder2_812,0.18813672746697854,1.0137668070889025,0.18808798833428209,1.0135411157804446
480,8.0,feeder2_947,0.17808239215988603,0.9565835839361645,0.17804226421346284,0.956390699413018
480,8.0,feeder2_868,0.17753450476226054,0.9567838996193437,0.17749174021651448,0.956590982046324
480,8.0,feeder2_785,0.17799228408926954,0.9569779369058882,0.1779486256592336,0.9567906472402271
480,8.0,feeder2_1176,0.1779885158207185,0.9568892339213627,0.17794845315261926,0.9566962368428075
480,8.0,feeder2_846,0.1782938500953987,0.957745889558356,0.17824984464496813,0.9575519841106319
480,8.0,feeder2_911,0.17726068232238365,0.9566326065753866,0.17722080041996077,0.9564381053764834
480,8.0,feeder2_1107,0.1900701741844803,1.0317098584136863,0.1900246205584108,1.031485032399076
480,8.0,feeder2_920,0.188810894338809,1.0156251247979424,0.18876202927492253,1.0153969244709091
480,8.0,feeder2_926,0.18980641515185795,1.0183542549706361,0.18975564202401315,1.0181285604663526
480,8.0,feeder2_1239,0.18882156653793053,1.0156757202834794,0.18877129846722235,1.0154536311721025
480,8.0,feeder2_933,0.19024934216122547,1.0195794856939049,0.19019908108256683,1.0193487880359533
480,8.0,feeder2_1146,0.1897960009572519,1.0182790982568262,0.18974977006894422,1.018045814926196
480,8.0,feeder2_1124,0.19102811942451503,1.0185990034723595,0.19097821115876404,1.0183662144467276
480,8.0,feeder2_942,0.191291327478804,1.0235821207191083,0.1912408669669093,1.023342472444092
480,8.0,feeder2_952,0.19174052380784545,1.0211011008865412,0.19168986556358306,1.0208512886392436
480,8.0,feeder2_965,0.1914325422569685,1.0246709327288366,0.19138195679030143,1.0244352585883754
480,8.0,feeder2_961,0.19179834073378402,1.0208961553740283,0.19174439317932798,1.0206508978568463
480,8.0,feeder2_963,0.19173852916260295,1.0210875870977374,0.19168709109828375,1.0208406000101615
480,8.0,feeder2_973,0.19164299018934583,1.017491318383207,0.19158830383026654,1.017242288158366
480,8.0,feeder2_1128,0.1926002662796372,1.0249038505044588,0.19254669044388967,1.0246549898967738
480,8.0,feeder2_1113,0.1916997225816771,1.021059441699091,0.19164893587288054,1.0208115773376516
480,8.0,feeder2_1143,0.19161294527541775,1.0202417593987454,0.19156264115646685,1.019994495213206
480,8.0,feeder2_1238,0.18606084898050856,1.0260358027902978,0.18601170527071859,1.0257916864416206
480,8.0,feeder2_979,0.191713668819755,1.0260306733874698,0.19166279574324632,1.0257918208231231
480,8.0,feeder2_1236,0.19142179378955856,1.01243814871925,0.19136554558879806,1.0121794819912195
480,8.0,feeder2_989,0.1916429042194221,1.0174910302995488,0.19158830383026654,1.017242288158366
480,8.0,feeder2_1196,0.19606808097758932,1.0317091568235923,0.1960154008629942,1.0314713644590763
480,8.0,feeder2_1158,0.19164157954272015,1.017447655610722,0.1915902313415931,1.0171927177608653
480,8.0,feeder2_1122,0.19086381353753373,1.0387775581582854,0.1908123562584859,1.0385585503914296
480,8.0,feeder2_1258,0.19004153133820784,1.0315768916010144,0.18999256083182683,1.031355973983793
480,8.0,feeder2_1303,0.1904539232343252,1.038449638818431,0.19040782387336785,1.0382261465821732
480,8.0,feeder2_1138,0.19150731575364133,1.044478691354525,0.19145969645638214,1.0442535564402953
480,8.0,feeder2_1304,0.19164638354669056,1.0452916817814588,0.19159774380239175,1.0450754226767582
480,8.0,feeder2_1212,0.1927417923179097,1.055809680637611,0.19269441144482854,1.0555866208260447
480,8.0,feeder2_1311,0.19120369655112832,1.056433781795327,0.19115484455807139,1.0562122617771412
480,8.0,feeder2_1290,0.19457181378710717,1.069422556128272,0.19452166245884236,1.069204113186653
480,8.0,feeder2_1325,0.190859679863764,1.0084868565065759,0.19080484999832656,1.008214767734632
480,8.0,feeder2_1248,0.19143297405854154,1.0124240303402343,0.1913749851482637,1.0121646367859392
480,8.0,feeder2_1249,0.18575693009843094,1.0258269718381838,0.18570841619566508,1.0255856276279456
480,8.0,feeder2_1250,0.18303741843975127,1.0275104839489635,0.18298816740920631,1.0272680742235611
480,8.0,feeder2_1366,0.1930530374239958,1.0103851915597086,0.19299533324762255,1.0101285650489211
480,8.0,feeder2_1266,0.19001668035659752,1.0314686904867554,0.1899679815484335,1.0312513719849317
480,8.0,feeder2_1372,0.19351382721878882,1.0698761866101532,0.19346609822258107,1.069657803474235
480,8.0,feeder2_1363,0.19689716452652148,1.0835365466772635,0.196850881581472,1.083312167472945
480,8.0,feeder2_1446,0.19079959500375052,1.0084458806010916,0.190741540639013,1.0081742652701535
480,8.0,feeder2_1502,0.190237609397907,1.004111265132393,0.19017877423126422,1.00382688520732
480,8.0,feeder2_1428,0.1981882194599468,1.0850873481218901,0.19813925670749385,1.0848681042835489
480,8.0,feeder2_1380,0.19922112639842898,1.0982316639853213,0.19917591427947925,1.098009989637239
480,8.0,feeder2_1550,0.19916808454301851,1.0981959503603251,0.19911885785280914,1.0979791678810604
480,8.0,feeder2_1386,0.20036379164057547,1.1054279624919923,0.20031458975726088,1.1052111815672283
480,8.0,feeder2_1551,0.20051893861710318,1.1055984019735863,0.20047017092640224,1.1053791727338464
480,8.0,feeder2_1400,0.2008998595073173,1.1088102456139408,0.20085374692680635,1.1085872962117795
480,8.0,feeder2_1552,0.2010286754627274,1.1089604141742049,0.20097812059287523,1.1087422598752077
480,8.0,feeder2_1408,0.2019961505423292,1.1157383939465448,0.2019476340076144,1.1155206576956243
480,8.0,feeder2_1553,0.20230775998797504,1.1168582130913938,0.20226058445778147,1.1166367235210486
480,8.0,feeder2_1416,0.20251578565212855,1.1190716485279508,0.20247127970677462,1.1188517623329426
480,8.0,feeder2_1530,0.19942464093965903,1.1189909273337677,0.1993753534497779,1.1187727588218783
480,8.0,feeder2_1425,0.2038066442834636,1.1256401714846562,0.20376009621709107,1.1254185454212882
480,8.0,feeder2_1589,0.21206202722458267,1.1381527988443176,0.21201660806506312,1.1379345145503261
480,8.0,feeder2_1435,0.20381911407112616,1.1257411118731133,0.2037701111607658,1.1255236013892849
480,8.0,feeder2_1621,0.20372140154771523,1.1252190349563442,0.20367516054849719,1.125001774787338
480,8.0,feeder2_1564,0.20413784641842508,1.1274158381106731,0.20409288203479908,1.1271977130876023
480,8.0,feeder2_1704,0.1911749565111415,1.0029459160282104,0.19111606791044455,1.002668603455049
480,8.0,feeder2_1525,0.19003835183593554,1.0034125957585505,0.18997619771572086,1.0031298819594574
480,8.0,feeder2_1716,0.19240451169979186,1.000430804822904,0.19234560078374188,1.000146571351227
480,8.0,feeder2_1537,0.18977597769965038,1.0030832809110388,0.1897165948542675,1.002795232144031
480,8.0,feeder2_1645,0.19059329902867514,1.0046233769088864,0.19053205558808042,1.0043384159866005
480,8.0,feeder2_1561,0.18930475444505362,1.0018204035822735,0.18924546537493203,1.0015254605959891
480,8.0,feeder2_1657,0.1892571917927288,1.0017861384759845,0.1891979461028936,1.0014915882517548
480,8.0,feeder2_1570,0.18910277492643254,1.0012854450044462,0.18904400985629674,1.000990106014568
480,8.0,feeder2_1756,0.18620798270887445,1.0025236412953062,0.18614898773660632,1.0022280877228062
480,8.0,feeder2_1588,0.18895795807429824,1.0007259956516408,0.1888968323479155,1.0004288259437941
480,8.0,feeder2_1628,0.18891464053577062,1.0006958787654305,0.1888549620052857,1.0003983333787094
480,8.0,feeder2_1598,0.18877651714104401,1.0000294095942992,0.18871140949637025,0.9997351963838068
480,8.0,feeder2_1816,0.19191827512198611,0.9960689094910501,0.19185694333909595,0.9957698927797443
480,8.0,feeder2_1765,0.18877079591825235,0.9999429032656071,0.18871107792445116,0.9996446609648334
480,8.0,feeder2_1641,0.1877926930750317,0.9978488824619932,0.18773211631553924,0.9975402017184417
480,8.0,feeder2_1689,0.187397570269893,0.9965111855714841,0.18733404962635888,0.9961949815681538
480,8.0,feeder2_1744,0.18625588355609826,0.9976848143195337,0.1861896635782788,0.9973778120102146
480,8.0,feeder2_1817,0.1875709742147695,0.9974721833145156,0.18750536314921493,0.9971586326096111
480,8.0,feeder2_1779,0.18739827291725325,0.9964916480134697,0.18733340148666505,0.9961737213848583
480,8.0,feeder2_1800,0.18744598354371925,0.9965697165290083,0.1873829746413651,0.9962507514027447
480,8.0,feeder2_1818,0.1838175781898458,0.9874944708917052,0.18374166546265547,0.9871597626864959
480,8.0,feeder2_1753,0.18566199118492815,0.9972255029064159,0.1856001419322794,0.9969147812163168
480,8.0,feeder2_1754,0.18532349979991788,0.997672625834678,0.18526155542793818,0.9973616501503157
510,8.5,secondary,0.021210651604344925,0.022230001277851505,0.021216471797738452,0.02223209222241206
510,8.5,feeder2_44,0.03946816665662559,0.11592882397612245,0.03947678076238448,0.11593745198992841
510,8.5,feeder2_45,0.04005965860417286,0.1198788888342696,0.04006626471254347,0.11988889625818064
510,8.5,feeder2_46,0.04699310217347633,0.111519092403773,0.047005391499139536,0.11152755094341563
510,8.5,feeder2_51,0.041100597756914804,0.12676169291986114,0.041108195256601546,0.12677241347995014
510,8.5,feeder2_48,0.03987812318362773,0.11972327823465266,0.039887757027960484,0.11973813115636357
510,8.5,feeder2_52,0.03955903459220963,0.12874633810058003,0.03956667533763386,0.1287555190400745
510,8.5,feeder2_68,0.04410715372423792,0.14532778320112558,0.04411777923004107,0.14534315883652624
510,8.5,feeder2_69,0.04423628188289641,0.14528862622625935,0.04424870506720945,0.14530569028225207
510,8.5,feeder2_71,0.04450825951548786,0.1477861016289955,0.04452114808587871,0.14780356586573504
510,8.5,feeder2_72,0.04428520457055552,0.14759865698988128,0.04429721526991321,0.14761600576613337
510,8.5,feeder2_73,0.0457742684457073,0.15550169451582674,0.04578531725602851,0.15552436510471035
510,8.5,feeder2_74,0.043877260585097784,0.16068438615105907,0.04389061602717304,0.1607043388298398
510,8.5,feeder2_77,0.04684197393011132,0.1612811203829625,0.04685461324916153,0.1613023897383101
510,8.5,feeder2_79,0.048346837485756515,0.160561112012642,0.04835547855944259,0.1605816168345955
510,8.5,feeder2_81,0.048473142869875446,0.17061486879642385,0.04848642198790873,0.17063986538432113
510,8.5,feeder2_82,0.046321933243034366,0.16878724734726097,0.04633586902507721,0.16881050108076795
510,8.5,feeder2_116,0.05635176614620829,0.2146176044108925,0.056364006559539395,0.21465385013331736
510,8.5,feeder2_119,0.056368531967360656,0.21468474308819932,0.056383406694530264,0.21472726031179132
510,8.5,feeder2_120,0.05928567844425321,0.23088161051450085,0.05930212591939378,0.23092775695623463
510,8.5,feeder2_248,0.05932700632215049,0.23099987893665247,0.05934146090153078,0.23104521236477943
510,8.5,feeder2_124,0.06108663791073823,0.24083899953455767,0.06110087803587722,0.24088777949359286
510,8.5,feeder2_282,0.046810958117952925,0.230577665923385,0.04682294768754945,0.230629825041139
510,8.5,feeder2_275,0.060409653801556225,0.24417203299971457,0.06042849148960547,0.2442208252290295
510,8.5,feeder2_151,0.06599179311101486,0.26307121726183286,0.06601065491647379,0.26312252000840786
510,8.5,feeder2_295,0.07348051338705915,0.26028967980847567,0.07349378935419908,0.2603323246350364
510,8.5,feeder2_311,0.06606499402138624,0.26304697446706504,0.06607788387628309,0.2630935473412672
510,8.5,feeder2_201,0.07339059886180267,0.30335960340840945,0.07340987366520048,0.3034181411865823
510,8.5,feeder2_314,0.07330686095315829,0.30329568979003674,0.07332627685208364,0.3033583288776623
510,8.5,feeder2_342,0.08407337738416665,0.36092505694764,0.08409449301514607,0.36100635843739237
510,8.5,feeder2_368,0.08636484146308528,0.37159245800834545,0.0863852958694774,0.37167424564609564
510,8.5,feeder2_347,0.08544277651830402,0.36939630440092514,0.08546217433306154,0.3694791706997598
510,8.5,feeder2_353,0.08614445360337487,0.373648770333734,0.08616238534028063,0.37373820039176425
510,8.5,feeder2_518,0.08536167119398862,0.3693355032021769,0.08538221934731187,0.3694237839998406
510,8.5,feeder2_365,0.08692253308595027,0.3783133269141523,0.08694546870909037,0.37840697755212066
510,8.5,feeder2_653,0.08618073468149766,0.37375217175010056,0.08620026853992155,0.37384089394769393
510,8.5,feeder2_377,0.08727179505128721,0.3812339657440972,0.08729127005398084,0.3813245929000499
510,8.5,feeder2_622,0.08873399033084221,0.37671576500716714,0.08875510741047678,0.37680923083920714
510,8.5,feeder2_451,0.08627262819257894,0.3715231525771855,0.08629788121103653,0.3716042254643692
510,8.5,feeder2_383,0.09026980044527518,0.3889208960742575,0.0902908713985074,0.38899814922748915
510,8.5,feeder2_385,0.08751003620702467,0.38561155258666546,0.08752983775650004,0.3857126929113983
510,8.5,feeder2_621,0.09487821560759646,0.37754116775583557,0.09489523593480827,0.37762997188716535
510,8.5,feeder2_611,0.09031471403226891,0.38901192595859124,0.09033922544636483,0.38909647720528323
510,8.5,feeder2_405,0.09051966724475662,0.3899999713250183,0.09054131489409227,0.3900777041202165
510,8.5,feeder2_461,0.08846314835524649,0.4037656535456595,0.08848429411525001,0.4038870147341501
510,8.5,feeder2_594,0.08754038714411337,0.3856899689643515,0.0875635336017285,0.3857897241657844
510,8.5,feeder2_732,0.08913558425761028,0.3924040495609019,0.08916231369071982,0.39248115197344563
510,8.5,feeder2_417,0.09245038456649193,0.3975720112821358,0.0924762339237569,0.3976560948503233
510,8.5,feeder2_663,0.09501199908474965,0.3950032991950784,0.09503736195817869,0.39508172852224105
510,8.5,feeder2_444,0.09373173273990004,0.4041008271064495,0.09375631236825203,0.4041819901479202
510,8.5,feeder2_759,0.09271062262708438,0.40443930934453065,0.09273670427404769,0.4045237685067436
510,8.5,feeder2_842,0.09378007387542336,0.40407039313661863,0.09380509973218264,0.40415026931782844
510,8.5,feeder2_459,0.09421049243517653,0.4063754073818813,0.094237730991877,0.4064587433703735
510,8.5,feeder2_702,0.09231696157467956,0.4050102068670124,0.09234085021841,0.4050896765675915
510,8.5,feeder2_493,0.09625007001932803,0.4155964509328209,0.09627643290368341,0.4156802291259697
510,8.5,feeder2_651,0.08849496468300805,0.4037472730417986,0.08851666346883243,0.4038689940406222
510,8.5,feeder2_684,0.08924792009237431,0.4191042385897527,0.08927413850961803,0.41924406316793655
510,8.5,feeder2_674,0.09892238640173975,0.42227292493025576,0.09895416663434217,0.42235430076043645
510,8.5,feeder2_696,0.0968479920963969,0.4132904009887425,0.09687321049932855,0.4133693454741786
510,8.5,feeder2_681,0.10764030563633538,0.43864310467918044,0.10767398725418183,0.43872672625266057
510,8.5,feeder2_682,0.09884624485675421,0.42515685960196165,0.09887683351510557,0.4252430124064361
510,8.5,feeder2_728,0.09026228688313032,0.4242283407573559,0.09028660359569869,0.42436550058133576
510,8.5,feeder2_724,0.08788081195472189,0.4233855822838783,0.08790190776822177,0.42353706914468614
510,8.5,feeder2_703,0.09949734299269748,0.41064440862180646,0.09952511768743168,0.4107269701459299
510,8.5,feeder2_704,0.09721881370556486,0.41305394699810916,0.09724547817041794,0.4131348840743053
510,8.5,feeder2_754,0.08779302180601746,0.4233284775880307,0.08781439928375025,0.42348581749411096
510,8.5,feeder2_747,0.08733452734547294,0.4252517327842471,0.0873566455028379,0.4254118561250168
510,8.5,feeder2_828,0.0922143197478145,0.42976528646304263,0.09223928106954621,0.42990107675813743
510,8.5,feeder2_763,0.09035529096958528,0.42364865741978613,0.09037852307236625,0.42378384484442566
510,8.5,feeder2_836,0.08739815987002755,0.42520847580377025,0.08742134528473504,0.4253700928307632
510,8.5,feeder2_758,0.08686439883389892,0.4269106820362216,0.08688779191369682,0.4270781048642981
510,8.5,feeder2_788,0.0868070308536798,0.4268753055988652,0.08683155938178379,0.42704321868264244
510,8.5,feeder2_812,0.08543947118895719,0.43228339344904804,0.08546485707955763,0.4324707993406898
510,8.5,feeder2_947,0.0901743151333438,0.4235272288470528,0.09019654203709802,0.42366824206439646
510,8.5,feeder2_868,0.08972583487215594,0.4235634754408858,0.08974952824621374,0.42370700273380074
510,8.5,feeder2_785,0.09057522418462796,0.4234418936270221,0.09059917683559425,0.42358270649182994
510,8.5,feeder2_1176,0.09418560893774161,0.41975454139736934,0.09421133105914853,0.4198944467799064
510,8.5,feeder2_846,0.090433846172943,0.4244166906524986,0.09045741740270492,0.4245561151779551
510,8.5,feeder2_911,0.09054775294059314,0.42336944216306027,0.09057195110029968,0.423510839189151
510,8.5,feeder2_1107,0.08549300623920622,0.4370153004442996,0.0855157908002353,0.43720079036177995
510,8.5,feeder2_920,0.08502745053441262,0.43254022638962936,0.08505176603445301,0.4327321864655669
510,8.5,feeder2_926,0.08440820055078423,0.4329262154240146,0.08443126639423264,0.4331221087341946
510,8.5,feeder2_1239,0.08503581021328163,0.43259032016806354,0.08505975519639414,0.4327775689377132
510,8.5,feeder2_933,0.08423994476268687,0.43291581224758485,0.08425967152430874,0.4331143366254496
510,8.5,feeder2_1146,0.08391249833218935,0.4338596901394299,0.08393510513539533,0.43406431463826955
510,8.5,feeder2_1124,0.08427321156327619,0.43289154220741355,0.08429362502276071,0.4330908107823451
510,8.5,feeder2_942,0.08381334687278845,0.4329333436753127,0.08383242160175376,0.43313888699238684
510,8.5,feeder2_952,0.08313897505761153,0.4325459960857955,0.08316090415056195,0.43276777424880564
510,8.5,feeder2_965,0.08381951383061192,0.43299440650515647,0.08384098231200975,0.43320010669307824
510,8.5,feeder2_961,0.08315589939428619,0.4324786874936401,0.08317646098394993,0.4327023537091034
510,8.5,feeder2_963,0.08311976294504578,0.4325521699759132,0.08314467172808496,0.4327767513483142
510,8.5,feeder2_973,0.08318073533850703,0.4309125634155123,0.08320025750723628,0.431137405202853
510,8.5,feeder2_1128,0.08327210297931259,0.4345749196700872,0.08329301850577406,0.43479330901863317
510,8.5,feeder2_1113,0.0826500888846895,0.4330852687227074,0.08267462738340231,0.4333089762245066
510,8.5,feeder2_1143,0.08241131647723803,0.4317237179808776,0.08243545233211036,0.4319506365799801
510,8.5,feeder2_1238,0.08257269063307951,0.43227906465323856,0.08259398352904926,0.43248997293456526
510,8.5,feeder2_979,0.08384856137617358,0.4331416263040893,0.0838718397276586,0.43334945630883065
510,8.5,feeder2_1236,0.08321872275141527,0.4286153535385943,0.08324201785862062,0.4288516053134651
510,8.5,feeder2_989,0.08318076333071246,0.4309122481240315,0.08320025750723628,0.431137405202853
510,8.5,feeder2_1196,0.0841860305315428,0.4337725868690706,0.08420664234465254,0.43398192374605093
510,8.5,feeder2_1158,0.08324194502161993,0.43086516036651545,0.08326426691348329,0.4310929288580814
510,8.5,feeder2_1122,0.08550867816233865,0.4389428714647433,0.08553143450699886,0.4391293461319748
510,8.5,feeder2_1258,0.08568851603653048,0.43688109821403387,0.08571231124708824,0.4370695686117427
510,8.5,feeder2_1303,0.08500071696982861,0.4386161527613842,0.08502503446902984,0.4388040279578816
510,8.5,feeder2_1138,0.08555656717007694,0.4405918148841304,0.08557955197108569,0.4407798123319336
510,8.5,feeder2_1304,0.08557234733121802,0.440639789833363,0.08559861939050623,0.4408272168633833
510,8.5,feeder2_1212,0.08565170551415671,0.44404199091177476,0.08567651249528828,0.4442255029402157
510,8.5,feeder2_1311,0.08500174172846357,0.4445836519710971,0.08502373976375618,0.4447684421409535
510,8.5,feeder2_1290,0.08599100397385787,0.44796992529598323,0.08601425252946276,0.44815393349028276
510,8.5,feeder2_1325,0.08264707616647646,0.42873925141832414,0.08266681473766216,0.4289840190698949
510,8.5,feeder2_1248,0.08323347945519073,0.4285999132630606,0.08325695603530621,0.42883667276735016
510,8.5,feeder2_1249,0.08223269104087993,0.4320843994021668,0.08225478718232947,0.4322961978106405
510,8.5,feeder2_1250,0.08251619725889672,0.4322468268093946,0.08253758975541974,0.4324560090189669
510,8.5,feeder2_1366,0.08697339409165926,0.42466803287863925,0.08699585324767253,0.42490586257886087
510,8.5,feeder2_1266,0.0858493802108851,0.4367719784207861,0.0858714706076332,0.4369563368071097
510,8.5,feeder2_1372,0.0859388836808485,0.4479377731565062,0.08596195453202762,0.4481220815649354
510,8.5,feeder2_1363,0.08637064123065731,0.452236194101632,0.08639355168223951,0.4524218524325094
510,8.5,feeder2_1446,0.08209318801630623,0.4293992173922512,0.08211493477280926,0.4296490183208066
510,8.5,feeder2_1502,0.08234037676064229,0.428206182562504,0.08236334533927707,0.4284700474520567
510,8.5,feeder2_1428,0.08681789856301105,0.453600022636773,0.08684237142958064,0.45378637346628137
510,8.5,feeder2_1380,0.08648340096537957,0.4552559799767679,0.08650776924174067,0.4554339989203178
510,8.5,feeder2_1550,0.08601608881478538,0.4556673525133901,0.08603909974864958,0.45585292733408744
510,8.5,feeder2_1386,0.08663706954179093,0.45657537321382013,0.08665803010535766,0.4567542320950963
510,8.5,feeder2_1551,0.08668139563321557,0.45669603658715624,0.08670590708663704,0.4568811080768697
510,8.5,feeder2_1400,0.08670547099781453,0.4571761193674001,0.08673003638820732,0.45735585070725093
510,8.5,feeder2_1552,0.08675821782970684,0.45732341970489154,0.08678220135097493,0.457508255556092
510,8.5,feeder2_1408,0.08683458867716201,0.4583476379320365,0.08685581206495915,0.45852715138403366
510,8.5,feeder2_1553,0.08598373535393308,0.4594503914634086,0.08600909666576857,0.45963296973248496
510,8.5,feeder2_1416,0.08690429971139328,0.45868736650748615,0.08692618972812591,0.458868234238652
510,8.5,feeder2_1530,0.08617983196699817,0.45926743086572974,0.0862017075883547,0.4594451958213224
510,8.5,feeder2_1425,0.08719348714469112,0.4591124889841411,0.08721683056078507,0.4592914796166576
510,8.5,feeder2_1589,0.08679646677910205,0.461983893433872,0.086824233596335,0.462160478864915
510,8.5,feeder2_1435,0.08722813415850446,0.45891424049958657,0.08725167100306588,0.45909065216385586
510,8.5,feeder2_1621,0.08996580665064029,0.4565166408454235,0.08999118067227059,0.4566964961652932
510,8.5,feeder2_1564,0.08725132777006014,0.4590480065887489,0.08727525777958069,0.45922577811666765
510,8.5,feeder2_1704,0.08237145917016435,0.42818210578859106,0.08239316072916081,0.42843755602721023
510,8.5,feeder2_1525,0.08226111255114912,0.42807777135913244,0.0822858452947841,0.4283410857376241
510,8.5,feeder2_1716,0.08239425529693076,0.4279760018635297,0.08241598793232845,0.42823456838676177
510,8.5,feeder2_1537,0.08217140682443397,0.42794780527958526,0.08219635525950043,0.4282180004575667
510,8.5,feeder2_1645,0.08231401775244657,0.4285028529638755,0.08233735266068803,0.42876476392708024
510,8.5,feeder2_1561,0.08202378575232144,0.42749251512159625,0.08204660339826655,0.4277590290511896
510,8.5,feeder2_1657,0.08196779159645055,0.4274609383177509,0.08199035591474922,0.4277294963603022
510,8.5,feeder2_1570,0.08196301130137609,0.4273051661534349,0.08198731441767047,0.42757918653865995
510,8.5,feeder2_1756,0.08087726627069869,0.42851805165146795,0.08089455725387172,0.4287918602429361
510,8.5,feeder2_1588,0.08193781726453488,0.42706910431262596,0.08195903100748314,0.4273429460814925
510,8.5,feeder2_1628,0.08188752217021464,0.4270414389044525,0.08191167469025709,0.4273147039154422
510,8.5,feeder2_1598,0.08190905651059915,0.4267801615216771,0.08193087955842528,0.42705798953795937
510,8.5,feeder2_1816,0.08208866016493128,0.4266425949724195,0.08210733885257758,0.4269176865502617
510,8.5,feeder2_1765,0.0820350711428515,0.4266836973336759,0.08205809215483893,0.4269572229758967
510,8.5,feeder2_1641,0.08176181084687255,0.4254359118251002,0.08178398716271995,0.4257211692186211
510,8.5,feeder2_1689,0.08172712747381307,0.4245872304485177,0.08175226131446277,0.424880373377046
510,8.5,feeder2_1744,0.08148614061161831,0.4252746113577689,0.08150894902226737,0.42556163216302184
510,8.5,feeder2_1817,0.0817413736635062,0.42467625460670827,0.08176098510467694,0.42496461615414477
510,8.5,feeder2_1779,0.0823952100371137,0.423884238290038,0.08241756074073074,0.424179039095364
510,8.5,feeder2_1800,0.08174370949106587,0.42464483994708296,0.0817658711369103,0.42493517793409324
510,8.5,feeder2_1818,0.08108706789444226,0.4221041959156591,0.08109978397126169,0.4224130972923725
510,8.5,feeder2_1753,0.08076438242089327,0.42484820546941016,0.08078699211716212,0.42513197975018163
510,8.5,feeder2_1754,0.08145245410841423,0.425255927812246,0.08147367097084113,0.4255405374195856
540,9.0,secondary,0.015000884753337078,0.007403058604796494,0.01499121800938287,0.007393476695428802
540,9.0,feeder2_44,0.02792965085412223,0.03862947619399655,0.027916247432518797,0.03860062193337531
540,9.0,feeder2_45,0.02847230378014394,0.039727281790157686,0.028459059620216765,0.03969641164017585
540,9.0,feeder2_46,0.025699939271356186,0.04041777572828525,0.025687019526783227,0.04038712919254148
540,9.0,feeder2_51,0.029410377825390077,0.041612392083105534,0.029394412812212042,0.04158413698576252
540,9.0,feeder2_48,0.028615426814959048,0.03993658326045289,0.028600100411034696,0.039908186701568496
540,9.0,feeder2_52,0.03238530585548668,0.03817026558180755,0.032366060189517695,0.03814251982793396
540,9.0,feeder2_68,0.031913945735192795,0.04823856036943429,0.03189689250828368,0.048205083898809085
540,9.0,feeder2_69,0.01768192549988836,0.053015766040587456,0.017684388725299156,0.05293952444458313
540,9.0,feeder2_71,0.03261098774740464,0.050511644264119734,0.03258991494531601,0.050479422131817574
540,9.0,feeder2_72,0.08725136005640813,0.11675053021289084,0.08722914252735409,0.1167227726035814
540,9.0,feeder2_73,0.03319977655940066,0.05042556420147131,0.03318717814492681,0.050404286314734655
540,9.0,feeder2_74,0.033573081210153996,0.04991059871985491,0.03355369801733258,0.04989547411447141
540,9.0,feeder2_77,0.033752267397365115,0.0513252395280953,0.033735773000617544,0.05131599806351388
540,9.0,feeder2_79,0.020195521055393857,0.0422324627060149,0.02017795174432422,0.0421997851997916
540,9.0,feeder2_81,0.035588831973169,0.059382503522468814,0.03557244238432986,0.05939352051049533
540,9.0,feeder2_82,0.03563181437139437,0.05944162344544234,0.035617206886866815,0.05945259037841972
540,9.0,feeder2_116,0.0451665584954452,0.11444006710482134,0.04514971904883317,0.11450478652132572
540,9.0,feeder2_119,0.04520104991353102,0.11447109575076994,0.04518564588376001,0.11453836594318731
540,9.0,feeder2_120,0.04909953834700178,0.13764623150515978,0.0490803421754023,0.13772628672422127
540,9.0,feeder2_248,0.05102848104489162,0.13690969592650837,0.05101329137173412,0.13698643336235666
540,9.0,feeder2_124,0.051441925158198454,0.15240250642530823,0.05142811906282469,0.15248516063704817
540,9.0,feeder2_282,0.05248523384018109,0.1545835117191536,0.0524677752156873,0.15466496921131045
540,9.0,feeder2_275,0.06196965682195916,0.16139739640802117,0.061958480482789284,0.16149133794607126
540,9.0,feeder2_151,0.05492882268641662,0.17077025143434643,0.05491535243961037,0.17085773277454797
540,9.0,feeder2_295,0.052591057682535795,0.1682311886805023,0.05257751995332996,0.16831962714575582
540,9.0,feeder2_311,0.05481615285479732,0.1706526375236438,0.05479991252609316,0.17074272915170552
540,9.0,feeder2_201,0.06154633737725651,0.20529743735802783,0.06153086366154953,0.20539850504323523
540,9.0,feeder2_314,0.06037883598224681,0.20755166416958404,0.06036439615110387,0.20764911226729454
540,9.0,feeder2_342,0.07104786280252362,0.24972320437464238,0.0710322748139143,0.24983706515241108
540,9.0,feeder2_368,0.07095695082942578,0.25135987758582495,0.07094089275743,0.2514749624986023
540,9.0,feeder2_347,0.07602353866592197,0.26849960971260367,0.07600708613678628,0.26861684620264836
540,9.0,feeder2_353,0.07849257630393937,0.277850292118461,0.07847778832911487,0.27796941866172253
540,9.0,feeder2_518,0.07605514429636569,0.26853331184849993,0.07604216117651451,0.26864655212031197
540,9.0,feeder2_365,0.08121482361595186,0.2879091333882956,0.08119838017492852,0.28802812842785547
540,9.0,feeder2_653,0.0790786722120043,0.27840755630533964,0.07905926513743226,0.2785313903677358
540,9.0,feeder2_377,0.08269503031116482,0.29338893379272757,0.08267811489837157,0.29351302532453805
540,9.0,feeder2_622,0.08117892658361839,0.28787114565219435,0.08116178907300828,0.28799125513539836
540,9.0,feeder2_451,0.07099290263629246,0.25139515763871895,0.0709733263934796,0.25151090880686394
540,9.0,feeder2_383,0.0708058120028185,0.25404711702658905,0.07078856558082486,0.2541648645276412
540,9.0,feeder2_385,0.08458689773721557,0.3006233789066519,0.0845701824546781,0.3007475030437265
540,9.0,feeder2_621,0.08027102285205535,0.29070922380012804,0.08025377260246373,0.29083397765158064
540,9.0,feeder2_611,0.07137315157415694,0.25462323089919814,0.07136081856220598,0.25473863442469225
540,9.0,feeder2_405,0.0707920952521401,0.2541844409521312,0.07077426861299799,0.25430285423748766
540,9.0,feeder2_461,0.09183165971427215,0.33073023001296,0.09181464126448269,0.3308562629858545
540,9.0,feeder2_594,0.08584092816325319,0.3001463108447662,0.08582541583784598,0.30027079185233785
540,9.0,feeder2_732,0.07267491505364584,0.2536276869651308,0.07266305104873717,0.25374397697705453
540,9.0,feeder2_417,0.07057574426040512,0.25531158025077483,0.07056221028356373,0.25542873669205185
540,9.0,feeder2_663,0.07048469450057605,0.25521614557303496,0.07047213702614817,0.25533225718799984
540,9.0,feeder2_444,0.07042031422930929,0.2562021066798868,0.07040752758239989,0.2563195462843164
540,9.0,feeder2_759,0.06904272906524943,0.2586660260361944,0.06902217517946216,0.2587891057037314
540,9.0,feeder2_842,0.07032956064713296,0.2561056516198792,0.07031379823934024,0.25622492382165013
540,9.0,feeder2_459,0.07038033434129917,0.2563673281523654,0.07036765777277317,0.2564859080002314
540,9.0,feeder2_702,0.06900184626408848,0.26009347752633655,0.06898539181964385,0.2602138040755401
540,9.0,feeder2_493,0.07025722029223408,0.25560716680066287,0.07024639275187301,0.25572321750506305
540,9.0,feeder2_651,0.09133722548770674,0.3299688009802661,0.0913204119084248,0.3300982803586134
540,9.0,feeder2_684,0.09797055114874717,0.3562740613960952,0.09795427320144177,0.35640596375681965
540,9.0,feeder2_674,0.07199768067153574,0.25658834814090037,0.07198661860143095,0.25670798173556764
540,9.0,feeder2_696,0.06836570433574901,0.24845658866134707,0.06835432371413275,0.24857272388384877
540,9.0,feeder2_681,0.07644545220303767,0.2589422984492268,0.07643541161703203,0.25906210555064446
540,9.0,feeder2_682,0.0725964838081376,0.2571931715648772,0.07257945302193387,0.2573173325233278
540,9.0,feeder2_728,0.09990990706164196,0.36324032282228125,0.09989345128946642,0.36337485762734223
540,9.0,feeder2_724,0.1010516063860238,0.3664185478792601,0.1010331061941341,0.366553030488629
540,9.0,feeder2_703,0.0676052055152247,0.2476469992045111,0.0675940149582447,0.24776256411630718
540,9.0,feeder2_704,0.0665071852046032,0.24606772851550315,0.06649250747358494,0.24618591371299964
540,9.0,feeder2_754,0.10108645774398939,0.366462067811153,0.10106639832411629,0.36659693390342146
540,9.0,feeder2_747,0.10230655335070767,0.3705747584546586,0.10228490927877824,0.37071236241939476
540,9.0,feeder2_828,0.10088616003179934,0.36374559717072136,0.10086831726603071,0.36388051737569116
540,9.0,feeder2_763,0.1024973732431999,0.372633979881432,0.10248039490545265,0.3727669846380244
540,9.0,feeder2_836,0.10220439304714705,0.37046689379927444,0.10217922320870854,0.3706058239875978
540,9.0,feeder2_758,0.10339776981511467,0.3742128106911329,0.10337359717532751,0.3743524305356295
540,9.0,feeder2_788,0.10262928352429432,0.37565632454754666,0.10260993222102877,0.37579159985247224
540,9.0,feeder2_812,0.10678799301937503,0.38365726850855214,0.10676285800013552,0.38379839846549385
540,9.0,feeder2_947,0.10256671584658096,0.3727191515657266,0.10255444542346623,0.37284858779814634
540,9.0,feeder2_868,0.10461375745593482,0.3772087015875019,0.1045979355978544,0.37733502164343147
540,9.0,feeder2_785,0.10321047162675327,0.3755030133044053,0.10319776174288264,0.37563731432505454
540,9.0,feeder2_1176,0.10300419062774208,0.3752852679281422,0.10298867785499262,0.3754197911178494
540,9.0,feeder2_846,0.11041722028741299,0.38008741184920886,0.11040194318738888,0.3802300974142396
540,9.0,feeder2_911,0.10322875044397864,0.3755408874708292,0.10321348259090068,0.3756762053984948
540,9.0,feeder2_1107,0.11155370630165234,0.39867849358457164,0.11153170985158257,0.3988142718359038
540,9.0,feeder2_920,0.10642642895992102,0.38217916158533854,0.10640402832827606,0.3823219314008374
540,9.0,feeder2_926,0.10576940593280486,0.38021208307776405,0.10575062898105024,0.3803523495507093
540,9.0,feeder2_1239,0.10656628661406356,0.38190777705038437,0.10654342527347249,0.3820516086090841
540,9.0,feeder2_933,0.10547442045332783,0.37933372541572064,0.10545419601960761,0.37947629224916657
540,9.0,feeder2_1146,0.10578896704335171,0.38025940420479254,0.10576633034031213,0.38040416349862827
540,9.0,feeder2_1124,0.1054200507837903,0.3792766329249243,0.10539729326309148,0.3794200354803171
540,9.0,feeder2_942,0.10473775771031324,0.3771696878484357,0.10471604514112932,0.37731385031937165
540,9.0,feeder2_952,0.10313229413845973,0.3747546328265594,0.10311117535237553,0.3749004692815616
540,9.0,feeder2_965,0.104805082005484,0.3770734724766324,0.10477890051822308,0.37721988297511244
540,9.0,feeder2_961,0.10295748884107409,0.3743947233779251,0.10293798515096451,0.37454019847481984
540,9.0,feeder2_963,0.10313260313623382,0.3747766245944222,0.10310912812230816,0.37492353173870235
540,9.0,feeder2_973,0.10201841632199754,0.3722632745887855,0.1019950327650959,0.3724100785160053
540,9.0,feeder2_1128,0.10297421665707905,0.37479419842097894,0.10295160511558797,0.37493810855682835
540,9.0,feeder2_1113,0.10315190639735344,0.37480174133743366,0.10312944829998667,0.3749474007767424
540,9.0,feeder2_1143,0.1031295904460188,0.376246967699444,0.10310657376011487,0.3763924047960869
540,9.0,feeder2_1238,0.10512467609091743,0.37756545097370464,0.1051071535250795,0.3777087196784779
540,9.0,feeder2_979,0.10488099748680174,0.37691351035297155,0.10485854580052968,0.37706014084147416
540,9.0,feeder2_1236,0.10082407461038709,0.3698290147938537,0.1008062972234667,0.36997278177205195
540,9.0,feeder2_989,0.10201653865037105,0.37225680826034613,0.10198881585793296,0.37240520336181054
540,9.0,feeder2_1196,0.1064856707924128,0.37611818901281086,0.10646705234853036,0.37626256119357526
540,9.0,feeder2_1158,0.10143752272085917,0.3715518351637292,0.10142140578721312,0.3716945198761556
540,9.0,feeder2_1122,0.1134596281513972,0.40477876353134407,0.113440877782857,0.4049144263727918
540,9.0,feeder2_1258,0.11126961386374806,0.398378689513622,0.11124583285339937,0.3985190506471867
540,9.0,feeder2_1303,0.11361175948505059,0.4050290087333026,0.11359070639400458,0.4051649988299963
540,9.0,feeder2_1138,0.11493753949244352,0.409513502393562,0.11491784566842583,0.4096461292225439
540,9.0,feeder2_1304,0.11496551846125636,0.409535384306302,0.1149452185821851,0.4096718428924337
540,9.0,feeder2_1212,0.11806720915716055,0.4195183291182261,0.11804102476163261,0.4196586848517305
540,9.0,feeder2_1311,0.11734242817734805,0.4210459001728355,0.11731682026160473,0.42118417462748153
540,9.0,feeder2_1290,0.12193615462081206,0.43064083032562883,0.12191209503559129,0.4307763182844926
540,9.0,feeder2_1325,0.09963038946156456,0.36835502409122967,0.09960401858988696,0.36850429535353646
540,9.0,feeder2_1248,0.10081687708652917,0.36982101793606686,0.10079777286522869,0.3699637611563212
540,9.0,feeder2_1249,0.10513518997679655,0.37758018317146436,0.10511233094663854,0.3777250039611773
540,9.0,feeder2_1250,0.10532673279691537,0.3778756519966897,0.10530960361215201,0.37801757731432634
540,9.0,feeder2_1366,0.09950958633475368,0.36832297863279007,0.09948646705392554,0.36846848816437017
540,9.0,feeder2_1266,0.11104311722466265,0.3981393225912019,0.11102435320268528,0.39827275469759393
540,9.0,feeder2_1372,0.12568749427085174,0.4365615029417578,0.125663729998764,0.4366901896627359
540,9.0,feeder2_1363,0.12377899317726597,0.43550210266654865,0.1237547604267368,0.43564143168112995
540,9.0,feeder2_1446,0.09916744323874171,0.3692867748677092,0.09914528723815341,0.3694334410922994
540,9.0,feeder2_1502,0.0982946035411261,0.36553010508190675,0.09827389291082414,0.36567919104675334
540,9.0,feeder2_1428,0.1295456240304979,0.43640881196475995,0.12952102407331126,0.4365524168867917
540,9.0,feeder2_1380,0.12492562664641947,0.43920167734363014,0.12490273638687416,0.4393413466550666
540,9.0,feeder2_1550,0.12367576803748186,0.4427583708548284,0.12364921228466763,0.4428992434213525
540,9.0,feeder2_1386,0.12542842554648867,0.4392609330973103,0.12540666516385127,0.43940022582229
540,9.0,feeder2_1551,0.1283855982900713,0.4378468524701268,0.1283588485280583,0.4379900597170353
540,9.0,feeder2_1400,0.12553527637349363,0.4395616677140064,0.12551598453712545,0.43970107704894595
540,9.0,feeder2_1552,0.12740625836452862,0.43872112631108284,0.12738173893899363,0.43886372305421956
540,9.0,feeder2_1408,0.12557401217880867,0.44053991714409646,0.12554714892232516,0.44068178994245194
540,9.0,feeder2_1553,0.12564583885024985,0.44060972144282,0.1256226715778456,0.440749761083717
540,9.0,feeder2_1416,0.1255939433049493,0.44103304672570653,0.12557080849258692,0.44117409908264726
540,9.0,feeder2_1530,0.1254749440272696,0.443708684693596,0.12544982458429474,0.44384816318846265
540,9.0,feeder2_1425,0.12547369858493712,0.4406539438964159,0.12544792669866603,0.44079360655461286
540,9.0,feeder2_1589,0.1255198934337693,0.4406883989144527,0.12549607858632375,0.44083031158033287
540,9.0,feeder2_1435,0.12544928264820576,0.4405738141514984,0.12542895882718427,0.44071020513200504
540,9.0,feeder2_1621,0.12477126797494739,0.4397659227934498,0.12474744533690622,0.43990820024484
540,9.0,feeder2_1564,0.12545095969953346,0.4406543557193893,0.12542793804186644,0.44079152988331405
540,9.0,feeder2_1704,0.0978074249312581,0.36496532571932294,0.09778707151507939,0.3651144780173851
540,9.0,feeder2_1525,0.0980265620909176,0.3650527689392551,0.09800062299450811,0.3652043515374342
540,9.0,feeder2_1716,0.09461138288741479,0.3613803698451273,0.09458590857260854,0.3615322798335175
540,9.0,feeder2_1537,0.09785717808934646,0.36510784514325756,0.09783008576632907,0.3652616355301635
540,9.0,feeder2_1645,0.09837709566713952,0.36542444902188936,0.09835447955493372,0.36557770393899
540,9.0,feeder2_1561,0.09764846555571373,0.3649586090531031,0.09762171646283216,0.3651122655688411
540,9.0,feeder2_1657,0.09787905630468971,0.36529260357062504,0.097856653372184,0.36544200221137807
540,9.0,feeder2_1570,0.09753400113092363,0.3648252164836432,0.0975157276216048,0.36497408927586994
540,9.0,feeder2_1756,0.09611381514696594,0.367745470846096,0.09608597815476465,0.3679024922913808
540,9.0,feeder2_1588,0.09742767843589993,0.36451502572561867,0.09739999552803691,0.36467090992784856
540,9.0,feeder2_1628,0.09701923483543749,0.36532683111167125,0.09699127936517463,0.3654819057909861
540,9.0,feeder2_1598,0.09729472845018478,0.3638905526682605,0.09726530854394959,0.36404737360265277
540,9.0,feeder2_1816,0.09597270871609355,0.36250608126334044,0.09594718035459208,0.3626615871000649
540,9.0,feeder2_1765,0.09710265022548406,0.36368908619373774,0.0970826897542707,0.3638413003942717
540,9.0,feeder2_1641,0.09673959471064589,0.361349818729495,0.09671338687919478,0.361506713374856
540,9.0,feeder2_1689,0.09620249703703235,0.35898256739106404,0.09617738013356704,0.3591412287241234
540,9.0,feeder2_1744,0.09682670149699778,0.36150172596476476,0.0968016755492232,0.3616561936276914
540,9.0,feeder2_1817,0.09620436272402538,0.3590289579488205,0.0961839520535615,0.35918799664514994
540,9.0,feeder2_1779,0.0949290070574822,0.357572038103534,0.09490492666305717,0.3577294157559735
540,9.0,feeder2_1800,0.09739467887812295,0.3583287826870954,0.09737437753864876,0.3584876280261191
540,9.0,feeder2_1818,0.09368841086346875,0.35633805493130005,0.0936693249038443,0.3565009768162752
540,9.0,feeder2_1753,0.09704082042158443,0.36189222391708414,0.0970176255666782,0.36204768128120374
540,9.0,feeder2_1754,0.09684092536972254,0.3615219844380585,0.09681925113395064,0.36167361377999047
570,9.5,secondary,0.01688309716377344,0.04488248586754022,0.01687348952486929,0.044877833286147424
570,9.5,feeder2_44,0.031457597482732136,0.23437394693851987,0.031438572765381874,0.2343471068136772
570,9.5,feeder2_45,0.032059595745720454,0.24188337590743195,0.03204230504946016,0.24185790279433664
570,9.5,feeder2_46,0.02996446204347956,0.23289610720534673,0.029941839374485815,0.23287183858218902
570,9.5,feeder2_51,0.03310015136418185,0.2544358382424913,0.03307866250314315,0.25441012911784505
570,9.5,feeder2_48,0.030761777376404842,0.24515055096741858,0.03074251133705752,0.245126641829719
570,9.5,feeder2_52,0.03321376355769658,0.2545313977712123,0.03318981866889058,0.2545058905509112
570,9.5,feeder2_68,0.036039514052468524,0.28982234019096015,0.036016530359566194,0.2897940176463232
570,9.5,feeder2_69,0.011723033449574883,0.23957131095531595,0.01174657062170761,0.23954072909654547
570,9.5,feeder2_71,0.03691233540816841,0.29712062750008716,0.03688962234968224,0.2970916407064829
570,9.5,feeder2_72,0.0846418759624204,0.34363030177499143,0.08462041884084628,0.34358868772008017
570,9.5,feeder2_73,0.03825524491821314,0.3157495228928971,0.03822634273857868,0.3157226260174362
570,9.5,feeder2_74,0.05406897398668987,0.3255572677238064,0.054045952674953504,0.32553518417290517
570,9.5,feeder2_77,0.039360884213162466,0.33009101335975344,0.03933337770783164,0.33006236682429024
570,9.5,feeder2_79,0.037159896456188175,0.3277003650586715,0.03713671159771947,0.327672348104955
570,9.5,feeder2_81,0.0412992447055546,0.3537990812886232,0.04127248302584691,0.3537686964210151
570,9.5,feeder2_82,0.040322714883644216,0.35589929903633827,0.040297634926539275,0.3558688297918908
570,9.5,feeder2_116,0.05011373072467384,0.45915470029794314,0.05008234205961294,0.4591214319367022
570,9.5,feeder2_119,0.053389563208709356,0.4593372114044499,0.053359554596639006,0.4593058283718299
570,9.5,feeder2_120,0.05315534212625611,0.49816974068051967,0.05312216878466707,0.49813986799134735
570,9.5,feeder2_248,0.05798570973626864,0.5020342512956222,0.0579503823594562,0.5020074736392399
570,9.5,feeder2_124,0.0549173686916349,0.5204387940115576,0.0548859787522423,0.5204028680866626
570,9.5,feeder2_282,0.0558013608075191,0.5216539085293798,0.05576720090511408,0.5216187328466129
570,9.5,feeder2_275,0.06284760645831806,0.526493351996147,0.06280947151745198,0.5264679512291376
570,9.5,feeder2_151,0.05745664976210174,0.5541566345474123,0.05741689330593297,0.5541210124725984
570,9.5,feeder2_295,0.05582617012991839,0.5524376015370304,0.05578924139958548,0.5524001049800747
570,9.5,feeder2_311,0.057343871673326635,0.5540389744653627,0.05730118506148187,0.5540058308163441
570,9.5,feeder2_201,0.062302780145007064,0.6130154940696351,0.06226040010450729,0.6129715409033699
570,9.5,feeder2_314,0.061254437808640094,0.6152875180142857,0.06121571399056476,0.6152415491518763
570,9.5,feeder2_342,0.06927455108551347,0.6919807945833888,0.06922864821333155,0.6919265482063937
570,9.5,feeder2_368,0.06956400529427369,0.6957709907225158,0.0695169823869599,0.6957192703243533
570,9.5,feeder2_347,0.07270825963524798,0.7237603786997256,0.07265485400450669,0.723701737862244
570,9.5,feeder2_353,0.07444476325594393,0.7396290640976986,0.07439501925061284,0.7395611737128595
570,9.5,feeder2_518,0.07275298211183726,0.7237985123583649,0.07270537000299901,0.7237392378829618
570,9.5,feeder2_365,0.07639683943971,0.7570547298443524,0.07634248936243267,0.7569854919308836
570,9.5,feeder2_653,0.07481656175754092,0.7400035511232417,0.07477009127847199,0.7399349821400611
570,9.5,feeder2_377,0.07747038321530744,0.7665501144681706,0.07742074410178142,0.7664770775810001
570,9.5,feeder2_622,0.07636037719813077,0.7570167360739215,0.07630747110890101,0.7569507001011619
570,9.5,feeder2_451,0.06961068685536824,0.695811490409678,0.06956476546746938,0.6957586058405919
570,9.5,feeder2_383,0.07005750600189033,0.7019626310349896,0.07001392744481807,0.7019102359982066
570,9.5,feeder2_385,0.07882591988144386,0.7781241716845164,0.0787725098910251,0.7780504841434688
570,9.5,feeder2_621,0.07572547161997326,0.7647334100924431,0.07567949771185448,0.764656465015666
570,9.5,feeder2_611,0.07200386729816403,0.7020582189679576,0.07196243075580562,0.7020067589104929
570,9.5,feeder2_405,0.07006664249310908,0.7023390514187539,0.07002224034522915,0.7022883349570874
570,9.5,feeder2_461,0.08453596869628564,0.8208697275326733,0.08448626424667945,0.8207753317413161
570,9.5,feeder2_594,0.08115316403118099,0.7804110297305382,0.08110245537028293,0.7803347153850532
570,9.5,feeder2_732,0.07015408031459405,0.702430404466267,0.0701129034140863,0.7023778310505481
570,9.5,feeder2_417,0.0701370562529147,0.7051605900172925,0.0700950193275873,0.7051091987709565
570,9.5,feeder2_663,0.06973951912286819,0.7047433208273266,0.06969106129290324,0.7046980120844352
570,9.5,feeder2_444,0.07022999488881188,0.7074427076521599,0.07018880347687274,0.707392296253044
570,9.5,feeder2_759,0.0703031685115401,0.7075129368272748,0.0702586662678886,0.7074661551031872
570,9.5,feeder2_842,0.06855883589884562,0.7056922200371697,0.06850998949421057,0.7056471393265664
570,9.5,feeder2_459,0.07028895946485278,0.7083416026453917,0.07024230412230258,0.7082939384756949
570,9.5,feeder2_702,0.0693968626133006,0.7123784390158405,0.06935356003949385,0.7123297228634511
570,9.5,feeder2_493,0.07048086929815359,0.7102484017561348,0.07043918343073298,0.710197416297791
570,9.5,feeder2_651,0.08448501757110906,0.8208163090783704,0.08443400000082935,0.8207234871291491
570,9.5,feeder2_684,0.08938497461591062,0.8561124460618599,0.08933030569282374,0.8560074196840538
570,9.5,feeder2_674,0.0725184143861625,0.7119862040725247,0.0724761846141889,0.711936102413029
570,9.5,feeder2_696,0.06966508788008068,0.7072498366238896,0.06962313244405464,0.7071989633531743
570,9.5,feeder2_681,0.07255985841910899,0.7120291313711207,0.07252002391578403,0.7119817630088497
570,9.5,feeder2_682,0.08159177683621434,0.7192197267869335,0.08155100107337866,0.7191746998672209
570,9.5,feeder2_728,0.08972488979696212,0.8584045096866219,0.08966824298125303,0.8583033856318247
570,9.5,feeder2_724,0.09391490649482,0.8872715810485308,0.0938589296438455,0.8871548222148723
570,9.5,feeder2_703,0.06888809133429603,0.7064358520803854,0.06884249303108413,0.7063885964829791
570,9.5,feeder2_704,0.06883990655002617,0.7063550759008658,0.0687934131954449,0.7063107057343352
570,9.5,feeder2_754,0.09362552831785938,0.8887405861077694,0.09356298878374192,0.8886285165797011
570,9.5,feeder2_747,0.0957525890817196,0.8993301437841735,0.09569463186494331,0.8992075120197257
570,9.5,feeder2_828,0.09006712756947749,0.8588036290559212,0.09001015391896343,0.8587022940516
570,9.5,feeder2_763,0.09020160387623102,0.8611035638753501,0.09014625118930597,0.8610032770408396
570,9.5,feeder2_836,0.09370950292148071,0.8978665257160351,0.09365083318682686,0.8977419616197289
570,9.5,feeder2_758,0.09762019959149158,0.9105112625836729,0.09756274070954546,0.91038289442761
570,9.5,feeder2_788,0.09703726979175456,0.9133861582064122,0.09698178998101786,0.9132596195879343
570,9.5,feeder2_812,0.1031997932580353,0.9414483046567508,0.10314018106381952,0.9413056763111504
570,9.5,feeder2_947,0.09032609506187379,0.8612008246667138,0.0902684610592793,0.8610989653719974
570,9.5,feeder2_868,0.0906549633417714,0.8624896655600511,0.09060248035313674,0.8623843868498473
570,9.5,feeder2_785,0.0902937426323761,0.8617897629254703,0.09023841549634325,0.8616851284483158
570,9.5,feeder2_1176,0.08909305423480958,0.8605333459831542,0.08904033664701594,0.8604286697451076
570,9.5,feeder2_846,0.0917097026879631,0.8619407846029018,0.09165808347399346,0.861836756184412
570,9.5,feeder2_911,0.09032972258774896,0.8635003102229986,0.09027659981544808,0.8633964519257565
570,9.5,feeder2_1107,0.11024669140311744,0.9703988849922314,0.11018279249460847,0.970252273097664
570,9.5,feeder2_920,0.10284658956438349,0.9422670591581099,0.1027819887104723,0.9421300964792227
570,9.5,feeder2_926,0.1023240488796053,0.9434812212821237,0.10226013480188084,0.9433376839311336
570,9.5,feeder2_1239,0.1028436742690317,0.9422934768586718,0.10278086636855617,0.9421523199104859
570,9.5,feeder2_933,0.10208819185299838,0.9440137514296475,0.10202245770149387,0.943873444968509
570,9.5,feeder2_1146,0.10234770803228632,0.9435343880378273,0.10228513618359356,0.943392611529986
570,9.5,feeder2_1124,0.10203571416328192,0.9439567936706167,0.10196887423424385,0.9438179883212116
570,9.5,feeder2_942,0.10150004817542796,0.9454324590590995,0.1014322824326572,0.9452902550840261
570,9.5,feeder2_952,0.10001447695729264,0.9472205330676979,0.09994460573733517,0.947073510241014
570,9.5,feeder2_965,0.10158059671096405,0.9454765976009841,0.10151454473507295,0.9453311569798774
570,9.5,feeder2_961,0.099844535052549,0.9473123701155806,0.09977865703723252,0.9471619835067384
570,9.5,feeder2_963,0.10001655568981711,0.9472426825750564,0.09994723544651353,0.9470938033351874
570,9.5,feeder2_973,0.09918262669788164,0.9449780488583218,0.09911399952164594,0.944823513559332
570,9.5,feeder2_1128,0.09945446228676968,0.9522472230292461,0.09938692707850258,0.9521002002303417
570,9.5,feeder2_1113,0.10005094023536726,0.9472690872022654,0.09998323689726957,0.9471200586222815
570,9.5,feeder2_1143,0.10013169674463,0.948720817266203,0.10006634986990119,0.9485698469048673
570,9.5,feeder2_1238,0.10236482753165782,0.9487669475153824,0.10230040692650597,0.9486187500980224
570,9.5,feeder2_979,0.10164451801483639,0.9452778238668849,0.10157433959419215,0.9451369225230245
570,9.5,feeder2_1236,0.0982846556510712,0.9420148112891675,0.09821257010606628,0.9418577327695175
570,9.5,feeder2_989,0.09918191158246129,0.9449733930518227,0.09911113352144386,0.9448208989964723
570,9.5,feeder2_1196,0.10337633576826377,0.9443107526216011,0.10330761428042809,0.9441717021500209
570,9.5,feeder2_1158,0.09863840110765473,0.9443994403913438,0.09857144930408268,0.9442470588494869
570,9.5,feeder2_1122,0.11345930195718408,0.9835171633388138,0.11339668401622112,0.9833700074996617
570,9.5,feeder2_1258,0.10789785891296665,0.9685215441784045,0.10783830237023825,0.9683737731626039
570,9.5,feeder2_1303,0.11458447107300868,0.9863027851631558,0.11452267734217167,0.9861529401475663
570,9.5,feeder2_1138,0.11581912986932479,0.992972283582883,0.11575352894725918,0.9928233061160849
570,9.5,feeder2_1304,0.1175178945739825,0.9926736044435376,0.11745718681234847,0.9925249881136722
570,9.5,feeder2_1212,0.12075069141436956,1.0131934334327304,0.12068882194450486,1.013039365262135
570,9.5,feeder2_1311,0.12084166432345944,1.013271674470432,0.1207831823768382,1.0131172384897749
570,9.5,feeder2_1290,0.12687068071919372,1.038405143552445,0.12680761856827621,1.0382459230196512
570,9.5,feeder2_1325,0.09744599391755762,0.9404302285184084,0.09737025902960075,0.9402671837449399
570,9.5,feeder2_1248,0.09827387930889883,0.9420034163649563,0.09820057865318658,0.9418456513853639
570,9.5,feeder2_1249,0.10238456714827403,0.9487828178003258,0.10231401925549427,0.9486423171118477
570,9.5,feeder2_1250,0.10292951522547383,0.9510359044500238,0.10286644232713922,0.9508892552101682
570,9.5,feeder2_1366,0.09699016708993043,0.940664011789182,0.09691588402334565,0.9405067926131185
570,9.5,feeder2_1266,0.10631536000189003,0.9671245299882166,0.10625345508753171,0.9669771538340536
570,9.5,feeder2_1372,0.12742785792936062,1.0387992321984953,0.12736176575998776,1.0386422134067514
570,9.5,feeder2_1363,0.13327927401566686,1.0652850363015849,0.1332167794621412,1.0651208828993268
570,9.5,feeder2_1446,0.09749845649653305,0.9404726644533676,0.09742714683993928,0.9403019326712238
570,9.5,feeder2_1502,0.09650199497891786,0.9386214423031503,0.09642696522685848,0.938445277043669
570,9.5,feeder2_1428,0.1335329674001629,1.0653777794775885,0.13347002826972532,1.0652169722115448
570,9.5,feeder2_1380,0.14116251116432435,1.098080050224155,0.14110487624650422,1.0979083075280327
570,9.5,feeder2_1550,0.14261553227778592,1.09902224390476,0.1425568859791121,1.098848862549916
570,9.5,feeder2_1386,0.1448535532120008,1.113836065304439,0.14479438754339463,1.1136615952682065
570,9.5,feeder2_1551,0.1475170556124189,1.111921480126044,0.1474558143938884,1.1117512692756266
570,9.5,feeder2_1400,0.1465317530532493,1.1217504963065776,0.14647174254910936,1.1215779297116943
570,9.5,feeder2_1552,0.14667223951337707,1.1219762998499467,0.1466157928767227,1.121801091495546
570,9.5,feeder2_1408,0.15005379183239487,1.138063471659546,0.14999062301199312,1.1378887999063747
570,9.5,feeder2_1553,0.15006314403712606,1.138109328728037,0.15000514746678117,1.1379329530397118
570,9.5,feeder2_1416,0.15189797124881976,1.1465843653206973,0.15183883348040758,1.1464034832317676
570,9.5,feeder2_1530,0.1742647760827359,1.1800549546232963,0.17421261822157094,1.1798711487100604
570,9.5,feeder2_1425,0.15174908130974776,1.1463005416743806,0.15168855231469272,1.146123893848327
570,9.5,feeder2_1589,0.1517601306368605,1.1463203362225347,0.1517034322450443,1.1461397011595058
570,9.5,feeder2_1435,0.15171969111513703,1.1462409529126243,0.1516629759346057,1.1460606077121342
570,9.5,feeder2_1621,0.1505287234774552,1.1456890311255936,0.15047178370541264,1.1455110189260587
570,9.5,feeder2_1564,0.1517067514986168,1.1462972835476501,0.15164865069101127,1.146119065581425
570,9.5,feeder2_1704,0.09482272474712947,0.9375380702061306,0.09474373365861052,0.9373655223349396
570,9.5,feeder2_1525,0.0964396253289613,0.9386308414848719,0.09636078467072448,0.9384549684265464
570,9.5,feeder2_1716,0.0917380017910516,0.9351155158138016,0.09165813508892408,0.9349385988900036
570,9.5,feeder2_1537,0.09655565937875223,0.9392477185304899,0.09647627626044918,0.9390727021047273
570,9.5,feeder2_1645,0.09739334012265906,0.9391354426018597,0.09731132880305324,0.938961218350141
570,9.5,feeder2_1561,0.09665625219969799,0.9399509394153339,0.09657226675401033,0.9397727922296715
570,9.5,feeder2_1657,0.09704722974302925,0.9412652032072959,0.09696795903611116,0.9410827108389065
570,9.5,feeder2_1570,0.0966480721404977,0.9399506624050943,0.0965716585333038,0.9397623604291829
570,9.5,feeder2_1756,0.09681768284093178,0.9400862778797099,0.09673622870195481,0.9399054290807605
570,9.5,feeder2_1588,0.09663778653223244,0.9399430015207707,0.0965613306688279,0.9397566250457047
570,9.5,feeder2_1628,0.09667742596546924,0.9399733104073191,0.0966014060413226,0.9397854419449353
570,9.5,feeder2_1598,0.09662220742663334,0.939925918015406,0.09654389428283604,0.9397414743488273
570,9.5,feeder2_1816,0.09299044123081604,0.9359799069460648,0.09290979486806851,0.9357941197837196
570,9.5,feeder2_1765,0.09643913270921577,0.9397244546524587,0.09635935208286599,0.9395393111507216
570,9.5,feeder2_1641,0.09673735827132911,0.9411602906065918,0.09665473504544407,0.9409695358544875
570,9.5,feeder2_1689,0.09634715994342931,0.9389859702036216,0.0962644567207234,0.9387894206590648
570,9.5,feeder2_1744,0.09719257770440634,0.9432625101948637,0.09711600130362208,0.943066608456975
570,9.5,feeder2_1817,0.09634057035691997,0.9390340326971733,0.09625618051091353,0.9388361810113833
570,9.5,feeder2_1779,0.09542825513759147,0.9379093127496326,0.09534367280188309,0.9377128656680207
570,9.5,feeder2_1800,0.09791355588196207,0.9380777630078978,0.09782720155451555,0.9378829708067228
570,9.5,feeder2_1818,0.09069017874041935,0.9333638506885691,0.09059282273574368,0.93315214689105
570,9.5,feeder2_1753,0.09899829354958227,0.9471713432545319,0.09891839112581874,0.9469752886260187
570,9.5,feeder2_1754,0.09714810836695342,0.9438666465214083,0.09706479051396502,0.9436759496670215
600,10.0,secondary,0.045771646873383004,0.06102884121162966,0.045776372807458374,0.061035600603588334
600,10.0,feeder2_44,0.08529669989235915,0.3187350425956007,0.08531021764286742,0.3187693726430336
600,10.0,feeder2_45,0.08678517524309212,0.32874383315097494,0.08679720082532158,0.32877834600382233
600,10.0,feeder2_46,0.0853259381509338,0.31862175266858794,0.08533685271451268,0.3186599077386068
600,10.0,feeder2_51,0.08938125409436265,0.3461534524965146,0.08939400812476299,0.34618710375434286
600,10.0,feeder2_48,0.08660218413656548,0.32867966575180946,0.08661389816577911,0.3287158597439961
600,10.0,feeder2_52,0.08954641041272733,0.3463844223945303,0.08955913322269783,0.34642181949957424
600,10.0,feeder2_68,0.0967131109324721,0.3951571084652766,0.09672660063446055,0.39519873862547994
600,10.0,feeder2_69,0.11708386921788709,0.3610226333537204,0.11709696987322982,0.36106026468086166
600,10.0,feeder2_71,0.09785532530029253,0.40327223584113325,0.09786789270138431,0.40331088143681465
600,10.0,feeder2_72,0.04294195611164163,0.3920483363643584,0.04295243085754001,0.3921000830234525
600,10.0,feeder2_73,0.10254907847282366,0.4315823623766947,0.10256413143235202,0.4316290267455977
600,10.0,feeder2_74,0.12279703766667988,0.4586832443335079,0.12281364208337125,0.45872651289175365
600,10.0,feeder2_77,0.10569480019219261,0.451577264626389,0.1057091010818739,0.4516241301465453
600,10.0,feeder2_79,0.11137058014984255,0.44311737577914617,0.11138399635015955,0.44316563582219015
600,10.0,feeder2_81,0.1105584864838368,0.4862914402659551,0.11057245311252963,0.4863407786853861
600,10.0,feeder2_82,0.1104998906942775,0.4862673203732842,0.11051638390531376,0.4863196654917264
600,10.0,feeder2_116,0.13273653631478535,0.6421129223857801,0.1327558214531243,0.6421772618308433
600,10.0,feeder2_119,0.13278940453079746,0.6421819232494108,0.13280667217829542,0.6422439806719946
600,10.0,feeder2_120,0.14105528640240916,0.6998242943906694,0.14107305951514965,0.6998946390611174
600,10.0,feeder2_248,0.14119358157246512,0.7007537156876555,0.141208622435278,0.7008265671502786
600,10.0,feeder2_124,0.1460980414432222,0.7348917636352206,0.14611505575129025,0.7349669321550638
600,10.0,feeder2_282,0.1435630924103103,0.7338951703018569,0.14358002027798777,0.7339685300410783
600,10.0,feeder2_275,0.15155513767402506,0.7416635916208008,0.15157468881794203,0.7417364617920202
600,10.0,feeder2_151,0.1541715990312183,0.7922504824151275,0.15419245167117207,0.7923286792654305
600,10.0,feeder2_295,0.15428067808426246,0.7909478534338089,0.15429895519737177,0.7910257097597064
600,10.0,feeder2_311,0.15417029508800625,0.7921800755872088,0.15418994514646345,0.7922578926749382
600,10.0,feeder2_201,0.1679827816380757,0.8895770798698099,0.16800498018108717,0.8896643155893145
600,10.0,feeder2_314,0.16791085146250628,0.8895420254299213,0.1679306430975969,0.8896339285289265
600,10.0,feeder2_342,0.18772126458882205,1.0278358327934631,0.18774820253143581,1.0279358512014014
600,10.0,feeder2_368,0.18956417802708836,1.0357268812069902,0.18958889665611336,1.0358328156615084
600,10.0,feeder2_347,0.1947469817404583,1.0809960267528886,0.19477413728879053,1.0811042052319877
600,10.0,feeder2_353,0.19825501273563464,1.1074831604254936,0.19828038338013532,1.1075995359001571
600,10.0,feeder2_518,0.19468026244299005,1.0809606640104992,0.19470341268495672,1.0810742351557192
600,10.0,feeder2_365,0.20197095650470676,1.136001494446064,0.2019968334384508,1.1361176500838934
600,10.0,feeder2_653,0.19962906904507197,1.1091201974182079,0.199656659937797,1.1092339010338885
600,10.0,feeder2_377,0.20395524675566964,1.1519269759703585,0.20398410479765047,1.1520461326125977
600,10.0,feeder2_622,0.20328169282540745,1.1343279857239503,0.2033060551409506,1.134450053176749
600,10.0,feeder2_451,0.1878623236328245,1.0364706348535697,0.18788638909716127,1.0365780911585913
600,10.0,feeder2_383,0.19295016527026204,1.048037067670699,0.19297459824578655,1.0481386273244555
600,10.0,feeder2_385,0.20632375849085538,1.170692128442896,0.20635214018905826,1.1708160303792183
600,10.0,feeder2_621,0.2039219649347703,1.1505530783175717,0.2039483270750194,1.1506726699892964
600,10.0,feeder2_611,0.19380084586168694,1.0495062116526133,0.19382746662357456,1.0496041799170786
600,10.0,feeder2_405,0.19314157106545435,1.048725363123584,0.1931656849391962,1.048823572641332
600,10.0,feeder2_461,0.21565750478744952,1.2456498710795967,0.21568798426964225,1.2457825156521092
600,10.0,feeder2_594,0.20653764551839135,1.1713109946011744,0.20656748729415136,1.1714310359719042
600,10.0,feeder2_732,0.19357644808982338,1.0502541729135022,0.1936005916524248,1.0503542647422865
600,10.0,feeder2_417,0.19449740962191037,1.0535313128354242,0.19452018893157164,1.0536312707248638
600,10.0,feeder2_663,0.19449871813390704,1.0527071302443118,0.19452151387158922,1.0528060726576405
600,10.0,feeder2_444,0.1955640880790998,1.0574152248557942,0.19558989202357455,1.0575194910240213
600,10.0,feeder2_759,0.19543025963492364,1.0573442734956993,0.19545364658943298,1.0574494281049749
600,10.0,feeder2_842,0.19552812319080312,1.0558623699180942,0.19555498567873636,1.0559631627116635
600,10.0,feeder2_459,0.19595297146525023,1.0588615665801455,0.19598055151076574,1.0589592291939478
600,10.0,feeder2_702,0.1952949344941596,1.0585704596962775,0.19531809017183482,1.0586742746484996
600,10.0,feeder2_493,0.19748417549321035,1.0644922462421509,0.19750954987274688,1.0645962042627424
600,10.0,feeder2_651,0.2156535425216266,1.2456167918403014,0.2156847918139385,1.2457490882354325
600,10.0,feeder2_684,0.22328626534406115,1.3066914481422318,0.2233176637325839,1.3068357622298454
600,10.0,feeder2_674,0.20068500274398302,1.0683324920236534,0.20070873857458937,1.0684393484732555
600,10.0,feeder2_696,0.19737059769151855,1.0638286694585124,0.19739322702374337,1.0639326052127105
600,10.0,feeder2_681,0.20074748137099727,1.0684049789708905,0.20077066299456814,1.068509531610826
600,10.0,feeder2_682,0.21399362924733084,1.0841093997874929,0.2140203397089951,1.0842117102676339
600,10.0,feeder2_728,0.2236220961587451,1.3081591193393092,0.22365133841069626,1.3083057117017323
600,10.0,feeder2_724,0.23036946513596687,1.3658334008811241,0.23040223421099187,1.3659814520811335
600,10.0,feeder2_703,0.19736253562446898,1.063724583394399,0.19738540173306024,1.0638305253500868
600,10.0,feeder2_704,0.19736389747074012,1.063582081451585,0.19738803643795494,1.0636826013157166
600,10.0,feeder2_754,0.2302997376445777,1.365796969912468,0.23033223411597722,1.3659519940132137
600,10.0,feeder2_747,0.23326886026003454,1.3900098435978032,0.23330418755660357,1.3901618332153651
600,10.0,feeder2_828,0.22453911037824498,1.3092252752720646,0.22457228983619412,1.309366784642901
600,10.0,feeder2_763,0.22368700889569834,1.3087331195749716,0.22371882451295597,1.308872492158632
600,10.0,feeder2_836,0.23325784668993083,1.3899432912443914,0.23329264681697898,1.3900967301469458
600,10.0,feeder2_758,0.23577083136530072,1.4108377830865,0.2358055603793964,1.4109931123706805
600,10.0,feeder2_788,0.23572444053070013,1.410815304229825,0.23575549107819546,1.410978187604212
600,10.0,feeder2_812,0.24348389362412898,1.4749704471557838,0.243520941076581,1.4751353830381704
600,10.0,feeder2_947,0.22354382188391966,1.3086574045893493,0.22357455162654505,1.3088027993777909
600,10.0,feeder2_868,0.2213348005343397,1.3088190936924884,0.2213645993870833,1.3089628710491392
600,10.0,feeder2_785,0.22414538841506307,1.3092055333679737,0.22417963774488803,1.3093444835078742
600,10.0,feeder2_1176,0.2268850993887315,1.3047287967577677,0.2269157226147496,1.3048739007829795
600,10.0,feeder2_846,0.22625348006182674,1.3119840080319223,0.2262836048315995,1.3121276716561991
600,10.0,feeder2_911,0.22400374863921438,1.3086689729714958,0.22403422601107678,1.3088149624697665
600,10.0,feeder2_1107,0.24766968376362908,1.4938481888581445,0.24770619924458093,1.4940141892651049
600,10.0,feeder2_920,0.24449261374095227,1.4877335827678257,0.24452569450752495,1.4879077645588896
600,10.0,feeder2_926,0.24598684015448544,1.5067151517362505,0.24602392805865309,1.5068848283635594
600,10.0,feeder2_1239,0.24450330911562515,1.4877855255711872,0.24453891639233874,1.487955687883074
600,10.0,feeder2_933,0.246831895736233,1.514666410336477,0.2468683207023265,1.514841473330254
600,10.0,feeder2_1146,0.24512212503502415,1.5088604254430578,0.24515896967815445,1.5090359121558377
600,10.0,feeder2_1124,0.24751108287058574,1.5135889023863887,0.24754822180033448,1.5137628689229194
600,10.0,feeder2_942,0.2489346838982413,1.5357947409595964,0.2489713096935063,1.5359741371315194
600,10.0,feeder2_952,0.25260061548792573,1.5654556685634842,0.2526389447874373,1.5656411174767393
600,10.0,feeder2_965,0.24886167401228673,1.5359917790511868,0.24889842210692475,1.5361752788241028
600,10.0,feeder2_961,0.25308310558962577,1.5685422319875586,0.25311847622687866,1.568734671215806
600,10.0,feeder2_963,0.25258204997127,1.5654807890526816,0.2526223053397578,1.5656679215563711
600,10.0,feeder2_973,0.25417993274752687,1.577921533504683,0.25422056499730045,1.5781079990431741
600,10.0,feeder2_1128,0.25562562891116475,1.5807201574985978,0.255661935742597,1.5809080428491347
600,10.0,feeder2_1113,0.25094824596439147,1.5665489413840956,0.2509849276809729,1.566738822020822
600,10.0,feeder2_1143,0.2523958100601263,1.5644870139604101,0.25243517361507395,1.5646704694962223
600,10.0,feeder2_1238,0.24356242203035175,1.539450444909986,0.24359850655754786,1.539636249885835
600,10.0,feeder2_979,0.24886465856685777,1.5360063020361798,0.2489019950466561,1.5361854191256767
600,10.0,feeder2_1236,0.2559037623721201,1.5923725060933487,0.2559415601780429,1.5925690368944323
600,10.0,feeder2_989,0.25417916293455606,1.577917588546307,0.2542212774157745,1.578107744772999
600,10.0,feeder2_1196,0.2489182386781157,1.5360668721449504,0.24895428599855315,1.5362442305920447
600,10.0,feeder2_1158,0.2541301362063252,1.5773775309879057,0.25417018586098516,1.5775680447272062
600,10.0,feeder2_1122,0.24942052502527934,1.5017575379916355,0.24945495057603234,1.5019291002547477
600,10.0,feeder2_1258,0.24756514967232227,1.4930906808060092,0.24760368615511716,1.4932557516866702
600,10.0,feeder2_1303,0.24784357876781243,1.5010516798848084,0.24787737054315992,1.5012246651462475
600,10.0,feeder2_1138,0.250860315348781,1.5083124912736179,0.2508977882074944,1.508479107286629
600,10.0,feeder2_1304,0.250903335207783,1.5083616116126788,0.25093925946202755,1.5085268169132784
600,10.0,feeder2_1212,0.25390060029190725,1.522145213507994,0.2539375877965933,1.5223095700798797
600,10.0,feeder2_1311,0.25380808213336364,1.5221000052900562,0.2538454402094882,1.5222641164032427
600,10.0,feeder2_1290,0.25766773908575596,1.5392859831152983,0.2577019821146811,1.5394573416254569
600,10.0,feeder2_1325,0.25849270513011896,1.6132853422680042,0.2585312991308466,1.6134912226944822
600,10.0,feeder2_1248,0.25590309037190306,1.5923667634273018,0.25594069065535063,1.5925639261261393
600,10.0,feeder2_1249,0.24275019173306028,1.5399828020631867,0.24279039679235087,1.5401607330290183
600,10.0,feeder2_1250,0.24180682281574284,1.5406014744576653,0.24184608152709947,1.5407814056277545
600,10.0,feeder2_1366,0.25589050942466524,1.5922768082826055,0.25592989746386946,1.5924774523709038
600,10.0,feeder2_1266,0.24747450425357398,1.4923759754547514,0.24750835991473066,1.4925459624215744
600,10.0,feeder2_1372,0.2570596020176346,1.5387447584309224,0.25709407686498176,1.5389085250801025
600,10.0,feeder2_1363,0.26175942087691934,1.5585699281065366,0.2617940281518214,1.5587398839575743
600,10.0,feeder2_1446,0.2571025560682724,1.6141596008191044,0.2571437024776316,1.61435999432344
600,10.0,feeder2_1502,0.2618095720427614,1.635820394832425,0.26185572852523253,1.6360267968159135
600,10.0,feeder2_1428,0.2633684148252234,1.5604371452908679,0.2634067844174854,1.560601661513802
600,10.0,feeder2_1380,0.2660983349018912,1.578985819316539,0.26613168005973364,1.5791549736582318
600,10.0,feeder2_1550,0.26604778485771224,1.5789626272584905,0.26608133812005674,1.579129929045497
600,10.0,feeder2_1386,0.2682197223064339,1.588970032831813,0.26825643744283456,1.5891346771922055
600,10.0,feeder2_1551,0.26833038253546143,1.5890947103314008,0.26836568392683885,1.589258256159826
600,10.0,feeder2_1400,0.26922218834409095,1.5936871106992818,0.26925909359738714,1.5938504922427557
600,10.0,feeder2_1552,0.270265456016804,1.5948828926332073,0.27030101965364384,1.595048127489353
600,10.0,feeder2_1408,0.27116983501921255,1.6028378488980015,0.27120222009680794,1.6030085606674283
600,10.0,feeder2_1553,0.27175807681477604,1.6040425842177894,0.2717946309242959,1.604208314225977
600,10.0,feeder2_1416,0.27210036462253206,1.6072913144478829,0.2721368443454574,1.6074585553064273
600,10.0,feeder2_1530,0.26896789035748053,1.6062984739793058,0.2690006324280889,1.606468602556914
600,10.0,feeder2_1425,0.274069621609318,1.6165098370916218,0.2741002561844144,1.6166779658371413
600,10.0,feeder2_1589,0.2903405112675416,1.635458886689039,0.29037220060511987,1.6356269922874398
600,10.0,feeder2_1435,0.2740798952139567,1.616538531830511,0.27411510165707464,1.6167092194166832
600,10.0,feeder2_1621,0.2738481025932963,1.6151645992436994,0.2738855663867184,1.615328088286467
600,10.0,feeder2_1564,0.27451322492298574,1.6182738385385091,0.2745482330708903,1.6184405602261944
600,10.0,feeder2_1704,0.2618038316893129,1.635789994358657,0.2618502364806005,1.6359977722411285
600,10.0,feeder2_1525,0.2626651414122551,1.6416275183699214,0.26270816786465523,1.641842846688732
600,10.0,feeder2_1716,0.2624774744757721,1.6399517793793124,0.26252092389148346,1.6401646723631431
600,10.0,feeder2_1537,0.26367029945466314,1.6483590984476642,0.2637144789096339,1.648578448146969
600,10.0,feeder2_1645,0.27716577332498277,1.664012636395416,0.2772113653473963,1.6642222447906923
600,10.0,feeder2_1561,0.26296359886814563,1.6472049256231216,0.26300872279284315,1.6474192089217397
600,10.0,feeder2_1657,0.2617188959350761,1.6475649676944402,0.26176208449059546,1.6477858105131387
600,10.0,feeder2_1570,0.26271506199311,1.6466508643614313,0.26276151441376355,1.6468677450358393
600,10.0,feeder2_1756,0.2625390379008911,1.6465652223467329,0.2625804359044254,1.646787807275055
600,10.0,feeder2_1588,0.26248400334664257,1.6461401040653052,0.2625289385659047,1.646358883033377
600,10.0,feeder2_1628,0.26244406610928095,1.646119534232599,0.2624906429050048,1.646337763107314
600,10.0,feeder2_1598,0.2621933072469954,1.6455023677067975,0.26223648534036503,1.6457224196460525
600,10.0,feeder2_1816,0.2618016713009659,1.6420930907577427,0.26184763104079,1.64231275078971
600,10.0,feeder2_1765,0.26216565739339615,1.6453804854197425,0.2622112186792818,1.6456042568573712
600,10.0,feeder2_1641,0.26097839935619516,1.6433783270603999,0.26102406826678487,1.6436074935646294
600,10.0,feeder2_1689,0.2601127756981481,1.6426692128279383,0.2601594869108975,1.6429061335196486
600,10.0,feeder2_1744,0.25990564457330734,1.6428315118038839,0.2599538611102812,1.643057421325452
600,10.0,feeder2_1817,0.2603141192856791,1.6434140043765748,0.26036382041987305,1.6436458424528466
600,10.0,feeder2_1779,0.26010886152365564,1.6426426975214663,0.26015569638044606,1.6428800520177447
600,10.0,feeder2_1800,0.26016483025787746,1.6427283267456794,0.2602131177229894,1.64296415909082
600,10.0,feeder2_1818,0.2505304074339345,1.6326759997207525,0.2505859921756239,1.6329189657338692
600,10.0,feeder2_1753,0.25766233507562786,1.6418176331516776,0.25770800678187156,1.6420469321521054
600,10.0,feeder2_1754,0.25965413806809223,1.6426748690047805,0.2596992458509035,1.6429044575190428
630,10.5,secondary,0.015416025834168772,0.011613020316164305,0.015423436180283847,0.011617618913064318
630,10.5,feeder2_44,0.028707623247291758,0.060607866184051284,0.028724782073917387,0.06063493167352248
630,10.5,feeder2_45,0.029215902983121225,0.06227572643980263,0.029227797270500358,0.06231029316640349
630,10.5,feeder2_46,0.026925505281048583,0.0632017094853677,0.026937345297355402,0.06323169162223462
630,10.5,feeder2_51,0.03009816529669696,0.06517227290111251,0.030112645579545686,0.0652002508007087
630,10.5,feeder2_48,0.029350636340878263,0.0622535481250136,0.02936565850935115,0.062285687777584926
630,10.5,feeder2_52,0.02988885298562708,0.06498384262475014,0.029901552408647673,0.06501724113602805
630,10.5,feeder2_68,0.032605072207171015,0.07340315784770238,0.03261772444222582,0.07344705333832889
630,10.5,feeder2_69,0.06236007486376175,0.12197421143768357,0.06238197852496566,0.12202438225153503
630,10.5,feeder2_71,0.032565595803455624,0.0722102413083478,0.03258055409445734,0.07225135259887905
630,10.5,feeder2_72,0.0883210320641793,0.09013207950703252,0.08832798767972347,0.09009582781363791
630,10.5,feeder2_73,0.03199066441120507,0.06898496659507793,0.032004308944999046,0.0690295440425115
630,10.5,feeder2_74,0.015230737741969865,0.05640143045384388,0.015236946182153162,0.056468827096776066
630,10.5,feeder2_77,0.032184069002031614,0.06889826975712812,0.03219984755899865,0.06894648958168838
630,10.5,feeder2_79,0.031498862926491226,0.07159013804666392,0.03151586631151356,0.0716385789457422
630,10.5,feeder2_81,0.03244396472212835,0.0677919283717556,0.03246002647774334,0.067851029425811
630,10.5,feeder2_82,0.032485565529765115,0.06777864530364365,0.03250104100894787,0.06783465047797037
630,10.5,feeder2_116,0.033685675658327564,0.06409435092483355,0.03370549175572355,0.0641902560239944
630,10.5,feeder2_119,0.03327270231572987,0.06383867135569524,0.03329139371938987,0.06393568601798713
630,10.5,feeder2_120,0.034224867389871,0.06344529099711438,0.034243753050770126,0.06355349825342388
630,10.5,feeder2_248,0.03410678820404093,0.0633712558767007,0.03412645519988329,0.0634818535787178
630,10.5,feeder2_124,0.03457308539923023,0.0632263523189062,0.03459700203307994,0.06334041933683589
630,10.5,feeder2_282,0.035887169592491996,0.06215205588482707,0.03591054684904588,0.06226468098407595
630,10.5,feeder2_275,0.03394348438715173,0.06369482318126175,0.033965593409981815,0.06381379967565265
630,10.5,feeder2_151,0.03532133742149956,0.06348323185943988,0.035345835168997926,0.06361504639120268
630,10.5,feeder2_295,0.03593037466791207,0.06497149078591231,0.035957481968093535,0.06510111657979455
630,10.5,feeder2_311,0.03537487298233246,0.06360219793042714,0.03540179820782454,0.06373325757987851
630,10.5,feeder2_201,0.03622120245170644,0.06241852653723299,0.03624616615221226,0.06258009406369261
630,10.5,feeder2_314,0.03626380633768188,0.06236243313797943,0.03629447801678074,0.06252237279555999
630,10.5,feeder2_342,0.037603120198135095,0.06299411120234313,0.037636009174878526,0.06319287079762677
630,10.5,feeder2_368,0.03657457608320762,0.060419690384811334,0.03660492311679334,0.060618931506791394
630,10.5,feeder2_347,0.039965149403002595,0.06883177498957346,0.03999616791428918,0.06904575914546435
630,10.5,feeder2_353,0.041164996855357947,0.07195358356732447,0.041196341708839554,0.07217699547092822
630,10.5,feeder2_518,0.040066858806173174,0.06863460214321587,0.040098328087440384,0.06884945393043695
630,10.5,feeder2_365,0.042608681581972375,0.07553947453552493,0.04264210709680845,0.07577060025938476
630,10.5,feeder2_653,0.04013198843609587,0.0719479543816787,0.04016628723707981,0.07216893364588794
630,10.5,feeder2_377,0.043396350077450456,0.07749665838353348,0.043430315332513604,0.0777316774657531
630,10.5,feeder2_622,0.04263068738120687,0.07557325885546753,0.042664568572022055,0.07580341583880366
630,10.5,feeder2_451,0.03674145979157757,0.060119337313507284,0.036768391051040454,0.06032016854349404
630,10.5,feeder2_383,0.03492361004886902,0.05649380150415625,0.03494984876223507,0.05669636826251145
630,10.5,feeder2_385,0.044205768147911086,0.07928810702411228,0.044241413670010145,0.07952855793476936
630,10.5,feeder2_621,0.04427873575884373,0.07884827601522852,0.04431635761630888,0.07908256310609262
630,10.5,feeder2_611,0.03416946549854027,0.056433830823717716,0.034199011728575986,0.05663304517681408
630,10.5,feeder2_405,0.03483220741619325,0.05625600752578287,0.034861903727718635,0.0564570206876089
630,10.5,feeder2_461,0.04754830089488482,0.08678052484460436,0.04758568367617632,0.08704068737469542
630,10.5,feeder2_594,0.044129938994609874,0.07928547107254627,0.04416382730875629,0.07952468402807904
630,10.5,feeder2_732,0.03341116008443556,0.05834594813986042,0.033440412581734746,0.05854531707716858
630,10.5,feeder2_417,0.0342783965194592,0.05405172394376277,0.034309255619389384,0.05425309336857789
630,10.5,feeder2_663,0.03469677893624355,0.05628248187557005,0.034731058792559,0.0564789826676753
630,10.5,feeder2_444,0.03375474632824209,0.05165072338641591,0.03378314223958864,0.051852485867916104
630,10.5,feeder2_759,0.033837819394767286,0.051516939379244224,0.033867638992020374,0.05171688702419024
630,10.5,feeder2_842,0.035259841068094974,0.05468476986848563,0.03528904455727243,0.054885296916081426
630,10.5,feeder2_459,0.03353588806164917,0.0506370867925277,0.03356481176518271,0.050835182211115715
630,10.5,feeder2_702,0.0413892892034705,0.041037876461894635,0.041411287310901226,0.04122820858090167
630,10.5,feeder2_493,0.03233687343642944,0.05073189852781567,0.032361832929722875,0.050935783243728217
630,10.5,feeder2_651,0.047581302183709734,0.08682542370953931,0.04761811009798848,0.08708319951962798
630,10.5,feeder2_684,0.05028995006942154,0.09301961803752386,0.050327484686752244,0.09329341909991225
630,10.5,feeder2_674,0.02953631465372509,0.051068278988218876,0.0295669183749761,0.0512742495049654
630,10.5,feeder2_696,0.03238104106355014,0.05148499409733291,0.032410416000454995,0.05168638856216779
630,10.5,feeder2_681,0.029468742710970563,0.05106782028283927,0.02949931808491685,0.05127264778242779
630,10.5,feeder2_682,0.01817366129725392,0.05417398111791903,0.01819858286203652,0.05438048147701371
630,10.5,feeder2_728,0.04991513274982942,0.09210561734309265,0.04995506391379951,0.09237877370291459
630,10.5,feeder2_724,0.053854468893249935,0.10164274609050694,0.05389742965085062,0.1019311617323509
630,10.5,feeder2_703,0.03246442621323924,0.05164438319927322,0.03249443603419633,0.05184729050828346
630,10.5,feeder2_704,0.032222077898115,0.051685785569894,0.032251135717425834,0.0518878703162448
630,10.5,feeder2_754,0.05387826886845637,0.1015587036879125,0.053920976807140565,0.10184861683350374
630,10.5,feeder2_747,0.05532244616989078,0.10520673284080295,0.055370297599527794,0.10550030906077866
630,10.5,feeder2_828,0.04918095429409066,0.09223555268307165,0.04921970428308659,0.09250758204216693
630,10.5,feeder2_763,0.04964466511251273,0.09068854530471865,0.04968918772343308,0.09096054248981009
630,10.5,feeder2_836,0.0553946093981143,0.10529520595606928,0.05544202044288073,0.10558749661311027
630,10.5,feeder2_758,0.05657976246277618,0.1082310363976916,0.05662341706132437,0.10853161204519672
630,10.5,feeder2_788,0.05659566503885827,0.10817522521167441,0.056639675780784646,0.10847723606741226
630,10.5,feeder2_812,0.060474163790951566,0.11760521306725338,0.06052289614384513,0.1179198080021483
630,10.5,feeder2_947,0.04982615162805929,0.090195793161945,0.049869924742185844,0.09046601321538345
630,10.5,feeder2_868,0.05060872276560845,0.08901409144062951,0.05065326844092238,0.08928347305088587
630,10.5,feeder2_785,0.04938706068964789,0.09112057740890589,0.04942800552823753,0.09139502542501243
630,10.5,feeder2_1176,0.0501259509671101,0.09205103172699612,0.050164276389700786,0.0923234291773855
630,10.5,feeder2_846,0.04737909585327646,0.09202910774804812,0.04742264368734988,0.09230012997814445
630,10.5,feeder2_911,0.049392227127961805,0.09073799529232172,0.04943063136067545,0.09101183725715213
630,10.5,feeder2_1107,0.062212887270280806,0.11261834657538032,0.062257952671951895,0.11293546610736822
630,10.5,feeder2_920,0.06111984320628767,0.1216920366493988,0.06116722342762595,0.12201378738138316
630,10.5,feeder2_926,0.06212855202637886,0.12784433415797572,0.06218221217145995,0.1281679431898053
630,10.5,feeder2_1239,0.06111276750929717,0.12169321664439565,0.06116629271155942,0.12201439252623575
630,10.5,feeder2_933,0.0625585524582775,0.1308260537574189,0.0626087631557478,0.13115376430099107
630,10.5,feeder2_1146,0.06228006350583329,0.1267257406274354,0.062327702935207195,0.1270530090649496
630,10.5,feeder2_1124,0.06273785988620086,0.13101877144005697,0.06279111113309316,0.13134911949229255
630,10.5,feeder2_942,0.06364557345311182,0.13822985154603673,0.06369512667028508,0.13856427393912743
630,10.5,feeder2_952,0.0652545436935547,0.1501695246625784,0.06530906180967094,0.15051442510890675
630,10.5,feeder2_965,0.06366017830953248,0.13810932763440564,0.06371520821017798,0.1384456151660474
630,10.5,feeder2_961,0.06543652639865842,0.15166357983401735,0.06549055790380584,0.152008964932221
630,10.5,feeder2_963,0.0652546311188891,0.1501266036085982,0.06530736104996472,0.15047422210783298
630,10.5,feeder2_973,0.06719059412819772,0.1583356455582492,0.06724863720728519,0.1586900826599376
630,10.5,feeder2_1128,0.06411657121812611,0.15420800821484815,0.06417487013957474,0.15455049384200015
630,10.5,feeder2_1113,0.06570308809950955,0.14968928507970083,0.06575715314953208,0.1500360109301104
630,10.5,feeder2_1143,0.06509363973507148,0.14852865930456044,0.06514650850453466,0.14887314369800794
630,10.5,feeder2_1238,0.06557362481891595,0.1362942256731009,0.06562651907503117,0.13662985446899112
630,10.5,feeder2_979,0.06365838714082528,0.1381102995459733,0.06371067883573436,0.1384465101450304
630,10.5,feeder2_1236,0.0696039557811851,0.16750255498320787,0.06965976730803425,0.16786728711335153
630,10.5,feeder2_989,0.06719273777515772,0.15834382336395314,0.06725255506643399,0.15869912984361254
630,10.5,feeder2_1196,0.0636063040804867,0.13811971652147378,0.06365761848502864,0.13845435918047166
630,10.5,feeder2_1158,0.06817470738664498,0.15929317857554542,0.0682339040927151,0.1596487199168291
630,10.5,feeder2_1122,0.061766874276564764,0.10570389380860372,0.061815542639189355,0.10602074759639664
630,10.5,feeder2_1258,0.06666652919210705,0.11850140572090319,0.0667178378415566,0.11881795680607839
630,10.5,feeder2_1303,0.06732285472807187,0.09408237785389101,0.06736480590980637,0.09439677132078877
630,10.5,feeder2_1138,0.06157699763468427,0.10428284169731003,0.061622783907189685,0.1045987349595754
630,10.5,feeder2_1304,0.061276281041278496,0.10432404529523592,0.06131819342679351,0.10464087120863087
630,10.5,feeder2_1212,0.061224057279227424,0.10147844564597489,0.061271059977427024,0.1017931139968222
630,10.5,feeder2_1311,0.06282601589843785,0.10001426178080132,0.06287425109941475,0.10033130540755839
630,10.5,feeder2_1290,0.06058950743426328,0.09966316338558727,0.06063742631582388,0.09997854021205688
630,10.5,feeder2_1325,0.06979216609322553,0.16798645487364913,0.06985061117367092,0.1683630650508859
630,10.5,feeder2_1248,0.06965860360936517,0.16755571032502695,0.06971671756308555,0.16792035518932277
630,10.5,feeder2_1249,0.06612992979847418,0.13579088351853594,0.06617974240679039,0.13612727869560243
630,10.5,feeder2_1250,0.06558330536903684,0.1362373860699431,0.06563823980831276,0.13657501248507048
630,10.5,feeder2_1366,0.06976948949727992,0.1676640656569448,0.06982993594768343,0.16802622049061658
630,10.5,feeder2_1266,0.07151524327400574,0.12440532896693438,0.07156162564436364,0.12472385211069731
630,10.5,feeder2_1372,0.061804851080971175,0.0981917581404253,0.06184663769461282,0.09850646707818297
630,10.5,feeder2_1363,0.05972158335202578,0.10026143521060576,0.05976545570155081,0.10057256439992049
630,10.5,feeder2_1446,0.07085519103945134,0.16693788152020408,0.0709177134483341,0.1673121481956908
630,10.5,feeder2_1502,0.06989693590789466,0.1700703843077659,0.06995930117972682,0.17046057704230103
630,10.5,feeder2_1428,0.05745276391827619,0.10205212014182782,0.05749952213393863,0.10236497082159515
630,10.5,feeder2_1380,0.059507560012854434,0.09875943251963035,0.05955593762183144,0.09906940797049554
630,10.5,feeder2_1550,0.061374130302323714,0.09733294866740842,0.061419921196100416,0.0976439791927427
630,10.5,feeder2_1386,0.059249515004157635,0.0988741219037283,0.05929463788966234,0.0991841593360504
630,10.5,feeder2_1551,0.05913581266317299,0.09890996528114863,0.05917970447755255,0.09922025240987535
630,10.5,feeder2_1400,0.05913150916556193,0.09893118437496247,0.05917633616412846,0.09923727005737278
630,10.5,feeder2_1552,0.05731649559617348,0.09963029222414486,0.057362910174727305,0.0999367616033802
630,10.5,feeder2_1408,0.05905304856422978,0.0987892159070199,0.05909852561647561,0.0990982678932931
630,10.5,feeder2_1553,0.05892665191297821,0.09882763859077372,0.05897221762899785,0.09913429202065074
630,10.5,feeder2_1416,0.059017496424666846,0.09871041417998272,0.059065825347086244,0.09901679644386287
630,10.5,feeder2_1530,0.0611469120753624,0.09537276827291125,0.06118682492178915,0.09568192634666342
630,10.5,feeder2_1425,0.05888724183384144,0.10033557939821505,0.05893181212085965,0.10064290530746929
630,10.5,feeder2_1589,0.05687250192528711,0.10253845351281736,0.05692012862128654,0.10284169566319121
630,10.5,feeder2_1435,0.05891140674571057,0.10046473574825615,0.058952371264324,0.10077197768290547
630,10.5,feeder2_1621,0.05996820352432075,0.10163139572973048,0.060012592461571715,0.10194178370182619
630,10.5,feeder2_1564,0.058823417277720225,0.10057260384665849,0.05887045479693438,0.10087717487616828
630,10.5,feeder2_1704,0.06993779323910668,0.17010770383417392,0.0700012540279239,0.1704971394266551
630,10.5,feeder2_1525,0.06993152980796992,0.17060207308713685,0.06999806724881265,0.1709946743803546
630,10.5,feeder2_1716,0.07116516308475516,0.17171436016593777,0.07122378296113702,0.17211035963827373
630,10.5,feeder2_1537,0.06992789247855936,0.17101960046807624,0.06999375886352673,0.171415263146936
630,10.5,feeder2_1645,0.058179700970561306,0.17534896330984026,0.058244726378510504,0.1757380248549714
630,10.5,feeder2_1561,0.07081298017275711,0.1702201953058053,0.07088103363563847,0.1706225793455993
630,10.5,feeder2_1657,0.0708405022587983,0.16973349740888144,0.07090185352739502,0.1701381644172341
630,10.5,feeder2_1570,0.07120863229117373,0.17006843911721242,0.07126979632997832,0.17047424119283314
630,10.5,feeder2_1756,0.07384532872264077,0.16733602750514276,0.07390854700942193,0.16774075581105127
630,10.5,feeder2_1588,0.07156026137018345,0.17015604653905553,0.07162188059994738,0.17056327461229842
630,10.5,feeder2_1628,0.07156018243693377,0.17010627140749307,0.07162072843953732,0.1705134547002923
630,10.5,feeder2_1598,0.0720068502769143,0.17034262726501573,0.07207627765174583,0.17075210333539864
630,10.5,feeder2_1816,0.11058613655768473,0.20713623218526242,0.1106551361945243,0.20754821372691826
630,10.5,feeder2_1765,0.0721762588977803,0.17050843874966357,0.07223928358554622,0.17092108042833218
630,10.5,feeder2_1641,0.07130320175097328,0.1601876338827545,0.07137047401745918,0.16060985973970213
630,10.5,feeder2_1689,0.07158768525814825,0.16033384517439875,0.07165997106322287,0.16076306741771837
630,10.5,feeder2_1744,0.07203908097705254,0.15464327733479025,0.07210527811053892,0.15506491035503417
630,10.5,feeder2_1817,0.07157846734146024,0.16032781075331265,0.07164548346985816,0.16076250288042607
630,10.5,feeder2_1779,0.07162862233280845,0.1603464992312178,0.07169964058770187,0.16077815250054142
630,10.5,feeder2_1800,0.07153930614900444,0.16033700567705242,0.07160833606504659,0.16076935629399683
630,10.5,feeder2_1818,0.07116329548037947,0.15938979040204704,0.07124379368014959,0.15983974375594767
630,10.5,feeder2_1753,0.07702529622464475,0.13788048118576693,0.07708561495095546,0.13830505103311297
630,10.5,feeder2_1754,0.07206060830591189,0.1545106132598492,0.07212605733920827,0.15493557039929748
660,11.0,secondary,0.043600221115614755,0.04996570166943006,0.04357750162320591,0.04992596903592901
660,11.0,feeder2_44,0.08122442960913288,0.2608729016418549,0.08118531879406392,0.26066336241309396
660,11.0,feeder2_45,0.08263741605428161,0.26904203287896505,0.08259605084662056,0.26883098573086184
660,11.0,feeder2_46,0.0812852886579874,0.2610349524044606,0.08124377761489358,0.2608299050575608
660,11.0,feeder2_51,0.08508887526275563,0.28327769519069934,0.08504507449253285,0.28305946654483854
660,11.0,feeder2_48,0.08341555929424456,0.26866865484989,0.08337421080346478,0.2684586927542447
660,11.0,feeder2_52,0.08366057298075491,0.28364615724403697,0.08361775143034972,0.283422945711792
660,11.0,feeder2_68,0.09226597940029278,0.3234486992776402,0.09221733399100994,0.32319947600426724
660,11.0,feeder2_69,0.09233947654420346,0.32362933778506364,0.09229404313663243,0.32337558689830503
660,11.0,feeder2_71,0.09321965390824619,0.32876890025788336,0.09316982581764108,0.32851617049334886
660,11.0,feeder2_72,0.0933564523096994,0.32872902149962857,0.0933065546809604,0.32847188818501555
660,11.0,feeder2_73,0.09621003981096193,0.34542930255779286,0.0961619508557374,0.34516318949390234
660,11.0,feeder2_74,0.09370147031269362,0.3442692358224982,0.09365461514364014,0.3439961549846639
660,11.0,feeder2_77,0.09889118116346328,0.35997172215327616,0.09884581577509854,0.35968604004509824
660,11.0,feeder2_79,0.09845477050345303,0.3700789416893967,0.09840533209172118,0.36979909708685926
660,11.0,feeder2_81,0.10277820266571062,0.37912986838520707,0.10272655223212297,0.3788313458136916
660,11.0,feeder2_82,0.10281467730887596,0.37912022745107005,0.10276275330627989,0.3788222215662937
660,11.0,feeder2_116,0.12023852034968982,0.4653813046233917,0.12017660077753699,0.46500376307769403
660,11.0,feeder2_119,0.11896383179078843,0.4651257403912328,0.11890113524356423,0.46474778488446167
660,11.0,feeder2_120,0.1269527051583542,0.49772585106491096,0.12688747687520407,0.4973193067707802
660,11.0,feeder2_248,0.12652519497997342,0.49736870141978584,0.1264606291262057,0.49695887171270203
660,11.0,feeder2_124,0.13111911965154568,0.5178074464272896,0.13105559124490368,0.5173793163714
660,11.0,feeder2_282,0.13259221847575908,0.5175922938730193,0.1325249532687211,0.5171658053129435
660,11.0,feeder2_275,0.12948117051229757,0.5179050659829522,0.12941880020069593,0.5174740642343794
660,11.0,feeder2_151,0.13877277965678927,0.5529557906278475,0.1387058973740121,0.55249969747929
660,11.0,feeder2_295,0.1396594920089104,0.5546987666896434,0.13958895182178369,0.5542452383773172
660,11.0,feeder2_311,0.13882887170850597,0.5530631179353043,0.13876183416267068,0.5526040051549249
660,11.0,feeder2_201,0.15099639025325134,0.6090437678292174,0.15091758726228835,0.60853754517997
660,11.0,feeder2_314,0.15238397190731667,0.607808365660476,0.15230685651866327,0.607302373128881
660,11.0,feeder2_342,0.1678683711918533,0.6913497802668237,0.16778748228141038,0.6907635860781051
660,11.0,feeder2_368,0.17361336968992808,0.7157024264607251,0.17353319092492314,0.7151124118742135
660,11.0,feeder2_347,0.16679997644177816,0.6877393986447466,0.16671364642541553,0.6871270845835442
660,11.0,feeder2_353,0.16618800896682712,0.6870043856108315,0.1660931533024957,0.6863820433929356
660,11.0,feeder2_518,0.16857113781420593,0.6866468382418918,0.16848572089795424,0.6860349480681825
660,11.0,feeder2_365,0.1656342090054165,0.6870370430072777,0.16554022480984917,0.6863967665566673
660,11.0,feeder2_653,0.16531795543111896,0.6862225309433504,0.16522875008733168,0.6855966883319962
660,11.0,feeder2_377,0.16534923414858801,0.6868246822411247,0.16525586357021563,0.6861742297412219
660,11.0,feeder2_622,0.16483122199470707,0.6885894217856718,0.1647369232133559,0.687952180303312
660,11.0,feeder2_451,0.17389934747903754,0.7156761816554433,0.1738178837575681,0.7150887627416762
660,11.0,feeder2_383,0.18322366437088922,0.7556701597574305,0.1831420036472733,0.7550805511102866
660,11.0,feeder2_385,0.16491579692973912,0.6862089627428231,0.16482052832550234,0.6855517711109149
660,11.0,feeder2_621,0.1662317142976627,0.6885224007310004,0.16613761059533375,0.6878727974405123
660,11.0,feeder2_611,0.18269533978736083,0.7551983138899776,0.18261321419005203,0.7546061225658194
660,11.0,feeder2_405,0.1838444615347328,0.7582173870356715,0.18376569102647103,0.7576244111725448
660,11.0,feeder2_461,0.16344533759542157,0.6860742156736809,0.16334596487400072,0.6853849256974627
660,11.0,feeder2_594,0.16463749037038228,0.6859478818687947,0.16454017066261675,0.6852963634916718
660,11.0,feeder2_732,0.18369335858975755,0.7580875934871336,0.18361221894837285,0.7574978678961317
660,11.0,feeder2_417,0.18857387538915946,0.7775132227944909,0.1884893145762223,0.776922970111936
660,11.0,feeder2_663,0.22017384885455005,0.8281889286187996,0.22009997268840834,0.8275899550094825
660,11.0,feeder2_444,0.18869882965022303,0.777356760213309,0.18862013837426372,0.7767630653373775
660,11.0,feeder2_759,0.19108262234349216,0.775172399829636,0.1910017795745854,0.7745765546485935
660,11.0,feeder2_842,0.1905134088315118,0.7806231730654427,0.19042785364725615,0.7800357157967228
660,11.0,feeder2_459,0.1886608809417484,0.7772508972754247,0.18857837390755727,0.776661452413781
660,11.0,feeder2_702,0.1891283610657928,0.7769157674073357,0.18904721345460015,0.7763192680067043
660,11.0,feeder2_493,0.18848044116027557,0.7769657324251272,0.1883981252832165,0.776378177474309
660,11.0,feeder2_651,0.16346559677328037,0.6861167582807651,0.16336544639473172,0.6854268499026319
660,11.0,feeder2_684,0.16247065990869178,0.6881563384042869,0.16236040891198103,0.6874500427577899
660,11.0,feeder2_674,0.18801366478940298,0.7767220446730672,0.18793373711101055,0.7761274450120873
660,11.0,feeder2_696,0.18858346835317544,0.7773924177113867,0.188497247502432,0.7768038783146916
660,11.0,feeder2_681,0.18785266830023103,0.7765879412940292,0.1877716782235194,0.775997632586303
660,11.0,feeder2_682,0.18632864748576367,0.7759196152167206,0.18624934216826117,0.7753237607253567
660,11.0,feeder2_728,0.16264203191800525,0.6915964045627988,0.16253285517804136,0.690884504767939
660,11.0,feeder2_724,0.16107420674506848,0.6844929093220781,0.1609607068818993,0.6837652799272915
660,11.0,feeder2_703,0.18868368853174172,0.7775565596896272,0.1885996235358035,0.7769663049597088
660,11.0,feeder2_704,0.1886506521466367,0.7775151555997076,0.1885662731451492,0.7769265930327315
660,11.0,feeder2_754,0.16144843443329113,0.6845777262162728,0.16133611866026396,0.6838483614818935
660,11.0,feeder2_747,0.1606001418313205,0.6835619656276347,0.16048462636656527,0.6828303078075413
660,11.0,feeder2_828,0.16169771645160433,0.690647334125816,0.16159052206269142,0.689931325419134
660,11.0,feeder2_763,0.16330916298411857,0.6981336430679163,0.16319812953895574,0.6974220729669858
660,11.0,feeder2_836,0.15967238001110304,0.6851580884930237,0.1595600488718401,0.684420550790662
660,11.0,feeder2_758,0.16026550193341446,0.6823331472680668,0.16014938152445551,0.6815936921644619
660,11.0,feeder2_788,0.16030666138761543,0.6823523073517632,0.1601902699891353,0.6816131704120916
660,11.0,feeder2_812,0.1595714750307086,0.6801988810189468,0.15944630809073645,0.6794529256807164
660,11.0,feeder2_947,0.1674358770480674,0.6964992419146999,0.16732693341403648,0.6957925774424051
660,11.0,feeder2_868,0.16409845996886208,0.6983558030354808,0.16399170871544713,0.6976457726121609
660,11.0,feeder2_785,0.16342131579786956,0.7021063814288132,0.1633114757495,0.701397826945631
660,11.0,feeder2_1176,0.16339214467005575,0.7264374311973738,0.16328334224651175,0.7257267176356232
660,11.0,feeder2_846,0.16192912153671346,0.7006241892089147,0.1618227704209236,0.6999104188019517
660,11.0,feeder2_911,0.16343010794200222,0.7021385439393037,0.16332037245402165,0.7014303189041126
660,11.0,feeder2_1107,0.16293583951690982,0.6927619737554632,0.16281607138478316,0.6920101694587262
660,11.0,feeder2_920,0.1585369833616456,0.6765832371447338,0.15841440426442455,0.675831382165152
660,11.0,feeder2_926,0.1584607568814602,0.6782917471424514,0.15833856463522378,0.6775399115313185
660,11.0,feeder2_1239,0.15686636790768596,0.6686415740546523,0.15674438994750878,0.6678895461197977
660,11.0,feeder2_933,0.15844559633394362,0.6791848534033638,0.15831981760382569,0.678436982036343
660,11.0,feeder2_1146,0.15846794754755705,0.6783506570682447,0.15834131961215747,0.6776032619924531
660,11.0,feeder2_1124,0.1585162759750443,0.6794004391520502,0.15839127268164208,0.6786479745542005
660,11.0,feeder2_942,0.1584150810732266,0.6816883484055388,0.1582909866915679,0.6809359073223542
660,11.0,feeder2_952,0.1584986728075302,0.6863321818341195,0.15837050533424019,0.6855840981498489
660,11.0,feeder2_965,0.158417309197853,0.6817031819015085,0.15828998778118,0.6809533105405613
660,11.0,feeder2_961,0.1584183627076932,0.6863487615715099,0.15829051583098414,0.6856021632549917
660,11.0,feeder2_963,0.1585199215081373,0.686451399525411,0.15839017982088072,0.6857053830135397
660,11.0,feeder2_973,0.158170750766587,0.6873420191184685,0.15803867559338775,0.6865979815040141
660,11.0,feeder2_1128,0.15813009514182896,0.6849983308964147,0.15800037812329693,0.6842540681997905
660,11.0,feeder2_1113,0.15855698528223525,0.6864765917555864,0.15842906483505398,0.6857322023927647
660,11.0,feeder2_1143,0.16001956482674867,0.6948202302012642,0.15989153163037162,0.6940892609917771
660,11.0,feeder2_1238,0.15907714066523804,0.6820469948330564,0.15894878424885533,0.6813039085058228
660,11.0,feeder2_979,0.15841441823384833,0.6816890390863594,0.15828399179843747,0.6809419699074156
660,11.0,feeder2_1236,0.15782161449604798,0.6877083270202252,0.15768931582262882,0.6869643396187192
660,11.0,feeder2_989,0.15817098823330134,0.6873558839592463,0.15804030598926236,0.6866074393095657
660,11.0,feeder2_1196,0.15836159709229156,0.6816305914788043,0.1582316785811008,0.6808852567932089
660,11.0,feeder2_1158,0.15731063850309748,0.6891895133872714,0.15717872233174415,0.6884443975816122
660,11.0,feeder2_1122,0.1632299347516667,0.6921450562694746,0.1631098660510312,0.6913935267164402
660,11.0,feeder2_1258,0.16410483651546262,0.700309168787472,0.1639853592629574,0.6995493840042978
660,11.0,feeder2_1303,0.17857746032909724,0.6972527872834275,0.17845753634453393,0.6965248921125946
660,11.0,feeder2_1138,0.16286203980231706,0.6894170306568078,0.1627392692771459,0.6886727565134132
660,11.0,feeder2_1304,0.1622520205916957,0.6885280708914101,0.1621313556336053,0.6877823827914931
660,11.0,feeder2_1212,0.1622995255577842,0.6844639770129687,0.16218020521455684,0.6837156132429869
660,11.0,feeder2_1311,0.16362530599778966,0.683712628719844,0.16350498287572113,0.6829687393979665
660,11.0,feeder2_1290,0.16137479058653423,0.6788802880568267,0.1612559948630416,0.6781285406941883
660,11.0,feeder2_1325,0.15745553073364166,0.6870236409365165,0.1573189013212594,0.6862852914480105
660,11.0,feeder2_1248,0.15781614370159194,0.6877186614587282,0.15768338183196748,0.6869736805766159
660,11.0,feeder2_1249,0.15909821196120721,0.6820596101675644,0.1589706698688191,0.6813130194034902
660,11.0,feeder2_1250,0.1594896678482798,0.6822581011523252,0.15936435401320148,0.6815122580404096
660,11.0,feeder2_1366,0.15632261698512345,0.6897838608101903,0.15619007746771613,0.6890335688405328
660,11.0,feeder2_1266,0.1658219599163283,0.7078131297933117,0.16570130288993457,0.7070481805771489
660,11.0,feeder2_1372,0.1682602212728516,0.6819374341125641,0.16814279888725966,0.6811887580045626
660,11.0,feeder2_1363,0.15940116775567434,0.6677475338667493,0.15928154265516076,0.6669878145367154
660,11.0,feeder2_1446,0.15751570530151313,0.6870658025443277,0.15737911165665835,0.6863239911157675
660,11.0,feeder2_1502,0.15720994315346998,0.6874783759482025,0.1570703405131837,0.6867456586527529
660,11.0,feeder2_1428,0.15042841527096415,0.6578028416505034,0.1503103957804501,0.6570353179590488
660,11.0,feeder2_1380,0.16041176547090932,0.6708506058449957,0.16029345932273184,0.670075194375207
660,11.0,feeder2_1550,0.16046157677501746,0.6708712850869133,0.16034096704177447,0.6700972162723774
660,11.0,feeder2_1386,0.1609066192525635,0.6724584120802082,0.16078366897291618,0.6716829389989252
660,11.0,feeder2_1551,0.16038901317850277,0.6716755607490085,0.16026809806165235,0.6708941384279448
660,11.0,feeder2_1400,0.1612124081142215,0.6734657771539642,0.16109179323456296,0.6726867532480683
660,11.0,feeder2_1552,0.15945124294687738,0.6713490533018911,0.15933465550001213,0.670565929356928
660,11.0,feeder2_1408,0.1621490268514734,0.6767760322679149,0.1620281726526891,0.6759917114699961
660,11.0,feeder2_1553,0.16166356408065516,0.6760945518727708,0.16154168579892456,0.6753129014237574
660,11.0,feeder2_1416,0.16269778370472512,0.678697283282439,0.1625790192792228,0.6779095224774717
660,11.0,feeder2_1530,0.16542353173129903,0.6780953308188153,0.16530036121519467,0.6773148481651393
660,11.0,feeder2_1425,0.1635127658115368,0.6825799915971923,0.16338956732808113,0.6817959867806375
660,11.0,feeder2_1589,0.16269382499890728,0.6817033947423622,0.16257293012943144,0.6809119173889988
660,11.0,feeder2_1435,0.1636956351403445,0.683453391415109,0.1635729297874935,0.682667462333971
660,11.0,feeder2_1621,0.16687878896287706,0.6946380259047267,0.1667550164498972,0.6938442401188525
660,11.0,feeder2_1564,0.16351673858628232,0.6825717561309199,0.16339730865193794,0.6817803857154225
660,11.0,feeder2_1704,0.15721165687501182,0.6874984664627948,0.1570751267252598,0.6867650841346897
660,11.0,feeder2_1525,0.15717466410546937,0.6878090257977082,0.1570325561147042,0.6870788765710691
660,11.0,feeder2_1716,0.15502080261507314,0.6912365705365825,0.1548787929121321,0.6905062535566447
660,11.0,feeder2_1537,0.15716198603892617,0.6877970140077796,0.15702174631930987,0.6870684671577759
660,11.0,feeder2_1645,0.14805649809122975,0.6764048744041858,0.14791573763782942,0.6756812406416848
660,11.0,feeder2_1561,0.15850149441073727,0.6942344793707891,0.15836231033883902,0.6935110905542506
660,11.0,feeder2_1657,0.15879363196115645,0.6944758184447221,0.15865207689214178,0.6937528662963344
660,11.0,feeder2_1570,0.15907763248203807,0.6969852509097035,0.1589346899443369,0.6962639583185845
660,11.0,feeder2_1756,0.16144212809569566,0.6962809472431176,0.16129808811537524,0.6955655855867029
660,11.0,feeder2_1588,0.15958318560628873,0.699604590280383,0.15943888081581417,0.6988865275367825
660,11.0,feeder2_1628,0.1672113157277844,0.7041213068676558,0.16706832177312772,0.7034142926372732
660,11.0,feeder2_1598,0.15990715526027804,0.7014631789002163,0.15976283665920799,0.7007401830053552
660,11.0,feeder2_1816,0.15984223906789946,0.7025843061823805,0.15969581106593547,0.7018638922950157
660,11.0,feeder2_1765,0.15990928315812616,0.7015322521776856,0.1597644820921192,0.7008140332376543
660,11.0,feeder2_1641,0.161420206643069,0.7104253749893676,0.16127189606532233,0.7097060765919183
660,11.0,feeder2_1689,0.16092550440390355,0.7096435941424246,0.16077409186151032,0.7089074884874937
660,11.0,feeder2_1744,0.16914178599367635,0.715186252115994,0.16899877669957147,0.7144703890796342
660,11.0,feeder2_1817,0.16090689094753857,0.7095578797168219,0.16075631782322075,0.7088187594314338
660,11.0,feeder2_1779,0.16092323099912084,0.7096590512529193,0.16077144385202605,0.7089225933118459
660,11.0,feeder2_1800,0.16087928580201233,0.7095873681421866,0.16073057280314496,0.7088449716838245
660,11.0,feeder2_1818,0.15676351159963284,0.7049928696961989,0.15659448569197867,0.7042174797871688
660,11.0,feeder2_1753,0.19384355813841592,0.7306927865858726,0.19370342152672906,0.7300033878878152
660,11.0,feeder2_1754,0.16917262327384905,0.7152109203684266,0.16902774413019986,0.7144976376352513
690,11.5,secondary,0.024997432284598966,0.008108629645093655,0.02500061244831616,0.008105007698440804
690,11.5,feeder2_44,0.046530048804818425,0.0423004095325954,0.046533813931485896,0.04226522813545235
690,11.5,feeder2_45,0.04738785331467666,0.043357771418869075,0.047393525342110165,0.043322380633822245
690,11.5,feeder2_46,0.043375834773607014,0.04561939198165662,0.04337950542476691,0.0455844303226272
690,11.5,feeder2_51,0.04875462499694194,0.045163996558842644,0.048759636397686164,0.0451289117137229
690,11.5,feeder2_48,0.050074203440355326,0.04328951091755084,0.050078972192424735,0.04324417388995616
690,11.5,feeder2_52,0.04968136074106876,0.04047219836677828,0.04968028562495393,0.04044017419134774
690,11.5,feeder2_68,0.05279351018844222,0.05210937577227096,0.052795711103570495,0.052065168243586694
690,11.5,feeder2_69,0.052716601474869645,0.05216419694585733,0.052720115482962814,0.05212466309121529
690,11.5,feeder2_71,0.053330917234198034,0.053027476109782534,0.053334085309581655,0.052983035572555286
690,11.5,feeder2_72,0.05356395065219586,0.05320219674761735,0.05357054948895587,0.053165440025131266
690,11.5,feeder2_73,0.05501106232408125,0.055876981353318006,0.05501727526998047,0.055837274581345624
690,11.5,feeder2_74,0.05399130673865476,0.0536458691827205,0.05399499775242491,0.05360309814313695
690,11.5,feeder2_77,0.05652115881270506,0.058660234921000594,0.056524563650279656,0.05861681193303596
690,11.5,feeder2_79,0.05587777350029886,0.05919438179460468,0.05588369693698106,0.05915047084118186
690,11.5,feeder2_81,0.058910412576191146,0.06292501050239015,0.05891599198589055,0.06288041170637901
690,11.5,feeder2_82,0.06024356691089805,0.06385737519283473,0.06024873670618109,0.06380619306113647
690,11.5,feeder2_116,0.06943562264005962,0.08096164675201138,0.06943996626606704,0.08090183126743716
690,11.5,feeder2_119,0.06877202404548277,0.07984805827323906,0.06877777980649132,0.07978784276265402
690,11.5,feeder2_120,0.07348555814510031,0.08823457290200676,0.07349179251862704,0.08816965037200082
690,11.5,feeder2_248,0.0740441508474876,0.08668643893444232,0.07404840500017375,0.08662649770342015
690,11.5,feeder2_124,0.07602605182852609,0.09338188582289883,0.07603272035786733,0.09331316100414003
690,11.5,feeder2_282,0.08425218082606971,0.09716395104789594,0.0842589924805165,0.09708245301827956
690,11.5,feeder2_275,0.07702331004411098,0.09083272274297303,0.0770247359986264,0.09077381455214614
690,11.5,feeder2_151,0.07951339449081755,0.10163797777704785,0.07951943705934533,0.10157486833066948
690,11.5,feeder2_295,0.0758076215867163,0.10548812332986571,0.07581618885859488,0.10543454382674947
690,11.5,feeder2_311,0.07939349624869724,0.1017440769186077,0.0793996198556069,0.10167831019118173
690,11.5,feeder2_201,0.08571910963431136,0.11047274792296416,0.08572680518298618,0.11039438645296996
690,11.5,feeder2_314,0.08634962447194859,0.11037996175965184,0.08635659718009682,0.11030338786180598
690,11.5,feeder2_342,0.09418282272231286,0.12319774175723204,0.09419016959291024,0.12310230562041707
690,11.5,feeder2_368,0.09394080047755536,0.1218037792307489,0.09394941774375992,0.1217312426351332
690,11.5,feeder2_347,0.09794389349585292,0.1343367636943035,0.09794807233395805,0.13419159719132745
690,11.5,feeder2_353,0.09977692383009637,0.1403658610595551,0.09978293703393512,0.14020131225849894
690,11.5,feeder2_518,0.09887097600192282,0.13513166335691715,0.09887512800015177,0.1349848704913497
690,11.5,feeder2_365,0.10185104771964688,0.14766985625870188,0.10185314999865912,0.14747795094777372
690,11.5,feeder2_653,0.09971339158168925,0.14027440419470025,0.09971731206103308,0.14010394453992506
690,11.5,feeder2_377,0.10298981866041548,0.151860110113208,0.1029930822024603,0.1516587592614446
690,11.5,feeder2_622,0.10183799163065216,0.14766730559790198,0.10184000838456148,0.14748018883003597
690,11.5,feeder2_451,0.09424254016531287,0.1220221524978858,0.09425011576967486,0.12194761589109081
690,11.5,feeder2_383,0.09370158865012093,0.1210627794199186,0.09371355852790439,0.12103213095415971
690,11.5,feeder2_385,0.10442595761413143,0.1564909141401132,0.10442826324050587,0.156271759438842
690,11.5,feeder2_621,0.09883185693578432,0.153882696113555,0.09883638347180365,0.15369386833788531
690,11.5,feeder2_611,0.08906387989316812,0.1140417360663331,0.08907191396998218,0.11400662461210805
690,11.5,feeder2_405,0.09378603558737293,0.12145380562275608,0.09379842980914621,0.12142606334536146
690,11.5,feeder2_461,0.11054860589443248,0.18070844516075818,0.11054647815886585,0.18042801670435904
690,11.5,feeder2_594,0.10481440988569744,0.1552294610046391,0.1048177087594083,0.15501094667989426
690,11.5,feeder2_732,0.09425416706836814,0.11940559403784436,0.09426495371412887,0.11938168403538962
690,11.5,feeder2_417,0.09450826844911923,0.12515526126157142,0.09452295118360587,0.12514088422544795
690,11.5,feeder2_663,0.0924975237765034,0.13205926731222173,0.09251859672886467,0.13207162284796753
690,11.5,feeder2_444,0.09499302234067529,0.12645058512387505,0.09501021689493741,0.126441018870656
690,11.5,feeder2_759,0.09858268422529748,0.12600912473443382,0.09859939870153898,0.12599151371500403
690,11.5,feeder2_842,0.09276146485649374,0.14114488043444604,0.09279075962238811,0.1411789342231
690,11.5,feeder2_459,0.09505250103465318,0.12625960376886625,0.0950663678267729,0.12624721851520662
690,11.5,feeder2_702,0.09804620144636586,0.12559068399268883,0.09806252996585735,0.1255782362490491
690,11.5,feeder2_493,0.09491269610756246,0.12570807711832124,0.09492676351444929,0.12569937909622533
690,11.5,feeder2_651,0.11052676084827044,0.18069201117796108,0.11052494847987145,0.1804117633667559
690,11.5,feeder2_684,0.11571651898262647,0.20324767127821058,0.11571159402557543,0.20292590710114716
690,11.5,feeder2_674,0.09464070951963195,0.12531720693842344,0.09465485882982606,0.12530478171600845
690,11.5,feeder2_696,0.09493589959961794,0.1258339086967823,0.09494888208274495,0.12582956112358779
690,11.5,feeder2_681,0.09449909621809999,0.12510287976403048,0.0945134269292465,0.12509444006256618
690,11.5,feeder2_682,0.09373539357652402,0.12402488817683567,0.09374760806497572,0.12401119167581573
690,11.5,feeder2_728,0.11564609476397787,0.2016925572397465,0.11564023145632016,0.20136524592620675
690,11.5,feeder2_724,0.1214844163028361,0.23125831890825058,0.12147489120664964,0.23090551944175436
690,11.5,feeder2_703,0.09490959028469693,0.12591833250182943,0.09492533356950891,0.12591190533189978
690,11.5,feeder2_704,0.09493039704207688,0.12586948491043454,0.0949463327026265,0.12586495417846222
690,11.5,feeder2_754,0.122719636335947,0.23246281892614415,0.1227109899352749,0.23210905789865918
690,11.5,feeder2_747,0.12366651082796039,0.2421521198741377,0.12365720971277265,0.2417891862925441
690,11.5,feeder2_828,0.11521213794389092,0.19903474870400928,0.11520393037194833,0.19870828344702665
690,11.5,feeder2_763,0.116142904007551,0.20318605780563082,0.11613777154344555,0.20285574381809257
690,11.5,feeder2_836,0.12361658389235672,0.24210047200487356,0.12360929010037938,0.2417351484889055
690,11.5,feeder2_758,0.12555320330017428,0.2516001767304327,0.12554355829577296,0.25122879798162795
690,11.5,feeder2_788,0.12561173595944922,0.2516615842082145,0.1256003688317499,0.251287595897533
690,11.5,feeder2_812,0.1313966365106437,0.28082948765672633,0.13138422198817545,0.2804248414425675
690,11.5,feeder2_947,0.11823385701636847,0.20535879600015428,0.11822683816612804,0.20503204387523338
690,11.5,feeder2_868,0.11700912974672076,0.20408598685856474,0.11700321770381325,0.2037585047137966
690,11.5,feeder2_785,0.11615525164601989,0.20298033743275834,0.11614990787960852,0.20265189960647811
690,11.5,feeder2_1176,0.11469698368317485,0.20178246942765482,0.11468993793072382,0.2014582278680666
690,11.5,feeder2_846,0.11562473035696692,0.2022879066152591,0.11561873148354368,0.2019572846935241
690,11.5,feeder2_911,0.1165459565284302,0.2039688021979496,0.11654111319867111,0.2036397817325604
690,11.5,feeder2_1107,0.1354602989113844,0.29650008755042756,0.1354495225979972,0.29610138745902553
690,11.5,feeder2_920,0.13192500902929702,0.284783458167506,0.13191149730593654,0.2843720590214531
690,11.5,feeder2_926,0.13283560209413844,0.2910726749083761,0.1328220659839966,0.2906448303718853
690,11.5,feeder2_1239,0.13178500326357548,0.2844272507923047,0.13177185713294248,0.2840168339097429
690,11.5,feeder2_933,0.13323597664949033,0.29386448094715084,0.13322223154782928,0.2934334968454741
690,11.5,feeder2_1146,0.13285626296906336,0.291186165557494,0.13284338649413363,0.2907637745462017
690,11.5,feeder2_1124,0.133134621693067,0.29376340245948607,0.13311878321719858,0.2933362342691043
690,11.5,feeder2_942,0.13425606491113234,0.3011244455014494,0.13423990287530596,0.30068039582958206
690,11.5,feeder2_952,0.1354940668904014,0.3118130302549361,0.13547819516839438,0.3113481039109006
690,11.5,feeder2_965,0.13429208295787995,0.30115138113862583,0.1342763979192676,0.30070608691201856
690,11.5,feeder2_961,0.13559611356464488,0.3128156908954769,0.13557794616562702,0.31235003682531565
690,11.5,feeder2_963,0.13550099708308247,0.31184794913768227,0.13548686164341162,0.3113841041210446
690,11.5,feeder2_973,0.13623810913394974,0.3183890499937744,0.13621965334603875,0.31791380311518147
690,11.5,feeder2_1128,0.13542677727536367,0.3124468463654399,0.13540695047127915,0.3119807375564652
690,11.5,feeder2_1113,0.13554798266803494,0.31189682585549183,0.13553359389088182,0.31143221355678286
690,11.5,feeder2_1143,0.13595753072252376,0.3141388764337921,0.13594069801994607,0.3136743197233718
690,11.5,feeder2_1238,0.13640483648901083,0.3035814340272563,0.1363910831356705,0.30313451849990597
690,11.5,feeder2_979,0.13428984313268627,0.3009761281043104,0.1342730741745132,0.3005347142714853
690,11.5,feeder2_1236,0.13721841854432137,0.32738750089056584,0.1371988782497793,0.3268938195687724
690,11.5,feeder2_989,0.13623796827399087,0.3183838002503882,0.1362200399077565,0.3179050551184473
690,11.5,feeder2_1196,0.13461950411399567,0.3002344594883413,0.13460251333386722,0.29979156292555675
690,11.5,feeder2_1158,0.13567660202522122,0.3178052534969147,0.1356590267447239,0.31732786631872323
690,11.5,feeder2_1122,0.13724727445205184,0.3043424028366369,0.1372345356866703,0.3039427614348616
690,11.5,feeder2_1258,0.13204483341112044,0.2949091208679891,0.13203335804369312,0.29451416805582986
690,11.5,feeder2_1303,0.14522650239119364,0.3127406219258068,0.1452137687383932,0.312340548666063
690,11.5,feeder2_1138,0.1381005441069446,0.3075548545554192,0.13808790067980556,0.3071528019974068
690,11.5,feeder2_1304,0.1377288591708174,0.3071814163418905,0.13771278681692076,0.30678043509926994
690,11.5,feeder2_1212,0.14003392531652348,0.3146228924254441,0.1400179691315247,0.3142218690042687
690,11.5,feeder2_1311,0.14082959985410878,0.315539927932463,0.1408131217326809,0.31513651463257625
690,11.5,feeder2_1290,0.14220673981817913,0.32252946557562234,0.14219108989111062,0.3221236095721496
690,11.5,feeder2_1325,0.13859875980318667,0.340828093569475,0.1385776787981443,0.3403140306516621
690,11.5,feeder2_1248,0.13721492322321518,0.32738370051939153,0.13719566113312592,0.3268898416870163
690,11.5,feeder2_1249,0.136431631066009,0.3036094546189756,0.13641826869995838,0.30316397774449283
690,11.5,feeder2_1250,0.13783581011861373,0.3052224808579548,0.13782306232014827,0.30477608383148913
690,11.5,feeder2_1366,0.13713832467127657,0.3272993637667495,0.1371184040861896,0.3268091101414359
690,11.5,feeder2_1266,0.12971118213225438,0.29296225446570306,0.12970539473059203,0.292570227719486
690,11.5,feeder2_1372,0.1504176887531505,0.3311913824458311,0.1504008232537149,0.3307871874861648
690,11.5,feeder2_1363,0.142227262679138,0.3187817757943534,0.14220914948723345,0.3183762183576859
690,11.5,feeder2_1446,0.13932769186659993,0.3418834711343047,0.13930443373868012,0.34136676804126154
690,11.5,feeder2_1502,0.1398172361009401,0.35467702442262206,0.13979413997921275,0.35413761619714496
690,11.5,feeder2_1428,0.14221771938789157,0.3183594477782795,0.14220190814414713,0.31795316943762464
690,11.5,feeder2_1380,0.14235082131381938,0.31489816562668144,0.14233434241508103,0.3144861430862009
690,11.5,feeder2_1550,0.14241439242994533,0.31496526426955535,0.1423967395453142,0.31455859219500026
690,11.5,feeder2_1386,0.142406570100757,0.3129817281372764,0.1423883583508968,0.31257245576921777
690,11.5,feeder2_1551,0.14294247346305472,0.31181195720254024,0.1429261644298026,0.31139869467970716
690,11.5,feeder2_1400,0.14243590703596404,0.31234012268148525,0.14241933914637817,0.311926043697949
690,11.5,feeder2_1552,0.14187823062646296,0.31160339209264065,0.14186029835239772,0.31119060200617954
690,11.5,feeder2_1408,0.1426273337884301,0.31133483652463495,0.1426072040322078,0.31092300124383815
690,11.5,feeder2_1553,0.14477560356473165,0.30716219559261226,0.1447569475042606,0.30675046064612416
690,11.5,feeder2_1416,0.14272299570925337,0.311736645912446,0.1427082105199652,0.31132283516242243
690,11.5,feeder2_1530,0.14507753348167407,0.314441735109068,0.1450617150789991,0.31402599922662705
690,11.5,feeder2_1425,0.14256327666404578,0.31101004542665545,0.14254573615928634,0.31059913547011014
690,11.5,feeder2_1589,0.14222255978872914,0.3105732137338664,0.14220115016561244,0.3101617449527907
690,11.5,feeder2_1435,0.14254572519818834,0.31089893918734923,0.1425284853584312,0.31048535767590235
690,11.5,feeder2_1621,0.14106837254252153,0.31008499486839786,0.14105441351309547,0.3096743770893864
690,11.5,feeder2_1564,0.14246857375325012,0.3107161165902131,0.1424511168211533,0.3103033336633487
690,11.5,feeder2_1704,0.13979036232475353,0.35464460322006786,0.13976375090573587,0.3541037128442817
690,11.5,feeder2_1525,0.14013594466030485,0.3582848823130492,0.14011361261470034,0.3577359054119186
690,11.5,feeder2_1716,0.13786513902785463,0.35822896290050205,0.13784012907013082,0.357683654631797
690,11.5,feeder2_1537,0.14055028073620615,0.36238399246591285,0.1405239120657283,0.3618307161245233
690,11.5,feeder2_1645,0.1379892889994534,0.3596047934981939,0.1379585435787137,0.3590453850058938
690,11.5,feeder2_1561,0.14174453269067822,0.36826857675933344,0.14172077336968397,0.3677066546595378
690,11.5,feeder2_1657,0.1460199980321202,0.3727531888195262,0.14599140770935493,0.37219238795300114
690,11.5,feeder2_1570,0.14204734636986482,0.36973896499416337,0.1420195238150736,0.3691767325120067
690,11.5,feeder2_1756,0.14345966818297604,0.37188908333004295,0.14343546672254467,0.37132387792032845
690,11.5,feeder2_1588,0.1422964420465308,0.37096493874062647,0.14226963543858495,0.37039826307127777
690,11.5,feeder2_1628,0.1431170596182511,0.3718270858142358,0.14309032005316316,0.37126252743269467
690,11.5,feeder2_1598,0.14256261088478392,0.372269971043684,0.14253645955628977,0.3717009457638117
690,11.5,feeder2_1816,0.14045893261246858,0.3698963353239258,0.14043356017190228,0.36932915759792423
690,11.5,feeder2_1765,0.14219535517276,0.3718435487366309,0.14216928656347896,0.37127313142742535
690,11.5,feeder2_1641,0.14390072269412155,0.3796977363002368,0.14387326604384465,0.3791120391335824
690,11.5,feeder2_1689,0.143614111078149,0.37901886473919333,0.14358658205692354,0.37842017807389383
690,11.5,feeder2_1744,0.14789097724875647,0.384096018741618,0.1478624058075161,0.38350998047289525
690,11.5,feeder2_1817,0.14359872151179437,0.37900002108989217,0.14356833175422462,0.3784017166659794
690,11.5,feeder2_1779,0.14359021282405507,0.3789924299679793,0.1435598768230366,0.37839231414604196
690,11.5,feeder2_1800,0.14359217486401468,0.37900029715489103,0.14356197713656726,0.37840074744305996
690,11.5,feeder2_1818,0.14064878320572993,0.3759793703633174,0.14060035521165626,0.37535516325401747
690,11.5,feeder2_1753,0.1593179839012889,0.39610075966725766,0.15929321221536644,0.395514761861964
690,11.5,feeder2_1754,0.14817311615215922,0.38452904087748213,0.148145211370663,0.38394334472692276
720,12.0,secondary,0.013547747469987626,0.00895610771770665,0.013552505136059061,0.008963741412804826
720,12.0,feeder2_44,0.025207569892155203,0.04670272218819438,0.025219454863547496,0.04674877850718634
720,12.0,feeder2_45,0.0256437592053743,0.0481582952101495,0.02565737303750023,0.048206210776865974
720,12.0,feeder2_46,0.02523311867587382,0.046804744827753916,0.025243116171183133,0.04685642297666427
720,12.0,feeder2_51,0.026386243294779503,0.050620253287074396,0.026397779123458788,0.05067443186451816
720,12.0,feeder2_48,0.02657302792628141,0.048475341334981846,0.026585561533493438,0.04852231939866434
720,12.0,feeder2_52,0.02389239786359324,0.047013057248059195,0.02390674900721302,0.04706511414262885
720,12.0,feeder2_68,0.028828109365955434,0.059037882921098205,0.02883883190382602,0.059099804555324424
720,12.0,feeder2_69,0.038692923093438955,0.07735779083602236,0.03869350247704891,0.07742224506768591
720,12.0,feeder2_71,0.02899164553078465,0.05946942157988978,0.02900411244592572,0.059527786953277005
720,12.0,feeder2_72,0.05625833527821879,0.07744198770232777,0.056272273988647994,0.07749623452490007
720,12.0,feeder2_73,0.029198743766660328,0.059038095390230964,0.029213238280906332,0.05910064775016017
720,12.0,feeder2_74,0.027375087300399392,0.05694137052647899,0.02738798339371225,0.05700841376663399
720,12.0,feeder2_77,0.029448931502739605,0.0589984493816293,0.02946195288978846,0.0590633047672971
720,12.0,feeder2_79,0.033801638291303705,0.06869536518088874,0.03380574480528581,0.06876707562675455
720,12.0,feeder2_81,0.029139632473349643,0.05633490104860441,0.029150906106777938,0.05640614534379623
720,12.0,feeder2_82,0.030412213315500047,0.05712979274845478,0.030428194138662,0.05719973705779129
720,12.0,feeder2_116,0.027635195376594104,0.049523003937452986,0.0276526136327374,0.04959307113370496
720,12.0,feeder2_119,0.026405958606732886,0.04825957625515925,0.026425901555706826,0.048328458352888654
720,12.0,feeder2_120,0.027244386403505426,0.05056376518426803,0.02725934669026634,0.05063226243407516
720,12.0,feeder2_248,0.02713249751889872,0.05046852454892268,0.027150699550151387,0.05053448762228169
720,12.0,feeder2_124,0.02701632850182892,0.05196626914569673,0.02703449352839983,0.05202976025253285
720,12.0,feeder2_282,0.02784703426956843,0.05264811664597616,0.027864678622463727,0.05271265318810271
720,12.0,feeder2_275,0.026902707159872308,0.05187674926446113,0.026921265401236946,0.051938013215573973
720,12.0,feeder2_151,0.02655886843330576,0.05512220509670449,0.026578878437769994,0.05517611601087819
720,12.0,feeder2_295,0.026405518831131795,0.05514900899098827,0.026422691393037073,0.055204031989705096
720,12.0,feeder2_311,0.026578392039626517,0.05507513851389861,0.026596596088123998,0.05512881510515469
720,12.0,feeder2_201,0.025742573227144853,0.06317874929958649,0.02576631725642239,0.06321338261174564
720,12.0,feeder2_314,0.026543538953718002,0.0637697433318431,0.026564102649697035,0.06380281485872517
720,12.0,feeder2_342,0.02425344301860996,0.07712378457834991,0.024274361721225074,0.07713341350876164
720,12.0,feeder2_368,0.024133116535659662,0.07609304832246402,0.02416018380196252,0.07610299899699761
720,12.0,feeder2_347,0.0236720191538496,0.08681676874186539,0.023696881393874346,0.0868160465076908
720,12.0,feeder2_353,0.02331215969142824,0.09108032224373552,0.023339182544594352,0.09107303084022435
720,12.0,feeder2_518,0.02489781870500515,0.08821750235158175,0.02492364007757552,0.08822100364705705
720,12.0,feeder2_365,0.022927105698966395,0.0959155007182715,0.022952488797455064,0.09590659434281594
720,12.0,feeder2_653,0.023223785140670895,0.09106774014021604,0.023253685708554593,0.09106240396878888
720,12.0,feeder2_377,0.022718090338680497,0.09858996531715869,0.02274691095127536,0.09857505593999852
720,12.0,feeder2_622,0.02292837976189656,0.09588402209058293,0.022955633684071542,0.09587629849375963
720,12.0,feeder2_451,0.024206738887430003,0.0761841363156911,0.024230490869470357,0.07619533298184479
720,12.0,feeder2_383,0.023928467415372343,0.07435672080592749,0.023950708721340187,0.07436540117635629
720,12.0,feeder2_385,0.022472695295597003,0.10183827888364488,0.022502615553229438,0.1018252658112672
720,12.0,feeder2_621,0.022486103447216473,0.09824694966763174,0.022513675300590903,0.09823480916620625
720,12.0,feeder2_611,0.023215574191125746,0.07296017802877144,0.023241328507977915,0.07296572855626166
720,12.0,feeder2_405,0.023934113937127976,0.07431672004766018,0.023958324581148823,0.07432491562861607
720,12.0,feeder2_461,0.0215268528659881,0.11534404303697801,0.02155519495824515,0.11531522445155382
720,12.0,feeder2_594,0.02240438026253523,0.10183803129187474,0.02243394147745038,0.10182223645441889
720,12.0,feeder2_732,0.02363247471946459,0.07251601099962948,0.02365870393921361,0.07252399226770255
720,12.0,feeder2_417,0.024038766880187384,0.0743942022691383,0.024063359102348456,0.07440554863880933
720,12.0,feeder2_663,0.023090823549594637,0.07383490462791924,0.023112355654758353,0.0738506187641375
720,12.0,feeder2_444,0.024148350900338948,0.07469812196028625,0.024172428364981416,0.07470738900407022
720,12.0,feeder2_759,0.027293479965764075,0.07799404373557882,0.027319438279335424,0.07800195718304438
720,12.0,feeder2_842,0.024438222697726632,0.07316413888096839,0.02446333568512427,0.0731752577236456
720,12.0,feeder2_459,0.024121675160098624,0.07469075245280539,0.02414239280497407,0.0747008077355681
720,12.0,feeder2_702,0.025730502200976023,0.07610154881220255,0.025754728360070978,0.07610646216016297
720,12.0,feeder2_493,0.02382832160788928,0.07407445391742715,0.023851373424484484,0.07408302944120787
720,12.0,feeder2_651,0.02049100724068327,0.11523259946726837,0.020521339357078425,0.11520499405865708
720,12.0,feeder2_684,0.02093462422751127,0.1269690609592171,0.020968121819490766,0.12692737648431499
720,12.0,feeder2_674,0.023344203470370497,0.07374946442411677,0.023366502845292517,0.07375643318591271
720,12.0,feeder2_696,0.02373612240617774,0.07353521682182983,0.02375982031737655,0.07354690909921859
720,12.0,feeder2_681,0.02274095500450667,0.07302136797363293,0.02276309756164114,0.07302905681688068
720,12.0,feeder2_682,0.02229961288639728,0.07353255990506684,0.022322999472256508,0.07353826677452639
720,12.0,feeder2_728,0.020876300250650914,0.12739169969547326,0.020907307806093445,0.12735348293493465
720,12.0,feeder2_724,0.02049440933021459,0.1383779203086736,0.020526189798188457,0.13832573399576467
720,12.0,feeder2_703,0.023761858207601634,0.07340580735630459,0.023784135131199806,0.07341886500127569
720,12.0,feeder2_704,0.02340798600251133,0.07344037859885634,0.023430488343240678,0.07345111840872734
720,12.0,feeder2_754,0.020967711537145862,0.1388162231432868,0.021002553371639865,0.13876295252991966
720,12.0,feeder2_747,0.02028909348138218,0.14296453003359735,0.020323558014058843,0.14290749458767463
720,12.0,feeder2_828,0.02071909549328104,0.12728266873903757,0.020753231207231316,0.12724530026683903
720,12.0,feeder2_763,0.02089004850207789,0.1281631093134384,0.020922465044748623,0.12813089096397448
720,12.0,feeder2_836,0.017740590017249414,0.14201166186190098,0.017776409864351816,0.14195418474725016
720,12.0,feeder2_758,0.02026673369250634,0.14756736349423838,0.02030164119230029,0.14750315424596186
720,12.0,feeder2_788,0.021401836128916156,0.148964316443265,0.021437480762327762,0.1488958116045394
720,12.0,feeder2_812,0.019924381866653438,0.16055826149945773,0.019963627594579862,0.16047556507365002
720,12.0,feeder2_947,0.023817589403200716,0.13100901009692284,0.023853362540915333,0.13097634430558602
720,12.0,feeder2_868,0.021596500312692623,0.12885546856123425,0.021628304880173952,0.12882015586060333
720,12.0,feeder2_785,0.020645342584994227,0.1276068794809991,0.020680065324879468,0.12757253829909385
720,12.0,feeder2_1176,0.017814474120200582,0.12498057324499066,0.017845311622579962,0.12495486572728916
720,12.0,feeder2_846,0.019875699913254313,0.12761976110282855,0.019908971675232458,0.12758265880697658
720,12.0,feeder2_911,0.02066470192649112,0.12768743523004988,0.02069812060253006,0.12765680726463519
720,12.0,feeder2_1107,0.020793267705578853,0.16654557611703608,0.020832239877115678,0.16645771810405818
720,12.0,feeder2_920,0.019628640513792116,0.16269698321098394,0.019669891894468543,0.16260919756609785
720,12.0,feeder2_926,0.019303461097309953,0.16578877819870985,0.01934163509309086,0.16569335473372154
720,12.0,feeder2_1239,0.019492926075362033,0.1629250220676394,0.019530907131242916,0.16283354469313743
720,12.0,feeder2_933,0.01903311740851876,0.1665696414911666,0.019073062123617337,0.1664693751295087
720,12.0,feeder2_1146,0.01990062666272703,0.16870870332747143,0.019940541948229654,0.16861216838340343
720,12.0,feeder2_1124,0.019020945230122505,0.1665131408976623,0.0190605363066492,0.16641444343876854
720,12.0,feeder2_942,0.01834672232255386,0.1686814880904982,0.01838754091888312,0.1685730521871882
720,12.0,feeder2_952,0.01745598419745924,0.17313758266926232,0.017497569116939095,0.17302322716943186
720,12.0,feeder2_965,0.018331607561419397,0.1685264832151469,0.018373838789268394,0.16842125882710846
720,12.0,feeder2_961,0.01726232263012923,0.17317986173670485,0.01730553378687573,0.17306136017828938
720,12.0,feeder2_963,0.017476978541840545,0.17323334575047772,0.017517790349159273,0.1731145456984082
720,12.0,feeder2_973,0.016344096244863385,0.17318631331566817,0.016388004737335853,0.17306798284686817
720,12.0,feeder2_1128,0.017074658750216857,0.17361382634084077,0.01711470247326019,0.17349561152756746
720,12.0,feeder2_1113,0.018391361703530573,0.17448070137673047,0.01843222801230579,0.17436353942944724
720,12.0,feeder2_1143,0.018179200755546375,0.1761821405405111,0.018218377608867548,0.17606966944794777
720,12.0,feeder2_1238,0.019054032538577837,0.16897867862218388,0.019097582561565744,0.16887276986186045
720,12.0,feeder2_979,0.0183033808009359,0.1682923961629469,0.018343601947581188,0.16818380911447636
720,12.0,feeder2_1236,0.014918193264894077,0.17429001042807488,0.014963062203708811,0.1741561811790261
720,12.0,feeder2_989,0.016344647712934136,0.1731772815995281,0.016387746965883288,0.17305177186257611
720,12.0,feeder2_1196,0.018801473920911138,0.16718749338390654,0.018843706918049645,0.16707556685280006
720,12.0,feeder2_1158,0.016128115200135018,0.17205723518569901,0.016169718806662455,0.1719375212654136
720,12.0,feeder2_1122,0.0211538405431189,0.16899425652848193,0.02119091082831559,0.16891396037280595
720,12.0,feeder2_1258,0.020763913034177555,0.1664013356426419,0.02080269427117642,0.16631864225659382
720,12.0,feeder2_1303,0.021298890144000496,0.16908588622219237,0.021336835482833945,0.1689988758216433
720,12.0,feeder2_1138,0.02144186097931167,0.17089602549758343,0.02147907435020211,0.17081069373436608
720,12.0,feeder2_1304,0.02086049864096585,0.1711847428959543,0.020898819750270844,0.1711034625685258
720,12.0,feeder2_1212,0.022236659849152546,0.174619841631546,0.022273752210082678,0.17453869303396877
720,12.0,feeder2_1311,0.023231814178696467,0.17612975973972383,0.023272966877666154,0.17604457052900876
720,12.0,feeder2_1290,0.023018803701495345,0.1779636977067154,0.02305664878229209,0.17788465669486844
720,12.0,feeder2_1325,0.013087198139490656,0.17846584904658847,0.013132102564704744,0.17831835411424632
720,12.0,feeder2_1248,0.014909774097330105,0.17427922163090584,0.014954604073212063,0.17414539253465955
720,12.0,feeder2_1249,0.01907992905346788,0.16899632300512982,0.019123053525779733,0.16888623010519238
720,12.0,feeder2_1250,0.019499715020549268,0.1692545563633205,0.019540246956605938,0.16914973783278706
720,12.0,feeder2_1366,0.013201102426926622,0.17331389634363215,0.013245159793898247,0.1731817798038
720,12.0,feeder2_1266,0.020750957513346123,0.1663146252618498,0.020787340916171848,0.1662323816295255
720,12.0,feeder2_1372,0.028352052157489746,0.18213760215812486,0.02838903148637775,0.1820622040343475
720,12.0,feeder2_1363,0.022468628388115114,0.1762633274170113,0.0225085561353682,0.17617447048789145
720,12.0,feeder2_1446,0.013799812026945798,0.17939469550545156,0.013843917213870939,0.17925072690066599
720,12.0,feeder2_1502,0.010783791041318963,0.1823103711607089,0.010832723554809584,0.18215232141714702
720,12.0,feeder2_1428,0.02241023564067577,0.1759976445555421,0.022448778387590747,0.17590590772528525
720,12.0,feeder2_1380,0.022076401681607807,0.17455692311475476,0.022112479456573794,0.17446919953703835
720,12.0,feeder2_1550,0.02323049258666613,0.17652841142724265,0.023268764009978488,0.17643743767165673
720,12.0,feeder2_1386,0.02169420665170209,0.1727492570202304,0.021730570872908944,0.17265903620685355
720,12.0,feeder2_1551,0.022132386194016127,0.17208373779859137,0.022171091439695884,0.17198746770694032
720,12.0,feeder2_1400,0.02152174991203669,0.1720298637002489,0.02155943764830524,0.171935699862001
720,12.0,feeder2_1552,0.020724366098485006,0.17258651320048354,0.02076168682397081,0.17249151480581143
720,12.0,feeder2_1408,0.021323639095278242,0.17018901615973384,0.021360439248719134,0.17009302836260565
720,12.0,feeder2_1553,0.02125178364835686,0.17023835214904365,0.021290842635417535,0.17014130814549977
720,12.0,feeder2_1416,0.021226349880534134,0.16921791890342958,0.021265659819527497,0.16912521507151457
720,12.0,feeder2_1530,0.02134594600068483,0.1692971866049455,0.021382436611121016,0.1692023670245975
720,12.0,feeder2_1425,0.0210299910210351,0.16733162702754484,0.02106583183450255,0.16723317942755178
720,12.0,feeder2_1589,0.02151458267532169,0.16642879834832058,0.021552896944524377,0.1663296566387408
720,12.0,feeder2_1435,0.021009545320898246,0.16701966813387695,0.021048692175687132,0.16692551601416658
720,12.0,feeder2_1621,0.01871054364987411,0.16383850513716847,0.018750529708411578,0.16374598081456118
720,12.0,feeder2_1564,0.020983774548684518,0.16708138209937726,0.021019111985983847,0.16698811563704216
720,12.0,feeder2_1704,0.009728775279277676,0.18166813941157886,0.009774830806686589,0.1815101046264997
720,12.0,feeder2_1525,0.010252174449410623,0.18363254756529948,0.010301629954335003,0.18346702618621674
720,12.0,feeder2_1716,0.00842547537152185,0.18143406969809037,0.008470578720147599,0.1812685768567047
720,12.0,feeder2_1537,0.009691568799143449,0.18551065043704348,0.009738689926617614,0.1853462902791951
720,12.0,feeder2_1645,0.007488394749228357,0.1891814622193225,0.00751873133834175,0.1890055444962236
720,12.0,feeder2_1561,0.009877411847534842,0.18536095428211855,0.009925246348792941,0.18519112479439842
720,12.0,feeder2_1657,0.010882029908769244,0.18644010939154687,0.010930344612903995,0.18626973299744176
720,12.0,feeder2_1570,0.009898897736081089,0.1850446775613987,0.009949323315858068,0.18486816685536336
720,12.0,feeder2_1756,0.012124539643919225,0.18793675768224036,0.012173970063626628,0.18776888758322524
720,12.0,feeder2_1588,0.00988088685540652,0.1845669537379663,0.009927969306750542,0.18439230414856123
720,12.0,feeder2_1628,0.010564446707484099,0.18494648770054115,0.010613530117047397,0.18477534050721714
720,12.0,feeder2_1598,0.00982511977328473,0.18387153360694936,0.009875807510953618,0.1836968268320697
720,12.0,feeder2_1816,0.009345647485795507,0.17937627219805594,0.009390520643552691,0.17920310323082772
720,12.0,feeder2_1765,0.009775069166415198,0.18366988826166186,0.009822712294613447,0.18349453933540655
720,12.0,feeder2_1641,0.009492300098269842,0.1819356348234081,0.009542552861791643,0.18175624842491925
720,12.0,feeder2_1689,0.00918542837849058,0.1802408552097108,0.009236947014735122,0.18005196048694252
720,12.0,feeder2_1744,0.009605076168404749,0.1819822560923868,0.009656045268641677,0.18179879280414143
720,12.0,feeder2_1817,0.00910970009081398,0.1798223036249129,0.009161517803917673,0.17963238266068454
720,12.0,feeder2_1779,0.008028506838802466,0.17952044987479054,0.008078924764518375,0.1793358599250909
720,12.0,feeder2_1800,0.00978611083873733,0.17951538525102928,0.009834529732772528,0.17932607663335212
720,12.0,feeder2_1818,0.008671196783041355,0.179069431423289,0.008731839877703028,0.17887792453015464
720,12.0,feeder2_1753,0.00981020977767027,0.1820562612050231,0.00985849080286524,0.18187727880805968
720,12.0,feeder2_1754,0.00963855261131196,0.18199844596270698,0.00969030310605315,0.18181902997074212
750,12.5,secondary,0.031472852987134065,0.043113401334037,0.03145762999272371,0.04309375911644801
750,12.5,feeder2_44,0.05857712000191983,0.22488639823818707,0.05855051748185408,0.22478905317018447
750,12.5,feeder2_45,0.059601227624427947,0.23181472161407182,0.05957313570344554,0.23171811430250755
750,12.5,feeder2_46,0.05688255590750668,0.22596438910608865,0.056854694865297394,0.22586791204924367
750,12.5,feeder2_51,0.06137106759365196,0.2440170156945192,0.06134311958460785,0.243909751380129
750,12.5,feeder2_48,0.06069740739739048,0.23060203278217664,0.06066778987274751,0.23050024585524512
750,12.5,feeder2_52,0.05789763322381326,0.24481395622897414,0.05786959708538687,0.24471019732846172
750,12.5,feeder2_68,0.06674355002434094,0.2783320057868663,0.06670993483894665,0.2782165604324581
750,12.5,feeder2_69,0.0666335798197016,0.27942796199583714,0.06660595762259205,0.27930719865136994
750,12.5,feeder2_71,0.06745095879648798,0.2828215576779995,0.0674176120069008,0.28269902610404946
750,12.5,feeder2_72,0.06899057360999422,0.28113148705713703,0.06896164341904341,0.2810077908901477
750,12.5,feeder2_73,0.0696423090974295,0.2970688490118571,0.0696070720418171,0.296939209682121
750,12.5,feeder2_74,0.06877997984990386,0.29841694339947805,0.0687483294000844,0.29829197504383675
750,12.5,feeder2_77,0.0715862730718821,0.3091176256038809,0.07155344697698689,0.3089845774181711
750,12.5,feeder2_79,0.07038879428583618,0.31040950490909697,0.07035842962564029,0.3102775993408812
750,12.5,feeder2_81,0.07465443531326318,0.3275859367405768,0.07462028526917985,0.32744330209495304
750,12.5,feeder2_82,0.07602374834157183,0.3260435768812132,0.07599118170949196,0.3259037420573086
750,12.5,feeder2_116,0.08840352488876226,0.4118597935596525,0.08836507916793579,0.41167621437042834
750,12.5,feeder2_119,0.08721680620349063,0.4128795100787699,0.08718020453263217,0.4126969512816358
750,12.5,feeder2_120,0.09375065732461944,0.442647515180453,0.09370946036369336,0.44244964545750937
750,12.5,feeder2_248,0.09363273107309886,0.44259911688577347,0.09359014943105098,0.4424017907805859
750,12.5,feeder2_124,0.09705395559855039,0.46161294117633345,0.09701092969058576,0.4614084857417918
750,12.5,feeder2_282,0.0972992214872334,0.4613260583905272,0.0972559515811991,0.4611175597513366
750,12.5,feeder2_275,0.09693350047169369,0.46156417683710144,0.09688900560091522,0.4613577874612626
750,12.5,feeder2_151,0.1028261233866758,0.49482295733291914,0.10278136344896793,0.49460312532286965
750,12.5,feeder2_295,0.10298216436480549,0.49515699187195167,0.10293476106388649,0.4949399670465802
750,12.5,feeder2_311,0.1028794115577128,0.4949418099216153,0.10283461252092102,0.49472040722646154
750,12.5,feeder2_201,0.11233916108483058,0.5494712379803678,0.11228521838840234,0.5492270000349664
750,12.5,feeder2_314,0.11238397686892229,0.5494178441532702,0.11233382205735197,0.5491714551497922
750,12.5,feeder2_342,0.12587321621865002,0.6271493614060076,0.1258187925410902,0.6268683161332264
750,12.5,feeder2_368,0.12625316701670145,0.6340505063093704,0.12619397174157843,0.6337676739860769
750,12.5,feeder2_347,0.1316234864278135,0.652554567889446,0.13156411334822332,0.6522627299834453
750,12.5,feeder2_353,0.13447749224993644,0.6656284680304906,0.13441832685743912,0.6653271249348722
750,12.5,feeder2_518,0.13235002181976216,0.6517146316229298,0.1322911715087834,0.6514222837568823
750,12.5,feeder2_365,0.13765305560835453,0.680176268400574,0.13759383917823986,0.6798650376408174
750,12.5,feeder2_653,0.13437724857423755,0.6655875099589499,0.13431679406198407,0.6652871838665351
750,12.5,feeder2_377,0.13937591945276806,0.6880759449077736,0.13931615546280696,0.6877607565136433
750,12.5,feeder2_622,0.13767036401249344,0.6802148862546183,0.1376120624883573,0.679904189471098
750,12.5,feeder2_451,0.1278481987669323,0.6323869892712086,0.1277931479090394,0.6321028650194831
750,12.5,feeder2_383,0.12655892394526522,0.6466094395017454,0.1265001675412716,0.6463244735155304
750,12.5,feeder2_385,0.14133820503217104,0.6970608321667567,0.1412806134098422,0.6967359754477096
750,12.5,feeder2_621,0.13954864514777968,0.6884320588642171,0.13948526362442215,0.6881176653087466
750,12.5,feeder2_611,0.12511174781940526,0.6460901337706915,0.1250585262763306,0.6457998747761295
750,12.5,feeder2_405,0.12660001831581116,0.647430088594961,0.1265404841151924,0.6471453578929708
750,12.5,feeder2_461,0.14932851693826185,0.7336813766220966,0.14926546717120226,0.7333426279553357
750,12.5,feeder2_594,0.1412615557692684,0.697025145002204,0.14120186537547713,0.6967030824522645
750,12.5,feeder2_732,0.1264485124423211,0.6473708193553381,0.12639437302033507,0.6470803046726549
750,12.5,feeder2_417,0.12692315569940482,0.65363194502249,0.12686331982696428,0.6533455438673998
750,12.5,feeder2_663,0.12613636759747548,0.6565077525443361,0.1260774084043732,0.6562174054644254
750,12.5,feeder2_444,0.1271236601407615,0.6573897459434861,0.12706330324241216,0.6571017386041728
750,12.5,feeder2_759,0.12985452537592054,0.6542696727974395,0.1297963458911532,0.6539820065796911
750,12.5,feeder2_842,0.13992429772925838,0.68215854184996,0.1398550144085769,0.6818722780397399
750,12.5,feeder2_459,0.12686652539569196,0.657433222102843,0.12681087793621457,0.6571417663815442
750,12.5,feeder2_702,0.12860926172259787,0.6555865047802781,0.12854769738323338,0.6552999738805488
750,12.5,feeder2_493,0.12571691593166065,0.6583474626168184,0.12565709060355043,0.6580551901724928
750,12.5,feeder2_651,0.14950271342357502,0.7340865657491442,0.14944159732114878,0.7337431887369199
750,12.5,feeder2_684,0.15574718289629275,0.7630875474299442,0.15568398408768347,0.7627314449352746
750,12.5,feeder2_674,0.12328538901708833,0.6590106862503043,0.1232298889764848,0.6587149909564384
750,12.5,feeder2_696,0.12591708792404466,0.6593059109629633,0.12585690355117027,0.6590146904969421
750,12.5,feeder2_681,0.117178191372779,0.6604092293360276,0.11712499033733421,0.6601091619913038
750,12.5,feeder2_682,0.12259004124992517,0.6597304718148295,0.12253266448105533,0.6594391551545781
750,12.5,feeder2_728,0.15697049560503532,0.7686722948736443,0.15690369367139914,0.7683182131797351
750,12.5,feeder2_724,0.15988299443920184,0.7803562436979127,0.15981895479215188,0.7799809682811871
750,12.5,feeder2_703,0.12600476579980527,0.6594823825754671,0.1259463086415873,0.6591912114190471
750,12.5,feeder2_704,0.126070160825043,0.6596143548090195,0.12601305122097656,0.6593186556297107
750,12.5,feeder2_754,0.1603036539732329,0.7799160909075822,0.16023906718523714,0.7795432633682631
750,12.5,feeder2_747,0.16156832918709899,0.7876296787918827,0.16150432604352374,0.7872477557214803
750,12.5,feeder2_828,0.15680607045267322,0.7685905310401714,0.1567362313633979,0.7682381627535209
750,12.5,feeder2_763,0.15885326872150507,0.777063585963359,0.15878558572960536,0.7767087976977802
750,12.5,feeder2_836,0.16192228294493122,0.788349505773831,0.16185734505383909,0.7879655500910828
750,12.5,feeder2_758,0.16296158534518157,0.79357402810775,0.16289790640992666,0.7931879530345418
750,12.5,feeder2_788,0.16437982244548324,0.7920971243750576,0.1643089914120406,0.7917151360551258
750,12.5,feeder2_812,0.1669226551074542,0.8137712300363676,0.16684989516211735,0.8133712185218082
750,12.5,feeder2_947,0.16047798672307267,0.7753002248029929,0.1604134964559985,0.7749457737843051
750,12.5,feeder2_868,0.15969032502588354,0.7761768372830833,0.15962351172182457,0.7758240281190764
750,12.5,feeder2_785,0.1598116935430682,0.7830345264129118,0.15974772710951607,0.7826771081253844
750,12.5,feeder2_1176,0.17366822858538772,0.8121814411508806,0.17358433148520483,0.8118263158016605
750,12.5,feeder2_846,0.15883430719127747,0.7831693821062472,0.15876844192715167,0.782810142023977
750,12.5,feeder2_911,0.15981724289587665,0.782985309920404,0.1597529497604166,0.7826249206728697
750,12.5,feeder2_1107,0.1681864856222202,0.8265613536772243,0.16811913686013474,0.8261474671173309
750,12.5,feeder2_920,0.1676870165628155,0.8159261217737154,0.16761786390054198,0.8155171788622264
750,12.5,feeder2_926,0.16894057341639773,0.8194644553186214,0.16887032145805103,0.8190520526953106
750,12.5,feeder2_1239,0.16755725209743183,0.8155846087064372,0.16748853192052002,0.815173369684963
750,12.5,feeder2_933,0.16944997839846399,0.8213101681356061,0.1693840107905205,0.8208940745815061
750,12.5,feeder2_1146,0.16916369507081608,0.8182199374835041,0.16909602971998428,0.8178030422057262
750,12.5,feeder2_1124,0.16898374501865132,0.8218523944691174,0.1689129763639504,0.821436055073725
750,12.5,feeder2_942,0.17074227928647928,0.8254508014352147,0.17067225538086564,0.8250331114738438
750,12.5,feeder2_952,0.17241857146450898,0.833380783409448,0.17235096327658497,0.8329484193388994
750,12.5,feeder2_965,0.1707738370435385,0.825224208297989,0.170705582034821,0.8248041378282802
750,12.5,feeder2_961,0.17254712325042437,0.8348900058313244,0.17248016684377787,0.8344564071803651
750,12.5,feeder2_963,0.17242998930033418,0.8332416794112742,0.1723614834143434,0.8328117573343097
750,12.5,feeder2_973,0.17333361617385803,0.8427133846067641,0.17326178043424412,0.8422775054116717
750,12.5,feeder2_1128,0.17237034237238352,0.8352396036885282,0.17230100653624753,0.8348098855148016
750,12.5,feeder2_1113,0.1729451901337581,0.8327072606294995,0.17287790849217358,0.8322763687947784
750,12.5,feeder2_1143,0.17297154037596818,0.8252619943495715,0.17290633068791625,0.8248427581823706
750,12.5,feeder2_1238,0.1743671417555777,0.8215836515637247,0.17429727040848164,0.8211682894420292
750,12.5,feeder2_979,0.17077123542798575,0.825216033254195,0.17070165266573173,0.824798538264953
750,12.5,feeder2_1236,0.17433726648484538,0.8533871523759312,0.1742665204667969,0.8529331872277599
750,12.5,feeder2_989,0.173335178022208,0.8427225067617979,0.1732636268935089,0.8422831654053726
750,12.5,feeder2_1196,0.1707154688932511,0.8251869140442359,0.17064291739930135,0.8247716889655964
750,12.5,feeder2_1158,0.17379433941546554,0.8438726669383332,0.1737195277933132,0.8434392491833343
750,12.5,feeder2_1122,0.1686529722863541,0.8314221025536566,0.16857832314517207,0.8310111340956631
750,12.5,feeder2_1258,0.16827898102379907,0.8267321683591464,0.1682074540899057,0.8263245013277142
750,12.5,feeder2_1303,0.1687264057825195,0.8313462323079377,0.16865831527750139,0.8309359492549238
750,12.5,feeder2_1138,0.16902322125641958,0.8352829235249623,0.16895608077939936,0.8348677987919826
750,12.5,feeder2_1304,0.16810244491830129,0.8358340288411243,0.16803743931051218,0.8354178509678093
750,12.5,feeder2_1212,0.17005057464731127,0.8431339904105606,0.16997975922050176,0.8427161868834597
750,12.5,feeder2_1311,0.17171130548142774,0.8414045302767483,0.17164083688714044,0.8409845687792178
750,12.5,feeder2_1290,0.17106969528359406,0.8542903940257479,0.17099449345933831,0.8538685164994246
750,12.5,feeder2_1325,0.17546087715050154,0.8664968334404987,0.17538583800659624,0.8660281212641637
750,12.5,feeder2_1248,0.17433995028345597,0.8533942921255474,0.17426931350297356,0.8529394229318871
750,12.5,feeder2_1249,0.1743826471758151,0.8215692621737707,0.1743146366002845,0.82114745630706
750,12.5,feeder2_1250,0.17685306749882954,0.8190686237530295,0.17678717177885858,0.8186493033841551
750,12.5,feeder2_1366,0.17439504394932456,0.8535381803784633,0.1743201055156267,0.8530870532403806
750,12.5,feeder2_1266,0.16834417678987507,0.8268426866770876,0.16827410250586883,0.8264342210782221
750,12.5,feeder2_1372,0.17226628369693142,0.8530422850557402,0.172195917903442,0.8526167235535222
750,12.5,feeder2_1363,0.17186912925650819,0.8680557964661921,0.1717950017555063,0.8676313774197805
750,12.5,feeder2_1446,0.17550143748463937,0.8664592358784685,0.17542662893940836,0.8659885456145483
750,12.5,feeder2_1502,0.17672464197086543,0.881269023172982,0.17664357458254343,0.8807825556849013
750,12.5,feeder2_1428,0.17115967054099382,0.8687498115557376,0.1710897398952394,0.8683199445315898
750,12.5,feeder2_1380,0.17326438693446314,0.8838787124179718,0.1731903429809752,0.8834463285260951
750,12.5,feeder2_1550,0.17330863317462214,0.8838277763501587,0.173232822250081,0.8833973779550727
750,12.5,feeder2_1386,0.17395228218837816,0.891632171553373,0.17388014692029033,0.8911996774657859
750,12.5,feeder2_1551,0.1738378447128294,0.8915807555250179,0.17376282045474029,0.8911513643550624
750,12.5,feeder2_1400,0.17428554440054328,0.895333132005386,0.17421105105617857,0.8948969389002872
750,12.5,feeder2_1552,0.17269491954566923,0.8946422560044258,0.17262261562995268,0.8942034101622284
750,12.5,feeder2_1408,0.17513345392092508,0.9034299577318671,0.17505944349519853,0.9029971147700165
750,12.5,feeder2_1553,0.17500588104642278,0.9033701004367188,0.1749286860746506,0.902937171135115
750,12.5,feeder2_1416,0.17558126424291653,0.907661591686845,0.1755031290405929,0.9072289648147625
750,12.5,feeder2_1530,0.17564126137473873,0.907591626438677,0.17556663338308467,0.9071556187288917
750,12.5,feeder2_1425,0.17643697618950374,0.9157600524746451,0.17635887151003865,0.9153264585557368
750,12.5,feeder2_1589,0.1746858318034475,0.9165339794516721,0.17461061402087988,0.9160957478007209
750,12.5,feeder2_1435,0.17665836129005977,0.9173392155944813,0.1765839583590485,0.9169054748730205
750,12.5,feeder2_1621,0.1837166391220855,0.9330044067237366,0.18363534233637888,0.9325663006239068
750,12.5,feeder2_1564,0.1762154636334166,0.918368423784261,0.17613870978846316,0.9179327772650693
750,12.5,feeder2_1704,0.17617571610932264,0.8819647637782252,0.17609406581615739,0.8814811534475051
750,12.5,feeder2_1525,0.17704705382636796,0.8847809639425991,0.17697037027959087,0.8842852074592156
750,12.5,feeder2_1716,0.18591992794251444,0.9106788449242916,0.185820115784241,0.910188929491061
750,12.5,feeder2_1537,0.17679379185528346,0.8847233993803219,0.17671673839293128,0.8842243637533165
750,12.5,feeder2_1645,0.17608840850741034,0.8852187043956294,0.1760088604209112,0.8847181686936051
750,12.5,feeder2_1561,0.17664585076993658,0.8844482274940125,0.17656835207465615,0.8839411583757527
750,12.5,feeder2_1657,0.17720796520791063,0.883924297118899,0.17713187366204308,0.88341701774243
750,12.5,feeder2_1570,0.1765768953632926,0.8844402562098422,0.1764948680068416,0.8839327518784925
750,12.5,feeder2_1756,0.17974860567551076,0.8811455895938187,0.17966833565929152,0.8806386352542619
750,12.5,feeder2_1588,0.17647427932453952,0.8846427161422202,0.17639341765185843,0.8841312521723859
750,12.5,feeder2_1628,0.17690424597378632,0.884240003757232,0.17682690975795937,0.8837292329839548
750,12.5,feeder2_1598,0.17633896208897817,0.885000163003369,0.17625694422844027,0.884487785006843
750,12.5,feeder2_1816,0.17795573696281525,0.8891826013814431,0.1778723164479282,0.8886696206397088
750,12.5,feeder2_1765,0.1764262642706394,0.88520713325024,0.1763458313750355,0.8846906742160562
750,12.5,feeder2_1641,0.1754458144802866,0.8853879684435781,0.17536473141302336,0.8848571389012125
750,12.5,feeder2_1689,0.17469087497960153,0.8857951137981867,0.17460800841679283,0.8852483364534383
750,12.5,feeder2_1744,0.17550914104055942,0.8853318372214128,0.175429758692596,0.8847951961019191
750,12.5,feeder2_1817,0.17443971392223598,0.8862994806857122,0.1743575361692364,0.885748334394686
750,12.5,feeder2_1779,0.17472453217556969,0.8858630214795105,0.17464262120232082,0.8853136392658427
750,12.5,feeder2_1800,0.17411915538803274,0.8863785761862472,0.1740411241754582,0.8858260858778512
750,12.5,feeder2_1818,0.17250273377063957,0.8810426905375219,0.17243609649263444,0.8804607903183957
750,12.5,feeder2_1753,0.17562178885043228,0.8852354032934303,0.17554052399298012,0.8847049161558788
750,12.5,feeder2_1754,0.17552849411596752,0.8853140210658436,0.17544610273790998,0.8847803530108093
780,13.0,secondary,0.03627019501217115,0.028860006823873127,0.036242008132957054,0.028828205315502748
780,13.0,feeder2_44,0.06765780711250971,0.15087714453213824,0.06761026957721074,0.15072566358604383
780,13.0,feeder2_45,0.06884070258468875,0.15562537340934435,0.06879047015962482,0.155467529310759
780,13.0,feeder2_46,0.06754469746780059,0.15078892423795445,0.06749901410432999,0.15063822827467457
780,13.0,feeder2_51,0.07013332430787758,0.16012042993569023,0.07008473310124196,0.15995778451109824
780,13.0,feeder2_48,0.09011053704703603,0.17984515476951982,0.09006494132206026,0.17969174396966914
780,13.0,feeder2_52,0.07376064179459065,0.15348151459002995,0.0737055677095472,0.15331970451998894
780,13.0,feeder2_68,0.07383443471259625,0.17520636486969535,0.07378029962780451,0.17501923959125665
780,13.0,feeder2_69,0.07044629388911451,0.17510193669079394,0.07039354765174387,0.17490722508952866
780,13.0,feeder2_71,0.07435951257874726,0.1772389958640094,0.07430617447755763,0.17704527140595597
780,13.0,feeder2_72,0.07789040888183513,0.18177808325040945,0.07784098547619368,0.18158846521655223
780,13.0,feeder2_73,0.07588639980483657,0.18303580657818544,0.07583126063499297,0.18283730859010222
780,13.0,feeder2_74,0.075846052267125,0.18296990483433617,0.07579327332407737,0.1827697609063922
780,13.0,feeder2_77,0.07721029189733938,0.1880260765814632,0.07715608380858817,0.18781717227565975
780,13.0,feeder2_79,0.07527989175731291,0.18790109999146223,0.07522370472799046,0.18768913583934016
780,13.0,feeder2_81,0.07942985106739472,0.1960914138443002,0.07937411605349311,0.19587046104550593
780,13.0,feeder2_82,0.0803090618966291,0.19705414667437138,0.0802509818901405,0.1968354085966087
780,13.0,feeder2_116,0.0893953500102808,0.23170967659136552,0.08932794359642347,0.23144434818466209
780,13.0,feeder2_119,0.08610519622386612,0.2251890657359785,0.08603161110848329,0.22495213673614528
780,13.0,feeder2_120,0.09449871961932978,0.24801222899799832,0.09443249958074475,0.24771707665719203
780,13.0,feeder2_248,0.09549876910344515,0.24602244660953185,0.09543129642576736,0.24572704406935542
780,13.0,feeder2_124,0.09768173038090179,0.25885532964365693,0.09761158357184489,0.2585405445276707
780,13.0,feeder2_282,0.0991983064601377,0.26044175486442683,0.09912878066518745,0.26013100786561427
780,13.0,feeder2_275,0.0976265032244263,0.25880562301303395,0.09755779786878524,0.25849333407358227
780,13.0,feeder2_151,0.10313692935016357,0.2768494604978732,0.10306634451202268,0.2765008290873605
780,13.0,feeder2_295,0.10259396829248137,0.276227129809802,0.10252274837799127,0.27587980652748484
780,13.0,feeder2_311,0.10307764621947896,0.27677886484163033,0.10300609334712864,0.2764334189272754
780,13.0,feeder2_201,0.11241032548580485,0.3080482188325043,0.11233310656168687,0.30764917223184834
780,13.0,feeder2_314,0.11321729778543471,0.30897659504459496,0.11314383372825665,0.3085775116441768
780,13.0,feeder2_342,0.12528056345610936,0.35039900199118057,0.12519964379650686,0.34991926743687884
780,13.0,feeder2_368,0.12313241761640673,0.34582275860682826,0.12305088452948043,0.3453654327076421
780,13.0,feeder2_347,0.13537715541499235,0.38095849815254246,0.13529459682446465,0.38040233301063414
780,13.0,feeder2_353,0.13985739201156902,0.39404670104064277,0.13977614679463915,0.3934520266027675
780,13.0,feeder2_518,0.1404714285329775,0.38607344417422895,0.1403911368702842,0.38552090725449517
780,13.0,feeder2_365,0.14488327482414526,0.4090822290609117,0.14480265230142436,0.4084467715760772
780,13.0,feeder2_653,0.13979930412557276,0.39398722931950997,0.13971641886548514,0.3933964342814826
780,13.0,feeder2_377,0.14776903403565675,0.41703400998108425,0.14768770116263605,0.4163759081311985
780,13.0,feeder2_622,0.14171453549560328,0.4109121110107787,0.14163212222499832,0.41027422486526927
780,13.0,feeder2_451,0.12322705066230238,0.34592159736585154,0.12314207085788853,0.3454659542783613
780,13.0,feeder2_383,0.11971827636862754,0.3393129173257797,0.11963133727191282,0.3388983854593837
780,13.0,feeder2_385,0.15109277060927756,0.426509420164915,0.151007741615159,0.42582898317198276
780,13.0,feeder2_621,0.14736000256918266,0.41656142572743515,0.1472771200805725,0.4159034188107008
780,13.0,feeder2_611,0.11448580516373257,0.33385933659240113,0.11438988528269367,0.3334675941703868
780,13.0,feeder2_405,0.11964674824622246,0.33918944653582217,0.11955886606661405,0.3387749330780103
780,13.0,feeder2_461,0.16482010521036278,0.4684399866940101,0.16473547967511917,0.4676682331537606
780,13.0,feeder2_594,0.15147811241180975,0.4251848806808127,0.15139367279570098,0.42450237138408325
780,13.0,feeder2_732,0.11939299819638044,0.3389537942869807,0.11930521759370885,0.33853918365301544
780,13.0,feeder2_417,0.11913487704331574,0.3383367254626075,0.11905014321838296,0.3379300540454577
780,13.0,feeder2_663,0.11908919303087796,0.33827335698427247,0.1190012083387738,0.3378660338658326
780,13.0,feeder2_444,0.11874967967030037,0.33775219640313386,0.1186612204150663,0.3373548816300073
780,13.0,feeder2_759,0.12212932897386593,0.3418639458739405,0.12204260403572839,0.3414724243954417
780,13.0,feeder2_842,0.11791193827422673,0.3367676056805226,0.11782356768503803,0.3363688250657579
780,13.0,feeder2_459,0.1185440975467797,0.33734513083038237,0.1184581845254738,0.3369463314367793
780,13.0,feeder2_702,0.11962713604423052,0.33851460755929097,0.1195406808977742,0.3381171254336163
780,13.0,feeder2_493,0.11764307926616034,0.33537386525713575,0.11755423509209147,0.334985639610034
780,13.0,feeder2_651,0.16480218537753327,0.4684219161492195,0.1647176868127973,0.46764630699037507
780,13.0,feeder2_684,0.1761137340883365,0.5036989318248732,0.17602803077537735,0.5028498020268675
780,13.0,feeder2_674,0.11650474200433956,0.3340071648251519,0.11641403525736338,0.3336244297049432
780,13.0,feeder2_696,0.11759710388459683,0.33475884632651576,0.11750756696943816,0.3343715159914153
780,13.0,feeder2_681,0.11377776738133681,0.3304134515217462,0.11367886859977032,0.33004792289222473
780,13.0,feeder2_682,0.11646705501583983,0.3339827168815508,0.11637709101323646,0.33360012196386013
780,13.0,feeder2_728,0.1771041129573955,0.5067259352738158,0.17701664583392943,0.5058825697873204
780,13.0,feeder2_724,0.18614027374997152,0.5339429790175753,0.18605260281331246,0.533016615790748
780,13.0,feeder2_703,0.1175099986782089,0.3346422527744042,0.11742291989522947,0.3342525954765495
780,13.0,feeder2_704,0.11746740978147938,0.3345809446404948,0.11737842587755634,0.3341897175131323
780,13.0,feeder2_754,0.19638890679594367,0.5442567795581418,0.19630005335711412,0.5433349966807746
780,13.0,feeder2_747,0.18933977700904903,0.541031846355661,0.18925391093811753,0.5400708124309377
780,13.0,feeder2_828,0.1767478546128515,0.5063482982102477,0.17665918545631695,0.505504734634204
780,13.0,feeder2_763,0.17876686606302028,0.5117397162552528,0.17867921343625595,0.5109041970772229
780,13.0,feeder2_836,0.18589781262928703,0.5391576359468248,0.18582022623417047,0.5381871338424093
780,13.0,feeder2_758,0.1918995795081733,0.5486525652233898,0.191810112144494,0.5476711846070241
780,13.0,feeder2_788,0.19299291493711113,0.549135678011714,0.1929075675400662,0.5481517252953219
780,13.0,feeder2_812,0.19942485716267608,0.571677069859634,0.199337123833847,0.5706202688262211
780,13.0,feeder2_947,0.19055790298039194,0.5219806014349806,0.19047292325650658,0.5211534794821118
780,13.0,feeder2_868,0.1794752986374997,0.5124664237168671,0.17938757085814522,0.5116307409103151
780,13.0,feeder2_785,0.17890651166229254,0.5119622921619922,0.17881986931487273,0.5111264805184393
780,13.0,feeder2_1176,0.17851076939445767,0.5115956511307665,0.17842518908086694,0.5107582740791033
780,13.0,feeder2_846,0.1783605147387843,0.5113084461223052,0.17827447415451203,0.5104739035657718
780,13.0,feeder2_911,0.17948420659634368,0.5134251750723353,0.17939764166522668,0.5125918824515079
780,13.0,feeder2_1107,0.19730625429513904,0.5570387941901327,0.19721719871275664,0.5559803736276893
780,13.0,feeder2_920,0.20212776230360083,0.5822557953471869,0.20203510815379233,0.5811802151179826
780,13.0,feeder2_926,0.20631498533205597,0.5991210296793004,0.20622198179651866,0.598018638692282
780,13.0,feeder2_1239,0.20194499039310243,0.5810215662957853,0.20185400082307942,0.5799462569085732
780,13.0,feeder2_933,0.20816715131090793,0.6065842895472312,0.20807304454594924,0.6054672478845777
780,13.0,feeder2_1146,0.2063316248308124,0.5992362608287127,0.20623905891638,0.5981342615329416
780,13.0,feeder2_1124,0.20815547647155233,0.6065723536574936,0.20806546852535487,0.6054526096183208
780,13.0,feeder2_942,0.21285755027837275,0.6255481942557776,0.21276313353810597,0.6243972793590277
780,13.0,feeder2_952,0.21663185968301307,0.6394258610466761,0.21653490555348065,0.6382224675978085
780,13.0,feeder2_965,0.2132699874487788,0.6274243509770653,0.2131734431954569,0.6262796720233156
780,13.0,feeder2_961,0.21686502234808244,0.6399551340972811,0.216771449530419,0.638745118493574
780,13.0,feeder2_963,0.21667000803514586,0.6396415171952307,0.21657575494017006,0.6384378763386964
780,13.0,feeder2_973,0.21813162510613188,0.6429598747354824,0.21803749891542956,0.6417185120735023
780,13.0,feeder2_1128,0.21685207756716243,0.6399090776585552,0.21675565178115902,0.6386984904884334
780,13.0,feeder2_1113,0.21671592783046018,0.6396890547877843,0.21662247280914357,0.6384861180793198
780,13.0,feeder2_1143,0.21932005935874493,0.654569734860169,0.21922401173676567,0.6533716465381687
780,13.0,feeder2_1238,0.24767005966524944,0.656081522735697,0.2475772745988715,0.6549514547835484
780,13.0,feeder2_979,0.21326706758542122,0.6274142693436665,0.21317263075322318,0.6262649941429044
780,13.0,feeder2_1236,0.22015413227599712,0.647300906337187,0.22006185511590157,0.6460130815769785
780,13.0,feeder2_989,0.21813092483676608,0.6429653053253589,0.21803614645745664,0.6417235864310478
780,13.0,feeder2_1196,0.21322548351045129,0.6273689990683168,0.21313165080407764,0.6262205025244383
780,13.0,feeder2_1158,0.2167695377502454,0.6438382492916006,0.2166780394819922,0.6425946878689196
780,13.0,feeder2_1122,0.19646327042724845,0.5514435550397935,0.1963765460168505,0.5503816062940446
780,13.0,feeder2_1258,0.19716426326508366,0.55696768872196,0.1970777399843612,0.555908370906003
780,13.0,feeder2_1303,0.197240242424124,0.5522149870531738,0.19715094134044056,0.5511562201348834
780,13.0,feeder2_1138,0.1957542516228946,0.5467525740583423,0.19566556661860623,0.5456931635283052
780,13.0,feeder2_1304,0.18919825518100006,0.5384516256831923,0.18910056037726866,0.5373980075273654
780,13.0,feeder2_1212,0.19595946683840007,0.5432159245500582,0.19587268147475229,0.5421491444088317
780,13.0,feeder2_1311,0.1973095269282828,0.5445490177839984,0.19722247493400483,0.5434819466457597
780,13.0,feeder2_1290,0.1960430464179699,0.5378379571912367,0.1959574988398826,0.5367600731716378
780,13.0,feeder2_1325,0.22220948704412802,0.6551769335470654,0.22211184767318312,0.6538333693977404
780,13.0,feeder2_1248,0.22013917186894585,0.6472998806149621,0.22004502564334302,0.6460099790748272
780,13.0,feeder2_1249,0.25675779250884606,0.6639238608081044,0.2566616713603866,0.6628011843271474
780,13.0,feeder2_1250,0.2499509558213227,0.6576433180377245,0.24985838704440255,0.6565172788333083
780,13.0,feeder2_1366,0.22010927880244366,0.6472924509677149,0.2200148520533901,0.646002014099287
780,13.0,feeder2_1266,0.1970369098795025,0.5569102927191754,0.1969481429637907,0.5558508744323941
780,13.0,feeder2_1372,0.19630304278771246,0.538105104226675,0.1962162016905702,0.5370297217944533
780,13.0,feeder2_1363,0.19609288098768113,0.5318492198536189,0.1960094526950862,0.5307627721868384
780,13.0,feeder2_1446,0.22246110675010702,0.6554180645856954,0.22236394724760244,0.6540743457370088
780,13.0,feeder2_1502,0.22449403146948926,0.6639290875552502,0.22439449117530744,0.6625267047459902
780,13.0,feeder2_1428,0.19602838168911813,0.531776137051286,0.19594660738626546,0.5306871842321741
780,13.0,feeder2_1380,0.19620839018425099,0.5249361474120061,0.19613001804354682,0.5238356579247164
780,13.0,feeder2_1550,0.19630458183448368,0.525041734358785,0.1962232821367775,0.523940710017843
780,13.0,feeder2_1386,0.1962679579206098,0.521610532973693,0.19618731803321515,0.5205075012467446
780,13.0,feeder2_1551,0.1965272337448977,0.5197373554373376,0.19644653018213767,0.5186307576271327
780,13.0,feeder2_1400,0.19633628257714497,0.5205011078022725,0.19625721095261842,0.5193933299720535
780,13.0,feeder2_1552,0.19542556935924182,0.5173699313321938,0.19534635737863595,0.5162601813010117
780,13.0,feeder2_1408,0.19673953820009202,0.5198541115018529,0.19666409755610872,0.5187393271502314
780,13.0,feeder2_1553,0.19663901368225373,0.5197453217906435,0.1965603587318333,0.5186330432564329
780,13.0,feeder2_1416,0.19696040741542603,0.5195675341067829,0.19688405960393138,0.5184504876652593
780,13.0,feeder2_1530,0.1985900752831953,0.519930535771988,0.19851181758631192,0.5188162984000692
780,13.0,feeder2_1425,0.19715957319267996,0.5188026781422093,0.19708589278091582,0.5176752641893672
780,13.0,feeder2_1589,0.19631292512264725,0.5177600203579928,0.1962376668439225,0.516637318228665
780,13.0,feeder2_1435,0.1972248033420252,0.5187549741131647,0.19714856065029726,0.5176289250948081
780,13.0,feeder2_1621,0.19311160715500517,0.5201025896102138,0.19305072700530132,0.5189632176191471
780,13.0,feeder2_1564,0.19719620079760047,0.5186497151090533,0.1971217919323275,0.517523738131962
780,13.0,feeder2_1704,0.22344889720761663,0.6648893376351285,0.2233510457944866,0.6634851927861224
780,13.0,feeder2_1525,0.22513749153025966,0.6658908503737684,0.22503693503225392,0.6644731213908668
780,13.0,feeder2_1716,0.22167557482614086,0.6665849227229069,0.2215963160238108,0.6651475925560196
780,13.0,feeder2_1537,0.22566891855786186,0.6683202397205962,0.22556648586793282,0.6668879914747987
780,13.0,feeder2_1645,0.22519249929035243,0.6670747979744086,0.22509249586173066,0.6656416751300671
780,13.0,feeder2_1561,0.22638937360780084,0.6717626608729474,0.22628531708411614,0.670310301040661
780,13.0,feeder2_1657,0.23439679026034144,0.6792922224044151,0.23429384780101725,0.677844350188865
780,13.0,feeder2_1570,0.2263989446531205,0.6713376335342196,0.2262974523441313,0.6698780064315232
780,13.0,feeder2_1756,0.22893360266929302,0.6737183188458853,0.22883189402628412,0.6722585860742394
780,13.0,feeder2_1588,0.22638334491761908,0.6707830116942396,0.2262808285298601,0.669315828787675
780,13.0,feeder2_1628,0.22766398181377334,0.6714871365969598,0.22756084179159056,0.6700218803403122
780,13.0,feeder2_1598,0.22628700500108304,0.6698547123227988,0.22618483238831827,0.6683820034287776
780,13.0,feeder2_1816,0.22105509560618888,0.6721532704595382,0.2209928147368018,0.6706476640635844
780,13.0,feeder2_1765,0.22625859332015968,0.6698442260423155,0.22615728161945134,0.6683673925251438
780,13.0,feeder2_1641,0.2250398898033979,0.6661486801413017,0.224931614564181,0.6646390640412815
780,13.0,feeder2_1689,0.22353863990945505,0.661678568073538,0.2234260500903535,0.6601305905130775
780,13.0,feeder2_1744,0.22635822493311852,0.6668816080922685,0.22625045254703585,0.6653672995278798
780,13.0,feeder2_1817,0.2234832086016171,0.6614727687764076,0.2233726809912462,0.6599253721208074
780,13.0,feeder2_1779,0.22353539806930192,0.6616681583327723,0.22342386783018886,0.6601225807016904
780,13.0,feeder2_1800,0.21905171813828417,0.6546546870944521,0.21893422492974776,0.6531140842556088
780,13.0,feeder2_1818,0.21644177547939203,0.6595639412993176,0.21628006098734434,0.6579483404567167
780,13.0,feeder2_1753,0.22745132471873966,0.6679146926432754,0.22734503902130937,0.6664040267538054
780,13.0,feeder2_1754,0.22703174820628774,0.6671647212871297,0.2269248317153252,0.665652421256091
810,13.5,secondary,0.05217097840683926,0.0626687720313358,0.05215888031413315,0.0626548301355659
810,13.5,feeder2_44,0.0972027918076177,0.3272351459239607,0.0971744773740391,0.3271532192441762
810,13.5,feeder2_45,0.09895495140998357,0.3372823939862472,0.09892591246184985,0.3371968486155673
810,13.5,feeder2_46,0.0941674203151019,0.3300781531746067,0.09413967548019896,0.3299950127139497
810,13.5,feeder2_51,0.10191367408773097,0.3543891787109447,0.10188371208355523,0.35429971880957495
810,13.5,feeder2_48,0.10116981850872059,0.33940626915646605,0.10113974803788862,0.3393200343949175
810,13.5,feeder2_52,0.10175731372598885,0.35317998023220554,0.10172372964111506,0.3530906134288381
810,13.5,feeder2_68,0.11035622682498969,0.40304786797808684,0.1103252723509647,0.4029465526918333
810,13.5,feeder2_69,0.1102276257573235,0.40303594950917704,0.11019568738892828,0.4029327321093222
810,13.5,feeder2_71,0.11147967733398483,0.40950203803457413,0.1114470470262078,0.4093988184470745
810,13.5,feeder2_72,0.11170559020285084,0.40973151975849975,0.11167507732410789,0.4096274769652137
810,13.5,feeder2_73,0.11499549155459955,0.4296801529924431,0.11495977029162194,0.4295684188840474
810,13.5,feeder2_74,0.11617854244978329,0.42793103803586785,0.11614381935530979,0.42781984760165764
810,13.5,feeder2_77,0.11800739739554689,0.44728157861114953,0.11797296855382186,0.4471693151081019
810,13.5,feeder2_79,0.11792162786260878,0.4472726364281513,0.11788835537044375,0.44715840393487705
810,13.5,feeder2_81,0.12278513170824315,0.47513412055113813,0.12274863504766186,0.4750151070141487
810,13.5,feeder2_82,0.12538169837461366,0.4774268699006442,0.1253448559853251,0.4773073893804645
810,13.5,feeder2_116,0.14355039088187685,0.5974549455055106,0.14351089295218772,0.5973026521614904
810,13.5,feeder2_119,0.14353416321680126,0.5973977075716097,0.14349247486276698,0.5972461611189822
810,13.5,feeder2_120,0.15130373573135641,0.6428467222936748,0.15125873643381457,0.6426784479885642
810,13.5,feeder2_248,0.15126358762037462,0.6427497807980243,0.1512162502075636,0.6425836859493965
810,13.5,feeder2_124,0.1560929055828475,0.6708146140299731,0.15604817835885693,0.6706394980482023
810,13.5,feeder2_282,0.16276384872466662,0.6766112273397449,0.16271919902161808,0.6764396034748432
810,13.5,feeder2_275,0.15605213833055417,0.6707151070254042,0.15600679755264807,0.6705420735297251
810,13.5,feeder2_151,0.16338181427650614,0.7157262837601531,0.16333733833747222,0.7155394068784438
810,13.5,feeder2_295,0.15843638819520944,0.7175025601170735,0.15838702286686238,0.7173145749994221
810,13.5,feeder2_311,0.16331003600457575,0.7157103977874784,0.16326238187879433,0.715521218001936
810,13.5,feeder2_201,0.17654778961459497,0.7887519532496466,0.1764965334793358,0.7885443744253767
810,13.5,feeder2_314,0.17663297976628897,0.788836288951919,0.17658303682071488,0.7886288164700397
810,13.5,feeder2_342,0.195222527974242,0.8923857083037038,0.1951663877095609,0.8921482988145256
810,13.5,feeder2_368,0.19672462677466565,0.896204622348006,0.19666792937324368,0.8959655623189183
810,13.5,feeder2_347,0.20256701103569807,0.9361611080707899,0.20250452621133358,0.9359107034389812
810,13.5,feeder2_353,0.2060995496859886,0.9573036869884234,0.20603729877689378,0.9570441951505338
810,13.5,feeder2_518,0.20379455953150274,0.9373655516318593,0.203736273442967,0.9371136134538682
810,13.5,feeder2_365,0.2100355104533538,0.9807972631627996,0.20997056010427598,0.9805260366341563
810,13.5,feeder2_653,0.2060645851527875,0.9572201993870535,0.2060009034597461,0.9569616786345633
810,13.5,feeder2_377,0.2123394698066554,0.9929530763478954,0.2122740165130285,0.9926775629384434
810,13.5,feeder2_622,0.2068491105900224,0.9833676225574964,0.20678482847934138,0.983098766833705
810,13.5,feeder2_451,0.1968183125202647,0.8962984717817417,0.19675753991965192,0.8960627404130483
810,13.5,feeder2_383,0.19914140903244804,0.9023183025066156,0.19908048635969183,0.9020824517012666
810,13.5,feeder2_385,0.21521751065615735,1.0065750680562602,0.21515209723586615,1.0062956788605675
810,13.5,feeder2_621,0.20722768740323158,0.9946802278646782,0.2071619384662334,0.9944063692470511
810,13.5,feeder2_611,0.19920436825309365,0.901694932219059,0.19914764623794276,0.9014608799564672
810,13.5,feeder2_405,0.19929491899450735,0.9027331601459524,0.19923580336419486,0.902499158785496
810,13.5,feeder2_461,0.22693174683134174,1.062047177915252,0.2268614069580376,1.0617493289991025
810,13.5,feeder2_594,0.21518659901695902,1.006513826338921,0.21512178827543396,1.0062345462453737
810,13.5,feeder2_732,0.20085132413803164,0.8986150465814599,0.2007939910869804,0.8983779957232134
810,13.5,feeder2_417,0.20043617348072484,0.9067636766842047,0.20037967132209875,0.90652942631629
810,13.5,feeder2_663,0.20037784900540073,0.9067477206307681,0.2003212730620419,0.906513663576496
810,13.5,feeder2_444,0.20130686510700674,0.909837120576946,0.20125041406346406,0.9096014086578199
810,13.5,feeder2_759,0.20226100717658305,0.9107801152647225,0.20220416572734132,0.9105426429123278
810,13.5,feeder2_842,0.2010318300869655,0.9097697544476889,0.20097299859728937,0.9095357909811761
810,13.5,feeder2_459,0.20159637085989998,0.910857342233253,0.20153810299884434,0.9106241652222196
810,13.5,feeder2_702,0.21301121877709558,0.9221050414244629,0.21295409519299652,0.9218699207597205
810,13.5,feeder2_493,0.20137288455321328,0.9101567122577479,0.20131379067734168,0.9099209239916657
810,13.5,feeder2_651,0.22690067424935167,1.0620391136640606,0.22682912603638658,1.0617410663507916
810,13.5,feeder2_684,0.23646937631669604,1.1072638947028628,0.23639832453573972,1.1069511093363664
810,13.5,feeder2_674,0.20140053647350006,0.909462902160221,0.20133870438161997,0.9092290683630415
810,13.5,feeder2_696,0.20098003033625386,0.911112096034819,0.2009221379260441,0.9108771309854078
810,13.5,feeder2_681,0.20108394992249756,0.9082495095024308,0.20102267687346886,0.9080147658438598
810,13.5,feeder2_682,0.20200696908021434,0.9084284750381767,0.2019499790338504,0.9081925063203072
810,13.5,feeder2_728,0.23807964368567927,1.112099251030364,0.23800571369162346,1.1117872822390553
810,13.5,feeder2_724,0.2438701137333016,1.1424078949136078,0.24379409218298406,1.142077610439608
810,13.5,feeder2_703,0.20087172730926822,0.9110855981122139,0.2008120412865363,0.9108510940675449
810,13.5,feeder2_704,0.20047668008254838,0.9115123724012762,0.2004195191705768,0.9112790979158856
810,13.5,feeder2_754,0.24502110204508462,1.1434870096761938,0.24494372787404062,1.1431550931641237
810,13.5,feeder2_747,0.2467675699903683,1.156153089558498,0.24668914741452466,1.1558162627182695
810,13.5,feeder2_828,0.23820213734388665,1.1092186264489736,0.238130133677498,1.1089051025007175
810,13.5,feeder2_763,0.240816842159051,1.123470282405353,0.24074146764901438,1.1231569470807494
810,13.5,feeder2_836,0.23961732769315902,1.1549058653396125,0.23953942463956468,1.1545615397337623
810,13.5,feeder2_758,0.24942255305490726,1.169121035769053,0.24934445415060819,1.1687795175690647
810,13.5,feeder2_788,0.2503907447427588,1.1700707191156903,0.2503106142677953,1.1697269844071865
810,13.5,feeder2_812,0.2573377914042904,1.2079300304391027,0.25725571910081163,1.2075721328451072
810,13.5,feeder2_947,0.24357120567106136,1.1261978572931801,0.24349730973677536,1.1258895103832351
810,13.5,feeder2_868,0.24181366852780656,1.1244546793860384,0.24174015926760511,1.1241433002070484
810,13.5,feeder2_785,0.24208966895841647,1.1289892127733563,0.24201838140565599,1.1286783501045505
810,13.5,feeder2_1176,0.23725620389257657,1.1311550389942329,0.23718169069802766,1.1308415340780475
810,13.5,feeder2_846,0.24166963757274737,1.1279421715152687,0.24159798075865008,1.1276322083192174
810,13.5,feeder2_911,0.24571590843639238,1.1417137809642446,0.2456417237251538,1.1414032829233989
810,13.5,feeder2_1107,0.2554008597815287,1.2028241046487258,0.25531756604477257,1.2024693931686135
810,13.5,feeder2_920,0.260090354956015,1.2202484711260417,0.2600080234698514,1.2198887228490698
810,13.5,feeder2_926,0.26429984113256366,1.2397585721365922,0.26421637880789134,1.2393912879275546
810,13.5,feeder2_1239,0.25996361247098654,1.218902410761663,0.2598810338290427,1.2185390745682758
810,13.5,feeder2_933,0.2660974513817427,1.2482662772679336,0.2660082652303178,1.2478964173713958
810,13.5,feeder2_1146,0.2646115553118292,1.2403925988425875,0.2645261800739438,1.2400264316468341
810,13.5,feeder2_1124,0.266067398283818,1.2482532433930467,0.26598295220723117,1.247882631038287
810,13.5,feeder2_942,0.27064902274690994,1.2698308215057192,0.2705581850808605,1.269455866296087
810,13.5,feeder2_952,0.2746150941723433,1.2900942024389679,0.2745220105683384,1.2897054296657382
810,13.5,feeder2_965,0.2710061843905461,1.2713317262596233,0.2709174834075396,1.270951531402315
810,13.5,feeder2_961,0.27485257759410325,1.291462273528481,0.27476135882704966,1.291072091627271
810,13.5,feeder2_963,0.274656096887039,1.2902702444984708,0.27456362044090593,1.2898813860636738
810,13.5,feeder2_973,0.27611637097308,1.2992175611603827,0.27602297673320947,1.2988175316238681
810,13.5,feeder2_1128,0.27485374234267873,1.2906337610438483,0.274761465124669,1.2902401590570063
810,13.5,feeder2_1113,0.27500798745437177,1.2904863165642748,0.27491782766592976,1.2900991896566962
810,13.5,feeder2_1143,0.2771156453549516,1.3017303051575635,0.2770244970558269,1.3013430769896668
810,13.5,feeder2_1238,0.29765766182623454,1.297337989169939,0.29756635968901746,1.2969646685079237
810,13.5,feeder2_979,0.2710073311100287,1.2711023405086057,0.2709167913365245,1.2707268796937548
810,13.5,feeder2_1236,0.2780252681841555,1.3109960807982228,0.27793115756396786,1.310585935948915
810,13.5,feeder2_989,0.2761162204854688,1.2992158473608129,0.27602019633673963,1.298817334814931
810,13.5,feeder2_1196,0.2714963954546913,1.2701736228100877,0.27140836080441477,1.2697986138329045
810,13.5,feeder2_1158,0.2756355134191424,1.2990855351038686,0.2755408651684789,1.2986828855249088
810,13.5,feeder2_1122,0.25493973435119016,1.199949882828566,0.2548571827137992,1.1995957790119638
810,13.5,feeder2_1258,0.2532940744960449,1.2041071627767883,0.2532090635832955,1.2037535081894666
810,13.5,feeder2_1303,0.25656935233850797,1.201256269604644,0.2564879654429012,1.2009032658753587
810,13.5,feeder2_1138,0.25440899770499026,1.197173667387975,0.2543263420045112,1.1968185300947423
810,13.5,feeder2_1304,0.25439123582974055,1.197137323329108,0.2543113158427101,1.196783650668869
810,13.5,feeder2_1212,0.25329257176516956,1.1913397625735564,0.25320874937198806,1.1909833552682465
810,13.5,feeder2_1311,0.25588250386737127,1.1938514126455306,0.2557994019064509,1.1934981480836382
810,13.5,feeder2_1290,0.2514526997095067,1.1820102698028387,0.2513712930410111,1.181656374098255
810,13.5,feeder2_1325,0.2807384786725853,1.3274891799634552,0.2806381617061107,1.3270629461297228
810,13.5,feeder2_1248,0.27801852689326506,1.3109954784634594,0.2779228600413159,1.3105853599118857
810,13.5,feeder2_1249,0.29852999206398273,1.2980840044616926,0.29844292098600433,1.2977102060429437
810,13.5,feeder2_1250,0.3142976154971653,1.31383645251103,0.3142063325591621,1.3134652821394255
810,13.5,feeder2_1366,0.27793922158743944,1.310971541864775,0.27784246313043537,1.310562274636697
810,13.5,feeder2_1266,0.25215787803210044,1.2046770463696548,0.2520731100093094,1.204322411159631
810,13.5,feeder2_1372,0.2521658041924552,1.1827532647263905,0.25208525745873145,1.1824026148041966
810,13.5,feeder2_1363,0.2492954521613195,1.1709662330736474,0.2492123153054407,1.1706164093862315
810,13.5,feeder2_1446,0.28204040313005696,1.3284784212232925,0.28194284387748836,1.3280536017722235
810,13.5,feeder2_1502,0.2832774572637581,1.34456054807804,0.2831780415200403,1.3441186017644038
810,13.5,feeder2_1428,0.24925955060910338,1.170898552633743,0.2491762993796447,1.1705501329670611
810,13.5,feeder2_1380,0.2467025481660486,1.1576894964691022,0.24661882033346666,1.1573443251032276
810,13.5,feeder2_1550,0.24847679083048377,1.1589184145240008,0.24839502135626146,1.158569302633467
810,13.5,feeder2_1386,0.24512610398415366,1.150473429287557,0.24504280808987006,1.1501230226947055
810,13.5,feeder2_1551,0.24507738926439737,1.1503855518158068,0.24499642302312574,1.1500378778981766
810,13.5,feeder2_1400,0.24438180151761008,1.1470639182161764,0.2443005911077602,1.1467167455317648
810,13.5,feeder2_1552,0.24393684771794633,1.1461233434182831,0.24385190355133607,1.1457792324977396
810,13.5,feeder2_1408,0.24294684528690852,1.1404585652506796,0.24286345937525705,1.1401119434096056
810,13.5,feeder2_1553,0.2428896233743821,1.1403628969301887,0.24280756621183097,1.1400146719857625
810,13.5,feeder2_1416,0.2422052305834812,1.1370403869150236,0.24212333633598643,1.1366929230996816
810,13.5,feeder2_1530,0.24303262712007712,1.1375746777579678,0.2429468076367102,1.1372293705032712
810,13.5,feeder2_1425,0.24062935784638148,1.1301746771706938,0.24054306835793346,1.129826289496188
810,13.5,feeder2_1589,0.23525618016834662,1.11702436169039,0.23517156685460058,1.116685229019283
810,13.5,feeder2_1435,0.24057895646712626,1.1299738625663927,0.2404985835751963,1.1296272458066303
810,13.5,feeder2_1621,0.23308038306271012,1.1291818478469007,0.23299597815742734,1.1288295575915879
810,13.5,feeder2_1564,0.2405550417369817,1.129884295168433,0.2404718119730923,1.1295380634593621
810,13.5,feeder2_1704,0.282804838584283,1.3444502042366273,0.28270033605343,1.3440070231012922
810,13.5,feeder2_1525,0.28393814779079174,1.3490232756982135,0.2838370269790246,1.3485759175145253
810,13.5,feeder2_1716,0.277487027582731,1.3475268300949748,0.2773832522907066,1.3470752971668927
810,13.5,feeder2_1537,0.28471799341536075,1.3544298808034658,0.28461546642782776,1.3539773177915948
810,13.5,feeder2_1645,0.2850442185820033,1.3536078012916892,0.2849394941533137,1.3531542258004274
810,13.5,feeder2_1561,0.285612738733457,1.361024040749495,0.2855050922264176,1.3605683605582801
810,13.5,feeder2_1657,0.28596119079052756,1.3613300337270202,0.28585637792374574,1.3608726453470505
810,13.5,feeder2_1570,0.28597752816385485,1.363790107517352,0.28587107088987845,1.3633298293847698
810,13.5,feeder2_1756,0.29094592063921954,1.368590346902227,0.29083805333367113,1.368132809817984
810,13.5,feeder2_1588,0.2862505477380125,1.366057988122579,0.28614543707215007,1.3655963492852223
810,13.5,feeder2_1628,0.28746805701308525,1.3671038607500854,0.28736224221086365,1.3666404227451987
810,13.5,feeder2_1598,0.2865044118235506,1.3685972415341066,0.2863969738639371,1.3681315044805316
810,13.5,feeder2_1816,0.2824951775193926,1.3682745264173943,0.2823881006724576,1.367807751528207
810,13.5,feeder2_1765,0.28639896747533744,1.3685538806064628,0.2862912283167839,1.368092453611423
810,13.5,feeder2_1641,0.2878294750846856,1.3813843242639048,0.2877203322011052,1.3809087960537356
810,13.5,feeder2_1689,0.286531163352936,1.3808405783922606,0.2864202804996678,1.3803487710346092
810,13.5,feeder2_1744,0.2949835639572605,1.388329184153404,0.2948738521013963,1.3878502351099922
810,13.5,feeder2_1817,0.28643722887082923,1.3804922849944838,0.28632607288980455,1.3800033313888955
810,13.5,feeder2_1779,0.28457847454081514,1.3821596619694076,0.2844653346324731,1.381670210301757
810,13.5,feeder2_1800,0.28650834492539906,1.3807974504372882,0.28639589539504173,1.3803081469116192
810,13.5,feeder2_1818,0.27747883891711944,1.3719037642989869,0.27734709692093346,1.3713888303030553
810,13.5,feeder2_1753,0.29737356675132937,1.3902355540247142,0.29726235752416696,1.3897632519765057
810,13.5,feeder2_1754,0.2994114286281006,1.3927170666333692,0.299301301025672,1.392242046589599
840,14.0,secondary,0.048573792837746786,0.04659312446130171,0.04856975038705319,0.0465850952518932
840,14.0,feeder2_44,0.0905070406990828,0.24331068590859342,0.09050195800643392,0.2432720740675329
840,14.0,feeder2_45,0.09207672587205698,0.2508543688166773,0.09207252186873356,0.2508137669558466
840,14.0,feeder2_46,0.09028982354313776,0.24445040702013493,0.0902870819165846,0.24441036034921837
840,14.0,feeder2_51,0.09460839268011913,0.26453547844901765,0.09460233333469176,0.264497699238544
840,14.0,feeder2_48,0.09759871578306288,0.2466415137621894,0.0975956665791525,0.24659957443002783
840,14.0,feeder2_52,0.09305577758799578,0.26266934831917615,0.09305101260698284,0.2626254627284599
840,14.0,feeder2_68,0.10194854510094471,0.3038053406398954,0.10194369397212928,0.30375873550447335
840,14.0,feeder2_69,0.10193581821870581,0.30396705945800573,0.10193289264089397,0.30391595098376817
840,14.0,feeder2_71,0.1029244406832138,0.30900113031330434,0.102922207685052,0.3089520537662962
840,14.0,feeder2_72,0.10313601780466326,0.30901614171407554,0.10313504708543265,0.3089655510936096
840,14.0,feeder2_73,0.10598124662232779,0.32525792720555785,0.10597909130866587,0.32520419084329616
840,14.0,feeder2_74,0.10598096774349833,0.32501494329865305,0.10597681371398315,0.3249676530338982
840,14.0,feeder2_77,0.10864337658731929,0.33927699018835605,0.10863829206610642,0.3392216765370952
840,14.0,feeder2_79,0.1068788480361436,0.3413298099797217,0.10687406310057944,0.3412779492831357
840,14.0,feeder2_81,0.11294541525829985,0.36063887107481,0.11294173458462704,0.36058233345956536
840,14.0,feeder2_82,0.11565317059140956,0.3606442742359372,0.11565099251217516,0.3605836521609734
840,14.0,feeder2_116,0.13199983097783607,0.4561261951682941,0.13199529117168288,0.45605364170262647
840,14.0,feeder2_119,0.13194555794678864,0.45590708607825425,0.13193888567285234,0.45583984420171547
840,14.0,feeder2_120,0.1392383354856886,0.49175733372021624,0.13923314540988704,0.491684045175344
840,14.0,feeder2_248,0.13913298810939667,0.4916434476951119,0.1391316776332192,0.49156326908076936
840,14.0,feeder2_124,0.14371568500814583,0.5137295112067881,0.14370956114562924,0.5136526373720588
840,14.0,feeder2_282,0.1634614014387403,0.5147405130771885,0.16345308003850803,0.5146573172546162
840,14.0,feeder2_275,0.14351223336824817,0.5133626487093202,0.1435068449154483,0.5132811658895031
840,14.0,feeder2_151,0.15020696374187373,0.5509265615225387,0.15020196210286949,0.5508402925012358
840,14.0,feeder2_295,0.15074998045225513,0.5644494265203548,0.15074866222681166,0.5643628329918536
840,14.0,feeder2_311,0.1502161559250437,0.5510247921272821,0.15021113595895116,0.5509383430856548
840,14.0,feeder2_201,0.15875172343530897,0.5939546549706558,0.1587456431332713,0.5938635441454256
840,14.0,feeder2_314,0.1595437655097776,0.5932959976325025,0.15953556002640634,0.593207984779102
840,14.0,feeder2_342,0.17062177221525526,0.6563114601703421,0.17061901033147386,0.6562055902419232
840,14.0,feeder2_368,0.17018787571523847,0.6547332573456675,0.17018231452079197,0.6546303410814052
840,14.0,feeder2_347,0.17724002268356018,0.6898977348903166,0.17723123234479785,0.6897882647774483
840,14.0,feeder2_353,0.18049897447174698,0.7065456445793937,0.18049126643798,0.7064302918875506
840,14.0,feeder2_518,0.17810591103888435,0.6899444056795224,0.1780991179209197,0.6898346283038458
840,14.0,feeder2_365,0.18413714679077273,0.7250640168357063,0.18413164920913502,0.7249417133200301
840,14.0,feeder2_653,0.18040646697302679,0.7064517061280388,0.18039957708051768,0.7063378678443649
840,14.0,feeder2_377,0.18611681646462108,0.7351143862876713,0.1861114109294648,0.7349935560857864
840,14.0,feeder2_622,0.18414224867207193,0.7250964922369771,0.18413507722290645,0.7249728193482208
840,14.0,feeder2_451,0.17026209128789468,0.6547433534420263,0.1702553829407234,0.6546412167858665
840,14.0,feeder2_383,0.16947692202096623,0.6521809431424487,0.16947052446619734,0.6520768433023273
840,14.0,feeder2_385,0.18773672803586997,0.7421384732786409,0.18772814804991905,0.7420191059017394
840,14.0,feeder2_621,0.1879221259134739,0.7494785107587282,0.18791540637830131,0.749359714371723
840,14.0,feeder2_611,0.1683020352454921,0.6510553206464748,0.16829795266708225,0.6509523464890623
840,14.0,feeder2_405,0.16946249326096585,0.6520942382304895,0.1694561296333183,0.6519905635654462
840,14.0,feeder2_461,0.19434171421319177,0.7709591329707655,0.1943326800263927,0.7708279376922841
840,14.0,feeder2_594,0.18766431956845,0.7420648509425829,0.18765714553884152,0.741948592129629
840,14.0,feeder2_732,0.16680240856472842,0.6494358307272583,0.1667975791291215,0.6493310101840978
840,14.0,feeder2_417,0.16957704160692527,0.6520880196378542,0.1695695722894912,0.651987683410968
840,14.0,feeder2_663,0.16856725063921174,0.6534113382399314,0.16855948074177995,0.6533050129252765
840,14.0,feeder2_444,0.16972284401328988,0.6516658293718016,0.16971514659645956,0.6515624159967478
840,14.0,feeder2_759,0.1710163130838209,0.6517045975093883,0.17101058333204908,0.6515981086809542
840,14.0,feeder2_842,0.1699600721199409,0.654041548424868,0.1699544773159554,0.6539398741016899
840,14.0,feeder2_459,0.16973879722000562,0.6513770420707965,0.16973080857753903,0.6512743866101028
840,14.0,feeder2_702,0.17333034215937101,0.6495693248125899,0.173323847029156,0.6494607112362338
840,14.0,feeder2_493,0.16942246875715664,0.6508955028430267,0.16941588980118286,0.6507907021039931
840,14.0,feeder2_651,0.19441309231567594,0.7716641438615327,0.19440634919123367,0.7715320304658979
840,14.0,feeder2_684,0.19960128015743564,0.7938572951610174,0.19959311145395148,0.7937146070873228
840,14.0,feeder2_674,0.1688042683189741,0.6502822429409213,0.1687966567192964,0.6501776863471668
840,14.0,feeder2_696,0.1695452751481911,0.6525124877838681,0.16953831029225092,0.6524071752980312
840,14.0,feeder2_681,0.16725075048223434,0.6487132060585163,0.16724604933674267,0.6486082731580005
840,14.0,feeder2_682,0.16861392690478164,0.6501231573911628,0.16860422015976784,0.6500189040872536
840,14.0,feeder2_728,0.19739042891081365,0.7856503212389281,0.1973826713789425,0.7855077196316096
840,14.0,feeder2_724,0.2090455859694982,0.836525084213724,0.20903639055036674,0.8363777071573011
840,14.0,feeder2_703,0.1695634054363773,0.6526627462081652,0.16955925020794843,0.652557494162478
840,14.0,feeder2_704,0.1694902577598186,0.6531024776214792,0.16948384541946146,0.6529982449089796
840,14.0,feeder2_754,0.21176027395312613,0.8349000669916057,0.21175061151007224,0.8347501434158932
840,14.0,feeder2_747,0.2126136239873081,0.8547876826540171,0.2126039475494919,0.8546357510048843
840,14.0,feeder2_828,0.1903969994116093,0.7784331873681405,0.19038812220973433,0.7782922278771761
840,14.0,feeder2_763,0.19743032423953596,0.7848173950480609,0.19742305418326092,0.7846736094880444
840,14.0,feeder2_836,0.21462586136172176,0.8684364260668848,0.2146197801988819,0.8682820644034066
840,14.0,feeder2_758,0.21479336100827065,0.8649399961913116,0.21478219247596536,0.8647823360652722
840,14.0,feeder2_788,0.21580055260730294,0.8650598651935513,0.21579173990144215,0.8648971233639036
840,14.0,feeder2_812,0.22138470925687886,0.8963814407651393,0.22137476017069468,0.8962074136993684
840,14.0,feeder2_947,0.19935243958648635,0.7850289727370727,0.19934789881257114,0.7848836662334259
840,14.0,feeder2_868,0.19838049407718125,0.7848995959685308,0.19837415751977122,0.784753583458421
840,14.0,feeder2_785,0.19723348463091994,0.7841106905866849,0.1972258120633427,0.7839677707094844
840,14.0,feeder2_1176,0.1972688102813629,0.784287354562774,0.19726317743676028,0.784142974722721
840,14.0,feeder2_846,0.19592603550209636,0.7827601619086669,0.19591642098139225,0.7826183457179484
840,14.0,feeder2_911,0.19729575940785368,0.7842324345788835,0.19728978069093733,0.7840901923549347
840,14.0,feeder2_1107,0.22277620185457658,0.9006339333595699,0.2227648525110656,0.9004669534098129
840,14.0,feeder2_920,0.2228623187508756,0.9041419131598298,0.22285170805506102,0.9039694406083961
840,14.0,feeder2_926,0.22521433247991046,0.9164207207336106,0.22520310856620462,0.9162439020591627
840,14.0,feeder2_1239,0.2226855822020223,0.9033271378725456,0.22267682191591445,0.903152338212636
840,14.0,feeder2_933,0.22620151055424806,0.9220305758269667,0.2261907612176618,0.9218470709085526
840,14.0,feeder2_1146,0.22547031015508162,0.9156446793579505,0.2254607631368121,0.91546395950804
840,14.0,feeder2_1124,0.22621106976406982,0.9220736951084838,0.22620317655152206,0.921891747891903
840,14.0,feeder2_942,0.22869390956105767,0.9362174658464562,0.2286832161713178,0.9360369670057215
840,14.0,feeder2_952,0.23207375921317017,0.9575862891102245,0.2320647964436932,0.9573963202206357
840,14.0,feeder2_965,0.22873312765480294,0.9361656681653323,0.22872280355834768,0.935984595383395
840,14.0,feeder2_961,0.23238153841985693,0.9599673245547797,0.2323716903000179,0.959777974462717
840,14.0,feeder2_963,0.23208614368592528,0.9575709163934057,0.232072615455474,0.9573837409392475
840,14.0,feeder2_973,0.23409049322887257,0.9728119411463055,0.23408152695802792,0.9726157498334707
840,14.0,feeder2_1128,0.23226140280440655,0.959653172193224,0.23225164768919546,0.9594608422768784
840,14.0,feeder2_1113,0.2325822433973843,0.9572095979278281,0.2325692011905281,0.9570222018858633
840,14.0,feeder2_1143,0.2326231414090665,0.9574854483303518,0.2326149080878754,0.9572962757099843
840,14.0,feeder2_1238,0.2352067676245181,0.935594571910124,0.23519540300201477,0.9354072245513484
840,14.0,feeder2_979,0.22870709081084384,0.9360976539966186,0.22869859647201332,0.9359091939870596
840,14.0,feeder2_1236,0.23654810820973415,0.9914475077066809,0.23653624059444073,0.9912472169735271
840,14.0,feeder2_989,0.2340914252968731,0.9728169702692432,0.23407831734366347,0.97262570379377
840,14.0,feeder2_1196,0.22854798251541456,0.9358836460855826,0.22853729051469895,0.9356962151955244
840,14.0,feeder2_1158,0.2342075247430076,0.9735092561439473,0.23419571060219613,0.9733155013580033
840,14.0,feeder2_1122,0.22331229539852923,0.9015227297594519,0.22329921872542244,0.901352945583387
840,14.0,feeder2_1258,0.2223976765336768,0.9016555209786494,0.22238908485798192,0.9014800053823531
840,14.0,feeder2_1303,0.2241200308919611,0.9016668049290167,0.22410723042568967,0.9014941837602594
840,14.0,feeder2_1138,0.22370917991312217,0.9021617313429752,0.22369843788306246,0.901985782121679
840,14.0,feeder2_1304,0.2235256108633883,0.9018316225352482,0.22351546299598438,0.9016602941822235
840,14.0,feeder2_1212,0.22471071730021894,0.9039387098146081,0.22470206919104357,0.9037644891966413
840,14.0,feeder2_1311,0.23986652518490945,0.9054573619562833,0.23985574817982927,0.9052768087948357
840,14.0,feeder2_1290,0.22431460292266311,0.9038718610370071,0.22430164005018066,0.9036968120576845
840,14.0,feeder2_1325,0.2397670600307417,1.0108053277455782,0.23975515279000809,1.0105993032673428
840,14.0,feeder2_1248,0.2365365511016078,0.9914773505952503,0.23652603796990584,0.9912780773180424
840,14.0,feeder2_1249,0.236528035643398,0.9353480441329396,0.23651604452105832,0.9351605643404143
840,14.0,feeder2_1250,0.23657932109851584,0.9358102040911689,0.23656758252983487,0.9356251137561536
840,14.0,feeder2_1366,0.23512217665622712,0.9935122628169134,0.23511247403997007,0.9933079814984825
840,14.0,feeder2_1266,0.22243013398241007,0.9020883717709889,0.22241897979198474,0.9019139327649988
840,14.0,feeder2_1372,0.2245914788056108,0.9042214814340813,0.22457919368318235,0.9040460703503654
840,14.0,feeder2_1363,0.2238912930470333,0.9032707339124183,0.2238810677159536,0.903095637731288
840,14.0,feeder2_1446,0.24170498049831626,1.010323040719749,0.24169453068880056,1.0101137498849528
840,14.0,feeder2_1502,0.24297404329871644,1.032993268624164,0.2429637968334918,1.0327749679772074
840,14.0,feeder2_1428,0.22368148440471963,0.9028862593226952,0.2236707228654858,0.9027152388728458
840,14.0,feeder2_1380,0.2236740085938726,0.9033789503370476,0.22366236145167687,0.9032087853526726
840,14.0,feeder2_1550,0.22552346369778695,0.9028403333597677,0.2255115774350403,0.9026663012684653
840,14.0,feeder2_1386,0.2234042703523785,0.9036315519673124,0.22339162823236353,0.9034604353636039
840,14.0,feeder2_1551,0.22318671213133598,0.903271481313596,0.22317642876789698,0.9030949948529838
840,14.0,feeder2_1400,0.2233143472725201,0.903862174458807,0.22330361800011253,0.9036927907580163
840,14.0,feeder2_1552,0.22218895587363835,0.9026318681968429,0.22217771810908726,0.9024616201371339
840,14.0,feeder2_1408,0.22326881172259708,0.9050000240599673,0.22325762034447866,0.9048280352260013
840,14.0,feeder2_1553,0.2229074918969803,0.9043369694753568,0.222898513737706,0.9041606692307145
840,14.0,feeder2_1416,0.22332148936655857,0.9057952899760833,0.22331015411204314,0.9056261818653779
840,14.0,feeder2_1530,0.22342076532406077,0.9058228559440246,0.22340939617249014,0.9056492408982095
840,14.0,feeder2_1425,0.22341661832672782,0.907291474842886,0.22340692230074866,0.907118696125082
840,14.0,feeder2_1589,0.223351051227817,0.9072197581999,0.22334014141013095,0.9070473191149884
840,14.0,feeder2_1435,0.2234373819052202,0.9075999250807352,0.22342686409083748,0.9074250686290432
840,14.0,feeder2_1621,0.22266486950762954,0.9111455292051613,0.22265181682904478,0.9109761994182212
840,14.0,feeder2_1564,0.22340919193733133,0.9074659153652419,0.2234006702148256,0.907289662454288
840,14.0,feeder2_1704,0.24307978883257123,1.033805074811607,0.24306852899289083,1.033590884832936
840,14.0,feeder2_1525,0.2437522099084533,1.0384283089595059,0.24373818957961896,1.0382114588634461
840,14.0,feeder2_1716,0.24065188728159592,1.0442193859315942,0.24063830394509034,1.0440059652031397
840,14.0,feeder2_1537,0.24463712855426323,1.04362828961347,0.24462681077449472,1.0434064998249875
840,14.0,feeder2_1645,0.2438861876173201,1.0427875803156164,0.24387513070168862,1.0425666631318073
840,14.0,feeder2_1561,0.24577831055897217,1.0500440139468838,0.24576313665819755,1.0498224107918648
840,14.0,feeder2_1657,0.24766816446152506,1.049092017729926,0.24765868088872284,1.0488658696221103
840,14.0,feeder2_1570,0.2461816140287705,1.0530093283275255,0.24616922806955777,1.052784616688144
840,14.0,feeder2_1756,0.2742843641594078,1.0564689785745234,0.2742700209451026,1.0562419609842648
840,14.0,feeder2_1588,0.24634331532849002,1.0554181929121567,0.24632785755595016,1.0551942226004707
840,14.0,feeder2_1628,0.24705702586265724,1.055569485699497,0.24704571964196237,1.0553457136404234
840,14.0,feeder2_1598,0.24652660298527643,1.0584008373834282,0.2465125838841229,1.0581765670686205
840,14.0,feeder2_1816,0.2432492341817008,1.0723392604834483,0.24323762676922234,1.0721185170916046
840,14.0,feeder2_1765,0.24656421230812173,1.0585526142454784,0.24655313214807623,1.0583260918616602
840,14.0,feeder2_1641,0.2471850312555197,1.0689296296385693,0.24716931461648628,1.0687014231504433
840,14.0,feeder2_1689,0.24768340119649432,1.0776669130785408,0.2476701504710006,1.0774300664831062
840,14.0,feeder2_1744,0.24769211967170546,1.0690638298655668,0.24767905783547503,1.0688341222475906
840,14.0,feeder2_1817,0.24738837361171834,1.0767154101094594,0.24737453726338524,1.0764864449897789
840,14.0,feeder2_1779,0.2473505570145989,1.0788663369919589,0.24734090463331646,1.0786301930760034
840,14.0,feeder2_1800,0.24740395820301406,1.0773744690814546,0.2473904746115182,1.0771436487589066
840,14.0,feeder2_1818,0.24397723479138958,1.0927853656056934,0.2439611132127969,1.0925417597762872
840,14.0,feeder2_1753,0.24879592242703763,1.0692867264068509,0.24878456730244125,1.0690529217341034
840,14.0,feeder2_1754,0.24780325590873317,1.069108485909859,0.24779038987432703,1.0688824974587385
870,14.5,secondary,0.05647797019412438,0.05649304518917755,0.056468709306887965,0.056485534455701245
870,14.5,feeder2_44,0.10525401082662392,0.29506218861900774,0.10523768023476392,0.29504266152594666
870,14.5,feeder2_45,0.10709104337468014,0.30352358464477586,0.1070743528995027,0.3034995532414352
870,14.5,feeder2_46,0.10081007587785336,0.3045346128339571,0.10079233410965269,0.30451147483431273
870,14.5,feeder2_51,0.11028272097911299,0.3182279251251338,0.11026273766551328,0.3182085570793193
870,14.5,feeder2_48,0.10725501857815464,0.30353266610696744,0.1072357709000336,0.3035154709322504
870,14.5,feeder2_52,0.10752380736876054,0.31524661748626953,0.10750718044511094,0.315227790551826
870,14.5,feeder2_68,0.11956368239870058,0.3608967427926541,0.11954394136251927,0.3608721060836505
870,14.5,feeder2_69,0.11957807001125231,0.36105686453977914,0.11955674146490569,0.3610363705873502
870,14.5,feeder2_71,0.12079446064755979,0.36655025404633695,0.12077344524807339,0.36652765948281507
870,14.5,feeder2_72,0.12098867252612658,0.36657028309837164,0.12096889450001419,0.36654432205156806
870,14.5,feeder2_73,0.12464714827579465,0.3842482579649293,0.12462648613767989,0.3842266343035015
870,14.5,feeder2_74,0.12452777159120737,0.38411940279925993,0.12450708628818387,0.3840898469230433
870,14.5,feeder2_77,0.12796031134691416,0.39946138571909046,0.12794066914003846,0.3994322035983569
870,14.5,feeder2_79,0.12797095698094155,0.399568909793624,0.12794713502704008,0.3995452720790123
870,14.5,feeder2_81,0.1331988905590629,0.42349518976136136,0.13317548988549568,0.4234713044427515
870,14.5,feeder2_82,0.13645306612950708,0.42362932411177157,0.1364303111797503,0.4235982313034679
870,14.5,feeder2_116,0.15640878584800186,0.5308544010695675,0.1563853537499241,0.5308166798523792
870,14.5,feeder2_119,0.15635087416248342,0.5307924229340422,0.15632551453648957,0.5307557680048435
870,14.5,feeder2_120,0.16505832879020674,0.5707074875565102,0.16503247434872506,0.570670649979057
870,14.5,feeder2_248,0.16494680620265523,0.5705920015949406,0.1649188533768833,0.5705549588507227
870,14.5,feeder2_124,0.1703984605293828,0.5952803177620871,0.17037331276764528,0.5952354201613689
870,14.5,feeder2_282,0.1728569934940241,0.5956018898988279,0.1728287243964226,0.5955611974785289
870,14.5,feeder2_275,0.16973711929657773,0.594656964167582,0.16970683184992547,0.5946179414347126
870,14.5,feeder2_151,0.17987376540238562,0.638329398323615,0.1798460879515055,0.6382849368549388
870,14.5,feeder2_295,0.18017565967660137,0.6401051698545047,0.18014602324671058,0.6400570962471253
870,14.5,feeder2_311,0.17989566207414545,0.6384236677067718,0.17986844852979508,0.6383758822126633
870,14.5,feeder2_201,0.19526483846406884,0.707502864454332,0.1952335224143504,0.7074499747920218
870,14.5,feeder2_314,0.19736664818993194,0.7058092982784258,0.19733576783418763,0.7057581407940968
870,14.5,feeder2_342,0.21625632858328675,0.8090340530834047,0.21622059779317768,0.8089761410373998
870,14.5,feeder2_368,0.21632662450843657,0.8090402110521965,0.21628975126027267,0.8089868625005966
870,14.5,feeder2_347,0.2264260805947061,0.8588705997148328,0.22638833143782353,0.8588095779878759
870,14.5,feeder2_353,0.2314202378172736,0.8834868739439684,0.23137863612326784,0.8834239861465417
870,14.5,feeder2_518,0.22788273332210776,0.8590838611227876,0.22784468211622233,0.8590217545110225
870,14.5,feeder2_365,0.2369768622663507,0.9108479298806064,0.23693939707531125,0.9107770385523123
870,14.5,feeder2_653,0.2313244550715641,0.8833894824736843,0.23128956384044325,0.8833205546220635
870,14.5,feeder2_377,0.23999579527124362,0.9257026584947968,0.2399561218775382,0.9256322407792258
870,14.5,feeder2_622,0.23698528886679288,0.9108787030125111,0.2369478910722262,0.9108062784230755
870,14.5,feeder2_451,0.2178841697559901,0.8078303530716572,0.21784905922072034,0.8077719695500635
870,14.5,feeder2_383,0.2160723466068967,0.8099536367447113,0.21603587046210485,0.8098974359320608
870,14.5,feeder2_385,0.24336477312899557,0.9422314892319172,0.2433237371173084,0.9421623719696817
870,14.5,feeder2_621,0.24045082999784523,0.9275652045106028,0.2404133783818407,0.9274907224764319
870,14.5,feeder2_611,0.21598627702676532,0.8098655208209219,0.21595197361047128,0.8098122340004988
870,14.5,feeder2_405,0.21605781331922114,0.8100155133449739,0.2160219550829441,0.8099616900587876
870,14.5,feeder2_461,0.2570842224396345,1.009481648983791,0.25704101416149305,1.009403634765151
870,14.5,feeder2_594,0.24329031758811345,0.9421557497751907,0.2432485561578583,0.9420861336126116
870,14.5,feeder2_732,0.21211696649027648,0.8059703797712668,0.21208072285557278,0.8059126354212955
870,14.5,feeder2_417,0.21620000509760864,0.8113882646748125,0.2161653383607006,0.8113287144214488
870,14.5,feeder2_663,0.21529965386813998,0.8127573243147095,0.21526204172383773,0.8127039184644151
870,14.5,feeder2_444,0.21635455325742275,0.8120040395045711,0.21631794943290156,0.8119461362090239
870,14.5,feeder2_759,0.2182690165077947,0.8122976864351308,0.2182321159020807,0.8122390528266475
870,14.5,feeder2_842,0.2168779597042661,0.8140214058174139,0.21684177352010586,0.8139672412161005
870,14.5,feeder2_459,0.21636393052245867,0.8120792754219884,0.21632858397448357,0.8120272799111174
870,14.5,feeder2_702,0.21768605174528363,0.8123176891556385,0.21764979764107123,0.8122649663825415
870,14.5,feeder2_493,0.216299603683664,0.8122161696361265,0.2162649553238508,0.8121591526316353
870,14.5,feeder2_651,0.2576014432776792,1.0110442303723475,0.25755907330244693,1.0109671712604382
870,14.5,feeder2_684,0.26791633740308485,1.0625970719647244,0.2678722510137633,1.0625132972420923
870,14.5,feeder2_674,0.21596450424429198,0.8118750203223718,0.2159311265686031,0.8118124827346072
870,14.5,feeder2_696,0.21656263975058615,0.8141741905740845,0.21652600327158653,0.8141173987657333
870,14.5,feeder2_681,0.21509727699093026,0.8109921536085649,0.21506120696447376,0.8109347141541559
870,14.5,feeder2_682,0.21589002979784444,0.8117988541137662,0.21585478836877495,0.8117379192062963
870,14.5,feeder2_728,0.2676929557682389,1.0606727747673297,0.26764695684144346,1.0605932191187613
870,14.5,feeder2_724,0.27960029714140266,1.12141500732961,0.2795551323006324,1.1213299770792524
870,14.5,feeder2_703,0.21660058927463346,0.8143147778777636,0.2165648537562526,0.814255732536401
870,14.5,feeder2_704,0.2166248408940173,0.8149133428407909,0.21659129636658628,0.8148567099780899
870,14.5,feeder2_754,0.27966371022329795,1.1214326738677292,0.2796145381989776,1.121348214788325
870,14.5,feeder2_747,0.28437464186821604,1.14542468812356,0.2843293754346918,1.145333559588521
870,14.5,feeder2_828,0.26666537722238476,1.0596359796119337,0.2666217757388876,1.0595534144151484
870,14.5,feeder2_763,0.26782403654479897,1.059441998025333,0.26777767522794055,1.0593637034769854
870,14.5,feeder2_836,0.2848107332921039,1.1618008973138525,0.284762850194018,1.161704643161527
870,14.5,feeder2_758,0.28765552078450346,1.1591768662138098,0.2876056386184534,1.1590891813539759
870,14.5,feeder2_788,0.2899060103371655,1.158324265157093,0.28985653869839983,1.1582329074760416
870,14.5,feeder2_812,0.2972983853703922,1.202399055824962,0.297251133316411,1.2023040178002904
870,14.5,feeder2_947,0.27102691004249485,1.0599559788851118,0.2709830489636179,1.059878184151418
870,14.5,feeder2_868,0.2691254202324571,1.0591862695197451,0.26908171955431553,1.059107094930319
870,14.5,feeder2_785,0.26756369459320156,1.0586302736407391,0.2675156067366279,1.0585544873420616
870,14.5,feeder2_1176,0.26762209588792196,1.0588012665356594,0.2675768470397995,1.0587248086976055
870,14.5,feeder2_846,0.26612323872297994,1.0572213426680805,0.2660806233293672,1.0571399730772413
870,14.5,feeder2_911,0.2675766791287663,1.0586577398127799,0.26752831026433443,1.058580332688177
870,14.5,feeder2_1107,0.2994353270070083,1.200925021560315,0.29938417285078445,1.200834441686549
870,14.5,feeder2_920,0.29942671315048663,1.2149587443672438,0.2993752384152558,1.2148601048036307
870,14.5,feeder2_926,0.30272897512285096,1.2342791224706697,0.3026745924390043,1.234185704379857
870,14.5,feeder2_1239,0.29928028677159446,1.2142575215600608,0.2992271899818437,1.2141670339902706
870,14.5,feeder2_933,0.3041373250198883,1.2430202282831946,0.30408427047364367,1.2429260248087493
870,14.5,feeder2_1146,0.3029937183911634,1.2334154818705965,0.3029404645680927,1.2333175699279708
870,14.5,feeder2_1124,0.30353472969028217,1.2439898080956637,0.3034814910901713,1.2438880993324746
870,14.5,feeder2_942,0.3077384309050061,1.2642513174655294,0.3076849437984037,1.2641488295538093
870,14.5,feeder2_952,0.31300789584226757,1.2972044630820572,0.3129546910216955,1.297091849245008
870,14.5,feeder2_965,0.3077468683935633,1.264046368935809,0.3076964253669814,1.2639396007693113
870,14.5,feeder2_961,0.31354758489268564,1.3008012650151795,0.313492771531543,1.3006883501841588
870,14.5,feeder2_963,0.31301459404539417,1.2971971978841386,0.31296225285182805,1.2970841412536014
870,14.5,feeder2_973,0.31643177481465334,1.3199815242819113,0.3163756518728772,1.319863282025766
870,14.5,feeder2_1128,0.3135351968127219,1.300740530068574,0.31348185153797353,1.3006258060024307
870,14.5,feeder2_1113,0.313564414960012,1.2967876737055306,0.31350905744295543,1.2966766331231532
870,14.5,feeder2_1143,0.31314490253916466,1.297815620847675,0.31308790436879425,1.2977081104529176
870,14.5,feeder2_1238,0.31450590515926025,1.2626652638702391,0.3144528781350584,1.2625634640886354
870,14.5,feeder2_979,0.307682178879313,1.2638424300831965,0.30762824709262043,1.2637365264210167
870,14.5,feeder2_1236,0.3206108009434711,1.3479597106900791,0.3205490624944662,1.3478451034857513
870,14.5,feeder2_989,0.31643312770551646,1.3199880629819,0.3163739012252109,1.319879098156308
870,14.5,feeder2_1196,0.3068614008050585,1.2631096972104785,0.3068092512548153,1.263007674706542
870,14.5,feeder2_1158,0.3167293391253705,1.3208831033433643,0.31667449890551674,1.3207663621595642
870,14.5,feeder2_1122,0.3001669518989108,1.1996571959818354,0.30011726792595805,1.1995706434677311
870,14.5,feeder2_1258,0.29958621158026144,1.201929093381135,0.29953648232852403,1.2018403997048681
870,14.5,feeder2_1303,0.3017825483637156,1.1998150862244132,0.301731179625977,1.1997274560176385
870,14.5,feeder2_1138,0.30069204665723176,1.1985697417877699,0.30064235116539983,1.1984846578192594
870,14.5,feeder2_1304,0.3006487643474388,1.1985251806658006,0.30059609387254316,1.1984390916638414
870,14.5,feeder2_1212,0.301838910701773,1.196372315227039,0.3017872016248419,1.1962943071248062
870,14.5,feeder2_1311,0.3179787486176074,1.1965288561578595,0.31792813747840776,1.1964552105006898
870,14.5,feeder2_1290,0.301628001596514,1.192421694548787,0.3015783184877656,1.1923413380557375
870,14.5,feeder2_1325,0.32402569978944706,1.3727492391233413,0.32396639428510776,1.3726208425075028
870,14.5,feeder2_1248,0.3206249053471427,1.3480284283134278,0.32056375025957173,1.3479098814776527
870,14.5,feeder2_1249,0.3151542896243473,1.2627923441949287,0.31509987390239663,1.2626928278304292
870,14.5,feeder2_1250,0.31769739330649555,1.261412841387911,0.31764161102053134,1.2613146740167311
870,14.5,feeder2_1366,0.32066304589867467,1.34814614749599,0.320604372540075,1.348028908833649
870,14.5,feeder2_1266,0.2997240673266741,1.2028786650306138,0.2996725773353769,1.2027933093201408
870,14.5,feeder2_1372,0.30321755958201485,1.1918143767955713,0.3031683199148036,1.1917324722867728
870,14.5,feeder2_1363,0.3010188163478639,1.1888819106205097,0.30096723641156137,1.1887969906287725
870,14.5,feeder2_1446,0.32526579322479854,1.3731720515607189,0.325202563696678,1.3730500440073476
870,14.5,feeder2_1502,0.32777951014189904,1.3998677540835693,0.32771718528366967,1.3997363990912015
870,14.5,feeder2_1428,0.3009358731092845,1.1887958910125622,0.3008837847644181,1.1887126444433593
870,14.5,feeder2_1380,0.30031434894957687,1.1847636243638595,0.3002673686092595,1.1846741172465358
870,14.5,feeder2_1550,0.30167562579221363,1.1850000701777197,0.3016269584101095,1.1849087064999275
870,14.5,feeder2_1386,0.29990110145768606,1.1825799547792326,0.29985218269743497,1.1824866545709856
870,14.5,feeder2_1551,0.2991634573214472,1.1818397193809198,0.2991127467925529,1.1817525641548436
870,14.5,feeder2_1400,0.2998115902493896,1.181785676122431,0.29976321523039223,1.1816947891142733
870,14.5,feeder2_1552,0.29835380127150984,1.1802759331296457,0.29830551196921706,1.180190699248959
870,14.5,feeder2_1408,0.2997968456468206,1.1809546797314476,0.29974701529117204,1.1808635976231674
870,14.5,feeder2_1553,0.29933328718869257,1.1804929297570848,0.29928340172590084,1.180408022495399
870,14.5,feeder2_1416,0.29984761412799016,1.180662705790897,0.29980014285978984,1.1805713111819593
870,14.5,feeder2_1530,0.30179534325089497,1.1791875348486702,0.3017453588060434,1.1791010943722298
870,14.5,feeder2_1425,0.2997220189374113,1.180820192712137,0.29967185512336564,1.1807292544406733
870,14.5,feeder2_1589,0.29925859804169996,1.1803661302941173,0.299207957985209,1.1802780321873985
870,14.5,feeder2_1435,0.299724504892246,1.180913633515902,0.29967727637876457,1.1808199412180886
870,14.5,feeder2_1621,0.3002104633768919,1.182796369695434,0.3001621011711282,1.1827075244095688
870,14.5,feeder2_1564,0.29936899827955393,1.1801048680828035,0.2993178085074376,1.1800143396427594
870,14.5,feeder2_1704,0.32738965198913383,1.4018495055421558,0.327328174479976,1.4017126434405476
870,14.5,feeder2_1525,0.328698122476593,1.4061329775307572,0.3286392593749328,1.4059968701512853
870,14.5,feeder2_1716,0.32608945622476365,1.419872989071375,0.3260252389420276,1.4197381864578542
870,14.5,feeder2_1537,0.329591635551688,1.411090041041835,0.3295246432162108,1.410958083265895
870,14.5,feeder2_1645,0.32850742322829757,1.4101728420836572,0.3284447454390743,1.4100362153790134
870,14.5,feeder2_1561,0.3307880971458632,1.4172947127421534,0.3307235247987911,1.4171561725832693
870,14.5,feeder2_1657,0.33082696807506323,1.417305440338017,0.3307621790670481,1.4171656353245563
870,14.5,feeder2_1570,0.33130378183000836,1.4199683092244026,0.3312367904577832,1.419834156201449
870,14.5,feeder2_1756,0.3607660939647663,1.4182603034243555,0.36070563767021524,1.4181300739800573
870,14.5,feeder2_1588,0.33158116855903474,1.422420271623613,0.3315126447250287,1.4222834116136598
870,14.5,feeder2_1628,0.3321056428485556,1.4225211330753904,0.3320413080565323,1.4223811283687247
870,14.5,feeder2_1598,0.3319211767112973,1.4254760410091616,0.33185200265095627,1.4253387709708463
870,14.5,feeder2_1816,0.3446678077064771,1.4692893036972812,0.3445942245872851,1.4691426885923367
870,14.5,feeder2_1765,0.3319872377856024,1.4256406796481746,0.33192034904313406,1.4255022212587236
870,14.5,feeder2_1641,0.3314273203591871,1.4280109044496354,0.33135818764384045,1.4278621043267519
870,14.5,feeder2_1689,0.3309015493815176,1.4300165410525338,0.3308318060987457,1.4298669237385242
870,14.5,feeder2_1744,0.3321462890001009,1.4280402961301695,0.3320773547291865,1.4278902898258627
870,14.5,feeder2_1817,0.33057739574414524,1.4291356188950661,0.3305084340428358,1.42897753747943
870,14.5,feeder2_1779,0.3311765846083813,1.4309551876846176,0.3311096775158978,1.430798352719001
870,14.5,feeder2_1800,0.3303046301743841,1.42970542614766,0.3302389966815349,1.4295492982166549
870,14.5,feeder2_1818,0.32448325201435635,1.4291032218237787,0.3244031285768676,1.428940394070619
870,14.5,feeder2_1753,0.33433173659004145,1.4281109857883014,0.3342663921729975,1.4279618544028776
870,14.5,feeder2_1754,0.33216990938746205,1.4280461617378761,0.3321008416052085,1.4278989655845005
900,15.0,secondary,0.04095024071529345,0.02085206977637475,0.040967885575849815,0.020879848959301252
900,15.0,feeder2_44,0.07624786736854883,0.10881265606585773,0.07628129096075964,0.10895266976100716
900,15.0,feeder2_45,0.07754689745570204,0.11196471956143733,0.07758333656758663,0.11210657910462411
900,15.0,feeder2_46,0.07616507569325257,0.11200111663670831,0.07619937611258053,0.11213976487225985
900,15.0,feeder2_51,0.07980454477343228,0.11744823670947295,0.07984121642966076,0.11759413070584449
900,15.0,feeder2_48,0.07771084670868694,0.11192422160478824,0.07774604024750834,0.1120720669215229
900,15.0,feeder2_52,0.07359227859343298,0.11352172947283962,0.07362316421083841,0.11368369529551953
900,15.0,feeder2_68,0.08716532140518464,0.13537785326786572,0.08720555463159695,0.13553844120727854
900,15.0,feeder2_69,0.08717956654798087,0.13555516097002204,0.08721861755176329,0.1357203001876143
900,15.0,feeder2_71,0.08814337137210106,0.13777050305657904,0.08818383034369544,0.13793577032530757
900,15.0,feeder2_72,0.08833588657887562,0.13774017510643505,0.08837777905911438,0.13790396202075902
900,15.0,feeder2_73,0.09120722590258994,0.14529006335747574,0.09124737531248547,0.14546810643053038
900,15.0,feeder2_74,0.09108789760540463,0.14517499957747348,0.09112866768544019,0.14534704416692357
900,15.0,feeder2_77,0.09384601119899823,0.15179285106763543,0.0938839921080566,0.15197541285406813
900,15.0,feeder2_79,0.09114823309473442,0.15492919197963784,0.09119291499060707,0.15510320958080512
900,15.0,feeder2_81,0.09812772182218259,0.160855371353218,0.09816995370271,0.16105177169385604
900,15.0,feeder2_82,0.09964716009436787,0.16059390597381085,0.09969092016070796,0.16077890001811346
900,15.0,feeder2_116,0.11723137585936293,0.2018471316902503,0.11728340907001325,0.20207903217797216
900,15.0,feeder2_119,0.1171734324452152,0.20179020906115366,0.11722532603709197,0.20202249920350793
900,15.0,feeder2_120,0.12434485049512341,0.21714016979991832,0.12439935436391729,0.21738841791787625
900,15.0,feeder2_248,0.12419450463920978,0.21699197332090192,0.124246832594931,0.2172421510493353
900,15.0,feeder2_124,0.12873944874226925,0.2266235357753393,0.12879455637484818,0.2268892555877808
900,15.0,feeder2_282,0.13626268500977495,0.2261909253344409,0.13631579729033957,0.22644257655816424
900,15.0,feeder2_275,0.12841030972880188,0.22648974198959232,0.12846217018794842,0.22675898886958
900,15.0,feeder2_151,0.13605051845749125,0.24318375402771897,0.1361079614099713,0.24346993034932513
900,15.0,feeder2_295,0.13694216624283875,0.2490786103573788,0.13700148163568002,0.2493704731299473
900,15.0,feeder2_311,0.13607321872953104,0.24328708648222616,0.13613372215883382,0.24357311362217227
900,15.0,feeder2_201,0.14702289137629398,0.2622812512550321,0.14708651328283656,0.26260436186132574
900,15.0,feeder2_314,0.14708652834814745,0.2622813642692247,0.14715300178855584,0.26260015925030533
900,15.0,feeder2_342,0.16263837323236982,0.2893773265991301,0.16270705316272208,0.2897495969364943
900,15.0,feeder2_368,0.16295998979831045,0.28837919187232264,0.1630335616789622,0.2887434557486131
900,15.0,feeder2_347,0.16995862076267682,0.30452907382406075,0.17003447830906518,0.30492313814402733
900,15.0,feeder2_353,0.1734728660873007,0.3126109438297053,0.1735493309334181,0.31302238314099134
900,15.0,feeder2_518,0.17119124480004008,0.30344102552641433,0.17126461487737868,0.303842438413422
900,15.0,feeder2_365,0.1773874887612345,0.32163087987183736,0.1774629298313893,0.32206023908154424
900,15.0,feeder2_653,0.17337705861710867,0.31252155245621266,0.17345229650039337,0.31293278872200403
900,15.0,feeder2_377,0.17951442207900944,0.32652394566306864,0.17959174849325432,0.32696155389695625
900,15.0,feeder2_622,0.17739611465614166,0.32166483571121296,0.17747181278707846,0.32209284272064853
900,15.0,feeder2_451,0.16302678701789322,0.2883828783831728,0.16309899079157447,0.2887451043589809
900,15.0,feeder2_383,0.1634716547892113,0.2867705480441075,0.1635418235912296,0.28713876882749473
900,15.0,feeder2_385,0.1816445578903867,0.33013784061601714,0.18172676567274348,0.3305801357788065
900,15.0,feeder2_621,0.18083732857409937,0.33279683109315766,0.18091748537569066,0.33323532990361027
900,15.0,feeder2_611,0.1633858502945506,0.2866878180869662,0.16345461071672507,0.2870566691193115
900,15.0,feeder2_405,0.1635050191691459,0.286675133784123,0.16357484449623932,0.28703688601681543
900,15.0,feeder2_461,0.19032977711174295,0.3449841485633807,0.19041567959677647,0.3454644121247714
900,15.0,feeder2_594,0.1815448690584645,0.33004176947250663,0.1816240896277208,0.3304843019994634
900,15.0,feeder2_732,0.15891668302457126,0.28279426173794014,0.15898368021708958,0.28316466304369864
900,15.0,feeder2_417,0.16410813644119698,0.28691091558445303,0.1641765474230267,0.28727578285471445
900,15.0,feeder2_663,0.16412932427255922,0.2869939342974148,0.16419815586163763,0.2873579500598769
900,15.0,feeder2_444,0.1645622855961508,0.28707678272863923,0.16462959880440875,0.2874362819355422
900,15.0,feeder2_759,0.17399067658019515,0.28264828633071604,0.17405719368767433,0.2829999939065051
900,15.0,feeder2_842,0.16496286056909942,0.28891988005296826,0.16503209247753053,0.2892819450211343
900,15.0,feeder2_459,0.16455615532814755,0.28727719415980824,0.16462742078542983,0.28763176351677877
900,15.0,feeder2_702,0.16553471523818938,0.28729196219391534,0.1656043871052791,0.28764984181351
900,15.0,feeder2_493,0.16446015063917202,0.2879892390423224,0.16452836946624871,0.28835183220218447
900,15.0,feeder2_651,0.18998165869721506,0.3476329788402906,0.19007011533410453,0.34810867222210407
900,15.0,feeder2_684,0.19715851217924868,0.3541185417880618,0.19724977888381268,0.35461988172852016
900,15.0,feeder2_674,0.16421376161661536,0.2877558261714852,0.16428532581855423,0.2881139775575141
900,15.0,feeder2_696,0.164518274859686,0.2911319234414542,0.16459118209917592,0.2914877889047395
900,15.0,feeder2_681,0.16358901974733378,0.2871651286312191,0.16366074306160897,0.2875243479004314
900,15.0,feeder2_682,0.16413955414899942,0.28768395973054806,0.16421090740300615,0.2880419149398837
900,15.0,feeder2_728,0.1966726752696364,0.3486726269657836,0.19676487879310192,0.34917318651579277
900,15.0,feeder2_724,0.20512267588374639,0.37607078282786727,0.20521862187395595,0.37659307879044635
900,15.0,feeder2_703,0.16455551532506912,0.29128403021399457,0.16462576124779754,0.29164818514895846
900,15.0,feeder2_704,0.16422087507073654,0.2922743513748463,0.164292121495016,0.29262967001290624
900,15.0,feeder2_754,0.20518497335230493,0.37607293651074175,0.20527902854142321,0.3766000864574922
900,15.0,feeder2_747,0.2083724875860141,0.38503552505240246,0.20847084134916002,0.3855720381164977
900,15.0,feeder2_828,0.19359462237181588,0.34585472669537237,0.19368558393003618,0.3463588469977298
900,15.0,feeder2_763,0.19734392424478586,0.3450830332299483,0.19743590635316727,0.34558279806266123
900,15.0,feeder2_836,0.20882310711228966,0.3867690156508979,0.20892107368146653,0.38730742152986036
900,15.0,feeder2_758,0.21104108462522134,0.39202304285314243,0.21113963979638162,0.3925714379040251
900,15.0,feeder2_788,0.22383703987234074,0.39040329415785197,0.22392680472330972,0.3909295731900305
900,15.0,feeder2_812,0.217634298819172,0.4145294525590238,0.21773724253086,0.41512922628345833
900,15.0,feeder2_947,0.2001081625797297,0.34265453370326965,0.2001992174690257,0.3431534873541923
900,15.0,feeder2_868,0.198812463961805,0.3441605079467815,0.1989017345969104,0.34466165806417226
900,15.0,feeder2_785,0.19731112514531401,0.3439972845731143,0.1974026972811788,0.34449831146407595
900,15.0,feeder2_1176,0.1973682038576341,0.3441878846858914,0.1974559526773452,0.3446956162626756
900,15.0,feeder2_846,0.19617641136094377,0.3432392798707211,0.19626450291178277,0.3437486901320936
900,15.0,feeder2_911,0.19777778595508966,0.3426525549562808,0.19786657452863288,0.3431538484378792
900,15.0,feeder2_1107,0.21897194897779168,0.4170351029077675,0.21907486128717366,0.4176280945907858
900,15.0,feeder2_920,0.2191295651852509,0.42029676950466255,0.21923197903932962,0.4209143351865356
900,15.0,feeder2_926,0.22149759239083258,0.42959926436766244,0.2216050643964205,0.4302388067011744
900,15.0,feeder2_1239,0.21898478993362167,0.41965867161547393,0.21909229509977476,0.42027568325296194
900,15.0,feeder2_933,0.2224817916443815,0.4340757934852013,0.22258990430530398,0.43472673938197876
900,15.0,feeder2_1146,0.22183070287154508,0.4282034123364629,0.22193672784810037,0.4288481233863095
900,15.0,feeder2_1124,0.22250004834684892,0.43412751961573526,0.22260938123491716,0.43477827840910765
900,15.0,feeder2_942,0.22498286381396304,0.44553420729635995,0.22509617863170706,0.4462108558511029
900,15.0,feeder2_952,0.23048401487443063,0.47386519432598323,0.23060134499139343,0.4745778967486898
900,15.0,feeder2_965,0.22475461453965317,0.44409482846930226,0.22486468237941779,0.44477564067926895
900,15.0,feeder2_961,0.2310418139349337,0.47708977395626234,0.231158615637343,0.4778134312468815
900,15.0,feeder2_963,0.230492657703416,0.4738337726205833,0.23061100246838784,0.47454967370879153
900,15.0,feeder2_973,0.2340309665279264,0.49434922290485667,0.23415253922833917,0.4950894866519503
900,15.0,feeder2_1128,0.2310296818638524,0.4770362544181582,0.23114724717918342,0.4777570287120114
900,15.0,feeder2_1113,0.23119269023944922,0.4731805259371149,0.23131300189697535,0.47389338142091403
900,15.0,feeder2_1143,0.23067517742280907,0.4735206544604494,0.23079281980319788,0.47423106506393603
900,15.0,feeder2_1238,0.23373909984883331,0.4391155593061965,0.233850183623089,0.43978405801715187
900,15.0,feeder2_979,0.22435341730032882,0.44256463857113815,0.22446607596003876,0.44324749997863105
900,15.0,feeder2_1236,0.23839957263167671,0.5194910298968127,0.23852748505943672,0.5202627378826435
900,15.0,feeder2_989,0.23403225492320337,0.4943570148013454,0.23414898174641802,0.49510367611478484
900,15.0,feeder2_1196,0.2170761258954504,0.4367695204713371,0.21718837597064308,0.4374557020146845
900,15.0,feeder2_1158,0.23431939279310224,0.4953690256515396,0.2344402713210006,0.4961099870775346
900,15.0,feeder2_1122,0.21941302887153935,0.4157574505122992,0.21951463420857886,0.41634643543124844
900,15.0,feeder2_1258,0.21804930756024218,0.41980869657593445,0.2181506029841511,0.4204011582359102
900,15.0,feeder2_1303,0.22249293492185057,0.4142271515220176,0.22259691077260862,0.4148060949551414
900,15.0,feeder2_1138,0.2195985345861658,0.4152100323617805,0.21969922124477512,0.41579540712547763
900,15.0,feeder2_1304,0.21955481405659122,0.4151695674574743,0.21965447390985107,0.4157562633663886
900,15.0,feeder2_1212,0.22000213273756153,0.41409510448716347,0.22010421982004758,0.4146732120131857
900,15.0,feeder2_1311,0.2250743794118723,0.4121000959061278,0.2251753834598836,0.41267569087910116
900,15.0,feeder2_1290,0.2199292524930088,0.41401009090877355,0.2200306735725491,0.4145999239307608
900,15.0,feeder2_1325,0.24238734635740328,0.540272787928136,0.24251420244642338,0.5410857214737118
900,15.0,feeder2_1248,0.23841315302380192,0.5195582550152841,0.23853538306187042,0.5203371873779836
900,15.0,feeder2_1249,0.2344637336337325,0.4391065941517099,0.23457287609384958,0.439774129033735
900,15.0,feeder2_1250,0.23832122132445158,0.4357278596513566,0.2384284080930001,0.4363967565493403
900,15.0,feeder2_1366,0.2373592686043821,0.5211791465947484,0.23748313453270659,0.5219548466998484
900,15.0,feeder2_1266,0.21775213093438625,0.4216632922720908,0.21785639384377264,0.4222560195292566
900,15.0,feeder2_1372,0.21998784262811846,0.4141610019673813,0.22008986970194255,0.4147456569748002
900,15.0,feeder2_1363,0.21987757661818258,0.4136875258424315,0.2199776409574623,0.41427856749780123
900,15.0,feeder2_1446,0.24491252255250942,0.5386381603708628,0.24503797202371078,0.5394497116833235
900,15.0,feeder2_1502,0.24648544073584208,0.5657949528022425,0.24662433730006159,0.5666485596415256
900,15.0,feeder2_1428,0.2197935875499924,0.4136093229211216,0.21989328100719593,0.41420206618202526
900,15.0,feeder2_1380,0.21984491972957235,0.4134462955315456,0.2199508940494611,0.4140344903345727
900,15.0,feeder2_1550,0.22267396875937637,0.41221160418727704,0.2227762865437724,0.41279942777489276
900,15.0,feeder2_1386,0.21962750782838653,0.4138404134144131,0.21972823485410853,0.41443471715871666
900,15.0,feeder2_1551,0.2195164990415209,0.4137374912502431,0.21961440614918634,0.4143345674909217
900,15.0,feeder2_1400,0.21952977028219983,0.41406004091613285,0.21963074437972271,0.41465425520150034
900,15.0,feeder2_1552,0.21812372536555885,0.4127893297684469,0.21822408474369256,0.41338863468221704
900,15.0,feeder2_1408,0.21949015873222572,0.41522407815996965,0.21959282284557347,0.41582029202161114
900,15.0,feeder2_1553,0.21893591687047442,0.4151316031310719,0.21903348710683915,0.4157334294932403
900,15.0,feeder2_1416,0.21953076768711682,0.41589125175406033,0.21963253132638924,0.41649253729703617
900,15.0,feeder2_1530,0.21961502364768307,0.41588927650204854,0.21971466156253316,0.4164933447425071
900,15.0,feeder2_1425,0.2196049301228704,0.41716351632342896,0.21970410967779253,0.41776706785280293
900,15.0,feeder2_1589,0.21903246907035104,0.41714693063260805,0.21913519267591464,0.41775006074626425
900,15.0,feeder2_1435,0.21964916215457334,0.4174398281068465,0.21974998553982253,0.41804388031464756
900,15.0,feeder2_1621,0.22036914672566893,0.4206166678447515,0.22047053592755247,0.4212207006631059
900,15.0,feeder2_1564,0.2196221223614692,0.417316330726263,0.21972436281495777,0.41792357719342293
900,15.0,feeder2_1704,0.2500673829851652,0.5791391557596229,0.25020641514012854,0.5799961125978219
900,15.0,feeder2_1525,0.24680999512074064,0.567609460207996,0.24694580078517278,0.5684754668096326
900,15.0,feeder2_1716,0.24769740763358442,0.5715030966518666,0.2478349378730937,0.5723683124403567
900,15.0,feeder2_1537,0.24708655226917492,0.5690660767121799,0.24722665942049027,0.5699412991932707
900,15.0,feeder2_1645,0.24638326460453058,0.5685286608801741,0.24652240740200415,0.5694065951070156
900,15.0,feeder2_1561,0.24748040059715204,0.5710549727502923,0.2476214290942978,0.5719440720402128
900,15.0,feeder2_1657,0.24751484106550764,0.5710430853802847,0.2476523717282506,0.5719391369503948
900,15.0,feeder2_1570,0.24765000108141286,0.5719182555965254,0.24778998573426325,0.5728129781229874
900,15.0,feeder2_1756,0.2567781817664957,0.565878937589242,0.25691335516793223,0.5667698827292841
900,15.0,feeder2_1588,0.24773846293405402,0.5730678420056621,0.24787964129264783,0.5739663911013321
900,15.0,feeder2_1628,0.248207833229731,0.5728784519027504,0.24834976310920473,0.5737772437586914
900,15.0,feeder2_1598,0.24784331264880227,0.5745634836301502,0.24798445750837372,0.5754727618793212
900,15.0,feeder2_1816,0.2626835122261936,0.6141003045584791,0.2628370984340682,0.615018456508903
900,15.0,feeder2_1765,0.24792042599407257,0.5747607504650463,0.24805860090400011,0.5756737613061793
900,15.0,feeder2_1641,0.246397498669838,0.5701259796406775,0.24654251968354426,0.571070375812362
900,15.0,feeder2_1689,0.2446214908074862,0.5691591300520481,0.24477007845700774,0.570130200732572
900,15.0,feeder2_1744,0.24855422028946944,0.5683133913146696,0.24869658539175865,0.5692603208327146
900,15.0,feeder2_1817,0.24238944179643118,0.5651199785668667,0.24254090741395576,0.566101535582636
900,15.0,feeder2_1779,0.24463865544678362,0.5711695300513921,0.2447861637745863,0.5721473267057943
900,15.0,feeder2_1800,0.2445674579418202,0.56911930301893,0.24471624389414587,0.570090531537237
900,15.0,feeder2_1818,0.24288350961614247,0.5676903910454107,0.24304293215701694,0.5687115243272639
900,15.0,feeder2_1753,0.2527875512794392,0.5651562516890404,0.2529298954600518,0.5660977372899247
900,15.0,feeder2_1754,0.24912693880867978,0.5677507718036976,0.2492681967131274,0.5686989741963246
930,15.5,secondary,0.018172184077032083,0.01998266037931339,0.018176439376235178,0.019986954350876652
930,15.5,feeder2_44,0.03381444933198428,0.10420954482259366,0.033822880095039864,0.10423858837155255
930,15.5,feeder2_45,0.034334947207960334,0.10698684618477083,0.03434352319041581,0.10701407791972557
930,15.5,feeder2_46,0.034977603770696836,0.10976531242524476,0.03498734956720199,0.10979272709511335
930,15.5,feeder2_51,0.03524019100552595,0.11182315095819471,0.035251881911456576,0.11184791517158191
930,15.5,feeder2_48,0.0344238177958554,0.10688846615636914,0.034433291613736317,0.10691285842888826
930,15.5,feeder2_52,0.03205379168621471,0.10994656293024836,0.03206640378985642,0.10997343231103467
930,15.5,feeder2_68,0.03800614018731957,0.1262901231638279,0.038014918742704996,0.12632278007600817
930,15.5,feeder2_69,0.03810535212281052,0.1264814409901967,0.038117071972502053,0.12651180819800698
930,15.5,feeder2_71,0.03837081669468409,0.12819955680617887,0.038383261525845876,0.12823170064288628
930,15.5,feeder2_72,0.0384734197097063,0.12808827213076382,0.03848711796136355,0.12811734176344883
930,15.5,feeder2_73,0.039512928222592045,0.1341885220175189,0.03952330447946698,0.1342256605125453
930,15.5,feeder2_74,0.03938188540504345,0.13410906614088045,0.03939663959092494,0.1341381342914114
930,15.5,feeder2_77,0.0404965069332339,0.13934313479998423,0.0405118676813994,0.1393750560992648
930,15.5,feeder2_79,0.0405637021592311,0.13947233677825027,0.04057338167910282,0.1395100350202908
930,15.5,feeder2_81,0.042042521646529704,0.1474495490917834,0.04205884913597279,0.1474855115884035
930,15.5,feeder2_82,0.04365693965402865,0.14583270204547508,0.043667092296199306,0.14586955332872079
930,15.5,feeder2_116,0.04903414006525299,0.18520005891167693,0.04904818014621755,0.18524957319154362
930,15.5,feeder2_119,0.04796406991802107,0.18592739625161286,0.04798150436629331,0.18597475734418942
930,15.5,feeder2_120,0.05183909927984886,0.19890004337073255,0.0518529171914786,0.19895482946080947
930,15.5,feeder2_248,0.04993571786528294,0.19919248127576697,0.04995072263811603,0.19924626890951502
930,15.5,feeder2_124,0.05377282485891327,0.20731612730432353,0.05379021988923713,0.20736916586913207
930,15.5,feeder2_282,0.055020085316210825,0.20603257840679196,0.05503534310902553,0.206088732477469
930,15.5,feeder2_275,0.05292205042438375,0.20769048466148693,0.052934716216484164,0.20774774925279463
930,15.5,feeder2_151,0.057351033569361,0.22247247547899116,0.057365818127316455,0.2225314646399843
930,15.5,feeder2_295,0.05847442924436739,0.2244497954511438,0.05848938126973952,0.22451060877043036
930,15.5,feeder2_311,0.05742413967428432,0.22259023912628745,0.05743906966586109,0.22264734794305024
930,15.5,feeder2_201,0.06274342694096806,0.2446838417459387,0.06276592815778946,0.2447460578153993
930,15.5,feeder2_314,0.06277134770309024,0.24465194475803842,0.06278801428044285,0.24471761844454706
930,15.5,feeder2_342,0.07044476849264822,0.27634116267004244,0.07046334131044273,0.27641793600865705
930,15.5,feeder2_368,0.07294801516871312,0.2870831155929811,0.07296751123287117,0.2871583125288416
930,15.5,feeder2_347,0.07030240812442062,0.2720184573397009,0.07032660442821338,0.27209072758836844
930,15.5,feeder2_353,0.07023726529608997,0.26992978610374596,0.07025500469279639,0.27000983502123116
930,15.5,feeder2_518,0.07032672042739334,0.2719926384890533,0.07034775271963412,0.2720651009601608
930,15.5,feeder2_365,0.07017648172758391,0.2676950117057524,0.07019482246585887,0.2677752549540392
930,15.5,feeder2_653,0.07013854522024235,0.26986171834621536,0.0701636821608533,0.26993434217421114
930,15.5,feeder2_377,0.07012371161149351,0.26616674949043145,0.07014398720723854,0.26624253374344625
930,15.5,feeder2_622,0.06972930293556161,0.2688838560534843,0.0697521072809008,0.26895504200917536
930,15.5,feeder2_451,0.07297196418354969,0.2870516852279641,0.07298983810605283,0.2871259821914004
930,15.5,feeder2_383,0.07707510957347317,0.3045108175520958,0.07709583654009178,0.3045877395025572
930,15.5,feeder2_385,0.06992829510954962,0.26373009408099657,0.06994821673145987,0.2638101963203041
930,15.5,feeder2_621,0.07134592778837728,0.26824127374067364,0.07136761068090444,0.26831873408298174
930,15.5,feeder2_611,0.07698985145047793,0.3044507468504496,0.07700810702130689,0.3045293290319972
930,15.5,feeder2_405,0.07733705955381007,0.30560495815265587,0.07735985455475683,0.30567891843186074
930,15.5,feeder2_461,0.0697459922268938,0.2543913618264533,0.06976936719124165,0.25446971091524445
930,15.5,feeder2_594,0.06864671886804664,0.26372820471438974,0.06866542390820632,0.26380958315371156
930,15.5,feeder2_732,0.07124418996974231,0.3032852434926362,0.0712664459807916,0.303360772286649
930,15.5,feeder2_417,0.0796792297934488,0.31447585504452275,0.07970248893343322,0.3145491501280314
930,15.5,feeder2_663,0.07949904914877381,0.3153927796989424,0.07952308057300653,0.315464597755003
930,15.5,feeder2_444,0.08144773161503796,0.32091479418878743,0.08146761968291864,0.32099456281071787
930,15.5,feeder2_759,0.08194128444004747,0.3201015533016818,0.08196090571603118,0.3201760335793331
930,15.5,feeder2_842,0.08356204230229866,0.32405351048569886,0.08358558070958103,0.3241241443004005
930,15.5,feeder2_459,0.08202911466553715,0.3230257324402855,0.08205521992829602,0.32309829183197103
930,15.5,feeder2_702,0.08396062788816719,0.3206508881062815,0.08398161907335597,0.32072417954416993
930,15.5,feeder2_493,0.0841541319247132,0.3318949625392967,0.08417698562052069,0.3319686634981945
930,15.5,feeder2_651,0.07052938038441987,0.25570080305725973,0.07055264718200803,0.255780096097617
930,15.5,feeder2_684,0.06934103205565151,0.24577104962848506,0.06936627530454924,0.2458462731444404
930,15.5,feeder2_674,0.08370585411252239,0.3316076646098714,0.08373063157725077,0.33168137324188013
930,15.5,feeder2_696,0.09087506546785264,0.35901309028892514,0.09089859546005376,0.35908783453165344
930,15.5,feeder2_681,0.08252862044314159,0.3308575776753794,0.08255364966977068,0.3309319520563374
930,15.5,feeder2_682,0.08363282770963446,0.3315567409092419,0.0836572684168792,0.33163178005496824
930,15.5,feeder2_728,0.06895871900393506,0.24484402233860134,0.06897937387300179,0.24492160845465438
930,15.5,feeder2_724,0.06958859850842503,0.23955086626022423,0.06961636103416549,0.2396191314265506
930,15.5,feeder2_703,0.09100403342316495,0.35918911478815113,0.09102207448042611,0.3592677325379249
930,15.5,feeder2_704,0.09810663945407858,0.3691888445419063,0.09813449585517146,0.3692627700667391
930,15.5,feeder2_754,0.06962351540203494,0.23953771160780238,0.06965000747063656,0.23960754252411315
930,15.5,feeder2_747,0.06970674948368422,0.23715821403185547,0.06973313343676626,0.23722640560718267
930,15.5,feeder2_828,0.06797717504666949,0.24412202343059783,0.06800213957246955,0.24419725125287792
930,15.5,feeder2_763,0.0687796461946677,0.2446460583036723,0.06880618915623998,0.24472209679393805
930,15.5,feeder2_836,0.07069525928532878,0.23897950712855168,0.07072229957477028,0.23904785952110147
930,15.5,feeder2_758,0.06965834022558048,0.23439146997314195,0.06968270728392123,0.23446425257218761
930,15.5,feeder2_788,0.07102435705593432,0.23309565347388303,0.07104995864862024,0.23316060701187516
930,15.5,feeder2_812,0.06925205817388788,0.22790623639809188,0.06927355835520566,0.2279707494695686
930,15.5,feeder2_947,0.06884564307099841,0.2446119818062855,0.06886726478414276,0.24468714195952443
930,15.5,feeder2_868,0.06952405260231416,0.2440251774011273,0.06954509557892835,0.24410114798883048
930,15.5,feeder2_785,0.06857691407585206,0.24492090894494403,0.06859953839638391,0.2449978518765246
930,15.5,feeder2_1176,0.06754765986702539,0.24793253478111532,0.0675709424051186,0.24800984872264042
930,15.5,feeder2_846,0.06734267538669376,0.24436832454986696,0.06736769091414173,0.244440960069748
930,15.5,feeder2_911,0.06857820923529052,0.24490966537976835,0.06860129645548309,0.24498612118524077
930,15.5,feeder2_1107,0.06861705202673739,0.2281440389951821,0.0686408182810343,0.22820686206787444
930,15.5,feeder2_920,0.0693274200714189,0.22614868344396316,0.06935034893874663,0.22620877566051772
930,15.5,feeder2_926,0.06968611525033243,0.22433426647332605,0.06971211175289592,0.22439335684982029
930,15.5,feeder2_1239,0.06903733292347389,0.225366668273764,0.06906439076203358,0.22542447922574127
930,15.5,feeder2_933,0.06978481992823278,0.22387667347810314,0.0698096900403259,0.2239306617812485
930,15.5,feeder2_1146,0.0699709364711719,0.22298285716969612,0.06999692791204706,0.2230358238155309
930,15.5,feeder2_1124,0.06981576809538359,0.22392610507924066,0.06984291835169884,0.2239801055038959
930,15.5,feeder2_942,0.07002500466504025,0.22282109346575593,0.0700544718281592,0.22286777735337876
930,15.5,feeder2_952,0.07172039794923095,0.2322173517261015,0.07174964378914002,0.23226063632610103
930,15.5,feeder2_965,0.06985104674079204,0.22143685016632236,0.0698762279324282,0.2214859772502699
930,15.5,feeder2_961,0.07187973300550256,0.2333330160494731,0.07190918522598261,0.2333730605094354
930,15.5,feeder2_963,0.07172550220078908,0.23219868488943873,0.07175314530484561,0.23224289627884886
930,15.5,feeder2_973,0.07273428582880162,0.2393164974813712,0.07276358915602998,0.23935678575874186
930,15.5,feeder2_1128,0.07186900583979401,0.23327480935779812,0.07189163790827145,0.23332185209174855
930,15.5,feeder2_1113,0.0724231130477186,0.23161471388390334,0.0724465817672979,0.23166617801869813
930,15.5,feeder2_1143,0.07171903905375138,0.23254371229962179,0.07174443291439139,0.23259096014515918
930,15.5,feeder2_1238,0.08086917993985508,0.21697499439622964,0.08089058905462365,0.2170133975049138
930,15.5,feeder2_979,0.06954635657392116,0.21992729978410624,0.06957404932757727,0.21997733718457663
930,15.5,feeder2_1236,0.07373378605243304,0.2461927501899224,0.073761132260387,0.24623718486900037
930,15.5,feeder2_989,0.07273679793391774,0.23933562995805233,0.07276319960795857,0.23937931525117098
930,15.5,feeder2_1196,0.06284557494883786,0.2140199803933021,0.0628677568234619,0.21407697295248587
930,15.5,feeder2_1158,0.07307495698076312,0.2417727142576826,0.07310451380174113,0.24181416179205878
930,15.5,feeder2_1122,0.0682562680147975,0.22765669600891061,0.06827782802781433,0.22772108409759304
930,15.5,feeder2_1258,0.06902944084385794,0.22888844533814467,0.06905505595443802,0.2289505248648775
930,15.5,feeder2_1303,0.0689202142849709,0.22755027373839726,0.06894214064822506,0.22761278093136797
930,15.5,feeder2_1138,0.06797778592888219,0.22726843925379653,0.06800393919355949,0.22733052364777612
930,15.5,feeder2_1304,0.0672955886648212,0.22730908262586258,0.06731872639227933,0.22737346068363715
930,15.5,feeder2_1212,0.06759644710955488,0.22651582724241576,0.06761726219412649,0.22658037721667268
930,15.5,feeder2_1311,0.06962167493248601,0.22609754548342867,0.06964494054499941,0.22615600305257458
930,15.5,feeder2_1290,0.067107525423767,0.22569899364252793,0.06713175385011193,0.22576264253582967
930,15.5,feeder2_1325,0.0746603042827559,0.2522687638375448,0.07468833825136041,0.25230469400984873
930,15.5,feeder2_1248,0.07373549837125236,0.24620940447511466,0.07376292267979268,0.2462518996072756
930,15.5,feeder2_1249,0.08393072382401351,0.21581219102702007,0.08395092772409624,0.21584614286036005
930,15.5,feeder2_1250,0.08161771294965534,0.21703208257808604,0.08164356194146888,0.21706281883395137
930,15.5,feeder2_1366,0.07304571292240569,0.2480473252650323,0.07307512887502973,0.24808954431473945
930,15.5,feeder2_1266,0.06941279763579065,0.22957388075069662,0.06944056692779223,0.22963644341820977
930,15.5,feeder2_1372,0.06709339077126854,0.22582291768460538,0.06711792852894595,0.22588652103668308
930,15.5,feeder2_1363,0.06662733085954597,0.22466546347651972,0.06665343846806128,0.2247306289971768
930,15.5,feeder2_1446,0.07668210443456114,0.25174050048626895,0.07670945163525318,0.2517734731724733
930,15.5,feeder2_1502,0.07551043253346275,0.25958231490606926,0.07553680790486539,0.2596187833562824
930,15.5,feeder2_1428,0.06654053492134408,0.22459209223817514,0.06656694514426259,0.2246619291337364
930,15.5,feeder2_1380,0.06607302551209542,0.2236055320638987,0.06609696688252267,0.22367648821566263
930,15.5,feeder2_1550,0.06662760302587535,0.22383366283923672,0.06664920902458092,0.22390616243625974
930,15.5,feeder2_1386,0.06584776134956626,0.22293192647204213,0.06586932826860994,0.22301127214013708
930,15.5,feeder2_1551,0.06573331183512854,0.22283666168640293,0.06575192908717493,0.22291314160590373
930,15.5,feeder2_1400,0.065745727211843,0.22264889111581054,0.06576716640225164,0.22272495246569934
930,15.5,feeder2_1552,0.06267076193008461,0.22106171635800126,0.06269507209589963,0.22114207239588335
930,15.5,feeder2_1408,0.06592184414467205,0.22305736151665914,0.0659459026074522,0.22313089710692713
930,15.5,feeder2_1553,0.06462916862142613,0.22328218342006728,0.06464925527881317,0.22336432688087898
930,15.5,feeder2_1416,0.06612051799969858,0.2232774764310438,0.06614648382231814,0.22335261626809655
930,15.5,feeder2_1530,0.06772704379724633,0.2217703960641506,0.06774918661280845,0.22184509468805794
930,15.5,feeder2_1425,0.06634652290332821,0.2244549571389778,0.06637031724020544,0.22452885816271495
930,15.5,feeder2_1589,0.06627305862142346,0.22439715564725954,0.06629785049646494,0.2244724753023075
930,15.5,feeder2_1435,0.06639344000525618,0.2246981837215586,0.06641428736388137,0.22477537755008695
930,15.5,feeder2_1621,0.06771943541772023,0.2274688813021219,0.0677435436001448,0.22754538643172517
930,15.5,feeder2_1564,0.06636932598746845,0.22458228898796428,0.06639331789994157,0.22466199122408315
930,15.5,feeder2_1704,0.0750656199628652,0.260689884633706,0.07509205821825564,0.2607298622338207
930,15.5,feeder2_1525,0.07571870060065666,0.26104939942965866,0.07575058011567058,0.2610806760391554
930,15.5,feeder2_1716,0.07758349346738194,0.2638923600606906,0.07761647621971943,0.26392561458242375
930,15.5,feeder2_1537,0.07585134194639546,0.2622915565114197,0.07588398006610853,0.2623235317608652
930,15.5,feeder2_1645,0.07565476402144793,0.26210242030604575,0.07568508551188075,0.26213944288580127
930,15.5,feeder2_1561,0.07602173965621488,0.2638148904457187,0.07605320321405064,0.2638457220112811
930,15.5,feeder2_1657,0.07604656441648316,0.2638244150425695,0.07607922296632298,0.2638538183046421
930,15.5,feeder2_1570,0.07609551750641896,0.2644706790987333,0.07612885539140274,0.2645013108005677
930,15.5,feeder2_1756,0.07974643750162497,0.26524773960062004,0.07977426641408522,0.265271193565297
930,15.5,feeder2_1588,0.07616589753516627,0.2649998162818378,0.07619299653508754,0.26503619740502343
930,15.5,feeder2_1628,0.0773405262262505,0.2644895230325601,0.07736659129200481,0.26452640881093314
930,15.5,feeder2_1598,0.07621768089351778,0.26578029313929646,0.07624456406005917,0.26581732043153306
930,15.5,feeder2_1816,0.07929802567095316,0.271683740556746,0.07932973805160332,0.27171948201307655
930,15.5,feeder2_1765,0.07632656166243813,0.2659396755247364,0.07635381590827889,0.26597372263582797
930,15.5,feeder2_1641,0.07609427537668521,0.2678447578174621,0.07612841279917186,0.2678769242480293
930,15.5,feeder2_1689,0.0760106548492476,0.2693641667040187,0.07604442276013333,0.2694007686969958
930,15.5,feeder2_1744,0.07638909204229788,0.26793535092262283,0.07642407412827582,0.26797054607436704
930,15.5,feeder2_1817,0.07566924504127356,0.26752056090632553,0.07569828668806428,0.2675629998910059
930,15.5,feeder2_1779,0.07684834998548766,0.2701025237265735,0.07687758189587703,0.2701458035017672
930,15.5,feeder2_1800,0.07595628945806683,0.269311834165106,0.07599075346940175,0.2693513296241392
930,15.5,feeder2_1818,0.07305078366935279,0.2731420416395263,0.07308503418169239,0.2731851420409771
930,15.5,feeder2_1753,0.07728305742466059,0.26820830503928256,0.0773139276628505,0.2682431172387761
930,15.5,feeder2_1754,0.07640422814270947,0.2679408527131677,0.07643460994371674,0.2679755743572765
960,16.0,secondary,0.06722292025742582,0.04945517074009647,0.06719565871141628,0.04941986558931593
960,16.0,feeder2_44,0.1252810048811766,0.2583084174093157,0.12523152632368195,0.25812095636285964
960,16.0,feeder2_45,0.12745960947500218,0.26629650710233654,0.12741145414104865,0.26610816897302936
960,16.0,feeder2_46,0.12407708546978242,0.260038986895071,0.12402976141346364,0.2598532117191531
960,16.0,feeder2_51,0.13114997159791797,0.2803481216706503,0.1310990597071688,0.2801456707017719
960,16.0,feeder2_48,0.12950868019714507,0.2649032093635298,0.12945836129047533,0.264714972386385
960,16.0,feeder2_52,0.1310141310814939,0.28011505677403103,0.130964593637199,0.27991790324388727
960,16.0,feeder2_68,0.14160610166163662,0.3200496841346024,0.14155294314297995,0.3198185837433554
960,16.0,feeder2_69,0.14098365176483188,0.32099462119015687,0.1409278459587863,0.32076580862784004
960,16.0,feeder2_71,0.14299231657141448,0.3252763018408456,0.14293738325537908,0.3250425998331335
960,16.0,feeder2_72,0.1452901580301098,0.3265669908762541,0.14523498280255037,0.3263382000408756
960,16.0,feeder2_73,0.14728891791183354,0.3414573128340606,0.14723106451478626,0.3412149490781624
960,16.0,feeder2_74,0.14774215819091077,0.34032559117247696,0.147686716146661,0.3400795687558654
960,16.0,feeder2_77,0.15100013143866275,0.35554784251662436,0.15094171532361303,0.35529268572510253
960,16.0,feeder2_79,0.15096223839120237,0.3556073308699663,0.15090456218094692,0.35535879990338864
960,16.0,feeder2_81,0.15687925114915707,0.377823086787374,0.15681952367873833,0.3775572553899706
960,16.0,feeder2_82,0.15694232669150104,0.37786170239831657,0.15688447968586908,0.37759319170477545
960,16.0,feeder2_116,0.18342600220787814,0.4779140957961167,0.1833576752745071,0.4775768948632663
960,16.0,feeder2_119,0.18338333198656667,0.4778454651857711,0.1833116727342015,0.4775082511792391
960,16.0,feeder2_120,0.1933309115052369,0.5151022215933391,0.1932566621925293,0.514734030017819
960,16.0,feeder2_248,0.19173567529283272,0.5126604052264977,0.19166069320425866,0.5122982047972385
960,16.0,feeder2_124,0.19963526693521014,0.5389701883096023,0.1995569064161892,0.5385839487064054
960,16.0,feeder2_282,0.21862916616026792,0.5501639526750601,0.2185541669627924,0.5497919065214885
960,16.0,feeder2_275,0.19954687228660173,0.5388449967052983,0.19946891888879695,0.5384599007464307
960,16.0,feeder2_151,0.20877260444282464,0.5730867077724838,0.20868931548835057,0.5726681041505096
960,16.0,feeder2_295,0.20547186546896953,0.5797662911837915,0.20538929345962484,0.5793440738892099
960,16.0,feeder2_311,0.20874952793813734,0.5731348454465475,0.20866984815833814,0.5727173300421669
960,16.0,feeder2_201,0.2229968257655597,0.6219454698908022,0.22290935573126297,0.6214873579161324
960,16.0,feeder2_314,0.22367804986365003,0.6216949490803263,0.22358896050858496,0.6212309200225266
960,16.0,feeder2_342,0.2428577656755305,0.691853708225956,0.2427595030781375,0.6913259657757568
960,16.0,feeder2_368,0.24256742647199167,0.6941119835392725,0.24246715760706342,0.6935793444128486
960,16.0,feeder2_347,0.2525262704124964,0.7223542323242322,0.2524250643284581,0.7218045709715109
960,16.0,feeder2_353,0.2573350536255321,0.7376467513063322,0.25722819288169646,0.7370863851012248
960,16.0,feeder2_518,0.25260485343069916,0.7224109153787672,0.25249885059953336,0.7218622834633728
960,16.0,feeder2_365,0.2626817728528382,0.7547642756898194,0.2625732510138926,0.7541898397626
960,16.0,feeder2_653,0.2572613310898086,0.7375428284531566,0.25715387210316976,0.7369839653727701
960,16.0,feeder2_377,0.265585703822995,0.7641007828553126,0.26547342175471944,0.7635243508553294
960,16.0,feeder2_622,0.262674128038249,0.7547779385494611,0.262563937945012,0.7542046428263156
960,16.0,feeder2_451,0.24265574780277616,0.6941739779589202,0.24255749891499145,0.6936427576780628
960,16.0,feeder2_383,0.24210860432813597,0.697849790945912,0.24200896443700193,0.6973093001023282
960,16.0,feeder2_385,0.26866031170912974,0.7734008067511741,0.2685458888129666,0.7728224240659066
960,16.0,feeder2_621,0.26226233666921983,0.7700700129050364,0.2621529305607629,0.769483560494721
960,16.0,feeder2_611,0.24225282371937432,0.696917429289207,0.2421537046452348,0.6963796779494804
960,16.0,feeder2_405,0.24208576683168925,0.6981429382367375,0.2419880762741249,0.6976020437976558
960,16.0,feeder2_461,0.28177246265699685,0.8151191137175797,0.2816523455115489,0.8145196751793458
960,16.0,feeder2_594,0.2675720868427165,0.7718227873615514,0.26745947001768267,0.7712412830575578
960,16.0,feeder2_732,0.2385385291834888,0.6933176826482149,0.23843720499519913,0.6927825049886392
960,16.0,feeder2_417,0.2421898640965147,0.701413930092831,0.24208959526083104,0.70087763180289
960,16.0,feeder2_663,0.23965668562900078,0.7045290021386986,0.23955927490779635,0.7039867432239787
960,16.0,feeder2_444,0.24243093935176133,0.7030035389557296,0.2423338163439324,0.7024655548485568
960,16.0,feeder2_759,0.24258558289464582,0.7031064721302589,0.24248443434115063,0.7025647598805174
960,16.0,feeder2_842,0.2420147540002557,0.7040609828208018,0.241916099449243,0.703518176481912
960,16.0,feeder2_459,0.2425087146497606,0.7035051818096318,0.2424117246061635,0.702965281405131
960,16.0,feeder2_702,0.245860476681218,0.7044323766713011,0.2457611782517243,0.7038933374190262
960,16.0,feeder2_493,0.24245043522053378,0.7049615905246632,0.24235040372517,0.7044159727669631
960,16.0,feeder2_651,0.27862935611628165,0.8194545035653651,0.2785090263020956,0.818848352911431
960,16.0,feeder2_684,0.29184539409698795,0.8474804083027352,0.29172225958437487,0.8468846246068896
960,16.0,feeder2_674,0.2421866230819234,0.704393985003563,0.24208750990995387,0.703845870403412
960,16.0,feeder2_696,0.24285194011581632,0.7119446891890215,0.2427530417267673,0.7113869402642425
960,16.0,feeder2_681,0.24141487122887428,0.7032967794600833,0.24131606599662336,0.7027543021340535
960,16.0,feeder2_682,0.2422681389410527,0.7037057582468025,0.24216878120285598,0.7031603465763872
960,16.0,feeder2_728,0.2901151757393076,0.8405067388988635,0.2899912958925284,0.8399143722938831
960,16.0,feeder2_724,0.3056609426350452,0.8986158412608547,0.3055305339056322,0.8980178623840445
960,16.0,feeder2_703,0.24282830419192042,0.7120252612228863,0.2427284901924936,0.7114658139869103
960,16.0,feeder2_704,0.2416464951753525,0.7150558096361728,0.2415489302747964,0.71449585395848
960,16.0,feeder2_754,0.3067207823551173,0.8984769847876054,0.30658976347544814,0.897883441825087
960,16.0,feeder2_747,0.3111691932796004,0.9199084368723215,0.31103607236368525,0.9193134048573673
960,16.0,feeder2_828,0.2855454564649162,0.8334496258923386,0.28542063145775276,0.8328587813838079
960,16.0,feeder2_763,0.29014483265484886,0.8405556507478392,0.29001772491879824,0.8399671872721423
960,16.0,feeder2_836,0.3106548079626591,0.9202780554296278,0.3105194724105765,0.9196778488258571
960,16.0,feeder2_758,0.3158815149658092,0.9383102712201098,0.31574334599121545,0.9377142565880915
960,16.0,feeder2_788,0.3190666427289278,0.9398885082133318,0.31893185889394904,0.9392954019150082
960,16.0,feeder2_812,0.3296095276773188,0.9934239841442465,0.3294674064140949,0.9928233912020902
960,16.0,feeder2_947,0.29032391827551896,0.8407033968874704,0.29020077259737387,0.840108456385385
960,16.0,feeder2_868,0.2905177106202049,0.8408447330028805,0.2903923834627206,0.8402522965918008
960,16.0,feeder2_785,0.2900880194906198,0.8403327809398725,0.2899619759932129,0.8397411526214433
960,16.0,feeder2_1176,0.2900402892416459,0.8403775206513858,0.2899157784013809,0.8397840600324301
960,16.0,feeder2_846,0.28975548786624894,0.8398502475841021,0.28962806178719047,0.8392560353437403
960,16.0,feeder2_911,0.2901118830857492,0.8404176889558359,0.2899844817228367,0.8398256505930871
960,16.0,feeder2_1107,0.33732774060118165,1.0213726895996282,0.3371855909678605,1.020796504942683
960,16.0,feeder2_920,0.33135171090505827,1.0014298376610127,0.33120782024636997,1.0008197791974065
960,16.0,feeder2_926,0.33401440049434966,1.0136578847436037,0.33386908685987066,1.0130382709273975
960,16.0,feeder2_1239,0.3312733707002886,1.0010789360204362,0.3311294322552978,1.0004696304688507
960,16.0,feeder2_933,0.3351383771386003,1.0190504015838389,0.3349897263852718,1.0184237018132003
960,16.0,feeder2_1146,0.3342733662282284,1.0137597322222858,0.33412531971035037,1.0131364861616239
960,16.0,feeder2_1124,0.33512404120751915,1.0190556688796635,0.3349775550872448,1.018425279097527
960,16.0,feeder2_942,0.337981080840496,1.032703314375555,0.337831408508099,1.0320641988923864
960,16.0,feeder2_952,0.34063271028169295,1.0470408925129118,0.34047504180927085,1.046367720815678
960,16.0,feeder2_965,0.33818221263015624,1.0334652835939615,0.3380315671765223,1.0328284457679904
960,16.0,feeder2_961,0.3408639515721878,1.0484083051856046,0.3407092065685798,1.0477338880738118
960,16.0,feeder2_963,0.3406446934246472,1.0470812284326283,0.34049036881375366,1.0464083229402874
960,16.0,feeder2_973,0.3421280845899055,1.0561384054245118,0.34197228779781697,1.0554427057311295
960,16.0,feeder2_1128,0.34080989224363445,1.0476648329798282,0.34065426453731323,1.0469905496125047
960,16.0,feeder2_1113,0.3410356302919747,1.0470729094280202,0.3408810622959388,1.0464010514289805
960,16.0,feeder2_1143,0.3411482996277929,1.0497820826798339,0.3409897659020022,1.0491132352658492
960,16.0,feeder2_1238,0.3671302022628218,1.0552908568711277,0.3669789719866434,1.054673114482858
960,16.0,feeder2_979,0.33801761418083764,1.0325553402663687,0.3378695607437452,1.0319124224702645
960,16.0,feeder2_1236,0.34393271385279334,1.0675929006766498,0.3437709696837976,1.0668747882644884
960,16.0,feeder2_989,0.3421289113459407,1.056139872265796,0.3419709937579403,1.0554473875433543
960,16.0,feeder2_1196,0.3363341235263026,1.028740774279516,0.3361836990967677,1.0280994738399563
960,16.0,feeder2_1158,0.34143628542206306,1.0565555678616247,0.34127994920758403,1.0558573247571943
960,16.0,feeder2_1122,0.34032376513988283,1.0324586062643744,0.340181930554097,1.0318902539195542
960,16.0,feeder2_1258,0.33700210595221414,1.021512887340096,0.33686037716284384,1.0209308569009197
960,16.0,feeder2_1303,0.3419146899553066,1.03379801870163,0.3417732034503408,1.0332358039227603
960,16.0,feeder2_1138,0.3425969703164739,1.0407937864697985,0.34245730435811866,1.040236397970017
960,16.0,feeder2_1304,0.3425680000866499,1.0407506605511025,0.3424305801636039,1.0401941680379887
960,16.0,feeder2_1212,0.3474390181677947,1.05873258684626,0.34729975517459805,1.0581889745584518
960,16.0,feeder2_1311,0.3635309107233324,1.0723269289937354,0.363391731914743,1.0717901968826014
960,16.0,feeder2_1290,0.35110323020155004,1.0694211714923003,0.35096276742863214,1.0688900224911246
960,16.0,feeder2_1325,0.3464228085924103,1.082352306622512,0.3462536793067991,1.0816026469753155
960,16.0,feeder2_1248,0.34392521124303355,1.0675990612764215,0.3437621461163726,1.0668817109505573
960,16.0,feeder2_1249,0.36837711109486737,1.0557901374977323,0.36822914979899846,1.0551676100071736
960,16.0,feeder2_1250,0.38444073470783724,1.0696085891489329,0.3842909489235906,1.068993688539006
960,16.0,feeder2_1366,0.3438840514604904,1.0676243568098527,0.3437211995512588,1.0669048936081578
960,16.0,feeder2_1266,0.3366974227578061,1.0216484444739324,0.33655809784750335,1.0210716342689734
960,16.0,feeder2_1372,0.36670250142005983,1.0805510026890675,0.3665625506725002,1.080031880286129
960,16.0,feeder2_1363,0.3506232996467151,1.0639757742798577,0.3504836758004423,1.0634476541650908
960,16.0,feeder2_1446,0.34857365515237754,1.0841742482593169,0.34840678557390686,1.083426700321744
960,16.0,feeder2_1502,0.3487794674426169,1.0965162202535366,0.34860299561614483,1.095726017249388
960,16.0,feeder2_1428,0.3509888473940083,1.0627548526840733,0.350850248531374,1.0622230146784306
960,16.0,feeder2_1380,0.3501583122598906,1.059425108110871,0.3500168565530171,1.0588981658444387
960,16.0,feeder2_1550,0.35158945113126266,1.0609231548954,0.35145112994157685,1.0603966101778333
960,16.0,feeder2_1386,0.3498254984556867,1.0564324050147287,0.3496879369426898,1.0559098494747572
960,16.0,feeder2_1551,0.35010420975717155,1.0553635520887843,0.3499641694655268,1.0548365795449746
960,16.0,feeder2_1400,0.34968367180595994,1.055269661837459,0.34954591692892945,1.0547444193128004
960,16.0,feeder2_1552,0.34768499197157343,1.0522081633369404,0.34754266704923253,1.0516865158208732
960,16.0,feeder2_1408,0.349732913525866,1.0543806981803185,0.34959373941093147,1.0538538175889915
960,16.0,feeder2_1553,0.3496476941009306,1.0542650873892345,0.34950616185318106,1.0537405832053444
960,16.0,feeder2_1416,0.34976460741567605,1.0539427249991395,0.34962691740478646,1.0534213992207175
960,16.0,feeder2_1530,0.35118133782438066,1.0540619341136592,0.3510405500515438,1.0535386217318965
960,16.0,feeder2_1425,0.34960202674875107,1.0529524140643545,0.3494613595718626,1.052424192990441
960,16.0,feeder2_1589,0.3482666387666818,1.0510219315678246,0.34812596142565516,1.0504978912592167
960,16.0,feeder2_1435,0.34961054821669624,1.0529301493573469,0.3494696102422918,1.052402526696556
960,16.0,feeder2_1621,0.34858858342983773,1.0531082557475222,0.3484497446866187,1.0525800859312329
960,16.0,feeder2_1564,0.34958345733673873,1.0528180190947567,0.3494460408495084,1.0522913689358844
960,16.0,feeder2_1704,0.3471397343878007,1.0980281855823355,0.34696669307296535,1.0972367503867657
960,16.0,feeder2_1525,0.34941834398140814,1.0997050679326885,0.34924161150722793,1.098908436545786
960,16.0,feeder2_1716,0.3485466975280185,1.1003367894149079,0.34837091257656383,1.0995326063388724
960,16.0,feeder2_1537,0.35010935932020565,1.1032277581522736,0.3499341357026559,1.1024214417773623
960,16.0,feeder2_1645,0.349759798454946,1.1015774551202642,0.34958253459500516,1.1007691269322872
960,16.0,feeder2_1561,0.35102727256075905,1.1081629727802589,0.35084688573929973,1.1073416522416204
960,16.0,feeder2_1657,0.3516999934320926,1.1080912192056436,0.3515173624657589,1.107268803900577
960,16.0,feeder2_1570,0.3513770559119014,1.1102917027294288,0.3511966282133664,1.1094648646628302
960,16.0,feeder2_1756,0.38191490434954184,1.133994530800828,0.3817327510040175,1.133189784568294
960,16.0,feeder2_1588,0.3513745659209988,1.110672941660939,0.35119472798979,1.109838740709253
960,16.0,feeder2_1628,0.3517660434897749,1.1109952584951726,0.351583643254705,1.1101667224416556
960,16.0,feeder2_1598,0.35135405239516015,1.1110622302911721,0.3511689661261707,1.1102218833602373
960,16.0,feeder2_1816,0.3469147333652375,1.1151736353306285,0.3467302135398516,1.1143275467509393
960,16.0,feeder2_1765,0.35130670833072997,1.1110952321743037,0.35112425850010914,1.110252015476298
960,16.0,feeder2_1641,0.3512597317758361,1.1120512783503984,0.35106932839884,1.1111794383034106
960,16.0,feeder2_1689,0.3509920147093279,1.1119695853773144,0.35079762145046617,1.111064265111771
960,16.0,feeder2_1744,0.3520210144509391,1.1126481179123535,0.35183193135052937,1.1117745645610986
960,16.0,feeder2_1817,0.35097386422942245,1.1118883334267213,0.3507793853721355,1.1109853538388135
960,16.0,feeder2_1779,0.35093748436502037,1.1119773833994557,0.3507455208083764,1.1110670214685665
960,16.0,feeder2_1800,0.35095363190731804,1.1119154289212376,0.35076236166736846,1.1110105596204631
960,16.0,feeder2_1818,0.33814383871299747,1.109459314264452,0.337917539886569,1.1084883548799667
960,16.0,feeder2_1753,0.3542863079414312,1.1144160350641,0.3540993167795272,1.113543278694959
960,16.0,feeder2_1754,0.3520551241785742,1.1126769078230658,0.351866869196226,1.1118061867616535
990,16.5,secondary,0.04275482220230699,0.05269263364036462,0.04275192488299641,0.05268819464969715
990,16.5,feeder2_44,0.07964930565919967,0.27510963130668076,0.07964950004052442,0.2750782353730206
990,16.5,feeder2_45,0.08098349279771655,0.28344474425403526,0.08098302068760009,0.283412291753738
990,16.5,feeder2_46,0.08015675535302005,0.27815402720232213,0.08015717971284655,0.2781242968216709
990,16.5,feeder2_51,0.08330611545621282,0.2979479091382017,0.08330350111038444,0.2979179930871859
990,16.5,feeder2_48,0.08105711331245999,0.28328241263283416,0.08105313874832859,0.28325325456422773
990,16.5,feeder2_52,0.07810351214566282,0.3019848872755368,0.07809780373136932,0.30195877200393506
990,16.5,feeder2_68,0.09041429515893575,0.3376328082167726,0.09041391273691107,0.3375949392877866
990,16.5,feeder2_69,0.09235098515718174,0.3408269682531363,0.09234788292084521,0.3407903119692822
990,16.5,feeder2_71,0.0913247076058722,0.3427292390321103,0.09131974510014061,0.342693394703853
990,16.5,feeder2_72,0.09304074422800092,0.3391926371827966,0.09303465524800064,0.3391551000411195
990,16.5,feeder2_73,0.09419545057004508,0.35907335376042465,0.09419467404669662,0.3590330408531004
990,16.5,feeder2_74,0.09106329923394814,0.3618231972308799,0.09105944617512525,0.3617856516323207
990,16.5,feeder2_77,0.0968050917106127,0.3727406672638045,0.09680508956227155,0.3726963665344413
990,16.5,feeder2_79,0.0962622839012266,0.37332126900682594,0.09626315575647716,0.3732779972200674
990,16.5,feeder2_81,0.10089043806082629,0.3940560951929312,0.1008873029870236,0.3940135875289485
990,16.5,feeder2_82,0.10202416337988873,0.39169590221448436,0.10201826617448703,0.39165155091458864
990,16.5,feeder2_116,0.11941770818883599,0.4920652638251585,0.11941076429924503,0.4920164498935191
990,16.5,feeder2_119,0.11917859020653124,0.4920243354588078,0.11917488395648654,0.4919703088220367
990,16.5,feeder2_120,0.1263410782908596,0.5284450997121386,0.12634149603249553,0.5283889841506738
990,16.5,feeder2_248,0.12429242669672827,0.5280263333547354,0.12428885959583619,0.5279681920511206
990,16.5,feeder2_124,0.13074226351095805,0.55108599680408,0.13073550585633023,0.5510274659075258
990,16.5,feeder2_282,0.13192409820287124,0.5481251301983663,0.13191657884114974,0.5480683264298782
990,16.5,feeder2_275,0.13062596014222713,0.5510528864810167,0.13062424775510462,0.5509919063230612
990,16.5,feeder2_151,0.13854930915966412,0.5922106551064754,0.13854965040745906,0.5921447152906328
990,16.5,feeder2_295,0.14037963867610884,0.5948511462902915,0.1403815544496567,0.5947840678066405
990,16.5,feeder2_311,0.13863220787479594,0.5923272753105012,0.1386250481593528,0.592264842329375
990,16.5,feeder2_201,0.15072859926893978,0.6565185761352655,0.15072355663237286,0.6564512731562668
990,16.5,feeder2_314,0.15279136535450036,0.6542918248511944,0.15278424560050333,0.654222047238184
990,16.5,feeder2_342,0.16745932356891527,0.7525344095391323,0.16745664884383363,0.7524534251483488
990,16.5,feeder2_368,0.16940087584368507,0.7551191443938884,0.16939263345454508,0.7550407564917991
990,16.5,feeder2_347,0.17300056529388777,0.794867250418894,0.17299500228780132,0.7947829953555887
990,16.5,feeder2_353,0.1757729538619084,0.8159684874277805,0.17576383874596105,0.8158835597567424
990,16.5,feeder2_518,0.1730150895601251,0.7948086341526396,0.1730130003579182,0.7947208089197966
990,16.5,feeder2_365,0.17886360882901212,0.8393934764579127,0.17885975872958196,0.8393027513231979
990,16.5,feeder2_653,0.17567712555476342,0.8159427086199091,0.17567608458131814,0.8158539794702491
990,16.5,feeder2_377,0.18051048175721138,0.851945086303725,0.18050105280809658,0.8518602180838241
990,16.5,feeder2_622,0.1786508392631443,0.83992274295092,0.178644509982218,0.8398350329999236
990,16.5,feeder2_451,0.16941798473794514,0.7550530175012157,0.16940837425517408,0.754977409621909
990,16.5,feeder2_383,0.17254540882976396,0.7593501837663065,0.1725402982853619,0.7592708426840643
990,16.5,feeder2_385,0.18220685789369317,0.8654267059841736,0.18219795189114393,0.8653381336230426
990,16.5,feeder2_621,0.18258721327855398,0.8547685112208322,0.18258188169397474,0.8546767993383575
990,16.5,feeder2_611,0.17246096805489822,0.7593233366116854,0.17245472407799997,0.7592478546038111
990,16.5,feeder2_405,0.1727430586030221,0.7596165438383173,0.17273827648731793,0.7595355107800041
990,16.5,feeder2_461,0.18945636429550786,0.9209437583521338,0.18945188880544547,0.9208415994251996
990,16.5,feeder2_594,0.18090260491409413,0.865113069587623,0.1809016509415493,0.8650186287149354
990,16.5,feeder2_732,0.16888695174333898,0.7587627800772107,0.16887960427839555,0.7586860640238583
990,16.5,feeder2_417,0.1744379637208925,0.7618915750680918,0.17442923216637599,0.76181426913042
990,16.5,feeder2_663,0.17571607997085356,0.763643678201664,0.17571568036129756,0.7635613668711428
990,16.5,feeder2_444,0.1755878015422208,0.7630757364902773,0.17558725732716376,0.7629908176929543
990,16.5,feeder2_759,0.1796760365249822,0.7579350446254651,0.17967365697063795,0.7578537679898791
990,16.5,feeder2_842,0.17796989824906023,0.7666384327186634,0.17796912455294472,0.7665555268989002
990,16.5,feeder2_459,0.17588428521542207,0.7636023869595142,0.17588028048875903,0.7635210354816201
990,16.5,feeder2_702,0.18126339184090684,0.7558761656319722,0.18125466037212234,0.7557966841359697
990,16.5,feeder2_493,0.17664770281571474,0.7686000832063272,0.17664555946216132,0.768519532152778
990,16.5,feeder2_651,0.19022058068632522,0.9221277494765358,0.19021960738205124,0.9220275642418377
990,16.5,feeder2_684,0.1950780826099449,0.9647170545683571,0.19507516839993927,0.9646119662247793
990,16.5,feeder2_674,0.17556036104806477,0.7687702633682508,0.1755546515126216,0.7686892533303878
990,16.5,feeder2_696,0.18020110256232583,0.7827698372912395,0.18019758023515503,0.7826897091789244
990,16.5,feeder2_681,0.17396635828399998,0.7683225698345126,0.17396492938903038,0.7682405088471882
990,16.5,feeder2_682,0.1734786665626253,0.7701598018109821,0.17347172273851608,0.7700824187571552
990,16.5,feeder2_728,0.19476204551508258,0.9626225830894308,0.19475260369776973,0.9625233396429256
990,16.5,feeder2_724,0.20138974324901263,1.0143975447730726,0.20138031461859807,1.0142884154648346
990,16.5,feeder2_703,0.18032890720013045,0.7829441031868837,0.1803271009841293,0.7828609625235676
990,16.5,feeder2_704,0.18385846959001145,0.7879083112515728,0.18385510737899288,0.7878282698194877
990,16.5,feeder2_754,0.20140203884621144,1.0143345058693887,0.20140049253247802,1.014222810872771
990,16.5,feeder2_747,0.20397364074928667,1.0347209383586726,0.2039693379993801,1.0346091164520408
990,16.5,feeder2_828,0.19347327568880146,0.962279118011761,0.19347175803560285,0.9621739455701608
990,16.5,feeder2_763,0.19475055580337647,0.96023253624864,0.19474169253686427,0.9601320496288066
990,16.5,feeder2_836,0.2048518608632624,1.0358757636759621,0.2048447894334182,1.0357620755314212
990,16.5,feeder2_758,0.20608919292473626,1.0516873182387714,0.20608200125408954,1.0515714848144948
990,16.5,feeder2_788,0.20650682361192865,1.050192073444649,0.20649992878021642,1.0500755950957041
990,16.5,feeder2_812,0.21278314539138185,1.1056683125383313,0.21277218634905937,1.105551253506116
990,16.5,feeder2_947,0.194776535752447,0.960102635292618,0.194771961511197,0.9599982434555706
990,16.5,feeder2_868,0.19494122000555317,0.9595318473172764,0.19493947288882277,0.9594259543436512
990,16.5,feeder2_785,0.19476955689234593,0.9592847615764492,0.19476401075855385,0.9591801255349459
990,16.5,feeder2_1176,0.1949377874651375,0.9595040334276386,0.19493438548353237,0.9594004409335423
990,16.5,feeder2_846,0.19367306011156346,0.9590061561933239,0.19366680982193835,0.9589024391197503
990,16.5,feeder2_911,0.19511204966341114,0.957564512187867,0.19510304116309762,0.9574615305948511
990,16.5,feeder2_1107,0.20599754785838448,1.0813100018443267,0.20598728890154344,1.08119534014668
990,16.5,feeder2_920,0.21653389342054025,1.127597378591998,0.2165287618664284,1.127470040731657
990,16.5,feeder2_926,0.22219598711225164,1.1605277099065665,0.22219123509990826,1.1603948163099138
990,16.5,feeder2_1239,0.2164484728032209,1.127390504888656,0.216445273055455,1.1272640124663627
990,16.5,feeder2_933,0.22470493766235788,1.1751501337312282,0.22470188590082227,1.1750155958382
990,16.5,feeder2_1146,0.2221863899891615,1.1604591485786964,0.22218435002791084,1.1603268690995836
990,16.5,feeder2_1124,0.2247504311122652,1.1752084647930932,0.2247383664043256,1.1750766934144399
990,16.5,feeder2_942,0.23104580182866627,1.2121873685407931,0.23104319027303427,1.2120438412261958
990,16.5,feeder2_952,0.24092474406022446,1.2686254822440621,0.24091445690643992,1.2684800350229892
990,16.5,feeder2_965,0.2309784095806699,1.2119750185339797,0.23097511064232948,1.2118318874864138
990,16.5,feeder2_961,0.24199360114913263,1.274740536547786,0.24198838737551653,1.274593546031434
990,16.5,feeder2_963,0.24092440083121752,1.2686231490617967,0.24091424541882517,1.2684781063721375
990,16.5,feeder2_973,0.2479119456183844,1.3068253560641725,0.24790900551613934,1.3066684661374803
990,16.5,feeder2_1128,0.24158944554740855,1.2755478678592442,0.2415839901476445,1.275399872436665
990,16.5,feeder2_1113,0.2409297390506758,1.2685917975838819,0.2409182457529036,1.2684478648475752
990,16.5,feeder2_1143,0.24091291679933183,1.2685453873155768,0.2409084132060239,1.2683939769773909
990,16.5,feeder2_1238,0.23205643583979885,1.2069948495474196,0.23204815687193658,1.2068517418658897
990,16.5,feeder2_979,0.2309405685058139,1.212069932833883,0.23093523956995107,1.2119317425490916
990,16.5,feeder2_1236,0.2561524374237576,1.3519411261666971,0.2561468647370106,1.351781272692991
990,16.5,feeder2_989,0.24791738309308922,1.3068515780488859,0.24791177426381716,1.3066995725398605
990,16.5,feeder2_1196,0.23032787766044216,1.2125256828352449,0.23032133084356018,1.2123885432872903
990,16.5,feeder2_1158,0.2502904174792987,1.3100926161324669,0.25028656753717765,1.3099379130559283
990,16.5,feeder2_1122,0.2031082867378529,1.0707698893203288,0.20310467668853507,1.0706534580011888
990,16.5,feeder2_1258,0.20708522938331875,1.0827431304449393,0.20707927054758904,1.0826273190605225
990,16.5,feeder2_1303,0.2035926093609502,1.0688651203877362,0.20358293678857697,1.0687571174017882
990,16.5,feeder2_1138,0.2008948975712268,1.0631509467654,0.20088906567246795,1.063043215848375
990,16.5,feeder2_1304,0.20073055881179164,1.063116009479864,0.20072281378380563,1.0630110724214774
990,16.5,feeder2_1212,0.1962349899029067,1.0472702066781885,0.1962287159136588,1.0471662096242527
990,16.5,feeder2_1311,0.19728977064912911,1.0443823995954105,0.19728469626374964,1.0442781902498617
990,16.5,feeder2_1290,0.19061722297608272,1.0303382578906843,0.190612043857038,1.030241368445258
990,16.5,feeder2_1325,0.2646788611167227,1.4005061652231778,0.2646720576605031,1.4003389636457313
990,16.5,feeder2_1248,0.2561953437099803,1.3520028485841993,0.2561908557906888,1.351841696280721
990,16.5,feeder2_1249,0.2321065948833461,1.2065733043672875,0.23209531807107472,1.2064317530510917
990,16.5,feeder2_1250,0.2327952457078886,1.2045299316059344,0.23278506292329246,1.2043889820627671
990,16.5,feeder2_1366,0.256137717316337,1.3528766068838194,0.2561274992431555,1.3527192652997848
990,16.5,feeder2_1266,0.20808282915288395,1.084062885950481,0.208076589748166,1.0839450522597274
990,16.5,feeder2_1372,0.19190901224375154,1.0285731549279515,0.1919004076034948,1.0284780624273788
990,16.5,feeder2_1363,0.18444943362387764,1.0152776292099712,0.18444266084604474,1.0151930221956362
990,16.5,feeder2_1446,0.2650307615262289,1.3991773151721616,0.2650207175884261,1.3990131748868377
990,16.5,feeder2_1502,0.274445076773204,1.4567805384416639,0.27443690749556104,1.4566040456827931
990,16.5,feeder2_1428,0.1843696859419631,1.015261243837283,0.18436955371020666,1.0151725072647408
990,16.5,feeder2_1380,0.17702939593841185,0.9978863843748872,0.17702991615153213,0.9978068945260014
990,16.5,feeder2_1550,0.179715854008983,0.9847589920740761,0.17970994979210145,0.984677500006618
990,16.5,feeder2_1386,0.17413654591083164,0.9960970523508991,0.17413614941315128,0.9960255967742727
990,16.5,feeder2_1551,0.1715694246320042,0.9984582441403784,0.17156421477671072,0.9983903737155747
990,16.5,feeder2_1400,0.17293271240278477,0.994895641800967,0.17292957951879923,0.994828546267523
990,16.5,feeder2_1552,0.16864752692701349,0.9947031827449491,0.16864234693909358,0.9946407619583163
990,16.5,feeder2_1408,0.17079039816103558,0.9929958872433657,0.17078557974083927,0.9929374213476604
990,16.5,feeder2_1553,0.16975730644670062,0.9927142309951545,0.16976009304248596,0.9926520493447978
990,16.5,feeder2_1416,0.16971902520113075,0.9922101346188754,0.16971548190370192,0.9921549715537434
990,16.5,feeder2_1530,0.16972113519636897,0.9921096420692322,0.16972239505087944,0.992050847179772
990,16.5,feeder2_1425,0.16771770025622768,0.9909665978788026,0.1677162926920699,0.9909166088099037
990,16.5,feeder2_1589,0.13835345012087605,0.9925052678004935,0.13835598663722393,0.9924676863581222
990,16.5,feeder2_1435,0.1677191663348503,0.9909759902210276,0.16771618017393247,0.990924723415597
990,16.5,feeder2_1621,0.16782855403879984,0.9910971686284462,0.1678267980411743,0.9910480351127707
990,16.5,feeder2_1564,0.16770577827829736,0.9909471988878972,0.16770231428723134,0.9908982860338389
990,16.5,feeder2_1704,0.2756727002723826,1.458438267294476,0.2756616977213485,1.458264976460086
990,16.5,feeder2_1525,0.2768299590575274,1.470652294946927,0.27681904290681597,1.4704743913891294
990,16.5,feeder2_1716,0.27796890814309405,1.4745144209832377,0.27796285835286777,1.4743322101246723
990,16.5,feeder2_1537,0.27936822993526544,1.485527610093675,0.27935852983311593,1.4853439886042372
990,16.5,feeder2_1645,0.2785347271544699,1.4861521879981134,0.2785229895960858,1.4859715533096425
990,16.5,feeder2_1561,0.28236546141101465,1.5020874380700224,0.28235423313926944,1.5019052862519828
990,16.5,feeder2_1657,0.2823713530152759,1.5020510706830814,0.282363674621784,1.501865356409051
990,16.5,feeder2_1570,0.28365998812626825,1.5092425931083806,0.2836496212913171,1.5090576214816274
990,16.5,feeder2_1756,0.2856672387826697,1.504271914828398,0.28565966196687004,1.5040824868925577
990,16.5,feeder2_1588,0.28488851221704603,1.5162267047778923,0.28488080251564285,1.5160401061479067
990,16.5,feeder2_1628,0.2850084595699042,1.5157728408602522,0.2850010903528076,1.5155884468654408
990,16.5,feeder2_1598,0.28645428825137476,1.5251687455568543,0.2864461230344067,1.5249805555486526
990,16.5,feeder2_1816,0.31488950342971617,1.5625331083641107,0.3148924754225044,1.562338519483932
990,16.5,feeder2_1765,0.28661629257036364,1.5253784108291093,0.28661050837346885,1.5251901355178086
990,16.5,feeder2_1641,0.291736055292497,1.5574284386498949,0.29172927290723977,1.5572346983670156
990,16.5,feeder2_1689,0.2962038088525446,1.5873739822833177,0.29619299143040234,1.5871774969707084
990,16.5,feeder2_1744,0.2926843418817585,1.5557977577553392,0.29267699633895455,1.5556026608558928
990,16.5,feeder2_1817,0.2959136815480877,1.5880492944501008,0.29590615258299324,1.5878488132886412
990,16.5,feeder2_1779,0.30386265148523184,1.597518610854297,0.3038595785790433,1.5973192955354247
990,16.5,feeder2_1800,0.2935956299987975,1.589103521113795,0.2935821002365111,1.5889088458340244
990,16.5,feeder2_1818,0.31884127630728415,1.6188289691740319,0.3188282176963651,1.6186210755466655
990,16.5,feeder2_1753,0.2933534884321368,1.5533559777873058,0.29334385999849066,1.5531617945384726
990,16.5,feeder2_1754,0.29320112959555206,1.5552022135352663,0.2931913830438905,1.5550072148904903
1020,17.0,secondary,0.030076638801573498,0.038919368874464115,0.030070673571478693,0.038907330202918644
1020,17.0,feeder2_44,0.056058076029907505,0.20329826708670445,0.05604185512204004,0.20322579228600782
1020,17.0,feeder2_45,0.05698181510113143,0.20960825751383852,0.05696490429664415,0.20953399301682504
1020,17.0,feeder2_46,0.059021483971258344,0.2037751730753765,0.05900420962392383,0.20370227136614674
1020,17.0,feeder2_51,0.058596722263604836,0.2206023289222416,0.05858327337672625,0.22052516326756486
1020,17.0,feeder2_48,0.05690685608121035,0.2094082758820287,0.05689253261326225,0.20933661160580258
1020,17.0,feeder2_52,0.05402587472322909,0.22620329338070289,0.05400858395109493,0.22612587163564615
1020,17.0,feeder2_68,0.06335709418135198,0.2496417801240042,0.06333568896582531,0.24955105816367087
1020,17.0,feeder2_69,0.06497420876147698,0.2500625979887785,0.06495508970602643,0.2499712329153125
1020,17.0,feeder2_71,0.06397255179111862,0.253462209617178,0.06395413576196403,0.2533701639938992
1020,17.0,feeder2_72,0.06312325691969942,0.25123590572205506,0.0631073085237991,0.2511438622711341
1020,17.0,feeder2_73,0.06594982053767476,0.2656988010586391,0.06593143569587837,0.2656032688020951
1020,17.0,feeder2_74,0.06176322379800586,0.27159592232255403,0.06174382820127671,0.2714990521995369
1020,17.0,feeder2_77,0.06767725362183946,0.2753896482413117,0.06766399403874315,0.27529117601864705
1020,17.0,feeder2_79,0.06798251811251799,0.27545959421815874,0.06796722076339429,0.27536090783328654
1020,17.0,feeder2_81,0.07038503938647916,0.2906974415865713,0.0703704464993569,0.29059172832749147
1020,17.0,feeder2_82,0.06868934086172986,0.28555518376375927,0.068669122797907,0.28544870266654293
1020,17.0,feeder2_116,0.0835301552526029,0.36538922866028156,0.08350415124098952,0.3652536621111215
1020,17.0,feeder2_119,0.08111610895854104,0.368145558677048,0.08109177190509671,0.368009553817322
1020,17.0,feeder2_120,0.08860566752577335,0.39171188372369464,0.08857870864446506,0.39156564546189737
1020,17.0,feeder2_248,0.08525554977309487,0.3955733791674329,0.08523456803590265,0.39542663820869695
1020,17.0,feeder2_124,0.09188822512656628,0.40645592042370193,0.09186312433147575,0.40630253400707966
1020,17.0,feeder2_282,0.09000151696916861,0.40127271638328454,0.08997559320121301,0.4011211377523211
1020,17.0,feeder2_275,0.07643571603135242,0.4308227190576088,0.07641104049355966,0.4306734190207797
1020,17.0,feeder2_151,0.09886880605370572,0.42187258972351294,0.09883864398797591,0.4217110847916349
1020,17.0,feeder2_295,0.10232734928809989,0.42301178812056817,0.1023055784234886,0.4228473877968164
1020,17.0,feeder2_311,0.09898288063291208,0.42192044910704335,0.09895669919840763,0.42175782623814245
1020,17.0,feeder2_201,0.10967774352061437,0.4473537599716265,0.10964737467879268,0.4471749787179254
1020,17.0,feeder2_314,0.10964470113796589,0.4472648745084363,0.10961922842614105,0.4470843227109733
1020,17.0,feeder2_342,0.12547571826739604,0.4868845439616576,0.12544338813676628,0.4866801094492861
1020,17.0,feeder2_368,0.126660839040392,0.4925609617573292,0.126632454827053,0.4923578360952971
1020,17.0,feeder2_347,0.13158070472963732,0.49671900729793483,0.13155293640451884,0.49650310354494864
1020,17.0,feeder2_353,0.13466024754926412,0.5018125929600347,0.1346341501072731,0.5015892099689551
1020,17.0,feeder2_518,0.13155401079432041,0.4966334427539039,0.1315237144997113,0.4964170879450341
1020,17.0,feeder2_365,0.1381025300909647,0.5075568664299632,0.13807271402674984,0.5073293535166935
1020,17.0,feeder2_653,0.13458950147511475,0.5018614551188125,0.1345628369943258,0.5016385766741319
1020,17.0,feeder2_377,0.1396440366765931,0.5097287103301458,0.1396118030339407,0.5094995996287778
1020,17.0,feeder2_622,0.14398627758835197,0.5109606534178597,0.1439528027559035,0.5107326964049115
1020,17.0,feeder2_451,0.12762024310333675,0.4915795084959743,0.12759435342516903,0.4913746266655911
1020,17.0,feeder2_383,0.12847360877877786,0.5026624788884138,0.12844280046289566,0.502457463543706
1020,17.0,feeder2_385,0.14115537211106677,0.5114777175616114,0.14112132270235747,0.5112422933135332
1020,17.0,feeder2_621,0.14316076942183012,0.5117129829661077,0.14312876266613442,0.5114836876772102
1020,17.0,feeder2_611,0.12720820784363562,0.5036512622409585,0.12717580961479097,0.5034469812786379
1020,17.0,feeder2_405,0.12859824938739908,0.5032521646710635,0.12856728080827615,0.5030475873971529
1020,17.0,feeder2_461,0.14801058316483595,0.5153680008894079,0.14797679131170643,0.5151183946972812
1020,17.0,feeder2_594,0.1387020047494143,0.5135887897257777,0.1386681397022857,0.5133553626378521
1020,17.0,feeder2_732,0.12054816580926306,0.5111319021567555,0.12051832833634724,0.510927522504126
1020,17.0,feeder2_417,0.1299731446304076,0.5060770113138662,0.12994053953529108,0.5058739819474207
1020,17.0,feeder2_663,0.13227823637146935,0.5074212076163445,0.13225173663758577,0.5072162118358579
1020,17.0,feeder2_444,0.13081534210606585,0.5077789915346795,0.13078744865425773,0.5075750978641967
1020,17.0,feeder2_759,0.13078723892530145,0.5035006806135519,0.13076319942793554,0.503297440326713
1020,17.0,feeder2_842,0.13393223984005287,0.5094570493425898,0.133905871344389,0.509254662968599
1020,17.0,feeder2_459,0.1310834058901749,0.5085441618797726,0.1310496968568939,0.5083404991666159
1020,17.0,feeder2_702,0.1306578322374644,0.5062716751991745,0.13062718098416398,0.5060672510559258
1020,17.0,feeder2_493,0.13222799493840334,0.5123618754617125,0.1321969983907715,0.5121583860660637
1020,17.0,feeder2_651,0.14999997338073834,0.5161389875964982,0.14996874463971105,0.5158876766983906
1020,17.0,feeder2_684,0.1530845054255645,0.5176000107837296,0.153049036293773,0.5173333880014129
1020,17.0,feeder2_674,0.13108269127176453,0.513295217547108,0.13104913661014175,0.5130936007789663
1020,17.0,feeder2_696,0.13648101021014392,0.5200452766597512,0.1364559401657716,0.5198423317697203
1020,17.0,feeder2_681,0.1298238030623561,0.5144077270567072,0.12979067259354318,0.5142063806141174
1020,17.0,feeder2_682,0.12830879465862371,0.5154968316345476,0.12828065931898575,0.5152925560966657
1020,17.0,feeder2_728,0.15255405111077047,0.5174520257982688,0.15251816447888916,0.5171848172324358
1020,17.0,feeder2_724,0.15913010686642506,0.5204756468028523,0.15909156898730376,0.5201960529955281
1020,17.0,feeder2_703,0.13761698441448617,0.5190767460723866,0.1375835209844939,0.5188766222099681
1020,17.0,feeder2_704,0.14142739201303367,0.5228369313901357,0.14140181904292362,0.5226353101953493
1020,17.0,feeder2_754,0.159112186178611,0.5203839219920552,0.1590795787809058,0.5201056362156306
1020,17.0,feeder2_747,0.161643578607865,0.5217835188101858,0.16161098820859707,0.5215002670315604
1020,17.0,feeder2_828,0.15111050914655366,0.5183422022096381,0.15107447309627156,0.5180781847782996
1020,17.0,feeder2_763,0.15219980823706977,0.5161461597290534,0.1521674001519273,0.5158782708524706
1020,17.0,feeder2_836,0.17367982984248612,0.5286208928089079,0.17364582252433594,0.5283417730513358
1020,17.0,feeder2_758,0.16244195456881214,0.5194540755247031,0.1624093934394323,0.5191634790132358
1020,17.0,feeder2_788,0.16226396795479014,0.5175969099067355,0.16222602666526154,0.5173102623112682
1020,17.0,feeder2_812,0.16528443020183808,0.5146627359665346,0.1652516631517165,0.5143565193574029
1020,17.0,feeder2_947,0.1521561440220598,0.5159568024866745,0.1521195019640681,0.51569241170204
1020,17.0,feeder2_868,0.1523228838247996,0.514171896101141,0.1522863324357332,0.5139068407484934
1020,17.0,feeder2_785,0.15209821259729955,0.5168188533693971,0.1520655535103545,0.5165553279571423
1020,17.0,feeder2_1176,0.15400072220018202,0.5161758547868883,0.15396354405825832,0.5159086530032899
1020,17.0,feeder2_846,0.14996438620407243,0.5183901113879712,0.14993084561151737,0.5181236506659874
1020,17.0,feeder2_911,0.15208290516288955,0.5167165478578312,0.1520521436921613,0.5164512428934211
1020,17.0,feeder2_1107,0.16418889449442658,0.5085592476764123,0.16415500353092344,0.5082534870303069
1020,17.0,feeder2_920,0.16640607043294933,0.5150123149516403,0.1663667211582017,0.5147026798213897
1020,17.0,feeder2_926,0.16868543432875305,0.513358149316308,0.1686520912963016,0.5130429193841615
1020,17.0,feeder2_1239,0.16571341642601173,0.5176687646276857,0.16567941539946401,0.5173577076762365
1020,17.0,feeder2_933,0.16968599094648512,0.5129654283801459,0.16965129409699847,0.5126474397259657
1020,17.0,feeder2_1146,0.16876615003049994,0.5118497284730394,0.16872374312572438,0.5115366358025624
1020,17.0,feeder2_1124,0.16986545813686565,0.51269592771962,0.1698251398867827,0.5123801788056225
1020,17.0,feeder2_942,0.17211402225686673,0.5121917054657317,0.1720747658139896,0.5118700501604617
1020,17.0,feeder2_952,0.1757466439405216,0.5159785898849203,0.17570715257861927,0.515648259141389
1020,17.0,feeder2_965,0.1721126925557038,0.5115718311011411,0.17207306349907506,0.5112506303903881
1020,17.0,feeder2_961,0.1761340135232808,0.5165410922629832,0.17609286329331958,0.5162117074806188
1020,17.0,feeder2_963,0.17574809883284634,0.515948324740632,0.17571246786603226,0.5156153480229936
1020,17.0,feeder2_973,0.17838869421285813,0.5190701006532452,0.1783452815807401,0.5187367931014386
1020,17.0,feeder2_1128,0.1758104451227693,0.5174767102170639,0.17577681633652784,0.5171425535409129
1020,17.0,feeder2_1113,0.17627405603046004,0.5153304164510507,0.17623069460773713,0.5150006242886973
1020,17.0,feeder2_1143,0.17573116612693185,0.5158194952813913,0.17569216682494634,0.515490518968007
1020,17.0,feeder2_1238,0.17742509801872622,0.5020888141921426,0.17739011370947202,0.5017650958506958
1020,17.0,feeder2_979,0.1721115496676971,0.5115750953663193,0.1720779320642417,0.5112521353057753
1020,17.0,feeder2_1236,0.18132002102490838,0.5215456297041564,0.18127798694442596,0.5212031793837854
1020,17.0,feeder2_989,0.17839284419250606,0.5190836925691463,0.17835364617139476,0.5187492683591504
1020,17.0,feeder2_1196,0.17206618898046608,0.5115940842991185,0.1720299816718554,0.5112712224020781
1020,17.0,feeder2_1158,0.18044638614258535,0.5206241930207616,0.18040566027620775,0.5202883967950283
1020,17.0,feeder2_1122,0.1622412241252671,0.5022971986652619,0.1622005188800027,0.5019915112433162
1020,17.0,feeder2_1258,0.17132169599846833,0.5127580888184757,0.17128313383769098,0.5124531987442177
1020,17.0,feeder2_1303,0.16209390255541242,0.48938910210009196,0.1620553613666015,0.48908512848583935
1020,17.0,feeder2_1138,0.16123706107911184,0.5019961422959197,0.16120602281062654,0.5016860916959356
1020,17.0,feeder2_1304,0.15936769127465883,0.5036739340731711,0.15933048963118435,0.5033657176653066
1020,17.0,feeder2_1212,0.15939529210564873,0.5003350895655895,0.15936261186398137,0.5000271256110707
1020,17.0,feeder2_1311,0.16376115547113687,0.4926732837132832,0.1637259553054733,0.49236504533650644
1020,17.0,feeder2_1290,0.15715363091219162,0.5053428542312474,0.15712023784313203,0.5050312729069253
1020,17.0,feeder2_1325,0.18248880114912056,0.5161637298415709,0.18244731325600136,0.5158121660621134
1020,17.0,feeder2_1248,0.18137093931378886,0.5215831183269165,0.18133150517850777,0.5212389702701967
1020,17.0,feeder2_1249,0.1778834890474308,0.5011031937868983,0.17784480434111036,0.5007817168615805
1020,17.0,feeder2_1250,0.18023714474056537,0.49783191731319865,0.18020584637902173,0.49750852520470845
1020,17.0,feeder2_1366,0.1816677380452956,0.521179177224279,0.18162967199165223,0.5208348161704444
1020,17.0,feeder2_1266,0.17739367198927894,0.5169052394920662,0.1773579613379849,0.5166023349406136
1020,17.0,feeder2_1372,0.15852623679286226,0.5034734982734246,0.15848833782331667,0.5031615517978055
1020,17.0,feeder2_1363,0.15470001050731774,0.5138772591082663,0.15466543505663644,0.5135656368200162
1020,17.0,feeder2_1446,0.18472888081698224,0.5124105887213914,0.1846841482639443,0.5120607896691445
1020,17.0,feeder2_1502,0.18377564253982337,0.5152563899937432,0.18373306370465736,0.5148926396482191
1020,17.0,feeder2_1428,0.1546302633619722,0.5139200008430075,0.15459577815702338,0.5136073908513445
1020,17.0,feeder2_1380,0.1517743124588834,0.5245263584084796,0.15173659850970195,0.5242107637027187
1020,17.0,feeder2_1550,0.1513723061915015,0.5222973655307797,0.15133615528333444,0.5219838964928476
1020,17.0,feeder2_1386,0.15052219122329052,0.5309744811050079,0.1504892853812947,0.5306608440076213
1020,17.0,feeder2_1551,0.1504329197201945,0.531033968422378,0.15039701515428835,0.5307211989195995
1020,17.0,feeder2_1400,0.14993431620968936,0.5340572636571912,0.1499003434426434,0.533743840161982
1020,17.0,feeder2_1552,0.14708927120795917,0.5361467194520898,0.14705059584919908,0.5358320370496474
1020,17.0,feeder2_1408,0.14888677175291773,0.5395611092953984,0.14884551058332673,0.5392472205408992
1020,17.0,feeder2_1553,0.14774668938178515,0.5403814938150132,0.14771208121236326,0.5400693173758624
1020,17.0,feeder2_1416,0.14837035665283949,0.542286617664853,0.14833408339302814,0.5419729107465543
1020,17.0,feeder2_1530,0.14834679754701657,0.542160426028486,0.14831267192185502,0.5418464831418177
1020,17.0,feeder2_1425,0.14740052780668167,0.5475717598126574,0.14736694939458825,0.5472577129596568
1020,17.0,feeder2_1589,0.13635009489069952,0.5574117578814524,0.1363100477419731,0.5570963901258494
1020,17.0,feeder2_1435,0.14736303035088671,0.5477771141313598,0.14732695060574572,0.5474643264057053
1020,17.0,feeder2_1621,0.14748197090802623,0.5478438825968527,0.1474424532786621,0.5475277719883479
1020,17.0,feeder2_1564,0.1468900586435487,0.5501185265592407,0.14685588755602483,0.5498027653944996
1020,17.0,feeder2_1704,0.18502293621730098,0.5162782889257772,0.18498239840151395,0.5159134399893933
1020,17.0,feeder2_1525,0.18399461589324725,0.5146212928823982,0.18395803260794397,0.5142536683214601
1020,17.0,feeder2_1716,0.19460393283500102,0.5228184507664885,0.1945632025296222,0.5224552406696864
1020,17.0,feeder2_1537,0.18380257253946647,0.5125293223975859,0.18375883775702753,0.5121579369184472
1020,17.0,feeder2_1645,0.18314511497015767,0.5132512663026729,0.18310828508535668,0.5128771746237757
1020,17.0,feeder2_1561,0.18367678390649778,0.5097712459391063,0.18363906502848365,0.5093977295736887
1020,17.0,feeder2_1657,0.18368530259237562,0.5085126436326762,0.18364061692441835,0.5081370128512777
1020,17.0,feeder2_1570,0.18365709652607873,0.5088810590732854,0.1836156539130124,0.5085041513938041
1020,17.0,feeder2_1756,0.1934559571037461,0.49306852849581817,0.1934214908212851,0.4926891132948459
1020,17.0,feeder2_1588,0.18362119372255475,0.5090993418954427,0.18357845378416696,0.5087215432578607
1020,17.0,feeder2_1628,0.1841698220811218,0.5008756430679004,0.18412874915456678,0.5004947663019992
1020,17.0,feeder2_1598,0.18381284618524954,0.5117056924990404,0.18377503757036667,0.5113223213862093
1020,17.0,feeder2_1816,0.21557385777155905,0.5378943220341684,0.2155265555467039,0.5375202925334219
1020,17.0,feeder2_1765,0.18398712112255133,0.5118544214934843,0.18394435174812604,0.5114741760248209
1020,17.0,feeder2_1641,0.18229340757013263,0.5160128345712629,0.18225056087228725,0.5156186646319618
1020,17.0,feeder2_1689,0.1819781088733898,0.5290595956906556,0.1819350414308034,0.5286508665442665
1020,17.0,feeder2_1744,0.1825785502047813,0.5101921734163659,0.18253515452662233,0.5097958876899656
1020,17.0,feeder2_1817,0.1819699470244938,0.5290772379169218,0.1819287531880276,0.5286706919636592
1020,17.0,feeder2_1779,0.18319887687829087,0.5300586547992002,0.1831539312904603,0.5296500515225551
1020,17.0,feeder2_1800,0.15767465314571266,0.5415746247571321,0.15762821127221568,0.5411581652984879
1020,17.0,feeder2_1818,0.19647005314281127,0.5382518282009691,0.19642680257427972,0.5378280141176994
1020,17.0,feeder2_1753,0.18463280983962405,0.4918466865632147,0.1845954480883731,0.491452500120754
1020,17.0,feeder2_1754,0.18257816712081645,0.5101571003356186,0.1825398661376772,0.5097606731668468
1050,17.5,secondary,0.059831147373328605,0.0480131968753916,0.05983785232217893,0.048026624825801514
1050,17.5,feeder2_44,0.1116634886813992,0.2511328263442728,0.11167728490779397,0.2512083419784031
1050,17.5,feeder2_45,0.1135540686690121,0.2569174327068159,0.11356555513174803,0.25699566517918576
1050,17.5,feeder2_46,0.10276365970119236,0.27856328701348754,0.10277416171818009,0.2786400755374912
1050,17.5,feeder2_51,0.11683250881640368,0.2670235526870328,0.1168483774559277,0.2671030278602296
1050,17.5,feeder2_48,0.11374321234762867,0.2569512034572776,0.1137567210655789,0.25702304058201103
1050,17.5,feeder2_52,0.11451251335551861,0.262377356263865,0.11452606514726797,0.2624509581732462
1050,17.5,feeder2_68,0.1264554186083265,0.29781122413216204,0.1264713553252565,0.2978955403981581
1050,17.5,feeder2_69,0.1251314946064863,0.3015297302134682,0.12514701646218637,0.3016174837857267
1050,17.5,feeder2_71,0.1277188368878065,0.3017656582220002,0.12773229115004073,0.30185176389875973
1050,17.5,feeder2_72,0.1334095106942362,0.3028441496388328,0.1334225030812021,0.30293510602119805
1050,17.5,feeder2_73,0.13155788903097276,0.31399355904133885,0.13157591441767214,0.3140881895763425
1050,17.5,feeder2_74,0.12910882615052555,0.31024115568468197,0.12912432831196102,0.31033634033169466
1050,17.5,feeder2_77,0.13497550222988228,0.3251492039651123,0.13499275209534667,0.3252449943807993
1050,17.5,feeder2_79,0.1312350632004601,0.3365001897892538,0.13125098906863708,0.3366008868606473
1050,17.5,feeder2_81,0.14012062711284096,0.33920279975675094,0.140139523415423,0.33930283082213963
1050,17.5,feeder2_82,0.14628525072306597,0.3390666242927118,0.14630257006480038,0.33916429689408734
1050,17.5,feeder2_116,0.1619250105421156,0.4042488499927539,0.16194546925858874,0.4043695843891759
1050,17.5,feeder2_119,0.16038913664933413,0.40183435374248316,0.16040985841128957,0.4019588871283071
1050,17.5,feeder2_120,0.17028414463029448,0.43045850959867077,0.17030705083894115,0.4305922955034558
1050,17.5,feeder2_248,0.1688231351552994,0.4282168728345362,0.16884406428672574,0.4283445433792206
1050,17.5,feeder2_124,0.1756108028808413,0.44765424243541013,0.17563170730578798,0.4477893507107501
1050,17.5,feeder2_282,0.17962137932677702,0.449029712742289,0.17964210537359268,0.4491688655929958
1050,17.5,feeder2_275,0.1745230179436292,0.445970748678144,0.17454668363982814,0.44610189195868355
1050,17.5,feeder2_151,0.18468614475233922,0.4778562528850203,0.18471041101052293,0.47799885190854924
1050,17.5,feeder2_295,0.18370117136899805,0.47973149543974086,0.18372277768320572,0.4798780727182972
1050,17.5,feeder2_311,0.18465805768017898,0.47792230161569005,0.18468114610438227,0.4780707942017179
1050,17.5,feeder2_201,0.1996568311479411,0.526095618803246,0.1996822073099778,0.526258625080347
1050,17.5,feeder2_314,0.1997408930624222,0.5261392974168713,0.1997674719419456,0.5262955206406709
1050,17.5,feeder2_342,0.2209128167880761,0.5954343891117195,0.22094206841196218,0.5956138419146414
1050,17.5,feeder2_368,0.22013176890330854,0.5993166964916972,0.2201614272088233,0.5995037200995549
1050,17.5,feeder2_347,0.23144631010370825,0.6246142733494735,0.23147665571755965,0.6247932003722401
1050,17.5,feeder2_353,0.23572731849242665,0.6363139637054671,0.23575771938421317,0.6364967335297531
1050,17.5,feeder2_518,0.24281787154468107,0.6308982183253018,0.2428475152194662,0.6310735672586635
1050,17.5,feeder2_365,0.24051060223074147,0.6497511152257816,0.24054414264791543,0.649929895176734
1050,17.5,feeder2_653,0.23566052461064,0.6362080764263699,0.23569232895652303,0.6363839409236439
1050,17.5,feeder2_377,0.24309534385206769,0.6570920392539106,0.2431291337119102,0.6572735985321312
1050,17.5,feeder2_622,0.24000691015509276,0.650437488488902,0.24003713006665464,0.6506205505162578
1050,17.5,feeder2_451,0.2202227999876853,0.5993678074517935,0.22025294670469014,0.599554053183833
1050,17.5,feeder2_383,0.21900441982469102,0.6065964170147531,0.2190338716117431,0.606785716980702
1050,17.5,feeder2_385,0.24606139346554678,0.6653127486332601,0.24609633751882753,0.6654921950874475
1050,17.5,feeder2_621,0.24188907042906552,0.6585601629335952,0.24192224086326966,0.6587439877483089
1050,17.5,feeder2_611,0.2189366036466756,0.606502002071567,0.21896283651883616,0.606692445982925
1050,17.5,feeder2_405,0.21894158468857636,0.6070986700342309,0.21896873829963903,0.6072837455965766
1050,17.5,feeder2_461,0.2587296025576017,0.7030953307641622,0.25876536785024523,0.7032792181466576
1050,17.5,feeder2_594,0.2451768042397317,0.6638448078542957,0.24521063395430345,0.6640266024377791
1050,17.5,feeder2_732,0.21674068002475919,0.6018672423390006,0.21676937262607499,0.6020599585102628
1050,17.5,feeder2_417,0.21873414562703192,0.6122203514213528,0.21876254188052005,0.612410735878929
1050,17.5,feeder2_663,0.21825916546351903,0.61360218400745,0.21828587599274263,0.6137905163509317
1050,17.5,feeder2_444,0.2185866754379073,0.6159020169254841,0.21861465694142998,0.6160928615599242
1050,17.5,feeder2_759,0.22282539426065162,0.6164196699220337,0.22285132570650074,0.6166132782855127
1050,17.5,feeder2_842,0.21172258955011905,0.6451510312650162,0.2117492916275067,0.6453486388269384
1050,17.5,feeder2_459,0.21841693197927567,0.6156820070247341,0.218444620848076,0.6158740811066387
1050,17.5,feeder2_702,0.22024736888140128,0.6165239526786017,0.2202742607576535,0.6167174031267321
1050,17.5,feeder2_493,0.2176015157766544,0.6144855338755241,0.2176287249863881,0.6146821679710325
1050,17.5,feeder2_651,0.2578033875391538,0.7039802058814915,0.2578408256194733,0.704159315337666
1050,17.5,feeder2_684,0.26913739817944016,0.7351415792053844,0.2691775556581582,0.7353206414507419
1050,17.5,feeder2_674,0.21611668275444018,0.6119000307428355,0.21614548554227958,0.6120927111083555
1050,17.5,feeder2_696,0.2179521427135382,0.6229613567201655,0.21797957601074983,0.6231603219328766
1050,17.5,feeder2_681,0.21318482064979485,0.6063184472402497,0.21321546374195602,0.6065108920512031
1050,17.5,feeder2_682,0.21454956586798749,0.6096551531692054,0.21457832094191348,0.609854402294077
1050,17.5,feeder2_728,0.2707156566656064,0.7367173625030209,0.2707531274377382,0.7368946714127191
1050,17.5,feeder2_724,0.2780555457783288,0.7653882920425322,0.278094162543588,0.7655740433327227
1050,17.5,feeder2_703,0.21792223090467672,0.6230725839766602,0.21794839367210772,0.6232692839136108
1050,17.5,feeder2_704,0.21682566644395723,0.6265221500458651,0.21685278467043437,0.6267209938320587
1050,17.5,feeder2_754,0.27814610635835846,0.7654598674143044,0.2781875292934148,0.7656456405276217
1050,17.5,feeder2_747,0.28169080833361254,0.7777551113716765,0.2817311995470976,0.7779430093428895
1050,17.5,feeder2_828,0.26997083533317306,0.7352432873371063,0.27000971923344536,0.7354217086399628
1050,17.5,feeder2_763,0.27355599520665763,0.7414751195547724,0.2735918686927092,0.7416477424111114
1050,17.5,feeder2_836,0.28021669328992277,0.7787989412979949,0.28025921109327545,0.7789908323056292
1050,17.5,feeder2_758,0.2847784058016311,0.788131351034878,0.28481987099777917,0.7883220672482791
1050,17.5,feeder2_788,0.2880479606838743,0.7896382705047826,0.28808995929914877,0.7898286436663006
1050,17.5,feeder2_812,0.29338186879787737,0.8179894174182207,0.2934233854199392,0.8181914414121826
1050,17.5,feeder2_947,0.2991990710490331,0.76050832119614,0.299237888238729,0.7606790338795248
1050,17.5,feeder2_868,0.2809540214465971,0.7465947960937273,0.2809918077836217,0.7467641971714788
1050,17.5,feeder2_785,0.2724243715339511,0.7362302532865534,0.272459270448315,0.7364046478428508
1050,17.5,feeder2_1176,0.2719858154131567,0.7364858819219998,0.27202288050231566,0.7366618977288517
1050,17.5,feeder2_846,0.26785383311919525,0.726663926388775,0.2678912558059949,0.7268350593065043
1050,17.5,feeder2_911,0.2724506604995754,0.7363167309748195,0.2724912035010785,0.7364925444700723
1050,17.5,feeder2_1107,0.2951404968599268,0.8223045441647713,0.2951829647764856,0.8225039027322991
1050,17.5,feeder2_920,0.2953129783865566,0.825228063641729,0.29535751022157497,0.8254307020884604
1050,17.5,feeder2_926,0.2982397080267464,0.8366511563007207,0.29828458042233996,0.8368539731959052
1050,17.5,feeder2_1239,0.29525687024539143,0.8244790041270289,0.2953004003593106,0.8246837497944028
1050,17.5,feeder2_933,0.2994785716506487,0.8414432738084282,0.29952508879123646,0.84165294259969
1050,17.5,feeder2_1146,0.29851101316781037,0.8379053519600703,0.2985565423546827,0.8381092822768934
1050,17.5,feeder2_1124,0.2994596242597598,0.841453290349726,0.29950651314533583,0.8416618741625793
1050,17.5,feeder2_942,0.3026147899503206,0.8535732790203121,0.30266027777966564,0.8537865987957945
1050,17.5,feeder2_952,0.3064699779185734,0.8716834169157665,0.3065177249146968,0.8719055455728804
1050,17.5,feeder2_965,0.3027161775747295,0.8535471593286175,0.3027638479578159,0.8537617181219176
1050,17.5,feeder2_961,0.30684381576374725,0.8735333135804336,0.3068918045710598,0.873751830573139
1050,17.5,feeder2_963,0.30647927369364225,0.8717063786918434,0.3065250380769255,0.871923691010844
1050,17.5,feeder2_973,0.30903035881901036,0.8843275164031814,0.3090775327849923,0.8845531780422818
1050,17.5,feeder2_1128,0.3065055492387626,0.8718892559804536,0.30655246605734315,0.8721083481429392
1050,17.5,feeder2_1113,0.30713306134042956,0.8722046858135142,0.3071806734822172,0.8724224695035535
1050,17.5,feeder2_1143,0.3067824509217467,0.8717058894032564,0.3068317146425145,0.8719265383186948
1050,17.5,feeder2_1238,0.3109970847524317,0.8571619820327416,0.31104418361478786,0.8573708063851626
1050,17.5,feeder2_979,0.3026973804010391,0.8531628731434818,0.30274612641263354,0.8533739835727977
1050,17.5,feeder2_1236,0.31241808911782903,0.8991565029983439,0.3124698379210116,0.8993843880848066
1050,17.5,feeder2_989,0.30902932601194527,0.8843393201161829,0.3090753798717116,0.8845663525825994
1050,17.5,feeder2_1196,0.3033040771941219,0.8516771222501184,0.3033500020833753,0.8518917508634172
1050,17.5,feeder2_1158,0.3070146374022601,0.8860890256922185,0.30706423845936714,0.8863160553033427
1050,17.5,feeder2_1122,0.2958388011845663,0.8224494722630907,0.2958798918926029,0.8226375068765878
1050,17.5,feeder2_1258,0.29092033721121496,0.8252236412691929,0.2909639773165607,0.8254183857078555
1050,17.5,feeder2_1303,0.3092687453423457,0.8318354755724322,0.30931266666142515,0.8320251989400621
1050,17.5,feeder2_1138,0.29548298770579917,0.819059760226557,0.2955238319003726,0.8192448761457733
1050,17.5,feeder2_1304,0.29453351912951353,0.8174507758877517,0.29457908380181896,0.8176412173704264
1050,17.5,feeder2_1212,0.295023699704271,0.8133151040465808,0.29506898493566697,0.8135003142814708
1050,17.5,feeder2_1311,0.31152056893410124,0.8253521265131413,0.31156366493408905,0.8255362772993318
1050,17.5,feeder2_1290,0.29185585082449206,0.7956846992817086,0.2918997271207842,0.7958689488575434
1050,17.5,feeder2_1325,0.3168361291668288,0.9178568452330018,0.31688560624241285,0.9180913518549358
1050,17.5,feeder2_1248,0.31240089696166645,0.8991685015613436,0.312450612898842,0.8994041991813343
1050,17.5,feeder2_1249,0.31213847510789594,0.8577433981871906,0.31218571145214435,0.8579513091509475
1050,17.5,feeder2_1250,0.31406773392657394,0.8583343877320552,0.31411339573614194,0.8585400418106461
1050,17.5,feeder2_1366,0.3123487304655995,0.8992033088437141,0.3123977179954324,0.8994374150021393
1050,17.5,feeder2_1266,0.28734011903590223,0.8279211586172743,0.28738237623522855,0.8281241407963892
1050,17.5,feeder2_1372,0.29191022098672753,0.7957310952049595,0.2919530220664974,0.79591347758548
1050,17.5,feeder2_1363,0.2884711873307797,0.7767689199168906,0.28851218329941114,0.7769498347245949
1050,17.5,feeder2_1446,0.319433881430067,0.9190592391999887,0.3194859359700132,0.9192969468794456
1050,17.5,feeder2_1502,0.32106794896827895,0.937081162285116,0.3211218108393738,0.9373275431683142
1050,17.5,feeder2_1428,0.2889488430638229,0.7756011156425957,0.2889916813011288,0.7757789151740282
1050,17.5,feeder2_1380,0.2844731060904643,0.7558959592261466,0.2845156663614662,0.7560685123533318
1050,17.5,feeder2_1550,0.28724926931428757,0.7577014025152031,0.2872908131405294,0.7578750524446335
1050,17.5,feeder2_1386,0.2822355087748426,0.7447454608994083,0.282280441270223,0.7449221081684376
1050,17.5,feeder2_1551,0.2821701348357423,0.7446341525879611,0.2822122582523363,0.7448074736323641
1050,17.5,feeder2_1400,0.2811799701879136,0.739478748360655,0.28122320290711517,0.7396518937390539
1050,17.5,feeder2_1552,0.280263754325879,0.7348247965123406,0.2803064224257156,0.734993924412934
1050,17.5,feeder2_1408,0.27933972953918507,0.7309831418265773,0.2793842048732835,0.7311504145695783
1050,17.5,feeder2_1553,0.2781535748824242,0.7264660440379541,0.278196643303507,0.7266395704395223
1050,17.5,feeder2_1416,0.2785384853751683,0.7275706709945146,0.2785829128679615,0.7277436373610571
1050,17.5,feeder2_1530,0.2786627676590951,0.727678447997248,0.2787071100410215,0.7278488789259481
1050,17.5,feeder2_1425,0.27700124105377993,0.7210179330865638,0.2770431651920591,0.7211860589924388
1050,17.5,feeder2_1589,0.26954477718279934,0.7057214102305842,0.26958831795299415,0.7058869044546836
1050,17.5,feeder2_1435,0.27697741241252294,0.7211183344311252,0.27702084195985394,0.7212867077462927
1050,17.5,feeder2_1621,0.2756267121038738,0.722358622229856,0.2756718262517493,0.7225305960031699
1050,17.5,feeder2_1564,0.27695110529924033,0.7209996015597617,0.2769933864039036,0.7211686505179197
1050,17.5,feeder2_1704,0.3192023171358703,0.938698743014547,0.3192548573810644,0.9389474301528055
1050,17.5,feeder2_1525,0.32220439774223497,0.9415251276321411,0.32226006267784446,0.9417730684879505
1050,17.5,feeder2_1716,0.3221339003662236,0.9415647872411692,0.32218746959009065,0.9418116089112267
1050,17.5,feeder2_1537,0.32347481979894926,0.9464999511237575,0.32353068917679273,0.9467458677773747
1050,17.5,feeder2_1645,0.32403928966507245,0.9451052284676629,0.32409435311580936,0.9453556771012778
1050,17.5,feeder2_1561,0.32495634314077465,0.9529828143252523,0.32501050521065433,0.9532314586824927
1050,17.5,feeder2_1657,0.3250149936386868,0.9530314271297814,0.3250694247711214,0.9532782943125135
1050,17.5,feeder2_1570,0.3255932612541171,0.955770877538804,0.3256498245748316,0.9560255671400978
1050,17.5,feeder2_1756,0.3571692348754336,0.9779576963309083,0.35722437183067374,0.9781983122010621
1050,17.5,feeder2_1588,0.32581081073773827,0.9568530964259812,0.32586578164168817,0.9571072076306916
1050,17.5,feeder2_1628,0.32646137647162643,0.9568656769936873,0.32651606034521663,0.9571155822245812
1050,17.5,feeder2_1598,0.3260331784830623,0.9581949620146413,0.32608739527678454,0.9584512476286253
1050,17.5,feeder2_1816,0.3161896483458742,0.9655193925370278,0.3162465416169258,0.9657806615428279
1050,17.5,feeder2_1765,0.32596647656240774,0.9582313913662668,0.3260240407661591,0.9584874306342984
1050,17.5,feeder2_1641,0.32691338250722274,0.963486552846374,0.32697128209127985,0.9637444327751349
1050,17.5,feeder2_1689,0.3258153873232383,0.960661591747407,0.32587288893205124,0.9609235300981478
1050,17.5,feeder2_1744,0.33305029938587455,0.9677134503956498,0.33310728288491526,0.9679677581411084
1050,17.5,feeder2_1817,0.32579749383867035,0.9605792870177395,0.32585774457646777,0.9608390255281343
1050,17.5,feeder2_1779,0.3247576110975956,0.961508339638102,0.32481719961198663,0.9617721027476067
1050,17.5,feeder2_1800,0.32382290509605977,0.956994505755166,0.3238836737542779,0.9572555242356763
1050,17.5,feeder2_1818,0.31840199616182696,0.9547300915832952,0.31847049493250706,0.9550081743889702
1050,17.5,feeder2_1753,0.35241608880736514,0.9811883186053179,0.352472679630175,0.9814393002127928
1050,17.5,feeder2_1754,0.3330856879609102,0.9677427703200643,0.3331434915171723,0.9680000576626503
1080,18.0,secondary,0.10431509055032884,0.10241795621666759,0.10431212193664366,0.10241331667954963
1080,18.0,feeder2_44,0.19442700677307126,0.5349886343199558,0.1944327877641269,0.53496522484725
1080,18.0,feeder2_45,0.19776042837772578,0.5514753223237455,0.1977624136878194,0.5514570771695358
1080,18.0,feeder2_46,0.19636162801895551,0.5385574604637787,0.19636615160353948,0.5385358214375545
1080,18.0,feeder2_51,0.20348927940005299,0.5806349655930032,0.2034958417514291,0.5806111653973193
1080,18.0,feeder2_48,0.20071646816981845,0.5482155908201446,0.2007182258807881,0.5481944900173196
1080,18.0,feeder2_52,0.2010236752180255,0.5793694712968896,0.20102893845746964,0.5793452784972595
1080,18.0,feeder2_68,0.21986653008465648,0.6634464490553611,0.21986920127014536,0.6634216596725476
1080,18.0,feeder2_69,0.22799640858439102,0.6816723922829208,0.22800259837768527,0.6816435216071625
1080,18.0,feeder2_71,0.22187538299864223,0.6734798201002881,0.22188311679449,0.6734531634273376
1080,18.0,feeder2_72,0.2355920769975236,0.655587590876373,0.23559839144206488,0.6555578242804039
1080,18.0,feeder2_73,0.2281489909509899,0.7068350107499342,0.22815017724802164,0.706814685598012
1080,18.0,feeder2_74,0.2256964912952855,0.7056558286221665,0.2256961605365588,0.7056317190538883
1080,18.0,feeder2_77,0.23361362007609288,0.7356714778962219,0.2336213680811683,0.7356411599529065
1080,18.0,feeder2_79,0.250210552707952,0.763736301966524,0.250217586697649,0.7637093265559879
1080,18.0,feeder2_81,0.24021006037570564,0.7706379166474765,0.2402170716953184,0.7706057276313161
1080,18.0,feeder2_82,0.24224323159710162,0.7672864326186982,0.24224482503128064,0.7672579292249253
1080,18.0,feeder2_116,0.27031118158101136,0.9305098629231864,0.2703183510428327,0.930469509892302
1080,18.0,feeder2_119,0.26827753086617817,0.9295443058120998,0.2682815492904496,0.9295127647173256
1080,18.0,feeder2_120,0.2817479736553303,0.9904136381199292,0.2817528649935229,0.9903765991356
1080,18.0,feeder2_248,0.2797698991695937,0.9894340320345332,0.27977310426847624,0.9894020182539758
1080,18.0,feeder2_124,0.288930082701381,1.0277395247187233,0.2889315912856061,1.027705654299331
1080,18.0,feeder2_282,0.2901692602466589,1.0255902353203652,0.2901706961705276,1.0255570186027894
1080,18.0,feeder2_275,0.2865849466097273,1.02659195362484,0.28658755625720966,1.0265587534187326
1080,18.0,feeder2_151,0.30178696843159203,1.0947959670776204,0.30179127308759185,1.0947569402053203
1080,18.0,feeder2_295,0.30331593016310043,1.0972716644194107,0.30331935571472685,1.0972348610620437
1080,18.0,feeder2_311,0.30267238663691887,1.0961220205818123,0.3026745959472641,1.0960835868175482
1080,18.0,feeder2_201,0.3222227179397633,1.201178448115182,0.3222290828254489,1.201133808167727
1080,18.0,feeder2_314,0.32246200106383127,1.2006802388093056,0.32247206629013925,1.2006323949853535
1080,18.0,feeder2_342,0.35147968334307905,1.3531690074406246,0.3514857909790995,1.353119870805041
1080,18.0,feeder2_368,0.3542447468541578,1.3715049249212714,0.3542511448264094,1.3714592616687116
1080,18.0,feeder2_347,0.3613074661049329,1.3939010731946493,0.3613120866804075,1.3938487682661764
1080,18.0,feeder2_353,0.3662771546776822,1.4150013995239135,0.3662828515719264,1.4149463901718067
1080,18.0,feeder2_518,0.3621430682441458,1.3922373309578708,0.3621490851982758,1.392183513352603
1080,18.0,feeder2_365,0.37179791717418664,1.4384684788947075,0.3718048580770968,1.4384073028445454
1080,18.0,feeder2_653,0.36618232083247687,1.4149481217823805,0.36618648122101916,1.4148943142998687
1080,18.0,feeder2_377,0.373811559903746,1.446075193697294,0.3738159119661291,1.4460178573701716
1080,18.0,feeder2_622,0.38321818668781205,1.458346699702852,0.38322982732885175,1.4582853884667524
1080,18.0,feeder2_451,0.3542591453767093,1.3714601763057455,0.3542644262612607,1.3714095457611122
1080,18.0,feeder2_383,0.3587616740062247,1.4012709922562232,0.3587720739340547,1.4012172862593455
1080,18.0,feeder2_385,0.3759527350161994,1.453948970293685,0.3759559448725377,1.4538906107617595
1080,18.0,feeder2_621,0.37551900004550715,1.448724335325124,0.375524789970833,1.4486649847369324
1080,18.0,feeder2_611,0.3576236611210669,1.4018928671438935,0.35763008848697947,1.4018417750947623
1080,18.0,feeder2_405,0.3590655510993277,1.4031084803015053,0.3590686576115247,1.4030625340036915
1080,18.0,feeder2_461,0.3849817755839497,1.4874347284041367,0.38498561617617594,1.4873683593838163
1080,18.0,feeder2_594,0.3746846874484675,1.453255175858565,0.37469633562644766,1.4531882194736674
1080,18.0,feeder2_732,0.35688689460280637,1.4019055300766696,0.35689262307051284,1.4018599687015372
1080,18.0,feeder2_417,0.36147181999942046,1.4172636527337346,0.3614808566805414,1.4172150196617745
1080,18.0,feeder2_663,0.36315725699435675,1.4204863123927218,0.36316126734261933,1.42044127592678
1080,18.0,feeder2_444,0.363088887200841,1.427024399005704,0.3630949579368457,1.4269779498412065
1080,18.0,feeder2_759,0.36333759908959457,1.4260949685129392,0.36334221307526093,1.4260500215065488
1080,18.0,feeder2_842,0.39484161145881297,1.471196936815942,0.3948540395422938,1.4711437542777044
1080,18.0,feeder2_459,0.3630222760560394,1.4279215383280393,0.363026168194434,1.427874429006858
1080,18.0,feeder2_702,0.363312636921292,1.4270870509647597,0.3633240128164091,1.427036056792987
1080,18.0,feeder2_493,0.3627957431037903,1.4316269088837947,0.3628027924970292,1.4315832280162308
1080,18.0,feeder2_651,0.38602132870579475,1.4900466212941208,0.38602400518488844,1.4899848961759403
1080,18.0,feeder2_684,0.39179636200224516,1.5117468618980712,0.3918061245864931,1.5116727803013306
1080,18.0,feeder2_674,0.35956731226252914,1.4314123961790424,0.35957609639020977,1.4313660817407903
1080,18.0,feeder2_696,0.36606450638104665,1.4447239987783824,0.3660684713501948,1.4446788168592997
1080,18.0,feeder2_681,0.35164650854043,1.4313434767887256,0.35165072323349006,1.4313018302877718
1080,18.0,feeder2_682,0.35818991320824234,1.430683903073387,0.35819492344305914,1.4306399183223377
1080,18.0,feeder2_728,0.3913871801044715,1.5099161153753748,0.3913920436149823,1.5098455508404354
1080,18.0,feeder2_724,0.39958013207715426,1.5409398083688857,0.3995840609669166,1.540866206454847
1080,18.0,feeder2_703,0.3661997350945036,1.4449072552488154,0.3662070014184704,1.4448623789628645
1080,18.0,feeder2_704,0.36948062283260935,1.4495858517089144,0.36948782581546524,1.4495402960090582
1080,18.0,feeder2_754,0.40087234121914533,1.539497759711949,0.4008817173848654,1.5394186874980162
1080,18.0,feeder2_747,0.4026610522602476,1.5536477336599075,0.4026657818330645,1.5535743394936528
1080,18.0,feeder2_828,0.3902033738977946,1.5093507216213342,0.39021092160496545,1.5092790500476743
1080,18.0,feeder2_763,0.3912213885917593,1.5082182747894701,0.3912268771352814,1.5081486883608182
1080,18.0,feeder2_836,0.4053629184302428,1.5598653850289117,0.40536614221649747,1.5597906002990558
1080,18.0,feeder2_758,0.40480923303972605,1.5617626851444613,0.404816752612818,1.5616858328853682
1080,18.0,feeder2_788,0.40782621093163407,1.5570463098978768,0.40783461805756804,1.5569643192858462
1080,18.0,feeder2_812,0.4116673408991795,1.5921798071074411,0.41167822933649356,1.5920933507498485
1080,18.0,feeder2_947,0.3931448852330286,1.5047034458271122,0.3931487322896236,1.504633522414853
1080,18.0,feeder2_868,0.39149778689481585,1.5075504340553458,0.3915034585892664,1.5074780050722243
1080,18.0,feeder2_785,0.3911779583515186,1.5082599237224623,0.3911849908101254,1.5081894981952786
1080,18.0,feeder2_1176,0.39374072488721523,1.5119995020515622,0.39375007726206845,1.5119248076616558
1080,18.0,feeder2_846,0.3894478504053206,1.5071773261834358,0.38945573592415905,1.5071047299975195
1080,18.0,feeder2_911,0.39117371320158045,1.5082219194908997,0.3911811993983481,1.508148945935321
1080,18.0,feeder2_1107,0.4134082720724679,1.5998887347421502,0.4134172531690049,1.5998037866989407
1080,18.0,feeder2_920,0.4131086127507409,1.598579153114844,0.413119382233667,1.598493367092583
1080,18.0,feeder2_926,0.4153300937525894,1.6084416919871842,0.41533653238018864,1.6083589396021145
1080,18.0,feeder2_1239,0.4130217383339546,1.5981990330573417,0.41302780911599296,1.5981154107727324
1080,18.0,feeder2_933,0.41630199124717243,1.613215098344659,0.41630550756234797,1.613130835769322
1080,18.0,feeder2_1146,0.41538544575346564,1.6065321164825148,0.41539319307771005,1.6064448471477433
1080,18.0,feeder2_1124,0.41634629848912647,1.6132748620069508,0.4163530823040665,1.613190538741852
1080,18.0,feeder2_942,0.4187511295518427,1.6252482089379336,0.4187611745411105,1.6251566269063453
1080,18.0,feeder2_952,0.4225468819083726,1.644077055586536,0.4225532434467306,1.6439873486252778
1080,18.0,feeder2_965,0.41872754130015744,1.625109329860996,0.4187373573680818,1.6250187181488993
1080,18.0,feeder2_961,0.4229401776948755,1.6463703338067297,0.42295070741267893,1.6462760073260825
1080,18.0,feeder2_963,0.4225504600123938,1.644021332719609,0.42255681851549554,1.643929604961909
1080,18.0,feeder2_973,0.42512507504973246,1.6590030408703744,0.4251359111475937,1.6589076661281257
1080,18.0,feeder2_1128,0.42277893650283166,1.6456127567295704,0.4227901673109216,1.6455198685031303
1080,18.0,feeder2_1113,0.42319457705959995,1.6431521454364502,0.42319709976119774,1.6430620215702747
1080,18.0,feeder2_1143,0.42273014214766236,1.642576271765871,0.422734367290558,1.642489575137738
1080,18.0,feeder2_1238,0.4199295870860812,1.6226339768420985,0.41993902705526576,1.6225439974919271
1080,18.0,feeder2_979,0.4187257170239623,1.6251000170772751,0.4187318277704019,1.625015391876532
1080,18.0,feeder2_1236,0.42785491289657984,1.6752772045997357,0.4278604475417564,1.6751865315388577
1080,18.0,feeder2_989,0.4251298976165667,1.6590264630648572,0.42513833252526756,1.6589336577508127
1080,18.0,feeder2_1196,0.4186734683470779,1.6250662536611178,0.41867947816828355,1.6249787707038486
1080,18.0,feeder2_1158,0.42723445993595316,1.662016825573879,0.4272443116548759,1.6619223946932697
1080,18.0,feeder2_1122,0.4125368074754555,1.595276956450422,0.41254716930520763,1.5951907167901063
1080,18.0,feeder2_1258,0.41988876065371444,1.6093381667094337,0.4198954443650237,1.6092596460535715
1080,18.0,feeder2_1303,0.41278837626694187,1.5947492491235626,0.41279126083731676,1.5946698660349732
1080,18.0,feeder2_1138,0.41187399171906686,1.5918049045390652,0.4118783288423664,1.591728296692604
1080,18.0,feeder2_1304,0.41044133394374943,1.5909977000437396,0.4104498042207201,1.5909173510358185
1080,18.0,feeder2_1212,0.41064981408137774,1.5852362029927194,0.4106564952179483,1.5851574647846263
1080,18.0,feeder2_1311,0.4118176998896681,1.582989330030289,0.41182343779264396,1.582910575228667
1080,18.0,feeder2_1290,0.40933194107532594,1.578760403039889,0.4093388857949309,1.5786836361811325
1080,18.0,feeder2_1325,0.42826072781562063,1.6811736148652507,0.42826634898956484,1.6810769585184742
1080,18.0,feeder2_1248,0.42790809521606793,1.6753556299836019,0.4279135545023578,1.6752615266432975
1080,18.0,feeder2_1249,0.42013553849605045,1.6222223901929684,0.42014643596232765,1.6221289798603298
1080,18.0,feeder2_1250,0.4203042973691645,1.6218947402321875,0.42031222128958345,1.6218065301197688
1080,18.0,feeder2_1366,0.4399657609352967,1.6928803124298044,0.43997549830103583,1.692785269495025
1080,18.0,feeder2_1266,0.4203203034098422,1.6099535593797492,0.4203261781051849,1.609870698425712
1080,18.0,feeder2_1372,0.40934080819227003,1.5787370109844334,0.4093486084544809,1.5786564391502322
1080,18.0,feeder2_1363,0.40792591158507785,1.571879219012098,0.4079318593874541,1.5718039379633242
1080,18.0,feeder2_1446,0.4284839473214833,1.6806777735924168,0.4284901125720255,1.6805785305864434
1080,18.0,feeder2_1502,0.42881873501307993,1.6883459442430626,0.42883102026572306,1.6882411804633866
1080,18.0,feeder2_1428,0.40784425918818656,1.5718301385902713,0.40784768308797203,1.5717549896228284
1080,18.0,feeder2_1380,0.4062404772737984,1.5636686124742898,0.4062490288768602,1.5635909939542079
1080,18.0,feeder2_1550,0.40621734311269514,1.5634003792384732,0.4062286722410429,1.5633204496699626
1080,18.0,feeder2_1386,0.4054771176767599,1.5597790542401537,0.4054907567747318,1.5596994308487515
1080,18.0,feeder2_1551,0.40432935761839495,1.559167922415412,0.4043352046528554,1.559092522319755
1080,18.0,feeder2_1400,0.4051552816305398,1.5581039238703474,0.4051605268106521,1.5580283294841295
1080,18.0,feeder2_1552,0.4012792762762655,1.5559057138562713,0.4012891112695009,1.555830327388385
1080,18.0,feeder2_1408,0.40478707921465873,1.5559722445045814,0.4047935592841914,1.5558960534043413
1080,18.0,feeder2_1553,0.3996054892459642,1.5565962857469011,0.39961040387564584,1.5565241092288356
1080,18.0,feeder2_1416,0.40485450122597155,1.5548548675290088,0.40486048777329403,1.5547793075924419
1080,18.0,feeder2_1530,0.408174226347177,1.5511563323671564,0.4081782791541149,1.5510804996766734
1080,18.0,feeder2_1425,0.4047332115420359,1.554666657854906,0.4047374289967021,1.5545943366946706
1080,18.0,feeder2_1589,0.40239347342826215,1.5535957713952686,0.40240076173598366,1.5535237311121375
1080,18.0,feeder2_1435,0.4047447593505776,1.5547537473271524,0.4047551600480677,1.5546741864167681
1080,18.0,feeder2_1621,0.4046729604743939,1.5556627309119873,0.4046783149316135,1.5555903804246045
1080,18.0,feeder2_1564,0.40472772783712196,1.5546662772751967,0.40474032228172385,1.554590088801811
1080,18.0,feeder2_1704,0.4326001557688572,1.6948005610960704,0.43260616602956625,1.6947014036966819
1080,18.0,feeder2_1525,0.4285039247125497,1.687819433533063,0.42851275075804574,1.6877163502835417
1080,18.0,feeder2_1716,0.4282865218467932,1.6898073061399905,0.4282930413507825,1.6897063143752853
1080,18.0,feeder2_1537,0.4281093961318359,1.6868984584580722,0.4281173388246112,1.6867947505686716
1080,18.0,feeder2_1645,0.4280778533936573,1.686878784282778,0.42808645934376877,1.6867765064050306
1080,18.0,feeder2_1561,0.4276650898100633,1.6858675434033397,0.4276705488783311,1.6857635327993423
1080,18.0,feeder2_1657,0.42848593408227853,1.6849537445433382,0.428489664374494,1.684850350529574
1080,18.0,feeder2_1570,0.42744533267034024,1.6856431000451408,0.4274561686178508,1.6855339020892122
1080,18.0,feeder2_1756,0.42969687884266644,1.6815229869940231,0.42970710751847835,1.6814152607069661
1080,18.0,feeder2_1588,0.42726873836195284,1.6856622937628198,0.4272818004903864,1.6855509576821501
1080,18.0,feeder2_1628,0.4274211007689648,1.6853534847232572,0.42743125993254716,1.6852449750978966
1080,18.0,feeder2_1598,0.42705734855347666,1.6857627745936112,0.42706215193527725,1.685658693398862
1080,18.0,feeder2_1816,0.4315743102612264,1.6924710945025572,0.43157813351226,1.6923687635289613
1080,18.0,feeder2_1765,0.42865584018047864,1.6880715076309722,0.42866461066842526,1.6879620638789592
1080,18.0,feeder2_1641,0.4253987640463553,1.6832006695807478,0.42540523208832476,1.6830919608525927
1080,18.0,feeder2_1689,0.4240444216537487,1.681374253471745,0.4240494374008172,1.6812649880757635
1080,18.0,feeder2_1744,0.4255197096308164,1.6829478843304508,0.42552626070663524,1.6828381578560936
1080,18.0,feeder2_1817,0.4240329862726334,1.6813152453308073,0.42404170100593613,1.6812055521081244
1080,18.0,feeder2_1779,0.4246014662877733,1.6820145423099366,0.42461394940086233,1.6818995451588437
1080,18.0,feeder2_1800,0.419076327656233,1.6793407503414775,0.41908883602365343,1.6792301469702762
1080,18.0,feeder2_1818,0.41563660663770763,1.6724373599234856,0.41563686707076286,1.6723248043675354
1080,18.0,feeder2_1753,0.4258794946423507,1.6822130232131662,0.4258863535646593,1.6821045253530027
1080,18.0,feeder2_1754,0.4255259177768768,1.6829330042941344,0.42553919758385367,1.6828199277549214
1110,18.5,secondary,0.05234751416025638,0.02812390727261692,0.05234966967038661,0.028128078431432207
1110,18.5,feeder2_44,0.09757114113617732,0.14691291579634436,0.09757687518598536,0.14694026764917636
1110,18.5,feeder2_45,0.09887099509584259,0.1472869466057444,0.09887449285068486,0.14732036440014898
1110,18.5,feeder2_46,0.10442987903359958,0.19777193018804892,0.10442472615036977,0.19780351189628442
1110,18.5,feeder2_51,0.10112521230983816,0.14797622290582754,0.10113044440474357,0.14800545891045688
1110,18.5,feeder2_48,0.09903573446472833,0.1472137218643187,0.0990389513131872,0.14724218329144045
1110,18.5,feeder2_52,0.09777955641745231,0.1478976486398454,0.09778646238289151,0.14792094662102312
1110,18.5,feeder2_68,0.1081010776660583,0.15091115686907036,0.10810780859754128,0.15095494433275286
1110,18.5,feeder2_69,0.10831778429446735,0.15580485132438504,0.1083255737605811,0.15584777088391802
1110,18.5,feeder2_71,0.10899550790788931,0.15111400724567792,0.10900110131855371,0.15115901656935474
1110,18.5,feeder2_72,0.11428848267469482,0.14950464402850025,0.11429387533636948,0.14955201224994266
1110,18.5,feeder2_73,0.11171876420441927,0.1519386328983725,0.11172992790344273,0.15198436141162225
1110,18.5,feeder2_74,0.11083307096530698,0.15114076793568504,0.11083849510360001,0.1511916617382099
1110,18.5,feeder2_77,0.11408879904643734,0.15285726022838403,0.11409270980449752,0.15291364694676485
1110,18.5,feeder2_79,0.11487378312730011,0.17553663366315309,0.11487732880478146,0.17558491878620625
1110,18.5,feeder2_81,0.11697787317632379,0.1463266758456467,0.11698851736328614,0.1463841825397717
1110,18.5,feeder2_82,0.12164280536797237,0.14509742115415758,0.12165138997196638,0.14516197133837605
1110,18.5,feeder2_116,0.12950426175193502,0.12303649628502605,0.12951683381095813,0.12314784285527237
1110,18.5,feeder2_119,0.1288756004579497,0.12204102630700607,0.12889002791326168,0.12214905045594424
1110,18.5,feeder2_120,0.1344236108065511,0.11792815572888855,0.13443879119939106,0.11806217508495878
1110,18.5,feeder2_248,0.13303870712705976,0.11569064020914531,0.1330537373422166,0.11582207284899122
1110,18.5,feeder2_124,0.1376965750471606,0.11689484131213931,0.13771093490741212,0.11704523770599465
1110,18.5,feeder2_282,0.14070577032386347,0.11762687637010534,0.14072020270059582,0.11778432038582684
1110,18.5,feeder2_275,0.13611487427959323,0.11489480697516981,0.13613134139808752,0.11504648676861383
1110,18.5,feeder2_151,0.1434151785934282,0.11789971690182796,0.143430803050739,0.11807642238050528
1110,18.5,feeder2_295,0.14302630598311633,0.11937337673580634,0.14304090704687844,0.11954616655201662
1110,18.5,feeder2_311,0.14320702385872228,0.11899098115312828,0.14322035267420669,0.11916957378629743
1110,18.5,feeder2_201,0.15256641232285714,0.12289954001555839,0.15258643667194827,0.12311481491121211
1110,18.5,feeder2_314,0.1565164690965653,0.12378816567038947,0.15653697378577625,0.12400926658198168
1110,18.5,feeder2_342,0.1640227317546228,0.13834212231058646,0.16404358363176882,0.13859893111491228
1110,18.5,feeder2_368,0.16264011245259752,0.1310459090448289,0.16266330658533276,0.13130683347601607
1110,18.5,feeder2_347,0.1715618482000622,0.1621776019687306,0.17158498414294748,0.16244974956166627
1110,18.5,feeder2_353,0.17501577635774754,0.17281706091257068,0.1750415773737998,0.17309694313410148
1110,18.5,feeder2_518,0.17500959147492973,0.16492803802695977,0.17503538647593467,0.16520045010890097
1110,18.5,feeder2_365,0.17886322953678394,0.18479389022380463,0.1788914853881977,0.18508135560882003
1110,18.5,feeder2_653,0.1749371748756115,0.17272794325303822,0.17496070967744917,0.1730075084382164
1110,18.5,feeder2_377,0.18072163944977152,0.19180634812706013,0.18074969436786353,0.19209689298546184
1110,18.5,feeder2_622,0.17636724305897336,0.18521949524778988,0.17638939140751056,0.18550802956214027
1110,18.5,feeder2_451,0.163314548429738,0.13166240100347298,0.16333843832967876,0.13192105048663172
1110,18.5,feeder2_383,0.16027500285315066,0.11872981875743177,0.16029723688803624,0.11898539334297956
1110,18.5,feeder2_385,0.18282825880919587,0.20022037655490627,0.18285462237245864,0.2005144383708197
1110,18.5,feeder2_621,0.18013933195623724,0.1918056102740648,0.18016557050697285,0.19209670647678023
1110,18.5,feeder2_611,0.16007019851716153,0.11719690857718668,0.16009507659339456,0.11745336033294584
1110,18.5,feeder2_405,0.16013752679885873,0.11804266914376871,0.1601601113810791,0.11830290952774296
1110,18.5,feeder2_461,0.19210952246399002,0.24036765736075671,0.19214026439205462,0.24067491204812214
1110,18.5,feeder2_594,0.18211179298598168,0.19808086152259932,0.18214258702808767,0.19837381720410083
1110,18.5,feeder2_732,0.14040233111859726,0.08925049982389016,0.14043105486728505,0.08950715390134358
1110,18.5,feeder2_417,0.16078579811808752,0.11908465200184963,0.16080878993839023,0.11933952621805939
1110,18.5,feeder2_663,0.16056015765525597,0.11921846801709728,0.16058198642834662,0.1194787979003765
1110,18.5,feeder2_444,0.16123944008866145,0.11992026522030402,0.16126078199811444,0.12017843832427273
1110,18.5,feeder2_759,0.16807115514377885,0.12266698371830055,0.1680891156195335,0.12292631962220503
1110,18.5,feeder2_842,0.16080766625083473,0.12028776583044895,0.16083233905320307,0.12054398997809132
1110,18.5,feeder2_459,0.16126377490574414,0.12001250172317826,0.16128613097525785,0.12026987147128408
1110,18.5,feeder2_702,0.16373369242460276,0.12129764518331472,0.1637546984642709,0.12155853376869383
1110,18.5,feeder2_493,0.1610892682671682,0.11982745169422757,0.16111171205878697,0.12008535450392374
1110,18.5,feeder2_651,0.1915530118305438,0.24001895626524966,0.19158371314374187,0.24032619034564415
1110,18.5,feeder2_684,0.1996741196846709,0.2756797557133665,0.1997087301339088,0.27599518996154154
1110,18.5,feeder2_674,0.16066543302949696,0.11932093108765465,0.16068921952764323,0.1195783125552734
1110,18.5,feeder2_696,0.16124492412999558,0.12189226211555841,0.16126820577938072,0.12215077952670117
1110,18.5,feeder2_681,0.15983453655934535,0.11829421977772485,0.15985805944935863,0.11854890058777237
1110,18.5,feeder2_682,0.16017231087036618,0.11878061290869497,0.16019457890507752,0.11903765168767481
1110,18.5,feeder2_728,0.2000045017821226,0.27979623866732156,0.20003881288633735,0.2801073928655033
1110,18.5,feeder2_724,0.20767222623823064,0.30326879408313556,0.20770933094893138,0.3035977525107431
1110,18.5,feeder2_703,0.16123139146843773,0.12192047329540219,0.1612521348604473,0.12217630715619339
1110,18.5,feeder2_704,0.1603987045074935,0.12312041135033758,0.16042025148149225,0.12337338241219081
1110,18.5,feeder2_754,0.20775757706952386,0.3033625041796946,0.2077924787456723,0.30369467547695
1110,18.5,feeder2_747,0.2109327888687573,0.31448273309493696,0.21097051897317592,0.3148198438142304
1110,18.5,feeder2_828,0.1992723157531771,0.27897506202985045,0.19930690614970198,0.2792862063552966
1110,18.5,feeder2_763,0.20094337297296996,0.2873884679307018,0.20097763859259188,0.2876953697908381
1110,18.5,feeder2_836,0.2098776614010056,0.31312086000424494,0.20991367030919933,0.31346080878296306
1110,18.5,feeder2_758,0.21362842377729857,0.3249296268214698,0.2136645768908047,0.32527450792577534
1110,18.5,feeder2_788,0.21638966000129095,0.32734111193961457,0.21642702502019054,0.32768286059910506
1110,18.5,feeder2_812,0.2212139962454176,0.3538574597135711,0.2212554218792357,0.35421664442035133
1110,18.5,feeder2_947,0.20873171644920957,0.2951285128531226,0.20876687641620414,0.2954322645548976
1110,18.5,feeder2_868,0.2102373473431447,0.29729501396771646,0.21027371487470453,0.29759726753454785
1110,18.5,feeder2_785,0.19945258346211106,0.2833814638669366,0.1994862098543842,0.2836848578743634
1110,18.5,feeder2_1176,0.19806608433114345,0.28100356498652157,0.19810103197851536,0.2813102734513751
1110,18.5,feeder2_846,0.19141362216874286,0.2759542700925571,0.19145327000657328,0.27624991473400545
1110,18.5,feeder2_911,0.1998955408081008,0.28438603958612885,0.19993183112596455,0.2846897366142201
1110,18.5,feeder2_1107,0.21688280892914344,0.327968477851272,0.21692260424466428,0.32832330461199544
1110,18.5,feeder2_920,0.2245372226984906,0.36916183368787886,0.2245775944330064,0.3695283923400676
1110,18.5,feeder2_926,0.22956575879881091,0.39218768974963675,0.22960744480058107,0.39256249079180894
1110,18.5,feeder2_1239,0.2244484801001968,0.36892588453554703,0.22448771375749285,0.3692932355585913
1110,18.5,feeder2_933,0.23164502036759194,0.40194337397673185,0.23168875112187107,0.40232246044996195
1110,18.5,feeder2_1146,0.23026063189582102,0.3943068802789088,0.23030148634894718,0.39467967049728353
1110,18.5,feeder2_1124,0.231525477193137,0.40180735477641716,0.2315662013437528,0.4021868469692795
1110,18.5,feeder2_942,0.23688904617961792,0.42683473083077306,0.236934730643402,0.4272235937328185
1110,18.5,feeder2_952,0.24058661306401918,0.439487027578895,0.24063298589292112,0.4398924422135114
1110,18.5,feeder2_965,0.2374150605811675,0.4299825144557031,0.2374603812465037,0.430368012482847
1110,18.5,feeder2_961,0.24092628383771023,0.4406908120726476,0.24097258257272333,0.4410940158166607
1110,18.5,feeder2_963,0.24059965130849933,0.43952581432707494,0.24064535418292793,0.4399324301715653
1110,18.5,feeder2_973,0.24279250427587531,0.44732524759035047,0.24283900482631815,0.4477406922936999
1110,18.5,feeder2_1128,0.24082878313360767,0.44042795332904305,0.2408757340846212,0.4408317364651003
1110,18.5,feeder2_1113,0.24177823741146498,0.4402811321092585,0.24182171500475697,0.44068764082273854
1110,18.5,feeder2_1143,0.24061840004696602,0.4396623071506272,0.24066436807813804,0.44006612242885945
1110,18.5,feeder2_1238,0.2862925201746801,0.4794274735694203,0.28633896698814343,0.47981017370526186
1110,18.5,feeder2_979,0.23741217233861084,0.4299746516861389,0.2374539346688806,0.4303627251729512
1110,18.5,feeder2_1236,0.245485793757098,0.4581164205888595,0.24553419604111915,0.45854416506169554
1110,18.5,feeder2_989,0.242793429286208,0.4473190669821146,0.24283882210749183,0.44773694924376134
1110,18.5,feeder2_1196,0.2373709295596034,0.42993786987023186,0.23741532749463468,0.43032708704330463
1110,18.5,feeder2_1158,0.2420184383719608,0.44679365182861186,0.24206326278412116,0.4472089475581772
1110,18.5,feeder2_1122,0.21481718553503912,0.3214950719404681,0.21485805409810632,0.3218448445684816
1110,18.5,feeder2_1258,0.2145141945147924,0.32483941347414386,0.21455134617577995,0.3251991753414988
1110,18.5,feeder2_1303,0.21680703896198422,0.323620709436202,0.21684797669407643,0.32397110879345575
1110,18.5,feeder2_1138,0.21308452344183515,0.3159300224874691,0.21312677327092797,0.31627527708090614
1110,18.5,feeder2_1304,0.21292179656319082,0.3143460924226116,0.21296431799364982,0.31468776509919544
1110,18.5,feeder2_1212,0.20961056272630693,0.3062923765363084,0.20965266253985212,0.3066233232590634
1110,18.5,feeder2_1311,0.21417355058453721,0.3109281777727864,0.21421668532658839,0.31125669215121066
1110,18.5,feeder2_1290,0.20464573579958575,0.2922213183568501,0.20468729327369795,0.2925344693835707
1110,18.5,feeder2_1325,0.24865342177645294,0.47644139232632915,0.24869964023686827,0.4768862394902483
1110,18.5,feeder2_1248,0.24546217306445484,0.45810688851547615,0.24551042458282393,0.45853373963336386
1110,18.5,feeder2_1249,0.2994878926933428,0.492991200340173,0.29953503064226006,0.4933759417985693
1110,18.5,feeder2_1250,0.2889161052733736,0.48170225028937136,0.2889611739613693,0.4820858376347483
1110,18.5,feeder2_1366,0.2405254738867912,0.4564553330146708,0.2405691243071997,0.4568893853564968
1110,18.5,feeder2_1266,0.21425071228384293,0.3244629824697616,0.2142900415410543,0.3248222244782857
1110,18.5,feeder2_1372,0.20469733141090818,0.2922771584062841,0.20473942612552937,0.29258814505214714
1110,18.5,feeder2_1363,0.1993527789667885,0.2794218901862006,0.19939660973140239,0.2797099858320571
1110,18.5,feeder2_1446,0.2625896875530618,0.49024821877962277,0.2626399028964698,0.4906873885301736
1110,18.5,feeder2_1502,0.24912110308916074,0.4785484136061604,0.24917033482784456,0.4790099003416087
1110,18.5,feeder2_1428,0.19220425574138783,0.274908311400389,0.19224899821574756,0.2751892731698418
1110,18.5,feeder2_1380,0.19678347511061783,0.27193152968297524,0.19682771673684663,0.2722044283344409
1110,18.5,feeder2_1550,0.19873831775258852,0.27399328381085103,0.19878339486616314,0.27426382503720986
1110,18.5,feeder2_1386,0.1953288299030812,0.26754491600878444,0.19537349905880638,0.26781023400497944
1110,18.5,feeder2_1551,0.19433815481006927,0.2635844880242386,0.1943825569945617,0.2638458140856949
1110,18.5,feeder2_1400,0.19482109226862657,0.26636464971304386,0.19486675666062547,0.2666267721394959
1110,18.5,feeder2_1552,0.19264748353772135,0.2651193577264709,0.1926897786885893,0.2653785409087862
1110,18.5,feeder2_1408,0.1941535668948598,0.2644589077566127,0.19419707152306395,0.26471775319589647
1110,18.5,feeder2_1553,0.19249903147863537,0.26384385616427575,0.19254389804782446,0.2640994064601598
1110,18.5,feeder2_1416,0.19392411666074896,0.26357170666122753,0.19397043381786735,0.263829201788329
1110,18.5,feeder2_1530,0.1940429672150284,0.2636930056943448,0.1940847582318437,0.2639495028283945
1110,18.5,feeder2_1425,0.19347747447413627,0.26183699817217343,0.19352124518575148,0.2620929974766126
1110,18.5,feeder2_1589,0.19253212054234978,0.25813859211684914,0.19257577419722471,0.2583897117770045
1110,18.5,feeder2_1435,0.19346057907706146,0.2618116974036639,0.19350488990736348,0.2620666264936634
1110,18.5,feeder2_1621,0.1934256921067231,0.2617128268346201,0.19346802965024623,0.26196913611706685
1110,18.5,feeder2_1564,0.19325349698326566,0.26163437561839237,0.19329924647985122,0.2618844274048001
1110,18.5,feeder2_1704,0.24772182320938305,0.4789662080049179,0.2477693114782233,0.4794269693785405
1110,18.5,feeder2_1525,0.2492669990708118,0.47902256274958743,0.24931769945508298,0.4794851895618139
1110,18.5,feeder2_1716,0.24726565254219934,0.4801084398819723,0.24731503356015122,0.4805722418038667
1110,18.5,feeder2_1537,0.24946173090600637,0.47942314939292874,0.24951370844781942,0.47988998391430193
1110,18.5,feeder2_1645,0.24943707114408914,0.47939861831956565,0.2494886322173202,0.47986553123152403
1110,18.5,feeder2_1561,0.249686379562681,0.4798899066160258,0.2497398523635608,0.48036397235626654
1110,18.5,feeder2_1657,0.25056113700837296,0.4804273002310975,0.2506110468148305,0.48089945188307454
1110,18.5,feeder2_1570,0.24973089280396257,0.479942386531326,0.2497830756955611,0.4804172991555768
1110,18.5,feeder2_1756,0.25842196877991597,0.48794921679212444,0.25847591431836653,0.48842077118507315
1110,18.5,feeder2_1588,0.24967022906044792,0.4794584691464294,0.24972358173059656,0.47993556899999973
1110,18.5,feeder2_1628,0.2500929464923861,0.4799140199983107,0.2501476594911433,0.48039216454117356
1110,18.5,feeder2_1598,0.2495752231677256,0.4787142752620815,0.249631151219174,0.4791953830358435
1110,18.5,feeder2_1816,0.24776955324625222,0.4773952944567365,0.24782159795314565,0.47787504393021085
1110,18.5,feeder2_1765,0.2488034283425466,0.4780083226379915,0.24885415833968585,0.47849000840576733
1110,18.5,feeder2_1641,0.24892644920584792,0.47613950533191884,0.24898026640951973,0.47663202407882427
1110,18.5,feeder2_1689,0.24786089869720976,0.47182181513832805,0.2479154747174107,0.47232647519196086
1110,18.5,feeder2_1744,0.250476654462964,0.47738698874358176,0.2505325415710931,0.47787918730374696
1110,18.5,feeder2_1817,0.24746828845839505,0.4694883276403254,0.2475248298830791,0.4699907993911705
1110,18.5,feeder2_1779,0.2470857205718029,0.47204375478058536,0.24714217630911783,0.4725479237474918
1110,18.5,feeder2_1800,0.24581647924691832,0.4696667135288551,0.2458734162674315,0.4701681809105583
1110,18.5,feeder2_1818,0.24344151906613987,0.46724041237259,0.2435153568330439,0.4677677577906711
1110,18.5,feeder2_1753,0.2533174611079675,0.4803479267343835,0.25337053919500674,0.4808392055745719
1110,18.5,feeder2_1754,0.2509312206908547,0.47760714798341314,0.2509847556589769,0.47809980924445605
1140,19.0,secondary,0.006430569568791351,0.022318152748815552,0.006425139498237376,0.022279617150185116
1140,19.0,feeder2_44,0.012013156393027854,0.11684898259661754,0.011999970553178146,0.1166556999698982
1140,19.0,feeder2_45,0.012268920627894371,0.1207711188068699,0.01226157260663873,0.12056147593558703
1140,19.0,feeder2_46,0.01113827389417291,0.11384406001185407,0.011116169468587941,0.11364625306532063
1140,19.0,feeder2_51,0.01276292503704472,0.1270050523495541,0.012754215575918847,0.12678701880957893
1140,19.0,feeder2_48,0.01846252729884084,0.12985415240091155,0.018511652216742155,0.1296419969495104
1140,19.0,feeder2_52,0.0141110447066589,0.12822469742839127,0.014100805801844184,0.1280097262132683
1140,19.0,feeder2_68,0.014184999683242253,0.14481046228696073,0.014160680649283287,0.1445760589333757
1140,19.0,feeder2_69,0.013276947925378856,0.14175615460391594,0.01324293315249333,0.1415243249768106
1140,19.0,feeder2_71,0.014414118209135315,0.1473807813470478,0.014393117609279391,0.14713716081969982
1140,19.0,feeder2_72,0.012316570897648902,0.1476819772041037,0.012306992968135259,0.14744032994427161
1140,19.0,feeder2_73,0.015158154701743311,0.15554613612867366,0.015135642025186639,0.15529430075051995
1140,19.0,feeder2_74,0.0182952499167959,0.15754514700231118,0.018280863605280848,0.15729513711000628
1140,19.0,feeder2_77,0.015678913299416848,0.16226701851878364,0.01565259783922874,0.16200665040905676
1140,19.0,feeder2_79,0.01685141743322466,0.1590106194135669,0.016814877529729294,0.15875321672045659
1140,19.0,feeder2_81,0.01658789819600495,0.1742470204845081,0.01656028270861091,0.17397067696995544
1140,19.0,feeder2_82,0.013533582912012117,0.1746042525641858,0.013517541148256568,0.17432528309823783
1140,19.0,feeder2_116,0.021296274235061426,0.23000947130527807,0.021248583534831958,0.22967674830708393
1140,19.0,feeder2_119,0.037830047603985305,0.2471508855460032,0.03779499342829478,0.2468265414793278
1140,19.0,feeder2_120,0.02093218361839316,0.24125769083349224,0.020874636081416466,0.2409046806932353
1140,19.0,feeder2_248,0.022649574593498045,0.24310781234799056,0.022596480144505264,0.2427556147353229
1140,19.0,feeder2_124,0.0205587845435397,0.24742745883711476,0.02050171201002886,0.24705575707708233
1140,19.0,feeder2_282,0.020431325675353395,0.2474048038350946,0.020373464168705842,0.24703958130461684
1140,19.0,feeder2_275,0.035469398018354824,0.26283400134153234,0.035429146110606845,0.2624665112409902
1140,19.0,feeder2_151,0.017610073650057515,0.24778700681828128,0.01754460519357181,0.24738738253722073
1140,19.0,feeder2_295,0.017613466099860663,0.24770218609630362,0.017548005488142414,0.2473051038525154
1140,19.0,feeder2_311,0.017674201029542647,0.24726489077476088,0.01760627463022166,0.2468645860009294
1140,19.0,feeder2_201,0.013033012188229012,0.24913348754616585,0.012954010070448971,0.24868778362070457
1140,19.0,feeder2_314,0.012347200095573184,0.2497733792144255,0.012267178331189444,0.24932423210232332
1140,19.0,feeder2_342,0.008304605908219923,0.24991233685772563,0.008202677972419626,0.24938647969610936
1140,19.0,feeder2_368,0.00613937901176364,0.25105226748740755,0.006035924352157424,0.25052205487782625
1140,19.0,feeder2_347,0.01047890485750708,0.24866358876896943,0.010387400518952658,0.24812389792306092
1140,19.0,feeder2_353,0.012206840081814435,0.24802345208633658,0.012112275564896573,0.24746889598128075
1140,19.0,feeder2_518,0.0088528713372227,0.24942822658469968,0.00877645104208707,0.24888285533597787
1140,19.0,feeder2_365,0.014233740779926354,0.2474928364718037,0.014142863929433218,0.2469333367706268
1140,19.0,feeder2_653,0.012193736291354779,0.24812487119085916,0.012094853328335386,0.24757101790065006
1140,19.0,feeder2_377,0.014783109752962344,0.2501678547820622,0.014692246475758102,0.24960363605895408
1140,19.0,feeder2_622,0.02885921457943108,0.23557643839372022,0.028779273287065872,0.2350354399090936
1140,19.0,feeder2_451,0.009947134033316691,0.25270227050389765,0.01003414179077523,0.25215511214541875
1140,19.0,feeder2_383,0.006218279316096522,0.2532612178374708,0.006119028949303738,0.25273057976567864
1140,19.0,feeder2_385,0.015410990003574524,0.2532860608574452,0.01531647908184504,0.2527072252280575
1140,19.0,feeder2_621,0.01488643289239129,0.2500834775901586,0.014798690980592588,0.24952231562360289
1140,19.0,feeder2_611,0.006616486653520349,0.2544031707591398,0.006514842070971081,0.2538728908561605
1140,19.0,feeder2_405,0.0062138150229715545,0.2533380346979226,0.006114078418935165,0.2528082973706265
1140,19.0,feeder2_461,0.017810404674449245,0.2637971043105209,0.01771300151649709,0.2631857593803455
1140,19.0,feeder2_594,0.01520227218242841,0.25453886965422096,0.01510696483967698,0.25396724499445217
1140,19.0,feeder2_732,0.007964293082593265,0.25733574621302674,0.007877468843395088,0.2568121419490198
1140,19.0,feeder2_417,0.0060998459413853,0.25299691045479733,0.00600072669540127,0.2524669434981226
1140,19.0,feeder2_663,0.009153902820824882,0.24990312932329206,0.009062491684975102,0.24937921378519576
1140,19.0,feeder2_444,0.005863503002138336,0.25363850305132557,0.005765035479390566,0.2531104754085395
1140,19.0,feeder2_759,0.0048704853385895894,0.25341632511597406,0.004777505916143338,0.25289148391112587
1140,19.0,feeder2_842,0.008223104422034302,0.2512335771332565,0.00813400666180813,0.2507104818551221
1140,19.0,feeder2_459,0.005773671566724651,0.2540169549806355,0.005673463025481532,0.25348592164682315
1140,19.0,feeder2_702,0.0052319085612191115,0.2565154467247871,0.005182972321457775,0.2559888857076136
1140,19.0,feeder2_493,0.005784672821472465,0.25460004784487505,0.005685998591460165,0.25407278235459235
1140,19.0,feeder2_651,0.029028683816352752,0.25478786546018667,0.0289390177857761,0.2541881929629863
1140,19.0,feeder2_684,0.017882652877882096,0.2819711297034087,0.017774075704733164,0.2813157614709465
1140,19.0,feeder2_674,0.005639639250684936,0.2549742876854688,0.005540439650087528,0.2544487151614255
1140,19.0,feeder2_696,0.00580750309882508,0.25447393990358397,0.0057100032500277806,0.25395007412237147
1140,19.0,feeder2_681,0.0056608816234942246,0.25504104028334734,0.005562955888490362,0.2545148125959148
1140,19.0,feeder2_682,0.005613886294712816,0.2564305480815795,0.005518066751850317,0.2559039370412112
1140,19.0,feeder2_728,0.01755310504650405,0.28007997855429045,0.017447529384291317,0.2794238153358916
1140,19.0,feeder2_724,0.019065197780160276,0.3050739698895345,0.01894217231303026,0.3043854633391703
1140,19.0,feeder2_703,0.005940631698691395,0.25432572295022876,0.00584227031926605,0.253797194099603
1140,19.0,feeder2_704,0.005817196260881142,0.25446307654915545,0.005715796617493589,0.253930609843853
1140,19.0,feeder2_754,0.011412984838184625,0.3034957188400495,0.01132924947149502,0.3027936300111554
1140,19.0,feeder2_747,0.02087687964619209,0.3160617654178437,0.02074805148734186,0.31536536094112666
1140,19.0,feeder2_828,0.017546527470002397,0.2801344615122727,0.017440059034148386,0.2794780275210516
1140,19.0,feeder2_763,0.01710314230372139,0.2772489192430221,0.01700436513350428,0.2765921459000432
1140,19.0,feeder2_836,0.024753312240316013,0.3125655375399959,0.024630807782166354,0.31187393797065377
1140,19.0,feeder2_758,0.022299070480486786,0.3270293194538558,0.02216679314199527,0.32632516668377404
1140,19.0,feeder2_788,0.02017846654229256,0.3265471912738563,0.02004804217989685,0.3258441667498219
1140,19.0,feeder2_812,0.027650062231752412,0.3620303740968248,0.02750850873085997,0.3613144447642698
1140,19.0,feeder2_947,0.01508538189571035,0.27859613666514227,0.015025244282896463,0.27792345139456304
1140,19.0,feeder2_868,0.01704572714803269,0.2772318967183087,0.016943283918402795,0.2765687406802288
1140,19.0,feeder2_785,0.017180649495032885,0.27545553981173565,0.017078688524780346,0.274788103704636
1140,19.0,feeder2_1176,0.02492989360724548,0.2678212030512678,0.024830527565498563,0.2671638865700294
1140,19.0,feeder2_846,0.017163852407180272,0.27554934852712226,0.01706476801234784,0.27488736746901793
1140,19.0,feeder2_911,0.016387100141475517,0.27474405966859017,0.016286876379704145,0.2740726339419589
1140,19.0,feeder2_1107,0.03334156013990975,0.4010717829643342,0.03319658514848159,0.40035518718161717
1140,19.0,feeder2_920,0.027757073983706325,0.36114919247305616,0.02761771291353347,0.3604273814914612
1140,19.0,feeder2_926,0.027918595794831854,0.35966269316080196,0.02777227865338587,0.3589264969689079
1140,19.0,feeder2_1239,0.027792373552245786,0.3613799600125945,0.02764757589159877,0.3606519437535732
1140,19.0,feeder2_933,0.0280691441921689,0.35890884826856745,0.02792571137336702,0.3581700750842033
1140,19.0,feeder2_1146,0.027602125146375778,0.3601643227453137,0.0274563745924287,0.3594252222399808
1140,19.0,feeder2_1124,0.036126651752387155,0.35155296717584084,0.03599108643861362,0.3508238939512224
1140,19.0,feeder2_942,0.027653703595867527,0.36336097211022444,0.027505965906456126,0.3626048288232326
1140,19.0,feeder2_952,0.027759157591800566,0.36909471780631237,0.027603823534396815,0.3683136429942011
1140,19.0,feeder2_965,0.027563190483952376,0.36347105263434354,0.027417225451052657,0.3627126937855431
1140,19.0,feeder2_961,0.0278013784398722,0.3696754804592996,0.027649013856325847,0.36889146277959506
1140,19.0,feeder2_963,0.027752829422224037,0.36910303915552445,0.027596912735000378,0.368316401464977
1140,19.0,feeder2_973,0.027961857166585113,0.3718702936145066,0.027804946135001413,0.37106905933243095
1140,19.0,feeder2_1128,0.027918937526414077,0.3712248142266609,0.027763084997374676,0.3704357240101914
1140,19.0,feeder2_1113,0.027359780552726976,0.36938075494189787,0.027209896512401143,0.3685992082239998
1140,19.0,feeder2_1143,0.027725070964856477,0.36904410893824124,0.027570404667650834,0.36825700221390073
1140,19.0,feeder2_1238,0.0228012772844854,0.3642662157102478,0.022665649182197933,0.36349664041620694
1140,19.0,feeder2_979,0.027564439541647143,0.36360992043699264,0.027420054516271115,0.3628561300493925
1140,19.0,feeder2_1236,0.028052508775747793,0.376851155562429,0.02789422401715475,0.3760305983616726
1140,19.0,feeder2_989,0.027963362603547908,0.37185500739097443,0.027806980875786747,0.3710515860364983
1140,19.0,feeder2_1196,0.02716705180677596,0.36412642898634123,0.027020076341005783,0.36336761778976384
1140,19.0,feeder2_1158,0.030088445300747835,0.36977129762683586,0.029933393859759117,0.3689731392029172
1140,19.0,feeder2_1122,0.03541617010467973,0.4193205495446618,0.03527096814268855,0.41860540172082544
1140,19.0,feeder2_1258,0.03685414884478877,0.3972157597889276,0.036708613576285146,0.39650351567065345
1140,19.0,feeder2_1303,0.03286771531326243,0.4198776793525045,0.032725146352828326,0.41916262473682897
1140,19.0,feeder2_1138,0.037374658259513194,0.4336119269675985,0.03723054123769533,0.4328976841071661
1140,19.0,feeder2_1304,0.04491907769737039,0.4466600775352281,0.044782889483173986,0.4459493672596811
1140,19.0,feeder2_1212,0.03970507059253875,0.453023843652118,0.039560896865571196,0.4523135763554793
1140,19.0,feeder2_1311,0.0364923221893469,0.4534164445839003,0.036346374339600626,0.45269647496776566
1140,19.0,feeder2_1290,0.04333157447902919,0.4769785602504221,0.0431894063687268,0.47627051822936123
1140,19.0,feeder2_1325,0.028188055297610287,0.3844564178505717,0.028020676240974415,0.3835980509547921
1140,19.0,feeder2_1248,0.028056258734071624,0.37684723659630637,0.027896764030044312,0.37602808996198034
1140,19.0,feeder2_1249,0.022096296223722875,0.3646600692085391,0.02195961750223923,0.36388428048510013
1140,19.0,feeder2_1250,0.021610600529131673,0.3639348099798076,0.021471231527926907,0.3631572607439113
1140,19.0,feeder2_1366,0.028963958773801972,0.37591785962942403,0.02880434154730185,0.375097419076756
1140,19.0,feeder2_1266,0.03830824529293096,0.39565312500399097,0.03816432727505613,0.3949404873111679
1140,19.0,feeder2_1372,0.042149886234707105,0.47761392786693196,0.04200690453672799,0.4769021751752366
1140,19.0,feeder2_1363,0.04780224707618121,0.5019985657958136,0.047660776551214645,0.5012975407965071
1140,19.0,feeder2_1446,0.02607698895035294,0.3843159648869576,0.025910290764683236,0.3834517548752317
1140,19.0,feeder2_1502,0.029081309090269472,0.3935193796631436,0.02890709581637305,0.3926253753003978
1140,19.0,feeder2_1428,0.04909950653006889,0.5040244406362402,0.048959796156178605,0.5033229050289145
1140,19.0,feeder2_1380,0.05271057253989418,0.5291523737535246,0.052572972465336806,0.5284582787590929
1140,19.0,feeder2_1550,0.05188870914863142,0.5298157174273949,0.051751724617872766,0.5291198095969022
1140,19.0,feeder2_1386,0.05526202829023646,0.5421395991344106,0.055125786408675534,0.5414492930539295
1140,19.0,feeder2_1551,0.05513182607005612,0.5426971471512416,0.054995423098161855,0.5420025164207295
1140,19.0,feeder2_1400,0.056458533996552616,0.5481669375953114,0.05632095759744212,0.5474796103380055
1140,19.0,feeder2_1552,0.059226482424072226,0.5523108996533006,0.05909073527640393,0.5516206731927492
1140,19.0,feeder2_1408,0.05851033697778858,0.5584832534214086,0.05837445102865131,0.5577960573479843
1140,19.0,feeder2_1553,0.05998588496373415,0.5605740729444831,0.05984991964443635,0.5598831240891494
1140,19.0,feeder2_1416,0.05948622149859786,0.5633840107009552,0.059347023927278204,0.562696073178349
1140,19.0,feeder2_1530,0.05936825644646944,0.5633357765071528,0.05923241004495669,0.5626422594226854
1140,19.0,feeder2_1425,0.061361441044514006,0.5727609460531149,0.06122692941589867,0.5720750374755615
1140,19.0,feeder2_1589,0.061415566219037696,0.5728398609995756,0.06128160330696807,0.5721554475276394
1140,19.0,feeder2_1435,0.06173832774884972,0.5746420621097289,0.06160062627620798,0.5739534287027738
1140,19.0,feeder2_1621,0.06176189838301641,0.574560945675316,0.06162712011911405,0.5738747018189196
1140,19.0,feeder2_1564,0.06622440127858957,0.5969759357653084,0.06609129975712144,0.5962916931280817
1140,19.0,feeder2_1704,0.030330972207585887,0.3920745093649318,0.030158163351948823,0.3911822548733154
1140,19.0,feeder2_1525,0.02930424515889768,0.3963414263160439,0.029128459918496327,0.39543421440934523
1140,19.0,feeder2_1716,0.032390408456658464,0.3929610612398464,0.032211197415964114,0.3920572170019506
1140,19.0,feeder2_1537,0.029506351295077733,0.4000049315814819,0.02932802781299216,0.399092353970559
1140,19.0,feeder2_1645,0.029021421205609393,0.40037752333154497,0.028845726833266583,0.39946574083754494
1140,19.0,feeder2_1561,0.02975106434422756,0.403907553357575,0.029573140744961417,0.40297979217759783
1140,19.0,feeder2_1657,0.028965987413717774,0.40368844617962385,0.02878510349773724,0.4027584407792704
1140,19.0,feeder2_1570,0.029898208593051954,0.40566539532702767,0.02971702127963779,0.4047351883932686
1140,19.0,feeder2_1756,0.024167645275404312,0.4066245750498249,0.02398666570085305,0.4056764743897403
1140,19.0,feeder2_1588,0.030128460965734797,0.4072913307161616,0.02994440676998067,0.40635472221155244
1140,19.0,feeder2_1628,0.029891567357885493,0.40721505083226567,0.029709964397334535,0.4062759371417599
1140,19.0,feeder2_1598,0.030434798500580767,0.4093736909780386,0.030251019356234442,0.4084282850457895
1140,19.0,feeder2_1816,0.030578878328019265,0.4091694465511391,0.030395829981268878,0.4082267901186493
1140,19.0,feeder2_1765,0.03103370043599142,0.40856976838443504,0.030850052724022248,0.40762349573270107
1140,19.0,feeder2_1641,0.03197889074917554,0.4199860536972069,0.03179104279090108,0.41900798031150305
1140,19.0,feeder2_1689,0.03427365566430259,0.42962682433678456,0.03408208222355854,0.4286333916319422
1140,19.0,feeder2_1744,0.029213136020586377,0.4199038634623166,0.02902155980212871,0.4189222130937452
1140,19.0,feeder2_1817,0.03471041888877837,0.43193890670773655,0.034519995408559406,0.4309478329235541
1140,19.0,feeder2_1779,0.03495338866055444,0.4289165396156709,0.03475891729491247,0.4279213173323737
1140,19.0,feeder2_1800,0.043726412624324466,0.44526243551813477,0.04354963356405549,0.4442807921594212
1140,19.0,feeder2_1818,0.03581329558890602,0.4237998287668977,0.03559181495720183,0.4227637616580003
1140,19.0,feeder2_1753,0.025501473488612657,0.4208477893263715,0.025315512301879135,0.41986567423771143
1140,19.0,feeder2_1754,0.028128200958557982,0.41965573763862174,0.027940952585294138,0.41867887804609616
1170,19.5,secondary,0.03410514638134618,0.04217424766930108,0.03410266968764915,0.042158152527188714
1170,19.5,feeder2_44,0.06376855767790235,0.22100037985396176,0.06376542227752825,0.22093310088614954
1170,19.5,feeder2_45,0.06456314358323814,0.22688616061124722,0.06455888346296715,0.22681639419489377
1170,19.5,feeder2_46,0.0896370621615137,0.2323382014031844,0.08963456362987075,0.2322779188234883
1170,19.5,feeder2_51,0.06603451366888041,0.23744453098416657,0.06603420713317659,0.23736632980232553
1170,19.5,feeder2_48,0.06278288013030309,0.2247431884315325,0.06278091170913087,0.22467508127799068
1170,19.5,feeder2_52,0.06646647851315392,0.23880397009434798,0.06646848284768801,0.23872690321655862
1170,19.5,feeder2_68,0.070147320358966,0.2668411776088969,0.07014609885435162,0.2667500792466135
1170,19.5,feeder2_69,0.07221471322932656,0.2686333015538166,0.07221563540194838,0.2685428124817106
1170,19.5,feeder2_71,0.07069597057251344,0.2706350745497941,0.07069515413384751,0.27054665343011525
1170,19.5,feeder2_72,0.06728389400034401,0.26677579339615637,0.06728360713535411,0.2666828603888884
1170,19.5,feeder2_73,0.07252732273440485,0.28297322520395074,0.07252572690295687,0.2828773920664853
1170,19.5,feeder2_74,0.07098291419714459,0.28560914218578565,0.07098438866409684,0.2855113913568353
1170,19.5,feeder2_77,0.07412951362056987,0.2931685727587683,0.07412879632979201,0.2930682850676277
1170,19.5,feeder2_79,0.07683135483098204,0.2935318692929033,0.07683444993006427,0.2934328948852669
1170,19.5,feeder2_81,0.0765351349060078,0.3090512618403008,0.07653529124687165,0.30894029124677963
1170,19.5,feeder2_82,0.07335608454649217,0.3053438332117155,0.07335571028108154,0.305233958458231
1170,19.5,feeder2_116,0.0886286320138534,0.3846295839663945,0.08863287009673856,0.3844841317358392
1170,19.5,feeder2_119,0.09281494722095,0.39413379569404833,0.0928230657014984,0.3939839705696223
1170,19.5,feeder2_120,0.09197615207694856,0.4085315683491541,0.09197925126850941,0.4083752316445417
1170,19.5,feeder2_248,0.09157543537773621,0.4120954788324491,0.0915788840136804,0.4119378258547556
1170,19.5,feeder2_124,0.0938957160227484,0.42194169920931984,0.09390186087408978,0.42177785710915117
1170,19.5,feeder2_282,0.091915131012846,0.41978727645171493,0.09191813804436447,0.4196250447102121
1170,19.5,feeder2_275,0.09308733600912394,0.42373060994039763,0.09309386911780115,0.4235670354821452
1170,19.5,feeder2_151,0.09749775469845648,0.4455616000612188,0.09749940610801326,0.4453854232337567
1170,19.5,feeder2_295,0.0985189442040114,0.4462446598079692,0.0985202170352091,0.4460722834935123
1170,19.5,feeder2_311,0.09829023933248009,0.4461292669343293,0.09829423648631236,0.4459566931194854
1170,19.5,feeder2_201,0.10331590127204651,0.4830799629318486,0.10331853618853327,0.4828845836646327
1170,19.5,feeder2_314,0.10323033828090825,0.48298918398899227,0.10323136603953183,0.4827955200113963
1170,19.5,feeder2_342,0.11165990815174862,0.5367880836747444,0.11166336283619908,0.5365684788483518
1170,19.5,feeder2_368,0.11221189286011662,0.5389321670597211,0.11221520703742752,0.5387119828230137
1170,19.5,feeder2_347,0.11513187273230639,0.5592291451230726,0.11513498729991,0.558992701215251
1170,19.5,feeder2_353,0.11708145982105649,0.5714804936828889,0.11708579135201118,0.5712371009345875
1170,19.5,feeder2_518,0.1132307682336623,0.557193842838216,0.11323320914600472,0.5569571613958358
1170,19.5,feeder2_365,0.11922171374880042,0.5850302657853017,0.1192254849414847,0.584777813440547
1170,19.5,feeder2_653,0.11720832258321755,0.57160432342612,0.11721204246993584,0.5713583669175407
1170,19.5,feeder2_377,0.12022948539315353,0.5902337994470992,0.1202332866759031,0.5899732879932569
1170,19.5,feeder2_622,0.1291228646113416,0.5925217582547917,0.12911943971957335,0.5922719771127307
1170,19.5,feeder2_451,0.11044756901347856,0.5370936469063683,0.11045219079392841,0.5368751637279704
1170,19.5,feeder2_383,0.11350966189166861,0.5438992547499772,0.11351331386917768,0.543682549876204
1170,19.5,feeder2_385,0.12138266432030359,0.5959608100909756,0.1213869764091435,0.5956967086587411
1170,19.5,feeder2_621,0.1212453080320319,0.5909921132014724,0.12124789810144644,0.5907340385817407
1170,19.5,feeder2_611,0.11392493469076834,0.5445182270204701,0.1139276804971431,0.5442994932395816
1170,19.5,feeder2_405,0.11357922082151639,0.5441841584639913,0.11358154366879292,0.5439666666198573
1170,19.5,feeder2_461,0.12569244394159054,0.6158125854177701,0.12570207661267735,0.6155193363923344
1170,19.5,feeder2_594,0.12134057701582443,0.5982290869021529,0.12134813140556532,0.5979630993256853
1170,19.5,feeder2_732,0.11464047943613395,0.5463513291495903,0.11464615887713965,0.5461310901953845
1170,19.5,feeder2_417,0.11396870824163916,0.5459420346571017,0.11396998793825829,0.5457252557029506
1170,19.5,feeder2_663,0.11691589158729065,0.5468621617565301,0.11691804281536074,0.5466445619266262
1170,19.5,feeder2_444,0.11406939077156523,0.546924414854441,0.11407228326184296,0.5467063466458028
1170,19.5,feeder2_759,0.11178989075887848,0.5445478769542499,0.11179017967307284,0.544331537094876
1170,19.5,feeder2_842,0.12348540652624598,0.5535965799800192,0.12348126369092459,0.5533829956555962
1170,19.5,feeder2_459,0.11404864522519154,0.5469818078616957,0.11405043248259085,0.5467660608179586
1170,19.5,feeder2_702,0.11268315718431002,0.5455077766263517,0.11268337610738498,0.5452921664788714
1170,19.5,feeder2_493,0.1141294624594075,0.5477827312656696,0.11413344478478707,0.5475657080270572
1170,19.5,feeder2_651,0.12750235489035647,0.6165940583967794,0.12751015677760735,0.6163040575414029
1170,19.5,feeder2_684,0.12916940186465858,0.6311579674974883,0.12918002710167653,0.6308441568676043
1170,19.5,feeder2_674,0.11407846194540884,0.5483307315408091,0.11408241857803011,0.5481133758677651
1170,19.5,feeder2_696,0.11414667407490373,0.5478872482388037,0.11414916364567253,0.5476710643707217
1170,19.5,feeder2_681,0.11439514856607816,0.5488459609448427,0.11439900359042209,0.5486288921159519
1170,19.5,feeder2_682,0.11341197321609629,0.5498204319711111,0.1134174884795065,0.549601935296539
1170,19.5,feeder2_728,0.128971150808719,0.6312995813944247,0.12898019063075944,0.630985155684551
1170,19.5,feeder2_724,0.13324915822660346,0.6468595066121539,0.1332612757790639,0.6465226953375675
1170,19.5,feeder2_703,0.11426223777565916,0.5479915086310033,0.11426777903229379,0.547772792610307
1170,19.5,feeder2_704,0.11415513500331456,0.5478947858469168,0.11415802376624135,0.5476775527967813
1170,19.5,feeder2_754,0.1323181571386546,0.6458884555332662,0.13233055142069153,0.6455509699024858
1170,19.5,feeder2_747,0.13505045335549917,0.6538816087170408,0.1350628563189281,0.6535341432318155
1170,19.5,feeder2_828,0.12926133787339408,0.6317357452615843,0.12927305092939495,0.6314187355532458
1170,19.5,feeder2_763,0.1284686932469065,0.6309470669684211,0.1284782781275542,0.6306340417354697
1170,19.5,feeder2_836,0.14074869088029515,0.6545837472942848,0.14075903331963516,0.6542377975469902
1170,19.5,feeder2_758,0.13635538313261272,0.6594208552101138,0.1363707803929899,0.6590620906694011
1170,19.5,feeder2_788,0.13353771210546503,0.6564895474084851,0.13355064221108975,0.6561346220021007
1170,19.5,feeder2_812,0.14123576685645134,0.6808386716324053,0.14125466473024817,0.6804530392831922
1170,19.5,feeder2_947,0.12412799661566003,0.626394805525889,0.12413872744816663,0.6260802415807959
1170,19.5,feeder2_868,0.1281236762654919,0.6305565104878859,0.12813148382323467,0.6302429364677266
1170,19.5,feeder2_785,0.12852420677762044,0.6320110486813498,0.12853247362896314,0.6316977049025889
1170,19.5,feeder2_1176,0.13162293354024832,0.6349495997964283,0.13162875715956102,0.634640596544216
1170,19.5,feeder2_846,0.12821108366982395,0.6328015067529951,0.12822133679934422,0.6324861227911913
1170,19.5,feeder2_911,0.12849602212869143,0.6319036337088313,0.12850608457462898,0.6315904633391667
1170,19.5,feeder2_1107,0.1465146189370859,0.7009329691079046,0.146534905459759,0.7005383104461995
1170,19.5,feeder2_920,0.14120581949171365,0.6816186485043793,0.14122207189837208,0.6812286153121319
1170,19.5,feeder2_926,0.1410733228532139,0.6825472012171289,0.14109218573012014,0.6821480078923051
1170,19.5,feeder2_1239,0.14131007202773932,0.681913853156851,0.14132793124266635,0.6815261738621142
1170,19.5,feeder2_933,0.14110723461167657,0.6834885111641755,0.14112410459433342,0.6830854832716227
1170,19.5,feeder2_1146,0.1406377211439077,0.6800799499515022,0.1406571936797719,0.6796822810198261
1170,19.5,feeder2_1124,0.14153419246224697,0.6840487687133169,0.14155376528200947,0.6836460367446425
1170,19.5,feeder2_942,0.14121970892840807,0.6852939281530794,0.14123792764428725,0.6848878276854464
1170,19.5,feeder2_952,0.14063545848990622,0.6819304126503039,0.1406525804113822,0.6815142538449157
1170,19.5,feeder2_965,0.14131814924084843,0.6860923340096213,0.14133625239445569,0.6856834455704938
1170,19.5,feeder2_961,0.14061223540912685,0.6818010366715496,0.14062831307309664,0.6813824910362106
1170,19.5,feeder2_963,0.14062706771007874,0.6818830167038249,0.14064654700182322,0.6814644765737147
1170,19.5,feeder2_973,0.14044932151620104,0.6804852582504349,0.14046521379433607,0.6800611054571889
1170,19.5,feeder2_1128,0.14068827463748995,0.6829655515163408,0.1407083575421548,0.6825446312685609
1170,19.5,feeder2_1113,0.13961980581367395,0.680835227439587,0.13964003421611454,0.6804183135995685
1170,19.5,feeder2_1143,0.14060317962312394,0.6817429911020045,0.1406227027056881,0.6813229114303879
1170,19.5,feeder2_1238,0.13602718918799356,0.6808675035910439,0.13604563515431967,0.6804561699680397
1170,19.5,feeder2_979,0.1415488390163237,0.687590899583508,0.1415667098176468,0.687179528737773
1170,19.5,feeder2_1236,0.13999948207003168,0.6779247225277379,0.14001686571596791,0.6774941024083533
1170,19.5,feeder2_989,0.14045126193404125,0.6804915250810403,0.1404694593589019,0.6800675212569062
1170,19.5,feeder2_1196,0.14259949647218942,0.6942347268941493,0.142622948463902,0.6938236765090042
1170,19.5,feeder2_1158,0.1431047916758017,0.6809770722158873,0.14311939716338962,0.6805557390077863
1170,19.5,feeder2_1122,0.14856826943758975,0.7083871377359892,0.14859158333483244,0.7079857695874224
1170,19.5,feeder2_1258,0.14833053060731807,0.7016347059854812,0.14835235764671378,0.7012397192060443
1170,19.5,feeder2_1303,0.14676586298809932,0.7065351728648646,0.14678663862414365,0.706134991635665
1170,19.5,feeder2_1138,0.1503292230220165,0.715135476133833,0.15035361967055827,0.7147316370418487
1170,19.5,feeder2_1304,0.15642314925915973,0.7228095408040641,0.15644989533800222,0.7224035798321746
1170,19.5,feeder2_1212,0.15240398500712218,0.7242447357768436,0.15242790019177868,0.7238353925857035
1170,19.5,feeder2_1311,0.14801011839016265,0.7202139610783354,0.14803355798945367,0.7198032896360251
1170,19.5,feeder2_1290,0.15581412428971597,0.7394709172776532,0.1558382337440617,0.7390578672670726
1170,19.5,feeder2_1325,0.1390924038491736,0.6744696403161728,0.13910648568489778,0.6740266757219213
1170,19.5,feeder2_1248,0.1400103692897627,0.6779238355860961,0.14002796012650418,0.6774944028147727
1170,19.5,feeder2_1249,0.1354000815057191,0.6802173762127189,0.1354192052109842,0.6798076153090726
1170,19.5,feeder2_1250,0.13384737470630875,0.6787750635816542,0.13386565026704783,0.6783631006708657
1170,19.5,feeder2_1366,0.14277368071183438,0.677639583372731,0.14279003029002282,0.6772080536940107
1170,19.5,feeder2_1266,0.14880541754460033,0.7020051643341958,0.14882516593968992,0.7016088997994983
1170,19.5,feeder2_1372,0.15521747231164024,0.7388116079667564,0.15524462237407693,0.738397728130477
1170,19.5,feeder2_1363,0.15967165696860253,0.7572187549752495,0.1596985816539947,0.7568005577670408
1170,19.5,feeder2_1446,0.13720218158372563,0.6725030864791638,0.13721940741924474,0.6720556188204077
1170,19.5,feeder2_1502,0.1385584934103809,0.673286666658747,0.13857460371195424,0.6728291282523889
1170,19.5,feeder2_1428,0.1603269967487843,0.7596691484356461,0.16035828728801957,0.7592501795166917
1170,19.5,feeder2_1380,0.1638114271004437,0.7755795718152078,0.16384071983053175,0.775157395192281
1170,19.5,feeder2_1550,0.16105326612927257,0.7727863690856409,0.1610846714728072,0.7723631222741006
1170,19.5,feeder2_1386,0.1660904499508048,0.7861848580753101,0.16612173513390888,0.7857601746455902
1170,19.5,feeder2_1551,0.16617295653285954,0.786274940278111,0.16620205427040846,0.7858519736568897
1170,19.5,feeder2_1400,0.16717166831293426,0.7912461326408687,0.1672047035106765,0.7908190542310842
1170,19.5,feeder2_1552,0.16909515734500052,0.7962171400911057,0.16912893000574436,0.7957909017111806
1170,19.5,feeder2_1408,0.16896268532128048,0.7993527702106719,0.16899282725088066,0.7989227608933219
1170,19.5,feeder2_1553,0.1813526039438924,0.816946236126253,0.1813944131712993,0.8165130062752234
1170,19.5,feeder2_1416,0.16898980273781616,0.7999698579402821,0.16902058503335482,0.7995411064601996
1170,19.5,feeder2_1530,0.16749486267696181,0.7992931290251925,0.16752460867750435,0.798865629647042
1170,19.5,feeder2_1425,0.1692704743066214,0.8016043270723777,0.16930126815529756,0.8011788316589684
1170,19.5,feeder2_1589,0.16885834849495138,0.8035614286673889,0.16889100602620696,0.8031351153802077
1170,19.5,feeder2_1435,0.16931498436595105,0.8017440343347728,0.16934614109136023,0.801318862508954
1170,19.5,feeder2_1621,0.16935099526910044,0.8017804847116526,0.16938213985449393,0.801349463678453
1170,19.5,feeder2_1564,0.1698488789760083,0.8033449035332028,0.16987899137051848,0.8029169553302606
1170,19.5,feeder2_1704,0.13977598265236715,0.6744619485322733,0.13979141946930876,0.6740043251359669
1170,19.5,feeder2_1525,0.13842017568294218,0.6725008831136253,0.13843577841599608,0.6720377932428938
1170,19.5,feeder2_1716,0.14479680014150473,0.6720443620175668,0.14481186692673934,0.6715849429664036
1170,19.5,feeder2_1537,0.1381354878463275,0.6716020693630341,0.13815314676791365,0.6711337848202918
1170,19.5,feeder2_1645,0.13815404266182013,0.6716204871030471,0.13817182152078303,0.6711533390128349
1170,19.5,feeder2_1561,0.13780896888916516,0.6705752646199413,0.1378249103552684,0.6701032206158086
1170,19.5,feeder2_1657,0.1369701115302631,0.6697005001999374,0.13698899262363895,0.6692281915815338
1170,19.5,feeder2_1570,0.1377063151507329,0.6703456435698034,0.13772267942032224,0.6698701676059668
1170,19.5,feeder2_1756,0.1295664024147393,0.6618494903326408,0.1295777073366345,0.6613743418819947
1170,19.5,feeder2_1588,0.13772902322507197,0.670694323866612,0.13774517963548355,0.6702176235304896
1170,19.5,feeder2_1628,0.13714977308563903,0.6700903519122542,0.1371668280429115,0.6696120600189527
1170,19.5,feeder2_1598,0.13778944174077232,0.6713100768407052,0.137804881485901,0.6708336314236026
1170,19.5,feeder2_1816,0.13792767403218795,0.6714746504417662,0.1379410306729476,0.6709958273460013
1170,19.5,feeder2_1765,0.13882706975545062,0.6722882627333899,0.13884038514035843,0.6718102721047957
1170,19.5,feeder2_1641,0.13808265188734792,0.6737625901185109,0.1381003929897432,0.6732684493169485
1170,19.5,feeder2_1689,0.138596256524835,0.6773114169846822,0.13861095363639422,0.676805161825802
1170,19.5,feeder2_1744,0.13721042047547183,0.6728530890415638,0.13722523288490024,0.6723614832120908
1170,19.5,feeder2_1817,0.1390541502464382,0.6783073537658714,0.13906873006863835,0.677799793506225
1170,19.5,feeder2_1779,0.13952022059073943,0.6782352068089672,0.13953409454485236,0.6777321628989409
1170,19.5,feeder2_1800,0.1386680871483168,0.6782157858849576,0.13868415119327665,0.677710780658611
1170,19.5,feeder2_1818,0.13891132558613017,0.6784090158623358,0.1389124362540852,0.6778789178598158
1170,19.5,feeder2_1753,0.13460224934173554,0.6701334905102125,0.13461638650155286,0.6696414403306399
1170,19.5,feeder2_1754,0.13717420691155116,0.6728153228483802,0.1371877208073043,0.6723222833580769
1200,20.0,secondary,0.028533682722504228,0.028804127295315386,0.028498261590739295,0.028845459040554817
1200,20.0,feeder2_44,0.05342589532488518,0.15114984367826464,0.05335203889644104,0.15137111551392557
1200,20.0,feeder2_45,0.054553370709629685,0.15715470470461904,0.0544831126313648,0.15737602416498908
1200,20.0,feeder2_46,0.05194243839569708,0.13634507084932715,0.05187801797220034,0.13655804501877797
1200,20.0,feeder2_51,0.05659778521676309,0.16714988157819816,0.05652543884761605,0.1673844961969772
1200,20.0,feeder2_48,0.05078248016972364,0.16045687343776402,0.050711641683945145,0.16067415128173326
1200,20.0,feeder2_52,0.05925520053708119,0.16935891990425736,0.05917887508193326,0.16959705019033328
1200,20.0,feeder2_68,0.06222302237832804,0.19446871905599766,0.06214075289479083,0.19473864964847307
1200,20.0,feeder2_69,0.06103377290941054,0.19241030671479392,0.0609507431903806,0.1926810919090137
1200,20.0,feeder2_71,0.06299567729699075,0.1981928354354448,0.06291055230348568,0.19846707866981325
1200,20.0,feeder2_72,0.06194683178177878,0.19857667451216657,0.06186018859263121,0.19885111758695273
1200,20.0,feeder2_73,0.06541020958090923,0.2098543001275655,0.06532530847701935,0.21014222966858018
1200,20.0,feeder2_74,0.08584829150272935,0.22600936995588908,0.0857666581077341,0.2263138761426605
1200,20.0,feeder2_77,0.06687064307902064,0.21717259441272233,0.06678464880546467,0.2174660681360073
1200,20.0,feeder2_79,0.06563692565602319,0.2147397340605678,0.0655517719577051,0.21503713374663522
1200,20.0,feeder2_81,0.06939251637686347,0.229640593379529,0.06929882949109624,0.22995416337159763
1200,20.0,feeder2_82,0.0610872312209295,0.23850406365031832,0.060999385440741,0.23877972521249305
1200,20.0,feeder2_116,0.08058154146383288,0.2817820758127722,0.08047609803019032,0.28219275232193247
1200,20.0,feeder2_119,0.09126919625456428,0.2894982864511214,0.09115994366696367,0.2899252685361636
1200,20.0,feeder2_120,0.08353776631569414,0.29668908525522836,0.0834257850331187,0.2971311071970823
1200,20.0,feeder2_248,0.08540350753510378,0.29821495946377946,0.08529161072089096,0.2986602364763945
1200,20.0,feeder2_124,0.08522827824300905,0.30521872194480093,0.08511321468987598,0.3056804131538649
1200,20.0,feeder2_282,0.0843186412816721,0.305552745976561,0.08420556477528625,0.30600714071671825
1200,20.0,feeder2_275,0.08937315240212682,0.30602118929922767,0.08925541017657965,0.3064925910048857
1200,20.0,feeder2_151,0.08740769688796354,0.31921743583126594,0.08728605367101382,0.3197128145622174
1200,20.0,feeder2_295,0.08649774721112703,0.31770756390338384,0.08637283982671153,0.3182067192902714
1200,20.0,feeder2_311,0.08674143838182335,0.31806123406064757,0.0866207805102727,0.31855586614735365
1200,20.0,feeder2_201,0.09181050848286387,0.3461205242767451,0.09167591054627836,0.3466658041247401
1200,20.0,feeder2_314,0.0904476248838711,0.34742052324919176,0.09031954862185217,0.3479566815472559
1200,20.0,feeder2_342,0.09856171791226472,0.38192545202451517,0.09841627599136027,0.3825351133257842
1200,20.0,feeder2_368,0.10212176750873478,0.39067649480931216,0.10197631578604495,0.3912987587755411
1200,20.0,feeder2_347,0.09768647213428412,0.383616472446647,0.09753052040324835,0.38424239677940897
1200,20.0,feeder2_353,0.09728632384795419,0.3844858206525354,0.09712715052825195,0.3851171865087028
1200,20.0,feeder2_518,0.09686860899565303,0.38418381249202155,0.09670901950930101,0.3848053327394324
1200,20.0,feeder2_365,0.09672823882741226,0.3847264575335452,0.09656181756202323,0.38536508264960434
1200,20.0,feeder2_653,0.09923501971474712,0.3860046881783946,0.0990772257736605,0.38663564127723893
1200,20.0,feeder2_377,0.09721457951773026,0.3887591919745957,0.09704329784058018,0.3894029945669942
1200,20.0,feeder2_622,0.08882634816869098,0.36964833440539013,0.08866319584625183,0.3702951901366034
1200,20.0,feeder2_451,0.10186166396112462,0.3906385596793547,0.10171387534914443,0.3912620801115744
1200,20.0,feeder2_383,0.10795249490613962,0.4052794818418464,0.10780587794739628,0.40591748387871646
1200,20.0,feeder2_385,0.09793043606810267,0.39404564239805906,0.09776331861071161,0.39467857153857716
1200,20.0,feeder2_621,0.09605661375269875,0.3870910325168331,0.09588893532354668,0.3877288392934509
1200,20.0,feeder2_611,0.1104731832529245,0.4066510980306361,0.11032794600885477,0.40729656878363646
1200,20.0,feeder2_405,0.10828065744712086,0.4061238992045587,0.1081377917422852,0.4067672445789953
1200,20.0,feeder2_461,0.10092560952635733,0.4148482488821289,0.10074271418688405,0.41547853875070095
1200,20.0,feeder2_594,0.099119053879793,0.39494232767231763,0.09895059521050807,0.39558021088875
1200,20.0,feeder2_732,0.13503453404490265,0.4289127392414063,0.13489267879688632,0.42957069343360155
1200,20.0,feeder2_417,0.10921776059506373,0.4073263998961298,0.10907123983758052,0.40797225646775115
1200,20.0,feeder2_663,0.10853624375070353,0.4040903920163706,0.10839564272120115,0.4047341176431676
1200,20.0,feeder2_444,0.11008084586579694,0.40923372628770854,0.10993337833536691,0.40988373963534985
1200,20.0,feeder2_759,0.109357288663242,0.40926813759158437,0.10921148376618069,0.4099108410995868
1200,20.0,feeder2_842,0.10795117988315897,0.40463804421962307,0.10780867642040497,0.4052850540881885
1200,20.0,feeder2_459,0.1104420130632187,0.410173412663463,0.11029596117206654,0.41082054098324644
1200,20.0,feeder2_702,0.10948120252567385,0.4104496696106323,0.10933671218026737,0.4110909563319382
1200,20.0,feeder2_493,0.11185190053441622,0.4137159146329206,0.11171146268988295,0.4143622980217726
1200,20.0,feeder2_651,0.09866107274194996,0.40922023797522294,0.09847953878410423,0.4098497031774881
1200,20.0,feeder2_684,0.10502013100034722,0.43936588960106815,0.10482749529983688,0.43999568968687996
1200,20.0,feeder2_674,0.11529356992833026,0.41660830326950005,0.11514855592911909,0.417262534411392
1200,20.0,feeder2_696,0.11188750728204852,0.41057429715966537,0.11174486011284665,0.41122040312601904
1200,20.0,feeder2_681,0.1167199427578601,0.41780931298343127,0.11657810387337982,0.41846307296086155
1200,20.0,feeder2_682,0.12737126663992857,0.42684681799027696,0.12722645687826528,0.42751076515285047
1200,20.0,feeder2_728,0.10488321273719198,0.4405865681396286,0.10469468590346227,0.44121404998190666
1200,20.0,feeder2_724,0.10974350760414651,0.4624551982657943,0.1095455382540221,0.46307829503683784
1200,20.0,feeder2_703,0.11286452051302287,0.40809220710707905,0.11272435547404538,0.4087344475909036
1200,20.0,feeder2_704,0.11208561165941373,0.41011158086953864,0.111943172759576,0.41075804463611265
1200,20.0,feeder2_754,0.10871716024744356,0.464130712772435,0.10852234693255755,0.4647477600985783
1200,20.0,feeder2_747,0.11177280282491794,0.4712408027357909,0.11157280223945197,0.4718614716103419
1200,20.0,feeder2_828,0.10563183940891668,0.4411327938399055,0.10544566621997994,0.4417565919075472
1200,20.0,feeder2_763,0.10443172541600232,0.4415008867744094,0.10423789214292442,0.44212724487367333
1200,20.0,feeder2_836,0.10685415506756887,0.4649418203634669,0.10664803826526469,0.4655675901441914
1200,20.0,feeder2_758,0.11414277245433962,0.4816715722759211,0.11393833433499063,0.4822945000166971
1200,20.0,feeder2_788,0.11417287124930971,0.483055051080147,0.1139720227751285,0.48366874020176
1200,20.0,feeder2_812,0.12116765607687485,0.5126850901174347,0.12095269094087213,0.5133104032087127
1200,20.0,feeder2_947,0.10393659576361637,0.4436974074489652,0.10374233986750343,0.4443159771566392
1200,20.0,feeder2_868,0.10393670548794309,0.4421047142399082,0.10374613677586425,0.4427311472967312
1200,20.0,feeder2_785,0.1041687551354689,0.44127472272774804,0.10398119022670062,0.44189953503170354
1200,20.0,feeder2_1176,0.10051488816591177,0.43672141451397434,0.10032030328019059,0.4373509368906687
1200,20.0,feeder2_846,0.10486304100856574,0.44112514233377526,0.10466828135727785,0.4417539004866255
1200,20.0,feeder2_911,0.10387004382840044,0.442918415581383,0.10367934299349013,0.44354587933423767
1200,20.0,feeder2_1107,0.12336402788162616,0.5240877243433921,0.12314812941878653,0.5247332757019554
1200,20.0,feeder2_920,0.12257296074776795,0.5183310073760825,0.12236096080927486,0.5189492385187721
1200,20.0,feeder2_926,0.1245248320071954,0.5267451923851384,0.12430924765373327,0.5273556857302504
1200,20.0,feeder2_1239,0.1227909110372277,0.5184921184136673,0.1225762687851231,0.5191153063350697
1200,20.0,feeder2_933,0.12535969318643903,0.5300945709291005,0.12513856803841028,0.5307009748981408
1200,20.0,feeder2_1146,0.12473556697211385,0.5287623599954135,0.12451160664824576,0.5293742379451526
1200,20.0,feeder2_1124,0.12469703894472234,0.5293914785016232,0.12447665380952128,0.5300004394267384
1200,20.0,feeder2_942,0.1276401961862691,0.5393278013554728,0.12741438641090297,0.5399292842707316
1200,20.0,feeder2_952,0.13015448220270023,0.5518354116043116,0.12991929469980804,0.5524169335277515
1200,20.0,feeder2_965,0.12776254967702264,0.5395230981687615,0.12754017334603587,0.5401228208900216
1200,20.0,feeder2_961,0.13041042303496933,0.5530294885134605,0.13018316307368805,0.5536042313603124
1200,20.0,feeder2_963,0.1301592743621594,0.5518756006850202,0.12993163471915778,0.5524547653583409
1200,20.0,feeder2_973,0.13132488394808345,0.5565109759626583,0.13108710363258932,0.5570718578164103
1200,20.0,feeder2_1128,0.13125921184303546,0.5583469662901245,0.13103132993449465,0.5589420092310459
1200,20.0,feeder2_1113,0.12996156433537598,0.552887938500661,0.1297312843373879,0.553465447037204
1200,20.0,feeder2_1143,0.13017916009649147,0.5519289483760625,0.12995452634737029,0.5525051513836954
1200,20.0,feeder2_1238,0.12798403642556305,0.5410279824249916,0.12776260541075277,0.5416213904310929
1200,20.0,feeder2_979,0.12789454366724812,0.5396765200395719,0.12766785458566288,0.5402833455135236
1200,20.0,feeder2_1236,0.133171512692927,0.5640098134622104,0.13293248303087532,0.5645336162237313
1200,20.0,feeder2_989,0.1313216511420844,0.5564953967581586,0.13108786605222716,0.5570488116459895
1200,20.0,feeder2_1196,0.13114574907485674,0.5400309800325522,0.13092436111125877,0.5406377698461914
1200,20.0,feeder2_1158,0.12965977068800155,0.554571677539115,0.1294278256291664,0.5551247419249473
1200,20.0,feeder2_1122,0.1259344648477834,0.5367077115864276,0.12571931043821094,0.5373575686128376
1200,20.0,feeder2_1258,0.11515578995430187,0.5140906952767302,0.11494042639710028,0.5147372464340034
1200,20.0,feeder2_1303,0.12674184610203468,0.543880155873381,0.126533772743049,0.5445023819355727
1200,20.0,feeder2_1138,0.12739307106447575,0.5446867248790714,0.12717657330086787,0.5453503090714179
1200,20.0,feeder2_1304,0.13468891094120977,0.548351960583788,0.13447460007929682,0.5490296225346039
1200,20.0,feeder2_1212,0.12964230477440225,0.5582559979281907,0.12942638448021,0.5589335072058063
1200,20.0,feeder2_1311,0.12840055535897316,0.5612410727225001,0.128186197982668,0.5619135367228397
1200,20.0,feeder2_1290,0.1322922015663413,0.573035564961491,0.13207607776095642,0.5737352723375448
1200,20.0,feeder2_1325,0.13655424904542426,0.5778101861963509,0.1363133904564971,0.5782899552993701
1200,20.0,feeder2_1248,0.13316437954835814,0.5639988856469386,0.13292518196909306,0.564522985764829
1200,20.0,feeder2_1249,0.1280118261171933,0.5411893832856685,0.12778706320977845,0.5417834786640173
1200,20.0,feeder2_1250,0.12810025395240404,0.5417000820323931,0.12788102359090403,0.5422916725441094
1200,20.0,feeder2_1366,0.13184011411648144,0.5621000664215884,0.13160528346344774,0.5626152114013493
1200,20.0,feeder2_1266,0.10847259324285789,0.5057088638698601,0.10825881969369028,0.506355848438524
1200,20.0,feeder2_1372,0.13242560703142536,0.5732303104212939,0.13221360506922017,0.5739306687486464
1200,20.0,feeder2_1363,0.13502869020868527,0.5890467694797156,0.13481212708603882,0.5897770203583937
1200,20.0,feeder2_1446,0.13983945473666612,0.5860171963034447,0.13960106740598469,0.5864751021650704
1200,20.0,feeder2_1502,0.13812718083280945,0.584768027421029,0.13788241923544736,0.5852297842048031
1200,20.0,feeder2_1428,0.13643680863793722,0.5899640668832703,0.13622331144613484,0.5906933267947926
1200,20.0,feeder2_1380,0.13810699752464942,0.6072320313847384,0.1378931703308858,0.6079849800817635
1200,20.0,feeder2_1550,0.1378008392867845,0.6083769876543748,0.13758897378265786,0.6091240914453202
1200,20.0,feeder2_1386,0.1395162386408943,0.6158070107741925,0.13929993496385856,0.6165763531291459
1200,20.0,feeder2_1551,0.14123712007392247,0.6154207454698299,0.1410159804144784,0.6161938833209659
1200,20.0,feeder2_1400,0.14009633447335307,0.6199687621088906,0.139882846137889,0.6207407675984293
1200,20.0,feeder2_1552,0.14268853565169393,0.6216949226501519,0.14247589127074958,0.622471915788722
1200,20.0,feeder2_1408,0.14111263901275464,0.6276483770932364,0.1408970396979614,0.6284323262404928
1200,20.0,feeder2_1553,0.1589097569794375,0.6412425389014628,0.15869071860403833,0.6420560022590796
1200,20.0,feeder2_1416,0.14109765773664856,0.6283795067657514,0.14087802914991504,0.6291682960622001
1200,20.0,feeder2_1530,0.13972466028822136,0.630003105089992,0.13950522434950743,0.630789483743026
1200,20.0,feeder2_1425,0.14115249863664767,0.6289524315255159,0.14093046991095962,0.6297424837080391
1200,20.0,feeder2_1589,0.14122429036436118,0.6290065092172632,0.14100328089942385,0.6297963124634282
1200,20.0,feeder2_1435,0.14116259473202616,0.629062153624224,0.14094207381154517,0.6298547929356304
1200,20.0,feeder2_1621,0.1410523394602822,0.6289320843678564,0.14083820418459425,0.6297154471624617
1200,20.0,feeder2_1564,0.1413140180362877,0.6305019540762338,0.1411001354081225,0.6312877970757367
1200,20.0,feeder2_1704,0.13566412004723313,0.5821297508151321,0.13542246681921263,0.5825879988897392
1200,20.0,feeder2_1525,0.13875052771313984,0.587583926428372,0.1384977412456948,0.5880457796275446
1200,20.0,feeder2_1716,0.1353933778347743,0.5840092338686148,0.1351463758110434,0.5844665784602102
1200,20.0,feeder2_1537,0.13956684985666346,0.5913077327386623,0.13931967375290408,0.5917572448443386
1200,20.0,feeder2_1645,0.13959147998751814,0.5913226901381177,0.13934177278930115,0.591774834250333
1200,20.0,feeder2_1561,0.14050200554104392,0.5955412427542579,0.14024927187009456,0.5959913196060944
1200,20.0,feeder2_1657,0.1402679778757883,0.5971951060093955,0.14001574270000072,0.5976418896304794
1200,20.0,feeder2_1570,0.1408730779328622,0.596994241807642,0.1406197861881208,0.5974436943672762
1200,20.0,feeder2_1756,0.1408958008494487,0.6042060773917297,0.14065033121857176,0.6046394438348842
1200,20.0,feeder2_1588,0.14116578620477072,0.597924626234412,0.14090740317161918,0.5983744402224488
1200,20.0,feeder2_1628,0.14087069432599358,0.5991752876137008,0.14061843038104505,0.5996165891859214
1200,20.0,feeder2_1598,0.1415133786650844,0.5987560689192963,0.14125487182638097,0.5992032660329276
1200,20.0,feeder2_1816,0.13990696734106134,0.5967784840330406,0.13964939158991185,0.597212293883952
1200,20.0,feeder2_1765,0.1395038534592531,0.5966255194025385,0.13925440768952144,0.5970665188989193
1200,20.0,feeder2_1641,0.14364744405071295,0.6045584630722742,0.14338401147954036,0.6050053097987249
1200,20.0,feeder2_1689,0.1438120154834452,0.6015857411561693,0.1435464098261031,0.6020532938918179
1200,20.0,feeder2_1744,0.1451695585391289,0.6100824619726025,0.14491207331389655,0.6105160781949092
1200,20.0,feeder2_1817,0.14381527360145613,0.6016334214970264,0.1435480611556982,0.602102920784107
1200,20.0,feeder2_1779,0.14215220088443425,0.5998228382022496,0.141887791864989,0.6002895323578229
1200,20.0,feeder2_1800,0.15175766912541624,0.6010285127218877,0.15149093783357495,0.6015211652189539
1200,20.0,feeder2_1818,0.13942091909082807,0.59847526975333,0.13910342351182173,0.5989588218621822
1200,20.0,feeder2_1753,0.15329608838673836,0.6251038158354991,0.15305796379193404,0.6254923040170983
1200,20.0,feeder2_1754,0.1448618689771613,0.6107009352189271,0.14460400941977153,0.6111340206853615
1230,20.5,secondary,0.028738593624903545,0.02940260742324227,0.028726644077591526,0.02941555088012293
1230,20.5,feeder2_44,0.053793814920220825,0.15424520717577986,0.05377118750901058,0.15431719820875428
1230,20.5,feeder2_45,0.05489607075333862,0.159519757318776,0.05487017869977574,0.1595950489075048
1230,20.5,feeder2_46,0.04711518681955538,0.1505414965593737,0.04709215229535335,0.15061027971326288
1230,20.5,feeder2_51,0.0567520494821614,0.16840990169337966,0.05672673452180485,0.16849097911597236
1230,20.5,feeder2_48,0.05586349571810634,0.16160661986531258,0.0558382149520902,0.16168062452057969
1230,20.5,feeder2_52,0.0791209311247901,0.16436799006684122,0.07909549391112909,0.1644582737652703
1230,20.5,feeder2_68,0.061664763971027554,0.19481492768885098,0.06163655237255315,0.19490436948965636
1230,20.5,feeder2_69,0.060345891442002156,0.1936919652813354,0.06031615247881156,0.19377773306080168
1230,20.5,feeder2_71,0.06234551330267965,0.19838201448958365,0.06231356692677505,0.19847330166873053
1230,20.5,feeder2_72,0.0631763089939331,0.20014088461726334,0.06314798985024694,0.2002295287979653
1230,20.5,feeder2_73,0.0644563257555825,0.20935237116142483,0.06443192963222441,0.2094451205801906
1230,20.5,feeder2_74,0.07230294458936606,0.20536236846631337,0.0722779992338412,0.20545593268822693
1230,20.5,feeder2_77,0.0662167838396181,0.21926013522842433,0.06618320248255151,0.21935803391007627
1230,20.5,feeder2_79,0.0638492805772654,0.21723327227310277,0.06382178751340167,0.2173295783550349
1230,20.5,feeder2_81,0.06923285406817839,0.2358191464178741,0.06920053589640085,0.23591882432323547
1230,20.5,feeder2_82,0.07107006003813011,0.24015338944068965,0.07103845603692317,0.24024990056163387
1230,20.5,feeder2_116,0.0826325299888359,0.30622836852498475,0.08260011902627754,0.30634243018662977
1230,20.5,feeder2_119,0.08265624727997513,0.3062132521030092,0.08262367157680077,0.3063288274323154
1230,20.5,feeder2_120,0.0878158270440741,0.332498660192871,0.0877789207896249,0.3326215451346476
1230,20.5,feeder2_248,0.08842071720454046,0.3321035447799908,0.08838350596343497,0.3322281905642345
1230,20.5,feeder2_124,0.09108899192755156,0.34879678241694995,0.09104722852940084,0.3489236280982556
1230,20.5,feeder2_282,0.09290993860662441,0.35166389140285154,0.09287232679268763,0.35179041817920115
1230,20.5,feeder2_275,0.09116427644595101,0.3487558872355046,0.09111959628033027,0.34888441779769414
1230,20.5,feeder2_151,0.09653836283203585,0.37555274220218904,0.09649595254800684,0.37568452202054425
1230,20.5,feeder2_295,0.09466906759089308,0.3741815674536455,0.0946274962210896,0.37431315718837893
1230,20.5,feeder2_311,0.09613020300179873,0.37520052329148657,0.09608912208317105,0.375334994068493
1230,20.5,feeder2_201,0.10632184310795502,0.422986570176305,0.10627915046851019,0.42313065167927855
1230,20.5,feeder2_314,0.10638921551828641,0.4230749521766102,0.10634334170352822,0.4232187266866202
1230,20.5,feeder2_342,0.12044622621933904,0.4904544716976375,0.12039351588534618,0.49061687470833254
1230,20.5,feeder2_368,0.12256812097759838,0.49310491785155797,0.12251608904707383,0.4932659716685689
1230,20.5,feeder2_347,0.12475093994456424,0.5187931532850698,0.12470014000902344,0.5189585438995252
1230,20.5,feeder2_353,0.1267046794614562,0.5318712675974298,0.12664874054691225,0.532042263650778
1230,20.5,feeder2_518,0.12635556786836735,0.5209263059036807,0.12630244636058116,0.5210953257514304
1230,20.5,feeder2_365,0.12897394218143599,0.5465903124281787,0.12892337547791752,0.5467624497743204
1230,20.5,feeder2_653,0.1269451234614273,0.5314144552780735,0.12689235173035454,0.5315875099138434
1230,20.5,feeder2_377,0.13036647278334657,0.5549288894592269,0.13031474234009785,0.5551044294313376
1230,20.5,feeder2_622,0.1260264545918555,0.545606496269656,0.12597110972443248,0.5457793360100365
1230,20.5,feeder2_451,0.12372427460135785,0.4944076888972102,0.12367767719055592,0.49457106262665274
1230,20.5,feeder2_383,0.12570357546880698,0.4964239601348056,0.1256549306945485,0.4965899282118491
1230,20.5,feeder2_385,0.1320756421320967,0.5650623207709345,0.13202284618993895,0.5652371726425399
1230,20.5,feeder2_621,0.128462217305273,0.5535543848567825,0.12840576876861626,0.5537287947234123
1230,20.5,feeder2_611,0.12736463916615673,0.4946222916896907,0.1273173742594125,0.49478618788242706
1230,20.5,feeder2_405,0.1258875245424089,0.4967179889279391,0.12583525898234654,0.4968838468284529
1230,20.5,feeder2_461,0.13933002221874993,0.6067623924658746,0.13927087070483593,0.6069495730432652
1230,20.5,feeder2_594,0.13220421461402962,0.5647018994521767,0.1321521362187371,0.5648781763153875
1230,20.5,feeder2_732,0.13227803228113527,0.4899718456343288,0.1322245193755677,0.4901394107438762
1230,20.5,feeder2_417,0.1270212927342237,0.5003055041055843,0.12696885462101692,0.5004708381088329
1230,20.5,feeder2_663,0.12449635653274903,0.49831274923033225,0.12444147097056693,0.4984802089131545
1230,20.5,feeder2_444,0.12806896403799747,0.5036982570379258,0.12801650032511427,0.5038640999297238
1230,20.5,feeder2_759,0.14390028940550187,0.5263959646073629,0.1438521760871993,0.5265591040473314
1230,20.5,feeder2_842,0.12502608978152738,0.5016281854460706,0.12497528568614674,0.5017897619223682
1230,20.5,feeder2_459,0.12812903928062652,0.5036087773323824,0.1280792411337993,0.503774520966046
1230,20.5,feeder2_702,0.129557595877735,0.5055627497394629,0.12950606990798608,0.5057275994307756
1230,20.5,feeder2_493,0.12816101990984166,0.5025298764122843,0.12811139632861313,0.5026946372165874
1230,20.5,feeder2_651,0.1368868786698304,0.6052856016512805,0.13682906375631063,0.6054703882263691
1230,20.5,feeder2_684,0.145772784208053,0.6427187586079578,0.14570851942108773,0.6429144466088207
1230,20.5,feeder2_674,0.12892416844818624,0.5017032103800638,0.1288723090708853,0.5018698552922
1230,20.5,feeder2_696,0.12812621584330047,0.5023971637965353,0.1280781702790889,0.5025642189562739
1230,20.5,feeder2_681,0.1292251620400931,0.5013889942464661,0.12917478289338272,0.5015571910973514
1230,20.5,feeder2_682,0.1318124736285852,0.4988128087170616,0.13176263879205352,0.49898264969899486
1230,20.5,feeder2_728,0.1456742670552304,0.6432002162219872,0.145615980409991,0.6433936191287782
1230,20.5,feeder2_724,0.1526597674666133,0.6785122135102406,0.15259318035206368,0.678714593429926
1230,20.5,feeder2_703,0.12796273053055388,0.502260507323343,0.12791450586122918,0.5024261895125319
1230,20.5,feeder2_704,0.12811427158745914,0.5023872442018151,0.12806638943743956,0.5025545100152924
1230,20.5,feeder2_754,0.1535444250691122,0.6795290747654981,0.15347924596498008,0.6797332919696731
1230,20.5,feeder2_747,0.15537927512682204,0.692622785157141,0.15531643442311857,0.6928314962290554
1230,20.5,feeder2_828,0.14578389966808633,0.6428253672739244,0.1457217994510192,0.643022235144007
1230,20.5,feeder2_763,0.1456252580514129,0.6443580207454849,0.14556251697332778,0.6445514139989729
1230,20.5,feeder2_836,0.14026162083443539,0.6824383040501049,0.1401954929807068,0.6826406068919635
1230,20.5,feeder2_758,0.15867421657710423,0.7099982948496764,0.15860770550901643,0.710213709389223
1230,20.5,feeder2_788,0.16111315436881413,0.7129218838314769,0.16104699818708462,0.7131368008890681
1230,20.5,feeder2_812,0.1680382744015983,0.7601742174400817,0.16797292084411516,0.7604051688224617
1230,20.5,feeder2_947,0.1495428417843378,0.6491977380783585,0.14948215769818649,0.6493908707953813
1230,20.5,feeder2_868,0.14569195861358558,0.6444354764940319,0.14563166006849593,0.6446261052944404
1230,20.5,feeder2_785,0.145308018249657,0.6440049296886731,0.14524624270141231,0.6441976590819499
1230,20.5,feeder2_1176,0.13945589595222474,0.6426554675448173,0.13939329789186797,0.6428450860026741
1230,20.5,feeder2_846,0.14530720503304737,0.6439796469900473,0.14524952683395098,0.644168936685241
1230,20.5,feeder2_911,0.14533768165416763,0.6441090118682808,0.14527978211958614,0.6443004927011963
1230,20.5,feeder2_1107,0.17135976614858872,0.7810680737246685,0.1712877793889584,0.781312689574847
1230,20.5,feeder2_920,0.16975603301991213,0.7685945173215821,0.16968895169028406,0.7688291582120848
1230,20.5,feeder2_926,0.17238279611292928,0.7812894484206977,0.17231411159506863,0.7815292458971205
1230,20.5,feeder2_1239,0.1696845032340389,0.7684345890505008,0.169616887011778,0.7686698564609415
1230,20.5,feeder2_933,0.17283934174635307,0.7835787922181106,0.17277048903219064,0.7838210984427539
1230,20.5,feeder2_1146,0.17572308470232462,0.7970153959344768,0.17565147169261747,0.797254335834122
1230,20.5,feeder2_1124,0.172207290476449,0.7829019363305656,0.17213336606907648,0.7831461481596356
1230,20.5,feeder2_942,0.17405611015226824,0.7900527383143224,0.1739826288945803,0.7902999509972185
1230,20.5,feeder2_952,0.17530426101437857,0.7969415303291703,0.1752285848651957,0.7971957295681146
1230,20.5,feeder2_965,0.17412869455793556,0.7904008673669012,0.1740574431009617,0.7906476466336316
1230,20.5,feeder2_961,0.17515127972507671,0.7963299370827999,0.17507704136018346,0.7965855542744738
1230,20.5,feeder2_963,0.17536621714029824,0.7972326155076542,0.17529213163142024,0.7974876109163703
1230,20.5,feeder2_973,0.1745328558371823,0.794313552548679,0.17445650995198742,0.7945709228307045
1230,20.5,feeder2_1128,0.17482653965352038,0.7942112957178215,0.1747520220939266,0.7944665349587984
1230,20.5,feeder2_1113,0.18078929084038006,0.8041172670652414,0.18071500046539044,0.8043713684082762
1230,20.5,feeder2_1143,0.17539614548169838,0.7973656516830485,0.1753239179260652,0.797616282323321
1230,20.5,feeder2_1238,0.17959922693802433,0.7996567400720658,0.17952712092477824,0.7999047140776144
1230,20.5,feeder2_979,0.17407678916644734,0.7900928297582146,0.17400352315137851,0.7903411372896564
1230,20.5,feeder2_1236,0.17382590869815429,0.7925197716096603,0.17374790994374112,0.7927816682068741
1230,20.5,feeder2_989,0.17453105420023637,0.7943026537056478,0.17445935297313836,0.7945589352107599
1230,20.5,feeder2_1196,0.17477436233196605,0.7885698402356975,0.17469935411947693,0.7888208675224865
1230,20.5,feeder2_1158,0.1728458783721833,0.7930888705554296,0.1727705104247627,0.7933474690694047
1230,20.5,feeder2_1122,0.1729006865124989,0.790307797378474,0.17283111920712887,0.7905531185870112
1230,20.5,feeder2_1258,0.16953341339249517,0.780020014201187,0.16946812323027666,0.7802587468472647
1230,20.5,feeder2_1303,0.17379893146325717,0.7913577046980678,0.17373142101229075,0.7915992425124833
1230,20.5,feeder2_1138,0.17404095589122337,0.7972898137670341,0.17396993248479745,0.7975376450906025
1230,20.5,feeder2_1304,0.17404302431225394,0.7972783922673264,0.1739698402542466,0.7975285019913433
1230,20.5,feeder2_1212,0.1764759664770153,0.8122351320557645,0.17640439989997944,0.8124893924184241
1230,20.5,feeder2_1311,0.1766834730679045,0.8146378742962168,0.17661027175208302,0.8148946110179449
1230,20.5,feeder2_1290,0.17923790130181322,0.8288724184303576,0.1791705115725759,0.8291308402763138
1230,20.5,feeder2_1325,0.17324420557632642,0.790790572168634,0.17316286725514768,0.7910598044490735
1230,20.5,feeder2_1248,0.17381656483353866,0.7925172832676088,0.17373889568747666,0.7927793355844007
1230,20.5,feeder2_1249,0.1804884458789351,0.8010605820165548,0.18041559291656023,0.8013104138528374
1230,20.5,feeder2_1250,0.18141490550818581,0.8027712409549457,0.18134213075999422,0.8030219931128884
1230,20.5,feeder2_1366,0.1729045364509133,0.7916230211234501,0.17282533371876702,0.7918844602335462
1230,20.5,feeder2_1266,0.1690461033695073,0.7795924388242319,0.16897287690888962,0.7798358841696355
1230,20.5,feeder2_1372,0.18671674030353783,0.8380019667897434,0.18665036178504366,0.838259450869615
1230,20.5,feeder2_1363,0.17946079932790238,0.8346566442586226,0.17939122242689648,0.8349250970793202
1230,20.5,feeder2_1446,0.17513861635354958,0.7947545614878451,0.17505754002903778,0.7950252548387927
1230,20.5,feeder2_1502,0.171638539262924,0.7835323773027946,0.17155844378457336,0.7838073241505823
1230,20.5,feeder2_1428,0.1796797440146259,0.8343447123525702,0.17960608038196482,0.8346167152429849
1230,20.5,feeder2_1380,0.17993445215748322,0.8426746567149143,0.17986145743618828,0.8429532309306752
1230,20.5,feeder2_1550,0.18593826384013992,0.8527269411842252,0.1858681692974592,0.8530025203593052
1230,20.5,feeder2_1386,0.17921916145846767,0.8418529339228981,0.17914764464977628,0.8421370573239588
1230,20.5,feeder2_1551,0.17922994986712687,0.841841407248679,0.1791579435438726,0.8421266101077657
1230,20.5,feeder2_1400,0.17889131938520178,0.841525410895827,0.17882153492465674,0.8418128815589879
1230,20.5,feeder2_1552,0.17954985222156825,0.8408921185648026,0.1794739547802369,0.841182136636146
1230,20.5,feeder2_1408,0.17832081213632764,0.841160932671787,0.17824943937160778,0.8414527023567516
1230,20.5,feeder2_1553,0.18253076155973585,0.8387593542063962,0.1824617423733599,0.8390553579678531
1230,20.5,feeder2_1416,0.1783756090628115,0.8412150865621024,0.17830490513460598,0.8415024484536013
1230,20.5,feeder2_1530,0.17840390145514282,0.8427483863921735,0.17833343534453694,0.8430384319670206
1230,20.5,feeder2_1425,0.1783822244695624,0.8404806654916351,0.17830825594627225,0.8407691384144091
1230,20.5,feeder2_1589,0.1800784580197889,0.8387464696397953,0.1800085173546026,0.8390370282143554
1230,20.5,feeder2_1435,0.17836252090919485,0.8404907268213003,0.17829291478701184,0.8407795061146863
1230,20.5,feeder2_1621,0.1782461058471787,0.8403773182486495,0.17817413327311685,0.8406685737487646
1230,20.5,feeder2_1564,0.17814760317446116,0.8407474324098669,0.1780710422106718,0.8410402700985481
1230,20.5,feeder2_1704,0.16970689543627118,0.7818949921362306,0.16962743502402713,0.7821713291084439
1230,20.5,feeder2_1525,0.17131066275450849,0.7823337539632649,0.17122979595275403,0.7826119858968713
1230,20.5,feeder2_1716,0.1684668907532516,0.779846478298903,0.16838512622414417,0.7801248079244402
1230,20.5,feeder2_1537,0.17099340490397025,0.781412641833926,0.1709113115114116,0.7816933361295957
1230,20.5,feeder2_1645,0.1717858902633877,0.7804069510062466,0.17170207897827966,0.7806893409775504
1230,20.5,feeder2_1561,0.17059122635433413,0.7809124048881863,0.1705086738199673,0.7811956306896802
1230,20.5,feeder2_1657,0.17174349518776036,0.7827849153958147,0.17165875939171749,0.7830707491333355
1230,20.5,feeder2_1570,0.17032764345117907,0.7802365257309869,0.17024253428509292,0.7805236261414754
1230,20.5,feeder2_1756,0.17141687031289507,0.7846021951347673,0.17133231054178652,0.7848892846221814
1230,20.5,feeder2_1588,0.17003171933879943,0.7793072936620788,0.16994933039116836,0.7795939939448698
1230,20.5,feeder2_1628,0.17070247898115906,0.7800900113788528,0.17061526973759833,0.7803785423103734
1230,20.5,feeder2_1598,0.16961028833997563,0.7779139896158782,0.16952678786954845,0.7782022847441001
1230,20.5,feeder2_1816,0.16586659655718866,0.778573490858264,0.16577999329191556,0.7788599362223264
1230,20.5,feeder2_1765,0.16901027406245295,0.7773200248248245,0.16892308210458626,0.7776086200849592
1230,20.5,feeder2_1641,0.1678266793852196,0.7712903123515403,0.1677397360513291,0.7715875443950223
1230,20.5,feeder2_1689,0.1661254820666315,0.7648166487308009,0.1660355686498549,0.765120389381656
1230,20.5,feeder2_1744,0.168308878644445,0.7718299674697499,0.1682223260629411,0.7721233859348768
1230,20.5,feeder2_1817,0.16621810249386781,0.763527626001559,0.16612818730918977,0.7638301687917378
1230,20.5,feeder2_1779,0.16040897239443613,0.761997953627414,0.1603177136125651,0.762297271783161
1230,20.5,feeder2_1800,0.1659866801004425,0.7619653073683247,0.16589855249311147,0.7622707553713154
1230,20.5,feeder2_1818,0.1604486157632864,0.7634213182903175,0.16034092024829516,0.7637342376177919
1230,20.5,feeder2_1753,0.16968576413405434,0.7733727399457085,0.16959791121700252,0.7736692882088422
1230,20.5,feeder2_1754,0.16834335475679563,0.7718677960940011,0.1682603256167157,0.77216250449425
1260,21.0,secondary,0.008367061727563073,0.006233327413981058,0.00837947676329624,0.006244002143984648
1260,21.0,feeder2_44,0.015573859387685083,0.03251638188205411,0.015596127800235705,0.03257147722378651
1260,21.0,feeder2_45,0.015812898011133544,0.0331191034017985,0.015837682634947055,0.03318291579852332
1260,21.0,feeder2_46,0.015413137835320435,0.037450419470995956,0.015429502067527414,0.03750978575524333
1260,21.0,feeder2_51,0.016153226728771036,0.0344387700336977,0.01617841178423959,0.034500370981533954
1260,21.0,feeder2_48,0.018885866781083137,0.031159662966544877,0.018912889118826645,0.031235458686705124
1260,21.0,feeder2_52,0.014625998288918314,0.034718471052462806,0.014659202570530596,0.034753739524993575
1260,21.0,feeder2_68,0.017510676140913346,0.03853985827718479,0.01753695537740417,0.0386146862921369
1260,21.0,feeder2_69,0.01737045443196445,0.03999160908177127,0.0173948154644716,0.04007074783619919
1260,21.0,feeder2_71,0.017685375923614834,0.03901534686243172,0.01771283286681826,0.03908834543366437
1260,21.0,feeder2_72,0.019337718754583132,0.03808510779078285,0.019366849263550895,0.03817078703661106
1260,21.0,feeder2_73,0.018204962060944446,0.04060130427551234,0.018235580704504737,0.04068026611028181
1260,21.0,feeder2_74,0.01595357856389734,0.039103864362132784,0.015985647159291957,0.039173241101281835
1260,21.0,feeder2_77,0.018757468566693573,0.04227053465714307,0.01878672674394258,0.042362872313394015
1260,21.0,feeder2_79,0.01855397759152429,0.04623248716595944,0.018578900560563744,0.0463176347760132
1260,21.0,feeder2_81,0.019510091131251496,0.043454226008608876,0.01954201932326577,0.04354673281457378
1260,21.0,feeder2_82,0.04493006629812073,0.036497416790994226,0.044962117836519856,0.03669231766919137
1260,21.0,feeder2_116,0.019308296955600667,0.06558456195303773,0.01933679403636186,0.0656222125823971
1260,21.0,feeder2_119,0.019250491929168397,0.0655683353580438,0.01927773966699709,0.06560872040070768
1260,21.0,feeder2_120,0.019525659249579563,0.07475314808599029,0.019552129817077532,0.0747741814790656
1260,21.0,feeder2_248,0.016986508036295696,0.07569997152765273,0.017019110755262832,0.0757078101784876
1260,21.0,feeder2_124,0.0200523755208199,0.08028369896169892,0.020075338364874077,0.08030283141561928
1260,21.0,feeder2_282,0.022313357935796915,0.07786931299572249,0.022341523080830317,0.07789673478962225
1260,21.0,feeder2_275,0.018310919529346544,0.07999351832602843,0.018335114405755228,0.08000416161137856
1260,21.0,feeder2_151,0.0212502844746621,0.09164574579972035,0.021274610765330885,0.09165572909789674
1260,21.0,feeder2_295,0.021809100894351084,0.09343660529772999,0.021828222975368506,0.09344971201197902
1260,21.0,feeder2_311,0.02182216482226326,0.09307028394205993,0.021844391373349228,0.09308169056198107
1260,21.0,feeder2_201,0.022840753082849993,0.10610790397164221,0.022862656419690104,0.10610086767505278
1260,21.0,feeder2_314,0.023670506463216705,0.10526537444469997,0.023690556309861138,0.10525856537126495
1260,21.0,feeder2_342,0.025301530504907653,0.128596131361048,0.025313592879903257,0.128573646441196
1260,21.0,feeder2_368,0.025187294007267443,0.12841120531841604,0.025200099605826472,0.12838429508467414
1260,21.0,feeder2_347,0.026928584658402747,0.14002012093083746,0.02693666726617984,0.1399894869446173
1260,21.0,feeder2_353,0.0278178137582708,0.14629067268031185,0.027822064465471082,0.14625669584050757
1260,21.0,feeder2_518,0.027439075153510788,0.13883889560640927,0.02744710185195774,0.1388136560332335
1260,21.0,feeder2_365,0.028875193413109068,0.15327402503853504,0.02887680490343129,0.1532389451445384
1260,21.0,feeder2_653,0.02750055940780355,0.14627427247692876,0.027510253643290575,0.14623932392254024
1260,21.0,feeder2_377,0.029373014176046125,0.15663354887635145,0.02937457910818606,0.15659058469380174
1260,21.0,feeder2_622,0.03013915031292253,0.15490386585852797,0.030142743355963144,0.15486734788543544
1260,21.0,feeder2_451,0.025690706994050093,0.12718906771423016,0.02570526977064001,0.1271698773826282
1260,21.0,feeder2_383,0.025016365450005,0.1290451574827121,0.025032431088610863,0.12901042159414916
1260,21.0,feeder2_385,0.02981693068893188,0.15986418084415926,0.02981886791733774,0.15981911340991398
1260,21.0,feeder2_621,0.03071161411372472,0.1584329904341512,0.030711891611288025,0.15839185796722588
1260,21.0,feeder2_611,0.02297972397464505,0.12898232772097978,0.022993454497543715,0.12894524179175687
1260,21.0,feeder2_405,0.025033745590177292,0.12909945275733523,0.02504540922180689,0.12906929315703677
1260,21.0,feeder2_461,0.03253795051685555,0.17183019012538295,0.03253791580801099,0.17178067211280473
1260,21.0,feeder2_594,0.02743943910071108,0.16076142532039306,0.0274447680380718,0.16071029885170315
1260,21.0,feeder2_732,0.023363846825666185,0.1312515950699564,0.02338293231651305,0.13121361582371843
1260,21.0,feeder2_417,0.025307698755936196,0.12907682890630376,0.02531714013616841,0.12904930849728297
1260,21.0,feeder2_663,0.026538344576689046,0.13095521481064568,0.026551226062214998,0.1309266805727891
1260,21.0,feeder2_444,0.02537278651499475,0.12846295260526905,0.025384912781025865,0.12843243790863831
1260,21.0,feeder2_759,0.028583523743450443,0.12415730845757658,0.028601753078918254,0.1241313220432255
1260,21.0,feeder2_842,0.02542694849055503,0.12855058367407443,0.025442163104375658,0.12851776781024943
1260,21.0,feeder2_459,0.025358616824152507,0.12851180171250007,0.02537385170582295,0.1284805650613971
1260,21.0,feeder2_702,0.026334695937113555,0.12663258021934864,0.02635487172636461,0.12660458695160776
1260,21.0,feeder2_493,0.025283070290240267,0.12940250717728918,0.025291981790191948,0.12936974401452633
1260,21.0,feeder2_651,0.033778943998068044,0.17335682898945035,0.0337725062763484,0.17331457122704683
1260,21.0,feeder2_684,0.034417966568677114,0.17975434440105847,0.03441196344016493,0.1796998538746431
1260,21.0,feeder2_674,0.024445283933973133,0.12935055462179115,0.024458644103926938,0.1293124004869351
1260,21.0,feeder2_696,0.026034095720479104,0.13256646801992358,0.026044122243755012,0.13253837360890974
1260,21.0,feeder2_681,0.02332076322070139,0.12930464437341238,0.023335917726259228,0.12926286641312276
1260,21.0,feeder2_682,0.022683052231694315,0.1292391699038002,0.022697751226628295,0.12919275520565632
1260,21.0,feeder2_728,0.034282358088022005,0.1795884639653614,0.03427205301742065,0.17953307406970473
1260,21.0,feeder2_724,0.036669997882923515,0.18826620955606246,0.03666166364485246,0.18821041861166968
1260,21.0,feeder2_703,0.02835806928794771,0.13613373699885553,0.028363355650560043,0.13611114362844615
1260,21.0,feeder2_704,0.026161591318512086,0.1327620870675378,0.02617410941751899,0.13273087853336746
1260,21.0,feeder2_754,0.03687551713658741,0.18696382949509083,0.03686632995548799,0.18691694326585007
1260,21.0,feeder2_747,0.03767654771053913,0.192404351943202,0.03766221270432915,0.19235021152155612
1260,21.0,feeder2_828,0.03332908159059811,0.1796417423003792,0.03332278081497265,0.17958444058179254
1260,21.0,feeder2_763,0.034428997453145316,0.17940467077093267,0.034426226800970926,0.17935016547539628
1260,21.0,feeder2_836,0.05033092231326414,0.20611760183657676,0.050300760604863,0.2060837598277957
1260,21.0,feeder2_758,0.037132657907786255,0.18966168237198888,0.03712211064404865,0.1895956882811457
1260,21.0,feeder2_788,0.03975581589355661,0.18511601688220963,0.03975285105703646,0.1850526431899319
1260,21.0,feeder2_812,0.03549009711833832,0.18727031384617943,0.03547425582977423,0.18717038931106933
1260,21.0,feeder2_947,0.03503763315868849,0.17674130244580274,0.035040511372547045,0.17669283856004203
1260,21.0,feeder2_868,0.035008681288495845,0.17822818344760782,0.03501070899833159,0.17817286499510393
1260,21.0,feeder2_785,0.034507173805082135,0.18064572377031507,0.03450346053952086,0.18058967716131233
1260,21.0,feeder2_1176,0.038954026485178615,0.18575064408922495,0.03894118365295231,0.18570225193022605
1260,21.0,feeder2_846,0.0330627777347746,0.18112541644565677,0.03306001858410331,0.1810671161828844
1260,21.0,feeder2_911,0.034500421972655966,0.18056644748757736,0.03449535490341003,0.18051149868147717
1260,21.0,feeder2_1107,0.0338507307546084,0.1878602113950248,0.03382558432672907,0.18769728274190192
1260,21.0,feeder2_920,0.035548608867612366,0.18681761862847746,0.035534311475598906,0.18672389302266285
1260,21.0,feeder2_926,0.03572664511546792,0.18633147469775344,0.03570926738564431,0.1862571772762222
1260,21.0,feeder2_1239,0.03544234331664607,0.18673368109606692,0.035420545137356964,0.18664207999192622
1260,21.0,feeder2_933,0.03586218725100715,0.1866482128927316,0.035840796437856384,0.18657991607624394
1260,21.0,feeder2_1146,0.03546395905521604,0.1840483925833713,0.03544804594261106,0.18398174918952392
1260,21.0,feeder2_1124,0.036732878522384715,0.18757490147658712,0.036713580144008044,0.18750766739226216
1260,21.0,feeder2_942,0.036019230571285886,0.18666569091502216,0.035997020058295845,0.1866112639843279
1260,21.0,feeder2_952,0.03703817598118448,0.19045424563527047,0.037017665255442075,0.1904322294203309
1260,21.0,feeder2_965,0.03591709473606915,0.18621904510539916,0.0359013312139708,0.18616286952009115
1260,21.0,feeder2_961,0.037184033302736286,0.19114325692112322,0.03716313554922854,0.19112255240039072
1260,21.0,feeder2_963,0.037030504066736906,0.1903995249536172,0.03701192091142381,0.1903742720810197
1260,21.0,feeder2_973,0.038038838767539405,0.19507864206902872,0.03801870705665204,0.1950721629363931
1260,21.0,feeder2_1128,0.03704910913493619,0.19079149008941598,0.03703121579640139,0.1907654768409171
1260,21.0,feeder2_1113,0.03710038018350151,0.18942185243089002,0.03708235648036888,0.18940187665580732
1260,21.0,feeder2_1143,0.03684057559702181,0.1893365379481423,0.036816584938682034,0.18931984967803203
1260,21.0,feeder2_1238,0.036539593983741694,0.1802086975210126,0.036537681091528905,0.18017367052330355
1260,21.0,feeder2_979,0.03584816080723263,0.18610204421589782,0.035828112976648535,0.18604672029095637
1260,21.0,feeder2_1236,0.039289361332552765,0.2010257464362802,0.03926782301342389,0.20104306507093
1260,21.0,feeder2_989,0.03803908930954609,0.19507985990654195,0.03802081046854862,0.1950761756474896
1260,21.0,feeder2_1196,0.033517588443911873,0.18590764738681487,0.03349060355724115,0.18584446126158086
1260,21.0,feeder2_1158,0.03817678738483145,0.19523001517910207,0.0381520473286353,0.19522545711433262
1260,21.0,feeder2_1122,0.03274883564540804,0.18692442631222161,0.03272097114159614,0.18673034260083762
1260,21.0,feeder2_1258,0.03627656172233588,0.18989877992806556,0.03624072597314073,0.189746887116865
1260,21.0,feeder2_1303,0.03251568103648496,0.18525697679605085,0.032490074710417635,0.18506739541332884
1260,21.0,feeder2_1138,0.0319979931621277,0.18712021489055525,0.031962341622677345,0.18690348572814763
1260,21.0,feeder2_1304,0.03196342571795635,0.1871292470737946,0.03192860604950795,0.18691014271598141
1260,21.0,feeder2_1212,0.030527516530711552,0.18862619716620896,0.03048907413689162,0.1883595595042317
1260,21.0,feeder2_1311,0.03049613356559952,0.1885074482781555,0.030458854035051126,0.18823805544126776
1260,21.0,feeder2_1290,0.028973118523946337,0.19258468398358147,0.02892435104114865,0.19225862309815378
1260,21.0,feeder2_1325,0.04003029734122931,0.20540961320330334,0.04000699255683008,0.20544975131304585
1260,21.0,feeder2_1248,0.039303451341112246,0.20104330201883214,0.03928292633327846,0.2010609606902541
1260,21.0,feeder2_1249,0.036736364483714534,0.179335960790049,0.03673973879408248,0.17929795062145093
1260,21.0,feeder2_1250,0.03707947939447988,0.17813656928013713,0.0370883776383542,0.1781040356105859
1260,21.0,feeder2_1366,0.043031225648650986,0.20546051003346452,0.04299723422018477,0.2054932642857047
1260,21.0,feeder2_1266,0.03715931029720511,0.190712644861304,0.03712437144788412,0.19056013360786211
1260,21.0,feeder2_1372,0.029203009449184327,0.19046080210386881,0.029156429704569352,0.19013392011198382
1260,21.0,feeder2_1363,0.028023440425771196,0.20215857397814183,0.02796307439107519,0.20177857242462677
1260,21.0,feeder2_1446,0.041020712989573584,0.20413364908857318,0.04100262419749778,0.2041671971625544
1260,21.0,feeder2_1502,0.0407328047750907,0.21224897974547793,0.04070912540709629,0.21231343990670565
1260,21.0,feeder2_1428,0.025757120399981195,0.20448567464585785,0.025692491722933523,0.20410236171830537
1260,21.0,feeder2_1380,0.027906456876185922,0.2126351956622129,0.027835903921350304,0.21220986659243055
1260,21.0,feeder2_1550,0.027791374326541746,0.21198065177688696,0.02772289483411248,0.21155227813452032
1260,21.0,feeder2_1386,0.02810923057343029,0.21879011294097134,0.028040681873801675,0.2183457899089102
1260,21.0,feeder2_1551,0.02703713786820594,0.21997812418945895,0.026961147576662625,0.2195345287849258
1260,21.0,feeder2_1400,0.028290813043460334,0.22158274580103698,0.0282130035019515,0.22113052980318365
1260,21.0,feeder2_1552,0.028256376689100925,0.22169303122443682,0.028176259066960307,0.22123938716222583
1260,21.0,feeder2_1408,0.028745194326343784,0.22757975998380217,0.028665069528799172,0.22711056772164975
1260,21.0,feeder2_1553,0.029397197304990207,0.242684617278904,0.029298861807500118,0.242191760121641
1260,21.0,feeder2_1416,0.02880592176287557,0.22783798837887304,0.028723325305488278,0.22736744121382604
1260,21.0,feeder2_1530,0.029170249818786697,0.22693632392729773,0.029095054227990864,0.22646238515032324
1260,21.0,feeder2_1425,0.029008093177624473,0.22890236937700556,0.028927801544825184,0.22843145437616152
1260,21.0,feeder2_1589,0.028785547500263457,0.2295446696933966,0.028697833236803496,0.22907159405644906
1260,21.0,feeder2_1435,0.029043596135263847,0.2290622476397878,0.028960643293517874,0.22859225349551515
1260,21.0,feeder2_1621,0.030394350156474053,0.2296715275333241,0.030310624352367185,0.22920240025120334
1260,21.0,feeder2_1564,0.02924302795275704,0.23014779804862656,0.02916035558907697,0.2296693867087432
1260,21.0,feeder2_1704,0.04267472526183744,0.21483414030174425,0.042644620985938214,0.2149095314191556
1260,21.0,feeder2_1525,0.04066301146370122,0.21300635007802468,0.04064070166266803,0.21307269137665918
1260,21.0,feeder2_1716,0.04388468785670294,0.217325948194761,0.04384465733015607,0.2174142166026333
1260,21.0,feeder2_1537,0.04040508223196209,0.21313349780921015,0.040380203613084156,0.21320336423400515
1260,21.0,feeder2_1645,0.0388184970726235,0.21424994695535982,0.03879914527752732,0.21431117566331853
1260,21.0,feeder2_1561,0.04031920403740251,0.2127342339091011,0.040293725287555364,0.21280778754252128
1260,21.0,feeder2_1657,0.04032504688756914,0.21175587662405038,0.040303510263055335,0.21183271705918866
1260,21.0,feeder2_1570,0.04031860005644466,0.21278044216462036,0.04029472591867748,0.21285673049964787
1260,21.0,feeder2_1756,0.040306901065554,0.21262151259546486,0.040289314024261544,0.21269313824294306
1260,21.0,feeder2_1588,0.040319800306885624,0.21283296300089166,0.04029731745738871,0.21291075987637256
1260,21.0,feeder2_1628,0.04033015715393956,0.2120439253783499,0.04030970142705223,0.21212072690050587
1260,21.0,feeder2_1598,0.0403551963006845,0.213107033496611,0.0403295761468629,0.21318331885823105
1260,21.0,feeder2_1816,0.040700497030165574,0.21349161447981424,0.04068006886186087,0.2135651365560629
1260,21.0,feeder2_1765,0.042581804785348926,0.2156453227583312,0.04255040195944172,0.21572377883145574
1260,21.0,feeder2_1641,0.04025738897068822,0.21315271496211413,0.04023675543235482,0.21322579247803042
1260,21.0,feeder2_1689,0.04033454798783149,0.21404725049551482,0.040312215735628945,0.21411554073166422
1260,21.0,feeder2_1744,0.04022220032214854,0.21256285882407766,0.04020402205276965,0.2126414737906852
1260,21.0,feeder2_1817,0.040326948017308226,0.21401163440202142,0.04030181584107451,0.21408255111809524
1260,21.0,feeder2_1779,0.040605541791371325,0.21440960480568458,0.04058088543896017,0.2144819419728888
1260,21.0,feeder2_1800,0.03831842216602138,0.21333057553492973,0.038293256003766735,0.21338979219991927
1260,21.0,feeder2_1818,0.04184529078198253,0.21552656558469063,0.04183838566798457,0.2155921586641611
1260,21.0,feeder2_1753,0.04022251236104513,0.21080725593259253,0.040213643200272396,0.21089014856612792
1260,21.0,feeder2_1754,0.040220151738742854,0.21253907655335602,0.040196683603000195,0.21261837529192762
1290,21.5,secondary,0.034531852668395285,0.03182924150489632,0.03451444280377607,0.031808861067763115
1290,21.5,feeder2_44,0.06431592129668981,0.1661437103457375,0.0642862037158429,0.16604053898889892
1290,21.5,feeder2_45,0.0654459602086423,0.17135987999689384,0.06541703759132957,0.17125077016348483
1290,21.5,feeder2_46,0.060999112645139596,0.16694460491401078,0.060969065050135,0.16683138571528047
1290,21.5,feeder2_51,0.06733521395700744,0.18010679524899076,0.06730363128178048,0.17998895485426833
1290,21.5,feeder2_48,0.0677485001978385,0.17334325645210724,0.06771395867199084,0.17323196872192215
1290,21.5,feeder2_52,0.06798101975755365,0.17005521391335238,0.06794791422102904,0.16994252855431677
1290,21.5,feeder2_68,0.07309605389279888,0.20851422208204964,0.0730626060079196,0.20838258386459216
1290,21.5,feeder2_69,0.07165982165491151,0.20886887647749702,0.07162243744493113,0.20873440257027556
1290,21.5,feeder2_71,0.07386623416544495,0.21228170273869018,0.07383219236959163,0.21214906104516668
1290,21.5,feeder2_72,0.07690108311594186,0.21492982168702365,0.07686569281264172,0.2148001554369786
1290,21.5,feeder2_73,0.07620397079715438,0.22373923195300174,0.07616879218158185,0.22360155516855632
1290,21.5,feeder2_74,0.07505621512809585,0.22079590550937536,0.07502027292424597,0.22065589898772917
1290,21.5,feeder2_77,0.0783015273517345,0.23400904782953155,0.07826626462630915,0.23386734738542192
1290,21.5,feeder2_79,0.07429219161870596,0.23632058930980562,0.07425382404836221,0.2361761501370624
1290,21.5,feeder2_81,0.08179651462051216,0.24963766235202478,0.08175517462818566,0.24948928974870307
1290,21.5,feeder2_82,0.10512749332492145,0.2696489311164043,0.10508892462016081,0.26950752266900174
1290,21.5,feeder2_116,0.09222736996572657,0.29725934011533117,0.09218223221295303,0.2970639389437574
1290,21.5,feeder2_119,0.09262365054883666,0.2946866389228927,0.09257807675028622,0.2944867056244169
1290,21.5,feeder2_120,0.09626745299702373,0.3163338972983042,0.0962171798365236,0.3161190748056935
1290,21.5,feeder2_248,0.09518980087248526,0.31424971463883056,0.09514308702452054,0.31403938344191645
1290,21.5,feeder2_124,0.09894068139663967,0.32886622413184957,0.09889120329149415,0.3286456860720077
1290,21.5,feeder2_282,0.10267533596361468,0.33198583308329166,0.10262374351380453,0.3317618336852153
1290,21.5,feeder2_275,0.09767326703042727,0.3261606042261553,0.09762530549397903,0.32593757733585804
1290,21.5,feeder2_151,0.1035261359729761,0.35035937377632337,0.10347000541663001,0.3501151322311928
1290,21.5,feeder2_295,0.10214577933254725,0.35074912389520974,0.10209066770099444,0.35050135551838096
1290,21.5,feeder2_311,0.10261865402553554,0.35053224372652975,0.10256370512778348,0.35028633402643145
1290,21.5,feeder2_201,0.11127529475804027,0.38597179619519895,0.11121905972176374,0.3857024597895673
1290,21.5,feeder2_314,0.11185125011957328,0.38608834447290985,0.11179345081957959,0.3858194754953532
1290,21.5,feeder2_342,0.12199498733364698,0.43612974482713834,0.12193209334452615,0.4358176968645959
1290,21.5,feeder2_368,0.12281986707790926,0.4385056504799735,0.12275568671543978,0.43819555913342456
1290,21.5,feeder2_347,0.12589439635379124,0.45631710953972315,0.12582513776204174,0.45598535006658325
1290,21.5,feeder2_353,0.1277072520384632,0.46572338399625857,0.12763603438371443,0.46537473492121695
1290,21.5,feeder2_518,0.1272422225725681,0.45748381526277526,0.12717316352512717,0.4571478933859478
1290,21.5,feeder2_365,0.12975229875877092,0.47631361329700345,0.1296816028569496,0.47595880544463626
1290,21.5,feeder2_653,0.1275318000277957,0.46541692865116907,0.12746241552462756,0.46507067599540475
1290,21.5,feeder2_377,0.13085079452014048,0.48209693205072895,0.1307770775145611,0.4817297030159006
1290,21.5,feeder2_622,0.12903910246746692,0.47637772646215093,0.12896871456472211,0.4760162986977905
1290,21.5,feeder2_451,0.1250737149301276,0.4396861964791098,0.12500843509429538,0.4393772236687049
1290,21.5,feeder2_383,0.12358964471605087,0.4412499715769321,0.12352364292155742,0.44093855364060475
1290,21.5,feeder2_385,0.13211311228186062,0.48871252649760194,0.13203986593420464,0.4883385142729135
1290,21.5,feeder2_621,0.12953361478331274,0.4825054938192294,0.12945964699276777,0.48214150375258297
1290,21.5,feeder2_611,0.12346439659694072,0.4410447490070453,0.12339921198534876,0.44073434158875546
1290,21.5,feeder2_405,0.12364085390902636,0.4414318433625597,0.12357265383238986,0.44112076892689045
1290,21.5,feeder2_461,0.1377449488659699,0.5178425261368605,0.13766871368738942,0.5174422101552915
1290,21.5,feeder2_594,0.13128054169259246,0.4873514088191433,0.13120582914611056,0.48698064418592063
1290,21.5,feeder2_732,0.12344915682772994,0.44111191995492266,0.1233852528007492,0.44079715302998634
1290,21.5,feeder2_417,0.12404538888808919,0.4428687563832962,0.12397873870085212,0.44255875551524293
1290,21.5,feeder2_663,0.12332237962631998,0.44290074846306154,0.1232598244662114,0.44258857253759154
1290,21.5,feeder2_444,0.12436463780635382,0.44400731475460264,0.12429847033817998,0.4436935724566168
1290,21.5,feeder2_759,0.13122459881731222,0.4485538180337386,0.1311584459223335,0.4482448158017278
1290,21.5,feeder2_842,0.1243204741078471,0.443980143823475,0.12425522767459472,0.4436694492299378
1290,21.5,feeder2_459,0.12434795614491687,0.44409220155089674,0.12428125502192433,0.44377894285324615
1290,21.5,feeder2_702,0.12768374987696643,0.44612083258010193,0.12762038973889092,0.4458112358504557
1290,21.5,feeder2_493,0.12388804610110785,0.44352300208439843,0.12382174154927075,0.44320736381122505
1290,21.5,feeder2_651,0.13694414227918683,0.5180795928411884,0.13686717681287666,0.5176811775773387
1290,21.5,feeder2_684,0.14232023719395637,0.5414608322247814,0.14223777426815945,0.5410387160785629
1290,21.5,feeder2_674,0.12345403805837926,0.442834142235383,0.12338903772599562,0.44251972443590154
1290,21.5,feeder2_696,0.12333477945354478,0.44483419688987275,0.12326873530856128,0.44451820012561033
1290,21.5,feeder2_681,0.1229693059294077,0.4420328318862066,0.12290344670548303,0.4417204957910847
1290,21.5,feeder2_682,0.12240951123548424,0.4411984645945584,0.12234478323650162,0.4408842452001949
1290,21.5,feeder2_728,0.14235018425258458,0.5405556046719205,0.14226740958274392,0.5401352399068584
1290,21.5,feeder2_724,0.14709583495983017,0.5677190859273545,0.14701142467070105,0.5672711813001801
1290,21.5,feeder2_703,0.12109848038296774,0.4455892103201719,0.12103284732117256,0.4452669872015919
1290,21.5,feeder2_704,0.12253310330953965,0.44536542087108877,0.1224688870071864,0.4450471906675854
1290,21.5,feeder2_754,0.14817386457186604,0.56867955009777,0.14808963371004755,0.5682314530895632
1290,21.5,feeder2_747,0.14894242554992165,0.5778985852427185,0.14885518823515104,0.5774426147168512
1290,21.5,feeder2_828,0.1416963854567254,0.5392737418655447,0.14161547643613817,0.5388553107911636
1290,21.5,feeder2_763,0.14282084223334376,0.5410685839371141,0.14273936497380696,0.5406495209060489
1290,21.5,feeder2_836,0.14245811761639987,0.5804419467905878,0.14236928932068552,0.5799731448024912
1290,21.5,feeder2_758,0.15057145358806084,0.5861911022430069,0.15048420546882563,0.5857302711122591
1290,21.5,feeder2_788,0.1538883303764407,0.5884638534976552,0.15380027829905227,0.5880040214956797
1290,21.5,feeder2_812,0.15470924933126018,0.6087667092281738,0.15461880557770447,0.6082915186338496
1290,21.5,feeder2_947,0.145831732120628,0.5436945751141694,0.1457509731778108,0.543275992057826
1290,21.5,feeder2_868,0.14461786583450842,0.5423850846843825,0.14453671408488736,0.5419649800370104
1290,21.5,feeder2_785,0.14256953367578476,0.5397894572900293,0.1424878125486085,0.539366135460346
1290,21.5,feeder2_1176,0.14054180738114824,0.5400644465291868,0.14046022383719975,0.5396417224448109
1290,21.5,feeder2_846,0.1418096009759823,0.5374717708004249,0.14172695137959265,0.5370502988926378
1290,21.5,feeder2_911,0.1425955379414075,0.5398847045289833,0.14251323636358923,0.5394610374065065
1290,21.5,feeder2_1107,0.15536291768032903,0.6050762875185438,0.15527263608017167,0.6046037074333805
1290,21.5,feeder2_920,0.15569921774825582,0.6161637702732594,0.15560578548001683,0.6156842340981181
1290,21.5,feeder2_926,0.15733759464795982,0.6279418999716319,0.15724077678964166,0.627450968936673
1290,21.5,feeder2_1239,0.15550850283951886,0.6152887964960404,0.15541275441100547,0.6148101920692707
1290,21.5,feeder2_933,0.15792283114043737,0.6326103787893371,0.15782726133569172,0.6321194879381545
1290,21.5,feeder2_1146,0.15800038305909897,0.6305366308853246,0.15790466407596288,0.6300501736753766
1290,21.5,feeder2_1124,0.156660861674499,0.6334269610610207,0.1565633153520202,0.6329381173528023
1290,21.5,feeder2_942,0.15954481745832683,0.6438062926489344,0.15944620904799414,0.6433096084068424
1290,21.5,feeder2_952,0.1615726793766039,0.6612966641902619,0.16147559649056875,0.6607847301232599
1290,21.5,feeder2_965,0.15959257843203575,0.643682452570011,0.15949571488260014,0.6431859841696901
1290,21.5,feeder2_961,0.16169131782850746,0.6628063593245918,0.1615894995853274,0.6622941511656961
1290,21.5,feeder2_963,0.16159421146792033,0.6613780669514899,0.16149238966275598,0.6608653788008215
1290,21.5,feeder2_973,0.16247778127661022,0.6715062190498016,0.16237611922888426,0.670980180655443
1290,21.5,feeder2_1128,0.16142209486413006,0.661644977073424,0.1613207109890704,0.6611346551336076
1290,21.5,feeder2_1113,0.16293738565047847,0.6624164651751226,0.16283707421384241,0.6619036942448372
1290,21.5,feeder2_1143,0.16224495667419386,0.6637100681074948,0.16214646596596322,0.663200840489542
1290,21.5,feeder2_1238,0.16746135438465123,0.6494623965225067,0.16736193367971913,0.6489713035044493
1290,21.5,feeder2_979,0.15951384956171846,0.6430060449347759,0.15941474559023622,0.6425074045083996
1290,21.5,feeder2_1236,0.1638361359708653,0.6836479157063561,0.1637313676136697,0.683110022010679
1290,21.5,feeder2_989,0.16247612458309466,0.6715139256273562,0.16237284685355327,0.6709847465500357
1290,21.5,feeder2_1196,0.15938384803625183,0.640192829301104,0.15928404209175415,0.6396934441722645
1290,21.5,feeder2_1158,0.1612206239113656,0.672563054501193,0.16111940158856627,0.6720387626237581
1290,21.5,feeder2_1122,0.15571246673633354,0.6035924446914978,0.15562321426002065,0.6031266656471856
1290,21.5,feeder2_1258,0.15029561003022068,0.6063039971477507,0.15020215480540394,0.605823722728058
1290,21.5,feeder2_1303,0.17288315138425442,0.6184099980900771,0.1727902195122754,0.6179532807923372
1290,21.5,feeder2_1138,0.15480976940001653,0.5969986327279815,0.1547178527420774,0.5965361578101965
1290,21.5,feeder2_1304,0.1549484797963966,0.5951860472665996,0.15485498008726603,0.5947271096360985
1290,21.5,feeder2_1212,0.15306627279075255,0.5846714302430684,0.1529752273011236,0.5842188649170205
1290,21.5,feeder2_1311,0.15565169509798243,0.5863045337211151,0.155560793872583,0.5858566329605895
1290,21.5,feeder2_1290,0.15042454713324893,0.5681357621854197,0.15033175092970366,0.5676967468206984
1290,21.5,feeder2_1325,0.16592905671001776,0.6992146829940032,0.16581921675714809,0.6986542171797925
1290,21.5,feeder2_1248,0.16382844331565388,0.6836535798854705,0.16372426057806116,0.6831151877360666
1290,21.5,feeder2_1249,0.16877459096067263,0.6502792189238514,0.16867551937560687,0.6497872219586301
1290,21.5,feeder2_1250,0.16983267563874999,0.6515762770090364,0.169734509776302,0.6510858738905546
1290,21.5,feeder2_1366,0.16189555242378226,0.6851369073093512,0.16178789777141594,0.6845938026837364
1290,21.5,feeder2_1266,0.1458353287678054,0.607669026237738,0.14574092063348948,0.6071807125375908
1290,21.5,feeder2_1372,0.1524217238254542,0.5697989020501113,0.15233377778128798,0.5693584453673861
1290,21.5,feeder2_1363,0.14704571338006397,0.5481019901630307,0.1469560768430032,0.5476753740773612
1290,21.5,feeder2_1446,0.16609033737195025,0.6993606790356921,0.1659821002057357,0.6987995823795476
1290,21.5,feeder2_1502,0.16824211912627351,0.7165065098319253,0.16812871434221185,0.7159247189201888
1290,21.5,feeder2_1428,0.14605540432933284,0.5459455411277778,0.14596649453152832,0.545518983222523
1290,21.5,feeder2_1380,0.1437147740524369,0.5272921517095448,0.14362452981141224,0.5268749311649543
1290,21.5,feeder2_1550,0.14614381577642846,0.5291128850351537,0.14605214974051411,0.5286945898520716
1290,21.5,feeder2_1386,0.14180661368867997,0.5161947652397202,0.14171708692468288,0.5157811576870899
1290,21.5,feeder2_1551,0.14227711270667592,0.5150317373789585,0.1421873273819732,0.5146195224575698
1290,21.5,feeder2_1400,0.1409131573570062,0.5112100007055602,0.1408234197185167,0.5108013895277813
1290,21.5,feeder2_1552,0.14174615324338977,0.5093032973092294,0.14165644749919165,0.5088918367993838
1290,21.5,feeder2_1408,0.13909171726671152,0.5019285725895467,0.13900229332385977,0.5015220638989505
1290,21.5,feeder2_1553,0.1324592641135843,0.48577961644715895,0.1323744641018178,0.48538952387349826
1290,21.5,feeder2_1416,0.13891077243703176,0.5005282825871658,0.13882098525051506,0.5001243971158054
1290,21.5,feeder2_1530,0.13915358672294378,0.5007634135555779,0.1390654949204622,0.5003546516178794
1290,21.5,feeder2_1425,0.13854119671459098,0.4977333014277819,0.13845070527643577,0.49732548777992475
1290,21.5,feeder2_1589,0.1389736567864018,0.49468590886415087,0.13888658404816728,0.4942765817472412
1290,21.5,feeder2_1435,0.13849033252603996,0.4974607250285379,0.13840164553311,0.497053320541083
1290,21.5,feeder2_1621,0.13613424508536934,0.4981422428906932,0.1360446146825588,0.4977322549084062
1290,21.5,feeder2_1564,0.13817404730535715,0.49380695453114504,0.1380838814695676,0.49340026306644336
1290,21.5,feeder2_1704,0.16625725153458937,0.7174480108557192,0.16614402693556488,0.7168649835387993
1290,21.5,feeder2_1525,0.16889696800473974,0.7207076070874605,0.16878109748644404,0.720123915119855
1290,21.5,feeder2_1716,0.16580691045007795,0.7222511120128313,0.16569122172332873,0.7216616503957325
1290,21.5,feeder2_1537,0.16967211707818622,0.7252379813025794,0.16955721036196894,0.7246494444766514
1290,21.5,feeder2_1645,0.16989977070095136,0.7245111887642096,0.16978561942427103,0.7239224270771778
1290,21.5,feeder2_1561,0.1705713181405607,0.7307958487049245,0.1704555732485966,0.7302004080838826
1290,21.5,feeder2_1657,0.17071355267461003,0.7309260111389071,0.17059720522166164,0.7303281004099907
1290,21.5,feeder2_1570,0.17095319776082754,0.7331629111239856,0.1708384432324992,0.7325651789497603
1290,21.5,feeder2_1756,0.17596390829945527,0.7361608099102012,0.1758450011597146,0.7355703972283638
1290,21.5,feeder2_1588,0.17123036376354064,0.7351568454506514,0.17111467519983492,0.7345587773173213
1290,21.5,feeder2_1628,0.17229272349739644,0.736115737091332,0.17217379583166112,0.7355183069216481
1290,21.5,feeder2_1598,0.1715230773618792,0.7373870300501892,0.17140666964505655,0.7367860619733837
1290,21.5,feeder2_1816,0.1713922472138827,0.7373354225270615,0.17127415309916535,0.7367309906981837
1290,21.5,feeder2_1765,0.17000804475172546,0.7374393484111582,0.169891266725326,0.7368352055089687
1290,21.5,feeder2_1641,0.17295142807804606,0.7484900091056342,0.17283031220649744,0.747875540303438
1290,21.5,feeder2_1689,0.17171150274442615,0.746567547331656,0.17158802226038217,0.7459358582643898
1290,21.5,feeder2_1744,0.18075984714169374,0.7552684959606876,0.18064083229111216,0.7546590838263983
1290,21.5,feeder2_1817,0.17169476980300916,0.7464973770586467,0.17156989490143,0.7458652657672251
1290,21.5,feeder2_1779,0.17024652702622958,0.7474165202920177,0.1701249096389771,0.7467826326428355
1290,21.5,feeder2_1800,0.1710132813997267,0.742596979211641,0.17089024479325804,0.7419639448195862
1290,21.5,feeder2_1818,0.1642856666776971,0.7436528451460785,0.16414463407649513,0.7429844122698896
1290,21.5,feeder2_1753,0.20546176195873808,0.7768755685746771,0.20534008012810884,0.7762767553159746
1290,21.5,feeder2_1754,0.1807947198608228,0.7553014908858399,0.18067430496739445,0.7546884087562485
1320,22.0,secondary,0.03192680323129188,0.013971094938662184,0.03193698486124742,0.013964200422635846
1320,22.0,feeder2_44,0.05944284512513987,0.0729010185029154,0.059461539926314366,0.07285124418948284
1320,22.0,feeder2_45,0.060409582644827,0.07483289311934138,0.060432375906536315,0.07477806855302237
1320,22.0,feeder2_46,0.059177513408338045,0.07661028576719403,0.05919276067649976,0.07657767866271874
1320,22.0,feeder2_51,0.06198488739297503,0.0786409353424371,0.062007029431360085,0.0785836894519374
1320,22.0,feeder2_48,0.06365795858748094,0.07219419831913929,0.06367294582534265,0.0721349602197211
1320,22.0,feeder2_52,0.05896761325993625,0.07996899692881546,0.058989856720396104,0.0799074187701822
1320,22.0,feeder2_68,0.06668993591846833,0.08902798046059668,0.06671016311175762,0.08896034714750133
1320,22.0,feeder2_69,0.06701513761018703,0.09021521340326774,0.06703709833363096,0.09014962330466067
1320,22.0,feeder2_71,0.06730027225057178,0.09033489736250162,0.06732142188852988,0.09026639506143386
1320,22.0,feeder2_72,0.06919724601073603,0.08771434306165708,0.06921937998733921,0.08764843079365492
1320,22.0,feeder2_73,0.0691905920499205,0.09473438361760254,0.06921221365318823,0.09466218316240904
1320,22.0,feeder2_74,0.06681566017737164,0.09719950827197787,0.06683969781113894,0.0971196965985768
1320,22.0,feeder2_77,0.07092437463460351,0.09817420509784965,0.07094851892345051,0.09809878403598415
1320,22.0,feeder2_79,0.07099938574017023,0.0984254202094687,0.07102427015643648,0.09835058405276262
1320,22.0,feeder2_81,0.07364634415522903,0.1035051475521847,0.073672623844606,0.10342310842431865
1320,22.0,feeder2_82,0.08703055470921649,0.08556256641498515,0.08705822170075024,0.08548778223418625
1320,22.0,feeder2_116,0.08489207626340418,0.14616772928868388,0.08492092656251708,0.14605446213204099
1320,22.0,feeder2_119,0.08414125832869204,0.1465167492894389,0.08416999744805945,0.1464000262071425
1320,22.0,feeder2_120,0.08925025075803876,0.16182495879311315,0.08927991858239434,0.1616991707207252
1320,22.0,feeder2_248,0.08876974124456506,0.16201703411336366,0.08879726000150931,0.1618894432332536
1320,22.0,feeder2_124,0.0919924491064428,0.171395040952992,0.09201811815220695,0.17126322176336561
1320,22.0,feeder2_282,0.09483724120455433,0.16725761547835394,0.094863620282493,0.16712547994298252
1320,22.0,feeder2_275,0.06406326983870723,0.18528085424189034,0.06409645163940189,0.18510429030214215
1320,22.0,feeder2_151,0.10053821757159019,0.18550796862439817,0.10056945700532866,0.18539853618424756
1320,22.0,feeder2_295,0.1012984044455651,0.18732716650275147,0.10132866679094957,0.18722264392833302
1320,22.0,feeder2_311,0.10127172621608599,0.18703608845261674,0.1013023742056014,0.1869302149167697
1320,22.0,feeder2_201,0.11371476143148447,0.20686915412147827,0.11374679153494564,0.20679331761801958
1320,22.0,feeder2_314,0.11510949758077389,0.20561963916868164,0.11514349039300964,0.20553925951770136
1320,22.0,feeder2_342,0.13187350442085216,0.24377893577248702,0.1319109760683201,0.2437466753462507
1320,22.0,feeder2_368,0.13199460535411914,0.24469501090594292,0.13203191145061474,0.2446611177598765
1320,22.0,feeder2_347,0.14069461696792784,0.2613355764868204,0.1407328841421542,0.2613223994908189
1320,22.0,feeder2_353,0.1450609486723858,0.2709495900686411,0.1450998238965857,0.2709464373538994
1320,22.0,feeder2_518,0.1416819447662952,0.25993575745561265,0.14171866904582803,0.25992332694983517
1320,22.0,feeder2_365,0.15000582258458064,0.28178728245879914,0.1500449683605897,0.2817922371146653
1320,22.0,feeder2_653,0.14413805881238378,0.2709327184195324,0.14418026366893183,0.27092439215917663
1320,22.0,feeder2_377,0.1526231704617486,0.2873387542199728,0.15266456414261792,0.2873451494884611
1320,22.0,feeder2_622,0.15062558285657623,0.2832263345535498,0.1506666849302437,0.2832318417251536
1320,22.0,feeder2_451,0.13329654201096927,0.24281549899385413,0.133339380731077,0.24278215461455901
1320,22.0,feeder2_383,0.1320277864624286,0.24762960927907832,0.1320665966203256,0.24759735017954632
1320,22.0,feeder2_385,0.15547969537000977,0.29284407387779504,0.1555256957756237,0.2928561704520179
1320,22.0,feeder2_621,0.15351950096944264,0.2899322510209461,0.15356297044533468,0.2899400896404509
1320,22.0,feeder2_611,0.13115928865833043,0.2476550216053386,0.1311946857553427,0.2476202934295371
1320,22.0,feeder2_405,0.13204280428721224,0.24781599347758967,0.13208118918192527,0.24778036087931238
1320,22.0,feeder2_461,0.167186998817483,0.3155934571306822,0.16723399611246748,0.31562424686380464
1320,22.0,feeder2_594,0.1551628995299407,0.2928178338643933,0.15520536502964993,0.29283156271883715
1320,22.0,feeder2_732,0.13047098225260692,0.25050827139378684,0.1305105032200435,0.2504715687093033
1320,22.0,feeder2_417,0.13230640197343524,0.248677162042684,0.13234157145970102,0.24864457823455346
1320,22.0,feeder2_663,0.13243820402770926,0.2506013430500824,0.1324728226098759,0.2505733506659358
1320,22.0,feeder2_444,0.13241704960200185,0.24868814460615993,0.13245232752087682,0.24865707932283043
1320,22.0,feeder2_759,0.1338812246153949,0.24652072906686467,0.1339220591728868,0.24648944260849495
1320,22.0,feeder2_842,0.13251834615856015,0.24887373801322352,0.13255496199350186,0.24884260637416614
1320,22.0,feeder2_459,0.13243987689272527,0.2488118455931947,0.13247872357054685,0.24877807865872006
1320,22.0,feeder2_702,0.13488242446754883,0.24591469537861627,0.13492270452283714,0.2458810584894307
1320,22.0,feeder2_493,0.13231678852496292,0.25041457848649723,0.13235584326489025,0.25037990262267773
1320,22.0,feeder2_651,0.1672633022505684,0.31578995408249744,0.1673067817040083,0.3158270728811771
1320,22.0,feeder2_684,0.17666836968558156,0.33417715540761106,0.17671606245946378,0.33422829764380574
1320,22.0,feeder2_674,0.1316170704386999,0.25077461160467635,0.1316577632474907,0.2507372670810469
1320,22.0,feeder2_696,0.1329722413609447,0.2537842716162443,0.13300617096158515,0.253755664976064
1320,22.0,feeder2_681,0.13077186323654547,0.2512454022158678,0.13081173608493632,0.2512088226057344
1320,22.0,feeder2_682,0.13000942268790777,0.25156619473593345,0.13004949320735618,0.25152665873440483
1320,22.0,feeder2_728,0.17653420016801855,0.3317097233125585,0.17658199968292068,0.3317603002261081
1320,22.0,feeder2_724,0.1868054806060729,0.35931018973346596,0.1868558816603096,0.35939071130052613
1320,22.0,feeder2_703,0.1332164578554581,0.25439270416955434,0.13325217149065646,0.25436261930775345
1320,22.0,feeder2_704,0.1333867576040955,0.254825254173726,0.13342678088973123,0.2547936210135532
1320,22.0,feeder2_754,0.1883192817044417,0.3577349345486874,0.188372631840905,0.35780934871611086
1320,22.0,feeder2_747,0.19080245422121034,0.37055812766682683,0.19085620401896794,0.3706445254680679
1320,22.0,feeder2_828,0.17515596737893352,0.3316135395441781,0.175201625538939,0.3316594051207805
1320,22.0,feeder2_763,0.17693387336571334,0.3284124526458185,0.17698345564635057,0.3284572910665862
1320,22.0,feeder2_836,0.19628026983769323,0.3855535439878872,0.19632521783963913,0.3856526973434422
1320,22.0,feeder2_758,0.19310370410023145,0.3733862865107401,0.19315572932862535,0.3734808130480756
1320,22.0,feeder2_788,0.19465834315100858,0.3713972559114572,0.19471191027112142,0.371494016639707
1320,22.0,feeder2_812,0.20010193833653794,0.38446518562459325,0.20015666300633803,0.3845680405843607
1320,22.0,feeder2_947,0.1791177795816313,0.325540548912288,0.17916597900701486,0.3255967656304158
1320,22.0,feeder2_868,0.17900292156686795,0.3259716531754475,0.1790516296471268,0.3260229987744523
1320,22.0,feeder2_785,0.17680149284191746,0.3286844992575613,0.17685287431702099,0.3287270083701648
1320,22.0,feeder2_1176,0.17847135560414804,0.33279336323426095,0.1785185141227091,0.3328397055587592
1320,22.0,feeder2_846,0.1739984102663839,0.3292917048404605,0.17404384571796985,0.32933292070853487
1320,22.0,feeder2_911,0.17724986358068062,0.32699110058272285,0.1773006897359565,0.3270364367873603
1320,22.0,feeder2_1107,0.1977047090573667,0.3810544979556457,0.19775845836463168,0.381144347717955
1320,22.0,feeder2_920,0.20272398153807708,0.3885497129216981,0.20278188589341437,0.38865819759942205
1320,22.0,feeder2_926,0.20682286716196857,0.3944485680181962,0.20687818320074838,0.39457030411186855
1320,22.0,feeder2_1239,0.20249732244780075,0.388841892354955,0.20255698981325054,0.3889492845390283
1320,22.0,feeder2_933,0.20851408095053445,0.39802268296662957,0.2085736947746224,0.39814761581663666
1320,22.0,feeder2_1146,0.20740593153965986,0.3900219230481157,0.20746608423114132,0.39014751963475414
1320,22.0,feeder2_1124,0.20898975906019474,0.3992483390692553,0.20904844815988122,0.39937532021659966
1320,22.0,feeder2_942,0.21259851885923187,0.4059590217933216,0.2126555889939366,0.40609618033220757
1320,22.0,feeder2_952,0.21787058776583795,0.42378523915378036,0.21793208950220858,0.42393361989162537
1320,22.0,feeder2_965,0.21269690205904887,0.4051761605909396,0.21275651503400045,0.4053145761519266
1320,22.0,feeder2_961,0.21837477934789237,0.42623851215003233,0.21843586462119002,0.4263903838189021
1320,22.0,feeder2_963,0.21788468040402548,0.4236727946880961,0.21794986137068031,0.42382263565063594
1320,22.0,feeder2_973,0.221241253680573,0.4392763567203418,0.22130374499659708,0.4394321260204627
1320,22.0,feeder2_1128,0.21806093526732387,0.42627016345143326,0.218123098872764,0.42641939585359323
1320,22.0,feeder2_1113,0.21964192526274462,0.4217513273674612,0.2197064010233918,0.4219011863245528
1320,22.0,feeder2_1143,0.21813037207193184,0.42144480341808527,0.21819639925087364,0.4215927746818152
1320,22.0,feeder2_1238,0.22425441801927426,0.3926397332752847,0.22431443530632184,0.39278038011047545
1320,22.0,feeder2_979,0.21268824735927705,0.4051604014403672,0.21274726286472645,0.40529871318354455
1320,22.0,feeder2_1236,0.22524530838198284,0.45705086957272806,0.22530867865937007,0.4572196201826618
1320,22.0,feeder2_989,0.22124385393569504,0.4392919321244489,0.22130982932224014,0.43944682816504643
1320,22.0,feeder2_1196,0.212508907777897,0.4051119482281259,0.21257204345458536,0.40524863319541016
1320,22.0,feeder2_1158,0.22194061884705524,0.4412012757801865,0.22200642565620993,0.4413565692296737
1320,22.0,feeder2_1122,0.19662066493999789,0.3789217534055867,0.19667327416692695,0.3790054672820793
1320,22.0,feeder2_1258,0.19816603671029906,0.38207651807939713,0.1982229009728875,0.38216248801210284
1320,22.0,feeder2_1303,0.19702531150482586,0.3783569642569917,0.19708162209984628,0.37843905193797484
1320,22.0,feeder2_1138,0.195767505818606,0.3774426542202916,0.19582366610976093,0.37751846165664904
1320,22.0,feeder2_1304,0.1952119087105993,0.37734992932112,0.19526825042210014,0.3774222972969318
1320,22.0,feeder2_1212,0.1940551855746098,0.37449595185893936,0.19411469474829934,0.37456093803698354
1320,22.0,feeder2_1311,0.1958183551746596,0.372237950694809,0.19587601622716744,0.37230500442743975
1320,22.0,feeder2_1290,0.1918542511990545,0.3727473467247937,0.19191355522557485,0.37279676236715203
1320,22.0,feeder2_1325,0.23064365071513807,0.4808844716214241,0.2307109449727006,0.481061162505744
1320,22.0,feeder2_1248,0.22524666542907187,0.4570534835696501,0.22531035207252678,0.45722191435858667
1320,22.0,feeder2_1249,0.22557187080591073,0.3912107392963526,0.22563560407178174,0.3913502120165931
1320,22.0,feeder2_1250,0.22922522504552267,0.38729689143869517,0.2292827638164696,0.38744193696120427
1320,22.0,feeder2_1366,0.22551705425227372,0.4575706314086316,0.22557801274918665,0.4577386270889713
1320,22.0,feeder2_1266,0.19839314693571203,0.3825332078957919,0.19844916684051195,0.3826198696784101
1320,22.0,feeder2_1372,0.19242395291709588,0.37197373728729843,0.19248272116215293,0.37202414552574536
1320,22.0,feeder2_1363,0.18946367742424114,0.37212769048551503,0.18951755608340132,0.3721600929872255
1320,22.0,feeder2_1446,0.2321568817838846,0.4793089841113014,0.2322203093719819,0.4794890497467489
1320,22.0,feeder2_1502,0.2363746662360078,0.5097870279442024,0.23643836711436478,0.5099785736937589
1320,22.0,feeder2_1428,0.18729585242924876,0.3719854708260522,0.18735203546459606,0.37201135883014935
1320,22.0,feeder2_1380,0.18728200689212365,0.37222108597059184,0.1873380590927859,0.3722374074793115
1320,22.0,feeder2_1550,0.18890916416817566,0.3699672434841061,0.18896730615328677,0.3699867851531065
1320,22.0,feeder2_1386,0.18618064439046583,0.3734168310732281,0.18623761576020675,0.3734224381102639
1320,22.0,feeder2_1551,0.1852071083627099,0.37488258238080086,0.18526580535529272,0.3748821506835023
1320,22.0,feeder2_1400,0.18574171876623322,0.3736982937503855,0.18579496368905485,0.3736985241848553
1320,22.0,feeder2_1552,0.18299960303544416,0.3736236001336873,0.18305255323006178,0.3736232757800815
1320,22.0,feeder2_1408,0.18512485319474845,0.37448736880131694,0.18518297920695576,0.3744800259243217
1320,22.0,feeder2_1553,0.18042708369591082,0.37581882737145217,0.18048319613924063,0.3758080161190041
1320,22.0,feeder2_1416,0.18505502020994238,0.37472453162458863,0.18510813963953657,0.374721358944461
1320,22.0,feeder2_1530,0.18530974429408462,0.3743443994468018,0.18536581159733456,0.37434058884978627
1320,22.0,feeder2_1425,0.1849191348677803,0.3753639226983995,0.1849765353627995,0.37535855574408383
1320,22.0,feeder2_1589,0.184678147599501,0.37535267628795127,0.18473329789696322,0.3753488352424701
1320,22.0,feeder2_1435,0.18489651996181355,0.37549611128106997,0.18495360789582393,0.375490754518145
1320,22.0,feeder2_1621,0.18499226799793905,0.37715681948447005,0.18504825739274458,0.37715082630561797
1320,22.0,feeder2_1564,0.18432178333906127,0.3750415483294697,0.1843766691611203,0.3750309062746904
1320,22.0,feeder2_1704,0.23726089983173468,0.5119143932087923,0.23732672156706758,0.5121089605808267
1320,22.0,feeder2_1525,0.23771482292958973,0.5164316318328621,0.2377834206101693,0.516623005900881
1320,22.0,feeder2_1716,0.23781543561717144,0.5166477604807646,0.23788119000597976,0.5168458055671301
1320,22.0,feeder2_1537,0.23920957074518406,0.5238346424751786,0.2392752652240398,0.5240384039181436
1320,22.0,feeder2_1645,0.23863167542109703,0.5244106678208699,0.23870054140511035,0.5246060858289393
1320,22.0,feeder2_1561,0.24101658175700863,0.5319539711454188,0.24108635961986005,0.5321592372766499
1320,22.0,feeder2_1657,0.24133628711607377,0.5315591650997525,0.2414082672151809,0.5317630526679735
1320,22.0,feeder2_1570,0.2417950325193978,0.5355457506893735,0.24186151251617272,0.5357526918159352
1320,22.0,feeder2_1756,0.24494161975740675,0.5317798746632441,0.24501360187072227,0.5319908538106405
1320,22.0,feeder2_1588,0.24251425519689626,0.5391227966242702,0.24258381661218884,0.5393297072606039
1320,22.0,feeder2_1628,0.2435582090384668,0.5379846266713384,0.24362985789170288,0.5381909431836801
1320,22.0,feeder2_1598,0.24338094135335114,0.5439616252145449,0.24345358300232448,0.5441683180384684
1320,22.0,feeder2_1816,0.24358952102194667,0.5443510808241907,0.24366002071268575,0.544562354377002
1320,22.0,feeder2_1765,0.24499763078706283,0.5476714741721448,0.24506715337255014,0.5478836980169475
1320,22.0,feeder2_1641,0.24732323928153863,0.5658572062192259,0.24739118035173188,0.5660768620327623
1320,22.0,feeder2_1689,0.25046490516300923,0.586155563449439,0.25053905574717567,0.5863764425832888
1320,22.0,feeder2_1744,0.2483130059864027,0.5647809402471182,0.24838348134227128,0.5649982630381319
1320,22.0,feeder2_1817,0.25044909106581487,0.5861146844013561,0.25051826736283705,0.586340768695175
1320,22.0,feeder2_1779,0.2512156990747507,0.5878589910900324,0.25128303317911427,0.588080449523035
1320,22.0,feeder2_1800,0.24843299085713916,0.5854579919106744,0.24850307196436766,0.5856780796473795
1320,22.0,feeder2_1818,0.2683578672786323,0.6238060844460609,0.26844116264880763,0.6240453716974919
1320,22.0,feeder2_1753,0.24882432782837638,0.5641024499455028,0.24889615422180886,0.5643208602310431
1320,22.0,feeder2_1754,0.24888628970106585,0.5641851229293549,0.24895544590952007,0.5644013230942485
1350,22.5,secondary,0.0007662790221451039,0.004750470417706438,0.0007704855713964125,0.004748017943586697
1350,22.5,feeder2_44,0.001426287723136688,0.02478082868635008,0.0014348851332480516,0.024750036715072584
1350,22.5,feeder2_45,0.0013650815639156468,0.024860648249290324,0.0013749830258743703,0.02482668159809192
1350,22.5,feeder2_46,0.008126762565087903,0.03325314140702782,0.008148212529033107,0.033228372383492036
1350,22.5,feeder2_51,0.0012749080080825884,0.0250075920074419,0.001279556477206046,0.024970439918120313
1350,22.5,feeder2_48,0.0018350166458634043,0.0247865676181959,0.0018365588099671672,0.024755461043011122
1350,22.5,feeder2_52,0.004526920886140797,0.023297791312286886,0.004505675094119707,0.023287214020483647
1350,22.5,feeder2_68,0.001516248193104836,0.02666060616944831,0.0015095369777436269,0.0266130694374785
1350,22.5,feeder2_69,0.0028028177784272562,0.02883316605219852,0.002821247844897634,0.028791320371685074
1350,22.5,feeder2_71,0.0015415344379988486,0.0268054016998732,0.0015330159208352895,0.02675494573882228
1350,22.5,feeder2_72,0.004627352043680311,0.027401126132869616,0.00461200456186385,0.027331373634603043
1350,22.5,feeder2_73,0.0015838916433593064,0.02719769950179726,0.0015732988802602938,0.027139180243812143
1350,22.5,feeder2_74,0.005327818940960846,0.021299016606481702,0.00530504447033339,0.021253326081509417
1350,22.5,feeder2_77,0.0018429322940642337,0.028581958636940435,0.0018293609457900352,0.028514429839502475
1350,22.5,feeder2_79,0.0017714009457676816,0.028919351578659554,0.001769129280846428,0.02885502440646935
1350,22.5,feeder2_81,0.002248156921671493,0.03075737641015846,0.00223334587903,0.030683264238595086
1350,22.5,feeder2_82,0.0028050300896943193,0.030853105554949172,0.0027898551508308534,0.030769519831216386
1350,22.5,feeder2_116,0.003987956412223122,0.04130607757231621,0.003967190311540792,0.041183496246159315
1350,22.5,feeder2_119,0.0033441570019322373,0.038909355944922897,0.003310535069415222,0.038791505334789755
1350,22.5,feeder2_120,0.004890277518693137,0.046805703941790955,0.004869796904035671,0.04666468882340692
1350,22.5,feeder2_248,0.005625878213832078,0.0454180190450804,0.0055922527348443805,0.04528588419853381
1350,22.5,feeder2_124,0.005522079485407048,0.0508877359835063,0.0055008587216837075,0.05074230299122419
1350,22.5,feeder2_282,0.011073910208600785,0.053497763460743315,0.011052595767186658,0.05333261649786344
1350,22.5,feeder2_275,0.005291898702599067,0.05008350017675977,0.005266404150639514,0.04993725678229706
1350,22.5,feeder2_151,0.0061867673796119965,0.056869846292130814,0.006170351520267351,0.056710529725466266
1350,22.5,feeder2_295,0.006352864371574135,0.05930920869758096,0.006362984951814631,0.059160979845447416
1350,22.5,feeder2_311,0.006062980289786229,0.05825289618887199,0.00606389030463844,0.058095440780377976
1350,22.5,feeder2_201,0.006897793442495522,0.06280829786374106,0.006875867598440035,0.06261373037574672
1350,22.5,feeder2_314,0.007009445689291813,0.0628917905992553,0.006988446971273155,0.06269314666796627
1350,22.5,feeder2_342,0.007921881661360985,0.07229355987175562,0.007894367859192194,0.07204940344217148
1350,22.5,feeder2_368,0.007789283391542964,0.0717805469818691,0.007765685082519753,0.07154878761918941
1350,22.5,feeder2_347,0.008630224066513049,0.08030214325777425,0.008588021426352076,0.08001824985486218
1350,22.5,feeder2_353,0.0088686088983926,0.08409376625196646,0.00882377769328753,0.08379748213324353
1350,22.5,feeder2_518,0.011047639712249712,0.08233212990440995,0.011007082221845772,0.0820450024238886
1350,22.5,feeder2_365,0.009271094658600132,0.08914808247545748,0.009222474441396851,0.08883350489274754
1350,22.5,feeder2_653,0.008611446731313989,0.08336562283079804,0.008563663719740858,0.08306319204815511
1350,22.5,feeder2_377,0.009613017583083189,0.09181549685042273,0.009561885048346689,0.09149643195626637
1350,22.5,feeder2_622,0.007011108217059418,0.09045306679716042,0.006963835873104724,0.09013843376015555
1350,22.5,feeder2_451,0.009528940434546327,0.07307396245114611,0.009505001472505277,0.07284307152637404
1350,22.5,feeder2_383,0.007713669193516484,0.0711541759623241,0.007704793128047996,0.07094812539236203
1350,22.5,feeder2_385,0.010150919776486727,0.09529921775227372,0.010096572654164734,0.09497061562213827
1350,22.5,feeder2_621,0.007063605633642655,0.09186641405178325,0.007027378594949037,0.09154645852765532
1350,22.5,feeder2_611,0.007041725075925339,0.0696857137322939,0.007020816909747574,0.06948588849509943
1350,22.5,feeder2_405,0.007750390390266289,0.07125681652267542,0.0077445641749912504,0.0710554069439471
1350,22.5,feeder2_461,0.012678938259267237,0.11498161291240527,0.012613096345335062,0.11462510111315725
1350,22.5,feeder2_594,0.011068947868326462,0.09382930828004578,0.011011995293338041,0.09349841384119446
1350,22.5,feeder2_732,0.007428400638347591,0.06997305912725772,0.007408612023823955,0.0697761831528557
1350,22.5,feeder2_417,0.008211605618210173,0.07251101920698043,0.008212911453039203,0.07232110213907056
1350,22.5,feeder2_663,0.008277173109142383,0.0725832199658591,0.008277040779417207,0.07240268693468994
1350,22.5,feeder2_444,0.008671927000741918,0.07363178157459192,0.008679819441175456,0.07345584708793579
1350,22.5,feeder2_759,0.012445122298553725,0.07306486505897056,0.012446951885130838,0.07287559782575571
1350,22.5,feeder2_842,0.00948475668232931,0.07488213137540806,0.009500887724807162,0.07471269845651102
1350,22.5,feeder2_459,0.008779219951133746,0.07401932080729882,0.00879034214176663,0.07384434377995798
1350,22.5,feeder2_702,0.009127981914236962,0.07437360605500633,0.00912857459102417,0.07420388459943288
1350,22.5,feeder2_493,0.009284444794494811,0.07555866864902985,0.009303334529591291,0.07539923101550204
1350,22.5,feeder2_651,0.01249536493841212,0.11491757902361338,0.01243568320128851,0.11456188325160876
1350,22.5,feeder2_684,0.015047080527441019,0.13350795782122496,0.01498046533544043,0.13314094623582198
1350,22.5,feeder2_674,0.007865830795554887,0.07417019840982277,0.007882892809664229,0.07401327805934528
1350,22.5,feeder2_696,0.013131713663661112,0.08780144430942644,0.013155977233785749,0.08768703995165858
1350,22.5,feeder2_681,0.006489118462648269,0.07288568160101173,0.006496013220005925,0.07273866137133099
1350,22.5,feeder2_682,0.004124185005326774,0.07039474354945877,0.004139810424665649,0.07024109277369282
1350,22.5,feeder2_728,0.015460553015350934,0.1349729095971025,0.015394062836771206,0.1346072732888794
1350,22.5,feeder2_724,0.01715069255826586,0.15012658718801625,0.017084234637002604,0.14974051455565696
1350,22.5,feeder2_703,0.013606211618470688,0.08837878718731516,0.013631986992014176,0.08826343142948882
1350,22.5,feeder2_704,0.01769134415293517,0.09292137230440874,0.01772800668888558,0.09281266328086803
1350,22.5,feeder2_754,0.017362713005184834,0.15041684869971578,0.017291081466150555,0.15003011553410195
1350,22.5,feeder2_747,0.01797746756263183,0.1568693929393056,0.017906607551773705,0.15647494156758782
1350,22.5,feeder2_828,0.016111190698129326,0.13374139929749862,0.016045760056916564,0.1333756874591081
1350,22.5,feeder2_763,0.01614800610059818,0.13880831304989702,0.016084680751206275,0.13844211866795655
1350,22.5,feeder2_836,0.013978291188865923,0.15468163168687069,0.013906930672815662,0.15428856628021737
1350,22.5,feeder2_758,0.018960395241408724,0.163904902011347,0.01889083461121822,0.16351022781127045
1350,22.5,feeder2_788,0.02094652531050832,0.16745499833960545,0.020877816123487627,0.1670616667850477
1350,22.5,feeder2_812,0.02118692687230939,0.18140708056549754,0.021110261058608366,0.18100132568906163
1350,22.5,feeder2_947,0.02039347203571487,0.1444697920885628,0.02032361829535844,0.1441016360578757
1350,22.5,feeder2_868,0.01810776304379702,0.14149025179599795,0.018042705786555754,0.1411247321465026
1350,22.5,feeder2_785,0.015800654769187142,0.13801382423982894,0.01573388183373602,0.137649206891765
1350,22.5,feeder2_1176,0.01088375530865486,0.13880274098659987,0.010820575057265332,0.13843542947196746
1350,22.5,feeder2_846,0.016904235308084076,0.13623732795399518,0.016840630078331663,0.1358743469024934
1350,22.5,feeder2_911,0.01582673816063774,0.13811822161978674,0.015762057807873566,0.13774987795553661
1350,22.5,feeder2_1107,0.025021471020468453,0.19822881604122686,0.02494491802291168,0.19783502615619022
1350,22.5,feeder2_920,0.020785765737893782,0.1819204286202165,0.020707924849672796,0.18150445001936755
1350,22.5,feeder2_926,0.020222059934903436,0.1829207937576555,0.02014431343219711,0.18249438249723196
1350,22.5,feeder2_1239,0.020750029231680955,0.18167240019938438,0.02067381819395232,0.181255242946348
1350,22.5,feeder2_933,0.01996770885206234,0.1833440258594511,0.019889513914046184,0.18291423129102408
1350,22.5,feeder2_1146,0.02025307438632787,0.1830646932976559,0.020178668437538825,0.18264097489229725
1350,22.5,feeder2_1124,0.01894557903967122,0.18263864935338167,0.01886459648762703,0.18220633669293612
1350,22.5,feeder2_942,0.019463565071879678,0.18516543032721036,0.019380616252900773,0.1847234328732239
1350,22.5,feeder2_952,0.01838360496190008,0.18627015750063697,0.018306368918038104,0.18580967765475406
1350,22.5,feeder2_965,0.01950877722831881,0.1853802291828035,0.019429324950699767,0.1849398413630541
1350,22.5,feeder2_961,0.018214470501034113,0.18611619916217823,0.018134569713169926,0.18565300196732226
1350,22.5,feeder2_963,0.018395135688980855,0.18633023974538243,0.01831261935020085,0.18586926480558258
1350,22.5,feeder2_973,0.017446499562562667,0.1860774435198844,0.017362745608614574,0.18560116033853774
1350,22.5,feeder2_1128,0.018015000793946197,0.18488387164758205,0.017928392772295822,0.18442309219025257
1350,22.5,feeder2_1113,0.018446312804202364,0.18639361173804853,0.01836647561652151,0.18593270008603052
1350,22.5,feeder2_1143,0.019162495152257274,0.19033399797378006,0.019079436699153705,0.18987527066111973
1350,22.5,feeder2_1238,0.023209711264610758,0.19039422758358218,0.023128058867624292,0.18995225095607499
1350,22.5,feeder2_979,0.019484710456761683,0.18525319319384417,0.019404822970999273,0.18481143594590588
1350,22.5,feeder2_1236,0.016382774889056845,0.18647061323454714,0.016293030987055514,0.18598006072546414
1350,22.5,feeder2_989,0.017446091355214743,0.1860750242090054,0.01735936296552717,0.1855983545273275
1350,22.5,feeder2_1196,0.019820165253254408,0.18461058275514833,0.019743234899918388,0.18417194572445542
1350,22.5,feeder2_1158,0.017055882112654554,0.18580661818417404,0.01697009666647457,0.18533303124287007
1350,22.5,feeder2_1122,0.02661421451639125,0.20538241575228244,0.026541375930004687,0.20499156156250758
1350,22.5,feeder2_1258,0.024507785737650504,0.19787171145974866,0.02443439998127471,0.19747718180233853
1350,22.5,feeder2_1303,0.026701150243051846,0.20550190531886686,0.02662667760412119,0.20510942534884544
1350,22.5,feeder2_1138,0.027871542240097642,0.21108466140276316,0.027792424304516623,0.21069989227911415
1350,22.5,feeder2_1304,0.028600295042168707,0.21047188515081858,0.028527832077269787,0.2100875720546952
1350,22.5,feeder2_1212,0.03057801982586567,0.22376009431509192,0.030503893431272685,0.22338201529873508
1350,22.5,feeder2_1311,0.03239225200505832,0.2270628441684223,0.032312786414707056,0.22668347889192247
1350,22.5,feeder2_1290,0.03343809423051725,0.23708758834710686,0.033369377418594165,0.2367160651171824
1350,22.5,feeder2_1325,0.015391282499649956,0.18698017579653195,0.015305667757280995,0.18646627547270805
1350,22.5,feeder2_1248,0.016374529987427392,0.1864727936089009,0.016285559988042694,0.18598306284669508
1350,22.5,feeder2_1249,0.02386200442394438,0.19122693124054616,0.02378295496608828,0.19078456608234842
1350,22.5,feeder2_1250,0.024398735004802587,0.1919070290100755,0.0243217673993887,0.19146423389465111
1350,22.5,feeder2_1366,0.01439214402429656,0.18713803604798035,0.01430709500320034,0.18664457434316642
1350,22.5,feeder2_1266,0.02444624401000741,0.19782269386129692,0.024369501551617604,0.19742738473889787
1350,22.5,feeder2_1372,0.03971271547889609,0.24685939818666144,0.039640030678612194,0.24648503315320494
1350,22.5,feeder2_1363,0.03389273728081526,0.23860435652865936,0.033820600407148245,0.2382513825213741
1350,22.5,feeder2_1446,0.015579751024099848,0.18757679005283612,0.015490314564460216,0.1870646932857183
1350,22.5,feeder2_1502,0.01420330272979221,0.1870080597953611,0.014116217935855106,0.18646937259092444
1350,22.5,feeder2_1428,0.034154293960113394,0.2384967471455889,0.03408132230197564,0.23814298109826018
1350,22.5,feeder2_1380,0.03463911354883348,0.2416994202589349,0.03456676598630282,0.24136101252713846
1350,22.5,feeder2_1550,0.03599242804757254,0.2445083210410432,0.03592014984779942,0.24416776408659113
1350,22.5,feeder2_1386,0.03481425639006272,0.24230768295137123,0.0347423688975014,0.24197870709861882
1350,22.5,feeder2_1551,0.03489086324202325,0.24231835807155677,0.034819823313726676,0.24199316422133677
1350,22.5,feeder2_1400,0.03491794263005496,0.24270475910129585,0.03485119215093761,0.24238371474438317
1350,22.5,feeder2_1552,0.03525792096541439,0.2427385550311649,0.035193716205791585,0.2424165456836071
1350,22.5,feeder2_1408,0.03516911761069771,0.24369507459009232,0.03510508016869572,0.24338369579453129
1350,22.5,feeder2_1553,0.04795245138405207,0.24336024789288996,0.0478955509516037,0.2430713321906259
1350,22.5,feeder2_1416,0.03516321224420433,0.24415173302933663,0.03509979008553653,0.2438401111564937
1350,22.5,feeder2_1530,0.03435372256709104,0.24947559573556158,0.034284278576777856,0.2491630850125325
1350,22.5,feeder2_1425,0.03498007740093797,0.24220714347812936,0.03491105865018659,0.24189794544005827
1350,22.5,feeder2_1589,0.036956662571837204,0.24057152108474048,0.036887333094067554,0.24026307929750734
1350,22.5,feeder2_1435,0.034907726592852226,0.24196142349299496,0.03484228533090729,0.24165179452961977
1350,22.5,feeder2_1621,0.03155810892288925,0.23926732190083055,0.03149078650524528,0.23895465995350715
1350,22.5,feeder2_1564,0.034954307005358405,0.24239019650520807,0.03489311031429404,0.242081953323785
1350,22.5,feeder2_1704,0.01141950933171781,0.18684090882998844,0.01133268089728794,0.1863008639228008
1350,22.5,feeder2_1525,0.014078141386747369,0.18723997183072666,0.013989247694004699,0.18669704524197314
1350,22.5,feeder2_1716,0.011397622236077718,0.18880430216443786,0.011304301595443912,0.18825905983758895
1350,22.5,feeder2_1537,0.01403482528199842,0.1873044517137438,0.01394585950601483,0.1867536632586922
1350,22.5,feeder2_1645,0.014000235606184908,0.18726359797549658,0.013912190197857102,0.18671429791634675
1350,22.5,feeder2_1561,0.013997891367632007,0.187399316277761,0.013904560812630279,0.18684150168335298
1350,22.5,feeder2_1657,0.014603760500867207,0.18828059778537354,0.014512502741286461,0.18772214550638938
1350,22.5,feeder2_1570,0.013929302719997738,0.18721058162035803,0.013841018932481887,0.18665084115094682
1350,22.5,feeder2_1756,0.01948132951988981,0.19344742744338658,0.01939290145753657,0.19288738222674334
1350,22.5,feeder2_1588,0.013780642603781021,0.18663118748038168,0.013686617659394683,0.1860686072364032
1350,22.5,feeder2_1628,0.01440963965200467,0.18734675389749253,0.014319654917958669,0.18678519533825558
1350,22.5,feeder2_1598,0.013550022240937666,0.18569389445301476,0.013461580167463223,0.1851271912844984
1350,22.5,feeder2_1816,0.013286757680997413,0.1855070049603041,0.013195737939770616,0.18493914353415533
1350,22.5,feeder2_1765,0.010598669555727327,0.18433010750010137,0.010516458397781269,0.1837631888280603
1350,22.5,feeder2_1641,0.012588107470028797,0.18198447098639703,0.012493264786516745,0.18139710256290456
1350,22.5,feeder2_1689,0.011735230164665858,0.1786761418604604,0.01164216066009048,0.1780764529316679
1350,22.5,feeder2_1744,0.01268638125732395,0.18209304599802284,0.012590100444430385,0.1815104774556938
1350,22.5,feeder2_1817,0.011824402876798076,0.17728651849188162,0.011726310861440537,0.1766846622271472
1350,22.5,feeder2_1779,0.010313752758546025,0.178045250312794,0.010219940598366032,0.17744568359527912
1350,22.5,feeder2_1800,0.011807701444549793,0.17640816433339576,0.011705506534553722,0.17580918969909815
1350,22.5,feeder2_1818,0.0066706911271477674,0.17821468571903162,0.006554179936665452,0.17758622428694604
1350,22.5,feeder2_1753,0.012850829555680173,0.18227266142827409,0.012758050632789533,0.18168846428968138
1350,22.5,feeder2_1754,0.01271860956199232,0.18212904146108375,0.012624247894884102,0.1815460362281057
1380,23.0,secondary,0.024008473873571592,0.032122067132060006,0.023990990459769837,0.03211221984161773
1380,23.0,feeder2_44,0.04469976349297301,0.16761124651219653,0.04466854970524078,0.16755981617968674
1380,23.0,feeder2_45,0.04549167539073946,0.17291193405694225,0.045463254941556876,0.17286003643683215
1380,23.0,feeder2_46,0.0439500467432409,0.16713141261819436,0.04392717177449211,0.16708096367871564
1380,23.0,feeder2_51,0.046854370193017046,0.18202722452751852,0.04682307007372537,0.18197231363376765
1380,23.0,feeder2_48,0.045670644399707805,0.17355860523060673,0.04564659017315783,0.1735052670040215
1380,23.0,feeder2_52,0.07005586518484277,0.17115619310050756,0.0700352899243477,0.17112954822290743
1380,23.0,feeder2_68,0.0503164411527856,0.21147570175207797,0.05028140268870489,0.21140402531584446
1380,23.0,feeder2_69,0.05014050643951864,0.21135791055722125,0.05010966688769517,0.2112862101234217
1380,23.0,feeder2_71,0.050794641515602444,0.21539326571624176,0.050758321567812056,0.2153180601514006
1380,23.0,feeder2_72,0.050896534918270335,0.2156449306010143,0.05086772316270572,0.2155701324698241
1380,23.0,feeder2_73,0.05230965875691493,0.22763491862721374,0.05226999187053945,0.22755784735536458
1380,23.0,feeder2_74,0.05678688547071634,0.22430253394381106,0.0567565329408741,0.2242293634123893
1380,23.0,feeder2_77,0.05361717116335343,0.23857323585548484,0.053578027228171045,0.23848851823176875
1380,23.0,feeder2_79,0.05230659840411291,0.23920757149570152,0.05227184234203813,0.2391175470415049
1380,23.0,feeder2_81,0.055931423850736545,0.2557762135697775,0.05589067300030154,0.25568277105925674
1380,23.0,feeder2_82,0.05618436427814035,0.25638676511991904,0.056146800142984364,0.2562925703267877
1380,23.0,feeder2_116,0.06704401967398006,0.3326549482788132,0.06699294037414502,0.3325171373923099
1380,23.0,feeder2_119,0.06954953171585412,0.32978958416948295,0.06950410902700793,0.3296509629800298
1380,23.0,feeder2_120,0.0713095457613672,0.36270404196126904,0.07125752115936446,0.3625470965432218
1380,23.0,feeder2_248,0.07148608765013542,0.3624493209059237,0.07142989083012115,0.3622945212141843
1380,23.0,feeder2_124,0.07400929922180681,0.3813063477214547,0.07395710278695923,0.3811400040953422
1380,23.0,feeder2_282,0.07411213645979114,0.3814626130736119,0.07406035065325076,0.38129941721306676
1380,23.0,feeder2_275,0.07865591079243335,0.37610877575628876,0.07860122358731486,0.37594477450762054
1380,23.0,feeder2_151,0.07843260205664072,0.4169648778987018,0.07837218783385957,0.41678268910564736
1380,23.0,feeder2_295,0.07833629955678348,0.41690960317222037,0.0782772646439715,0.41672436195922663
1380,23.0,feeder2_311,0.07598525437021861,0.4156639646155224,0.07592358721443124,0.415479416674882
1380,23.0,feeder2_201,0.08661834831921872,0.4783766651574442,0.08655253148598883,0.4781623559269868
1380,23.0,feeder2_314,0.08702287020156914,0.47894620722642933,0.08695707715858644,0.4787329979573465
1380,23.0,feeder2_342,0.09848601730322457,0.5644919306288345,0.09841317377760647,0.5642366340613296
1380,23.0,feeder2_368,0.09808886542151585,0.5663530322894039,0.0980136386343496,0.5660937913632397
1380,23.0,feeder2_347,0.10452114192465753,0.6036164523084678,0.1044446752063333,0.6033557285505717
1380,23.0,feeder2_353,0.10727628060738319,0.621835007468104,0.10719684631238385,0.6215673628936398
1380,23.0,feeder2_518,0.10574801306701008,0.6060457929608648,0.1056719255813183,0.6057860133297749
1380,23.0,feeder2_365,0.11040692330628735,0.6424795737382311,0.11032140492893419,0.6422056812113669
1380,23.0,feeder2_653,0.10752132351485075,0.620929011629229,0.10744373851927873,0.6206607831900383
1380,23.0,feeder2_377,0.1122967268281109,0.6534551972269222,0.1122122065848478,0.653177833264645
1380,23.0,feeder2_622,0.10743512625238016,0.6437718246354063,0.10735281101412349,0.6434938838906246
1380,23.0,feeder2_451,0.09876416449062164,0.5671069091855209,0.09869243144055878,0.5668514817379066
1380,23.0,feeder2_383,0.09733781435275542,0.5689974121932851,0.09726128082837118,0.5687290094952973
1380,23.0,feeder2_385,0.11447781097424152,0.6661356616456542,0.11439447171538335,0.6658572406543707
1380,23.0,feeder2_621,0.11220072661020544,0.6533960951380363,0.1121190180252148,0.6531185311021948
1380,23.0,feeder2_611,0.09735855536286764,0.5688683245354854,0.09728222207264725,0.5686046323198775
1380,23.0,feeder2_405,0.09729412479580611,0.5691779279194328,0.0972180148700746,0.5689127374519596
1380,23.0,feeder2_461,0.12338019525425521,0.7180131903844756,0.12329061622615403,0.7177177597059229
1380,23.0,feeder2_594,0.11452244188677173,0.665966549842288,0.11443440622238019,0.665685781165422
1380,23.0,feeder2_732,0.0973291568935568,0.5689744523693211,0.09725134490314875,0.5687105592602152
1380,23.0,feeder2_417,0.09697998480808381,0.5706132411315479,0.09690775534474795,0.5703430665549841
1380,23.0,feeder2_663,0.09581753523078743,0.5711880274088953,0.09573841762479503,0.5709188357424874
1380,23.0,feeder2_444,0.09686508993701505,0.5716007909563333,0.0967895243408164,0.5713287605281874
1380,23.0,feeder2_759,0.11532281433081952,0.5944217051980658,0.11524582403877005,0.5941517526343186
1380,23.0,feeder2_842,0.09118750327791905,0.5693239951145542,0.09111092178658314,0.5690485247636367
1380,23.0,feeder2_459,0.09652417267880903,0.5706625570047108,0.09644710494209313,0.570390596976272
1380,23.0,feeder2_702,0.09720270510647497,0.5714840264284847,0.09712774855180419,0.5712100797818169
1380,23.0,feeder2_493,0.09514678562983495,0.5668016557018896,0.09507143277611016,0.5665225626901559
1380,23.0,feeder2_651,0.1231915459026489,0.71790557812962,0.12310645769433401,0.7176086767708564
1380,23.0,feeder2_684,0.13065275325833794,0.7605022166240155,0.13055909966391108,0.7601936563041126
1380,23.0,feeder2_674,0.09542742596050342,0.5659324366594056,0.09535144533604017,0.5656570495636459
1380,23.0,feeder2_696,0.09136134224671309,0.5594695264083664,0.0912860414531023,0.5591825961415213
1380,23.0,feeder2_681,0.09594057405574376,0.5652699976352562,0.09586503541107588,0.564994025719447
1380,23.0,feeder2_682,0.09592645394957335,0.5633519585873374,0.09585223128795163,0.5630802980984242
1380,23.0,feeder2_728,0.13081806787014844,0.7614920976273569,0.1307224992289439,0.761185194187033
1380,23.0,feeder2_724,0.13767887638791176,0.8018289396861306,0.13758225002467905,0.801512068940647
1380,23.0,feeder2_703,0.08888393939800919,0.5584467954696739,0.08880613669091375,0.5581574100012519
1380,23.0,feeder2_704,0.0859858725054633,0.557719377243103,0.08590704454332973,0.5574260606841045
1380,23.0,feeder2_754,0.13790157832620395,0.8021209666572617,0.13780605117153158,0.8018037649138596
1380,23.0,feeder2_747,0.1405150379151474,0.8185804779364274,0.14042078137708242,0.8182574999357612
1380,23.0,feeder2_828,0.13082199341859524,0.7614684140667676,0.13072647936175563,0.761161619362867
1380,23.0,feeder2_763,0.13106992137373863,0.7629835853964168,0.13097491224633578,0.7626765637924041
1380,23.0,feeder2_836,0.13502883993718973,0.8168043684077972,0.13492720041591133,0.8164793524870895
1380,23.0,feeder2_758,0.14337224579835528,0.8340563933462721,0.14327407825647495,0.8337310984549635
1380,23.0,feeder2_788,0.14365542423156388,0.8344335018857004,0.14355648021925016,0.8341055644082317
1380,23.0,feeder2_812,0.152068660990899,0.8814226449944096,0.15196325651173131,0.8810891925786442
1380,23.0,feeder2_947,0.13399029724281186,0.768558224725844,0.1338954680088943,0.768251876104962
1380,23.0,feeder2_868,0.13123685086069173,0.763201234026288,0.1311415508179919,0.7628961178989465
1380,23.0,feeder2_785,0.13092325764679114,0.762518092387548,0.13082621911768388,0.7622110461333512
1380,23.0,feeder2_1176,0.12772235198409024,0.7605989761685923,0.12763331623243068,0.7602891615671117
1380,23.0,feeder2_846,0.1309526209653801,0.7623903054528045,0.13086164473260212,0.7620803552517993
1380,23.0,feeder2_911,0.13095114676940847,0.7626223033231347,0.13085680925224744,0.7623139090907697
1380,23.0,feeder2_1107,0.15106683219305944,0.8777901254617726,0.1509632487205034,0.8774645401530707
1380,23.0,feeder2_920,0.15478819402157004,0.8957839504150142,0.15468073187170908,0.8954463095116809
1380,23.0,feeder2_926,0.15889800807693527,0.9173908908319518,0.15879373915124337,0.9170438347748651
1380,23.0,feeder2_1239,0.15472319380233346,0.8955398389952877,0.15461810327571415,0.8952011700312518
1380,23.0,feeder2_933,0.1606851621280047,0.9267381981079403,0.16057584434872055,0.9263860296720392
1380,23.0,feeder2_1146,0.1590545555030487,0.9184211620470437,0.1589502220916381,0.9180722145413582
1380,23.0,feeder2_1124,0.16034622758797318,0.9263939018760936,0.16023926968497074,0.9260457367206906
1380,23.0,feeder2_942,0.16524182306816895,0.9507473834960053,0.16512833535071603,0.9503887245330694
1380,23.0,feeder2_952,0.16436713511398018,0.9513460818647349,0.1642528663572165,0.9509757535426514
1380,23.0,feeder2_965,0.16622794089265952,0.9552668320299394,0.1661195209622004,0.9549085446015957
1380,23.0,feeder2_961,0.16420963818231477,0.9510872661679043,0.16409506737504628,0.9507156709101768
1380,23.0,feeder2_963,0.16438066544088478,0.9514155315875211,0.16426966505502077,0.951043557130643
1380,23.0,feeder2_973,0.1635249861761394,0.9504247710407823,0.1634107539215941,0.9500460460775622
1380,23.0,feeder2_1128,0.16394717806909256,0.94985754892983,0.16383331700823625,0.9494852595291089
1380,23.0,feeder2_1113,0.16441503791027773,0.9518227520917016,0.1642987027269945,0.9514508247170452
1380,23.0,feeder2_1143,0.1651216036263587,0.9549375942591292,0.165008008653878,0.9545648148634375
1380,23.0,feeder2_1238,0.22783844111525642,1.031734941013207,0.2277178265817176,1.0313723261277228
1380,23.0,feeder2_979,0.16623198664779157,0.954999206694024,0.16612447557464521,0.9546415271820464
1380,23.0,feeder2_1236,0.16251650908270396,0.9495383888344122,0.16240054461381237,0.9491444905456177
1380,23.0,feeder2_989,0.16352487400598734,0.9504238511651907,0.16340882203197687,0.9500450971730378
1380,23.0,feeder2_1196,0.16703169079251237,0.9538110907438409,0.16692186761391595,0.9534491844562459
1380,23.0,feeder2_1158,0.16340314387656574,0.9503196441376717,0.16328823769689468,0.9499385960424332
1380,23.0,feeder2_1122,0.15103335447082658,0.8762462922873675,0.15093044993175808,0.8759282152334033
1380,23.0,feeder2_1258,0.14934036435449433,0.8782690774901656,0.14923832137377024,0.8779452727045993
1380,23.0,feeder2_1303,0.15102639152122802,0.8773878679766952,0.15092323281221331,0.8770699352473311
1380,23.0,feeder2_1138,0.1509518525361561,0.8746440669477227,0.15085139349731203,0.8743323907548175
1380,23.0,feeder2_1304,0.15230836506220327,0.8728048737638464,0.15220653836988324,0.8724916951405352
1380,23.0,feeder2_1212,0.1507541864459051,0.8727750184747166,0.15065306397258788,0.8724722268052274
1380,23.0,feeder2_1311,0.1507705971798209,0.8739041781014997,0.1506700945895439,0.8736015497083987
1380,23.0,feeder2_1290,0.15039723498234997,0.8696705281712949,0.1502963393241278,0.86937393415067
1380,23.0,feeder2_1325,0.16127923809952463,0.9489129859628955,0.16116083725865357,0.9485058102540939
1380,23.0,feeder2_1248,0.16251207218402783,0.9495360443812462,0.1623966870019865,0.9491425963775619
1380,23.0,feeder2_1249,0.24691302870750334,1.0540309455508503,0.24679281466076092,1.0536659998833613
1380,23.0,feeder2_1250,0.22789237105362464,1.0317962631401743,0.22777265974513078,1.0314333421371709
1380,23.0,feeder2_1366,0.16149315951291515,0.949035642939188,0.1613789565765354,0.9486436016373551
1380,23.0,feeder2_1266,0.1486106061142821,0.8785367361812109,0.14850648667671892,0.8782093649640461
1380,23.0,feeder2_1372,0.1516532019589314,0.8721952173121673,0.1515469647538139,0.87190202610037
1380,23.0,feeder2_1363,0.14939008813629384,0.8629642844189055,0.14928720166476103,0.8626800242953854
1380,23.0,feeder2_1446,0.1614101796880201,0.9490826033080272,0.1612874819525187,0.9486770747548261
1380,23.0,feeder2_1502,0.1598461104348073,0.9479928963256482,0.15972178164841996,0.9475696987308226
1380,23.0,feeder2_1428,0.1506856555918859,0.8614689010132,0.15058596200059224,0.86118326884807
1380,23.0,feeder2_1380,0.14800108299643655,0.8574151750376022,0.14790206484122087,0.8571395480288643
1380,23.0,feeder2_1550,0.1477919510613967,0.8588449765966722,0.14769504341545703,0.8585704874574379
1380,23.0,feeder2_1386,0.14725763968842337,0.8540351905601167,0.1471587129473812,0.853767908152527
1380,23.0,feeder2_1551,0.1474195113150925,0.8537880410813135,0.1473256684001471,0.8535167603322307
1380,23.0,feeder2_1400,0.14692098361772762,0.8524935383381023,0.14682034197476262,0.8522265821705437
1380,23.0,feeder2_1552,0.1469379345460346,0.8524537417481313,0.14684095546028064,0.8521875098513938
1380,23.0,feeder2_1408,0.14624434576545364,0.8493533370606574,0.14614223214529423,0.8490923735343464
1380,23.0,feeder2_1553,0.15162472201409163,0.8434315125021632,0.15153429488131356,0.8431786688101205
1380,23.0,feeder2_1416,0.14611114211261844,0.8487817751599138,0.14601503027891244,0.8485183695996983
1380,23.0,feeder2_1530,0.14629056805864601,0.8490327994459033,0.14619546359943503,0.8487704718169031
1380,23.0,feeder2_1425,0.1458300800237816,0.8475644871684384,0.14573155608200117,0.8473000196789682
1380,23.0,feeder2_1589,0.14589383353105287,0.847477532249632,0.1457982930640368,0.8472127681868465
1380,23.0,feeder2_1435,0.14577486844380963,0.8473258506856121,0.14567966566366947,0.8470606314619912
1380,23.0,feeder2_1621,0.14265646233244272,0.8450441001064207,0.14255976772512335,0.8447808674467955
1380,23.0,feeder2_1564,0.14565688087150955,0.8473456764549956,0.14555653810323563,0.8470856559220592
1380,23.0,feeder2_1704,0.15957956621096026,0.947825418641046,0.15945296524466354,0.9474014374450547
1380,23.0,feeder2_1525,0.1594916306062059,0.9478272836349478,0.15937074329092574,0.9473983302774827
1380,23.0,feeder2_1716,0.15931021748816132,0.9476971531022399,0.15918398445604065,0.9472705072978886
1380,23.0,feeder2_1537,0.15909882334559383,0.9476645047663897,0.15897083551473012,0.9472329013713235
1380,23.0,feeder2_1645,0.15908134442153282,0.9476455047222517,0.15895317272444964,0.9472113994662077
1380,23.0,feeder2_1561,0.1586621194766416,0.9474857074756063,0.15853189102987536,0.9470466418219723
1380,23.0,feeder2_1657,0.1587790602863706,0.9476351413288855,0.15864827939649243,0.9471982003131149
1380,23.0,feeder2_1570,0.15846626269685804,0.9473728507568184,0.1583335269454878,0.9469344309023204
1380,23.0,feeder2_1756,0.1587057192542335,0.9494199727169368,0.15857741877236478,0.9489813434881228
1380,23.0,feeder2_1588,0.15826093357742013,0.9471255653068232,0.15813199611071216,0.9466853975267536
1380,23.0,feeder2_1628,0.15889779226069106,0.9479271200049328,0.15876734540966872,0.9474857785408523
1380,23.0,feeder2_1598,0.15795369906069873,0.9465866899562384,0.15782507138043597,0.9461410921093056
1380,23.0,feeder2_1816,0.1576460617331649,0.9463303953544708,0.1575184071911716,0.9458850826221348
1380,23.0,feeder2_1765,0.15405241877256554,0.9440099496979659,0.15392465305707684,0.9435600738445811
1380,23.0,feeder2_1641,0.1566985506618114,0.9453802821848505,0.1565662392441359,0.9449203006944585
1380,23.0,feeder2_1689,0.15548007606423253,0.9434046508525982,0.15534596669569647,0.9429350062322092
1380,23.0,feeder2_1744,0.1567752225381399,0.9459316780109747,0.15664278203014237,0.9454741617690622
1380,23.0,feeder2_1817,0.15547137320953278,0.9433774036191098,0.1553353878508771,0.9429048821655789
1380,23.0,feeder2_1779,0.154444849876564,0.9438587865361521,0.15431419072812397,0.9433860573031403
1380,23.0,feeder2_1800,0.15573800141723235,0.9420273026367224,0.1555999739959773,0.941560618244913
1380,23.0,feeder2_1818,0.1482786616875669,0.9360739309059346,0.1481265799178262,0.9355738489171854
1380,23.0,feeder2_1753,0.15690380825850433,0.9475196831564938,0.15677247647502596,0.9470621535024395
1380,23.0,feeder2_1754,0.1568049052502884,0.9459682216094851,0.15666820899991618,0.945509969554448
1410,23.5,secondary,0.01954092092695796,0.021944487438337636,0.019531216051922082,0.021927038942609296
1410,23.5,feeder2_44,0.03636484287073744,0.11445140519057312,0.036354007017035575,0.11437267604283423
1410,23.5,feeder2_45,0.0369825165986878,0.11800605554947712,0.03697440948180765,0.11792576317531127
1410,23.5,feeder2_46,0.03703640474940458,0.11472570643566454,0.03702585635733323,0.11464718398307833
1410,23.5,feeder2_51,0.03806953506420949,0.12428262722557837,0.03805999228080662,0.12419693885546103
1410,23.5,feeder2_48,0.03697678196428602,0.11736843983644098,0.03696446488315911,0.11728563310221508
1410,23.5,feeder2_52,0.033942305851541454,0.1277768179273842,0.033930716841102715,0.127685504304821
1410,23.5,feeder2_68,0.04131997791079579,0.1409304719463432,0.04130796083881914,0.14083148717362085
1410,23.5,feeder2_69,0.041481631930376,0.14101234220584086,0.0414733027292402,0.14091513377568243
1410,23.5,feeder2_71,0.04174914062902126,0.14313735398236754,0.04173660967778265,0.14303821211790382
1410,23.5,feeder2_72,0.04172448623744637,0.14288624732327143,0.04171164391506409,0.14278690284053136
1410,23.5,feeder2_73,0.04309696090251566,0.15008222407999647,0.043081057264294606,0.14997957745395302
1410,23.5,feeder2_74,0.03751990328732978,0.15475078414440746,0.037499981955067596,0.1546417797240027
1410,23.5,feeder2_77,0.04435642814891933,0.15545821533327014,0.04434297826533665,0.15535124318146667
1410,23.5,feeder2_79,0.044697449707232766,0.15562248110603943,0.04468229044440208,0.15551638092475784
1410,23.5,feeder2_81,0.04631415412890662,0.16393249590832437,0.04629934955880133,0.16382615826816743
1410,23.5,feeder2_82,0.04629528330444359,0.16332713384961425,0.046278944386418934,0.16321940615833683
1410,23.5,feeder2_116,0.055163625218290956,0.2031718897072743,0.05515404784506647,0.2030487147077954
1410,23.5,feeder2_119,0.053024943061753316,0.2046379935940646,0.053009639818720325,0.20451131853362506
1410,23.5,feeder2_120,0.05857087581198786,0.21727189836814642,0.058556515992490406,0.2171421439241841
1410,23.5,feeder2_248,0.05816809552139804,0.2175206196616479,0.0581538335694823,0.2173921817363824
1410,23.5,feeder2_124,0.060684679844164535,0.22592635705900102,0.060674991646550436,0.22579623938764776
1410,23.5,feeder2_282,0.060666481558368776,0.22577251530171977,0.06065276383599579,0.22564407851129223
1410,23.5,feeder2_275,0.05948050387788636,0.22718818944324026,0.05946705933004245,0.22705824738826103
1410,23.5,feeder2_151,0.06454499613786738,0.24039464519984016,0.06453248005109354,0.24026270035540603
1410,23.5,feeder2_295,0.0646376590805341,0.24045722351212911,0.06462668644203103,0.24032616345400548
1410,23.5,feeder2_311,0.06662420486288498,0.24177782263163097,0.06661250113116814,0.24164956569640966
1410,23.5,feeder2_201,0.0703433173803679,0.26271170023256774,0.0703338758422272,0.262573072514488
1410,23.5,feeder2_314,0.07199338211455357,0.2603935891656534,0.07198544601883379,0.2602527158267683
1410,23.5,feeder2_342,0.07844704819916466,0.299836453281238,0.07843581697845808,0.2996916872117741
1410,23.5,feeder2_368,0.08221854239733471,0.30794458424665416,0.08220599846654848,0.30781455967470095
1410,23.5,feeder2_347,0.0771005459988484,0.30356029415304936,0.07708948960405429,0.30338284936272264
1410,23.5,feeder2_353,0.07661513058077689,0.3071292766476261,0.07660654911262385,0.30693092585159854
1410,23.5,feeder2_518,0.07696113798118384,0.30069253820453673,0.07695509916940077,0.3005129668708938
1410,23.5,feeder2_365,0.07615299552783777,0.3109468487886517,0.07614127272018421,0.3107326574128059
1410,23.5,feeder2_653,0.07540258955252757,0.307833738260233,0.07538615965743563,0.30763343225048756
1410,23.5,feeder2_377,0.07580721410631291,0.3131033782799945,0.07579661942914015,0.3128789022625757
1410,23.5,feeder2_622,0.07710400660536094,0.3107009079501069,0.07708934673740772,0.3104884670481619
1410,23.5,feeder2_451,0.08335531885356151,0.3057097952178701,0.08334810915018524,0.30557924627266503
1410,23.5,feeder2_383,0.08823826947303282,0.323619727772197,0.08822217838856902,0.32351719911865606
1410,23.5,feeder2_385,0.07540284583997027,0.31563108786890126,0.07538807221783128,0.31539272800863266
1410,23.5,feeder2_621,0.0759068971753287,0.31316657753677907,0.07588943157674778,0.31293981192946047
1410,23.5,feeder2_611,0.08806057674853728,0.3236875485492808,0.08805168177122041,0.3235815696303138
1410,23.5,feeder2_405,0.08861684827144868,0.3246238592510724,0.08860685426174297,0.32452261933630244
1410,23.5,feeder2_461,0.07382514620180235,0.32633924620949284,0.07381204527415176,0.32604566118018335
1410,23.5,feeder2_594,0.07514738557705096,0.3157955838967512,0.07512941822825592,0.31555549211316647
1410,23.5,feeder2_732,0.08833934238297136,0.3247314371774233,0.08832201474673759,0.32462903721379577
1410,23.5,feeder2_417,0.09148218389464063,0.3322689160853777,0.09146840029404457,0.33217862663471864
1410,23.5,feeder2_663,0.09163236660337412,0.332401075994044,0.09162341149148052,0.3323089476897968
1410,23.5,feeder2_444,0.0936478910428329,0.3381474453466166,0.09363808798126354,0.3380640459856674
1410,23.5,feeder2_759,0.09326300115391695,0.3343169545333711,0.0932479255828066,0.33423893206258604
1410,23.5,feeder2_842,0.11990395594299828,0.35919361461289867,0.11988302265039066,0.3591418334352565
1410,23.5,feeder2_459,0.09396262482879925,0.3391639085497402,0.09394933294531636,0.33908226173905975
1410,23.5,feeder2_702,0.09376012583733782,0.3375030146973785,0.09374775067970677,0.3374220930264459
1410,23.5,feeder2_493,0.095242120676674,0.3436702446690664,0.09522423840179174,0.3435920408516088
1410,23.5,feeder2_651,0.07401345608019323,0.32643629410113373,0.07399422146472288,0.3261429792923405
1410,23.5,feeder2_684,0.07251221450422247,0.33567802376584005,0.07249640410341017,0.3353391180301257
1410,23.5,feeder2_674,0.09442871343004794,0.34394388809367765,0.09441509170661594,0.34386388123123574
1410,23.5,feeder2_696,0.09967368946675764,0.3560910302629044,0.0996567022797957,0.35603077392118376
1410,23.5,feeder2_681,0.09436488471313904,0.3439552275523852,0.0943474691974205,0.34387523510378776
1410,23.5,feeder2_682,0.09120114257275182,0.34508897984207854,0.09118033433886565,0.34500250316186665
1410,23.5,feeder2_728,0.07259420140205752,0.3339953061666031,0.0725807769296863,0.333655931977214
1410,23.5,feeder2_724,0.07128035542575528,0.3497475901025739,0.07125637031630927,0.34936414202376787
1410,23.5,feeder2_703,0.10362929697480441,0.35936600927933793,0.10360891224426914,0.35930726537408425
1410,23.5,feeder2_704,0.10391987936685335,0.35960252416284894,0.10390425709726701,0.35954393430642717
1410,23.5,feeder2_754,0.07122888033845749,0.3494607028044287,0.0712109556623153,0.34907761181171987
1410,23.5,feeder2_747,0.07081966389953923,0.3558059175915638,0.07079498592981914,0.3554053487111962
1410,23.5,feeder2_828,0.07255477032172376,0.3340247881101591,0.07254116034015325,0.3336852032070285
1410,23.5,feeder2_763,0.07273506551850484,0.3314725349727465,0.07271551800999844,0.3311342757190904
1410,23.5,feeder2_836,0.07533177281076413,0.35753732119303244,0.07530855270940766,0.35714415186185516
1410,23.5,feeder2_758,0.06997355806137931,0.360177209822904,0.06994495227252655,0.35975653191486767
1410,23.5,feeder2_788,0.06990372919035531,0.35980868980891356,0.06987558048980538,0.35938548424872624
1410,23.5,feeder2_812,0.0675164781707746,0.37486034399071305,0.06748609567847473,0.3743796121497031
1410,23.5,feeder2_947,0.0723007728731842,0.325099455146471,0.07229876833954313,0.3247604471380534
1410,23.5,feeder2_868,0.0727069076929741,0.3312579439829749,0.07269439892520636,0.3309174967833788
1410,23.5,feeder2_785,0.07300061791019423,0.3314705450378038,0.07298422955519053,0.33112898021559645
1410,23.5,feeder2_1176,0.07610639209770348,0.33309633806322303,0.07608748820981999,0.3327627575903476
1410,23.5,feeder2_846,0.07279672138396885,0.33162619376961444,0.07278481044217354,0.3312853679603015
1410,23.5,feeder2_911,0.07321539074013594,0.33045634814136704,0.07319675511319026,0.3301131626405458
1410,23.5,feeder2_1107,0.06562318476823231,0.3908994100851557,0.06558527842723758,0.39039643561338416
1410,23.5,feeder2_920,0.06739213499398988,0.3747880442598805,0.06735697394681352,0.37429980704179405
1410,23.5,feeder2_926,0.06723716148075823,0.3743264425563983,0.06720895440376928,0.37382590147115247
1410,23.5,feeder2_1239,0.06735720300610037,0.3752126211936351,0.06732029460638433,0.37472265067670035
1410,23.5,feeder2_933,0.06717412767368469,0.37415516816119426,0.06714008631587949,0.37364654811380243
1410,23.5,feeder2_1146,0.06721239587876253,0.37417742055140063,0.067180718200137,0.37367465249191034
1410,23.5,feeder2_1124,0.06809323696721188,0.3737603617506301,0.0680609200273453,0.3732556054145205
1410,23.5,feeder2_942,0.0667500368390208,0.3739860932983862,0.06671788626399627,0.3734581365797239
1410,23.5,feeder2_952,0.06646791916540032,0.37582949483667843,0.0664337437309183,0.3752845898895567
1410,23.5,feeder2_965,0.06670571750704322,0.37371729342925486,0.06667021567218329,0.37319131392112076
1410,23.5,feeder2_961,0.06647856052836573,0.3762969545431572,0.06644735604634201,0.375744867587729
1410,23.5,feeder2_963,0.06645910922348074,0.37577204493716304,0.06642787771425823,0.3752244835732914
1410,23.5,feeder2_973,0.06664299434971771,0.37760279490104715,0.06661766445802683,0.3770439347150665
1410,23.5,feeder2_1128,0.06629634595995566,0.3783486473147236,0.06626526837274806,0.37779228319069014
1410,23.5,feeder2_1113,0.06643644268438617,0.3757088507108503,0.06640092674874623,0.3751629495953692
1410,23.5,feeder2_1143,0.06587859833196606,0.37195741541206273,0.06584651220559225,0.37140774763278
1410,23.5,feeder2_1238,0.06722179374740726,0.3684189182714936,0.06720055147415253,0.3678862014775793
1410,23.5,feeder2_979,0.06669695713927958,0.3738244191749288,0.06667055912285812,0.37329919339570433
1410,23.5,feeder2_1236,0.06686508137519119,0.37948492518091986,0.06683369586266247,0.3789078520852062
1410,23.5,feeder2_989,0.0666432290640974,0.377603417976102,0.06661766445802683,0.3770439347150665
1410,23.5,feeder2_1196,0.06619865421742539,0.3743257188578251,0.06616917129596434,0.3738013606907556
1410,23.5,feeder2_1158,0.06678806911573147,0.37766953022199806,0.06675451076679356,0.37711100896803246
1410,23.5,feeder2_1122,0.0648077896769287,0.39748162138872045,0.06476937092937887,0.39696676341481946
1410,23.5,feeder2_1258,0.06611658925214382,0.3906249395185803,0.0660802023409553,0.39012360871375645
1410,23.5,feeder2_1303,0.06475454335546114,0.39735837651030376,0.06471772849338533,0.39684566519508324
1410,23.5,feeder2_1138,0.06419181307151213,0.4027852829846315,0.06414777580744888,0.40226472200425806
1410,23.5,feeder2_1304,0.06301347725378412,0.40420077332307586,0.06296557725484782,0.4036791148218105
1410,23.5,feeder2_1212,0.06298691568526958,0.41313377425536363,0.06294589994911196,0.4126014802919537
1410,23.5,feeder2_1311,0.06462415972479658,0.4121599002192219,0.06458742626089889,0.41162211551564754
1410,23.5,feeder2_1290,0.061586307921270185,0.42716654726829334,0.06153392082259996,0.4266193474174755
1410,23.5,feeder2_1325,0.06687334670018644,0.38179027659270154,0.06684342678334713,0.3811908573268684
1410,23.5,feeder2_1248,0.06687082009543771,0.3794856216704193,0.06683927032999465,0.3789089603546954
1410,23.5,feeder2_1249,0.06747158645930292,0.3669029942226808,0.06745798646083427,0.36636886069772356
1410,23.5,feeder2_1250,0.0672104675779231,0.36836021265149654,0.06718928450562504,0.367829928316955
1410,23.5,feeder2_1366,0.06820862859137788,0.3796037641394631,0.06818030060677965,0.3790315130812817
1410,23.5,feeder2_1266,0.06618133613637524,0.39065181127530674,0.06613688491848442,0.3901489348275501
1410,23.5,feeder2_1372,0.06070329291812444,0.42537070895374285,0.06065582940007987,0.4248260089023623
1410,23.5,feeder2_1363,0.06073765097623164,0.4449965597612227,0.06067691364869621,0.44444083697278597
1410,23.5,feeder2_1446,0.0668378135579723,0.38162749255464246,0.06680732490155511,0.38102863827316535
1410,23.5,feeder2_1502,0.06691988900968365,0.38459863334669214,0.06689371285894492,0.3839762428524606
1410,23.5,feeder2_1428,0.060460022025678975,0.4454108336734506,0.06040258938455877,0.44485332549239154
1410,23.5,feeder2_1380,0.05997773233799355,0.46623049259045624,0.05990806293209174,0.46566063990518597
1410,23.5,feeder2_1550,0.06039701844954615,0.4659413380842824,0.0603283686885549,0.465368902135645
1410,23.5,feeder2_1386,0.05973065152989223,0.4768523396120156,0.059655871685989945,0.47627779759336364
1410,23.5,feeder2_1551,0.05635784816864526,0.480733187251815,0.056283653574636765,0.4801611418508025
1410,23.5,feeder2_1400,0.05974811277190768,0.4810152254260479,0.05967241328647361,0.4804381597402502
1410,23.5,feeder2_1552,0.059686781077864244,0.4811693627847397,0.059617239116899874,0.48059425882845613
1410,23.5,feeder2_1408,0.059817964251503826,0.48958197943675336,0.05973927722854152,0.4889990411340759
1410,23.5,feeder2_1553,0.05263782402630531,0.5062776276458434,0.05253158500722126,0.5056859911062513
1410,23.5,feeder2_1416,0.05988294151556985,0.49055274160078166,0.059802605795216214,0.4899735346518455
1410,23.5,feeder2_1530,0.059737955393078794,0.49031733483634027,0.05966256740121776,0.4897396745375018
1410,23.5,feeder2_1425,0.060032481210041164,0.4925338229276018,0.05995523485621757,0.4919558189537125
1410,23.5,feeder2_1589,0.05993007628568642,0.4927384264858426,0.059849088689524425,0.49215891523042365
1410,23.5,feeder2_1435,0.060062110288309586,0.492915004303638,0.059984511883921426,0.49233493021502844
1410,23.5,feeder2_1621,0.06353009480481431,0.49360681093872755,0.06345257808685566,0.49303363546431267
1410,23.5,feeder2_1564,0.05974801156470187,0.4963117880908636,0.059665881965631974,0.4957312691718976
1410,23.5,feeder2_1704,0.06719593769900266,0.3846811197294062,0.06716503603263868,0.38405815490248313
1410,23.5,feeder2_1525,0.06690982075204195,0.3852812519890746,0.06688529320766756,0.3846539799519541
1410,23.5,feeder2_1716,0.06764006325540294,0.3840738748922592,0.06760701474726534,0.3834463167525491
1410,23.5,feeder2_1537,0.06684676173001482,0.38620721928170265,0.06682144957353887,0.38557123643026375
1410,23.5,feeder2_1645,0.06585431503089495,0.3872602269136487,0.06582837178232867,0.3866213669991995
1410,23.5,feeder2_1561,0.06688985939532711,0.3866690838749393,0.06685925514299783,0.3860204602188508
1410,23.5,feeder2_1657,0.06685976194004024,0.3865251628867423,0.06682956220566122,0.3858760307087108
1410,23.5,feeder2_1570,0.0669139487336428,0.38690445413086616,0.06688689439562139,0.38625144358631364
1410,23.5,feeder2_1756,0.07085364219976019,0.3847057888532331,0.07083574940718751,0.38404392652684005
1410,23.5,feeder2_1588,0.06692028370773112,0.3872996452502669,0.06689571825162902,0.3866457749163996
1410,23.5,feeder2_1628,0.06676228419690142,0.3865550911343763,0.0667382189789242,0.38590115245845313
1410,23.5,feeder2_1598,0.06695980736040939,0.3880177888210068,0.06693255261756298,0.3873577450727564
1410,23.5,feeder2_1816,0.06732182028537487,0.3881756936756012,0.06730240512604914,0.38751633842681693
1410,23.5,feeder2_1765,0.07070968308638513,0.38929847035395215,0.07067989231275498,0.38864697243523105
1410,23.5,feeder2_1641,0.06675060056644928,0.3907524849354811,0.06672631127764674,0.3900683552811551
1410,23.5,feeder2_1689,0.06652925664482295,0.39380991241320923,0.06650495316987598,0.3931086105680619
1410,23.5,feeder2_1744,0.06729337161888144,0.3903691655080234,0.06727103132768436,0.38968396131160293
1410,23.5,feeder2_1817,0.06652466970833892,0.3938617926906788,0.06649334068507107,0.3931607665359361
1410,23.5,feeder2_1779,0.06673813004650124,0.3933775852367347,0.06671250463777101,0.3926787045779298
1410,23.5,feeder2_1800,0.061929189750438665,0.3985547868566607,0.06190003476109552,0.39784990961866173
1410,23.5,feeder2_1818,0.06908297424330274,0.39260424846900394,0.06908121160505042,0.39186872480986307
1410,23.5,feeder2_1753,0.06723843158259138,0.39019208746005735,0.0672126150793246,0.389507597061279
1410,23.5,feeder2_1754,0.06768377428338349,0.39014383623679705,0.06766006880846741,0.3894561018933245
1440,24.0,secondary,0.020633870194166747,0.019177742806070784,0.02060686450469491,0.019145967627982763
1440,24.0,feeder2_44,0.03839934945163825,0.10002295074202815,0.038346671896931986,0.09985840417936237
1440,24.0,feeder2_45,0.03900528403843023,0.10341523897921927,0.0389481784167189,0.10324021546225315
1440,24.0,feeder2_46,0.040473861796361095,0.09671815253007882,0.04042148766555698,0.0965489622914718
1440,24.0,feeder2_51,0.04007633990289749,0.10938753159862742,0.04002181272814232,0.10920953493445522
1440,24.0,feeder2_48,0.03880607760537384,0.10294156147163924,0.03875057614387675,0.10276993646334942
1440,24.0,feeder2_52,0.034208332566503366,0.11709431703645191,0.034155177332790373,0.11691543801883675
1440,24.0,feeder2_68,0.04336409441783837,0.12335858224391577,0.04330344519521759,0.12315490647882399
1440,24.0,feeder2_69,0.043539971664315884,0.12333121050009234,0.04348349762474915,0.12313001403524303
1440,24.0,feeder2_71,0.043797872346630955,0.12521018718297114,0.04373531485229518,0.12500062747902138
1440,24.0,feeder2_72,0.04370143474461002,0.12501200456403827,0.043639309781155905,0.12480151272523182
1440,24.0,feeder2_73,0.04516081018408917,0.13103133883942303,0.045099739490456654,0.13081427802202966
1440,24.0,feeder2_74,0.04066283794194618,0.1392133731991603,0.04059464462149612,0.1389946750314827
1440,24.0,feeder2_77,0.04636373191035397,0.13481432039599756,0.046295423285603106,0.13458301628061853
1440,24.0,feeder2_79,0.04825694943885058,0.13137468472530825,0.04819328782246182,0.1311462935693344
1440,24.0,feeder2_81,0.04799551902367274,0.14202192794903815,0.04792272869339814,0.14177842767019247
1440,24.0,feeder2_82,0.047806599090520596,0.14156540535071876,0.0477421980324732,0.14132752235976018
1440,24.0,feeder2_116,0.05543233032776993,0.17491962513595946,0.055355173776170136,0.17461496145717234
1440,24.0,feeder2_119,0.052203748847043104,0.1800736066154206,0.05212172544546246,0.17976774284015257
1440,24.0,feeder2_120,0.0583084816994537,0.18443409745155256,0.058228822655749336,0.18410559745257926
1440,24.0,feeder2_248,0.057992892863121905,0.1849079154992222,0.05790633160519484,0.18457459974594337
1440,24.0,feeder2_124,0.060092978858361956,0.19012003382389026,0.06000587663325464,0.1897716216660878
1440,24.0,feeder2_282,0.06003785682559936,0.18999137256329324,0.05995611837726579,0.18964718273308911
1440,24.0,feeder2_275,0.058854299083371225,0.19130555304196759,0.05877101954733341,0.19096080936731213
1440,24.0,feeder2_151,0.06338029380259455,0.19932286858292586,0.06328914515793393,0.198945664143003
1440,24.0,feeder2_295,0.06347966889473765,0.19931745306116236,0.06338974454162247,0.19894272042283392
1440,24.0,feeder2_311,0.06567374032645565,0.19909804054097677,0.06559014640284427,0.19872198597105012
1440,24.0,feeder2_201,0.0682712272157575,0.21468389882670472,0.06817403024085346,0.21426861272205228
1440,24.0,feeder2_314,0.06839400786633407,0.21354417635074263,0.06830076577332173,0.2131327640303264
1440,24.0,feeder2_342,0.07564831648316245,0.2391920560777518,0.07554492432903656,0.2387160149876921
1440,24.0,feeder2_368,0.0788250336297499,0.2398438113538846,0.07871971430404819,0.2393511315989348
1440,24.0,feeder2_347,0.07495424750503862,0.25125385376896237,0.07484365718243619,0.25077463330458527
1440,24.0,feeder2_353,0.07481604780082779,0.2589064743538852,0.07470274664346503,0.2584271183883872
1440,24.0,feeder2_518,0.07431094742022527,0.24928309890591896,0.07420508896108537,0.24880699942139675
1440,24.0,feeder2_365,0.07470347360650188,0.2669999691566355,0.07459075466887406,0.2665215330053127
1440,24.0,feeder2_653,0.07384632077188555,0.26031995466215896,0.07373213627716327,0.25984034083023744
1440,24.0,feeder2_377,0.07460796033031308,0.2715410747918879,0.07449202312273645,0.2710627283036035
1440,24.0,feeder2_622,0.0753735372835182,0.26687750828779827,0.07525703167176737,0.26640038683820977
1440,24.0,feeder2_451,0.07875395321969458,0.23961459879353722,0.07864495497588804,0.23911856302200135
1440,24.0,feeder2_383,0.08400170517387702,0.24234390766761504,0.08389597039670386,0.2418313958497078
1440,24.0,feeder2_385,0.07449190049174276,0.2768869917618458,0.07437258292297678,0.2764072645380698
1440,24.0,feeder2_621,0.07471285724653826,0.2715193660418269,0.07459118406189381,0.2710354882028957
1440,24.0,feeder2_611,0.08384904169445234,0.24253621786223073,0.08374220600314138,0.24202139960515479
1440,24.0,feeder2_405,0.08432685069680208,0.24254154863590943,0.0842220770275454,0.2420268506429292
1440,24.0,feeder2_461,0.07405850291636418,0.2991241680931815,0.07392995724455236,0.2986512050350074
1440,24.0,feeder2_594,0.07427726867040348,0.2772116921868865,0.074151337047681,0.2767298592123339
1440,24.0,feeder2_732,0.07862567204816102,0.24823588324715185,0.07852004072682456,0.24771597107205562
1440,24.0,feeder2_417,0.08712918484329112,0.24293815635965374,0.08702442244713099,0.24241684116895132
1440,24.0,feeder2_663,0.08770641020185287,0.24193838070175555,0.08759649673110376,0.2414126445357151
1440,24.0,feeder2_444,0.08917803964104887,0.24372068336499922,0.0890724630675352,0.24319234736954304
1440,24.0,feeder2_759,0.08971540283194994,0.23956921348172516,0.08960960068229563,0.23904315876705357
1440,24.0,feeder2_842,0.11420555672200536,0.2475628722181613,0.11409627891615884,0.2470138725042992
1440,24.0,feeder2_459,0.08948657799026144,0.24404151566690893,0.08938618600116659,0.24351369473848264
1440,24.0,feeder2_702,0.08994558878848713,0.24139384576400907,0.0898382867465734,0.24086726922097887
1440,24.0,feeder2_493,0.09074562963258023,0.24643607313244945,0.09064026821548764,0.24590252394183645
1440,24.0,feeder2_651,0.07425848698095153,0.2990509332248722,0.07412732565888765,0.298571928422446
1440,24.0,feeder2_684,0.07367318173109147,0.3183793390491203,0.07353348369951067,0.31790646750059137
1440,24.0,feeder2_674,0.08993101595849164,0.24739872508798044,0.08982663046797233,0.24686813907925312
1440,24.0,feeder2_696,0.09502510392354634,0.25001061649129935,0.09492137705869833,0.2494657994510918
1440,24.0,feeder2_681,0.08987793888291706,0.2474644367850566,0.08977125505927401,0.24693243849977817
1440,24.0,feeder2_682,0.08672311609367747,0.25130294363109495,0.08661178677417529,0.25077306838696006
1440,24.0,feeder2_728,0.07368924859825089,0.31691675550025417,0.07355461936604665,0.3164460217164126
1440,24.0,feeder2_724,0.07335896541671055,0.3422831508530882,0.07321816760274995,0.3418207949446032
1440,24.0,feeder2_703,0.09833282548352837,0.25068182948714907,0.09822313600553517,0.25013351097329556
1440,24.0,feeder2_704,0.0995204939841122,0.25092143989396204,0.09940906125078533,0.2503721616453823
1440,24.0,feeder2_754,0.07326018631376438,0.3421170196006259,0.07311616644037894,0.34165218168383626
1440,24.0,feeder2_747,0.07326460407504434,0.3523338676939933,0.07311683968530995,0.3518674941541743
1440,24.0,feeder2_828,0.0736570149186796,0.3169710777545633,0.07352271190101418,0.3165009044500082
1440,24.0,feeder2_763,0.07372180223724736,0.3146776340126787,0.07359032608044778,0.31420904660863985
1440,24.0,feeder2_836,0.0734818592219264,0.35223385776239835,0.07333590936271364,0.35176911808849526
1440,24.0,feeder2_758,0.07316779337789618,0.36109346955538457,0.07302290177646252,0.3606334492789639
1440,24.0,feeder2_788,0.07458577530221826,0.361964620912143,0.07444530462945984,0.3615115627464588
1440,24.0,feeder2_812,0.07296666080712134,0.38757312307791203,0.0728080269076117,0.3871084533714977
1440,24.0,feeder2_947,0.07214808844316566,0.31127932346744464,0.07201710152017687,0.3108220763900616
1440,24.0,feeder2_868,0.07399118993207517,0.31473543991784464,0.073860428635248,0.31427016560143695
1440,24.0,feeder2_785,0.07393405994091212,0.3141467693082851,0.0737985586939966,0.3136770114134451
1440,24.0,feeder2_1176,0.07896373041053109,0.309216520257649,0.07882972465412423,0.3087405255960874
1440,24.0,feeder2_846,0.07307513194550165,0.31490047141541844,0.07293497457298156,0.3144252327692613
1440,24.0,feeder2_911,0.07391527547934029,0.3140721828744586,0.0737817684215972,0.3136012223291598
1440,24.0,feeder2_1107,0.0713601602338771,0.41249567585551006,0.07120481819836387,0.41203270415794907
1440,24.0,feeder2_920,0.07340277568276588,0.3881676243150062,0.07324481883891444,0.387700390070112
1440,24.0,feeder2_926,0.07406238227760524,0.3889429412045205,0.07390106463723375,0.38847477137222947
1440,24.0,feeder2_1239,0.07339849545438283,0.3883493851331186,0.0732394473739217,0.3878835573060924
1440,24.0,feeder2_933,0.07435496968242639,0.3891053173402432,0.07419432646423191,0.3886366400579541
1440,24.0,feeder2_1146,0.07407121098386121,0.389870769478316,0.07391056833157668,0.3894119763472355
1440,24.0,feeder2_1124,0.07450545396711218,0.389027820705441,0.07434401915999439,0.38856256269709194
1440,24.0,feeder2_942,0.07506979013909024,0.3896001227685811,0.07490908924275477,0.38913203294224624
1440,24.0,feeder2_952,0.07656518186689351,0.3881585773103856,0.07639814140512374,0.38768070696822016
1440,24.0,feeder2_965,0.07501293513629798,0.38988609626747855,0.07484795919600974,0.38941842708031055
1440,24.0,feeder2_961,0.07675286424417374,0.38801454432170995,0.07658255314801152,0.38753479400055524
1440,24.0,feeder2_963,0.07655956931987096,0.38815621324169836,0.07639179585931512,0.3876785372433989
1440,24.0,feeder2_973,0.07780994688498674,0.3850665106951983,0.07763496901109365,0.3845721539206373
1440,24.0,feeder2_1128,0.07665489689876216,0.39179442596207376,0.07648602070098504,0.39131540555335936
1440,24.0,feeder2_1113,0.07719575701817213,0.3886794360958278,0.07702853059873062,0.38820465525070297
1440,24.0,feeder2_1143,0.07615221186212857,0.3867563753552587,0.07597978634794816,0.3862773271664604
1440,24.0,feeder2_1238,0.0782886605268668,0.3918693082081634,0.07812749575817868,0.39142170725814307
1440,24.0,feeder2_979,0.07496820236365494,0.3901735987951122,0.07480102812651125,0.38970197298836007
1440,24.0,feeder2_1236,0.07917122553347988,0.3818210653685746,0.07899688143423385,0.3813146708185336
1440,24.0,feeder2_989,0.0778119164181511,0.38505610398547785,0.07763920208616483,0.38456513602764464
1440,24.0,feeder2_1196,0.07373687848479346,0.3913076738792579,0.07356704876728273,0.3908340558940342
1440,24.0,feeder2_1158,0.07848544086376882,0.38373420953973847,0.07831305692697342,0.3832448419765795
1440,24.0,feeder2_1122,0.07076003864428217,0.42228990668517635,0.07060321468679882,0.42182535610411614
1440,24.0,feeder2_1258,0.07166534058368243,0.41235086996889864,0.071507586044536,0.4118836505840614
1440,24.0,feeder2_1303,0.07068923055578863,0.4222108638091625,0.07053502064904282,0.42174738568873416
1440,24.0,feeder2_1138,0.07032602078112335,0.4300401076977155,0.07016380623741034,0.4295733960060102
1440,24.0,feeder2_1304,0.06848300780669826,0.4338472023436203,0.06832764834849557,0.43338262553101203
1440,24.0,feeder2_1212,0.069490278508136,0.4433538643415306,0.0693367878884577,0.4428915125965231
1440,24.0,feeder2_1311,0.0700725076756449,0.44395295391450584,0.06991245031595504,0.4434877672877464
1440,24.0,feeder2_1290,0.06863434135554686,0.4594371696354537,0.06847814743908161,0.4589689527099306
1440,24.0,feeder2_1325,0.08071660108846056,0.37824121132315636,0.08053171848375322,0.3777140302256917
1440,24.0,feeder2_1248,0.07917809126353904,0.3818164860054696,0.0790027614693934,0.38131105379233315
1440,24.0,feeder2_1249,0.07847493518590117,0.3917971908975651,0.07831454007649992,0.3913495099468792
1440,24.0,feeder2_1250,0.0804825421696373,0.39351884845174334,0.08032769557630384,0.39307875552879473
1440,24.0,feeder2_1366,0.08080270487520672,0.3806963311354259,0.08062510445095891,0.3801860570537541
1440,24.0,feeder2_1266,0.07172992622909571,0.4123269917545659,0.07157016770234116,0.41185815263075604
1440,24.0,feeder2_1372,0.0676674492145659,0.45847001570572365,0.06751035060483612,0.45800394348722484
1440,24.0,feeder2_1363,0.06831453375232822,0.47822466275933795,0.06815883655182094,0.47775464883301366
1440,24.0,feeder2_1446,0.08219495362767874,0.3794101160266231,0.08201049442992014,0.37888664742977596
1440,24.0,feeder2_1502,0.08243219181458114,0.37304416940673296,0.08224208780513786,0.3724908861425752
1440,24.0,feeder2_1428,0.06811185086857764,0.4787597073068275,0.06796038057676514,0.47829099021723814
1440,24.0,feeder2_1380,0.06814681558113572,0.5002058336069001,0.06799392588233147,0.499731045597781
1440,24.0,feeder2_1550,0.068395359638638,0.5006149873046566,0.06823881970714898,0.5001388644608947
1440,24.0,feeder2_1386,0.06819720014114994,0.5107881202645992,0.06804576669320667,0.5103103879828642
1440,24.0,feeder2_1551,0.06665205684060162,0.5134077208958564,0.06650200816911458,0.51292766827281
1440,24.0,feeder2_1400,0.06825871747426951,0.5152011914197392,0.06810305749410746,0.5147165721865473
1440,24.0,feeder2_1552,0.0665294236263855,0.5165467838887492,0.06637890297089874,0.5160639542321777
1440,24.0,feeder2_1408,0.06854450032405751,0.5235846817710805,0.06839272942897343,0.5230985589742787
1440,24.0,feeder2_1553,0.06439645912232266,0.5422293401952512,0.06425394874703605,0.541740182713038
1440,24.0,feeder2_1416,0.0685587705863697,0.5237856655647075,0.06840215770086099,0.5232974819854253
1440,24.0,feeder2_1530,0.06838567322074501,0.5236441848290125,0.06823535983147974,0.523159632317246
1440,24.0,feeder2_1425,0.06861296579986707,0.5242573940617322,0.06845633959249772,0.523769029536761
1440,24.0,feeder2_1589,0.06681740504982063,0.5256658356226301,0.06666522799119587,0.5251787563902436
1440,24.0,feeder2_1435,0.06864774060913455,0.5242061586976612,0.06849184727057132,0.523715616945171
1440,24.0,feeder2_1621,0.07082941253184573,0.5231547229736826,0.07067810986200185,0.5226634561636616
1440,24.0,feeder2_1564,0.06866903057000151,0.5245789166960234,0.06851539180049604,0.5240921491452367
1440,24.0,feeder2_1704,0.08377174431317098,0.37054143496584385,0.08358331279608226,0.36998714229764806
1440,24.0,feeder2_1525,0.08269829779800017,0.37261985421929383,0.08250688391159225,0.3720577810745409
1440,24.0,feeder2_1716,0.08499291151546111,0.36762871976884925,0.0847992920021264,0.3670646922159357
1440,24.0,feeder2_1537,0.08286040729984212,0.3729037505374288,0.08266899982666132,0.37233668441984163
1440,24.0,feeder2_1645,0.08282104138404134,0.3730077368189298,0.08262434099390266,0.3724392740623538
1440,24.0,feeder2_1561,0.08304242224406762,0.3731709237636901,0.08284602751043965,0.37259232258989944
1440,24.0,feeder2_1657,0.0829881277245416,0.373093567985171,0.08279005833452305,0.37251489865821497
1440,24.0,feeder2_1570,0.08312699050276327,0.37330842623530264,0.0829309217839211,0.3727291199942002
1440,24.0,feeder2_1756,0.08474730634398553,0.37449909814403404,0.084552606977747,0.3739255211930676
1440,24.0,feeder2_1588,0.08320663074104785,0.3733808041009959,0.08300804547552486,0.3727928907028291
1440,24.0,feeder2_1628,0.08313799667558273,0.3732812256789019,0.0829420340458899,0.37269907623012105
1440,24.0,feeder2_1598,0.08331646823262702,0.37350667424243167,0.08312291759376038,0.37291874293680777
1440,24.0,feeder2_1816,0.08368415679839086,0.3733685133969792,0.08348719693886164,0.3727757489014684
1440,24.0,feeder2_1765,0.08730228281030075,0.37149464189658415,0.0870995683045409,0.3708922461118301
1440,24.0,feeder2_1641,0.08346210543130285,0.3749437293039544,0.083261266584429,0.3743344435759897
1440,24.0,feeder2_1689,0.08361711638951431,0.3762889855129218,0.08340455789294075,0.3756539803831117
1440,24.0,feeder2_1744,0.08341413818932544,0.37487872823220647,0.08320943600993706,0.374264644352274
1440,24.0,feeder2_1817,0.08361578126320063,0.3763772963616552,0.08340930565021652,0.37574489280838574
1440,24.0,feeder2_1779,0.08393585164096252,0.375589721028226,0.08372539771997378,0.3749556875731931
1440,24.0,feeder2_1800,0.0806645846965911,0.3799056071932016,0.08045676852035216,0.37927229066430485
1440,24.0,feeder2_1818,0.08722721812393738,0.3733638952526994,0.08699529215355135,0.372707857596199
1440,24.0,feeder2_1753,0.08332918839333914,0.3747658220681257,0.08312555352254566,0.37415007017825447
1440,24.0,feeder2_1754,0.08339951992000258,0.37485835920052196,0.08320018457483955,0.3742501169092973
