Time_sample,Time_h,Bus,OPF_VUF2_percent,OPF_VUF0_percent,DSS_VUF2_percent,DSS_VUF0_percent
30,0.5,secondary,0.02368851003353594,0.013326222294817976,0.023694016825084523,0.01332916601467514
30,0.5,feeder2_44,0.044060443399585786,0.0694667804592131,0.04407165539813101,0.06948669676052466
30,0.5,feeder2_45,0.04477074251466781,0.07178099691793653,0.044782406538220125,0.07179900615480543
30,0.5,feeder2_46,0.04580966072388864,0.06752320047718292,0.04581938063563001,0.06754160782431673
30,0.5,feeder2_51,0.04602254552677104,0.07589625346382681,0.0460257826242266,0.07591357761019563
30,0.5,feeder2_48,0.04460737715481859,0.07117061568033248,0.044612477733938144,0.07118859031329011
30,0.5,feeder2_52,0.0423347232697144,0.07982698027552448,0.0423420655362982,0.0798458558487598
30,0.5,feeder2_68,0.04984154351916491,0.08598620237748346,0.04985328718253467,0.08600667678643813
30,0.5,feeder2_69,0.05001606797729066,0.0860337257795249,0.05002197841614474,0.08605379595975046
30,0.5,feeder2_71,0.050346753479352746,0.08731824503431823,0.05035360744499143,0.08733539377680859
30,0.5,feeder2_72,0.05026162369446531,0.08707585865296502,0.05026688942080572,0.08709177306270982
30,0.5,feeder2_73,0.05193452856428666,0.09151542534494972,0.051941423653697194,0.09153469324484663
30,0.5,feeder2_74,0.0518535357137274,0.09161751198123984,0.051866849088596664,0.0916393631333914
30,0.5,feeder2_77,0.053298722972996176,0.09509972255062042,0.05330914803277712,0.09511985533313407
30,0.5,feeder2_79,0.0536736052815853,0.09517928295421843,0.05368487484389317,0.0952005938755015
30,0.5,feeder2_81,0.05542808807137317,0.10071617998815628,0.05543525258644496,0.10073899630680559
30,0.5,feeder2_82,0.05525147575944625,0.10014348013863404,0.05525656038941822,0.10016647835105377
30,0.5,feeder2_116,0.06512791547132768,0.12650955400885347,0.06513541013217601,0.12653483953604547
30,0.5,feeder2_119,0.06294174505491178,0.12893298808513215,0.06295262817056048,0.1289597478021474
30,0.5,feeder2_120,0.06893443714569622,0.1347336125083864,0.06894502184379175,0.1347590479799382
30,0.5,feeder2_248,0.06678122633759896,0.13701327797825624,0.06678923091852695,0.13704031908899822
30,0.5,feeder2_124,0.07142620937140243,0.13887213710066848,0.0714421169870501,0.13890291740956132
30,0.5,feeder2_282,0.07136104554320143,0.13872276345409956,0.07137383827187498,0.13875207539885598
30,0.5,feeder2_275,0.07134364951290391,0.13899070643198333,0.07135647228086281,0.13901908453556608
30,0.5,feeder2_151,0.0757774925893245,0.14609948134491846,0.07578982135591229,0.14612964273392676
30,0.5,feeder2_295,0.07587779922215737,0.14612803593473322,0.07588968344744992,0.14616092035130737
30,0.5,feeder2_311,0.07606861967023511,0.1461705727732821,0.07608480913695113,0.14620306376003608
30,0.5,feeder2_201,0.08292062891791117,0.15795144748601542,0.08293377158852634,0.15798293442501024
30,0.5,feeder2_314,0.08285638506887749,0.1578280304341227,0.08287265732668808,0.15786473702138376
30,0.5,feeder2_342,0.09310545041439586,0.1750193184541737,0.09312098311745083,0.17505778831175808
30,0.5,feeder2_368,0.0947983248683555,0.17761012237649823,0.09481672509597494,0.1776527837674349
30,0.5,feeder2_347,0.09591775553428386,0.1789949366351095,0.09593313457649932,0.17902733370915397
30,0.5,feeder2_353,0.0973526654999735,0.18134489558571038,0.09737348829348373,0.18137543044738275
30,0.5,feeder2_518,0.09579853590029533,0.1787261103053666,0.09581942125708501,0.17876210859866712
30,0.5,feeder2_365,0.09895315280662476,0.18398221426116274,0.09896868161066541,0.18400795211577006
30,0.5,feeder2_653,0.09717097389989347,0.18161363323599045,0.09718600446400791,0.1816430821361425
30,0.5,feeder2_377,0.09920471476622965,0.18496969468359697,0.09922032212868798,0.18499121194237625
30,0.5,feeder2_622,0.11120903824230162,0.18558888076292113,0.11122306384260684,0.18562705275726127
30,0.5,feeder2_451,0.09469059666222326,0.17735160792503935,0.09470582419945996,0.17739311978376565
30,0.5,feeder2_383,0.09758428148348246,0.18240405195223458,0.09759882550412241,0.1824526300632199
30,0.5,feeder2_385,0.09949441541077744,0.18635526503666514,0.09951045681030139,0.1863736425722779
30,0.5,feeder2_621,0.09931099434850889,0.18498397030590227,0.09932398190343684,0.1850071630693805
30,0.5,feeder2_611,0.09745762790030923,0.18255626098550412,0.09746979470894246,0.18260364167398416
30,0.5,feeder2_405,0.09775961396394126,0.18271195547629937,0.09777880120498805,0.18276071188681195
30,0.5,feeder2_461,0.101129430394257,0.19217761804921102,0.10114927600432282,0.19217461099039257
30,0.5,feeder2_594,0.09810892720082426,0.18780496761867288,0.0981283886165071,0.18782426107367875
30,0.5,feeder2_732,0.0950088697239529,0.18560375183879688,0.09502748242605309,0.1856554775993994
30,0.5,feeder2_417,0.09924006232047553,0.18446057911381197,0.09925754007653848,0.18451205203352805
30,0.5,feeder2_663,0.09939373608293528,0.18454231418640785,0.09941348186686894,0.18459379284416053
30,0.5,feeder2_444,0.1003544573932053,0.1858283493754837,0.1003724433454457,0.18588206677158772
30,0.5,feeder2_759,0.10180216921282727,0.1845070629512854,0.10182260851208734,0.18455878423075092
30,0.5,feeder2_842,0.1221108717898083,0.1946347431390747,0.1221252916583124,0.1946971637874035
30,0.5,feeder2_459,0.1003744508026294,0.18586709002209229,0.10038825511169783,0.18592146281542254
30,0.5,feeder2_702,0.1003496906172527,0.18580811351560364,0.10036548211229508,0.18585814070659318
30,0.5,feeder2_493,0.100454831196806,0.18603776701928953,0.10047085765604079,0.1860901683657857
30,0.5,feeder2_651,0.10133355715689563,0.19215232159626142,0.1013540987319798,0.19215214740497824
30,0.5,feeder2_684,0.10248246207655018,0.20002316233126283,0.10250752953440319,0.20000459623071212
30,0.5,feeder2_674,0.10042908971155634,0.1860671308912153,0.10044399827600749,0.18611669052240695
30,0.5,feeder2_696,0.10069981384577935,0.1864221123848338,0.10071478829107908,0.18647571384823755
30,0.5,feeder2_681,0.10038661963005817,0.18611594916902893,0.10040020743902875,0.18616819417824948
30,0.5,feeder2_682,0.10038694418711105,0.18611482988782604,0.10040200764833748,0.18616568057820881
30,0.5,feeder2_728,0.10232169730880443,0.20033694704035226,0.1023416825649664,0.20031637192172777
30,0.5,feeder2_724,0.10423948677468764,0.20980562699763233,0.10426166067697472,0.20976888815316758
30,0.5,feeder2_703,0.10137409643817322,0.1866716551840979,0.10138815620042271,0.18672399957616442
30,0.5,feeder2_704,0.10084557669137414,0.1864743996529286,0.10086261985102851,0.18652645580943428
30,0.5,feeder2_754,0.10409112743805696,0.2096146018594084,0.10410994424432532,0.2095737715978152
30,0.5,feeder2_747,0.10500410278071487,0.21452248525450054,0.10502539123133019,0.21447582313352548
30,0.5,feeder2_828,0.10229842464595926,0.20038862023251322,0.10231900655752588,0.20036797464560255
30,0.5,feeder2_763,0.10208734541431437,0.20072736759592344,0.10210803218599371,0.20070660401612564
30,0.5,feeder2_836,0.10609952706617767,0.2129387694447136,0.10611759264555619,0.21289131544570203
30,0.5,feeder2_758,0.10552062098275375,0.21952610108495202,0.10554052522887081,0.21946969864802876
30,0.5,feeder2_788,0.10586898359797427,0.21978411584311247,0.10589251475287745,0.21973164410662985
30,0.5,feeder2_812,0.10730041576522648,0.23601594614091306,0.10731856541616311,0.23594227083741232
30,0.5,feeder2_947,0.10177525859974097,0.20026054788989958,0.10179699631546164,0.20023775762464147
30,0.5,feeder2_868,0.10222328398874533,0.20066679973202362,0.10224422091271819,0.2006476006224874
30,0.5,feeder2_785,0.10199385062115139,0.20115548300519534,0.10200941529314286,0.20113090397981104
30,0.5,feeder2_1176,0.10247879100921826,0.20104755320429799,0.10249957856331096,0.20102822817854438
30,0.5,feeder2_846,0.10117583431220466,0.20197951405258135,0.10119768800675574,0.2019587862747732
30,0.5,feeder2_911,0.10197128612328071,0.20107039953490657,0.10198642261968244,0.2010460364126459
30,0.5,feeder2_1107,0.10702858946856654,0.23767735270517182,0.10704797690860841,0.2376054136508033
30,0.5,feeder2_920,0.10788847634337531,0.24046062241735452,0.10790553415991781,0.24038158159853076
30,0.5,feeder2_926,0.10876865839007496,0.247147377844895,0.10879254906067366,0.2470675079699519
30,0.5,feeder2_1239,0.10789224129923128,0.24064214780788848,0.10790965590739116,0.24056241303988568
30,0.5,feeder2_933,0.10917668392544343,0.25010850930394124,0.10920260635826605,0.25002684650192575
30,0.5,feeder2_1146,0.10869564723706199,0.24749915052800225,0.10871477586212736,0.2474157594884629
30,0.5,feeder2_1124,0.1093270689324104,0.25002678497241104,0.1093442779762562,0.24993786583476968
30,0.5,feeder2_942,0.11019431534010028,0.2578441562798162,0.11021636287683234,0.25774996720086313
30,0.5,feeder2_952,0.11208366884257155,0.2671990233098034,0.11210352070867695,0.26709572872519344
30,0.5,feeder2_965,0.11014811678073742,0.2581558713616349,0.1101730147244227,0.258065474971821
30,0.5,feeder2_961,0.11230572872796545,0.26815788452773714,0.1123316021510528,0.2680580489711748
30,0.5,feeder2_963,0.11208038334870302,0.2672139476449985,0.11209919833416479,0.2671106343303629
30,0.5,feeder2_973,0.11349639583879995,0.2732568106824174,0.11351552591984551,0.27314758256408656
30,0.5,feeder2_1128,0.11230840158708315,0.26822012698431724,0.11232716488464678,0.26811266802933936
30,0.5,feeder2_1113,0.11219144589107224,0.26744971989136557,0.11221170850120772,0.2673451776517693
30,0.5,feeder2_1143,0.11195708797773488,0.2676909875412721,0.11198223004346688,0.2675891438373534
30,0.5,feeder2_1238,0.11248539477332557,0.26168062938511705,0.11251050886276087,0.26158395594067013
30,0.5,feeder2_979,0.11011416495820184,0.2583298269476565,0.11013701235135397,0.2582358240964899
30,0.5,feeder2_1236,0.11506622153586697,0.2821594543723967,0.11509339243853606,0.28205015443164844
30,0.5,feeder2_989,0.11349858356153443,0.2732462062048031,0.1135195112958894,0.27314063246456044
30,0.5,feeder2_1196,0.10917318676837043,0.25898422731588805,0.10919316571488062,0.2588893658024553
30,0.5,feeder2_1158,0.11445527451750515,0.27191133196364536,0.11447720798916881,0.27180744238151394
30,0.5,feeder2_1122,0.10679130468192956,0.23886805289668536,0.10680662279835366,0.23879491698929425
30,0.5,feeder2_1258,0.10766668359256255,0.23698166758411507,0.1076887618656564,0.23691310517129083
30,0.5,feeder2_1303,0.10670960775673279,0.23878772416106162,0.10672710196609038,0.23871620982144937
30,0.5,feeder2_1138,0.10661356645738963,0.2398379668190947,0.10663095239489434,0.23976470002733666
30,0.5,feeder2_1304,0.10516557514821759,0.2411788507151309,0.10518327845228617,0.2411070921733231
30,0.5,feeder2_1212,0.10639733342510818,0.24072889488783653,0.1064204388465706,0.24065827665232606
30,0.5,feeder2_1311,0.10640256489614143,0.24085412724040556,0.10642079651508123,0.24078060865275822
30,0.5,feeder2_1290,0.10631222790923125,0.24189111972609667,0.10632835075913702,0.2418170839704969
30,0.5,feeder2_1325,0.1172396342101853,0.29468537392769895,0.11725892849260339,0.2945585691232079
30,0.5,feeder2_1248,0.11506743531501476,0.2821587731156952,0.11509541332100282,0.28204875628412374
30,0.5,feeder2_1249,0.11268838052739882,0.2619779231098979,0.1127095126821509,0.26187850796908524
30,0.5,feeder2_1250,0.11381317925332124,0.26350883145513976,0.11383869834651852,0.26341219018893824
30,0.5,feeder2_1366,0.11523865816877996,0.2820605221263873,0.1152596749030146,0.28194333697313495
30,0.5,feeder2_1266,0.10772961254490235,0.2369588468455605,0.10775190260101522,0.23689117159143114
30,0.5,feeder2_1372,0.10614466430501897,0.24173182400083904,0.10616470494184943,0.2416610696688192
30,0.5,feeder2_1363,0.10630571947548441,0.24340108739516067,0.10632898536366858,0.24333529694949735
30,0.5,feeder2_1446,0.1174558825883894,0.29536893299186917,0.11747412293444212,0.29524233435466923
30,0.5,feeder2_1502,0.11990873585614452,0.30823279883144183,0.11992947821543684,0.30810003316743323
30,0.5,feeder2_1428,0.10609678095327504,0.24393444596404443,0.10611217016585894,0.2438638241124247
30,0.5,feeder2_1380,0.10628268180523971,0.24439446933121528,0.10630091398529033,0.24432218444621948
30,0.5,feeder2_1550,0.10624476599571013,0.2443582811636058,0.1062671774341252,0.24429493416813167
30,0.5,feeder2_1386,0.10627897372545983,0.2449035668147602,0.10630562917302042,0.24483915019778277
30,0.5,feeder2_1551,0.10623773277129785,0.24506995136505108,0.10625922170222257,0.24500449704251004
30,0.5,feeder2_1400,0.10627525833067772,0.24510873264222016,0.10629409770783911,0.24503845312682623
30,0.5,feeder2_1552,0.10447364632735073,0.24645679649759186,0.10449357015875076,0.24638995290949414
30,0.5,feeder2_1408,0.10641187398556123,0.2447773273295339,0.10642809713960445,0.24470730488830258
30,0.5,feeder2_1553,0.10627760007627413,0.24514737018839125,0.10629918522878128,0.24508215069916012
30,0.5,feeder2_1416,0.10648059677598393,0.24452283862984428,0.1065014067610768,0.2444590680511879
30,0.5,feeder2_1530,0.10633217223482455,0.2443805929309809,0.10634995944743122,0.2443130965798288
30,0.5,feeder2_1425,0.10663739198136012,0.2441229240780488,0.10665813412276504,0.2440594078719451
30,0.5,feeder2_1589,0.10653858046831971,0.24437762059929805,0.106560004538802,0.24431105551388915
30,0.5,feeder2_1435,0.10666839910239204,0.2440182806684318,0.10668751669019161,0.24395036581880614
30,0.5,feeder2_1621,0.10780137470488703,0.24254264141614335,0.10782218030138634,0.24248000487933513
30,0.5,feeder2_1564,0.10667949868999181,0.24439000590808427,0.10670332810899144,0.244325593371859
30,0.5,feeder2_1704,0.12098772999641585,0.30689437767261757,0.12100914678282086,0.30676453041902335
30,0.5,feeder2_1525,0.12050857061703413,0.31223489196629967,0.12052952779146991,0.31209959564680845
30,0.5,feeder2_1716,0.12273916381680329,0.30923144364605026,0.12276030368693493,0.3090940318139189
30,0.5,feeder2_1537,0.1210920826275634,0.317188260490007,0.1211120329883073,0.31704884992266896
30,0.5,feeder2_1645,0.11756923489435567,0.3269394163092391,0.11759131254774428,0.32680624541617953
30,0.5,feeder2_1561,0.12160816428269128,0.31726577505713627,0.12162906701866025,0.3171222495775647
30,0.5,feeder2_1657,0.12150876128648584,0.3172184610519676,0.12152645147748792,0.3170735710259957
30,0.5,feeder2_1570,0.12183808060689336,0.3173269930744609,0.12186172403366494,0.3171855231540186
30,0.5,feeder2_1756,0.12133997482542459,0.3185429950156927,0.12136067456828917,0.3183949835970567
30,0.5,feeder2_1588,0.12208559791537775,0.31733589707848864,0.12210735224613045,0.3171904552155806
30,0.5,feeder2_1628,0.12195687507752738,0.31727813248771203,0.12197777438958204,0.31713353912902603
30,0.5,feeder2_1598,0.12240946509395748,0.3173751379103469,0.12243099697962215,0.3172257323165184
30,0.5,feeder2_1816,0.12275015330344623,0.31715585015279096,0.12277088737758961,0.31701131743306443
30,0.5,feeder2_1765,0.12289915760983045,0.3170192043972652,0.12292408061151047,0.31687603478246734
30,0.5,feeder2_1641,0.12394683759700688,0.317879985604978,0.12397065759180839,0.3177246636345785
30,0.5,feeder2_1689,0.12528889217646944,0.3185246230354759,0.12531163918887842,0.31836150044498646
30,0.5,feeder2_1744,0.12386823862609952,0.3178405264259805,0.12389450391327528,0.31768713813606125
30,0.5,feeder2_1817,0.1252945761048236,0.31861324205163943,0.12531392289268745,0.31844685787981303
30,0.5,feeder2_1779,0.1253271357218258,0.31849546888332,0.1253510598579048,0.3183328396712736
30,0.5,feeder2_1800,0.12370519131571357,0.3191169325446634,0.12372703824066252,0.31895354541142096
30,0.5,feeder2_1818,0.13803750132990886,0.31921042909621955,0.1380706935805347,0.3190305978824773
30,0.5,feeder2_1753,0.12373419382027538,0.31776887353240746,0.12376005809788183,0.3176148764611304
30,0.5,feeder2_1754,0.12384307757462153,0.31782885067132977,0.12386462747913235,0.3176734263352216
60,1.0,secondary,0.016739087562368884,0.0032648330011692136,0.0167352301067311,0.0032994635964923025
60,1.0,feeder2_44,0.031128193636927644,0.017015397908663958,0.031128244194387245,0.01718322312981219
60,1.0,feeder2_45,0.031602710018264174,0.01722214812251749,0.03159600307684683,0.017400779967920214
60,1.0,feeder2_46,0.03371810211846699,0.020872599365395154,0.03371171640658363,0.02103981415808096
60,1.0,feeder2_51,0.03245929763871691,0.01785154574535622,0.032452008738334225,0.018038630311014055
60,1.0,feeder2_48,0.032710217824766685,0.01542730776962197,0.03270698867371481,0.015594272831035377
60,1.0,feeder2_52,0.032367736252860685,0.01762779066091845,0.032363354257859675,0.0178133273082736
60,1.0,feeder2_68,0.03489204674629213,0.019729181495255755,0.034878936858486566,0.019949942778108947
60,1.0,feeder2_69,0.03506716523633173,0.019871018208705526,0.035058812477689286,0.020088227673281552
60,1.0,feeder2_71,0.03521500317419657,0.019973371385969423,0.035208245703498155,0.020191778249230376
60,1.0,feeder2_72,0.035075624314141726,0.02002712810179675,0.03506840076570987,0.020243858699197752
60,1.0,feeder2_73,0.036234760674096776,0.020730381549697034,0.03622603262525892,0.02096341554370276
60,1.0,feeder2_74,0.036184707161549125,0.02059611909626176,0.03617561776179884,0.02083250384481661
60,1.0,feeder2_77,0.037112234803257885,0.02140416253499802,0.03710136119944447,0.021648178472557452
60,1.0,feeder2_79,0.03875513413736658,0.023765551591291244,0.03874928360379722,0.0240042610604696
60,1.0,feeder2_81,0.03831984811502451,0.021570176499381016,0.03831379963593586,0.021827515433971448
60,1.0,feeder2_82,0.03874337633412128,0.020122658357758103,0.038734365563076946,0.02038140694637674
60,1.0,feeder2_116,0.04404147725433376,0.02409391279373839,0.0440276607267865,0.02442450495053724
60,1.0,feeder2_119,0.04375529460020456,0.02341330518802433,0.043739589490104425,0.02374535767234371
60,1.0,feeder2_120,0.04617710497071449,0.025581218648742538,0.04616359742527208,0.025936686226052826
60,1.0,feeder2_248,0.04602264745897051,0.025165897735867443,0.04600901065959781,0.025519046610671826
60,1.0,feeder2_124,0.047487251614548164,0.026695317654426544,0.04746982475144406,0.027069395610501583
60,1.0,feeder2_282,0.04738382773558553,0.026685199345982426,0.0473715917625173,0.02705001458001823
60,1.0,feeder2_275,0.047461975702104774,0.0265200207233046,0.047451367445892116,0.026884550923047423
60,1.0,feeder2_151,0.04978357065753038,0.028778326966284875,0.049768145322061176,0.029173198343368668
60,1.0,feeder2_295,0.04988027153741513,0.028874331700033617,0.049862475467961236,0.029269985543048712
60,1.0,feeder2_311,0.05006836428457044,0.029063136634154958,0.050056940074196116,0.029455793171037376
60,1.0,feeder2_201,0.05354608818214937,0.03182895770793236,0.05352945882718055,0.032265954508034884
60,1.0,feeder2_314,0.05345171148469735,0.03182365737772756,0.053436048370761116,0.03225640405092002
60,1.0,feeder2_342,0.05897321609234661,0.03622727758324436,0.05895375769840803,0.03671565694001193
60,1.0,feeder2_368,0.060727140386032566,0.04316641114406384,0.060708997772445934,0.04364759011053328
60,1.0,feeder2_347,0.05954196831534663,0.025771870744243298,0.05951674495610191,0.026309240832761448
60,1.0,feeder2_353,0.05989543893384384,0.020778914643104496,0.059867196738647294,0.021337248765029817
60,1.0,feeder2_518,0.05933863368741565,0.025737676674947252,0.05931698312274593,0.026269216937610095
60,1.0,feeder2_365,0.060304893495038474,0.015751898961873494,0.06027845868630945,0.016322740365387767
60,1.0,feeder2_653,0.05983318135357952,0.020495011641824823,0.05980583688465219,0.021049821543299308
60,1.0,feeder2_377,0.0605385632259237,0.013323139697431534,0.06050624401897209,0.01389575250338523
60,1.0,feeder2_622,0.06033850231249155,0.015781271754827703,0.0603128639180702,0.016351658303434304
60,1.0,feeder2_451,0.060883738644074634,0.04155268117832675,0.06087039787679043,0.04203640440914788
60,1.0,feeder2_383,0.06368478356512608,0.05581436974005065,0.06366966711342396,0.056285088058047245
60,1.0,feeder2_385,0.06081399964483085,0.011024411810975557,0.06078078351962361,0.011561147390508227
60,1.0,feeder2_621,0.06063543933737558,0.013396514709767719,0.060606150044155815,0.013968641018441502
60,1.0,feeder2_611,0.06236431408647916,0.056078203580376414,0.062351326580527354,0.05653862302821998
60,1.0,feeder2_405,0.06388613748111792,0.05660406245432731,0.06386624190744992,0.05707848814094155
60,1.0,feeder2_461,0.0619964027135667,0.013593953689173901,0.06195860613688634,0.013495938420492716
60,1.0,feeder2_594,0.06077040430287515,0.010690072892614299,0.06074005506040111,0.011222736646713534
60,1.0,feeder2_732,0.06379204431295803,0.056375055675456566,0.0637759286242258,0.05684505514187017
60,1.0,feeder2_417,0.06540556952669867,0.06261111943520918,0.06539445549474579,0.06307886508707794
60,1.0,feeder2_663,0.06739015417965859,0.06458107639687033,0.0673712038376994,0.0650571549990355
60,1.0,feeder2_444,0.06635499804593178,0.06654190495089995,0.06634135341925061,0.06700911408810904
60,1.0,feeder2_759,0.06623896795699977,0.06648942138319353,0.06622857490165057,0.06695449734745001
60,1.0,feeder2_842,0.0879572566056104,0.08937719988893944,0.08795248489973118,0.08983147629476693
60,1.0,feeder2_459,0.06637384926227415,0.06660543227480725,0.06635688343902628,0.0670776673994484
60,1.0,feeder2_702,0.06633376811462424,0.06658610937262642,0.06631636678563697,0.06705941739784327
60,1.0,feeder2_493,0.06645113656892437,0.06685237127227428,0.06643523139616704,0.06732195451487859
60,1.0,feeder2_651,0.062181874737111974,0.013449230477110887,0.062139818690343934,0.01335603448697705
60,1.0,feeder2_684,0.0630552997624633,0.023918540332330113,0.06301096342909997,0.023575183752441175
60,1.0,feeder2_674,0.06644134850320196,0.0668144669678918,0.0664339863414516,0.06727560624868031
60,1.0,feeder2_696,0.06666596219742213,0.06774780143178645,0.06665517557829947,0.0682085472755333
60,1.0,feeder2_681,0.06642704857611259,0.06674641764137364,0.06641679007234245,0.067207999515855
60,1.0,feeder2_682,0.06642269693703828,0.06676069775764193,0.06641277283432592,0.06722093780533875
60,1.0,feeder2_728,0.06279206557749592,0.02506457671898898,0.06275096487794114,0.024703270367285035
60,1.0,feeder2_724,0.06479863378154588,0.033008270801294586,0.0647488377901253,0.03257514769244556
60,1.0,feeder2_703,0.06733034776603754,0.0684528063336437,0.06732295179578583,0.06891450207623778
60,1.0,feeder2_704,0.06681011167294784,0.06790065902496949,0.06679232268171671,0.06837008686224355
60,1.0,feeder2_754,0.06448737000727457,0.034584757372621185,0.06444061939821973,0.0341507627583675
60,1.0,feeder2_747,0.06567175578240579,0.03593971529246487,0.06561490047843029,0.03548065368641423
60,1.0,feeder2_828,0.06279219807691452,0.025073301855738722,0.06274910284387632,0.024712379513945584
60,1.0,feeder2_763,0.062397641324231576,0.02676123797772409,0.06234817072765722,0.02637630789607073
60,1.0,feeder2_836,0.06719072818988295,0.03531574635087636,0.06713348899748589,0.03487999008547659
60,1.0,feeder2_758,0.06629161024512982,0.03885705359295224,0.06623232288664657,0.03836580328313506
60,1.0,feeder2_788,0.06597757243558783,0.03912492051244461,0.06591763253093377,0.038637384277283714
60,1.0,feeder2_812,0.06841700818372126,0.047826181482561986,0.06834750108859476,0.047252778452122945
60,1.0,feeder2_947,0.061886121035504865,0.027264754827475875,0.061842360658368435,0.026892789308248222
60,1.0,feeder2_868,0.06222116981693435,0.027481380886824957,0.06217550524870298,0.027098968161502392
60,1.0,feeder2_785,0.062275522461192695,0.02718187556863118,0.06223292133341675,0.02679149371342288
60,1.0,feeder2_1176,0.06270450321272662,0.026705307508089436,0.06265944814651642,0.026315436035254353
60,1.0,feeder2_846,0.061667625449564854,0.0267044398853632,0.06161789146496957,0.026292306001747024
60,1.0,feeder2_911,0.06209837934812442,0.028880733753343286,0.062051473229381204,0.028478515091661365
60,1.0,feeder2_1107,0.06854864486818345,0.04855518979456324,0.06847530868055246,0.04795718807054634
60,1.0,feeder2_920,0.06900546621642323,0.05020208977848212,0.06893702062003375,0.04961895379317322
60,1.0,feeder2_926,0.06988085844205769,0.05367975484728184,0.06980790798037853,0.05307626564074041
60,1.0,feeder2_1239,0.06902796174913094,0.050283203416680036,0.06895799857547598,0.04969806863983179
60,1.0,feeder2_933,0.07028111534999833,0.05520782085964391,0.07020560157287989,0.05459743189028698
60,1.0,feeder2_1146,0.06985113558262432,0.05374188258695983,0.06977330393179368,0.05313383906639708
60,1.0,feeder2_1124,0.0712680606979791,0.054641293451903404,0.071189569385773,0.05403778573890265
60,1.0,feeder2_942,0.07111974932815424,0.059697535412521076,0.07103845945110863,0.059056435229011335
60,1.0,feeder2_952,0.07267729128331868,0.06532325403503644,0.07258914844799005,0.06465567659280785
60,1.0,feeder2_965,0.07108401376587203,0.05983053776027122,0.07100512735858217,0.05919240743403805
60,1.0,feeder2_961,0.07286904730111593,0.06582125405036354,0.07278429050104519,0.06515535146779237
60,1.0,feeder2_963,0.07267288195184288,0.06534683443388853,0.07258968137806682,0.0646841541990965
60,1.0,feeder2_973,0.07389392487404323,0.06845207613113073,0.07380001572809947,0.06776298487430805
60,1.0,feeder2_1128,0.07287804089159518,0.06585485497941147,0.0727923269333228,0.06518786605566172
60,1.0,feeder2_1113,0.07261359992305837,0.06537630357914749,0.07252991756827602,0.0647108675845588
60,1.0,feeder2_1143,0.07240313406599448,0.06691933318894462,0.07231455407147909,0.06625299074037436
60,1.0,feeder2_1238,0.07032318041866956,0.06296645913243111,0.07025159037299515,0.06232642319182122
60,1.0,feeder2_979,0.07107606788668332,0.05974915052775276,0.07099494772915475,0.05910565857590741
60,1.0,feeder2_1236,0.07545232032199851,0.07252047002092961,0.0753576631326718,0.07181163792089952
60,1.0,feeder2_989,0.07389396505557197,0.0684508744865882,0.07380001572809947,0.06776298487430805
60,1.0,feeder2_1196,0.07045034254960851,0.05933309676422777,0.07036733205157904,0.05867949480778169
60,1.0,feeder2_1158,0.07398669598281525,0.06829925482733937,0.07389774135307445,0.06761333990424752
60,1.0,feeder2_1122,0.06858020746708839,0.04912324470635702,0.06851155813060855,0.04852100829013737
60,1.0,feeder2_1258,0.0687909363154714,0.048237841818091536,0.06872091254468239,0.04764208155809394
60,1.0,feeder2_1303,0.06846625748588794,0.049181631856167494,0.06839579168992087,0.04858253976199104
60,1.0,feeder2_1138,0.06861445114849736,0.04956313604079722,0.0685468966359266,0.04895647149395744
60,1.0,feeder2_1304,0.06866454530988833,0.049802556789071084,0.06858954936389958,0.04918215433157519
60,1.0,feeder2_1212,0.0686301474378362,0.050280243016084046,0.06855986661195085,0.049662672476185554
60,1.0,feeder2_1311,0.06826826584723829,0.05170296107453086,0.06820019487695884,0.05108319481165574
60,1.0,feeder2_1290,0.06883021985503007,0.05003519371280601,0.06875577482286646,0.049399563047937446
60,1.0,feeder2_1325,0.07763762589885603,0.0783814126516186,0.07753517544487222,0.07763758435651458
60,1.0,feeder2_1248,0.07545314448322148,0.07251914818008194,0.07535929712270047,0.07180965841848644
60,1.0,feeder2_1249,0.07014583030589926,0.063867101222646,0.0700772012017618,0.06322879176146524
60,1.0,feeder2_1250,0.0702699585073609,0.06299976440766747,0.07019526902973956,0.062361528233678645
60,1.0,feeder2_1366,0.07557120001170768,0.07233350337350072,0.07547758539149525,0.07162205901883684
60,1.0,feeder2_1266,0.06883778264900384,0.048170277068178266,0.06876770121277494,0.04757720650872677
60,1.0,feeder2_1372,0.06856731356898915,0.05019878816721606,0.06849411067441977,0.0495692397126687
60,1.0,feeder2_1363,0.06913715708334514,0.04963042131625627,0.06906256136477126,0.0489787801388573
60,1.0,feeder2_1446,0.07748393664648816,0.07847469169923882,0.07738292239768953,0.07773528408408571
60,1.0,feeder2_1502,0.08021585676595373,0.08487369680909407,0.08010595329506963,0.08409451975234421
60,1.0,feeder2_1428,0.06919560060741665,0.04989063640833899,0.06911934569637698,0.049235114795035555
60,1.0,feeder2_1380,0.0694074166385879,0.048728885180528037,0.06933270181583466,0.048064342346282055
60,1.0,feeder2_1550,0.06934909919716338,0.04876001954722108,0.0692735093645014,0.04809311079860646
60,1.0,feeder2_1386,0.06954747034401788,0.048295726540045485,0.06947426268500735,0.047626622570450035
60,1.0,feeder2_1551,0.06959240851104577,0.048406579820584564,0.06951671518758663,0.047732479035895024
60,1.0,feeder2_1400,0.06960839306182375,0.048066413520340606,0.06953365081538981,0.047392850386137914
60,1.0,feeder2_1552,0.06967118016288415,0.04821726883802552,0.06959310987473953,0.0475401424105327
60,1.0,feeder2_1408,0.06971726097852085,0.04751437410787774,0.06964076669409099,0.04683603746393281
60,1.0,feeder2_1553,0.06977119399428014,0.04772451814779598,0.06969917641671229,0.0470464167432104
60,1.0,feeder2_1416,0.06976326863452216,0.04717764035165872,0.06968938687369962,0.046499132915624464
60,1.0,feeder2_1530,0.06953820423289707,0.04728406802950819,0.06945889040859984,0.04660111971510185
60,1.0,feeder2_1425,0.06987858479170422,0.04649824742423134,0.06980269153751571,0.04581309877300925
60,1.0,feeder2_1589,0.06990931570777352,0.046640751227521496,0.06983278824634048,0.04594848228652435
60,1.0,feeder2_1435,0.06989875830364252,0.04634732218920335,0.06982130165490183,0.04565817076357859
60,1.0,feeder2_1621,0.07135324432961583,0.04520736218826913,0.07127601836106665,0.04452826311744241
60,1.0,feeder2_1564,0.06980556545529458,0.0460239329074453,0.06972775943988653,0.045314787608539776
60,1.0,feeder2_1704,0.08042055156842848,0.0845697912884697,0.0803087686743409,0.08378662566538361
60,1.0,feeder2_1525,0.08088587521998508,0.08665778444878841,0.08077495261468128,0.08587016269661268
60,1.0,feeder2_1716,0.08101836013098059,0.08644311535753686,0.08090676849701622,0.08565540093409874
60,1.0,feeder2_1537,0.08164054768540849,0.0886873284453722,0.08152843276792651,0.0878898544497485
60,1.0,feeder2_1645,0.0839642057734393,0.092319087004522,0.08383672383335336,0.09147465594715874
60,1.0,feeder2_1561,0.08185109950490824,0.0888302412430528,0.08173383641466023,0.08804649594471278
60,1.0,feeder2_1657,0.08141731720218238,0.08980775905818951,0.08130410209290954,0.0890273485298214
60,1.0,feeder2_1570,0.08198446420401148,0.0886956111001852,0.08186625918657506,0.08791687467806229
60,1.0,feeder2_1756,0.08084199018792942,0.09141905451359145,0.08073180854804349,0.09064283142139982
60,1.0,feeder2_1588,0.08213982205387439,0.08841696195487324,0.08202443926603332,0.08764492811003528
60,1.0,feeder2_1628,0.08195898011262803,0.0885340980621652,0.08184180451836678,0.0877631423625211
60,1.0,feeder2_1598,0.08234741915539055,0.08806165961766368,0.08223005417348545,0.0872955896402045
60,1.0,feeder2_1816,0.08255540259165592,0.08767863081160604,0.08243402203334277,0.08691523843719993
60,1.0,feeder2_1765,0.08268586424075772,0.08753839125567567,0.08256875222095453,0.08677668386842753
60,1.0,feeder2_1641,0.08335870010961134,0.08709900685351145,0.08323579991702444,0.08638444825582575
60,1.0,feeder2_1689,0.08447840227190255,0.08541373291784646,0.0843487084601515,0.08474411087448765
60,1.0,feeder2_1744,0.08296744616923793,0.08799172152872647,0.08284696423768341,0.08727554193219872
60,1.0,feeder2_1817,0.08449306476951564,0.0854454923091937,0.08436678727336588,0.08477993792206205
60,1.0,feeder2_1779,0.08450421290355806,0.0853743316879661,0.08437551180819673,0.08470556686459893
60,1.0,feeder2_1800,0.0844972324486313,0.08542757196623237,0.08436820317935816,0.08475801510240534
60,1.0,feeder2_1818,0.09027942967282973,0.08465442547456459,0.09012163819862005,0.08413455067264157
60,1.0,feeder2_1753,0.08279814265414522,0.08809414116583276,0.08267992679816882,0.0873789440195994
60,1.0,feeder2_1754,0.08273800684077864,0.08858612520098269,0.08261825169754193,0.08786879408389714
90,1.5,secondary,0.0160515857399273,0.007833246897782347,0.01604144246440652,0.007832579961051888
90,1.5,feeder2_44,0.029848578069286348,0.04082315060411303,0.02983094440027364,0.04083958315649102
90,1.5,feeder2_45,0.030359569548844053,0.04204561916471597,0.03033945650208584,0.04206118100262835
90,1.5,feeder2_46,0.02982252849680362,0.04141601622806535,0.02980490688143065,0.04143012485428914
90,1.5,feeder2_51,0.031238543219528497,0.04426205594602034,0.031217794404405447,0.0442767176405144
90,1.5,feeder2_48,0.030889058640084305,0.04142159756545345,0.030870676776955968,0.041436797243919944
90,1.5,feeder2_52,0.031089310977167203,0.04745254911733478,0.03107127406135013,0.04747367229859063
90,1.5,feeder2_68,0.033893233764253496,0.04940276902071169,0.033872443217593216,0.04942152852804629
90,1.5,feeder2_69,0.033905760115765,0.04955086608025358,0.03388406593147789,0.04957053476601619
90,1.5,feeder2_71,0.03424577161377734,0.05007731839495789,0.03422447887307062,0.05009841065538222
90,1.5,feeder2_72,0.034438519514510095,0.049842376766585365,0.03441890773633855,0.04986404829739417
90,1.5,feeder2_73,0.035349213765820925,0.05221719330226224,0.035329050880426954,0.05223882590811601
90,1.5,feeder2_74,0.035230638510828964,0.05223886640097839,0.035208923656354724,0.052256897308900915
90,1.5,feeder2_77,0.036303343964375616,0.05405396636059171,0.036286293600690134,0.05407389363492336
90,1.5,feeder2_79,0.03631731908039388,0.0543637057843165,0.03629857952999733,0.05438411044910536
90,1.5,feeder2_81,0.03779862728767612,0.0568328252379952,0.03777685663216587,0.0568518191898382
90,1.5,feeder2_82,0.0382785459052061,0.05625417154031919,0.038256964634648685,0.05627372300528243
90,1.5,feeder2_116,0.04450888805199311,0.06990762003807191,0.044487111224234606,0.06993349161564731
90,1.5,feeder2_119,0.04380954537189585,0.07006793816727458,0.04378507853912698,0.0700973179341212
90,1.5,feeder2_120,0.04711095121803219,0.07472817472689264,0.04708431894705937,0.07475603702855485
90,1.5,feeder2_248,0.046658792595600455,0.07479574334922288,0.046634324362468824,0.07482485100718417
90,1.5,feeder2_124,0.04875801066730097,0.07769271320955362,0.04872913067328918,0.07771835788480827
90,1.5,feeder2_282,0.04886951040111182,0.07755413883315712,0.048841284697871634,0.07758212024199002
90,1.5,feeder2_275,0.048574779226488535,0.0776809080386773,0.04854639655501363,0.07770740161291437
90,1.5,feeder2_151,0.051649942513336475,0.08297038219858122,0.05162152138331663,0.08299829886279853
90,1.5,feeder2_295,0.05167033487527976,0.08305864818723219,0.05163980388163555,0.08308484666110778
90,1.5,feeder2_311,0.05169804677552123,0.08322065463011466,0.051671818853311055,0.0832469280004477
90,1.5,feeder2_201,0.05640541066108258,0.09133148506418126,0.056375944493038524,0.09136111448163446
90,1.5,feeder2_314,0.05648471999240375,0.0912280292059425,0.05645237650311958,0.09125540261809865
90,1.5,feeder2_342,0.0631644076667,0.10344360597630733,0.06313142972540509,0.10347380117641143
90,1.5,feeder2_368,0.06394741617293245,0.11018712120209019,0.06391267939741432,0.11021175490586925
90,1.5,feeder2_347,0.06501912991658663,0.09695928430706573,0.06498407359682033,0.09699708592924534
90,1.5,feeder2_353,0.06593927685022674,0.09392958673180563,0.06589962934914288,0.0939797016443802
90,1.5,feeder2_518,0.06522741883804381,0.09669999347161905,0.06518786718921293,0.09673902639652383
90,1.5,feeder2_365,0.0670011799135967,0.09062125465893822,0.06696405549920088,0.09067451211750299
90,1.5,feeder2_653,0.06563750071892935,0.09397251253715345,0.06559897357595341,0.09401974713895714
90,1.5,feeder2_377,0.06760480041087698,0.08884546848140984,0.06756107567822292,0.08890519756873869
90,1.5,feeder2_622,0.06585381698196449,0.09053332402646025,0.06581458745222583,0.0905855360546955
90,1.5,feeder2_451,0.06413353840240577,0.1099540459685068,0.06409896947376253,0.10998226113119822
90,1.5,feeder2_383,0.06525464797486172,0.12139276084487366,0.06522198781608157,0.12141056336105621
90,1.5,feeder2_385,0.06829766850140033,0.08681191653283578,0.06825896635398045,0.08687725845772007
90,1.5,feeder2_621,0.06762623415506722,0.08893486527404697,0.06758270404357045,0.08899736138883362
90,1.5,feeder2_611,0.06464068167626277,0.12254580080038159,0.06460895203314013,0.12256145820732695
90,1.5,feeder2_405,0.06535441005243224,0.12204183286083273,0.06531890066245619,0.12206360720410517
90,1.5,feeder2_461,0.07126135659930932,0.07900127081021857,0.07121547925484317,0.07909838739405595
90,1.5,feeder2_594,0.06800112452277722,0.08687397515062384,0.06795804219791216,0.08694311569949524
90,1.5,feeder2_732,0.06414774749567972,0.12467206806143462,0.06411063238084315,0.12469469411700207
90,1.5,feeder2_417,0.06625541812842616,0.12643362164359984,0.06622487332202588,0.1264439708198288
90,1.5,feeder2_663,0.06555249696099257,0.12671244658999986,0.06551842554781667,0.126724567593492
90,1.5,feeder2_444,0.06698553270379393,0.12968437256347143,0.06695100434039371,0.12969574503694958
90,1.5,feeder2_759,0.06938048788947146,0.12733074187846466,0.06934756636419354,0.1273432152558699
90,1.5,feeder2_842,0.07580708076809968,0.1502003590176311,0.07578446631463441,0.15019760707654042
90,1.5,feeder2_459,0.06699342829707398,0.1297510151531995,0.06696266631024188,0.12976048807002805
90,1.5,feeder2_702,0.06703064111179283,0.1297021681119433,0.06699930804318124,0.1297126582617894
90,1.5,feeder2_493,0.0670210400204388,0.1300220468128267,0.06699167723104639,0.13003108723426474
90,1.5,feeder2_651,0.07128448115585717,0.07914770986212827,0.07124118051868158,0.07924514497901063
90,1.5,feeder2_684,0.0736761720632251,0.07318130949381448,0.0736272777595301,0.07330940489444486
90,1.5,feeder2_674,0.0669700995920597,0.13001390224134818,0.06694047126988559,0.13002407223651205
90,1.5,feeder2_696,0.06716430127814706,0.1308623122698064,0.06713224967459566,0.13087082262232586
90,1.5,feeder2_681,0.06688097884606681,0.12999693637047713,0.06684833172224422,0.13001063498028168
90,1.5,feeder2_682,0.06689415601488069,0.13000598488197038,0.06686279328268324,0.130018637284111
90,1.5,feeder2_728,0.07356540471213936,0.07276398631157727,0.07351682671968252,0.07289018167863347
90,1.5,feeder2_724,0.07632650621177979,0.0692744925405541,0.07627365903411151,0.06944454271180578
90,1.5,feeder2_703,0.0673592222826246,0.13149087739602325,0.067326428745483,0.13149841851470473
90,1.5,feeder2_704,0.06720448618719298,0.13099757731585426,0.06717354923324675,0.13100852333446786
90,1.5,feeder2_754,0.07655353549642564,0.06898553995244694,0.07650297571883502,0.06915418343832758
90,1.5,feeder2_747,0.07740595726465707,0.06826397412540221,0.0773527621512737,0.06845323010533294
90,1.5,feeder2_828,0.07351688996222473,0.07278132450412388,0.07346799921213681,0.07290767188031318
90,1.5,feeder2_763,0.0734244215437137,0.07214519675620835,0.07337724485870013,0.07226712958636569
90,1.5,feeder2_836,0.07742294348191224,0.06836796500491309,0.07736757718403484,0.06855616915564663
90,1.5,feeder2_758,0.07832700664407455,0.06756025369231018,0.07827248690521052,0.06776771625070022
90,1.5,feeder2_788,0.07986588359136362,0.06656882303105015,0.07981229489438,0.06677866233698808
90,1.5,feeder2_812,0.0807677002980682,0.06792219393427698,0.08071156178320557,0.06817220837157857
90,1.5,feeder2_947,0.07391672122908992,0.0715167549027656,0.07386979030528742,0.07163916514792171
90,1.5,feeder2_868,0.07359006451864582,0.07193328567783581,0.07354114436329644,0.07205567355438093
90,1.5,feeder2_785,0.0732956821021901,0.07206161835539979,0.07324820227264954,0.07218319788231427
90,1.5,feeder2_1176,0.07071912848852209,0.07147589862092558,0.0706729812777106,0.07158158108018164
90,1.5,feeder2_846,0.07305894478411416,0.07215206537477954,0.07300808550156156,0.07227430018007956
90,1.5,feeder2_911,0.07331051039771286,0.07196305400231454,0.07326186651001462,0.07208201994618513
90,1.5,feeder2_1107,0.08102164663120058,0.06894322718832235,0.08096213701689223,0.06920518672606078
90,1.5,feeder2_920,0.08138676186833599,0.06801915184147264,0.0813258844086065,0.06827346665386742
90,1.5,feeder2_926,0.08234403563640127,0.06811929958819751,0.08228536116835025,0.06838940417463267
90,1.5,feeder2_1239,0.08134891943273502,0.0681400097280189,0.0812909170410117,0.0683974338668065
90,1.5,feeder2_933,0.08263699654418238,0.06842804186566656,0.08257494835440264,0.06870001352785053
90,1.5,feeder2_1146,0.08296536946654325,0.0670039059253279,0.08290609409475963,0.06727908302842951
90,1.5,feeder2_1124,0.08264321715432771,0.06846114425701467,0.08258439606817375,0.06873235639732794
90,1.5,feeder2_942,0.08336460182015061,0.06917601346866595,0.08330264338910902,0.06945930722642235
90,1.5,feeder2_952,0.08476937133625949,0.06793907127092255,0.08470506740810216,0.06823673199416018
90,1.5,feeder2_965,0.08332209146593347,0.06948398838506777,0.08326198450010452,0.0697676360544782
90,1.5,feeder2_961,0.08486578529217666,0.06791826062132103,0.08479956685447648,0.06821292429266998
90,1.5,feeder2_963,0.08478125416531361,0.06791541984223787,0.08471418135244742,0.06820784798401482
90,1.5,feeder2_973,0.08538605438193604,0.06778447168798928,0.08531888300806348,0.06808534275191908
90,1.5,feeder2_1128,0.08485293396535842,0.06796001174987991,0.0847891212409303,0.06825644629699273
90,1.5,feeder2_1113,0.08591676386267386,0.06759212357979831,0.08585302262679924,0.06789104371220876
90,1.5,feeder2_1143,0.08481211905877775,0.06760590522205205,0.08475013402454792,0.06790457889896678
90,1.5,feeder2_1238,0.08349950695358663,0.0692519865556782,0.08343814435672621,0.06953365134432626
90,1.5,feeder2_979,0.08326505519363595,0.06990645515882184,0.08320523232090106,0.07018972724268174
90,1.5,feeder2_1236,0.08614550403668408,0.06753274785755985,0.08607984309974384,0.06784258126794727
90,1.5,feeder2_989,0.08538621890626566,0.06778496120858066,0.08531888300806348,0.06808534275191908
90,1.5,feeder2_1196,0.08299711283823244,0.07163976429797837,0.08293351274553967,0.07191750764142296
90,1.5,feeder2_1158,0.08541162851971736,0.06783352880148391,0.08534684391502692,0.06813447702623775
90,1.5,feeder2_1122,0.08115029968934234,0.06983960165412023,0.08109322967675697,0.07010642367849379
90,1.5,feeder2_1258,0.08037449017541062,0.06839604046319397,0.08031915605118474,0.06865654453562335
90,1.5,feeder2_1303,0.08261211172426414,0.06940751708729404,0.08255545359219947,0.06967853268726833
90,1.5,feeder2_1138,0.08113366576364531,0.07081052873065381,0.0810753539015572,0.07108265813345863
90,1.5,feeder2_1304,0.08064573593421215,0.07128532726441068,0.08058709670593592,0.07155726466951805
90,1.5,feeder2_1212,0.08120008102791633,0.07259460930202023,0.08114184940205997,0.07287181069365495
90,1.5,feeder2_1311,0.08276423480958414,0.07220458869320041,0.08270615209775772,0.07248529815575766
90,1.5,feeder2_1290,0.08099103660592999,0.07535784475318517,0.08093494556477716,0.07564073901810742
90,1.5,feeder2_1325,0.08726667141173876,0.06794235968869339,0.0871973502754603,0.06826385923466356
90,1.5,feeder2_1248,0.0861409046752749,0.06752872605761345,0.0860750321212749,0.06783839611450172
90,1.5,feeder2_1249,0.08353149835916038,0.06920816107625744,0.08346905871615362,0.06948786355501803
90,1.5,feeder2_1250,0.08354705534027888,0.06919474105537507,0.0834874833861414,0.06947714681013872
90,1.5,feeder2_1366,0.08616130952045657,0.06757887861118683,0.08609380432730596,0.06788877763988034
90,1.5,feeder2_1266,0.07972932897788866,0.06781554177081954,0.0796709262437179,0.06807133497725024
90,1.5,feeder2_1372,0.08123815795889335,0.07508949607736795,0.08117916129747141,0.07537119896307529
90,1.5,feeder2_1363,0.08072747515837493,0.07877247964738421,0.08067005797845396,0.07905771065056812
90,1.5,feeder2_1446,0.08867409445405716,0.06748022379306401,0.0886060041943888,0.06780719648449739
90,1.5,feeder2_1502,0.08810764216902893,0.06921737804726108,0.0880369746674299,0.06955103204531483
90,1.5,feeder2_1428,0.08028798723525872,0.07922767745897262,0.08023015761643879,0.07951134909000328
90,1.5,feeder2_1380,0.08058903508743487,0.08227937771220398,0.08052943695786335,0.08256817395326815
90,1.5,feeder2_1550,0.08064331439162331,0.0822215642805768,0.08058579548258517,0.08250749583221512
90,1.5,feeder2_1386,0.08051975260080883,0.08403413991387357,0.08045873295428932,0.0843207650031808
90,1.5,feeder2_1551,0.0803698957084867,0.08416608188129857,0.08031385181760944,0.08445639172771782
90,1.5,feeder2_1400,0.08049522688934224,0.0848423464414907,0.08043569971468002,0.08513061548123461
90,1.5,feeder2_1552,0.0802951902824274,0.08501649762751447,0.08023802899477563,0.08530773948150384
90,1.5,feeder2_1408,0.08046895145851622,0.08643661776216206,0.08041095639416747,0.08672724775436948
90,1.5,feeder2_1553,0.08008956905600706,0.08820325955071258,0.08003142954964956,0.08849246723210624
90,1.5,feeder2_1416,0.08051490561875912,0.08686353672027189,0.08045518328461357,0.08715594066344416
90,1.5,feeder2_1530,0.08245047957734844,0.08657085676664694,0.08239222058895916,0.08686262578400163
90,1.5,feeder2_1425,0.0803679093783609,0.08794993200637287,0.08030854146673855,0.08824040981591974
90,1.5,feeder2_1589,0.08008811984017085,0.08987972734966353,0.08002910141146448,0.09016983127012637
90,1.5,feeder2_1435,0.08036441514758948,0.08797864225069554,0.08030305810693453,0.08826628164750785
90,1.5,feeder2_1621,0.08036723514776258,0.08798109433701617,0.08030883512281221,0.08827140212106184
90,1.5,feeder2_1564,0.08028629868466977,0.08828517094036833,0.08022661994497059,0.08857631018545242
90,1.5,feeder2_1704,0.08719138660143425,0.06844194473079024,0.0871222274327108,0.06877143584492341
90,1.5,feeder2_1525,0.0883523880913549,0.06979989024199854,0.08828027836011992,0.07013669167985544
90,1.5,feeder2_1716,0.08836331688579711,0.0698495535094687,0.08829092163611263,0.07018492360054235
90,1.5,feeder2_1537,0.08862336976234929,0.07044153181622631,0.08854822932083536,0.07078193316414004
90,1.5,feeder2_1645,0.08852430437962995,0.07050213996057852,0.08844815878938653,0.07084138134201297
90,1.5,feeder2_1561,0.08894362826351708,0.07113980470440583,0.08886838877583073,0.07148567072681712
90,1.5,feeder2_1657,0.08982495583013299,0.0708028666725848,0.0897489351760132,0.07115109413651072
90,1.5,feeder2_1570,0.08903329547025723,0.07154481862636593,0.08895800973685077,0.07189175129620849
90,1.5,feeder2_1756,0.09197581432271518,0.07057071126067879,0.09190050106308481,0.07092456968850813
90,1.5,feeder2_1588,0.08907343091431966,0.07200908842099822,0.08899876550266674,0.07235832562416743
90,1.5,feeder2_1628,0.08923570545262821,0.07182646493882808,0.08916065002117003,0.07217446988304202
90,1.5,feeder2_1598,0.0891184463526825,0.07265195741324208,0.08904253286230855,0.07299860123652174
90,1.5,feeder2_1816,0.08610426740110212,0.07007161311972887,0.08602937080868261,0.07041148981680516
90,1.5,feeder2_1765,0.08911547981042199,0.07275377037885955,0.08903982837742247,0.07310213414268416
90,1.5,feeder2_1641,0.0894164705405408,0.07647348896504741,0.08933517556003272,0.07682861787574703
90,1.5,feeder2_1689,0.08942606089990965,0.08030071996882876,0.0893455620152189,0.08066122900883306
90,1.5,feeder2_1744,0.09010159630952261,0.07619302464522881,0.09002298994586744,0.07655431005028918
90,1.5,feeder2_1817,0.08926109923278236,0.08168045193636722,0.08918135325788967,0.08204096238955941
90,1.5,feeder2_1779,0.08942487426322322,0.08030983719812043,0.08934382137525977,0.0806702022155557
90,1.5,feeder2_1800,0.0893792407468523,0.08034167523846074,0.08929664912918943,0.08070279582153544
90,1.5,feeder2_1818,0.09370183457066199,0.08541027379518899,0.09360117288570256,0.08577661954254313
90,1.5,feeder2_1753,0.09215310462879558,0.07550296308443669,0.09207519744347967,0.07586857808700437
90,1.5,feeder2_1754,0.09013066713868187,0.07615860949656739,0.09005130316339977,0.07651961293183006
120,2.0,secondary,0.01590240804165317,0.008930736222055178,0.01590891214770716,0.008937760954633537
120,2.0,feeder2_44,0.029572989751925564,0.0465455966669419,0.02958257419814128,0.0465765125741366
120,2.0,feeder2_45,0.03007357493827599,0.04795178477216483,0.030085576170304423,0.047983754299691574
120,2.0,feeder2_46,0.030342536507703573,0.04707828417296401,0.030352880768759614,0.04710887884995832
120,2.0,feeder2_51,0.030963311653762864,0.05049066730139351,0.03097547981482982,0.05052183105987032
120,2.0,feeder2_48,0.029807398572350423,0.04731358788255001,0.029812636973025615,0.04734665561541726
120,2.0,feeder2_52,0.030858808601224995,0.05055773541423573,0.030864853427416853,0.05059112151803117
120,2.0,feeder2_68,0.033482344566694924,0.057624984292006604,0.033490587369245435,0.05766440777910456
120,2.0,feeder2_69,0.03365858322878928,0.05775936579072768,0.033663324055982824,0.05780045428879163
120,2.0,feeder2_71,0.03381581095352288,0.05856257642068151,0.0338257682139862,0.058600443671787496
120,2.0,feeder2_72,0.033690580621520326,0.058319230587965426,0.03370092499954637,0.05835768972010166
120,2.0,feeder2_73,0.034867118873863526,0.06152497888553543,0.03487427447195523,0.06156689423422537
120,2.0,feeder2_74,0.03480808998338572,0.061562425342571656,0.03481924488404762,0.06160510358584134
120,2.0,feeder2_77,0.03577068265907108,0.06406242949726393,0.03578171058331152,0.06410677636189782
120,2.0,feeder2_79,0.03694617890968512,0.06398532418091613,0.0369546411003368,0.06402944436571342
120,2.0,feeder2_81,0.03706722561637323,0.06803524288736473,0.03707925499683095,0.06807867972258275
120,2.0,feeder2_82,0.03678878886672715,0.06743677401987942,0.03679903161779808,0.06748162595230815
120,2.0,feeder2_116,0.04304534295275736,0.08646201060858945,0.04305383333634353,0.08651781203649282
120,2.0,feeder2_119,0.04100794191623924,0.08854989752602711,0.04101923284049424,0.08860252434179715
120,2.0,feeder2_120,0.04542889754644835,0.09222508629214822,0.04544344082754397,0.09228501036656983
120,2.0,feeder2_248,0.04338834794012174,0.09426616242166735,0.04339910456301925,0.09432615910415444
120,2.0,feeder2_124,0.04701738352127147,0.0949929280587278,0.04703060221282429,0.09505257138974715
120,2.0,feeder2_282,0.046926757832419584,0.0948443580560992,0.04693759068504356,0.09490749110556519
120,2.0,feeder2_275,0.043857056948964995,0.09819944888904188,0.04387099913769807,0.09826319530315418
120,2.0,feeder2_151,0.050139256068646484,0.09791030348124108,0.05015121784484049,0.09797872111621707
120,2.0,feeder2_295,0.05023872939660153,0.09798709941510027,0.050253483929980684,0.09805449120647373
120,2.0,feeder2_311,0.05043039990365353,0.09812530527050019,0.05044573067001136,0.09819391578154575
120,2.0,feeder2_201,0.055245654778353345,0.10244380212770683,0.05525822696384145,0.10252209625751371
120,2.0,feeder2_314,0.05598181057061693,0.10064754192247141,0.05599457366698296,0.10072536428273593
120,2.0,feeder2_342,0.06269245596749569,0.11312343137780378,0.06270819263714615,0.11321412898379019
120,2.0,feeder2_368,0.06430898322851551,0.11841551753975418,0.06432313105419735,0.11850769746300459
120,2.0,feeder2_347,0.06438827689146136,0.1086982085502258,0.06440309113695729,0.10879517661662455
120,2.0,feeder2_353,0.0652830629314251,0.1066702487350755,0.06530379059629142,0.10676547727087224
120,2.0,feeder2_518,0.06422238074464413,0.10842623804191316,0.06424154151788522,0.10852141724903189
120,2.0,feeder2_365,0.06628587867395615,0.10442383606752344,0.0663034288618474,0.10452191268052488
120,2.0,feeder2_653,0.06516123763693746,0.10675114822977023,0.06517436523349585,0.10684846668614333
120,2.0,feeder2_377,0.06683539996209478,0.10320831571507048,0.06685058700649318,0.10330961023803795
120,2.0,feeder2_622,0.06632162067686116,0.10445209934230708,0.06633972525031655,0.10454959606156522
120,2.0,feeder2_451,0.06416190129610033,0.11816766315805188,0.06418323377400503,0.11825996822756094
120,2.0,feeder2_383,0.066995934245969,0.1273426375399544,0.06701112093172341,0.12743685127453724
120,2.0,feeder2_385,0.06746800819432862,0.10178968129148566,0.06748936910099909,0.10188923881732088
120,2.0,feeder2_621,0.06693912253529408,0.10329123409903859,0.06695724847179498,0.10339070896680937
120,2.0,feeder2_611,0.06690132232107875,0.12736715988129016,0.0669208361729141,0.12746095467088556
120,2.0,feeder2_405,0.06716519933267429,0.1279066643020398,0.06718253645269733,0.1280035121433258
120,2.0,feeder2_461,0.07038772644143945,0.09396694764397293,0.0704085494872572,0.0940728024217882
120,2.0,feeder2_594,0.0661813665575461,0.10309085127186643,0.0661965556948761,0.1031932978647412
120,2.0,feeder2_732,0.06523013582105279,0.12963609522998995,0.06524810479515637,0.1297292421122607
120,2.0,feeder2_417,0.06854766284991053,0.13183201016808963,0.06856883254795305,0.13192299817342854
120,2.0,feeder2_663,0.06869724836418811,0.1319786957940005,0.06871121727636696,0.13207483496150316
120,2.0,feeder2_444,0.0695919207220286,0.13480110410055507,0.06960553850781394,0.13489819659160107
120,2.0,feeder2_759,0.06949747211726973,0.13465237388286228,0.06951129301353941,0.13475164069754578
120,2.0,feeder2_842,0.09150415851305305,0.1539913149644461,0.09151783999531445,0.1540903676138036
120,2.0,feeder2_459,0.06961612046158788,0.13470159537434545,0.0696320964630261,0.13479827913062292
120,2.0,feeder2_702,0.07028516458060045,0.13315500017880394,0.07030436849701559,0.13324941206883356
120,2.0,feeder2_493,0.06969613679173722,0.13496489275409218,0.06971502082593443,0.1350613092891825
120,2.0,feeder2_651,0.07058775749345308,0.09411101814537444,0.07060352427597097,0.09422008953013612
120,2.0,feeder2_684,0.07276740633306336,0.08752836538859285,0.07278598753464789,0.08763956590700636
120,2.0,feeder2_674,0.06967770084525088,0.13496330981385496,0.06969577550607006,0.1350570414378796
120,2.0,feeder2_696,0.06993004818277619,0.13575459218478925,0.06994788584376649,0.13584937082700718
120,2.0,feeder2_681,0.06964818202861395,0.13495774977418395,0.0696655995298526,0.1350525723656567
120,2.0,feeder2_682,0.06964626265480857,0.1349652851192801,0.06966388194843307,0.1350593576071481
120,2.0,feeder2_728,0.07270619919792184,0.08730412093023718,0.07272783342656464,0.08741306796719708
120,2.0,feeder2_724,0.07534501674063204,0.08157813204019135,0.0753641983469713,0.08168950094010992
120,2.0,feeder2_703,0.07060873326350472,0.13633847894315268,0.07062657178431213,0.13643254256953197
120,2.0,feeder2_704,0.07007702517885568,0.13587995926409416,0.0700942338753362,0.1359770715155892
120,2.0,feeder2_754,0.07515119442545434,0.0812926655659845,0.07516873211009466,0.08140430771035802
120,2.0,feeder2_747,0.07643828067509802,0.07934062313848128,0.0764541285420453,0.07945275177974631
120,2.0,feeder2_828,0.07269361215234657,0.08731954257893128,0.07271608842806102,0.08742666139299038
120,2.0,feeder2_763,0.0726138849168343,0.08695666643522773,0.07263182514876072,0.0870666213783984
120,2.0,feeder2_836,0.07876225700235923,0.07859213637258752,0.07878137806214414,0.0787077560319503
120,2.0,feeder2_758,0.07710084339257,0.07771015337971138,0.07712158554816957,0.0778199376151476
120,2.0,feeder2_788,0.07685031467958968,0.07733740161535081,0.07687113734463666,0.07744972458984335
120,2.0,feeder2_812,0.07925658941467822,0.07377129716373375,0.07927312176967041,0.07387695642130486
120,2.0,feeder2_947,0.07219672623903427,0.08633057732201024,0.07221393846054033,0.0864395782104597
120,2.0,feeder2_868,0.07247265243951362,0.08674556571035162,0.07249004663558627,0.08685418185896136
120,2.0,feeder2_785,0.07262790926236808,0.08702472002886807,0.07265086003552329,0.08713517509738822
120,2.0,feeder2_1176,0.07309825948124235,0.08736330620912978,0.07311623897346406,0.08747514004904446
120,2.0,feeder2_846,0.07255522438633752,0.08711253953660843,0.07257340210890378,0.08721858452519729
120,2.0,feeder2_911,0.0726022306756651,0.0869265811261521,0.07262176293474125,0.08703739058170235
120,2.0,feeder2_1107,0.07793108047383462,0.08329511458214289,0.0779464000537581,0.08339420069854647
120,2.0,feeder2_920,0.08023523491221356,0.07022024657405622,0.08025539511471212,0.07032459320577318
120,2.0,feeder2_926,0.08176581010012982,0.06428776080564455,0.08178451631407946,0.06439025296115015
120,2.0,feeder2_1239,0.08014996486365658,0.07102784640375841,0.08016653905162986,0.07113310752523389
120,2.0,feeder2_933,0.08244996056349799,0.061710192876477915,0.08247005036931458,0.06181350499072816
120,2.0,feeder2_1146,0.08173503951028906,0.06414153950418133,0.08175870227910392,0.06424351102006695
120,2.0,feeder2_1124,0.08259454634988572,0.0617814308479925,0.08261903598512729,0.06188265731645557
120,2.0,feeder2_942,0.08416130825039171,0.05517524400205832,0.08418595658377646,0.055274468513413895
120,2.0,feeder2_952,0.0866938413672381,0.04574610015130021,0.08671660617672006,0.04583718085516667
120,2.0,feeder2_965,0.08416033995827697,0.05517839386669297,0.0841820965874625,0.05527655287237808
120,2.0,feeder2_961,0.0869743340491435,0.044784146698614156,0.08699692147681075,0.04487147776336876
120,2.0,feeder2_963,0.08669234412720078,0.04573879748527486,0.08671240119580442,0.0458307009132927
120,2.0,feeder2_973,0.08846333231618524,0.03974791079481065,0.08848113375392493,0.0398284402070659
120,2.0,feeder2_1128,0.08697876454311976,0.0448181963285154,0.08700078524527453,0.04490845347305259
120,2.0,feeder2_1113,0.08664315283940092,0.04567543920401533,0.08666628541872154,0.0457638761805524
120,2.0,feeder2_1143,0.08662732844561694,0.04541969120422429,0.0866466267685071,0.04550938593077542
120,2.0,feeder2_1238,0.08397820041736916,0.054941157711237205,0.08399645552287657,0.05504078255734534
120,2.0,feeder2_979,0.08416310753258187,0.05520194380698549,0.0841858579734692,0.05530183033324207
120,2.0,feeder2_1236,0.09067166884179025,0.0326106126452927,0.09069769694792874,0.03267061280465213
120,2.0,feeder2_989,0.08846347501955167,0.03974849928991491,0.08848113375392493,0.0398284402070659
120,2.0,feeder2_1196,0.08412131962751881,0.05531430069753309,0.08414356484553781,0.055412376084970044
120,2.0,feeder2_1158,0.08859500172882444,0.03980997842281929,0.08861747117448313,0.03989059703480422
120,2.0,feeder2_1122,0.0772266026822278,0.08726356709230183,0.07724352030819572,0.08735854949516811
120,2.0,feeder2_1258,0.07894040320317106,0.08296718812415871,0.07895642185200441,0.08306731939246069
120,2.0,feeder2_1303,0.07712806773810625,0.08713941812733049,0.07714555781968176,0.08723721853818164
120,2.0,feeder2_1138,0.07668468769050804,0.09047855188778889,0.0767046407609833,0.09057278084681478
120,2.0,feeder2_1304,0.07543628562188272,0.09211976054517768,0.07545607869982623,0.09221005184543565
120,2.0,feeder2_1212,0.07564825377000238,0.09607143129477005,0.07566541404030382,0.09615724084460242
120,2.0,feeder2_1311,0.07551470704795848,0.09590380272644321,0.0755323919323304,0.09599342686840603
120,2.0,feeder2_1290,0.07441088483716375,0.10325451744441232,0.07443097228039877,0.10333940818055376
120,2.0,feeder2_1325,0.09339814252120081,0.025661170820534162,0.09342285247442193,0.025657903291174452
120,2.0,feeder2_1248,0.0906772216798404,0.03260631343912745,0.09070242534783744,0.03266624196233608
120,2.0,feeder2_1249,0.08394298424950357,0.054896805547095494,0.08396390399962983,0.054998326944557044
120,2.0,feeder2_1250,0.0839352835114133,0.05488149455620154,0.08395353665487003,0.05498253289523817
120,2.0,feeder2_1366,0.09084216582788439,0.032647201346675404,0.09086743794088915,0.03270950123531655
120,2.0,feeder2_1266,0.07899848879989654,0.08300613094128972,0.07901456961769096,0.08310548425707913
120,2.0,feeder2_1372,0.07432826373729358,0.1025088556003735,0.07434771814014872,0.10259341196620336
120,2.0,feeder2_1363,0.07333672602780832,0.11226382361501556,0.07335373660135897,0.11234415375801857
120,2.0,feeder2_1446,0.09344636449859535,0.02570504438868869,0.09347266262136092,0.0256983413308858
120,2.0,feeder2_1502,0.09658728667649331,0.02292065307093901,0.09661481574654765,0.02282511401762377
120,2.0,feeder2_1428,0.07211299427217668,0.11393780780434805,0.07212769988178004,0.11401877547131925
120,2.0,feeder2_1380,0.07225148641580828,0.12060146578692567,0.07226639400688932,0.12068124462399782
120,2.0,feeder2_1550,0.07220144743960694,0.12053705774194873,0.07221969037694896,0.12061496663049491
120,2.0,feeder2_1386,0.07173789021666102,0.12471410383385244,0.07175497273640734,0.12479120576295076
120,2.0,feeder2_1551,0.06917262382908494,0.12779773592810637,0.06919191035861853,0.127876605391029
120,2.0,feeder2_1400,0.0715706391235696,0.1259521257420624,0.07158664032914908,0.12603167439442742
120,2.0,feeder2_1552,0.0715794060921574,0.12607826256667878,0.0715979212266335,0.12615480703535234
120,2.0,feeder2_1408,0.07121280555495293,0.1284630749570892,0.0712267703419896,0.12853774095960482
120,2.0,feeder2_1553,0.06770081410638482,0.1327779823216762,0.06771561298840947,0.13285294728813507
120,2.0,feeder2_1416,0.0711235240972089,0.1287996425022387,0.07114020209598441,0.12887622328022613
120,2.0,feeder2_1530,0.0710328692005686,0.12801725108482284,0.07104967127480646,0.1280922730191418
120,2.0,feeder2_1425,0.07106267688679381,0.12993402456018158,0.07107812556689568,0.13001102036413476
120,2.0,feeder2_1589,0.06941461965093404,0.1319948215622367,0.0694339914548592,0.13207276131234424
120,2.0,feeder2_1435,0.0710689405860358,0.12996460062745563,0.07108631046564283,0.13003872979240313
120,2.0,feeder2_1621,0.07133594081607765,0.1300552779643601,0.07135535213733801,0.13013336035426815
120,2.0,feeder2_1564,0.0711017171107163,0.13019584429207404,0.07112128190562399,0.13027143067516891
120,2.0,feeder2_1704,0.09686834673253081,0.022715938609412966,0.09689009577281239,0.02261801741817562
120,2.0,feeder2_1525,0.0973909675231765,0.023332483272045148,0.09741415704629075,0.02320854587292204
120,2.0,feeder2_1716,0.10117501863261069,0.018516424250758865,0.10120517487650507,0.01838964027289088
120,2.0,feeder2_1537,0.09813146009472089,0.02504807295937547,0.09815588385229651,0.024905752248896556
120,2.0,feeder2_1645,0.09655891630511801,0.02538282584671609,0.09658275998867229,0.0252443846565642
120,2.0,feeder2_1561,0.09909528954659731,0.027400503086910107,0.0991217069063211,0.027236172009615235
120,2.0,feeder2_1657,0.09899305371207426,0.027418185770797406,0.09902236528457097,0.027253247645022793
120,2.0,feeder2_1570,0.09951851659771153,0.02862614921349353,0.09954147609696912,0.028446765635710327
120,2.0,feeder2_1756,0.09927554486851337,0.028648967159787944,0.09929994190922399,0.028470752973076743
120,2.0,feeder2_1588,0.0999182012725455,0.0298638055359395,0.09994338622496242,0.02967813151139308
120,2.0,feeder2_1628,0.09993133813663348,0.030651640022893025,0.09995957168552169,0.03047076231759109
120,2.0,feeder2_1598,0.10045001142458997,0.03131369786953376,0.10047806783742548,0.031125315374254052
120,2.0,feeder2_1816,0.1035849532420793,0.02830040732509965,0.1036124827676608,0.028106962106923997
120,2.0,feeder2_1765,0.10093484286183574,0.030799531782428054,0.10095908567522834,0.030608837379763363
120,2.0,feeder2_1641,0.10276770685016468,0.04063848010395415,0.102796997209762,0.0404330908386567
120,2.0,feeder2_1689,0.10477318914465937,0.049226926955155126,0.1047964537271682,0.04900621215857284
120,2.0,feeder2_1744,0.10268754814198192,0.04067987044867878,0.10271246830224755,0.0404681858038045
120,2.0,feeder2_1817,0.10459792539451826,0.048718790695689046,0.10462799340568939,0.04850540753369433
120,2.0,feeder2_1779,0.10481114219886697,0.04918571958991804,0.10483626524466143,0.04896509551466825
120,2.0,feeder2_1800,0.10366119262755012,0.04864398058362476,0.10369306461923107,0.048432044501099454
120,2.0,feeder2_1818,0.1258555433887736,0.07102031155625357,0.12588675098730662,0.07078742424777575
120,2.0,feeder2_1753,0.1025510695832542,0.040742236248743506,0.10258253673600026,0.04053877837504541
120,2.0,feeder2_1754,0.10266184136351164,0.040695089395603526,0.10269081888702003,0.04048750979107301
150,2.5,secondary,0.01646340643243706,0.007641682654371949,0.016458018842637707,0.007636741323425001
150,2.5,feeder2_44,0.030613980181542218,0.039824294872003334,0.03060122712671033,0.03978662581258167
150,2.5,feeder2_45,0.031121644862981176,0.04104134823661861,0.031107033562276357,0.041001082671598806
150,2.5,feeder2_46,0.030250524101924237,0.03992050253910289,0.030236547748077852,0.03988177658180884
150,2.5,feeder2_51,0.032007142900664226,0.0432482274401236,0.031996344279632376,0.04321019522489351
150,2.5,feeder2_48,0.031370951844656034,0.040413062661888245,0.03135863858128544,0.040376071313807285
150,2.5,feeder2_52,0.03179530577618664,0.04330138504047265,0.03178020516368606,0.04326077440036513
150,2.5,feeder2_68,0.034520184724093364,0.0494455709294245,0.034506014682364236,0.049401734513246504
150,2.5,feeder2_69,0.03463591138872839,0.04958499497523242,0.03462429773003009,0.04953839761563904
150,2.5,feeder2_71,0.03485178522141372,0.05025808015993012,0.03483339452510957,0.05021265117743857
150,2.5,feeder2_72,0.03492794543081812,0.05001716480233212,0.03491115750146897,0.049972360464908265
150,2.5,feeder2_73,0.03589183520380698,0.05282797753932022,0.03587597406114457,0.052781416644496384
150,2.5,feeder2_74,0.034673506310098266,0.054598691170904004,0.03465825976574758,0.054551143295120424
150,2.5,feeder2_77,0.03684466033348638,0.05476921729274001,0.03683264634275682,0.054718324561586415
150,2.5,feeder2_79,0.03708246801579566,0.05505239924228308,0.03707061389286868,0.055003244231073715
150,2.5,feeder2_81,0.03832230668519322,0.05771733544059932,0.03830230441977134,0.057668124257404405
150,2.5,feeder2_82,0.03853695869063491,0.05712215682612028,0.03852290854869531,0.05706595551048442
150,2.5,feeder2_116,0.04500165607765924,0.07153950384621423,0.044982065512998395,0.07147429304029898
150,2.5,feeder2_119,0.044236264589873356,0.07181295150077682,0.044215340320638896,0.0717474140401717
150,2.5,feeder2_120,0.04755675655895938,0.07655802252872518,0.04753492253591193,0.07649085550265104
150,2.5,feeder2_248,0.04707971473277996,0.07670072512280808,0.04705946503989826,0.07663288395622658
150,2.5,feeder2_124,0.049160802501046943,0.07960610259480613,0.0491399742131955,0.07953232042294338
150,2.5,feeder2_282,0.04919701314002272,0.07945872506548114,0.04917483312987843,0.07938655779155253
150,2.5,feeder2_275,0.04673279840565754,0.08278184145320566,0.04671338496324352,0.08271128725803799
150,2.5,feeder2_151,0.052415028971677456,0.08302412843681435,0.05239094362822613,0.08294573311585629
150,2.5,feeder2_295,0.052487726663101156,0.0831025976972211,0.05246706938281763,0.08302440361275888
150,2.5,feeder2_311,0.052618648203691686,0.08324434845955461,0.05260094404360086,0.08316517066266604
150,2.5,feeder2_201,0.05773073438733545,0.08834569610393966,0.05770918608715217,0.08825669494495424
150,2.5,feeder2_314,0.05848968852825207,0.08759927300209867,0.05846976677283562,0.08750937026001739
150,2.5,feeder2_342,0.06507627289899112,0.09762392971002558,0.06505482535896687,0.09752208886891121
150,2.5,feeder2_368,0.06671512817881871,0.10341001485730555,0.06668643083884396,0.10330835933450103
150,2.5,feeder2_347,0.06612554067476105,0.09183329411208375,0.06609892839962038,0.09172693283604401
150,2.5,feeder2_353,0.06665694434537514,0.08930386362827653,0.06663190824889204,0.08919782348146095
150,2.5,feeder2_518,0.06619461303983358,0.0915573251434798,0.0661723394000139,0.09145134023996208
150,2.5,feeder2_365,0.06727275161028348,0.08663921185648875,0.06724551569433493,0.08653362018130047
150,2.5,feeder2_653,0.06634470555479202,0.08940921843339994,0.06631583166320651,0.08930165781164512
150,2.5,feeder2_377,0.0676053842583036,0.08526717302947212,0.0675796219744348,0.08516235419399602
150,2.5,feeder2_622,0.06729926364771763,0.08666457472402878,0.06727264606101685,0.0865585045795043
150,2.5,feeder2_451,0.06677249421654481,0.1031634897360606,0.06674736697946318,0.10305959238861966
150,2.5,feeder2_383,0.06940469327865295,0.11333175841880704,0.06937969387488795,0.11322489810727793
150,2.5,feeder2_385,0.06798095379115238,0.08373726762939154,0.06795103078117508,0.08363271812116609
150,2.5,feeder2_621,0.0676837390574849,0.08534026707501044,0.06765138069463565,0.0852340961258151
150,2.5,feeder2_611,0.06919675327709422,0.11334833749963479,0.06916939142591745,0.11323949777711179
150,2.5,feeder2_405,0.06957670161908397,0.1139650496865165,0.06954820173504682,0.11385749138906501
150,2.5,feeder2_461,0.06959336746186252,0.07822313272838162,0.06956465891729036,0.07812524978130625
150,2.5,feeder2_594,0.06767270897356087,0.08387131724128775,0.06764692919578416,0.08376699086651934
150,2.5,feeder2_732,0.06925327181056275,0.11399306934875074,0.06922901140807303,0.11388545984028378
150,2.5,feeder2_417,0.0708935739207524,0.11878324382578981,0.07086664423913809,0.11867291102570388
150,2.5,feeder2_663,0.07086569082912586,0.1189573368929549,0.07083947659856979,0.11884636138180796
150,2.5,feeder2_444,0.07186334247126486,0.1224029158072218,0.07183596659566653,0.12229323248207165
150,2.5,feeder2_759,0.07188573740805439,0.12225783754018411,0.0718602769405143,0.12215036352950942
150,2.5,feeder2_842,0.08927131903871838,0.1421345373637677,0.08924691539628074,0.1420242309407915
150,2.5,feeder2_459,0.07186728343924018,0.12250173510793487,0.07184311375486589,0.1223908456261478
150,2.5,feeder2_702,0.07311547146153108,0.12122441263011054,0.07308923031306165,0.12111609971818738
150,2.5,feeder2_493,0.07176992056010431,0.1234028336517688,0.07174183432730595,0.12329327998750056
150,2.5,feeder2_651,0.0697345383227061,0.07832479829827846,0.06970161768851266,0.078224294454687
150,2.5,feeder2_684,0.07085934699904542,0.07479854392236943,0.0708254580060642,0.07470494417674652
150,2.5,feeder2_674,0.07136288867340884,0.12380508441884709,0.07134182852175684,0.12369336635015066
150,2.5,feeder2_696,0.07207708046186344,0.12437484266330204,0.07205033657651203,0.12426583925547173
150,2.5,feeder2_681,0.07081522509558756,0.12432365370855906,0.07079105279162613,0.12421318129805681
150,2.5,feeder2_682,0.07051278412269793,0.12468878371968294,0.07048759812787729,0.12457744446198056
150,2.5,feeder2_728,0.07100225718840904,0.0744126184757495,0.07096747515281221,0.07432099925598801
150,2.5,feeder2_724,0.07202227055409087,0.07319294547088864,0.07198944515748955,0.07310893971817142
150,2.5,feeder2_703,0.07258916582803952,0.12498007334488301,0.07256083682762912,0.12487005391101443
150,2.5,feeder2_704,0.0721266189517578,0.12452627462023395,0.07209967230346713,0.12441455919248033
150,2.5,feeder2_754,0.07209743545106263,0.0729119869723954,0.072060314229692,0.07282696820594853
150,2.5,feeder2_747,0.07250526963159795,0.07289416919700849,0.07246985848841112,0.07281479373365007
150,2.5,feeder2_828,0.07095233283356882,0.07444506811160469,0.07091847445028812,0.07435391790100815
150,2.5,feeder2_763,0.07123404400356469,0.07383661539422687,0.07120086925408008,0.07374832447172677
150,2.5,feeder2_836,0.07265886231770387,0.07295125536848404,0.07262683272362908,0.07287400225621904
150,2.5,feeder2_758,0.07290018775979391,0.07270161367812368,0.07286602784403032,0.07262566328580196
150,2.5,feeder2_788,0.07300275580180723,0.07234761807217412,0.07296793818100765,0.07227399682132955
150,2.5,feeder2_812,0.07413943795954457,0.07315971747217528,0.07410715236859261,0.07309760233568663
150,2.5,feeder2_947,0.07140926185573247,0.07320886773250139,0.07137565535384581,0.07312303150298094
150,2.5,feeder2_868,0.07182261769843114,0.07339916990018729,0.07179051153519544,0.07331478066378594
150,2.5,feeder2_785,0.07128692214132937,0.07398618960977334,0.07125851706827756,0.07390069998140993
150,2.5,feeder2_1176,0.07162387388253165,0.07415869955313198,0.07159408401052839,0.07407311674175535
150,2.5,feeder2_846,0.07052981370239383,0.07488648232559987,0.07049541795435017,0.07480155029226251
150,2.5,feeder2_911,0.07165345390614035,0.07313433213143168,0.07162330261148235,0.07305154810854787
150,2.5,feeder2_1107,0.07324474790111207,0.07726158876878478,0.07320632701420973,0.07719919002916861
150,2.5,feeder2_920,0.0747335214317188,0.07230904336802464,0.07469854999959279,0.07225253666290839
150,2.5,feeder2_926,0.07564144557220996,0.07103356163683018,0.07560135215484554,0.07097972759830187
150,2.5,feeder2_1239,0.07470666548833912,0.07245074133065561,0.07467200716739578,0.07239476617338453
150,2.5,feeder2_933,0.07601118104806143,0.07058366878346088,0.07597514002536891,0.07053408554843416
150,2.5,feeder2_1146,0.07579354570846018,0.07068561033669499,0.07575794826396269,0.07063745399919774
150,2.5,feeder2_1124,0.07611840912491466,0.07058728847662653,0.07608302761992934,0.07053964841972928
150,2.5,feeder2_942,0.07691772678940922,0.06951630380426121,0.07688312986588625,0.06947449123572254
150,2.5,feeder2_952,0.07815304103120357,0.0681296613165856,0.07810998424378462,0.06809184246636765
150,2.5,feeder2_965,0.0769311095320755,0.06951467735767695,0.07689169467841127,0.06947482590051485
150,2.5,feeder2_961,0.07827494575970048,0.06802708222476211,0.07823489241783989,0.0679908569909256
150,2.5,feeder2_963,0.07815553168422201,0.06812144559725423,0.07811562274570273,0.0680853322985966
150,2.5,feeder2_973,0.07902302726414402,0.06705543491018932,0.07898706475229583,0.0670272450487499
150,2.5,feeder2_1128,0.07810355789965397,0.0687967595898899,0.0780666408254276,0.06876519426738675
150,2.5,feeder2_1113,0.07862451472655045,0.06807510727576774,0.078582873827076,0.06804356448353685
150,2.5,feeder2_1143,0.07813682874891248,0.06784012410931141,0.07809285299666811,0.06780362400918936
150,2.5,feeder2_1238,0.07902843517753655,0.06928455222924883,0.07899193802193046,0.06924912668879649
150,2.5,feeder2_979,0.07692447336019304,0.06955262978023179,0.07688582644523628,0.0695078726021153
150,2.5,feeder2_1236,0.08003656213307994,0.06661961781200186,0.07999463855758461,0.066596774327635
150,2.5,feeder2_989,0.07902397752261213,0.06704707877505336,0.07898230670945759,0.06701483360924756
150,2.5,feeder2_1196,0.0767505595532582,0.06971917905018228,0.07670820270865016,0.06967459903785808
150,2.5,feeder2_1158,0.07891716312129564,0.06593623621111752,0.07887671609914258,0.06590367020386644
150,2.5,feeder2_1122,0.0728438534661416,0.078804599129282,0.07280499518305625,0.07874308368092518
150,2.5,feeder2_1258,0.07346412101185684,0.07730030066832635,0.07342991965382965,0.07723991858057042
150,2.5,feeder2_1303,0.0728595245264128,0.0786857794879759,0.07282512555388598,0.07862608897682002
150,2.5,feeder2_1138,0.07253151336580023,0.08006538058210014,0.07249505364568425,0.08000690437836075
150,2.5,feeder2_1304,0.07198718884999554,0.08055521033919773,0.07195196798167601,0.08049860313577345
150,2.5,feeder2_1212,0.07194234980074247,0.0823617540571241,0.07191112761862246,0.08230362225452895
150,2.5,feeder2_1311,0.07196522098817049,0.08220247104094361,0.07192568152789366,0.08214394961616865
150,2.5,feeder2_1290,0.0712256310431057,0.08533540780375065,0.0711925307810756,0.08527826604926166
150,2.5,feeder2_1325,0.08114847242844057,0.0691080845720521,0.08110988771141982,0.06910722943677669
150,2.5,feeder2_1248,0.08003478932678891,0.06660601034177809,0.07999325708223362,0.06658454314598075
150,2.5,feeder2_1249,0.07903292577279908,0.06924396180693256,0.07898966022066604,0.06920715239713561
150,2.5,feeder2_1250,0.0804924855918496,0.0692682859798669,0.08045645776075351,0.06924026176640875
150,2.5,feeder2_1366,0.07954512361817356,0.06312031180559052,0.07950601429734681,0.06309421200044608
150,2.5,feeder2_1266,0.07351535791558463,0.07731601143180108,0.07348224747127274,0.07725461680324215
150,2.5,feeder2_1372,0.07130417171480657,0.08506535837437498,0.07126616478874899,0.08500712465658719
150,2.5,feeder2_1363,0.07047983081375032,0.08892555196790684,0.07044737363537938,0.0888686655115201
150,2.5,feeder2_1446,0.08118836400189244,0.0689861689346141,0.08114271931841219,0.06897831668228308
150,2.5,feeder2_1502,0.08241101598982464,0.07262565797476359,0.08236785755183454,0.07264085213528786
150,2.5,feeder2_1428,0.06998747505747802,0.08937113261892896,0.06994832726246214,0.08931283867089301
150,2.5,feeder2_1380,0.06970119834818343,0.09261611161868123,0.06966580082551015,0.09255727040321925
150,2.5,feeder2_1550,0.06971751361696454,0.0925566002983316,0.06968058636924897,0.09249658992342379
150,2.5,feeder2_1386,0.06932310908246427,0.09444844981490857,0.06928642204813551,0.09438887958404181
150,2.5,feeder2_1551,0.06838341356794345,0.09560595658159436,0.06835058967531449,0.09554919834258023
150,2.5,feeder2_1400,0.06920088005219448,0.09504597545943641,0.0691636200449874,0.0949878881192187
150,2.5,feeder2_1552,0.06768296361797112,0.09694181141965874,0.06765041457991923,0.0968831605706929
150,2.5,feeder2_1408,0.06915831754757523,0.09528465731332543,0.06912054127685129,0.095225361022398
150,2.5,feeder2_1553,0.06881868967710464,0.09558870517008185,0.0687839504568721,0.09553258080129423
150,2.5,feeder2_1416,0.06914814613043202,0.09534546025372774,0.06910952795638518,0.0952876847560025
150,2.5,feeder2_1530,0.06920758453796899,0.09511648872284725,0.0691732013818253,0.09506087033851139
150,2.5,feeder2_1425,0.06913657552846703,0.09558675205065632,0.06909846668446805,0.09552526024700989
150,2.5,feeder2_1589,0.06890127372213402,0.09580006414451137,0.06886656014935204,0.09574334921414034
150,2.5,feeder2_1435,0.06913786737665922,0.0956162154653559,0.06909743622037905,0.09555681991940927
150,2.5,feeder2_1621,0.06934726109682032,0.09564285264867,0.06931141873155584,0.09558296807874063
150,2.5,feeder2_1564,0.06908365911941115,0.09590472045650143,0.06904672878250633,0.09584851615768959
150,2.5,feeder2_1704,0.08261500054491873,0.0725265317424708,0.08256756050817164,0.07253716425629181
150,2.5,feeder2_1525,0.08271315227618928,0.07364255286637764,0.08266651405017436,0.07366055259288663
150,2.5,feeder2_1716,0.08251355357867933,0.07165285318408723,0.08246925386880524,0.07167198705522276
150,2.5,feeder2_1537,0.08302378844712927,0.07512109279708437,0.08297564516910788,0.07514342924646698
150,2.5,feeder2_1645,0.08241453255470561,0.07571357236045595,0.08237209558980496,0.07573943611881712
150,2.5,feeder2_1561,0.08346508425488806,0.07650911232123413,0.08341722898564438,0.07653876323223416
150,2.5,feeder2_1657,0.08349986870097394,0.07641849839845222,0.08344914916188931,0.07645026518174063
150,2.5,feeder2_1570,0.08365765001459541,0.07715506932892872,0.0836085715030085,0.07718737143503798
150,2.5,feeder2_1756,0.0836992549308072,0.07693511312374982,0.08365032701010874,0.07697067984907113
150,2.5,feeder2_1588,0.08383923636518219,0.07778522643429292,0.08379605424538919,0.0778270784835097
150,2.5,feeder2_1628,0.08388806433185685,0.07767225793547644,0.08383948479846011,0.07770899213090669
150,2.5,feeder2_1598,0.08407169959254487,0.07863208298196517,0.08402593066882182,0.07867712245257788
150,2.5,feeder2_1816,0.08436335416705468,0.07851957074657157,0.08431523299581116,0.07855783751674811
150,2.5,feeder2_1765,0.08443054178981915,0.07841286703591821,0.08438200115413833,0.07845421457438034
150,2.5,feeder2_1641,0.08513897452724356,0.08312009460057695,0.08509432755222707,0.08318472256009371
150,2.5,feeder2_1689,0.08587462021769748,0.0867941868693839,0.08582486917165592,0.08686279542306406
150,2.5,feeder2_1744,0.08591788390915364,0.08342286190448972,0.08587217679681693,0.08348796643420853
150,2.5,feeder2_1817,0.08586240280611444,0.08688229154740446,0.08581553466657355,0.08695622961413313
150,2.5,feeder2_1779,0.08590249030390684,0.08677309139205268,0.08585263861832207,0.08684270206846549
150,2.5,feeder2_1800,0.08460762411591992,0.08778188890467362,0.0845628364843356,0.08785352184842363
150,2.5,feeder2_1818,0.09374971897863303,0.09367826541081253,0.09369191718831517,0.09377193792027975
150,2.5,feeder2_1753,0.08594037428103594,0.08331239187507039,0.08589320330129396,0.08337475969302784
150,2.5,feeder2_1754,0.08645173451264487,0.08366071649975526,0.08640674432993847,0.08372452141027283
180,3.0,secondary,0.019151908610091348,0.007042645487737094,0.01914934718235404,0.0070369329087715945
180,3.0,feeder2_44,0.035614312027593395,0.03670348697322475,0.035609628409021085,0.036663589664089745
180,3.0,feeder2_45,0.03624848515064426,0.03779108845922155,0.03624320547144948,0.037750098978255965
180,3.0,feeder2_46,0.033155414672284514,0.03718763026251278,0.03315155331699267,0.03714732187594381
180,3.0,feeder2_51,0.037240401002728234,0.04019308468334845,0.03723431303160737,0.04014806313893222
180,3.0,feeder2_48,0.03939635520090498,0.034682402814325324,0.03939059879297856,0.03463918541019827
180,3.0,feeder2_52,0.03704682827991612,0.04022082075381494,0.03704288282034843,0.040174663288025374
180,3.0,feeder2_68,0.04005938782968499,0.04694673172729978,0.040054796749227774,0.046896727377956415
180,3.0,feeder2_69,0.040077627104860784,0.04710071354445512,0.04007603197622506,0.0470482892568727
180,3.0,feeder2_71,0.040432416603194944,0.047832078458886235,0.04042651985149756,0.047782799008223936
180,3.0,feeder2_72,0.040620976536624706,0.047601649136522456,0.04061694458142478,0.04755173052455905
180,3.0,feeder2_73,0.041598567841364384,0.05062790631683925,0.041596923089849455,0.05057605498957554
180,3.0,feeder2_74,0.041321876840505804,0.05230667219988954,0.04132037534234128,0.05225233485961981
180,3.0,feeder2_77,0.04264146502034177,0.05278146329548134,0.042636139571550595,0.05272424407603846
180,3.0,feeder2_79,0.042664848910970894,0.053100380294176325,0.042657584005681586,0.05304271267626559
180,3.0,feeder2_81,0.04427460121775916,0.0560537591086855,0.04427137723765745,0.05599363836365088
180,3.0,feeder2_82,0.04474769729136697,0.05548065154487544,0.04474321269837,0.055420567838499545
180,3.0,feeder2_116,0.05158483444971921,0.07129543849454546,0.05157904146876574,0.07121745912151523
180,3.0,feeder2_119,0.050881354553205846,0.07145100968901352,0.05087315389071877,0.07137488430319817
180,3.0,feeder2_120,0.0544024639853188,0.07690715949152672,0.0543950971686782,0.07682641135661954
180,3.0,feeder2_248,0.05394862810944071,0.07697512554647427,0.05394352668465564,0.07689314555684919
180,3.0,feeder2_124,0.056180775783081005,0.0803524872689637,0.05617606901815828,0.08026546298652082
180,3.0,feeder2_282,0.05629159119947191,0.08021358807078445,0.056285855464556694,0.08013097568113302
180,3.0,feeder2_275,0.05575916325777134,0.0814193933961156,0.055753934873076304,0.08133665551811213
180,3.0,feeder2_151,0.059412577133545606,0.08579407560274005,0.059407877365966685,0.085703006216516
180,3.0,feeder2_295,0.05943360472384998,0.08588202115211686,0.05942673072087219,0.08578935126249412
180,3.0,feeder2_311,0.059462470952313856,0.0860433350094786,0.059457949138047715,0.08595140905580757
180,3.0,feeder2_201,0.06473391770948864,0.09442546914484143,0.06472581278301284,0.09432451333132752
180,3.0,feeder2_314,0.06481268976678531,0.09432151594688792,0.06480977856073754,0.09422061221538194
180,3.0,feeder2_342,0.07229760814624145,0.10691644209088452,0.07228860109299749,0.1068022749366117
180,3.0,feeder2_368,0.07303393198533943,0.11385892286891129,0.07302670004304006,0.11373968576644249
180,3.0,feeder2_347,0.07461711966494666,0.10024249423428946,0.0746080657318218,0.10012056690085647
180,3.0,feeder2_353,0.07576659626493124,0.09711741232665413,0.07576082079186892,0.09699135614918164
180,3.0,feeder2_518,0.07482374534949901,0.09998231614556671,0.07481532804547732,0.09985912048497272
180,3.0,feeder2_365,0.07708115804057082,0.09370070029235839,0.07707318361962973,0.0935696860686681
180,3.0,feeder2_653,0.07546356365206404,0.09716259795884154,0.07545736837854428,0.09703482418993453
180,3.0,feeder2_377,0.07782006346633476,0.09186789200157292,0.07781109429955427,0.09173631108734288
180,3.0,feeder2_622,0.07594740244891426,0.0936019386513947,0.07594049836635498,0.09346816869827944
180,3.0,feeder2_451,0.07321968304461866,0.11362463403399072,0.0732110987065111,0.11351108397352312
180,3.0,feeder2_383,0.07425425052478814,0.1253833235313749,0.0742454127186361,0.125268706747429
180,3.0,feeder2_385,0.07866782139308698,0.08976762378732436,0.07866090439359227,0.08963340243017227
180,3.0,feeder2_621,0.07784297034752749,0.09195692445537779,0.0778356173482096,0.09182149053070268
180,3.0,feeder2_611,0.07404202595773965,0.12538195364479557,0.07403195766157578,0.12526727152512296
180,3.0,feeder2_405,0.07433611355967051,0.12610874221213578,0.07433048600882186,0.12599258055880366
180,3.0,feeder2_461,0.08225102790217727,0.08167053922871657,0.08224491442920834,0.08152607883765872
180,3.0,feeder2_594,0.07836947307245212,0.08983123151599152,0.07836467268314964,0.08969457070099737
180,3.0,feeder2_732,0.07313213810726044,0.12876130161168434,0.07312688033379831,0.12864232004987583
180,3.0,feeder2_417,0.07509725080046666,0.1310617578723597,0.07509023453821824,0.1309475932140003
180,3.0,feeder2_663,0.07433248023696279,0.13132852390143587,0.0743248190800333,0.1312141273712899
180,3.0,feeder2_444,0.07571966383046816,0.13473183516546478,0.07570898147606878,0.1346180753986141
180,3.0,feeder2_759,0.07582541266233234,0.13459231282784215,0.07581535137898895,0.1344810546538758
180,3.0,feeder2_842,0.08402046520602029,0.15506544911632583,0.08400636113260773,0.15495299364258858
180,3.0,feeder2_459,0.07573421775039645,0.13480778358871204,0.07572674507165428,0.13469405480914892
180,3.0,feeder2_702,0.07708751404849719,0.13349382098865753,0.07707881695910355,0.133376905529882
180,3.0,feeder2_493,0.07563758821404248,0.135634676537621,0.07562694422361733,0.13552277995503684
180,3.0,feeder2_651,0.08137928676476626,0.08154464649294525,0.08137479740200569,0.08139875792616116
180,3.0,feeder2_684,0.08525542360610522,0.07594154591577908,0.0852490126700804,0.07579061481136662
180,3.0,feeder2_674,0.07543457028454896,0.13601923163489407,0.07542777751343761,0.13590397634114323
180,3.0,feeder2_696,0.07577798267472097,0.13646672648573632,0.07577012023479582,0.13635124411711597
180,3.0,feeder2_681,0.07515052628173996,0.1365134774343569,0.07514128631906397,0.13639840308836013
180,3.0,feeder2_682,0.07503873167831131,0.13686673131296204,0.07502953655821346,0.13675235510042574
180,3.0,feeder2_728,0.08527633840183196,0.07574035006188912,0.08526944054203608,0.07558970014134814
180,3.0,feeder2_724,0.08835066475216621,0.07168892269147197,0.0883447614004388,0.07153387868328819
180,3.0,feeder2_703,0.07596336267978786,0.1370878872377946,0.07595200726043976,0.1369738402929404
180,3.0,feeder2_704,0.07581615081869154,0.13660035142576735,0.07580557195528452,0.13648483764977212
180,3.0,feeder2_754,0.08983411079080299,0.07063717302319773,0.08982598250963217,0.07048413375112465
180,3.0,feeder2_747,0.08945279137803075,0.07091974805191933,0.08944630643250996,0.07076399139494215
180,3.0,feeder2_828,0.08522747503905961,0.07575922297021324,0.08522025319812915,0.0756075277418017
180,3.0,feeder2_763,0.08532952916290282,0.07542189087942375,0.08532438717323701,0.07527039729942936
180,3.0,feeder2_836,0.08947646643364128,0.07102551247022221,0.08946856808373498,0.07087030633368717
180,3.0,feeder2_758,0.09039073688126684,0.07034047798433009,0.09038318317715312,0.07018385459573956
180,3.0,feeder2_788,0.09193959272078871,0.06932034989188224,0.09193457091067987,0.06916880185176884
180,3.0,feeder2_812,0.09287735997551275,0.07067482243050624,0.09286942965096799,0.07052201564152465
180,3.0,feeder2_947,0.08581624944648915,0.07478881957770848,0.08581053496098084,0.07463710589873392
180,3.0,feeder2_868,0.08654193171914626,0.07445759376498202,0.08653726737759501,0.07430693332523952
180,3.0,feeder2_785,0.08509294762561281,0.07610007336871445,0.08508928806238289,0.07595015765925947
180,3.0,feeder2_1176,0.0825440232724524,0.07530485474658732,0.08253491657730581,0.0751517316179319
180,3.0,feeder2_846,0.08461366304359148,0.07764367080432369,0.08460451020681192,0.0774912011156301
180,3.0,feeder2_911,0.08510747370624075,0.07599994117814274,0.08510269998065208,0.07584748701915778
180,3.0,feeder2_1107,0.09349169484172934,0.06828873920380815,0.09348905471501331,0.06814547973096757
180,3.0,feeder2_920,0.09340766414660519,0.07160465461180526,0.09340143931041904,0.07145016311963194
180,3.0,feeder2_926,0.09423298764912867,0.07291320724729199,0.094225427633264,0.07275677372959669
180,3.0,feeder2_1239,0.09336992442624722,0.07171576562800387,0.09336196008910148,0.07156375030137509
180,3.0,feeder2_933,0.09459760119261416,0.07352975394036311,0.09459165326380599,0.07337431231699734
180,3.0,feeder2_1146,0.09424212506473119,0.07276457326789636,0.09423821466122621,0.07261146980950538
180,3.0,feeder2_1124,0.09460975270514538,0.07357550496836728,0.09460390755920697,0.073419767627789
180,3.0,feeder2_942,0.09550630481812479,0.07505318034474578,0.09549961849243639,0.0748956807064503
180,3.0,feeder2_952,0.09663056192050416,0.07779483439233598,0.09662467536797187,0.07763211843488936
180,3.0,feeder2_965,0.09553541354888996,0.07499202414259436,0.09552827464546947,0.0748319714463539
180,3.0,feeder2_961,0.09674973787508898,0.07812499511187587,0.09674356537341226,0.07796274767655231
180,3.0,feeder2_963,0.09663115303928528,0.07778757449492531,0.09662776341188786,0.07762458178091955
180,3.0,feeder2_973,0.09744958680033709,0.07940144637558859,0.09744746520771778,0.0792398575294756
180,3.0,feeder2_1128,0.0966372721789668,0.07895570666381309,0.0966341319987115,0.07879591787994722
180,3.0,feeder2_1113,0.0966767642358359,0.07772462651661097,0.09667112174614345,0.07756248883523925
180,3.0,feeder2_1143,0.0966599808152067,0.07747155323515208,0.09665421432008707,0.07730727840620134
180,3.0,feeder2_1238,0.09810399421954108,0.07394855468889275,0.09809943192065543,0.07379715581491551
180,3.0,feeder2_979,0.09552600048190608,0.07502104540526178,0.09552198276340447,0.0748657121346572
180,3.0,feeder2_1236,0.09847936082437185,0.08124667874945045,0.09847640702355656,0.08108012361428667
180,3.0,feeder2_989,0.0974497572246931,0.0794020288431789,0.09744746520771778,0.0792398575294756
180,3.0,feeder2_1196,0.09536472272760965,0.07515448525093281,0.09535935318811471,0.07499619466367166
180,3.0,feeder2_1158,0.09747958630050509,0.07946266302090213,0.09747424943094858,0.07929646974367838
180,3.0,feeder2_1122,0.0937515541174577,0.06782452197077175,0.0937456367987921,0.0676830235018519
180,3.0,feeder2_1258,0.09288085676044204,0.06779606893544286,0.0928744432774885,0.06765204024171449
180,3.0,feeder2_1303,0.09523754921736385,0.0673062768324062,0.09523002321098784,0.06716979637634862
180,3.0,feeder2_1138,0.09383876026924011,0.06776297920384902,0.09383259104575795,0.06762471980538853
180,3.0,feeder2_1304,0.09333754357102926,0.06821923848216073,0.09333376183165201,0.06808293414226214
180,3.0,feeder2_1212,0.09412271969290065,0.0674093314908205,0.09411702992909916,0.06727735653051116
180,3.0,feeder2_1311,0.09552974720753817,0.06698132295755074,0.0955227241009214,0.06685051372946371
180,3.0,feeder2_1290,0.09421809323957774,0.06759981063408749,0.09421269673052449,0.06747185162346853
180,3.0,feeder2_1325,0.09985945159909106,0.08366134991997146,0.09985289823856683,0.08348580753962856
180,3.0,feeder2_1248,0.09847956056419623,0.08124714585187487,0.09847640702355656,0.08108012361428667
180,3.0,feeder2_1249,0.09813454360470338,0.07390446754360462,0.09812778449815249,0.07374982596911593
180,3.0,feeder2_1250,0.09983543700928744,0.07337947598225585,0.09982842664564108,0.07322873383194617
180,3.0,feeder2_1366,0.09850481138701586,0.08130997538179688,0.09850008799128282,0.0811411197067405
180,3.0,feeder2_1266,0.09226069540990936,0.06725613549347263,0.0922524189363886,0.06710636879995117
180,3.0,feeder2_1372,0.0944558975998883,0.06732753095443321,0.09445055366083614,0.06720196353524094
180,3.0,feeder2_1363,0.09428244900175549,0.06832668010738124,0.09427534184617034,0.06820498863036825
180,3.0,feeder2_1446,0.10128037134111091,0.08309239452340125,0.10127497691207164,0.08292005466739234
180,3.0,feeder2_1502,0.10099706382483745,0.08731589122267534,0.10099126444726093,0.08713239373115111
180,3.0,feeder2_1428,0.09382708666214433,0.06877822152812677,0.09382080444334497,0.06865885759473095
180,3.0,feeder2_1380,0.09453740719534554,0.06866175359092348,0.09453476325435904,0.06854617899618293
180,3.0,feeder2_1550,0.09458919877262939,0.06860416008659227,0.09458483704715308,0.0684890219141538
180,3.0,feeder2_1386,0.09465892959416058,0.06889920142381117,0.09465320243295619,0.0687870839945032
180,3.0,feeder2_1551,0.09450507208383044,0.06903294211532547,0.09449863890952016,0.06892094138491466
180,3.0,feeder2_1400,0.0947245792418131,0.06899287964976832,0.09472158748607146,0.06888131536501339
180,3.0,feeder2_1552,0.09451929758905908,0.06917014336409792,0.09451066488023942,0.06905626917677721
180,3.0,feeder2_1408,0.09488380909801172,0.06911910428072815,0.0948792084690046,0.06901282792707153
180,3.0,feeder2_1553,0.09456409836751595,0.06944462144952013,0.09455742871965621,0.06933578545313494
180,3.0,feeder2_1416,0.09498383607383747,0.0691239086191384,0.09497603393608282,0.06901511940764105
180,3.0,feeder2_1530,0.09697271113191273,0.06891676300126834,0.0969697911753947,0.06881458570839437
180,3.0,feeder2_1425,0.09494370825992518,0.06936744507011026,0.0949384171960141,0.06926102917533011
180,3.0,feeder2_1589,0.09472694377560038,0.06959567133506646,0.09472052710352491,0.06948712011138232
180,3.0,feeder2_1435,0.09494067555377331,0.06939570436365862,0.09493695379336649,0.06928914693909133
180,3.0,feeder2_1621,0.0949681482940085,0.06938584871408855,0.09496218549768182,0.0692752022000205
180,3.0,feeder2_1564,0.09486295502422504,0.06971083292717017,0.09485697083294453,0.06960242556814086
180,3.0,feeder2_1704,0.10010233338788128,0.08660666739193582,0.10009805141334284,0.08642522313992325
180,3.0,feeder2_1525,0.10131630641756321,0.08848260408124999,0.10131230810072622,0.08829979523488816
180,3.0,feeder2_1716,0.1013321009683538,0.08854454629246875,0.10132868938308208,0.08836468989696494
180,3.0,feeder2_1537,0.10167086963434367,0.08977664707795069,0.10166632438454654,0.08958969512625485
180,3.0,feeder2_1645,0.1015712323940025,0.08983194024170199,0.10156752164812378,0.08964898441913176
180,3.0,feeder2_1561,0.10208621614723186,0.09121801018933487,0.10208324525351271,0.09103369527417725
180,3.0,feeder2_1657,0.10220653662470129,0.09107623128541781,0.10220605538347417,0.09089111748445554
180,3.0,feeder2_1570,0.10226246099496997,0.09187554085980701,0.10225623840464726,0.09168944304434098
180,3.0,feeder2_1756,0.10488712064770224,0.09081493514099787,0.10488334973347971,0.09063218281168817
180,3.0,feeder2_1588,0.10238902821438742,0.0925759695619929,0.10238706644501551,0.09238911443642864
180,3.0,feeder2_1628,0.10254918636877039,0.09239030658583434,0.10254690282316901,0.09220208378620214
180,3.0,feeder2_1598,0.10254355608981117,0.09351556375820519,0.1025396813646047,0.09332797740332952
180,3.0,feeder2_1816,0.10259698496917567,0.09365337713932695,0.10259543266503604,0.09346518350415953
180,3.0,feeder2_1765,0.10255179008300372,0.09363986370818221,0.1025474358722458,0.09345097847827039
180,3.0,feeder2_1641,0.10326567074612668,0.09799419478706396,0.1032631531092147,0.09780087102628865
180,3.0,feeder2_1689,0.10363568196024478,0.10239786313874819,0.1036340896680129,0.10219464328768918
180,3.0,feeder2_1744,0.10395692478774402,0.09768942778803459,0.10395368352852645,0.09749733903479625
180,3.0,feeder2_1817,0.10361725669279818,0.10245228110832363,0.10361715864884047,0.10225318735275568
180,3.0,feeder2_1779,0.10363548856397974,0.10240783601614507,0.10363177818570797,0.1022061656685419
180,3.0,feeder2_1800,0.10358818067073498,0.10243795437383256,0.10358184840070703,0.10223579847057052
180,3.0,feeder2_1818,0.11082063992473624,0.11087781714635958,0.1108236706706636,0.11066035589047497
180,3.0,feeder2_1753,0.10602866268269905,0.09691301455957078,0.10602554481024092,0.09672171473347868
180,3.0,feeder2_1754,0.10398555689801342,0.09765469417672,0.10398559141934104,0.09746323183239586
210,3.5,secondary,0.010859727892760076,0.010952344420396463,0.010846850073276529,0.010957966246778536
210,3.5,feeder2_44,0.020197587618576072,0.057088239422071814,0.020177641620391252,0.05711521553884634
210,3.5,feeder2_45,0.02057561489545258,0.05898722188093595,0.020555189945785937,0.05901511365889445
210,3.5,feeder2_46,0.017437127054767354,0.05546550021740431,0.017415122712004318,0.055485131726791224
210,3.5,feeder2_51,0.02111797114142092,0.06261495063758853,0.02109379551638907,0.06264168350247283
210,3.5,feeder2_48,0.02350235510548628,0.05728154581259662,0.023480365470619304,0.05731317148652054
210,3.5,feeder2_52,0.022250692778785584,0.06837358887513646,0.022230062810604228,0.0684012777008977
210,3.5,feeder2_68,0.02285583400119854,0.07068688923339315,0.022832717939297007,0.07071984891597279
210,3.5,feeder2_69,0.022839528872595247,0.07076124751728924,0.022816092229734714,0.0707925928200777
210,3.5,feeder2_71,0.0230865924178574,0.07175194018562495,0.02306286010462096,0.07178265411121641
210,3.5,feeder2_72,0.023298153833049406,0.07150202382998257,0.02327154081852093,0.07153549280191336
210,3.5,feeder2_73,0.023807188815344653,0.07511587901518631,0.023781644913149266,0.0751495409729728
210,3.5,feeder2_74,0.023699346942441083,0.07520141213201133,0.023674765134525204,0.07523602730449097
210,3.5,feeder2_77,0.02443205944850004,0.07799049569296143,0.024406601967240118,0.07802579793570615
210,3.5,feeder2_79,0.022633930989025695,0.07688982817246798,0.022607241035153294,0.07692118958283613
210,3.5,feeder2_81,0.025498245283507397,0.08286761314142231,0.02547052794979108,0.08290621596495672
210,3.5,feeder2_82,0.026021101651875825,0.08226993586364029,0.025992816945750508,0.08230867405416024
210,3.5,feeder2_116,0.03021187012307207,0.10536901905054033,0.030178315879967277,0.10542223377891212
210,3.5,feeder2_119,0.029717773843988125,0.10775970660371645,0.029684487899116988,0.10781292839461469
210,3.5,feeder2_120,0.032165601886076686,0.11241513068448099,0.03213219689173078,0.11247472950109126
210,3.5,feeder2_248,0.03181074122633729,0.11468747932626851,0.031774850230534,0.11474719790633295
210,3.5,feeder2_124,0.03349887843691074,0.11584370159574313,0.0334634143420265,0.1159069732132755
210,3.5,feeder2_282,0.03362635281642374,0.11569034049920766,0.03358940504130835,0.11574990667558811
210,3.5,feeder2_275,0.03332560935912656,0.1159390022786139,0.03329144329050382,0.11600070819437235
210,3.5,feeder2_151,0.03584685106712602,0.12185303610119506,0.0358086195837237,0.12191785228910149
210,3.5,feeder2_295,0.03584931055060014,0.12189549998957659,0.035812938415940104,0.12196201629008382
210,3.5,feeder2_311,0.03584273321683534,0.12196532152896078,0.03580598313749505,0.1220304119867267
210,3.5,feeder2_201,0.03972161214848599,0.13161010196063605,0.03968166574648712,0.13168492438708554
210,3.5,feeder2_314,0.041017580869833384,0.1309026345678976,0.04097476626850803,0.13097824345850492
210,3.5,feeder2_342,0.044635307113131815,0.14718328581572157,0.0445892762064641,0.14726581341564174
210,3.5,feeder2_368,0.04561486844117764,0.1511759890387567,0.04556927304242611,0.15125301761564763
210,3.5,feeder2_347,0.04534456574670588,0.1476183067149567,0.04530046831825562,0.14771872155809065
210,3.5,feeder2_353,0.045690294665608124,0.14809605133699438,0.045641130296757274,0.14820435820944874
210,3.5,feeder2_518,0.045579247332564576,0.14733677621419183,0.04553223893406004,0.14743757601291244
210,3.5,feeder2_365,0.046116021343587936,0.14860126413926528,0.0460660921922971,0.1487173413082818
210,3.5,feeder2_653,0.04541190832297876,0.14832326194207746,0.045363565099369105,0.14843048028108188
210,3.5,feeder2_377,0.04642937829052975,0.14939928595363888,0.04638089015366351,0.149521456597118
210,3.5,feeder2_622,0.04349070041951302,0.14652724285812171,0.04344229047183818,0.1466393950498257
210,3.5,feeder2_451,0.04725304950911214,0.15016950209363253,0.04720693972207884,0.15024909427731445
210,3.5,feeder2_383,0.0468898111762358,0.15884362173991484,0.0468450339094215,0.15891230932236627
210,3.5,feeder2_385,0.046791088321080664,0.150359560239896,0.04673735949918427,0.15048647905880888
210,3.5,feeder2_621,0.04643254077204908,0.14943529779617748,0.04638293709659999,0.14955902572662771
210,3.5,feeder2_611,0.04647774512409839,0.16035684986916465,0.04643033295572081,0.16042327092240935
210,3.5,feeder2_405,0.04698567021009136,0.15925722511158136,0.04694014449919058,0.15932243376743202
210,3.5,feeder2_461,0.048668186268260326,0.15226017010948237,0.048617811788364114,0.15242045994424602
210,3.5,feeder2_594,0.046496832731878615,0.1518472340603945,0.04644485369597023,0.15197672824723918
210,3.5,feeder2_732,0.046298288019057596,0.16213158353567061,0.046252816788059606,0.1621988955559587
210,3.5,feeder2_417,0.04782461818630217,0.161805085275498,0.04778255870561916,0.16186552806135948
210,3.5,feeder2_663,0.04787426831090803,0.16190692028610001,0.04782891695634874,0.16196879803683462
210,3.5,feeder2_444,0.04847547022345607,0.16376396469964571,0.04843014783010866,0.16382183076565288
210,3.5,feeder2_759,0.05239755013127878,0.1613805844709277,0.052353704277695735,0.1614457735707423
210,3.5,feeder2_842,0.05583541563990531,0.17573726723362984,0.05579930962174091,0.17577306199457102
210,3.5,feeder2_459,0.04846777943753506,0.16390056923366486,0.0484220626516538,0.16395970403536167
210,3.5,feeder2_702,0.048510337899676154,0.16384115702531557,0.04846593728756257,0.16389993066842765
210,3.5,feeder2_493,0.04843543675995118,0.16444235442174984,0.048393900253146827,0.16450120016916675
210,3.5,feeder2_651,0.048653824800376416,0.15229726309747585,0.048598479971392335,0.15245217065282654
210,3.5,feeder2_684,0.05021063081559231,0.15443739570279402,0.050153302730740305,0.1546213084283963
210,3.5,feeder2_674,0.0483375004632497,0.1646904029741397,0.04829369427574253,0.16474955061281238
210,3.5,feeder2_696,0.048550161228725346,0.16494825461655552,0.048505777076860934,0.1650066862746081
210,3.5,feeder2_681,0.04812331224953957,0.1653445679127103,0.04807753329852902,0.16540382882110052
210,3.5,feeder2_682,0.04826394800048584,0.16472756223986038,0.04822004262192756,0.1647856279115198
210,3.5,feeder2_728,0.05023214150218952,0.1542702509941401,0.05017416519599153,0.15445314252482162
210,3.5,feeder2_724,0.05180295827397432,0.15766282772661952,0.051742269880340426,0.1578680402430222
210,3.5,feeder2_703,0.048658490825868574,0.16529571838673465,0.04861483319213407,0.1653524267627374
210,3.5,feeder2_704,0.04857129929117295,0.16502186955000558,0.048527799630429067,0.16507883027155346
210,3.5,feeder2_754,0.05318975926742065,0.15724180836142967,0.053130796133831135,0.15745243443643764
210,3.5,feeder2_747,0.05228384306303938,0.15942995854234304,0.05222485457787407,0.15964915134851734
210,3.5,feeder2_828,0.050188028505579796,0.15431246797230203,0.05013138180355089,0.15449344951831526
210,3.5,feeder2_763,0.05028564570776354,0.15396530566030267,0.05022823448678829,0.15414704957101213
210,3.5,feeder2_836,0.050952202075616584,0.15819552308209078,0.05089329619405129,0.15841117093034995
210,3.5,feeder2_758,0.05277085515217367,0.1615107531054828,0.052709280031332274,0.16173467206478837
210,3.5,feeder2_788,0.054222188493457946,0.16107968327635508,0.05416136084427676,0.16130741353517794
210,3.5,feeder2_812,0.05386441212239963,0.1689164405479981,0.053800197919772454,0.16916384098502338
210,3.5,feeder2_947,0.050838856181419055,0.1533782238568518,0.050783341773113555,0.1535635124832841
210,3.5,feeder2_868,0.050471936454782776,0.15376712253641847,0.05041587518630384,0.15395216603474518
210,3.5,feeder2_785,0.050261448635803826,0.15405584801200736,0.050204812852548415,0.15423867246222714
210,3.5,feeder2_1176,0.05022599075759803,0.15412303861294838,0.05016925771548046,0.15430379177008657
210,3.5,feeder2_846,0.05004965477531468,0.15427223101906598,0.049991848078309684,0.15445201601928876
210,3.5,feeder2_911,0.050280743615675416,0.15395560514119724,0.0502254396528832,0.15413833714906494
210,3.5,feeder2_1107,0.053580654625849,0.17856597318622935,0.05351798995932884,0.17881755170701777
210,3.5,feeder2_920,0.054263580476229055,0.16838254869873281,0.05419924368060859,0.16863744563782895
210,3.5,feeder2_926,0.05489022929857545,0.1674833486716152,0.05482623755901412,0.16774849758481614
210,3.5,feeder2_1239,0.0542261008833325,0.16853509044021353,0.05416221965414094,0.16879063106163403
210,3.5,feeder2_933,0.05509153102541311,0.16716065881603168,0.0550228323654299,0.1674241605027449
210,3.5,feeder2_1146,0.05524922154168403,0.16717336451150436,0.05518236816540926,0.1674402677020396
210,3.5,feeder2_1124,0.05423785491617458,0.16632813895492515,0.05417178296619761,0.16659649386815775
210,3.5,feeder2_942,0.055695599958235184,0.1670782147769726,0.055630736495768086,0.16735589717700555
210,3.5,feeder2_952,0.05653411755391308,0.1657780580102609,0.05646402695225003,0.1660684735401527
210,3.5,feeder2_965,0.055702473295453345,0.16723696541094699,0.0556349621379529,0.16751016463761756
210,3.5,feeder2_961,0.05659125025081394,0.1656813463303301,0.05652423987700558,0.16597365217105145
210,3.5,feeder2_963,0.056541293039830784,0.1657692123572348,0.05647228450696664,0.16606182628330643
210,3.5,feeder2_973,0.05690261593767813,0.16513917006449602,0.05683423065694043,0.16544101887031762
210,3.5,feeder2_1128,0.05657836570912724,0.16573287306044282,0.05650747717641366,0.16602568566893078
210,3.5,feeder2_1113,0.05714850179676224,0.16572614382924547,0.05707768198462344,0.16601721735818686
210,3.5,feeder2_1143,0.056581642623022,0.16548743454862164,0.056512675164890294,0.16577653723650473
210,3.5,feeder2_1238,0.057558096147195426,0.16704455194587361,0.05749189497589642,0.1673241990781488
210,3.5,feeder2_979,0.0556733690211681,0.16747838087922656,0.05560783944571182,0.16775704929526436
210,3.5,feeder2_1236,0.057353505236320906,0.1643138926216998,0.05728218372526202,0.1646181389565433
210,3.5,feeder2_989,0.056902746683591056,0.1651393701700654,0.05683370973404021,0.16544063353115246
210,3.5,feeder2_1196,0.05562448113652084,0.16845220144934572,0.05555737039782362,0.16872776734397418
210,3.5,feeder2_1158,0.05690437874618687,0.16515097264939244,0.056832106355691026,0.16544566052653367
210,3.5,feeder2_1122,0.053468008744011565,0.18230330219339072,0.053404535981669166,0.18255568868069658
210,3.5,feeder2_1258,0.05353143510934569,0.17856456466568452,0.05346745131632856,0.17881212423872853
210,3.5,feeder2_1303,0.05357467374213706,0.1821899339484552,0.05351331253088737,0.18244309348385046
210,3.5,feeder2_1138,0.05338169010660372,0.18529339950709411,0.053319275927475034,0.1855448666975224
210,3.5,feeder2_1304,0.05318938517394992,0.1869451840847799,0.05312634585723445,0.18719478580230925
210,3.5,feeder2_1212,0.053393016319842,0.19026174249368907,0.053330232427281944,0.19051330523375723
210,3.5,feeder2_1311,0.055854757924157686,0.190104309810398,0.05579160200545909,0.19036043490938298
210,3.5,feeder2_1290,0.052888839816408496,0.19680093633833534,0.052825229335295966,0.19705356424158538
210,3.5,feeder2_1325,0.05794315645578262,0.16316803384161105,0.057866913644347304,0.16349149176106637
210,3.5,feeder2_1248,0.05735346937421482,0.16431392922170385,0.05728274178663416,0.16461882796554744
210,3.5,feeder2_1249,0.05808119547028734,0.16701510948915185,0.05801374527457491,0.16729441036883336
210,3.5,feeder2_1250,0.0576100094140238,0.16699371960943737,0.05754398881196956,0.1672754331870177
210,3.5,feeder2_1366,0.057345730965341846,0.16431604917718556,0.05727274414747621,0.16462272572327205
210,3.5,feeder2_1266,0.053528290682844905,0.1785717860027124,0.05346491040470832,0.17881988800052578
210,3.5,feeder2_1372,0.053167024996895094,0.19654864087898352,0.053106594823752774,0.1968067229277302
210,3.5,feeder2_1363,0.052321825495250086,0.20419621107236127,0.0522589549926734,0.20444815539111644
210,3.5,feeder2_1446,0.05908238739495921,0.16309242364966345,0.05900612906698539,0.16341956677483674
210,3.5,feeder2_1502,0.058236924205837065,0.1621613983856104,0.05815859887090167,0.1624981622702032
210,3.5,feeder2_1428,0.05228312039966915,0.20583702463890124,0.05222281306452224,0.20608879151676934
210,3.5,feeder2_1380,0.051974331293314066,0.21050243375916475,0.051913710914545705,0.21075327970321633
210,3.5,feeder2_1550,0.05278071045996893,0.2104263851660565,0.05271781089183127,0.2106771660296792
210,3.5,feeder2_1386,0.051699806548635124,0.2136735952321225,0.05163742826908753,0.2139248280254185
210,3.5,feeder2_1551,0.05207266126298918,0.21548880105105944,0.052015636745305543,0.21574146013129478
210,3.5,feeder2_1400,0.051604396145642696,0.21474677398216815,0.051545544722773756,0.21499508732067577
210,3.5,feeder2_1552,0.05143908469162963,0.2149259972936196,0.05137980519591572,0.21517444224433507
210,3.5,feeder2_1408,0.051433347538202924,0.21688422073762093,0.05137654031776483,0.21713465407772864
210,3.5,feeder2_1553,0.05190251604570852,0.21941515452368882,0.05184251142268555,0.2196662877087054
210,3.5,feeder2_1416,0.051391697655576225,0.21741292268922582,0.051328670510748395,0.21766123348259162
210,3.5,feeder2_1530,0.051627984079766924,0.21719576142704977,0.051567531547578996,0.21744292152188704
210,3.5,feeder2_1425,0.05129234534285603,0.21854124000054778,0.05122879416938613,0.2187879935509302
210,3.5,feeder2_1589,0.051138491959023855,0.21876731558464396,0.05107783931153963,0.2190158652586201
210,3.5,feeder2_1435,0.05127717658227347,0.21874796822790218,0.051216979641791754,0.21899920108083337
210,3.5,feeder2_1621,0.05118335549612439,0.21874436135479294,0.051122764264821076,0.21899188480803056
210,3.5,feeder2_1564,0.051085870377820745,0.22116590975901138,0.0510245244364843,0.22141184714498155
210,3.5,feeder2_1704,0.057206424140160514,0.16110763420487428,0.05713170208694982,0.1614444692516925
210,3.5,feeder2_1525,0.05835350654252695,0.1622644599570859,0.05827600129371264,0.16260269085595283
210,3.5,feeder2_1716,0.05584915951727767,0.15968068694692905,0.05576810259707617,0.16001779423290377
210,3.5,feeder2_1537,0.058533193327251744,0.1627572674112658,0.05845312453425332,0.16310055572747595
210,3.5,feeder2_1645,0.05863046808380659,0.16455383443459307,0.05855223789247554,0.1649008501535764
210,3.5,feeder2_1561,0.0588521705618968,0.16227489689420208,0.05877085256708435,0.16262612177153316
210,3.5,feeder2_1657,0.059686260018181246,0.16221288555035673,0.05960822818418216,0.16257165560869533
210,3.5,feeder2_1570,0.05894011538531731,0.16210716188119959,0.058860613957130034,0.16246331403233175
210,3.5,feeder2_1756,0.06396425762619973,0.16232324314874483,0.06388197169200294,0.16269064741264475
210,3.5,feeder2_1588,0.05894086609893963,0.16198004880982475,0.0588607796816372,0.1623375008359784
210,3.5,feeder2_1628,0.0591131998772907,0.1618250466284417,0.05903337486439915,0.16218372400937675
210,3.5,feeder2_1598,0.05893471079192061,0.1618672419190257,0.05885399115399365,0.16222642269551835
210,3.5,feeder2_1816,0.05893502311591386,0.1618743652365867,0.05885419188189307,0.16223592613658716
210,3.5,feeder2_1765,0.05886986565764211,0.16180822411026896,0.05878588468809592,0.16216314573498117
210,3.5,feeder2_1641,0.05887274761297796,0.16130766577982064,0.05879250204616882,0.1616789504208698
210,3.5,feeder2_1689,0.058801527339431815,0.16098734784463165,0.05871507548767267,0.1613656975998873
210,3.5,feeder2_1744,0.05896378131631532,0.16121549446359837,0.05887804582764232,0.16158480358737173
210,3.5,feeder2_1817,0.058783065558207684,0.16106303940730923,0.058700163496318084,0.1614444385179147
210,3.5,feeder2_1779,0.05820941143368797,0.16037240288406665,0.05812476426110246,0.16075267074103006
210,3.5,feeder2_1800,0.058757563698451656,0.16103920404270974,0.05867252250040466,0.16141947088220632
210,3.5,feeder2_1818,0.05888093615117137,0.16061031605869663,0.058782932966522955,0.16100953489742656
210,3.5,feeder2_1753,0.059111028216066556,0.1610597042398009,0.05902814792978805,0.16143372205903236
210,3.5,feeder2_1754,0.058994717239782946,0.16118566913118523,0.05890995394147651,0.1615586998612083
240,4.0,secondary,0.010048234904792907,0.01019223287197206,0.010062118742862404,0.01020639398786825
240,4.0,feeder2_44,0.01877868368386269,0.05338308952867682,0.01881183923890469,0.05347553848665374
240,4.0,feeder2_45,0.019104052378359253,0.05503810986971372,0.0191349453972205,0.05513229479036569
240,4.0,feeder2_46,0.018574350546610042,0.05359586322583348,0.018604752347739846,0.05368980698385955
240,4.0,feeder2_51,0.01965593183512238,0.05801449119437329,0.019690276126085503,0.05811334759542174
240,4.0,feeder2_48,0.01968942695113234,0.054407620856611556,0.019721697761112024,0.05450000733388283
240,4.0,feeder2_52,0.021428172703684717,0.06435862556085604,0.021468199166179685,0.06445708390502969
240,4.0,feeder2_68,0.0214244797777074,0.06402638198410751,0.02145902447390215,0.06414004324448741
240,4.0,feeder2_69,0.021397267144873396,0.06409223968556836,0.02143413196306476,0.064207114716014
240,4.0,feeder2_71,0.021661083712291414,0.06481936395244561,0.021696200274668002,0.06493536383558461
240,4.0,feeder2_72,0.0218825146407648,0.0645662546757012,0.021916700693331747,0.06468021196599909
240,4.0,feeder2_73,0.022401837496838276,0.06733327558004405,0.022438166408775224,0.0674547071074679
240,4.0,feeder2_74,0.022635566684358954,0.06955421409508156,0.022673575481307814,0.06967483055402754
240,4.0,feeder2_77,0.023076801174752665,0.06914255008219825,0.02311422956514512,0.06926594298988897
240,4.0,feeder2_79,0.02301058324974408,0.06926334802477001,0.02304607664046831,0.06938855107682568
240,4.0,feeder2_81,0.024142785418149976,0.07194267092369475,0.02417913892132429,0.07207519968581363
240,4.0,feeder2_82,0.02467578515326521,0.07134788373410597,0.024711917374796413,0.07148055884902359
240,4.0,feeder2_116,0.0289755107502163,0.08517964018908322,0.029020285203179064,0.08534774289848024
240,4.0,feeder2_119,0.028340323981625566,0.08576517913621923,0.028384636452459738,0.08592785973686383
240,4.0,feeder2_120,0.03090703748630592,0.08981806256746096,0.030952698418724674,0.08999622351935241
240,4.0,feeder2_248,0.030485929274225495,0.09015517948466763,0.0305330839075769,0.0903317418552198
240,4.0,feeder2_124,0.032147996357869905,0.09255723494826927,0.032193953084669935,0.09274610046065945
240,4.0,feeder2_282,0.032276273381174767,0.09239979803610719,0.032321887081984545,0.09258450810358802
240,4.0,feeder2_275,0.03196826394419289,0.09265670963983372,0.032013285954473156,0.09284190072780688
240,4.0,feeder2_151,0.03434081139031191,0.09738316546713062,0.034390581934435366,0.09758516856642713
240,4.0,feeder2_295,0.03434719924124011,0.09742668700733123,0.034394649266716495,0.09762955147707941
240,4.0,feeder2_311,0.03434737825113534,0.09749641559253559,0.034396517192232065,0.09770167470790642
240,4.0,feeder2_201,0.03796502533282987,0.10520470629679005,0.03801765436305681,0.10543056034317377
240,4.0,feeder2_314,0.04003851678561674,0.10411181315025131,0.040088957437879574,0.10433382548280107
240,4.0,feeder2_342,0.042189724290808445,0.1191654264288523,0.04224772886114215,0.11943619968824018
240,4.0,feeder2_368,0.04303038939096215,0.12285896517153413,0.04308561145381068,0.1231431438290616
240,4.0,feeder2_347,0.042717795832950864,0.11958621163094528,0.042779053911298215,0.1198577620869693
240,4.0,feeder2_353,0.04298048039912817,0.12011221576195598,0.04304408189614587,0.12038056687075824
240,4.0,feeder2_518,0.04295119454443246,0.11929848105570813,0.043015580065651475,0.11956928165290487
240,4.0,feeder2_365,0.04331947277181416,0.12071013761883612,0.043386863394180464,0.12097868025234194
240,4.0,feeder2_653,0.04269184549148555,0.12033981292619624,0.042757895134925956,0.12061189473035791
240,4.0,feeder2_377,0.04354431075783269,0.12132461731711344,0.04361246030887639,0.12158770749275524
240,4.0,feeder2_622,0.042025150873617335,0.11969229484112992,0.04209130263567281,0.11996274329446595
240,4.0,feeder2_451,0.043237197944244105,0.12258743809275827,0.043293071993286344,0.12286687140370849
240,4.0,feeder2_383,0.04447684250041015,0.1294981979895491,0.04453287417433921,0.12979483485964952
240,4.0,feeder2_385,0.04380443479173263,0.12207768900126285,0.04387500202778647,0.1223369488745987
240,4.0,feeder2_621,0.043551022128902696,0.12136284019613236,0.043619373341907575,0.12162971633976219
240,4.0,feeder2_611,0.04426530798968263,0.12961062276866359,0.04432047380678459,0.1299089014037011
240,4.0,feeder2_405,0.04457534622333677,0.12992503571620542,0.0446279834500755,0.13022324662928336
240,4.0,feeder2_461,0.04504587256380364,0.12537534623798524,0.045127659956386706,0.12562416506875781
240,4.0,feeder2_594,0.043524021453988135,0.12231841167982258,0.04359521168235499,0.12258105828972499
240,4.0,feeder2_732,0.043678879895471,0.132803350286336,0.043733819552384916,0.1331003179866343
240,4.0,feeder2_417,0.04544819969110392,0.13259293444320347,0.045500480561098615,0.13290059428170736
240,4.0,feeder2_663,0.04550931960369296,0.13270730408272505,0.04555971415233709,0.133010920971747
240,4.0,feeder2_444,0.04612621236722559,0.13465808886791336,0.046177501895500385,0.13496746013338137
240,4.0,feeder2_759,0.05057442458255782,0.13167073148363412,0.050622702978778696,0.1319744034985238
240,4.0,feeder2_842,0.05489386276013036,0.14827848877987967,0.054914151189724494,0.14861503076208313
240,4.0,feeder2_459,0.046099242905175725,0.13478812938642093,0.046151582956668186,0.1350979098380732
240,4.0,feeder2_702,0.04614049293727508,0.13472694242339175,0.046193652366271994,0.13503656397458424
240,4.0,feeder2_493,0.04599418668525081,0.1353068170907398,0.04604406321502417,0.13562072423355817
240,4.0,feeder2_651,0.0450343482694821,0.12541144274097396,0.045114318597953305,0.12565878529005384
240,4.0,feeder2_684,0.04610335269671601,0.1286977677294256,0.04618956017998452,0.1289290992521568
240,4.0,feeder2_674,0.04585690344428139,0.13562147532523527,0.045906452198185836,0.13592971051094768
240,4.0,feeder2_696,0.04597304162140286,0.1354841621910894,0.046024388188178035,0.13579652598056244
240,4.0,feeder2_681,0.04576541350108816,0.13565094733569216,0.04581514942598345,0.13596043577818015
240,4.0,feeder2_682,0.04544558021891951,0.13687847711780166,0.04549394634491562,0.13719091335912423
240,4.0,feeder2_728,0.04612489579553183,0.12852872319884737,0.04621251796491896,0.1287603165763023
240,4.0,feeder2_724,0.04722912249591771,0.1330877657236716,0.04732019713220335,0.13330434385588352
240,4.0,feeder2_703,0.04613575873202409,0.13589466800714115,0.04618452366512767,0.13620825630700575
240,4.0,feeder2_704,0.04567075329782168,0.13538479637600206,0.04572152672358964,0.1357003413328572
240,4.0,feeder2_754,0.04748795106776472,0.13282504639517237,0.04757746440444035,0.13303947831069296
240,4.0,feeder2_747,0.04768447907475847,0.13518134617237326,0.04778044941279789,0.13538918874482733
240,4.0,feeder2_828,0.04607858625299412,0.12857319936582795,0.04616454223322464,0.12880452228348843
240,4.0,feeder2_763,0.04617947540333463,0.12821780539295766,0.04626406310027875,0.12844906676163043
240,4.0,feeder2_836,0.04633583791477795,0.133918624169214,0.04642950663412078,0.13412954919775197
240,4.0,feeder2_758,0.04815349986173856,0.13757859890768193,0.04824812102674687,0.13777382092640764
240,4.0,feeder2_788,0.048493119724152337,0.13725267962596913,0.04858764693432295,0.13744766840335876
240,4.0,feeder2_812,0.049587092640545664,0.14587616872803721,0.04969106659537972,0.14604705190075645
240,4.0,feeder2_947,0.04674329640749836,0.12762125861500387,0.04682931274480067,0.1278523360910319
240,4.0,feeder2_868,0.0463695413955365,0.12801614751791732,0.04645360860614967,0.12824621673232217
240,4.0,feeder2_785,0.04615497500944038,0.1283097010077402,0.04624237685603796,0.1285415382163062
240,4.0,feeder2_1176,0.046122090951539095,0.1283727304443578,0.04620944128473903,0.12860495271301495
240,4.0,feeder2_846,0.045937552298879115,0.12853308935514915,0.046024353958558244,0.1287620664892578
240,4.0,feeder2_911,0.0461749657171946,0.12820522608097443,0.046260869323846605,0.12843671188267972
240,4.0,feeder2_1107,0.049861908778236284,0.15184183415726113,0.04996670829387628,0.15199825499576763
240,4.0,feeder2_920,0.04992717210354711,0.1466721131751687,0.05003274053288882,0.14683629741434565
240,4.0,feeder2_926,0.05046874475093476,0.14775013683003174,0.050574259944780625,0.14791427356519832
240,4.0,feeder2_1239,0.04988901436705291,0.1468332324625651,0.049993259677466706,0.14700195664898935
240,4.0,feeder2_933,0.0507057656710335,0.1482684138704122,0.05081429340352638,0.14842823838215916
240,4.0,feeder2_1146,0.05048599323852418,0.14760532568082985,0.05059042032272694,0.14776690144453364
240,4.0,feeder2_1124,0.050677786416055186,0.14825355552142755,0.050785329153408845,0.148414848063145
240,4.0,feeder2_942,0.05129760224998061,0.14961062267499747,0.05141020639681786,0.14976574708860949
240,4.0,feeder2_952,0.05165895983531933,0.1495496327924016,0.05177431509108312,0.14970762575658977
240,4.0,feeder2_965,0.05136448991879419,0.1498804967113434,0.051478011401399966,0.15003473446496565
240,4.0,feeder2_961,0.05169357908171469,0.14957458846550586,0.051804467719773574,0.14972786488698647
240,4.0,feeder2_963,0.05165992050715324,0.1495429401133801,0.051772225166194605,0.14969614959459415
240,4.0,feeder2_973,0.05193154548196841,0.14918279864687928,0.05204598382894021,0.149340426097411
240,4.0,feeder2_1128,0.05160089141608054,0.15048570727593188,0.05171604397806919,0.15064284130405192
240,4.0,feeder2_1113,0.05171702072716781,0.14948440677135627,0.051830603571545245,0.14964351875545281
240,4.0,feeder2_1143,0.051704322803659636,0.14926011192910546,0.05181794736139902,0.14941797301697007
240,4.0,feeder2_1238,0.05748634106111085,0.15019928301969104,0.05759176161774315,0.1503186622651072
240,4.0,feeder2_979,0.051321488169548846,0.15028167642951473,0.05143105877232039,0.15043317347330473
240,4.0,feeder2_1236,0.052273533325624906,0.14858733070973898,0.05239381456047324,0.14873815745797167
240,4.0,feeder2_989,0.0519316703673229,0.14918294980230173,0.052047468573100525,0.14933557159265284
240,4.0,feeder2_1196,0.051410770271597336,0.1518839192773778,0.05152279148164,0.15204274738070672
240,4.0,feeder2_1158,0.05192510509493405,0.1491876696826276,0.05204193943568505,0.1493394093252423
240,4.0,feeder2_1122,0.050013789437246554,0.15458064339778224,0.05011568384000638,0.15472519509964133
240,4.0,feeder2_1258,0.04931092819748723,0.15132042928347605,0.04941218294048015,0.15147624852662467
240,4.0,feeder2_1303,0.05012539808008273,0.1544665312440799,0.0502287913480094,0.15461470521786844
240,4.0,feeder2_1138,0.050132039097470465,0.1568003272524788,0.05023715262641818,0.15693916205717487
240,4.0,feeder2_1304,0.04972268393646952,0.1573556042160274,0.049825784669309994,0.15749634658286585
240,4.0,feeder2_1212,0.050491162512438244,0.16110884021615854,0.05059671544064154,0.16124116214834366
240,4.0,feeder2_1311,0.05191024906327446,0.16107544053293507,0.0520145107797488,0.16119701766408998
240,4.0,feeder2_1290,0.050648437863093344,0.16665148396549595,0.050756782442815986,0.1667765443845179
240,4.0,feeder2_1325,0.052715934512089696,0.14776862506818697,0.05283957145237614,0.14791756988375854
240,4.0,feeder2_1248,0.05227342075920732,0.14858730352709218,0.05239381456047324,0.14873815745797167
240,4.0,feeder2_1249,0.05875413083033586,0.1503135031780098,0.05886086310352459,0.15042864910812898
240,4.0,feeder2_1250,0.058845566575433196,0.15031325042019517,0.058952745418349516,0.15042828719062418
240,4.0,feeder2_1366,0.05225472984201641,0.148580216753601,0.05237184214910186,0.14873364375108925
240,4.0,feeder2_1266,0.04930750977786061,0.15132345152936533,0.04940868248526976,0.1514795618285986
240,4.0,feeder2_1372,0.051804251425379776,0.1665139583468537,0.051911375168851664,0.1666293674650018
240,4.0,feeder2_1363,0.05043017226406641,0.17299396921192955,0.05053736893481104,0.1731146739287379
240,4.0,feeder2_1446,0.05385651863946005,0.14773152745279744,0.05397974320149357,0.14787445516667358
240,4.0,feeder2_1502,0.05283564317252515,0.14708408136704082,0.052965305504276694,0.14724041523084827
240,4.0,feeder2_1428,0.05007677015606691,0.17350428242566057,0.05018304631044387,0.1736240252659959
240,4.0,feeder2_1380,0.05037062572577583,0.1799064797877246,0.05047759013465494,0.18002938376200991
240,4.0,feeder2_1550,0.051211155757107156,0.1799465025565575,0.051318515281461134,0.18006318308844046
240,4.0,feeder2_1386,0.050235579092830204,0.1833148024528146,0.0503421967263353,0.18343306176619478
240,4.0,feeder2_1551,0.05088073463557951,0.1860213126459534,0.050987814246884755,0.1861449964304744
240,4.0,feeder2_1400,0.050225401207976354,0.18427798540213042,0.050333152956902286,0.18439895885623075
240,4.0,feeder2_1552,0.050051421968610836,0.18448168889371513,0.050157684885900715,0.1845988176870795
240,4.0,feeder2_1408,0.050231079934579405,0.18617303322791304,0.050339027564994934,0.18629365988204477
240,4.0,feeder2_1553,0.04998923589769394,0.186526662352707,0.05009570286481378,0.1866465813374719
240,4.0,feeder2_1416,0.050251867048662704,0.18708342695203878,0.05035765122455324,0.1872019765387791
240,4.0,feeder2_1530,0.051629570836961236,0.18701663289329132,0.05173834846352658,0.1871302130271263
240,4.0,feeder2_1425,0.05009697370564379,0.1889470144311492,0.05020274734458495,0.18907169842550092
240,4.0,feeder2_1589,0.051029428765686884,0.1924206983973327,0.05113661383377024,0.19254896455552933
240,4.0,feeder2_1435,0.050091804297069324,0.1889746547398576,0.0501995885791431,0.18909848085339578
240,4.0,feeder2_1621,0.04999690436715018,0.1889317315987006,0.05010573210262921,0.18905933709422335
240,4.0,feeder2_1564,0.05001544651044148,0.18931847040289532,0.05012242860005737,0.18944130367661705
240,4.0,feeder2_1704,0.05277183661437177,0.1470322865572038,0.05289936195152726,0.14718572591980306
240,4.0,feeder2_1525,0.05285907964893711,0.14691710901334998,0.05298716345706902,0.147069902417907
240,4.0,feeder2_1716,0.052828383281503986,0.14689601820490722,0.052957885794826146,0.14705146362025664
240,4.0,feeder2_1537,0.05288257367276333,0.14673075933228769,0.05301270039417193,0.1468880358980508
240,4.0,feeder2_1645,0.05278597305667099,0.1468209428458212,0.05291795809549934,0.14697616118238654
240,4.0,feeder2_1561,0.05292227866707977,0.14647335043323517,0.05305296657956639,0.14662992527099133
240,4.0,feeder2_1657,0.05306044416335803,0.14635307893213062,0.05319453708988106,0.14650908911324748
240,4.0,feeder2_1570,0.052934406453327906,0.14639368449847096,0.0530669238494396,0.14654718869434888
240,4.0,feeder2_1756,0.05572500612496638,0.14639284631661123,0.05585723567453135,0.14652907375111823
240,4.0,feeder2_1588,0.05290027393822016,0.1463418285697054,0.053031528153927435,0.14649574985506614
240,4.0,feeder2_1628,0.05308183373398718,0.14618690792564656,0.05321816290479118,0.1463424180654702
240,4.0,feeder2_1598,0.05284921438787505,0.1463244213471893,0.05298363240711934,0.14648369034001976
240,4.0,feeder2_1816,0.05282496768329901,0.1463186490573348,0.05295785883476273,0.1464780940374134
240,4.0,feeder2_1765,0.05274844492530711,0.14624447189277248,0.05288109172649113,0.1464050422711855
240,4.0,feeder2_1641,0.05256991781315676,0.14624628245938762,0.05270739266666901,0.14641183447117112
240,4.0,feeder2_1689,0.052310170302389006,0.14634432084440194,0.05244974146294894,0.14651808487650989
240,4.0,feeder2_1744,0.05266989185369441,0.1461500962776858,0.05280642567249684,0.1463137683868234
240,4.0,feeder2_1817,0.05217837452702618,0.1476337118124047,0.052321169882987045,0.14780951158646277
240,4.0,feeder2_1779,0.05168773311900172,0.14571232270002957,0.05183061096912865,0.1458881688481312
240,4.0,feeder2_1800,0.052265867996949496,0.14640037992009267,0.05240871302682999,0.14657440058286264
240,4.0,feeder2_1818,0.05160520051057624,0.1455489118184693,0.05177636680911871,0.14571954392817035
240,4.0,feeder2_1753,0.05283154428320038,0.1459880467517254,0.05296762756848865,0.1461510884770686
240,4.0,feeder2_1754,0.05270387406858033,0.14611886163970314,0.05284467637441475,0.1462850309048423
270,4.5,secondary,0.023809340189220034,0.008491309392300743,0.02379501866671094,0.008523744586688186
270,4.5,feeder2_44,0.04447754391318471,0.04445566405138406,0.04445329953080686,0.044636034376005
270,4.5,feeder2_45,0.0452426610863689,0.045556464152821025,0.045217197859394584,0.04574220623974166
270,4.5,feeder2_46,0.043532762902609545,0.047933733092957315,0.043505075694587655,0.048114499631749186
270,4.5,feeder2_51,0.04657320301272165,0.047451835515440924,0.04654273639133202,0.04764930151919346
270,4.5,feeder2_48,0.04558077664829393,0.0456018051612047,0.045552593451304475,0.045791793115906795
270,4.5,feeder2_52,0.045285446771877076,0.04697669796251164,0.04525553378898915,0.047177040948608716
270,4.5,feeder2_68,0.05051322843700602,0.053114167113058636,0.05048461636727159,0.053337424065881336
270,4.5,feeder2_69,0.05060779895023921,0.053265522555750795,0.05057656835964258,0.053493961959652024
270,4.5,feeder2_71,0.0510351472572824,0.053860506766538994,0.05100414955065504,0.05409429270930423
270,4.5,feeder2_72,0.05114803827734695,0.053902973679292324,0.05111572804957569,0.0541325006587577
270,4.5,feeder2_73,0.052671470918039524,0.05619185170662634,0.05264155329431472,0.05643070891797453
270,4.5,feeder2_74,0.052538059299636466,0.056056217822337225,0.052506582869402865,0.056299308600275016
270,4.5,feeder2_77,0.054081821036518055,0.05821800942730431,0.05404985326914407,0.05846927903921519
270,4.5,feeder2_79,0.05427000053624095,0.05855296304562575,0.05423849650867176,0.058804435439328104
270,4.5,feeder2_81,0.05628774556084572,0.061315613329708515,0.05625558938442206,0.06157958180377298
270,4.5,feeder2_82,0.0565843030942446,0.061390272386254156,0.05655234142734792,0.0616570348304456
270,4.5,feeder2_116,0.06625443401254083,0.07515882472409269,0.06621435947300584,0.07549824009765427
270,4.5,feeder2_119,0.06547140557145849,0.07436947134963327,0.0654289888498119,0.07470910455146675
270,4.5,feeder2_120,0.07005331767429816,0.08077098652940268,0.07000847288530103,0.08113904422904065
270,4.5,feeder2_248,0.06955979317539299,0.08027844243475853,0.06951587788497585,0.08064353558145099
270,4.5,feeder2_124,0.07243111613246106,0.0844354107271715,0.07238766510975397,0.08481560542508185
270,4.5,feeder2_282,0.07249059086326883,0.08447748400909172,0.07244662513562317,0.08486024968955598
270,4.5,feeder2_275,0.07224604526657465,0.08423678001501556,0.0722007553966385,0.08462109652269617
270,4.5,feeder2_151,0.07660019640733451,0.09092483599508212,0.07655325394138618,0.09133558121840017
270,4.5,feeder2_295,0.0766631067340341,0.0910001007277511,0.07661880969638697,0.09141042591213494
270,4.5,feeder2_311,0.07677133678345835,0.09115094051637206,0.0767275095651643,0.09155832264084375
270,4.5,feeder2_201,0.08345893581077471,0.10141822563376529,0.08340907389086118,0.10187906823584632
270,4.5,feeder2_314,0.08427314706652694,0.1009235577776703,0.08422301436634484,0.10138170454244665
270,4.5,feeder2_342,0.09298061205061763,0.11725910196134098,0.09292665804215483,0.11778615450034832
270,4.5,feeder2_368,0.09483869829155617,0.12236003847331868,0.09477977939527066,0.12289048321316362
270,4.5,feeder2_347,0.0947222077716349,0.11595796082038322,0.09466853360334312,0.11650757958382159
270,4.5,feeder2_353,0.09559483631190613,0.1154312795459208,0.09553656920162194,0.1160003900831397
270,4.5,feeder2_518,0.09483384548936294,0.11605170819002625,0.09477905328778076,0.11660567176412556
270,4.5,feeder2_365,0.09659453373100108,0.1151657289837194,0.09653353714044355,0.1157510154238602
270,4.5,feeder2_653,0.09526807666824974,0.11509284027840236,0.09521148855695757,0.11565741126002432
270,4.5,feeder2_377,0.0971361486957308,0.11507827933554371,0.09707885672860495,0.11566538372115714
270,4.5,feeder2_622,0.09661779788483228,0.11518894117924652,0.09655767093820808,0.11577217343127515
270,4.5,feeder2_451,0.09493639225739421,0.12242428195618446,0.09488491244287295,0.12294968910761987
270,4.5,feeder2_383,0.09787899328311665,0.13078377282485024,0.09781544044954364,0.13131756053285767
270,4.5,feeder2_385,0.09775287906030872,0.11501426453673681,0.09769390107494129,0.11561041654124295
270,4.5,feeder2_621,0.09720514917198864,0.11514228185504022,0.09714821776577005,0.11572723928588212
270,4.5,feeder2_611,0.09765839377538406,0.13056234635926814,0.09760061585961549,0.13109100608401605
270,4.5,feeder2_405,0.09807350032791064,0.1313313837318294,0.09801499249395779,0.1318630002163899
270,4.5,feeder2_461,0.10036285677566506,0.1159653525108405,0.10029893710578426,0.1165904400311147
270,4.5,feeder2_594,0.09743048891365907,0.11467618347716835,0.09736807693777798,0.11527744947323146
270,4.5,feeder2_732,0.09773017378536249,0.1309888630775647,0.0976734809749655,0.1315151858528626
270,4.5,feeder2_417,0.09956305442208223,0.13556349011512736,0.09949901544506375,0.13609629930969974
270,4.5,feeder2_663,0.09900082223218575,0.13821564297709849,0.09893755191556242,0.13874494933812545
270,4.5,feeder2_444,0.1006770446669465,0.1379873434695792,0.10062110858910925,0.13851337940050804
270,4.5,feeder2_759,0.10233703227319671,0.1367482038002382,0.10227799201970503,0.13727615515756292
270,4.5,feeder2_842,0.1155157120153668,0.15702815222556432,0.11544027380496553,0.15756003351985304
270,4.5,feeder2_459,0.1007339367520093,0.13790427282545972,0.10067419132306643,0.1384317357281964
270,4.5,feeder2_702,0.10239609547968141,0.136612146535974,0.10233898044354306,0.13713933143832113
270,4.5,feeder2_493,0.10078902395696955,0.1380599371206838,0.10073006737927957,0.1385889961585572
270,4.5,feeder2_651,0.10048135201937056,0.11607563033286727,0.10042068992784224,0.11669842174686454
270,4.5,feeder2_684,0.1024474188599523,0.11736934942475005,0.10238627256552058,0.1180096942983967
270,4.5,feeder2_674,0.10073824075375187,0.13800658903262286,0.10068004313733099,0.13853657733816918
270,4.5,feeder2_696,0.10100287670506052,0.13875180110034468,0.10094548064477527,0.1392789480334047
270,4.5,feeder2_681,0.10065048512494015,0.13791282294957274,0.10058916185693642,0.13844352840455726
270,4.5,feeder2_682,0.10066089300089552,0.13792771609752486,0.10059902739742144,0.13845684805500094
270,4.5,feeder2_728,0.10263259683426519,0.11719408517712,0.10256826281661686,0.11783252577926034
270,4.5,feeder2_724,0.10432708450117695,0.1197272349222697,0.10426460442688287,0.12038400575931035
270,4.5,feeder2_703,0.10143874839429297,0.13932831656610914,0.10138053819714696,0.1398555911450752
270,4.5,feeder2_704,0.10109526685188569,0.13887695784209733,0.1010299010078135,0.13941048426067099
270,4.5,feeder2_754,0.10444613565664114,0.11990943480545344,0.1043824106443856,0.12056656596597627
270,4.5,feeder2_747,0.10509888645484938,0.12068004064454446,0.10503704137250218,0.12134152756191434
270,4.5,feeder2_828,0.1025789168415192,0.11713784869150479,0.10251511704053051,0.117777501269887
270,4.5,feeder2_763,0.10292723476881492,0.11703491928649874,0.1028654515273198,0.1176649314163422
270,4.5,feeder2_836,0.10426513251083463,0.12366175199960622,0.10420091683491513,0.12432556597855847
270,4.5,feeder2_758,0.10569675610282196,0.12026450620030893,0.105632615774967,0.12093329261061911
270,4.5,feeder2_788,0.10585750304987639,0.120506728677201,0.10579263804868796,0.12117321373324745
270,4.5,feeder2_812,0.10755258784574843,0.1189955002423833,0.10748685058862911,0.11967430603158735
270,4.5,feeder2_947,0.10319205248392027,0.117419993944759,0.1031336000998988,0.11804758754831954
270,4.5,feeder2_868,0.10301598376729047,0.11716499637550387,0.1029547072341114,0.1177962119577449
270,4.5,feeder2_785,0.10309573631987008,0.11675530859954003,0.10303233685233794,0.11738982960982959
270,4.5,feeder2_1176,0.10338569225499343,0.11695975950532934,0.10332548828836528,0.11758695725169561
270,4.5,feeder2_846,0.10283317061111688,0.1164808365987309,0.10277234834775116,0.11710766660599126
270,4.5,feeder2_911,0.10350354343939468,0.11641754952449099,0.10344124325421447,0.11704379972396893
270,4.5,feeder2_1107,0.1076003333713049,0.11735333214496109,0.10753666373576436,0.11801588345544245
270,4.5,feeder2_920,0.10806147147510603,0.11918570869637155,0.10799318296778246,0.11987108112981079
270,4.5,feeder2_926,0.10897032600271925,0.12016580260420194,0.10889960680660682,0.12085461677391124
270,4.5,feeder2_1239,0.1078855134809938,0.11840800739723607,0.10781666566176261,0.11909259167034467
270,4.5,feeder2_933,0.10933308160060713,0.12060404544221226,0.1092651100074285,0.12129914796954172
270,4.5,feeder2_1146,0.10915969226742814,0.12021691495255234,0.1090905526700369,0.12090016295315142
270,4.5,feeder2_1124,0.10942139728481601,0.12064075373926916,0.10935344663568897,0.1213331678779225
270,4.5,feeder2_942,0.11022410110238823,0.12171957322017202,0.11015469422969182,0.12242160004175137
270,4.5,feeder2_952,0.11159377264874189,0.12358063239340823,0.11152813385318688,0.12428832548845176
270,4.5,feeder2_965,0.11021735466009626,0.12170025111681863,0.11014746480909687,0.12239777077257534
270,4.5,feeder2_961,0.11171031518511021,0.12376071419850755,0.11164072638813263,0.12447453143224702
270,4.5,feeder2_963,0.11160054892026694,0.12358599515249148,0.11153338085350091,0.12429557644612255
270,4.5,feeder2_973,0.11233654576694806,0.12475334600128231,0.11226836203353588,0.12547762529980103
270,4.5,feeder2_1128,0.11169960694030329,0.12370304265032933,0.11162979609501007,0.12441484600317296
270,4.5,feeder2_1113,0.11211168463698057,0.1235844139234222,0.11204455602118445,0.12429204661002341
270,4.5,feeder2_1143,0.11182910165470505,0.1238309299940311,0.11176313159217541,0.12453180654883303
270,4.5,feeder2_1238,0.11029448544906853,0.12190312883203688,0.1102316392746499,0.12260005546829882
270,4.5,feeder2_979,0.11020937607089734,0.12165732029981188,0.11014055424896829,0.12235913450917148
270,4.5,feeder2_1236,0.1132447586762402,0.12625086468162192,0.11317173867993315,0.12699326861644894
270,4.5,feeder2_989,0.1123368002178172,0.1247532684631092,0.11226959009270693,0.12547560302654515
270,4.5,feeder2_1196,0.11002555176584272,0.12147319522313839,0.10996035841802886,0.12216812642862668
270,4.5,feeder2_1158,0.11244032600384568,0.12475828199727577,0.11237421923361948,0.1254816738818272
270,4.5,feeder2_1122,0.10756787581802486,0.1167019296319581,0.107500849125259,0.11736129761048915
270,4.5,feeder2_1258,0.10778331833584329,0.11742682615592112,0.10771559133648677,0.1180946911960015
270,4.5,feeder2_1303,0.10760600399533629,0.11680731456305306,0.10754425278257654,0.11746506985023834
270,4.5,feeder2_1138,0.10754440291354447,0.11616109809101186,0.10747498437665716,0.116818269187544
270,4.5,feeder2_1304,0.10697650083883109,0.11558695642408616,0.10690856852146242,0.11624397117933004
270,4.5,feeder2_1212,0.10757924908340187,0.11550405195564072,0.1075126279542641,0.11614923228802312
270,4.5,feeder2_1311,0.1089264472902841,0.11547769639939512,0.10886467396324967,0.11611290149634321
270,4.5,feeder2_1290,0.10744572153243026,0.1146488274475711,0.10737794819367522,0.11528983573609948
270,4.5,feeder2_1325,0.11443258626140396,0.12832657567029068,0.11435975821445721,0.12908967778777972
270,4.5,feeder2_1248,0.11324561990808948,0.1262509538803226,0.1131736708806632,0.1269928203015539
270,4.5,feeder2_1249,0.1103069939230255,0.12194217517034983,0.1102394394442886,0.12264073303671683
270,4.5,feeder2_1250,0.11031866905386657,0.12195153737538324,0.11025401360304467,0.12264531505474033
270,4.5,feeder2_1366,0.11336402014359026,0.12626700048739692,0.11329450497807178,0.1270088637611154
270,4.5,feeder2_1266,0.10782866464636717,0.11743508391848112,0.10776133139051136,0.11810328306376364
270,4.5,feeder2_1372,0.1075759636893077,0.11487776499301558,0.1075116088735558,0.11551421085645161
270,4.5,feeder2_1363,0.10730918694882548,0.11340083298196835,0.10724632972928033,0.11403041554287757
270,4.5,feeder2_1446,0.11450626411946294,0.12846042308857247,0.11443641745766389,0.129221873013229
270,4.5,feeder2_1502,0.11577340383084767,0.13049517898152385,0.11570444786895609,0.1312806082615894
270,4.5,feeder2_1428,0.10679323824431296,0.1128871712325013,0.106730761507862,0.11351523411037745
270,4.5,feeder2_1380,0.10729354166179216,0.11270028027307157,0.10722811845891049,0.1133250659256011
270,4.5,feeder2_1550,0.1091936427290891,0.11257789348779212,0.10912727778720657,0.1131931939319834
270,4.5,feeder2_1386,0.10712491677392899,0.11234192988016016,0.107056983438929,0.11297127950261335
270,4.5,feeder2_1551,0.10628696127357247,0.11126832256965148,0.10622258613810451,0.11189592369624833
270,4.5,feeder2_1400,0.10710214056176655,0.11243232940004175,0.10703446087527912,0.11305945197890527
270,4.5,feeder2_1552,0.10688534627807847,0.1122278115968407,0.10681529164486735,0.1128552766606338
270,4.5,feeder2_1408,0.10707324157870939,0.11271963945159116,0.10700977635378303,0.11334542187084477
270,4.5,feeder2_1553,0.1067132872783379,0.11236451183410671,0.10664589881835945,0.11299241248309454
270,4.5,feeder2_1416,0.10707266345093781,0.11294613025326998,0.10700789931350274,0.11357223364529166
270,4.5,feeder2_1530,0.10717598930746074,0.11314802040571342,0.10710924357908558,0.11377568324742646
270,4.5,feeder2_1425,0.10707477466774763,0.11326475131815675,0.10700538576498043,0.1138957795675451
270,4.5,feeder2_1589,0.10682769438809915,0.11301836072218009,0.10676407336673222,0.11364620294990353
270,4.5,feeder2_1435,0.10707952270717505,0.1133518496936423,0.10701509071551944,0.11398037787212481
270,4.5,feeder2_1621,0.10679699280232641,0.11466764301415486,0.10672642518743589,0.1153010112590367
270,4.5,feeder2_1564,0.10701454620265967,0.11300313645256185,0.10695047275157256,0.11362902160566991
270,4.5,feeder2_1704,0.11593393862839446,0.13054915880933204,0.11586067338621693,0.1313389754630569
270,4.5,feeder2_1525,0.1160973289082504,0.13104749493638607,0.11602703739441175,0.1318373884333491
270,4.5,feeder2_1716,0.11551961893259026,0.132903852548009,0.11544348579371558,0.13370284865897183
270,4.5,feeder2_1537,0.11644361130331435,0.13140157588248505,0.1163690798544198,0.1322019018556604
270,4.5,feeder2_1645,0.11634266864541086,0.1313125636760537,0.11626601118829355,0.1321127071071575
270,4.5,feeder2_1561,0.11684479701174147,0.13185416644836687,0.11677106141393462,0.1326584927046785
270,4.5,feeder2_1657,0.11690874116130211,0.13197600750780236,0.11683696423326266,0.1327799461420135
270,4.5,feeder2_1570,0.11701864484600828,0.13201948419154944,0.11694258038633118,0.13282627093323995
270,4.5,feeder2_1756,0.11961198843632753,0.13219368713022672,0.11954123028431778,0.1329830567766177
270,4.5,feeder2_1588,0.1171545498963201,0.13214913664948189,0.11707769779408352,0.13296016667894076
270,4.5,feeder2_1628,0.11799390862312184,0.13226458373614702,0.11792305575273714,0.13306701779235408
270,4.5,feeder2_1598,0.11728948193766821,0.13225703520072454,0.11721409449998231,0.13307620625750766
270,4.5,feeder2_1816,0.11754584262833727,0.13225707108512227,0.1174730590251166,0.13307614163740644
270,4.5,feeder2_1765,0.11757981287664974,0.13232969457438126,0.11750926767032327,0.1331471075711773
270,4.5,feeder2_1641,0.11788024928774932,0.132788457468001,0.11780804374110873,0.13363052636404618
270,4.5,feeder2_1689,0.11816601729355918,0.13304134185898475,0.1180877929864997,0.1339161369797946
270,4.5,feeder2_1744,0.11872925794019973,0.1328397633318659,0.11865650890711842,0.1336761401587893
270,4.5,feeder2_1817,0.11815038999981582,0.13295947052175447,0.11807549148341026,0.13383295023778394
270,4.5,feeder2_1779,0.11774605404156059,0.13417731703220268,0.11766741815123878,0.13505662187186157
270,4.5,feeder2_1800,0.11810861609920413,0.13298577721772578,0.1180314676773531,0.1338613331936374
270,4.5,feeder2_1818,0.12035232340568203,0.1316408807262419,0.1202875307926065,0.13257711349548854
270,4.5,feeder2_1753,0.11878743843071549,0.13300368932276171,0.11871631578502312,0.13384085195009604
270,4.5,feeder2_1754,0.11930322270749946,0.13284320411773273,0.1192320757479819,0.13367753986491482
300,5.0,secondary,0.012639903798028273,0.013119275571970202,0.012660030824084286,0.013120277899406252
300,5.0,feeder2_44,0.02360062630528573,0.0686512760444358,0.023638453863428933,0.06865711197446649
300,5.0,feeder2_45,0.023978828051136443,0.07065218876529057,0.024021950552991514,0.07065832749305773
300,5.0,feeder2_46,0.023792934458409017,0.07020395964127513,0.02382982625628497,0.07020424012492034
300,5.0,feeder2_51,0.024642474311562933,0.07419879652231454,0.02468522932410639,0.0742015638678094
300,5.0,feeder2_48,0.024144143687826355,0.07013895383189811,0.02418154056932128,0.07014867495154158
300,5.0,feeder2_52,0.02443551430283254,0.07415305315398081,0.02447375917445616,0.07416234531661954
300,5.0,feeder2_68,0.026527878965233353,0.08420790505286006,0.026569248795812517,0.08421930663433225
300,5.0,feeder2_69,0.02666523543961872,0.0843928178718717,0.026710489293028754,0.08440044499363372
300,5.0,feeder2_71,0.02677613513739003,0.08552392832720751,0.026820634473420167,0.08553268115378494
300,5.0,feeder2_72,0.026818920135206627,0.0853329826382551,0.026865223100738484,0.08534361768880115
300,5.0,feeder2_73,0.027556233118511447,0.08966297958828816,0.027604302997244153,0.0896714444697983
300,5.0,feeder2_74,0.026148759417458756,0.09099132485780066,0.02619784665565215,0.09100238028960601
300,5.0,feeder2_77,0.028287772789600606,0.09303374454203103,0.02833425886864621,0.09304894438296064
300,5.0,feeder2_79,0.02834662112182792,0.09391658358451178,0.02839179850642409,0.0939272210243926
300,5.0,feeder2_81,0.029346905582902975,0.09794551191027669,0.029395742368347792,0.09795991412841187
300,5.0,feeder2_82,0.03128992738494226,0.09548921095372773,0.031339987848679945,0.09550365371500101
300,5.0,feeder2_116,0.03387808462375564,0.12263948596039145,0.03393815702017548,0.1226690270568729
300,5.0,feeder2_119,0.0317800409776043,0.12394946145945711,0.031834524459710516,0.12398479751101622
300,5.0,feeder2_120,0.035837407860020015,0.13122673934381582,0.0358991273507186,0.13125596781039445
300,5.0,feeder2_248,0.03537435257744984,0.13114496914842005,0.03543791591565233,0.1311768870594444
300,5.0,feeder2_124,0.037071236247228745,0.13656676948957835,0.03713097622211682,0.13659953141691086
300,5.0,feeder2_282,0.037089251651541866,0.1364502824266866,0.03715622848738762,0.13648252452874882
300,5.0,feeder2_275,0.0352791402466591,0.13803175671026477,0.03534322807689307,0.1380669379600773
300,5.0,feeder2_151,0.03952797407545241,0.14510219786897932,0.039594809461415095,0.14513317731404146
300,5.0,feeder2_295,0.03961083135473551,0.1452056026905854,0.0396777117576966,0.14523784220563818
300,5.0,feeder2_311,0.03975922759539209,0.14539598926138497,0.03983073656506104,0.14542507761632323
300,5.0,feeder2_201,0.043512943803119465,0.15886329401541718,0.043586923663054535,0.1588971934903699
300,5.0,feeder2_314,0.043514075608283194,0.15878143595709518,0.0435826588053485,0.15881296020829958
300,5.0,feeder2_342,0.049209716561061975,0.1786720206224397,0.049289829564143586,0.17870388145960223
300,5.0,feeder2_368,0.05063535384454371,0.18648948420770106,0.050713849726765424,0.18651905772731844
300,5.0,feeder2_347,0.04981690159459222,0.17386815296588137,0.04989937135269166,0.1739074848666564
300,5.0,feeder2_353,0.050132797053716545,0.17157613637649374,0.05022259688745157,0.17161277740068046
300,5.0,feeder2_518,0.04985957663418343,0.17365722802621936,0.04994748085142668,0.1736907109177981
300,5.0,feeder2_365,0.05050820548297604,0.16908757239262104,0.05059586268068308,0.16912697278903577
300,5.0,feeder2_653,0.04982572340632671,0.1715022130682454,0.04991221246272426,0.17154250941587482
300,5.0,feeder2_377,0.05071065213185025,0.16772534353300686,0.050798437379777114,0.16776804929140918
300,5.0,feeder2_622,0.05053815873954135,0.16912581816424874,0.05062521425108511,0.169165062288163
300,5.0,feeder2_451,0.050666809603348864,0.18629506455987357,0.05074977029707907,0.18632467451108664
300,5.0,feeder2_383,0.052978501912157985,0.19929084432186717,0.05306355305756241,0.19931374168017302
300,5.0,feeder2_385,0.05093630847971031,0.1661172543021178,0.05102679760560277,0.16615941673495285
300,5.0,feeder2_621,0.050798711803003396,0.16783703190343405,0.05088683140939643,0.16787755953096134
300,5.0,feeder2_611,0.052775900487355594,0.19923209024067637,0.0528572439270076,0.1992593856407899
300,5.0,feeder2_405,0.0531283534496815,0.20009558326418816,0.05320472550419401,0.2001279433297822
300,5.0,feeder2_461,0.05193775726549777,0.15977131685505555,0.052034889302334894,0.15981519210200915
300,5.0,feeder2_594,0.05063308652109062,0.16604093159519714,0.0507196716668286,0.1660876759433226
300,5.0,feeder2_732,0.05025137474215422,0.20215779390939706,0.05033659284971274,0.20218659524680266
300,5.0,feeder2_417,0.0544604795317987,0.20576930595248266,0.054542969652043145,0.2057939651693702
300,5.0,feeder2_663,0.05459816363216969,0.20634691208815023,0.05468285247941814,0.20636787131217207
300,5.0,feeder2_444,0.055429475837128886,0.20987910261085221,0.05551407954562748,0.20989869711149192
300,5.0,feeder2_759,0.05543469825309067,0.20976181573861105,0.05551371584601037,0.20978840128063136
300,5.0,feeder2_842,0.07419972496474068,0.23195933669745927,0.0742764747388898,0.23197361775701064
300,5.0,feeder2_459,0.055420180746251706,0.2100085513507421,0.05550454737023003,0.21003111559251428
300,5.0,feeder2_702,0.05542287188863401,0.20996675744646168,0.05550678997142161,0.2099906416813116
300,5.0,feeder2_493,0.05538677601886032,0.2105150461842529,0.0554651364951297,0.21054014825501477
300,5.0,feeder2_651,0.052093873557927835,0.15997863122009848,0.05218586116370183,0.16002815980071403
300,5.0,feeder2_684,0.05271134815645715,0.15436448390198887,0.052810601530580197,0.15441532684323603
300,5.0,feeder2_674,0.05513477400142149,0.21066310083059464,0.05521994404171369,0.21068364949195637
300,5.0,feeder2_696,0.055628431080588354,0.21142311566261263,0.05570413505842441,0.2114499512778479
300,5.0,feeder2_681,0.055057827705702105,0.21062632870755627,0.0551399991047916,0.2106478122508781
300,5.0,feeder2_682,0.05421148488378644,0.21133323170074267,0.05429539886160069,0.21135813036938697
300,5.0,feeder2_728,0.05269922045288079,0.15430256648438392,0.05279615822955556,0.15434981861420813
300,5.0,feeder2_724,0.05351541887734637,0.14896393614194686,0.053621934692288514,0.14901505057823172
300,5.0,feeder2_703,0.05618971540102444,0.21211629310683786,0.056268725875891414,0.2121422755389733
300,5.0,feeder2_704,0.0557482086357685,0.2115720177650372,0.055828039888408794,0.21159534270337005
300,5.0,feeder2_754,0.053572789149638006,0.14875132846547284,0.05367711137192768,0.14880302003319368
300,5.0,feeder2_747,0.05385728433450206,0.1468619963961863,0.053961949974515894,0.14691934826042974
300,5.0,feeder2_828,0.05264908661371698,0.1542863381674904,0.05274579615029397,0.15433620509483645
300,5.0,feeder2_763,0.052698779026927475,0.15424492767409934,0.05279574763953593,0.1542921200119994
300,5.0,feeder2_836,0.05402521486746977,0.1470881734587845,0.05413431985323816,0.14714147594746227
300,5.0,feeder2_758,0.05413109163715322,0.14495031215886467,0.054236044451703665,0.1450112654403419
300,5.0,feeder2_788,0.05548501916399273,0.1432778371479698,0.05559547960297742,0.14333780624878617
300,5.0,feeder2_812,0.05477481009402008,0.1412079176132273,0.05489003074037519,0.14127496194285322
300,5.0,feeder2_947,0.052818597739056325,0.153780837548629,0.05291709078562149,0.1538231565434833
300,5.0,feeder2_868,0.05325499766821682,0.1535124645532687,0.053353442749989495,0.15355323626449555
300,5.0,feeder2_785,0.05262629588967118,0.15481708666725136,0.05272567535409525,0.15486051779846602
300,5.0,feeder2_1176,0.0527487366432597,0.15653973919240644,0.052854600519278414,0.15656994695032103
300,5.0,feeder2_846,0.0518112440071191,0.1552396200233541,0.05191228550236963,0.15528291626905555
300,5.0,feeder2_911,0.05262045382603597,0.15475131846636986,0.0527194107347379,0.15479151161497043
300,5.0,feeder2_1107,0.054249715370551635,0.14073015368349684,0.05436139736747499,0.14081153777031216
300,5.0,feeder2_920,0.055100549875915734,0.14030242323750142,0.055208941636696075,0.14037197791600908
300,5.0,feeder2_926,0.055608590525409986,0.139006056265223,0.05572305184713684,0.13907152965295477
300,5.0,feeder2_1239,0.05507461580586519,0.1402447525099651,0.05519050142188128,0.14031310922685075
300,5.0,feeder2_933,0.05579107585693499,0.13880609228089116,0.055901580869641934,0.13887330897695868
300,5.0,feeder2_1146,0.055810460035571094,0.13725266388033233,0.05592813064317346,0.13731947324628718
300,5.0,feeder2_1124,0.05590598947393877,0.1389623726529422,0.0560209676622777,0.13902828778342757
300,5.0,feeder2_942,0.056222686736950585,0.1381579322193512,0.056339785664010995,0.13822264747661758
300,5.0,feeder2_952,0.056737075651572405,0.13870805890625118,0.05685818278756748,0.138767269467851
300,5.0,feeder2_965,0.05623867820632449,0.13796503576958505,0.05635299471416139,0.13802914757244947
300,5.0,feeder2_961,0.05676480046325544,0.13902904266332838,0.05688918750173574,0.13908317664670378
300,5.0,feeder2_963,0.05674306609972122,0.13865229432097056,0.05686670588728233,0.13870752852835994
300,5.0,feeder2_973,0.05701498188414282,0.14048881657812215,0.05713809589492424,0.14054217367762795
300,5.0,feeder2_1128,0.05658917869874365,0.13947468886925118,0.05671444056081549,0.13953376253007552
300,5.0,feeder2_1113,0.057386922633048926,0.1379060966967073,0.057505955344317024,0.13796320710106919
300,5.0,feeder2_1143,0.05690502338688982,0.1370148898729869,0.05702979738630513,0.13707014235994094
300,5.0,feeder2_1238,0.05873158030282763,0.135106059271635,0.05884923925715727,0.135170429233804
300,5.0,feeder2_979,0.0562322142096356,0.13794955184044452,0.05635306853937568,0.13801086439000446
300,5.0,feeder2_1236,0.05736341207300368,0.14255903147708482,0.05749142131625149,0.1426004575646815
300,5.0,feeder2_989,0.05701524605120084,0.14049008788851824,0.0571389278423451,0.1405425688220896
300,5.0,feeder2_1196,0.05605681313012675,0.1379022962890261,0.05617596452627856,0.1379673044733749
300,5.0,feeder2_1158,0.0571424691666858,0.14064848357267898,0.05726843550502211,0.14069687281892382
300,5.0,feeder2_1122,0.05399079922545995,0.14030225568043647,0.054104331580612904,0.14039129009791126
300,5.0,feeder2_1258,0.05448525153122738,0.1410423158459595,0.05460243723198426,0.14112026994453278
300,5.0,feeder2_1303,0.05400062774400592,0.14021777634516597,0.05411040397029314,0.14030379450176927
300,5.0,feeder2_1138,0.05379093161278788,0.14000040848963394,0.05390409080588736,0.1400896981128383
300,5.0,feeder2_1304,0.05227345080014451,0.14083555474593495,0.05238624213713195,0.1409312311529393
300,5.0,feeder2_1212,0.05365585747079875,0.13881333529930212,0.05376179488207011,0.13891164165185155
300,5.0,feeder2_1311,0.05367105483897632,0.13869571165798264,0.05378339859158259,0.13878842465816865
300,5.0,feeder2_1290,0.05350189087362508,0.1374446178428979,0.05361071980441042,0.1375466064584655
300,5.0,feeder2_1325,0.05764754746173245,0.14440073542020893,0.057779950312470706,0.14443766167682293
300,5.0,feeder2_1248,0.0573635688404593,0.1425632102914924,0.05749145221170365,0.1426044209075533
300,5.0,feeder2_1249,0.05873470803963254,0.13507900909177,0.05885616379535494,0.13514132249038505
300,5.0,feeder2_1250,0.060483279019780414,0.13316839437265868,0.060595831150935954,0.13323710824981513
300,5.0,feeder2_1366,0.0573096002504183,0.14349186394644556,0.05744239919924589,0.14352372801956595
300,5.0,feeder2_1266,0.054540624226743856,0.14111142762236137,0.05465661115153792,0.14119218430136726
300,5.0,feeder2_1372,0.05356755089105146,0.13720805898719454,0.05367970275031174,0.13730718261000238
300,5.0,feeder2_1363,0.0533644064486086,0.13630463645952573,0.05347732702280297,0.13641291221279803
300,5.0,feeder2_1446,0.059007463596599884,0.14279535270117188,0.059135812433581035,0.14283840274017062
300,5.0,feeder2_1502,0.05774577459789283,0.14859463848696752,0.05788575564371741,0.14862420939079896
300,5.0,feeder2_1428,0.05287131272569398,0.13622906363947462,0.05298573041058499,0.13633670416349306
300,5.0,feeder2_1380,0.05331938263415667,0.13514054543723034,0.053432564751963556,0.13525339449487536
300,5.0,feeder2_1550,0.0533332271219673,0.13508662875654567,0.05344467460403834,0.1352013726626111
300,5.0,feeder2_1386,0.0532997118414714,0.13460198360061562,0.053414465169735935,0.13471791602643352
300,5.0,feeder2_1551,0.053149715650635546,0.1345519039877032,0.053261149179509,0.13466813006862668
300,5.0,feeder2_1400,0.0532949894961505,0.1343621887532456,0.05341189538128378,0.13447630270182834
300,5.0,feeder2_1552,0.05309702813988527,0.13429338675232816,0.05320845708532254,0.13441217187366847
300,5.0,feeder2_1408,0.053298636181753324,0.1339129888389942,0.05341086392314632,0.13403197576713224
300,5.0,feeder2_1553,0.05172609181420566,0.1350822209287945,0.05183926360546349,0.13520730835096
300,5.0,feeder2_1416,0.05338807957954983,0.13345051083874443,0.05350144499716376,0.13356704893855567
300,5.0,feeder2_1530,0.055262582453966154,0.13129699009717927,0.05537437067515105,0.13141676756839585
300,5.0,feeder2_1425,0.05343105652264633,0.1337238862877609,0.05354774806105682,0.13384009636433777
300,5.0,feeder2_1589,0.05319464637949721,0.13369297442492764,0.05330803662228641,0.1338084490293464
300,5.0,feeder2_1435,0.05344326787022033,0.13378429239587347,0.05355549153075973,0.13390283505025552
300,5.0,feeder2_1621,0.053515200421504226,0.13438375081869008,0.0536247522430171,0.13449569983066484
300,5.0,feeder2_1564,0.05339110982037663,0.13369144334708,0.05350443003633397,0.1338077497102808
300,5.0,feeder2_1704,0.05786605924311047,0.14934462775436,0.058000042650003004,0.14937530349287262
300,5.0,feeder2_1525,0.0577119584973384,0.14936415715480453,0.057847754212218036,0.14939788024694653
300,5.0,feeder2_1716,0.05760238693704276,0.1515552276216283,0.05774255806085767,0.15156693970679738
300,5.0,feeder2_1537,0.05760067892507163,0.1498389530274308,0.05773854675735022,0.14987838506501208
300,5.0,feeder2_1645,0.056716766332417234,0.1504146977557011,0.05685264803863523,0.15045911041594717
300,5.0,feeder2_1561,0.05759919250667173,0.1501068135960229,0.05773825312587564,0.15014864837612496
300,5.0,feeder2_1657,0.05762343505023211,0.15000596644009884,0.05776401161889614,0.15004273229436424
300,5.0,feeder2_1570,0.05760131311842732,0.15024457888449055,0.05773809311610399,0.15028922374694098
300,5.0,feeder2_1756,0.05761899031562073,0.15005242199144958,0.057762479123073335,0.15009134614411238
300,5.0,feeder2_1588,0.05760535630429048,0.15038415473486674,0.05774895017893299,0.15042442005321371
300,5.0,feeder2_1628,0.057640311338936115,0.15024948855419676,0.05777888144837283,0.150291284950319
300,5.0,feeder2_1598,0.05761455569740666,0.15059571918818693,0.05775397171188993,0.1506385665002974
300,5.0,feeder2_1816,0.05794085067558408,0.1509986441755688,0.058084556984214726,0.1510421713069496
300,5.0,feeder2_1765,0.058014270742896376,0.15112829109071643,0.05816035585550884,0.15116679468166416
300,5.0,feeder2_1641,0.057582770366836206,0.1512674777201671,0.05772915617708022,0.15131953675129206
300,5.0,feeder2_1689,0.057572377539226526,0.15194285340037422,0.05772430979456237,0.1520011109252013
300,5.0,feeder2_1744,0.05759124517366389,0.15119910395454986,0.05774014051477218,0.15124638915807764
300,5.0,feeder2_1817,0.057560890688300906,0.15190258885363933,0.05770606939675272,0.15196443474972451
300,5.0,feeder2_1779,0.0576046095015138,0.15198572128918716,0.05775633774122588,0.1520436826932389
300,5.0,feeder2_1800,0.05616420108287124,0.15303881467008948,0.05631029378227667,0.15310738815923294
300,5.0,feeder2_1818,0.05898309750966037,0.15177424268262593,0.05915558051457049,0.1518394097173935
300,5.0,feeder2_1753,0.057598740631961666,0.15109248185768595,0.057748581652106744,0.15114254565320082
300,5.0,feeder2_1754,0.05759561172222126,0.15117506595199265,0.057741823631090164,0.15122536578656948
330,5.5,secondary,0.011740015004636612,0.009038248194166192,0.011733592792031726,0.009030884774184714
330,5.5,feeder2_44,0.021928894777641685,0.04731418400304923,0.021916409361265897,0.04727163647623334
330,5.5,feeder2_45,0.02230369493744831,0.048756362508926114,0.02229132586272415,0.0487159477170783
330,5.5,feeder2_46,0.022043903087370982,0.04778934561881266,0.022030138188501244,0.04774593006970525
330,5.5,feeder2_51,0.022850343502004603,0.05171323609337446,0.022838376704852552,0.05166785222099595
330,5.5,feeder2_48,0.025567454241321428,0.04619527506786353,0.02555608192595974,0.04615558804634369
330,5.5,feeder2_52,0.02216864902705086,0.05509538782083258,0.022153965267380865,0.05504993122946893
330,5.5,feeder2_68,0.024608562134770664,0.058877444189426385,0.024597879866623103,0.05882646368768322
330,5.5,feeder2_69,0.02465435441178249,0.05900565204846477,0.02464471476175925,0.05895573468577657
330,5.5,feeder2_71,0.02484224873381855,0.059824476675195276,0.02482897450331959,0.05977270004245908
330,5.5,feeder2_72,0.025011095109733674,0.05957274096669604,0.02499832908752499,0.05951800463689308
330,5.5,feeder2_73,0.02557520541219787,0.06282409029762545,0.02556407914402577,0.06276890932127589
330,5.5,feeder2_74,0.025033040309358955,0.06465004098941686,0.02501706718086757,0.06459560566568827
330,5.5,feeder2_77,0.026256285156396823,0.06513193422307156,0.026243715854328914,0.06507159981644027
330,5.5,feeder2_79,0.026343554533437466,0.06539583571909251,0.02633203990821149,0.0653360284834468
330,5.5,feeder2_81,0.027317496255976643,0.06868206705613078,0.027302837238278106,0.06862146548492777
330,5.5,feeder2_82,0.029601961524602743,0.06665426214990897,0.029586867628298773,0.0665941721810712
330,5.5,feeder2_116,0.03172034416096157,0.08716477600740262,0.03170640666459741,0.08708260915010715
330,5.5,feeder2_119,0.03095850865009654,0.08742436366253122,0.030944193446432355,0.08734379463221498
330,5.5,feeder2_120,0.0334816274243988,0.09400778891295039,0.033468588442633736,0.0939206951360394
330,5.5,feeder2_248,0.032993873697677825,0.09413239408406436,0.03297459518718244,0.09404491602818743
330,5.5,feeder2_124,0.034613220565631236,0.09821207741887997,0.03459810715061426,0.09811856104951866
330,5.5,feeder2_282,0.03470199814597208,0.09806342505970958,0.034683841911635066,0.09797260686699115
330,5.5,feeder2_275,0.03359931275350878,0.10019147815829045,0.03357912243473132,0.10009874347583271
330,5.5,feeder2_151,0.036857897025051434,0.1044559801317441,0.03684177585538577,0.10435646473666504
330,5.5,feeder2_295,0.03690232952184181,0.10454079573233445,0.03688663595283893,0.10443868860661937
330,5.5,feeder2_311,0.03697499405827415,0.1046919054874141,0.03695488027995285,0.10459183094710096
330,5.5,feeder2_201,0.04054374481778415,0.11457869433939333,0.040522207144185,0.11446360407211598
330,5.5,feeder2_314,0.04194898070179931,0.11330632911492114,0.041932093932283525,0.11319596706713891
330,5.5,feeder2_342,0.04532766396650262,0.13204849256370263,0.0453067199641597,0.1319143527018416
330,5.5,feeder2_368,0.04661111783889364,0.13809107551210392,0.04659347841380928,0.13795706621790899
330,5.5,feeder2_347,0.045570084592584575,0.1295450988201897,0.045544565333203835,0.12940587267107104
330,5.5,feeder2_353,0.045691709111812695,0.12846368818751355,0.045666254585337594,0.12832261406199402
330,5.5,feeder2_518,0.04572349172494789,0.12927796900618055,0.04570348166037466,0.1291354970634893
330,5.5,feeder2_365,0.045862138183822426,0.12727777960405295,0.045835957111057285,0.12713149040882246
330,5.5,feeder2_653,0.045364436599398754,0.12851454661561987,0.045340920220280044,0.12837109780467734
330,5.5,feeder2_377,0.045953727156044705,0.12663464940955682,0.045932440722881135,0.12648498913641124
330,5.5,feeder2_622,0.045879687240792374,0.1273095795839342,0.045852151865453335,0.1271638383933372
330,5.5,feeder2_451,0.048304557563966594,0.13643473759634073,0.048282892101366416,0.13630180163607225
330,5.5,feeder2_383,0.04842023753164551,0.1494257683574394,0.04840459626495878,0.14928934012078618
330,5.5,feeder2_385,0.0460529796137057,0.12586921258226896,0.04602995380111188,0.1257192272482465
330,5.5,feeder2_621,0.04600614297823557,0.12672776786517145,0.04597929432569556,0.12658143707502392
330,5.5,feeder2_611,0.04742799811133128,0.15062302509469508,0.04740609675055571,0.1504878057142298
330,5.5,feeder2_405,0.04855611079332191,0.15008316885640083,0.04853781960378615,0.14994728665437101
330,5.5,feeder2_461,0.046576254280124525,0.12279937658276774,0.04654669974218308,0.1226425651745232
330,5.5,feeder2_594,0.045730139953277994,0.12592611663491393,0.04570418540370149,0.12577833115234874
330,5.5,feeder2_732,0.04716506266127614,0.1517147932589586,0.047145089216142,0.15158034575634569
330,5.5,feeder2_417,0.04970722796080959,0.1547457707875141,0.049686298479695856,0.15461114645315144
330,5.5,feeder2_663,0.049816553176683515,0.1549017358574923,0.049795882327929405,0.1547641748415649
330,5.5,feeder2_444,0.050586748274666395,0.15828318731611346,0.05056939487972614,0.1581472376942783
330,5.5,feeder2_759,0.05298114904170962,0.1559240670026034,0.052959511919483,0.15578686910369544
330,5.5,feeder2_842,0.06501866175738549,0.17833326440457395,0.0650125744779187,0.17819127157610098
330,5.5,feeder2_459,0.05057227040348294,0.15847673756225952,0.05055391135970267,0.15834066573802355
330,5.5,feeder2_702,0.050595801254232735,0.15842512691917685,0.050579919686000015,0.1582885952899286
330,5.5,feeder2_493,0.050518087116924446,0.15923403259730862,0.050503649271724835,0.1590978740419806
330,5.5,feeder2_651,0.046660155027195414,0.12296106830408805,0.046630097479372586,0.12280143164742066
330,5.5,feeder2_684,0.04697184890047754,0.12020663317441165,0.046942904684823636,0.12003858837532483
330,5.5,feeder2_674,0.050315976748744,0.15943500124527252,0.050299196844832764,0.159298103993774
330,5.5,feeder2_696,0.050688611999938,0.1606699389672602,0.05067485518551715,0.1605296351690299
330,5.5,feeder2_681,0.05022585172289424,0.15942038697982508,0.0502081358834236,0.1592815403494217
330,5.5,feeder2_682,0.04962377765928167,0.1602900898585481,0.0496037449226486,0.16015516529328777
330,5.5,feeder2_728,0.04699205664463891,0.1200054552553415,0.04695974839323057,0.1198404406105131
330,5.5,feeder2_724,0.04741564108904628,0.11810365790625574,0.047386105471405114,0.1179292123276652
330,5.5,feeder2_703,0.05027283108787058,0.1616226180426738,0.05025617339881017,0.16148676738019646
330,5.5,feeder2_704,0.05060013708072377,0.1608624735784176,0.050581022031731475,0.1607278219062212
330,5.5,feeder2_754,0.048946892972295014,0.1167256395326362,0.0489161526436202,0.11655541314746344
330,5.5,feeder2_747,0.04745278729068612,0.11803946787887326,0.047416287453896214,0.1178662799451261
330,5.5,feeder2_828,0.04693791506271131,0.12001561299994562,0.046905243125836826,0.11985004709679992
330,5.5,feeder2_763,0.04704557791737503,0.11970341092996277,0.04701426360164797,0.11954007560449657
330,5.5,feeder2_836,0.047543088132111756,0.11820917804053188,0.04751037381431537,0.11803780785546163
330,5.5,feeder2_758,0.04746706810041311,0.11790569027309694,0.04743447395422787,0.11772628393100174
330,5.5,feeder2_788,0.04768996896588752,0.11753768418991176,0.04765729205740651,0.11736027011664556
330,5.5,feeder2_812,0.04749850800219984,0.11797751107906006,0.04746673324733824,0.1177934098833206
330,5.5,feeder2_947,0.04742014175046054,0.11908064433916463,0.047390240044311256,0.11891740797506678
330,5.5,feeder2_868,0.047732811952998284,0.11903636576207062,0.04770123504127833,0.11887111453203134
330,5.5,feeder2_785,0.046944814850617814,0.12014133110280223,0.046913603105672795,0.11998024870114257
330,5.5,feeder2_1176,0.04714682125696808,0.12052347465697844,0.0471148079737214,0.12036048875585893
330,5.5,feeder2_846,0.046361736952550026,0.12089753636411939,0.046335296200719106,0.12073444401978889
330,5.5,feeder2_911,0.04695230034494389,0.12004311262886053,0.04692308045546304,0.11987982094922385
330,5.5,feeder2_1107,0.046160920859135264,0.12290392774004001,0.04613013518468538,0.12271761208556486
330,5.5,feeder2_920,0.04787650605845414,0.11664779485322124,0.04783968199797985,0.11646076597503424
330,5.5,feeder2_926,0.04847016439198182,0.11463589666063465,0.048432616522830846,0.11444619792720725
330,5.5,feeder2_1239,0.04784105053863961,0.11668240898826857,0.047804926280751794,0.11649645054082478
330,5.5,feeder2_933,0.048682455172428245,0.11399851022802336,0.04864725495987041,0.11380444732795886
330,5.5,feeder2_1146,0.04870927315559479,0.11344260036168997,0.04867274591152316,0.11325334715647942
330,5.5,feeder2_1124,0.04825416943987044,0.113929000962005,0.048219115706966506,0.11373598777197833
330,5.5,feeder2_942,0.04920117523388027,0.11236511963021596,0.049166046670377925,0.1121641671001223
330,5.5,feeder2_952,0.05000962781503028,0.10986905520526302,0.0499708277618361,0.10966274786826288
330,5.5,feeder2_965,0.049195748567058675,0.11237668875335627,0.04916085609661079,0.11217815332260828
330,5.5,feeder2_961,0.050076113010431585,0.10972300303394474,0.05004300387443827,0.10951845811458816
330,5.5,feeder2_963,0.050014111704848055,0.1098425863951215,0.04997682096129079,0.1096352092858184
330,5.5,feeder2_973,0.05052016842131572,0.1085177210870331,0.05047950643833764,0.10830772795978663
330,5.5,feeder2_1128,0.04992051742951218,0.11047222522371575,0.049883666584390446,0.11026582015260475
330,5.5,feeder2_1113,0.050578413958403595,0.10935938111955497,0.05054042590718678,0.10915359179510095
330,5.5,feeder2_1143,0.050020614370556556,0.10953449916941617,0.04998196898866344,0.10932946390073779
330,5.5,feeder2_1238,0.05195293375821932,0.11009294490580478,0.05191416314577214,0.10989842420015385
330,5.5,feeder2_979,0.049146865719898514,0.11259336891145184,0.04910736515698588,0.11239773944527118
330,5.5,feeder2_1236,0.051159061332560526,0.10660800550464104,0.05111870082296654,0.1063895611726606
330,5.5,feeder2_989,0.050520404961389986,0.10851881911345473,0.05048056727328557,0.10830859330712736
330,5.5,feeder2_1196,0.04855596611525956,0.11354306165243946,0.048521950700386826,0.11334596247499527
330,5.5,feeder2_1158,0.050602501600097355,0.1086483157655265,0.05056417916339684,0.10843565470627343
330,5.5,feeder2_1122,0.045607494735433525,0.12483195319775932,0.045574574994146654,0.1246503983342158
330,5.5,feeder2_1258,0.045370149748911445,0.12275770269681809,0.04533563523759385,0.12257340113012052
330,5.5,feeder2_1303,0.047194725859458185,0.1235517479417989,0.04715753261353312,0.1233737820551353
330,5.5,feeder2_1138,0.04506841182458546,0.12686722325981678,0.045033706531332485,0.12668915202221342
330,5.5,feeder2_1304,0.0445070310648676,0.12706901154947822,0.044473056692604505,0.12689022181358056
330,5.5,feeder2_1212,0.04402614942173592,0.13110035119880878,0.04399446494434658,0.13092447116655745
330,5.5,feeder2_1311,0.044112560140492196,0.13093375089048628,0.04407856148400516,0.13075732942536025
330,5.5,feeder2_1290,0.042747200864254216,0.1365372631967084,0.042710338127275684,0.13636201953830226
330,5.5,feeder2_1325,0.051998821438270365,0.10401907429611376,0.05196028856663288,0.10379369478609565
330,5.5,feeder2_1248,0.05115208218644618,0.10660654027141181,0.05111287429226606,0.10638978955382705
330,5.5,feeder2_1249,0.051973034486756886,0.11005052190828785,0.05193732825430873,0.10985656134586616
330,5.5,feeder2_1250,0.05383689280193939,0.10861217128590409,0.05380362335056199,0.10841917613000343
330,5.5,feeder2_1366,0.04938173537172993,0.10617113766568433,0.04934103474230443,0.10594823192579245
330,5.5,feeder2_1266,0.044995323151460036,0.12264703324975652,0.04496455388228498,0.12246246997665085
330,5.5,feeder2_1372,0.04293437504431375,0.13623452186042762,0.04290034324430059,0.13606033281176627
330,5.5,feeder2_1363,0.04137107222385048,0.1428765281814098,0.04133729766187945,0.14270514148406907
330,5.5,feeder2_1446,0.05295932784784566,0.10316697231125957,0.05291523009647261,0.10294344364860611
330,5.5,feeder2_1502,0.05272441215609337,0.10230175125292154,0.05268363016560835,0.10206953691646618
330,5.5,feeder2_1428,0.040351974602512525,0.1444121679402234,0.04031750151496731,0.14424395431630127
330,5.5,feeder2_1380,0.04024818759855709,0.14831140527551723,0.04021380755958119,0.14814203954899186
330,5.5,feeder2_1550,0.04029137641695481,0.14824258400388962,0.040255597846948994,0.1480747731130562
330,5.5,feeder2_1386,0.03970197801318292,0.1510138914162746,0.03966648216136186,0.15084890832409809
330,5.5,feeder2_1551,0.038842906765295566,0.15296287265636352,0.038807193820322355,0.1527967024476913
330,5.5,feeder2_1400,0.039525598774158295,0.1518628917942324,0.039487993069317016,0.15169751778681245
330,5.5,feeder2_1552,0.039302508616376956,0.15192321126941302,0.0392643289402197,0.1517563744938237
330,5.5,feeder2_1408,0.03918317038066905,0.15360321862956441,0.03914613217500666,0.15344091117142425
330,5.5,feeder2_1553,0.03824822707909957,0.1553771415141168,0.038210185395557095,0.1552141452643058
330,5.5,feeder2_1416,0.03908342024065432,0.15412741875743774,0.03904692489917214,0.15396298620777768
330,5.5,feeder2_1530,0.03924570731550481,0.1538693325917649,0.03920993811994241,0.15370183299043233
330,5.5,feeder2_1425,0.038888476355095285,0.15526139844383013,0.03885219995162523,0.15509907379587232
330,5.5,feeder2_1589,0.03864737362602999,0.1553743310539091,0.038608661289445984,0.1552084670903849
330,5.5,feeder2_1435,0.03885417505294851,0.15548111261170847,0.038815232754336376,0.15531625257520365
330,5.5,feeder2_1621,0.038952631949160474,0.15566754309644001,0.03891688801340952,0.15550246734814213
330,5.5,feeder2_1564,0.03839396047980251,0.15784714588204188,0.03835739667468203,0.15768292782933654
330,5.5,feeder2_1704,0.05283825749856847,0.10251662070563587,0.05279645240320687,0.1022839176527731
330,5.5,feeder2_1525,0.05289230209041698,0.10177569893727939,0.0528482684835095,0.10154407293874826
330,5.5,feeder2_1716,0.0529899681905814,0.10194401819894475,0.052949116628267935,0.10171016608921193
330,5.5,feeder2_1537,0.053074231219822535,0.10116090746673942,0.05303269730579602,0.10092342029947787
330,5.5,feeder2_1645,0.05296873239523677,0.10116142982493352,0.0529254272739023,0.10092623306858109
330,5.5,feeder2_1561,0.05329066691610033,0.10047157379143799,0.05324768922875154,0.10023364141137502
330,5.5,feeder2_1657,0.05424626297112883,0.09964632210436963,0.05420375735763892,0.09941044113726202
330,5.5,feeder2_1570,0.05334256788586979,0.100387793081901,0.05330000954393512,0.10014780632157212
330,5.5,feeder2_1756,0.0535021868131804,0.10007412872373596,0.05345903377093403,0.09983550967034192
330,5.5,feeder2_1588,0.053391140978284825,0.10032889332050891,0.05334709342967449,0.10008756660028839
330,5.5,feeder2_1628,0.053506386413579396,0.10013512369532389,0.053464368122149664,0.09989543518313146
330,5.5,feeder2_1598,0.05345112212172876,0.10030913306139959,0.053403113604314746,0.1000704336222065
330,5.5,feeder2_1816,0.053651420733910986,0.10062712878702229,0.053606608685797,0.10038588270072306
330,5.5,feeder2_1765,0.05366014835142753,0.10068899158249163,0.053617153019231256,0.10044533963844487
330,5.5,feeder2_1641,0.05368074811158563,0.09992273598318197,0.05363146673679868,0.09967337648500948
330,5.5,feeder2_1689,0.05366226840158107,0.10069011581598918,0.05361253533182714,0.10043663026422474
330,5.5,feeder2_1744,0.05443049956822715,0.09927917807600366,0.05438682730606728,0.09903324955431791
330,5.5,feeder2_1817,0.05364478265503013,0.10070357472375176,0.053599041069772264,0.10045120625217323
330,5.5,feeder2_1779,0.05367899029492986,0.100720426651749,0.05363183877854698,0.10046517331232523
330,5.5,feeder2_1800,0.05306468873731786,0.10189206859315014,0.053014742901858966,0.10164104607312471
330,5.5,feeder2_1818,0.053776288350543724,0.10041797881421755,0.053714175778848246,0.1001530830033252
330,5.5,feeder2_1753,0.0567233677683487,0.09741444164157288,0.05667423440048446,0.09717067242665847
330,5.5,feeder2_1754,0.0544506044991056,0.09924273561805717,0.054403700384597416,0.09899824825296066
360,6.0,secondary,0.016553595027138816,0.024947174701867816,0.016540105544615713,0.02493811758608681
360,6.0,feeder2_44,0.030894715152718123,0.1304884995211075,0.030869912694340366,0.13045082480068546
360,6.0,feeder2_45,0.031441558610301255,0.13464806872075616,0.03141872832451762,0.1346041697225522
360,6.0,feeder2_46,0.03098876991314177,0.12974734817157535,0.030965733710514524,0.12971069560609583
360,6.0,feeder2_51,0.032405657935918174,0.14188768606620306,0.032382116285672696,0.1418426697591646
360,6.0,feeder2_48,0.030895217782761546,0.13466617923040822,0.030871683000361305,0.1346259361246728
360,6.0,feeder2_52,0.032591832653705695,0.14209727666026312,0.03256963659752686,0.1420580136185087
360,6.0,feeder2_68,0.03511791734310032,0.1622276174382605,0.03509310876994278,0.16217638270474719
360,6.0,feeder2_69,0.03511787005867997,0.16206672504247213,0.03509175120307321,0.16202045802563347
360,6.0,feeder2_71,0.03547991346927878,0.16493319528827174,0.035458139459799615,0.1648806183304112
360,6.0,feeder2_72,0.0352763776738438,0.1649161371905143,0.035252069829963414,0.16486553813502414
360,6.0,feeder2_73,0.0366179948237504,0.17341083204862273,0.036593578901561286,0.17335789095678264
360,6.0,feeder2_74,0.03673452270642006,0.17354100554660606,0.03670621293467432,0.17349017743992548
360,6.0,feeder2_77,0.037591978255037205,0.18066647145453898,0.037566690631387886,0.18061170616416955
360,6.0,feeder2_79,0.03933091704062075,0.17835650095790942,0.03930400187176405,0.17829699712439906
360,6.0,feeder2_81,0.03907906715282377,0.19304713934099965,0.03905013280942917,0.19299336073105125
360,6.0,feeder2_82,0.03858056995788402,0.19304220629154112,0.03855417637481671,0.19298842535304558
360,6.0,feeder2_116,0.045918563962669696,0.24883642039102996,0.045885264757738485,0.24876253932131753
360,6.0,feeder2_119,0.046602247316403035,0.249585226991036,0.04656883371539379,0.24951013281666484
360,6.0,feeder2_120,0.048388485033549054,0.26912879213922275,0.04835199870589134,0.2690546530506219
360,6.0,feeder2_248,0.04915548007194901,0.2699239865046566,0.04912116715991822,0.26985085288022137
360,6.0,feeder2_124,0.04976680530221269,0.28122776514365044,0.049733003106726154,0.2811419737994579
360,6.0,feeder2_282,0.049648019348482356,0.28120602484893054,0.049613938028290894,0.2811284054863746
360,6.0,feeder2_275,0.05015102068319855,0.28162693040564,0.05011616568010778,0.2815444845405861
360,6.0,feeder2_151,0.05204708071524765,0.301990207930802,0.052008337734900614,0.3019051954831703
360,6.0,feeder2_295,0.05203277607072705,0.30190588289319326,0.051998174094668094,0.30181437643753317
360,6.0,feeder2_311,0.05201859773756287,0.3017385091767247,0.05198175723308612,0.3016484502361394
360,6.0,feeder2_201,0.05592331734357536,0.3369887101114555,0.05588399317888513,0.3368878760135091
360,6.0,feeder2_314,0.055837125001592866,0.3369589279015882,0.05579473317382196,0.3368632335497416
360,6.0,feeder2_342,0.06146516762245686,0.3868299474731102,0.06141828734538233,0.38671610394270306
360,6.0,feeder2_368,0.0641929668088957,0.3972729376592124,0.064148953226948,0.39715604736854265
360,6.0,feeder2_347,0.060353380637209034,0.39194100555219585,0.060307675982865606,0.3918132347969284
360,6.0,feeder2_353,0.05981705851958941,0.3945598777199913,0.05976737436556019,0.39442920839685913
360,6.0,feeder2_518,0.060138036186366324,0.39191975317395916,0.060095740093609046,0.39178899572251175
360,6.0,feeder2_365,0.05918957949947034,0.39733357240997896,0.05913937120984936,0.3971954416751824
360,6.0,feeder2_653,0.060121133838182524,0.3948663422979993,0.060073823329689954,0.3947310539952854
360,6.0,feeder2_377,0.058827559121642996,0.3992744574899073,0.058777350414722526,0.39913066503948397
360,6.0,feeder2_622,0.06035965777471447,0.39576280666638536,0.060311335445453265,0.3956220355232781
360,6.0,feeder2_451,0.06412257763300162,0.3972558895209682,0.06407822755307868,0.3971388283569084
360,6.0,feeder2_383,0.06861773375677305,0.41426345702641476,0.06857456108168664,0.41415008481253107
360,6.0,feeder2_385,0.05841926780567654,0.40155158315829725,0.05836817074422838,0.40140424864812885
360,6.0,feeder2_621,0.05880409765461795,0.399182008773047,0.058755214950465345,0.39904095649998317
360,6.0,feeder2_611,0.06882537364819949,0.414479796823512,0.0687794735343052,0.4143709996056145
360,6.0,feeder2_405,0.06889106240364816,0.4153168962816574,0.06884816666847698,0.415202452384493
360,6.0,feeder2_461,0.056337009139270804,0.4099785087120374,0.05628324015560576,0.40981468893127326
360,6.0,feeder2_594,0.05904435368262327,0.40200697201347324,0.05899172682348273,0.401864137070559
360,6.0,feeder2_732,0.06921259045314562,0.41565187116507607,0.06916650910161319,0.4155396439045841
360,6.0,feeder2_417,0.07092873933745836,0.42318765509301254,0.0708869433118129,0.4230742630524736
360,6.0,feeder2_663,0.07087896000594834,0.4230774799593124,0.07083377553010511,0.4229637693785122
360,6.0,feeder2_444,0.07248621713915002,0.42921247284263386,0.07244254219501643,0.4290984202683692
360,6.0,feeder2_759,0.07236170519753662,0.4291805701597071,0.07231698884485728,0.42907025778878993
360,6.0,feeder2_842,0.07242322094892403,0.42908149702823367,0.07237845117763891,0.42897048161047535
360,6.0,feeder2_459,0.0730345459157235,0.4313321085564637,0.07298870568167916,0.4312247373026653
360,6.0,feeder2_702,0.07170750374998269,0.4323856353422474,0.07166367996458102,0.43227482833945546
360,6.0,feeder2_493,0.07527075220810658,0.4390062211391603,0.07522447121603412,0.43890089942136956
360,6.0,feeder2_651,0.05716230549226264,0.4086329952258705,0.05710757234818896,0.40847423175490544
360,6.0,feeder2_684,0.05464690030150832,0.4186270822237182,0.05459360370332709,0.4184410473383343
360,6.0,feeder2_674,0.08012128018413087,0.44407011322596796,0.08007462324795041,0.443964885980146
360,6.0,feeder2_696,0.07516024367854267,0.4383132034541234,0.07511653803544818,0.43820112701515235
360,6.0,feeder2_681,0.09356910454595652,0.45792982936065146,0.09352707723612996,0.4578250669497858
360,6.0,feeder2_682,0.08019727838384795,0.4441493233711294,0.08015298895584111,0.44404295930148785
360,6.0,feeder2_728,0.05442376442361199,0.41942944612349126,0.05436924795644398,0.41924377849771044
360,6.0,feeder2_724,0.05330992023790729,0.4258002693401646,0.0532504293062638,0.42560671727037475
360,6.0,feeder2_703,0.07507745239386432,0.4377416549887435,0.07503208975266687,0.43762907742497786
360,6.0,feeder2_704,0.07514344397338416,0.4381887103638909,0.07510012550774292,0.43808009771797995
360,6.0,feeder2_754,0.05311470394975406,0.4258052427488685,0.05305800360275345,0.42560939028568084
360,6.0,feeder2_747,0.05278320463036616,0.42877526438593666,0.05272627561476794,0.4285733121895637
360,6.0,feeder2_828,0.05447638371248549,0.4194798707761943,0.054421370634050135,0.4192946544267345
360,6.0,feeder2_763,0.054071674538342676,0.42053929027892833,0.05401794442231472,0.42035611349484603
360,6.0,feeder2_836,0.0527210286194675,0.42857071056289037,0.05266156286900087,0.42837122588634213
360,6.0,feeder2_758,0.052351197907810315,0.4314359783277157,0.05229165423626033,0.43122803835503193
360,6.0,feeder2_788,0.050757211930486955,0.4326598432328108,0.05069918488662256,0.4324508395290371
360,6.0,feeder2_812,0.05142415552071652,0.43826374762626047,0.05136271491294757,0.4380417965394546
360,6.0,feeder2_947,0.05363127637383764,0.42054367064800785,0.053575440031813665,0.4203607240205672
360,6.0,feeder2_868,0.053922860707853,0.42054028149680606,0.05386412433090093,0.42036237465086884
360,6.0,feeder2_785,0.05389629609455084,0.42123001425902923,0.05384121007025991,0.4210459892329571
360,6.0,feeder2_1176,0.05383178972765566,0.4210421783521738,0.05377596966020004,0.42086226217646583
360,6.0,feeder2_846,0.054149220149926604,0.4214685241660831,0.0540905287513026,0.4212887348050978
360,6.0,feeder2_911,0.05343006769525323,0.4225346551157714,0.05337352432575811,0.42235032155844504
360,6.0,feeder2_1107,0.05143495807077658,0.4465371326895358,0.05137533024959888,0.44631554177195637
360,6.0,feeder2_920,0.05117124044384174,0.4379102065201966,0.051109270639132585,0.437687091849293
360,6.0,feeder2_926,0.05076326001864863,0.43726249743653856,0.050699235184506204,0.4370291546638143
360,6.0,feeder2_1239,0.051207814613790495,0.4380741506069373,0.051145332384135406,0.4378490311942867
360,6.0,feeder2_933,0.050635643158245716,0.4367659856706637,0.05057236377053947,0.4365317494156232
360,6.0,feeder2_1146,0.05051338814279733,0.43828220936230455,0.05045132490521299,0.4380502192700421
360,6.0,feeder2_1124,0.05061401764450711,0.4367153836060579,0.05054878514893577,0.4364796699770244
360,6.0,feeder2_942,0.05032154444326708,0.43556746305862426,0.050254040014190614,0.43532821926984266
360,6.0,feeder2_952,0.050018186412103434,0.43270702839640907,0.04995268970867671,0.43244809597689315
360,6.0,feeder2_965,0.050300742002464156,0.4357131732797377,0.05023183482876804,0.4354708630976455
360,6.0,feeder2_961,0.050007656954382446,0.43231204356461805,0.049942382690730806,0.43205615497966066
360,6.0,feeder2_963,0.050013416090539324,0.4327258815299936,0.049945278904647825,0.4324714431004673
360,6.0,feeder2_973,0.04994466029561351,0.43018122311314494,0.04987758525538064,0.4299165259345033
360,6.0,feeder2_1128,0.05002012430729662,0.43237050090374696,0.0499524269507423,0.43211297498850915
360,6.0,feeder2_1113,0.049450942951140914,0.4332034519344561,0.04938482219325621,0.4329470427792086
360,6.0,feeder2_1143,0.050001586864053885,0.4327137407967187,0.049935095555325194,0.4324569250103654
360,6.0,feeder2_1238,0.047993421975614424,0.4376819878647281,0.04792846681858553,0.4374343521711381
360,6.0,feeder2_979,0.0503098520939172,0.4357538883264514,0.05024434866712267,0.43550939499821345
360,6.0,feeder2_1236,0.049875695135762774,0.42711671409884755,0.04980601931482444,0.4268436722810329
360,6.0,feeder2_989,0.049944438657344,0.43018025677353766,0.04987758525538064,0.4299165259345033
360,6.0,feeder2_1196,0.0504896204998881,0.4359146936893905,0.050427878570701704,0.43566924958827347
360,6.0,feeder2_1158,0.049875901555364026,0.4300514141052468,0.04980744169588541,0.4297903548171105
360,6.0,feeder2_1122,0.051466700097297466,0.44984057145688716,0.0514084575702395,0.44961882080833215
360,6.0,feeder2_1258,0.051381326341859664,0.4464294728990707,0.05131935999942421,0.4462088479799768
360,6.0,feeder2_1303,0.05140259600822118,0.4498275667527705,0.05134044302420735,0.44960989216739666
360,6.0,feeder2_1138,0.05149552324798998,0.4524535591572044,0.05143566037079418,0.4522354251722021
360,6.0,feeder2_1304,0.05205210896681019,0.45295105699296423,0.051990636492008385,0.4527334249655887
360,6.0,feeder2_1212,0.05147257091911372,0.45755693607374903,0.05140944501379061,0.457342608248129
360,6.0,feeder2_1311,0.048378549077693477,0.46022073599956875,0.048319616919998046,0.4599993290786891
360,6.0,feeder2_1290,0.05194603913112407,0.4618248372328891,0.051883892317090875,0.46160917709388344
360,6.0,feeder2_1325,0.04978920849280077,0.4245883006853001,0.04971677111523834,0.4243027571464013
360,6.0,feeder2_1248,0.04987947859124976,0.42710922829985515,0.04980916008306907,0.42683637956229226
360,6.0,feeder2_1249,0.0479705622930066,0.4376770933175906,0.04790220894930751,0.43743321308668526
360,6.0,feeder2_1250,0.046431773500205144,0.43907594273234696,0.046365312450167284,0.43883388642724636
360,6.0,feeder2_1366,0.05094888646205496,0.4253122749001536,0.05087744956524443,0.4250402773697145
360,6.0,feeder2_1266,0.051350811908029995,0.44637312045064903,0.05128874057701885,0.4461556273545536
360,6.0,feeder2_1372,0.050640452372598586,0.4628351755446611,0.05058373933875048,0.46261330248850124
360,6.0,feeder2_1363,0.05278560445496774,0.46513078026814275,0.05272562830510559,0.4649157979183433
360,6.0,feeder2_1446,0.04968077787432878,0.424602978263395,0.049607248166533016,0.4243185349121019
360,6.0,feeder2_1502,0.04970087677104949,0.42177225654880673,0.049625754057854236,0.4214722368554446
360,6.0,feeder2_1428,0.05329581049491877,0.4655905142619555,0.05323609482512602,0.46537875430292347
360,6.0,feeder2_1380,0.05364911274449973,0.4684246450361179,0.05359292591452855,0.4682092524914825
360,6.0,feeder2_1550,0.051726650824494076,0.4700715435487768,0.05166422901125848,0.4698639324443068
360,6.0,feeder2_1386,0.05425623391670664,0.4692831733270852,0.05419384791883928,0.46907666209559895
360,6.0,feeder2_1551,0.054423519979936594,0.4694468906785496,0.054363446798134755,0.46923950170045803
360,6.0,feeder2_1400,0.05453815462203792,0.46965929971484793,0.05447737407697214,0.46945129446400935
360,6.0,feeder2_1552,0.054760148912136854,0.46987804169897307,0.054703567904580946,0.4696686091510865
360,6.0,feeder2_1408,0.05510218669227334,0.47033635369322463,0.0550401994559689,0.4701307696919081
360,6.0,feeder2_1553,0.056671686500749587,0.47089089593975997,0.05661072762383872,0.4706864624747694
360,6.0,feeder2_1416,0.055278855627854936,0.4705192657858357,0.055216997333075404,0.4703127531484831
360,6.0,feeder2_1530,0.055142039408894804,0.47051183708252875,0.055083163493806715,0.47030332656267293
360,6.0,feeder2_1425,0.05561751775649381,0.4708906186915069,0.05555800248592766,0.47068289591014345
360,6.0,feeder2_1589,0.05775600258594067,0.4714783672938699,0.057699383153455866,0.4712753744387087
360,6.0,feeder2_1435,0.05561453546168374,0.4708781181497746,0.05555360031754453,0.4706748538776713
360,6.0,feeder2_1621,0.05548512825118901,0.470612850561644,0.05542725823643224,0.47040648106502153
360,6.0,feeder2_1564,0.05564012138482505,0.4710116495149258,0.05557843547567041,0.4708084739389943
360,6.0,feeder2_1704,0.05030876534444661,0.4204977304483133,0.05023144337600845,0.42020118262933953
360,6.0,feeder2_1525,0.04968458536722253,0.4215378871144161,0.049607937759117544,0.42123483830691416
360,6.0,feeder2_1716,0.049605903215612694,0.42134038584103783,0.049528297483424986,0.42103936784202667
360,6.0,feeder2_1537,0.049672372616780876,0.4213060127674283,0.04959447173357002,0.42099822269642617
360,6.0,feeder2_1645,0.050059330888223286,0.42139731346110787,0.04998475636166695,0.42108932728261006
360,6.0,feeder2_1561,0.04957893087546799,0.4209576100002144,0.04949740556392186,0.42064905298219296
360,6.0,feeder2_1657,0.04948554671620095,0.42097103853768025,0.04940627944974767,0.42066437654342415
360,6.0,feeder2_1570,0.04953997428300207,0.4208088054025709,0.049461984624645225,0.4204928699344932
360,6.0,feeder2_1756,0.04362899171400489,0.4261472879132388,0.04355116913250406,0.42582990945267096
360,6.0,feeder2_1588,0.04957761104777824,0.4203498408792264,0.04949984029626817,0.4200352321656302
360,6.0,feeder2_1628,0.049453173501073706,0.4203711698123337,0.04937055303348545,0.4200563963482497
360,6.0,feeder2_1598,0.04962735824843229,0.41976947841844103,0.04954633756660684,0.4194525549925986
360,6.0,feeder2_1816,0.04945728085137832,0.41943173444122983,0.04937877150619155,0.41910958822009264
360,6.0,feeder2_1765,0.049460472010980416,0.4192776821350262,0.04937956107525442,0.4189585531054406
360,6.0,feeder2_1641,0.04993231160130792,0.41723925745632584,0.049852827341060245,0.41690575255652607
360,6.0,feeder2_1689,0.050454310690113496,0.41396644083213535,0.05036796065493408,0.4136301641150723
360,6.0,feeder2_1744,0.049062604134013865,0.4179932663480156,0.04898273115855722,0.41766002738508534
360,6.0,feeder2_1817,0.05070020363400258,0.4141292749490023,0.050615688448158815,0.4137908346856302
360,6.0,feeder2_1779,0.05117468110408514,0.41287298884033596,0.051087213338128844,0.4125360581496193
360,6.0,feeder2_1800,0.050510722747886615,0.4140159187071088,0.0504238376171762,0.4136783447578956
360,6.0,feeder2_1818,0.05284552339448759,0.40839935811367684,0.052742237201720096,0.40804271973589895
360,6.0,feeder2_1753,0.048966364712291675,0.41798775615866196,0.04888769606993927,0.41765484327691965
360,6.0,feeder2_1754,0.04848287750892998,0.4185155849364977,0.04839719736728056,0.4181880181091632
390,6.5,secondary,0.0259322531312124,0.01916723678891332,0.0259165586017049,0.019152726483764898
390,6.5,feeder2_44,0.04828620660673551,0.10002333802231589,0.048259207401527796,0.0999455117152421
390,6.5,feeder2_45,0.04909852761803817,0.10292555084938462,0.04907581954001836,0.10283930057492902
390,6.5,feeder2_46,0.047868737197475385,0.10247357955583927,0.047846642623943204,0.10239108379506064
390,6.5,feeder2_51,0.05051223671427902,0.10802766331820916,0.05049072577659847,0.10793869826877789
390,6.5,feeder2_48,0.04940066864906492,0.10246792914843028,0.049372164052934084,0.10238696051978816
390,6.5,feeder2_52,0.050296761088892736,0.10795382177605731,0.05027151705612625,0.10786462421540652
390,6.5,feeder2_68,0.05452115778174026,0.12242328173782105,0.054495663523419245,0.12232136224104746
390,6.5,feeder2_69,0.054624088862413885,0.12261254208562485,0.05459494669022769,0.1225130537385871
390,6.5,feeder2_71,0.05505172788525668,0.12431993712495018,0.05502237865740342,0.12421914578680383
390,6.5,feeder2_72,0.05514948923265026,0.12415534541282013,0.05512080953929825,0.1240539213677413
390,6.5,feeder2_73,0.056714894919121496,0.13027193138802337,0.056682849709626684,0.13016590594644797
390,6.5,feeder2_74,0.05658363316979547,0.13022452563733516,0.05655855888551165,0.13011619445630423
390,6.5,feeder2_77,0.05814729855084659,0.13538601901304043,0.058120635225574833,0.13527495927100003
390,6.5,feeder2_79,0.057825840606105114,0.1363144696468225,0.05779969792986171,0.1361984621808128
390,6.5,feeder2_81,0.060367556872515986,0.14305811095782056,0.06033583146042595,0.14294183125380633
390,6.5,feeder2_82,0.06063238172540257,0.14262990928326855,0.06060655258017925,0.1425091695982859
390,6.5,feeder2_116,0.07036722221140725,0.17785080583286247,0.07033063495773739,0.1777000995392074
390,6.5,feeder2_119,0.06853673274940886,0.17883762436050618,0.06850432624026398,0.1786888485964641
390,6.5,feeder2_120,0.0743603454465984,0.19034648256723302,0.07431951636990289,0.190185237988034
390,6.5,feeder2_248,0.07424389103551915,0.19030038254883933,0.0742076414880534,0.1901379835676777
390,6.5,feeder2_124,0.0768267675633601,0.19805778766927934,0.07678428807551911,0.19789229519777043
390,6.5,feeder2_282,0.07687832934835406,0.19795975137255256,0.07684060224746564,0.19778808205541581
390,6.5,feeder2_275,0.07589119621895926,0.19871008722279357,0.0758513361032457,0.1985425136314185
390,6.5,feeder2_151,0.08130170904033536,0.2111877478147199,0.08126444914658333,0.2110044638747015
390,6.5,feeder2_295,0.08136735532259994,0.21129292730183274,0.08132284164102022,0.21111285134292157
390,6.5,feeder2_311,0.08148269565154857,0.21149044764513253,0.08143959414630779,0.21130854178732814
390,6.5,feeder2_201,0.08865801595227603,0.23254477744425625,0.08861017945287275,0.23234387063696002
390,6.5,feeder2_314,0.08945406616133446,0.23166162569910811,0.08940799449812545,0.23145940153279373
390,6.5,feeder2_342,0.09887723729557647,0.2647236701684858,0.09882482764261241,0.26449257275041
390,6.5,feeder2_368,0.10170601901931474,0.27699382878352546,0.10165776902312902,0.27675887162407137
390,6.5,feeder2_347,0.09946481660913413,0.2576880064021365,0.09940911067003963,0.2574440779589514
390,6.5,feeder2_353,0.0997660995547186,0.2542716886571712,0.09970811905203139,0.2540218402051517
390,6.5,feeder2_518,0.09956414770558898,0.25750512811723403,0.09951271195907943,0.25725791590919805
390,6.5,feeder2_365,0.10013201356133879,0.25055788593072575,0.10007649982259875,0.2502989089299847
390,6.5,feeder2_653,0.09944490737799354,0.2541579693435287,0.09939057859221122,0.25390289316270986
390,6.5,feeder2_377,0.10031096169495383,0.24832285993319297,0.1002541740730689,0.2480556655612606
390,6.5,feeder2_622,0.09967700542794423,0.2512764525836485,0.09961773830265654,0.25101637153231016
390,6.5,feeder2_451,0.10173106190195147,0.2769374596256391,0.10168152691105285,0.27670520353145694
390,6.5,feeder2_383,0.1063500203628045,0.2968935539853748,0.10630101343710957,0.29665819863026893
390,6.5,feeder2_385,0.10051134124955385,0.24571152114775374,0.10045171858564844,0.24544186329336984
390,6.5,feeder2_621,0.10038119214310019,0.2484347766583832,0.10032707595504053,0.2481668248882757
390,6.5,feeder2_611,0.10613484535870245,0.2968089853783762,0.10608274340158853,0.2965770511972945
390,6.5,feeder2_405,0.10664569515681152,0.2981433534264138,0.10659597951057354,0.2979121814491324
390,6.5,feeder2_461,0.10136672182908844,0.23519163915696836,0.10130128633127584,0.23490071715236086
390,6.5,feeder2_594,0.10043579748012545,0.24567880027722871,0.10037342572239007,0.2454103255360684
390,6.5,feeder2_732,0.10416559179058563,0.2998691974404377,0.10411642992514858,0.29963845073480233
390,6.5,feeder2_417,0.10907066900537013,0.3072449320597914,0.10901919626022405,0.3070168790744967
390,6.5,feeder2_663,0.1089093273394429,0.30798543154102037,0.10885953751212497,0.30775393641481535
390,6.5,feeder2_444,0.11089959852485065,0.3139096686972733,0.11084888727611883,0.3136804940536063
390,6.5,feeder2_759,0.11093813789390501,0.31381039317504783,0.11088893777837482,0.313577539225287
390,6.5,feeder2_842,0.1405471829701718,0.35504059393697884,0.14050022432969933,0.35481029428440747
390,6.5,feeder2_459,0.11096096629992155,0.3138178879872347,0.1109104692159272,0.3135898436929604
390,6.5,feeder2_702,0.11258469900228152,0.31203423737958913,0.11253592973228857,0.3118033559656107
390,6.5,feeder2_493,0.11104031080880453,0.31417770605715895,0.1109908507423272,0.3139466821441222
390,6.5,feeder2_651,0.10148785932300985,0.23540262373688703,0.10142481775058737,0.23511105887588224
390,6.5,feeder2_684,0.10204000937538366,0.2264081899828169,0.10197803618712098,0.22609753542289368
390,6.5,feeder2_674,0.11099165518852287,0.3141526176164476,0.11094089994142997,0.31392326763073464
390,6.5,feeder2_696,0.11132062738104678,0.3153469683559521,0.11126781034059097,0.31511788096849963
390,6.5,feeder2_681,0.1109077727195181,0.3141063608271809,0.11085581577386915,0.313874690189719
390,6.5,feeder2_682,0.11091725496949305,0.3141188269957547,0.11086635724938183,0.3138907224328884
390,6.5,feeder2_728,0.10199920854410652,0.22653986206582374,0.10193552397715902,0.22623025995102194
390,6.5,feeder2_724,0.10276908560057595,0.21714714309553457,0.10270223100690852,0.21682003807241904
390,6.5,feeder2_703,0.11201439846581415,0.31640645739876894,0.11196771080100344,0.3161736198927981
390,6.5,feeder2_704,0.11141959148769011,0.3154993551512365,0.11136893911826962,0.31526620497068925
390,6.5,feeder2_754,0.10288607107820079,0.21695430397161777,0.10281640247593725,0.21662759895991077
390,6.5,feeder2_747,0.10307883532046921,0.2134801906142903,0.10300969668861903,0.21314877868167564
390,6.5,feeder2_828,0.10194719816343141,0.22651911704292624,0.10188241158994663,0.22620793535074402
390,6.5,feeder2_763,0.10195920661914863,0.22677806726333882,0.10189512663281558,0.22646835713849237
390,6.5,feeder2_836,0.10320576606115413,0.21370701126916242,0.10313943469327788,0.21337049590887752
390,6.5,feeder2_758,0.10332959146608256,0.21023464620277865,0.10325976288954088,0.20989206204725933
390,6.5,feeder2_788,0.10617184554427059,0.2071829301846058,0.1061028433815658,0.20684390810069797
390,6.5,feeder2_812,0.10353080678721974,0.2042368537965382,0.1034561171441285,0.20388075263522862
390,6.5,feeder2_947,0.10220703715032822,0.22636527462484746,0.10214375243602775,0.22605443153215413
390,6.5,feeder2_868,0.10204215917378318,0.22663895897079575,0.10197646364387067,0.22633381004438083
390,6.5,feeder2_785,0.10192919471495275,0.2270911233932622,0.10186119019350293,0.2267833179931335
390,6.5,feeder2_1176,0.10093510758920567,0.2288118713353621,0.10087020259856008,0.2285043103119723
390,6.5,feeder2_846,0.10167132395866416,0.22699776712227696,0.1016085941059158,0.2266845024444925
390,6.5,feeder2_911,0.10192996997648923,0.22703523382109608,0.10186256771992945,0.22672886263927863
390,6.5,feeder2_1107,0.10332286069905326,0.20089211488661915,0.1032505280934758,0.2005341786574777
390,6.5,feeder2_920,0.10364752592023233,0.2035071389387622,0.10356815520366561,0.20314749685754122
390,6.5,feeder2_926,0.10396844980939458,0.20211696344677593,0.10389435521501753,0.20174428210730463
390,6.5,feeder2_1239,0.103474633869234,0.20386673786436088,0.10339970128542272,0.20350233795506995
390,6.5,feeder2_933,0.10401150001475995,0.20212467106762497,0.10393502956103369,0.20174986232397402
390,6.5,feeder2_1146,0.10443667190957315,0.19917988131232714,0.10435940036542504,0.19880761557695925
390,6.5,feeder2_1124,0.10404534786988652,0.20218199779079826,0.10397094246155739,0.2018054011100467
390,6.5,feeder2_942,0.10411013764156331,0.20209061988446186,0.10402804914503672,0.20171285565556457
390,6.5,feeder2_952,0.1047591721710171,0.20085720333137685,0.10467776448195996,0.2004602170162162
390,6.5,feeder2_965,0.10404482028465051,0.20224610915646224,0.10396993191567758,0.20185971723927337
390,6.5,feeder2_961,0.10478960029281223,0.20099050054844542,0.10470695420793051,0.20059319247420038
390,6.5,feeder2_963,0.10476768594964024,0.20080037620026306,0.1046832765270444,0.20040900548779672
390,6.5,feeder2_973,0.10495769644804635,0.20172023320558885,0.1048756196491348,0.2013113531908531
390,6.5,feeder2_1128,0.10477923308069324,0.20096349712586578,0.104698865954425,0.20056749825936965
390,6.5,feeder2_1113,0.10595170878633182,0.19955372690317183,0.10586733886835757,0.19916126832688355
390,6.5,feeder2_1143,0.10476216180737528,0.2006048471951819,0.10468112653812191,0.2002045803866613
390,6.5,feeder2_1238,0.10412133230959933,0.20210253609382062,0.10404052247674758,0.2017206660126869
390,6.5,feeder2_979,0.10396013239813348,0.20246054488199422,0.10388413793441825,0.20207555198036067
390,6.5,feeder2_1236,0.10518240297020043,0.2026899317563492,0.10509860876210508,0.20227080341369869
390,6.5,feeder2_989,0.10495794267127292,0.2017214689693893,0.10487582635746706,0.201315715202164
390,6.5,feeder2_1196,0.10283228672366507,0.20349446660201703,0.10275213574222782,0.20311219345315548
390,6.5,feeder2_1158,0.10505806608530922,0.20187584947554002,0.10497840531321959,0.2014676902307169
390,6.5,feeder2_1122,0.10322245556900515,0.1995065574683404,0.10314757021545183,0.19914897478454868
390,6.5,feeder2_1258,0.10340036817587708,0.20101864122179083,0.103322175615832,0.20066360475956996
390,6.5,feeder2_1303,0.10326157920904228,0.19942981899521098,0.10319038576343102,0.19907216695335073
390,6.5,feeder2_1138,0.10314557996999626,0.19844715710239524,0.10307302106526987,0.19809139016911834
390,6.5,feeder2_1304,0.1018518387827916,0.1991908945876067,0.10177770895639224,0.19883372372256608
390,6.5,feeder2_1212,0.10326998898418029,0.19573351749718848,0.1031972442511446,0.195377005771686
390,6.5,feeder2_1311,0.10332536823911619,0.1956266473774395,0.10325497640890743,0.19527011197534225
390,6.5,feeder2_1290,0.10343063026379525,0.19247454282059578,0.10335560177752916,0.19212024602879255
390,6.5,feeder2_1325,0.10543548500106469,0.20376374683151438,0.1053498061661587,0.20332748599017686
390,6.5,feeder2_1248,0.10518323861310379,0.20269127309472,0.10509954650315381,0.20227273934146808
390,6.5,feeder2_1249,0.10413381369764156,0.20207738672403558,0.1040555728854714,0.20169313430320462
390,6.5,feeder2_1250,0.10414514518930908,0.20206243948254404,0.10406451969892441,0.20168062883903268
390,6.5,feeder2_1366,0.10529825556982904,0.202879173737519,0.10521002550953143,0.2024632343963377
390,6.5,feeder2_1266,0.10344353174337566,0.2010867304382683,0.10336656284334811,0.20073055935162587
390,6.5,feeder2_1372,0.10356575112734785,0.1922526673963768,0.10349220796604922,0.19189390449929467
390,6.5,feeder2_1363,0.10360863839527817,0.18929138254405944,0.1035374441373407,0.18893463910007305
390,6.5,feeder2_1446,0.10691626677781754,0.2021785505522552,0.10682590610120617,0.20174604309504968
390,6.5,feeder2_1502,0.10540883246199714,0.20708722767268056,0.10531506252681984,0.20663611501521295
390,6.5,feeder2_1428,0.10309860133560725,0.18918395423544224,0.10302262397670109,0.1888336666412
390,6.5,feeder2_1380,0.1039773911504032,0.18570585202119155,0.10390024233947258,0.18535468134795108
390,6.5,feeder2_1550,0.10400709007652832,0.1856561841252604,0.10392940612474234,0.1853024514424949
390,6.5,feeder2_1386,0.104158618987653,0.18398749006299653,0.10408249878917407,0.1836351150700201
390,6.5,feeder2_1551,0.1033733844585613,0.18471806945335723,0.10330028667814707,0.18436441835166018
390,6.5,feeder2_1400,0.10430057886339542,0.1830248778323443,0.1042251612573695,0.18267228324831306
390,6.5,feeder2_1552,0.10408822988213434,0.18294537655630158,0.10401676124680921,0.18259134451165585
390,6.5,feeder2_1408,0.10461296357910006,0.18108399783324816,0.10454217803656048,0.18073012230279054
390,6.5,feeder2_1553,0.10448481533252421,0.18104809082385018,0.1044110716851518,0.18069258908393043
390,6.5,feeder2_1416,0.10478081317519836,0.18008484082250018,0.10470385767521867,0.179730721815878
390,6.5,feeder2_1530,0.10837820155765894,0.17636460139252458,0.10830151442035707,0.17601243924575596
390,6.5,feeder2_1425,0.10477664424349128,0.18017445669942983,0.10470460348375427,0.17981908108589123
390,6.5,feeder2_1589,0.10453282565674374,0.1801299484069982,0.10445799441715156,0.1797770940000831
390,6.5,feeder2_1435,0.1047801519099878,0.18019898474227666,0.10470366238044734,0.17984383291959383
390,6.5,feeder2_1621,0.10493949649272401,0.18049322743948543,0.10486566631205824,0.18013793390841915
390,6.5,feeder2_1564,0.104757222603101,0.18015068438215096,0.10468054245234824,0.17979987554658264
390,6.5,feeder2_1704,0.10477805994644418,0.2083033819022256,0.10468628501258281,0.2078556796729481
390,6.5,feeder2_1525,0.10535464738665881,0.20743229013818223,0.10526606772848063,0.20697417218861566
390,6.5,feeder2_1716,0.10384072952311599,0.2096346912787852,0.10375418490218447,0.20917546220078623
390,6.5,feeder2_1537,0.10526356170971309,0.20742786506572367,0.10517399877882773,0.20696407113885967
390,6.5,feeder2_1645,0.10413456990236562,0.20843462922351808,0.10404002408772972,0.2079752003582394
390,6.5,feeder2_1561,0.10535891957395178,0.20694382614807644,0.1052655612473883,0.20647590998019963
390,6.5,feeder2_1657,0.10541882991175328,0.2068482825193423,0.10532615715623789,0.20638413574729872
390,6.5,feeder2_1570,0.10540083514216092,0.20675570307127333,0.1053067322198678,0.20628723807518623
390,6.5,feeder2_1756,0.10549856766978666,0.20657781445985482,0.10540571900505129,0.20610657681802866
390,6.5,feeder2_1588,0.10544091754688181,0.20658975784411765,0.10534643091848134,0.20611926603758082
390,6.5,feeder2_1628,0.10626440949279463,0.20568439792673074,0.10616702184141158,0.20521485381754762
390,6.5,feeder2_1598,0.10545564895672341,0.20663935498712044,0.10536415966843346,0.20616051187359088
390,6.5,feeder2_1816,0.10570727956552986,0.20702994062620317,0.10561236492780282,0.20655287599952651
390,6.5,feeder2_1765,0.10574741968681596,0.20716488048617768,0.10565351845457345,0.20668991208500984
390,6.5,feeder2_1641,0.1054578574435357,0.20651961696142584,0.10536069422640378,0.20603327947873762
390,6.5,feeder2_1689,0.10546642322045022,0.20650541002800857,0.1053683199193593,0.20599971502220069
390,6.5,feeder2_1744,0.10549350394464456,0.20645687733205279,0.10539852758315253,0.20596325493599912
390,6.5,feeder2_1817,0.1054517256377163,0.20646330682391392,0.1053500199396256,0.2059637275800072
390,6.5,feeder2_1779,0.10548941383252727,0.20654696038673223,0.10539155275922851,0.20604430887479352
390,6.5,feeder2_1800,0.10541155873435494,0.206484931408139,0.10531336305015979,0.20598301765067947
390,6.5,feeder2_1818,0.1052369317767554,0.20566037666808348,0.10512261899234417,0.20512714202653268
390,6.5,feeder2_1753,0.10554611420587805,0.20635930640590636,0.10545069945706984,0.20586872500162803
390,6.5,feeder2_1754,0.10550676657827554,0.2064347550224276,0.10540835941688406,0.20594382199662667
420,7.0,secondary,0.03509739882823462,0.00432247145798296,0.035103078142410774,0.004325336265028813
420,7.0,feeder2_44,0.06526647131111919,0.022527154414672484,0.06528094415614302,0.022541215287598563
420,7.0,feeder2_45,0.0664060273802893,0.023382712371387646,0.06642151009911598,0.023397155752169312
420,7.0,feeder2_46,0.06244192134473525,0.02077936128667886,0.06246026906010279,0.020810633433299024
420,7.0,feeder2_51,0.06837565546839697,0.02496991121154353,0.06839324573686896,0.02498634438527316
420,7.0,feeder2_48,0.06695602334229096,0.022807501127557896,0.06697322820232228,0.02282334081274786
420,7.0,feeder2_52,0.0681956743724366,0.02516088714838411,0.06820897678170988,0.025171652788607005
420,7.0,feeder2_68,0.07395432815653129,0.029405544757932146,0.07396742826775987,0.029414362649164173
420,7.0,feeder2_69,0.07394981842031619,0.029415629957207142,0.07396431896274214,0.029426088909443524
420,7.0,feeder2_71,0.07469381610938355,0.029994151010451064,0.07471330851367174,0.03000372474917267
420,7.0,feeder2_72,0.0748982475193947,0.029770634572014985,0.07491737296280866,0.029781691742864727
420,7.0,feeder2_73,0.0770069657296408,0.03186796788239221,0.07702446430185589,0.03187787099770699
420,7.0,feeder2_74,0.0768947104960583,0.03198910159679525,0.07691187114170142,0.031994270274278265
420,7.0,feeder2_77,0.0789979084786112,0.033461017670901726,0.0790164335195928,0.03346646300953198
420,7.0,feeder2_79,0.0789711416635675,0.0334465374405922,0.07898884033079606,0.03345521591792352
420,7.0,feeder2_81,0.08213395990414966,0.0359753708013241,0.08215224857054088,0.03597932685919096
420,7.0,feeder2_82,0.08264222564210391,0.035473622101564135,0.08266232271116437,0.03548136076201579
420,7.0,feeder2_116,0.09617737539416465,0.047901688652540804,0.09619657000757098,0.04789623938242774
420,7.0,feeder2_119,0.09548209526117139,0.04871462224502394,0.09550442595892557,0.04871250174079918
420,7.0,feeder2_120,0.10149720373326203,0.0519126866034824,0.10152000954728573,0.05190817656376913
420,7.0,feeder2_248,0.10139136929708194,0.05202122098869148,0.10141460713126614,0.05201280194631567
420,7.0,feeder2_124,0.10478294219733832,0.05433888817544115,0.10480746581615405,0.05433132985766909
420,7.0,feeder2_282,0.10519621900354158,0.053834715916659844,0.10521862582052412,0.05382346874929257
420,7.0,feeder2_275,0.10452379671699222,0.05552939835454562,0.10454852237448405,0.05552807142309929
420,7.0,feeder2_151,0.11060496718138058,0.0580805902689914,0.11063034513184927,0.05807289976602895
420,7.0,feeder2_295,0.11067198271467725,0.05810266311699133,0.1106955175510171,0.058093671408936676
420,7.0,feeder2_311,0.1106134748747862,0.05807441841048436,0.11063889432643252,0.05806766553112924
420,7.0,feeder2_201,0.12021823114061142,0.06423864343391637,0.1202428776056372,0.0642207914602662
420,7.0,feeder2_314,0.12102421275753117,0.06418614839712426,0.12105159643113174,0.06416690831585037
420,7.0,feeder2_342,0.13352147872799067,0.07327957981383815,0.13355292559832055,0.07326323664613162
420,7.0,feeder2_368,0.13359198582797635,0.07349294996594778,0.1336259393747278,0.07347582776667651
420,7.0,feeder2_347,0.1399300496911902,0.07731494549839757,0.13996247884275415,0.07729496033798731
420,7.0,feeder2_353,0.14297004744085606,0.07946299771505339,0.14299867755566972,0.07943744983066411
420,7.0,feeder2_518,0.14127677814583656,0.07719597154886797,0.1413091279117014,0.07717236615314586
420,7.0,feeder2_365,0.1463797429652283,0.08169097107584428,0.14641409550560908,0.08166644123080646
420,7.0,feeder2_653,0.14268222967521935,0.07977727368376952,0.14271376963419383,0.07975493241788853
420,7.0,feeder2_377,0.14823075623394952,0.08290271320351955,0.14826341987405078,0.08288088397557788
420,7.0,feeder2_622,0.1463833829027789,0.08168746729623512,0.14641624769781156,0.08166501127645451
420,7.0,feeder2_451,0.13366548453332658,0.07341204883598727,0.13369617863685776,0.07339484677308812
420,7.0,feeder2_383,0.13369438143341192,0.0739088181474865,0.1337239954313219,0.0738898029569637
420,7.0,feeder2_385,0.15034300632805114,0.08428098471444627,0.15037862557925327,0.08425959358536628
420,7.0,feeder2_621,0.14832056200850097,0.08292076933016826,0.14835819885934337,0.0829022405971474
420,7.0,feeder2_611,0.13349727961594482,0.07411973354886914,0.1335257879048793,0.07409938752948296
420,7.0,feeder2_405,0.13370404819462137,0.07392429501159484,0.1337363266389357,0.07391020857469119
420,7.0,feeder2_461,0.15894794119043681,0.089761940197558,0.15898390175805963,0.08974079823212189
420,7.0,feeder2_594,0.1502721811894667,0.0843522807155742,0.1503050797253693,0.08432907906203035
420,7.0,feeder2_732,0.13329082539530238,0.0763166038474671,0.13331770005918295,0.07630117317027056
420,7.0,feeder2_417,0.1338553217084841,0.07349878518129267,0.13388635021347298,0.07348240205025885
420,7.0,feeder2_663,0.13389288236206642,0.07350936713343441,0.13392320143633876,0.07348899709498748
420,7.0,feeder2_444,0.13396320259806965,0.0731680502400692,0.13399220326323252,0.07314763713780323
420,7.0,feeder2_759,0.1340932929693161,0.07302688476485832,0.13412286090511516,0.07300818393037899
420,7.0,feeder2_842,0.1339697244124233,0.07315710576195765,0.134000661454906,0.07313798176281641
420,7.0,feeder2_459,0.13399872267068433,0.07306200894069803,0.13402873765868234,0.07304118906228778
420,7.0,feeder2_702,0.13595149871222179,0.07279609270549296,0.1359823701789004,0.07277372359223355
420,7.0,feeder2_493,0.13391092864255982,0.0728484756790513,0.1339423032041521,0.07283252608220868
420,7.0,feeder2_651,0.1589624290529332,0.08973749446408379,0.15899927249493673,0.0897156872470734
420,7.0,feeder2_684,0.16591970892244792,0.09422916195358946,0.1659594824420152,0.09421002587421298
420,7.0,feeder2_674,0.13375975621418323,0.07300842967892124,0.13378920256847993,0.07299109334970497
420,7.0,feeder2_696,0.13386855443825293,0.07160875063685519,0.13389503110512008,0.07159626100134102
420,7.0,feeder2_681,0.1333931903956142,0.0733986066763141,0.1334239116326219,0.07338134899808892
420,7.0,feeder2_682,0.13368891902225719,0.07308062915929842,0.1337182841695705,0.07306197252514776
420,7.0,feeder2_728,0.1660888405424766,0.0941761059257119,0.16612672040604864,0.09415129625027434
420,7.0,feeder2_724,0.17276985934102115,0.0989733742000907,0.17280549594571626,0.09895465391141468
420,7.0,feeder2_703,0.1339653953055655,0.0714507817489665,0.1339962889096077,0.07144770151220911
420,7.0,feeder2_704,0.13347934519968413,0.07113619757402712,0.13350721973673213,0.07112438283462551
420,7.0,feeder2_754,0.17299473847726088,0.09873384893976857,0.17303621522880153,0.09871929018404563
420,7.0,feeder2_747,0.17555425833771207,0.1010631787948114,0.17559456198501616,0.10104712684300984
420,7.0,feeder2_828,0.16590554269998914,0.09434351107504263,0.1659465255975882,0.09432124746082873
420,7.0,feeder2_763,0.16641958325047249,0.09387418098496303,0.16645993957307104,0.09384933840201475
420,7.0,feeder2_836,0.17340693572675125,0.09851730155350513,0.1734495749915967,0.09850597990540562
420,7.0,feeder2_758,0.17803335316846086,0.10393643815975828,0.1780772731665793,0.10392238077627232
420,7.0,feeder2_788,0.1780792837772722,0.10388468785118435,0.17812096486532059,0.10386884906841429
420,7.0,feeder2_812,0.18565300404348953,0.1128440001148144,0.18569791634830518,0.11283069120482682
420,7.0,feeder2_947,0.16944347683446978,0.09357522251184885,0.16948282341237747,0.09353868867711457
420,7.0,feeder2_868,0.1664758234976224,0.09381165866938387,0.16651447060567054,0.09378221755607098
420,7.0,feeder2_785,0.16642512645404264,0.09387529896582585,0.16646524776987373,0.09385095488641197
420,7.0,feeder2_1176,0.16647726173947497,0.09381493221315801,0.1665154171851233,0.09378986668460311
420,7.0,feeder2_846,0.1663418171910814,0.09395955657049451,0.16638113132071405,0.09393249339465294
420,7.0,feeder2_911,0.16644050019649978,0.09378411908518733,0.16648054848182767,0.09375915718461338
420,7.0,feeder2_1107,0.18571028753924856,0.10735609583097618,0.18575302161770924,0.10732636847619338
420,7.0,feeder2_920,0.1877757944590551,0.1168767149636844,0.18782071145106322,0.1168648364121155
420,7.0,feeder2_926,0.19095153871283985,0.12286758588828087,0.19099696549758724,0.12285670916700125
420,7.0,feeder2_1239,0.1877654652763893,0.11691798959906777,0.18780908889370407,0.11690342085269308
420,7.0,feeder2_933,0.19228507281254273,0.1255897084161913,0.19232922529920765,0.12558025136902318
420,7.0,feeder2_1146,0.19129957113094956,0.122588307031423,0.19134482269752504,0.12257186824789278
420,7.0,feeder2_1124,0.19229474456599108,0.1255918728177893,0.19233898808672678,0.12558261571247017
420,7.0,feeder2_942,0.19565774424710677,0.13250692278239856,0.19570725514238438,0.13250496324859015
420,7.0,feeder2_952,0.20048032494276888,0.1419630308301117,0.2005265746879218,0.1419742487657489
420,7.0,feeder2_965,0.19567902035427928,0.13263107360058862,0.1957278004959788,0.132628307578536
420,7.0,feeder2_961,0.20097054934049893,0.14305952382494305,0.2010182951628893,0.14307275103890554
420,7.0,feeder2_963,0.20048704859191713,0.14195108543772186,0.20053490130597496,0.14196370933046823
420,7.0,feeder2_973,0.20358729281571988,0.14894450425809452,0.20363880744412982,0.1489720284561482
420,7.0,feeder2_1128,0.20095789831195837,0.1431063734836838,0.2010081489443383,0.143121124716453
420,7.0,feeder2_1113,0.20116113057726276,0.14183995251123363,0.20120824490731398,0.14185108209997818
420,7.0,feeder2_1143,0.20051162316391913,0.1416538028402599,0.20056138859957223,0.14166950629133127
420,7.0,feeder2_1238,0.200467022962616,0.13229465316280206,0.2005157529525966,0.13228126442587165
420,7.0,feeder2_979,0.19561915070415384,0.1328698504086168,0.19566348429146244,0.13286616560501824
420,7.0,feeder2_1236,0.2075567266050504,0.15871384903433766,0.20760801565413242,0.15875371111008066
420,7.0,feeder2_989,0.20358680261667803,0.148937434180904,0.20363448981264706,0.14896033135852238
420,7.0,feeder2_1196,0.19455875582761922,0.13392306700651202,0.19460573269080628,0.13391863637416326
420,7.0,feeder2_1158,0.20271436586257685,0.147970629273292,0.20276289734799985,0.14799758591642503
420,7.0,feeder2_1122,0.1857911480671169,0.1062557978185263,0.18583292229067053,0.10622009875663205
420,7.0,feeder2_1258,0.1846847828024211,0.1060721217649901,0.18472939876330793,0.10604956264757556
420,7.0,feeder2_1303,0.1876273219277892,0.10591215323884921,0.18767191027118016,0.10587325797008504
420,7.0,feeder2_1138,0.18572716429109223,0.1056096306369159,0.18576842625177664,0.10557051742063524
420,7.0,feeder2_1304,0.18519619243045948,0.10618192242014707,0.18523926088172787,0.10614228232178546
420,7.0,feeder2_1212,0.18570831133267338,0.10384587563260078,0.18575307479541825,0.10380282608895591
420,7.0,feeder2_1311,0.18582945514869345,0.10370321259989637,0.1858708494506694,0.10365788955987727
420,7.0,feeder2_1290,0.1856983918552391,0.10188300413435333,0.18573901927241776,0.10182985943576134
420,7.0,feeder2_1325,0.21297562128169073,0.17231381698658987,0.21302909537848735,0.17236783949046008
420,7.0,feeder2_1248,0.20755688196681518,0.15871398551678303,0.2076091250426556,0.15875482071443006
420,7.0,feeder2_1249,0.20184707199332116,0.13225697725131405,0.20189255698918512,0.13223409500427774
420,7.0,feeder2_1250,0.20051119504779102,0.13224314755694577,0.2005606879424941,0.13222880878984358
420,7.0,feeder2_1366,0.20757645413857442,0.1587307886937576,0.2076262578120257,0.1587695446441716
420,7.0,feeder2_1266,0.18407881556812958,0.10529713260269147,0.1841221638144449,0.10527542908660187
420,7.0,feeder2_1372,0.1859403938637006,0.10165706698898413,0.18598052972361875,0.1016017980171707
420,7.0,feeder2_1363,0.18567406243343204,0.10023190861504741,0.1857169917332932,0.1001704114929932
420,7.0,feeder2_1446,0.21417092714119446,0.17198923685318035,0.21422413740437135,0.1720421580638571
420,7.0,feeder2_1502,0.2187360624180889,0.18852340171874135,0.21879097569572634,0.1885950447836254
420,7.0,feeder2_1428,0.1854719971146768,0.1013490613124306,0.1855127580793074,0.10128838222555145
420,7.0,feeder2_1380,0.18596727824356624,0.09653500753692591,0.18600541512176044,0.09645333429750137
420,7.0,feeder2_1550,0.18602090358781087,0.09648870800156958,0.18606279079638086,0.09641150291575074
420,7.0,feeder2_1386,0.1861177135733682,0.09486131188867576,0.18615930966912125,0.094777064685736
420,7.0,feeder2_1551,0.18587708470723022,0.09582820133969547,0.18591676131648363,0.09574332134546323
420,7.0,feeder2_1400,0.1862306311122363,0.09385621376741282,0.1862714714369835,0.09376335633829112
420,7.0,feeder2_1552,0.18589007032628646,0.09540526856016363,0.18593140919524603,0.09531846526848267
420,7.0,feeder2_1408,0.18660702299826515,0.09101476642959558,0.1866489406184068,0.09091566804143857
420,7.0,feeder2_1553,0.18649185113081135,0.09114446069331124,0.1865336252579021,0.09104358869623522
420,7.0,feeder2_1416,0.18681070363515767,0.08956237751686039,0.18684902638690334,0.08945461718102875
420,7.0,feeder2_1530,0.19454670880063019,0.08426327400589012,0.194586838160294,0.0841302497350703
420,7.0,feeder2_1425,0.18669592498520407,0.09013717196923451,0.18673733130740788,0.09002975045526926
420,7.0,feeder2_1589,0.18570761522424173,0.09133360091750417,0.1857477632718039,0.09122773580791448
420,7.0,feeder2_1435,0.1866967691162625,0.09014018748507885,0.18673816608758376,0.09003546919114978
420,7.0,feeder2_1621,0.1867049580780771,0.09003118966661347,0.18674477172406115,0.08992366603802522
420,7.0,feeder2_1564,0.18666873240223747,0.0902694198031204,0.18670864028404655,0.09015903512621387
420,7.0,feeder2_1704,0.21874476096912965,0.18853467765010173,0.2187994083450594,0.1886058064429615
420,7.0,feeder2_1525,0.22021720947056198,0.19274518876436575,0.2202735592451043,0.19282364088234
420,7.0,feeder2_1716,0.21885500726510215,0.1914036892269482,0.21890773078520862,0.19148336509402095
420,7.0,feeder2_1537,0.22188946973197196,0.19767389346571382,0.22194151021483655,0.19775485607939
420,7.0,feeder2_1645,0.2217876253221898,0.19773059029185966,0.2218449698748538,0.1978118459612881
420,7.0,feeder2_1561,0.22379637653426504,0.20325449350755803,0.22385114683715662,0.20333847641567657
420,7.0,feeder2_1657,0.22390490820802855,0.20311281049759244,0.22396111733321195,0.20319882073504023
420,7.0,feeder2_1570,0.22461691526607236,0.2057049321502772,0.22467393965073684,0.20579319303842464
420,7.0,feeder2_1756,0.22482754757865633,0.20539050452159338,0.22488560723139192,0.20547855818858762
420,7.0,feeder2_1588,0.22538275645704026,0.20801858811663174,0.22544147669725095,0.2081078492433738
420,7.0,feeder2_1628,0.2254208326522482,0.20796661382745063,0.22547899084437592,0.20805769308319985
420,7.0,feeder2_1598,0.2263493365858927,0.2109612490575641,0.22640550421700756,0.21105335574495582
420,7.0,feeder2_1816,0.22640698916342633,0.21104432275490972,0.22646523342507488,0.2111374544840142
420,7.0,feeder2_1765,0.22639018184251103,0.2110199785775058,0.22644789436916815,0.2111130368522423
420,7.0,feeder2_1641,0.2310678388332486,0.22539608904452546,0.23112685012442544,0.22549954515000606
420,7.0,feeder2_1689,0.23482042544180656,0.23871164964114377,0.23488192959517412,0.23882669926998823
420,7.0,feeder2_1744,0.23194055973156888,0.22487348699523738,0.2319966991730872,0.22497533840015824
420,7.0,feeder2_1817,0.2348025116014891,0.2387625993526497,0.2348609492274154,0.23887381034483052
420,7.0,feeder2_1779,0.2348272683511071,0.23872346931411126,0.23488873145201383,0.23883828729895337
420,7.0,feeder2_1800,0.23476900121517436,0.23874979838644897,0.23482869457481328,0.2388649651599158
420,7.0,feeder2_1818,0.26184392018682556,0.2650250581171908,0.26191667750331743,0.2651611291737175
420,7.0,feeder2_1753,0.2346012008275243,0.2233885012137002,0.23465811007543141,0.2234874344752431
420,7.0,feeder2_1754,0.23196572849427136,0.22483845404882444,0.23202609112290923,0.22494074774257466
450,7.5,secondary,0.047883901617810185,0.024391609428750353,0.047878305422648156,0.02438787994014622
450,7.5,feeder2_44,0.08907482337405076,0.12716420983784774,0.08906276770589282,0.1271390468728635
450,7.5,feeder2_45,0.09063567278762233,0.13131788145859538,0.09062444394009658,0.13128748837706583
450,7.5,feeder2_46,0.0900527856957517,0.12487158843027188,0.09004277525575649,0.12484582326456499
450,7.5,feeder2_51,0.09346879778546052,0.1382768686399419,0.09345774205431592,0.13824602867214777
450,7.5,feeder2_48,0.08801349396665117,0.1333660156496452,0.08800477731559715,0.13333494673273658
450,7.5,feeder2_52,0.09291813226568099,0.1395271881121485,0.09290582802834886,0.13949500071258983
450,7.5,feeder2_68,0.10139320153977563,0.15729840999612776,0.10138147923701353,0.15726464073360927
450,7.5,feeder2_69,0.10143318368578506,0.15717090273159212,0.1014222439590165,0.1571313288040899
450,7.5,feeder2_71,0.10244749581280498,0.15982390567096033,0.10243606140370426,0.1597834159332777
450,7.5,feeder2_72,0.10222563457031744,0.15974606916240344,0.10221510089167547,0.15970859927901485
450,7.5,feeder2_73,0.10575632123015852,0.1677401377601304,0.10574346078734294,0.167703800005212
450,7.5,feeder2_74,0.1060840253104695,0.1681498002521529,0.10607283824566072,0.16811229260179986
450,7.5,feeder2_77,0.10858699349562764,0.17446662070170976,0.10857492177266947,0.1744246986250104
450,7.5,feeder2_79,0.11107918487158938,0.17067200950036637,0.11106634330587016,0.1706336575072893
450,7.5,feeder2_81,0.11302381930537585,0.1864696317273163,0.11301294247870036,0.1864296652078445
450,7.5,feeder2_82,0.1124798320032159,0.1863201997589461,0.11246785520384428,0.18627811876092845
450,7.5,feeder2_116,0.1332193048893174,0.2404916484984871,0.13320550112853738,0.24043655056712301
450,7.5,feeder2_119,0.13379620960777147,0.2412881079858213,0.1337829732267367,0.24123159629264398
450,7.5,feeder2_120,0.14067178283009513,0.2600414854447594,0.14065580190754295,0.2599795121149529
450,7.5,feeder2_248,0.14059930467122855,0.26087425889305316,0.14058140806832067,0.260816171480952
450,7.5,feeder2_124,0.14518823210144016,0.27166497298991266,0.14517003213644672,0.27160649340603144
450,7.5,feeder2_282,0.1424127240333949,0.27099705500938503,0.1423981088274391,0.2709321085419126
450,7.5,feeder2_275,0.1675594338237988,0.3003072613985676,0.1675450519719931,0.30024341467160226
450,7.5,feeder2_151,0.14937900063949042,0.27350647045021725,0.14936489708072148,0.2734406249143961
450,7.5,feeder2_295,0.1498344435643799,0.2719893629699181,0.14981611340850035,0.2719223095980103
450,7.5,feeder2_311,0.14939000193374066,0.2734307946332041,0.14937199176016444,0.27336322014665254
450,7.5,feeder2_201,0.1565757808745359,0.2787987646711564,0.1565590098134763,0.2787182420411087
450,7.5,feeder2_314,0.15536875173897222,0.27966173794191107,0.15535172997966967,0.27958678644326607
450,7.5,feeder2_342,0.1674486016078226,0.2848745917995508,0.16743091806541274,0.2847806707023737
450,7.5,feeder2_368,0.1674209703200075,0.2859665643098296,0.16740158932585322,0.2858803475167489
450,7.5,feeder2_347,0.17274269936132378,0.2858842406033558,0.1727233538909845,0.28578630036986596
450,7.5,feeder2_353,0.1753964190599142,0.28647212943922995,0.17537581441926572,0.28636746636478716
450,7.5,feeder2_518,0.17249300101669196,0.28581570213989915,0.17247060652192392,0.2857217317013133
450,7.5,feeder2_365,0.17832848313450805,0.2870955378441362,0.1783074080363629,0.28699007182756714
450,7.5,feeder2_653,0.1754786141942976,0.28657389693085494,0.17545569585886558,0.2864760032714903
450,7.5,feeder2_377,0.17992185987388465,0.287451847573006,0.17990032863477595,0.2873485098726737
450,7.5,feeder2_622,0.17833137388052336,0.2870685025081371,0.17831011022829069,0.2869640734911182
450,7.5,feeder2_451,0.16733927935648676,0.2859348001629873,0.16732041040023707,0.2858479292050947
450,7.5,feeder2_383,0.167392078983,0.2877848460103658,0.16737273302497094,0.2876959705051957
450,7.5,feeder2_385,0.18181039805090868,0.28841760001689964,0.1817886820570628,0.28831154872843473
450,7.5,feeder2_621,0.18031586958913967,0.28573604583837986,0.1802946953298123,0.28562672593256133
450,7.5,feeder2_611,0.16751107790420977,0.2884738458432207,0.16749360234941277,0.28838009235029893
450,7.5,feeder2_405,0.16738166338309698,0.28785757196544903,0.16736230109653877,0.287770214949977
450,7.5,feeder2_461,0.18923069890310565,0.291660658132274,0.1892063222011189,0.2915362618354244
450,7.5,feeder2_594,0.18182896068444449,0.28884235891076915,0.1818047240165146,0.28873257262827967
450,7.5,feeder2_732,0.16739896085795064,0.2889132203989336,0.1673784080093982,0.2888292890114571
450,7.5,feeder2_417,0.1672501335851553,0.28813274873981237,0.16723097145323693,0.28804743417772166
450,7.5,feeder2_663,0.16723922704173072,0.28804425831867975,0.16721940760176648,0.28795106858338826
450,7.5,feeder2_444,0.1671554581844317,0.2883657495811464,0.1671362476424067,0.28827270278712414
450,7.5,feeder2_759,0.16506652212946532,0.2899077573091385,0.16504641693511043,0.2898172080777039
450,7.5,feeder2_842,0.1671653147811343,0.28829902238582833,0.16714871650542962,0.2882081825168353
450,7.5,feeder2_459,0.16716566498202254,0.28836446110237896,0.1671476123167704,0.28827273546029225
450,7.5,feeder2_702,0.166656076574522,0.28821744756752576,0.16663643571036799,0.2881341215038243
450,7.5,feeder2_493,0.1672510802691711,0.28843830764857986,0.16723094137690192,0.2883473364234321
450,7.5,feeder2_651,0.18923427577207425,0.29162075918315483,0.18920946365371577,0.2914984281458383
450,7.5,feeder2_684,0.19527306355418972,0.29465421145673554,0.1952487622463721,0.29452426255720926
450,7.5,feeder2_674,0.16743446394482997,0.28875061583934386,0.16741343714692275,0.2886659710147141
450,7.5,feeder2_696,0.1671451485336117,0.28720142784553787,0.16712595170577577,0.28711044921667045
450,7.5,feeder2_681,0.1678013962696311,0.2894516037602751,0.16778129229773478,0.2893675659675555
450,7.5,feeder2_682,0.16764295077002372,0.28898428310741386,0.16762210020714383,0.28889374419011715
450,7.5,feeder2_728,0.19542774882077132,0.2960826302700195,0.1954025899620946,0.29595369860792825
450,7.5,feeder2_724,0.20110511451627472,0.2947256616794701,0.20107908460830878,0.29458343087909233
450,7.5,feeder2_703,0.16742025068905841,0.2857088084235885,0.16740129316752728,0.28562092286247265
450,7.5,feeder2_704,0.16716577893031007,0.2870930013240311,0.16714786028740855,0.28700414649111683
450,7.5,feeder2_754,0.199712578137256,0.29578419201104383,0.19968593973794568,0.29563434932487154
450,7.5,feeder2_747,0.20366189924617065,0.2943343639764429,0.20363643494345313,0.29418322675908876
450,7.5,feeder2_828,0.19622605043308775,0.297056907799216,0.19620253534822094,0.2969242319464683
450,7.5,feeder2_763,0.19524431849178187,0.2966879140566331,0.1952218161233927,0.2965543930720986
450,7.5,feeder2_836,0.20498010746320075,0.29271346973825374,0.20495296866561297,0.2925678525824187
450,7.5,feeder2_758,0.20579628861082355,0.2947660883905124,0.20577221586224081,0.29461381538952697
450,7.5,feeder2_788,0.205744902086062,0.29475867283310886,0.20571946594705828,0.29460621795035846
450,7.5,feeder2_812,0.21237287347302558,0.2962699306874554,0.21234611286891666,0.29610571553740356
450,7.5,feeder2_947,0.1946929054996116,0.2965975918276744,0.194669082092982,0.2964633798429639
450,7.5,feeder2_868,0.1947097458446764,0.2971079649862426,0.19468748616714107,0.2969737583817521
450,7.5,feeder2_785,0.1952798577453996,0.29681353051681497,0.1952545816813745,0.29668511664021974
450,7.5,feeder2_1176,0.19528651580458706,0.29665100285495066,0.19526230250662588,0.29651626280247617
450,7.5,feeder2_846,0.19534009929318077,0.29705484228005025,0.19531289247573116,0.2969231462229544
450,7.5,feeder2_911,0.19526062020364512,0.2967845395183366,0.1952337295181266,0.29665527764816346
450,7.5,feeder2_1107,0.2160599375183708,0.3127528340319138,0.21603187679116923,0.3125956637453951
450,7.5,feeder2_920,0.21319818488267409,0.29223143219034303,0.21316920639504683,0.2920693002921915
450,7.5,feeder2_926,0.21441902086239384,0.28629714503125914,0.2143893216353675,0.28612650989960947
450,7.5,feeder2_1239,0.2132087318189683,0.29227916481339683,0.21318026283285346,0.2921135886212139
450,7.5,feeder2_933,0.21496201594999306,0.28372349735454205,0.21492987043571335,0.2835544508466591
450,7.5,feeder2_1146,0.21440706976527,0.28627716469029924,0.21437904394361823,0.2861120519269033
450,7.5,feeder2_1124,0.21496266386606017,0.2836767081433379,0.21493543465953036,0.28349995168434505
450,7.5,feeder2_942,0.21634205200971976,0.2773905132391584,0.2163140545185622,0.27721419029714783
450,7.5,feeder2_952,0.21871280840263504,0.2658349635530087,0.21868198839671407,0.2656439186273354
450,7.5,feeder2_965,0.21629861011636603,0.2777227439848739,0.21627059004085172,0.27754406354350336
450,7.5,feeder2_961,0.21897824981871503,0.2646137505097874,0.21894784079116514,0.2644248775779676
450,7.5,feeder2_963,0.2187107860127071,0.2658343550143044,0.21867972084029771,0.2656467692913856
450,7.5,feeder2_973,0.2203685099987674,0.25809262889808093,0.22034175390509328,0.25789518916460347
450,7.5,feeder2_1128,0.21901484186849174,0.2647891412362923,0.2189869347464339,0.26459845519871417
450,7.5,feeder2_1113,0.21867037111214205,0.2658339400552671,0.2186398739590101,0.2656451128792442
450,7.5,feeder2_1143,0.21858508900016255,0.2658088448282738,0.2185524352673602,0.2656221251653479
450,7.5,feeder2_1238,0.21217133038229594,0.2818068004713409,0.212143749895982,0.28162907599771625
450,7.5,feeder2_979,0.21632620943131467,0.2778460616521193,0.2162946453718945,0.2776661829399492
450,7.5,feeder2_1236,0.2224534524466813,0.24867581960736881,0.22241929821913103,0.24847545356784967
450,7.5,feeder2_989,0.22036843258088895,0.2580919641856803,0.22033884819256574,0.2578922938633405
450,7.5,feeder2_1196,0.21678061475689792,0.27833924055081805,0.21675074798845617,0.27816310608936484
450,7.5,feeder2_1158,0.2203724903273079,0.258004620615656,0.22034119794030743,0.25780609001729976
450,7.5,feeder2_1122,0.21742168432035539,0.3209129045936658,0.21739146467552264,0.320758155980377
450,7.5,feeder2_1258,0.21740831276863395,0.31067708977813463,0.21738071819676802,0.3105154484511318
450,7.5,feeder2_1303,0.21625530459732423,0.3207923383457851,0.21622578374125523,0.3206329903430891
450,7.5,feeder2_1138,0.21855131169587083,0.32744951338607997,0.21852483878476053,0.3272867171497589
450,7.5,feeder2_1304,0.21900712335526853,0.32797391152401545,0.2189791410755659,0.3278133716115642
450,7.5,feeder2_1212,0.22084671019503144,0.3408935552848087,0.22081836804496952,0.3407405072055436
450,7.5,feeder2_1311,0.21963523914520972,0.34191781399943993,0.21960743629869606,0.34175918713516734
450,7.5,feeder2_1290,0.22392857891206375,0.35684049055438305,0.22390112060344777,0.35668200597221494
450,7.5,feeder2_1325,0.22532969024092595,0.2365109178598469,0.22529797553493178,0.23629410323634184
450,7.5,feeder2_1248,0.22245349787170837,0.24867491988747034,0.22241968040676638,0.24847352856808194
450,7.5,feeder2_1249,0.21163661687156626,0.28232532610248773,0.21160849243829494,0.2821448021112018
450,7.5,feeder2_1250,0.2105751732423438,0.2834352489418727,0.21054745703223493,0.2832523638455861
450,7.5,feeder2_1366,0.22246236186733936,0.2485469054788021,0.2224308506071459,0.2483490937466333
450,7.5,feeder2_1266,0.21747086921110195,0.31007202254497623,0.21744448609319159,0.3099126350303444
450,7.5,feeder2_1372,0.22367015340400673,0.35680373591140196,0.2236414624799331,0.3566487732114865
450,7.5,feeder2_1363,0.227286465213107,0.3741730847606334,0.22725923840587714,0.3740200515783861
450,7.5,feeder2_1446,0.2242393223040218,0.2376768154098826,0.22420689503064992,0.23746183680045954
450,7.5,feeder2_1502,0.22891357377972818,0.22222409305607504,0.22887993378855093,0.22200082901636672
450,7.5,feeder2_1428,0.22770510724350262,0.3746670899395637,0.22767625085591325,0.37451456605798905
450,7.5,feeder2_1380,0.2311892652735232,0.39456692546172845,0.23115984369919698,0.3944098502741991
450,7.5,feeder2_1550,0.2295229482183444,0.39598738890817414,0.2294943133617961,0.39583709634877257
450,7.5,feeder2_1386,0.23330410068973517,0.4039377710681422,0.23327628234002107,0.4037858048135405
450,7.5,feeder2_1551,0.23346760326495739,0.40457498404886755,0.2334396081251561,0.40442965587127644
450,7.5,feeder2_1400,0.23425422027285814,0.40822195316985493,0.23422478498516575,0.40807504551539286
450,7.5,feeder2_1552,0.23437427249648565,0.408362841884245,0.23434457363782396,0.4082142674433076
450,7.5,feeder2_1408,0.23620563421673496,0.4170388635051748,0.2361797229515831,0.41688737158496164
450,7.5,feeder2_1553,0.23634309231426268,0.4178145592596925,0.23631551127456332,0.4176661322983659
450,7.5,feeder2_1416,0.23715554008374495,0.4214173460833475,0.23712741463357886,0.4212629643508395
450,7.5,feeder2_1530,0.23664168518470646,0.4212662608047712,0.23661088878681713,0.42111792171332835
450,7.5,feeder2_1425,0.23899950528785777,0.4298824871194648,0.23897328346120916,0.4297331071255633
450,7.5,feeder2_1589,0.2541602630759805,0.4478876212545466,0.25412913239116636,0.44774367299078854
450,7.5,feeder2_1435,0.2389929267843302,0.42982667555160625,0.2389647528684865,0.429677207166433
450,7.5,feeder2_1621,0.2390652603233643,0.42905901110192846,0.23903479483731513,0.42891372894446567
450,7.5,feeder2_1564,0.2390214058043671,0.4299617836373516,0.2389922620621434,0.4298133944548861
450,7.5,feeder2_1704,0.22891540449538525,0.2221776918204208,0.2288813027651011,0.22195477955659618
450,7.5,feeder2_1525,0.22983694850942774,0.21871908358925451,0.22980300673302026,0.21848712649578747
450,7.5,feeder2_1716,0.23150683621093182,0.21701029229722063,0.23147475088238217,0.21678244787421216
450,7.5,feeder2_1537,0.23084111458707735,0.21515516134591892,0.23080622172845164,0.214924771760286
450,7.5,feeder2_1645,0.23141820704391272,0.21567931044240463,0.23138458377250687,0.21545028938227523
450,7.5,feeder2_1561,0.23189688550537021,0.21090957851759187,0.23186290464857987,0.2106746138926778
450,7.5,feeder2_1657,0.23103936969582728,0.21180876608267005,0.2310061845971812,0.21156944439981637
450,7.5,feeder2_1570,0.23240171008238447,0.20890586685319615,0.23237151029097272,0.20866651581089302
450,7.5,feeder2_1756,0.23009563906364558,0.21145339747108732,0.23006018867339872,0.21121685932648065
450,7.5,feeder2_1588,0.23290932557564567,0.2068958090304499,0.23287520745589185,0.20666166575364864
450,7.5,feeder2_1628,0.23286455236521553,0.20690967806544164,0.23283073100037668,0.20667397445616356
450,7.5,feeder2_1598,0.2335521112553614,0.2043798973871835,0.2335183314476663,0.20413684138460333
450,7.5,feeder2_1816,0.23355789747438582,0.20410280021150273,0.23352253687053673,0.2038630043351087
450,7.5,feeder2_1765,0.23355581230957656,0.20418508912905423,0.2335217725388024,0.20394631246163078
450,7.5,feeder2_1641,0.23672277275707554,0.19266020947970902,0.23668570032684771,0.1924159732881777
450,7.5,feeder2_1689,0.2395384636216969,0.18300414424855765,0.23950092334150702,0.18275117758789178
450,7.5,feeder2_1744,0.23615401503662875,0.19290698232285713,0.23612026983160828,0.19265686745814328
450,7.5,feeder2_1817,0.23955705953333487,0.18306537355631355,0.23952208854852125,0.18280997910168056
450,7.5,feeder2_1779,0.24056840634960608,0.18220520774225102,0.24053072498147252,0.18195412121368046
450,7.5,feeder2_1800,0.23956644552124237,0.18240423980515996,0.23953105899588412,0.182150383549013
450,7.5,feeder2_1818,0.26039640729422836,0.16855291686710172,0.26035386342590616,0.16828998439596235
450,7.5,feeder2_1753,0.23448384615537432,0.19364987971696898,0.23444935694841232,0.19340168685267167
450,7.5,feeder2_1754,0.23612420461284137,0.19291868404099866,0.23608769991482892,0.19267515210975647
480,8.0,secondary,0.05622133072278944,0.04131702289430882,0.05620818573808038,0.041302701342177235
480,8.0,feeder2_44,0.10464951956321816,0.2155381438609303,0.1046290303496546,0.21547582840408808
480,8.0,feeder2_45,0.10647887096132996,0.2224228385755,0.10645542233447924,0.22235524813021537
480,8.0,feeder2_46,0.1058425360621578,0.21368574294520584,0.10582259357842948,0.21362186526097401
480,8.0,feeder2_51,0.10967042946957231,0.23440065168926247,0.1096497776462171,0.23433301116674746
480,8.0,feeder2_48,0.1062891062154831,0.22232768690419805,0.10626664263807903,0.22226311513373317
480,8.0,feeder2_52,0.10913928825622601,0.23574094494547043,0.10911702586304645,0.23566999618527765
480,8.0,feeder2_68,0.11865005404003356,0.2675502148345172,0.11862663463282665,0.2674687350113531
480,8.0,feeder2_69,0.11870388695796469,0.26745035165759423,0.11868032789124029,0.26737157423537605
480,8.0,feeder2_71,0.11984501538832247,0.27194545291805655,0.11982196707833698,0.271865666192582
480,8.0,feeder2_72,0.11961813176989716,0.27182538526876476,0.11959558332810183,0.2717456935915391
480,8.0,feeder2_73,0.1235958854493996,0.2857175818917407,0.12357139509036588,0.28563239015625996
480,8.0,feeder2_74,0.1266696996074639,0.2941917702321373,0.1266410388983798,0.2941016858594201
480,8.0,feeder2_77,0.12658441428965803,0.29615077135833784,0.12655837505668815,0.29605351843596084
480,8.0,feeder2_79,0.1275987773636044,0.2945187372616147,0.1275720013095855,0.2944297132938753
480,8.0,feeder2_81,0.13134638213849362,0.31316797696707005,0.13131875018939626,0.3130693400311777
480,8.0,feeder2_82,0.12940972224453215,0.3122795439474582,0.12938450443152447,0.3121816016991143
480,8.0,feeder2_116,0.15319043222032241,0.39062578437575907,0.15315936667021274,0.39049948515591226
480,8.0,feeder2_119,0.15285342366285048,0.3916064765319643,0.15282051581089723,0.39148419770060955
480,8.0,feeder2_120,0.16124861383371192,0.4186687201172266,0.16121638241545067,0.4185318867270474
480,8.0,feeder2_248,0.17116806123126005,0.4333357667593472,0.1711349070123922,0.43320078996428363
480,8.0,feeder2_124,0.16502956547952177,0.4300056871069379,0.164993396007015,0.42986719985837507
480,8.0,feeder2_282,0.14751641270275082,0.4223678741604965,0.147481396333872,0.42222256175622996
480,8.0,feeder2_275,0.16549459936979127,0.432333986628264,0.16545901316540348,0.43219406446246245
480,8.0,feeder2_151,0.173094831806396,0.4540559391948521,0.17306053670920718,0.45390509684741215
480,8.0,feeder2_295,0.1771821195914158,0.44703506888982014,0.17714732105993058,0.44688263091049407
480,8.0,feeder2_311,0.17311897249190994,0.4539993717849097,0.17308368249587253,0.4538490650055509
480,8.0,feeder2_201,0.18745003212928454,0.5035599201961372,0.18741206274759475,0.503386616791162
480,8.0,feeder2_314,0.1873412276092079,0.5034861116227605,0.18730319557750313,0.5033185560054754
480,8.0,feeder2_342,0.20789493124801403,0.5739833327343654,0.20785020438534077,0.573786466183823
480,8.0,feeder2_368,0.20803789275780393,0.577146889022989,0.20799639223602817,0.5769513131794672
480,8.0,feeder2_347,0.21757472071110354,0.6026500265780769,0.2175300503521127,0.602440879169187
480,8.0,feeder2_353,0.22239835949581782,0.6169428059702087,0.22235521595416852,0.6167252586770033
480,8.0,feeder2_518,0.21749855246399702,0.6026058090758333,0.217457058038393,0.6023959139920686
480,8.0,feeder2_365,0.2277368841786731,0.6327378815063983,0.22768791714648448,0.632517252485464
480,8.0,feeder2_653,0.22247368315726923,0.6170495290819676,0.2224286399429554,0.6168377733024089
480,8.0,feeder2_377,0.23064161882669754,0.641322986209905,0.2305931990635792,0.6410980689307737
480,8.0,feeder2_622,0.2277235021951391,0.6326934799491585,0.2276778000283185,0.6324674767213453
480,8.0,feeder2_451,0.2067609798134527,0.5778838842702306,0.20671607928196928,0.577682046639499
480,8.0,feeder2_383,0.20862374867895742,0.5817784925053755,0.20858344632438125,0.5815785074921996
480,8.0,feeder2_385,0.23424301572936546,0.6535189019199615,0.23419395390849598,0.6532878411023642
480,8.0,feeder2_621,0.2344431772060416,0.6336910837522516,0.23439572072514842,0.6334652337073826
480,8.0,feeder2_611,0.20869369030534415,0.5818734148141815,0.2086484184071186,0.5816801511714368
480,8.0,feeder2_405,0.20865927732366193,0.582063150169139,0.20861578159778468,0.581865243484145
480,8.0,feeder2_461,0.2455166711011731,0.6865552942680515,0.2454668570706856,0.6863026534832094
480,8.0,feeder2_594,0.24087658549530638,0.663098746933576,0.24082874551838857,0.6628655060579991
480,8.0,feeder2_732,0.20877522213605185,0.5822245624546583,0.2087335836124619,0.582032097548532
480,8.0,feeder2_417,0.208918702243799,0.5841727770315391,0.208874421252338,0.5839773176162464
480,8.0,feeder2_663,0.20893505029857817,0.5841255328855707,0.2088916296954441,0.5839316759880563
480,8.0,feeder2_444,0.20911788433869427,0.5857889505398831,0.2090734637449574,0.5855949412267509
480,8.0,feeder2_759,0.2076932650145425,0.5865319188767792,0.2076507241608006,0.5863356158454953
480,8.0,feeder2_842,0.20913791800089457,0.5857380354809453,0.20909804509435756,0.5855379194673332
480,8.0,feeder2_459,0.20921814758706053,0.586319131241819,0.20917591421289106,0.5861258766017039
480,8.0,feeder2_702,0.2076100497750757,0.5854149925081108,0.20756724520325318,0.5852193956647996
480,8.0,feeder2_493,0.20974925368967523,0.5887441073104898,0.20970559618689508,0.5885532053630524
480,8.0,feeder2_651,0.24552589300185756,0.6865265919169847,0.24547633702135252,0.6862743809669885
480,8.0,feeder2_684,0.2547261691412598,0.7137280268067948,0.2546698839632694,0.7134557076766017
480,8.0,feeder2_674,0.21054263957271455,0.5904357216335073,0.21049915391158366,0.5902453298782104
480,8.0,feeder2_696,0.2097178490834909,0.588119784197152,0.2096735299127236,0.5879276206528287
480,8.0,feeder2_681,0.21119217525562292,0.5917990838644545,0.2111479893689365,0.5916024801531655
480,8.0,feeder2_682,0.21291892799988366,0.5953760953823358,0.21287739473553768,0.5951775686971957
480,8.0,feeder2_728,0.2559274211180029,0.7210239123114599,0.2558752003630174,0.7207544387835707
480,8.0,feeder2_724,0.26176475346952094,0.7249114212342714,0.2617075096505445,0.7246297770125175
480,8.0,feeder2_703,0.20974956144333934,0.5880324511699461,0.2097052865527554,0.5878334922648248
480,8.0,feeder2_704,0.20982259596372516,0.5878776309714171,0.2097800532856866,0.5876830590073064
480,8.0,feeder2_754,0.26168357527326963,0.72486906770604,0.26162633467430935,0.7245836094922131
480,8.0,feeder2_747,0.26464707943167504,0.7295414690689708,0.2645882495551368,0.7292473572852777
480,8.0,feeder2_828,0.26063633111070184,0.727698285500577,0.26058271420233714,0.7274300652105286
480,8.0,feeder2_763,0.2552194119985173,0.721821130641619,0.25516508172967534,0.7215515029377504
480,8.0,feeder2_836,0.26466264976383297,0.7294810822890945,0.2646062558513987,0.7291896648875397
480,8.0,feeder2_758,0.26713152734935214,0.7335648196588576,0.2670731000602723,0.733265856384626
480,8.0,feeder2_788,0.2660006809321813,0.7343182565156297,0.26594120078056466,0.7340246275554452
480,8.0,feeder2_812,0.2751643153363721,0.7452084623896122,0.27510215285512196,0.7448946778639756
480,8.0,feeder2_947,0.2550527062912832,0.7217318639395031,0.2549996291355564,0.7214588070758353
480,8.0,feeder2_868,0.25454818789056144,0.7220141279607379,0.25449426705632644,0.7217414969247543
480,8.0,feeder2_785,0.25494725434650767,0.7222333752854576,0.25489139887439227,0.7219676306128698
480,8.0,feeder2_1176,0.25497507945580306,0.7221173974101266,0.2549201836798385,0.7218441885276058
480,8.0,feeder2_846,0.25511138109208364,0.7229089299161161,0.2550582106336755,0.7226374673680911
480,8.0,feeder2_911,0.2541911787583217,0.7222939739816836,0.2541398713573011,0.7220196524161002
480,8.0,feeder2_1107,0.2767114115014656,0.7626599133235604,0.27664955321778245,0.7623467874534064
480,8.0,feeder2_920,0.27699177519092877,0.7436801818301211,0.27693100652087843,0.743357282244511
480,8.0,feeder2_926,0.2797059550409592,0.7413911782653401,0.279643304781636,0.7410645950047969
480,8.0,feeder2_1239,0.2770023431662085,0.7437313218220714,0.276939990775679,0.743411670334822
480,8.0,feeder2_933,0.28091047799262336,0.7404023893388761,0.2808486854293251,0.7400657538460876
480,8.0,feeder2_1146,0.27969217390989515,0.741332324070895,0.279629848116071,0.7410087659563189
480,8.0,feeder2_1124,0.2817662451634674,0.7394129866681283,0.28170157562047693,0.7390821516274502
480,8.0,feeder2_942,0.2838532106665921,0.7388517771497839,0.2837877488863861,0.7385148188602247
480,8.0,feeder2_952,0.28717268734280876,0.727843531133218,0.2871087768818546,0.7274906167380097
480,8.0,feeder2_965,0.283985933508808,0.7399930376368435,0.28392156360841175,0.7396515962330367
480,8.0,feeder2_961,0.28754345876390586,0.7267065382206526,0.28747827630359235,0.7263492053968365
480,8.0,feeder2_963,0.2871700685608347,0.727833403419092,0.28710411814936837,0.727482854277261
480,8.0,feeder2_973,0.2890890473722954,0.7185201214782808,0.2890229599884819,0.7181602837808532
480,8.0,feeder2_1128,0.28828274715666535,0.7304463026228527,0.28821552488406327,0.7300962576385083
480,8.0,feeder2_1113,0.2871275885790209,0.7278133465230907,0.28706100395054196,0.7274625405197714
480,8.0,feeder2_1143,0.2870052785661259,0.72720089663662,0.2869381680772041,0.7268480663117953
480,8.0,feeder2_1238,0.27895251725462855,0.742369728847187,0.2788892712487411,0.7420283246183444
480,8.0,feeder2_979,0.2842587598409168,0.7413355447970746,0.2841946221974827,0.7410005951870181
480,8.0,feeder2_1236,0.29140766461351597,0.7064053581784646,0.29133804797740726,0.7060326982651328
480,8.0,feeder2_989,0.28908898590893184,0.7185196954021367,0.2890229599884819,0.7181602837808532
480,8.0,feeder2_1196,0.288026016863943,0.7468380695203799,0.28796105688924867,0.7464935283241966
480,8.0,feeder2_1158,0.2891032612999418,0.7184597111046664,0.28903404266480753,0.7181012694345845
480,8.0,feeder2_1122,0.2773455442869163,0.7695834275164936,0.27728127603677316,0.7692735516427623
480,8.0,feeder2_1258,0.27673757905907287,0.7624769928930863,0.27667914539077193,0.7621587194508437
480,8.0,feeder2_1303,0.27689126404865677,0.7693265435538238,0.27683135537743025,0.7690088372002843
480,8.0,feeder2_1138,0.27786893104904076,0.7751486293959212,0.27780705812878953,0.774835222570763
480,8.0,feeder2_1304,0.2777918439134589,0.7757807633867606,0.2777310081264709,0.7754650345223397
480,8.0,feeder2_1212,0.27888127929462836,0.7863326164612435,0.2788202653051853,0.7860187823940799
480,8.0,feeder2_1311,0.2774746931477468,0.7872019695628255,0.27741238231981385,0.7868871872763911
480,8.0,feeder2_1290,0.28043927525925305,0.7995590069232669,0.28037563095776513,0.7992486517913113
480,8.0,feeder2_1325,0.2942351172560871,0.6929933987315179,0.2941642217331868,0.6926064914977822
480,8.0,feeder2_1248,0.2914199924562134,0.706391118557909,0.2913517191222753,0.7060177457469041
480,8.0,feeder2_1249,0.27862184583534194,0.7422212468879179,0.27855644684761915,0.7418827758095816
480,8.0,feeder2_1250,0.2762341234634353,0.7444115584989243,0.2761693827832833,0.7440707716712648
480,8.0,feeder2_1366,0.29320293296178485,0.7043357377966096,0.29313231422585245,0.7039652204505094
480,8.0,feeder2_1266,0.27675787366355015,0.7623274069259809,0.27669734096691706,0.7620128283851411
480,8.0,feeder2_1372,0.2794752529278288,0.8001774759427784,0.2794139333270436,0.7998669011768637
480,8.0,feeder2_1363,0.28247577446123245,0.8130299156213274,0.2824122790919917,0.8127188384572838
480,8.0,feeder2_1446,0.2941696946097047,0.6929670077968597,0.29409844310164235,0.6925815022389129
480,8.0,feeder2_1502,0.29742769032038424,0.6781628973842955,0.2973530742357974,0.6777598685039745
480,8.0,feeder2_1428,0.28362726974479613,0.814567112148563,0.28356723492756275,0.8142558113711711
480,8.0,feeder2_1380,0.2844546462001504,0.8269550664645656,0.28439477842268884,0.8266412464720648
480,8.0,feeder2_1550,0.28439659084332275,0.8269277985082949,0.28433358752662713,0.8266204210351127
480,8.0,feeder2_1386,0.2854301280247947,0.8337817375548472,0.2853703077444722,0.8334710245745619
480,8.0,feeder2_1551,0.28557298576999673,0.8339540457026139,0.2855132096004034,0.8336399303823867
480,8.0,feeder2_1400,0.2858866785537574,0.8369896402795723,0.28582319773391884,0.8366815439230408
480,8.0,feeder2_1552,0.2860023544584452,0.8371389133431636,0.28594082186525904,0.8368287712708493
480,8.0,feeder2_1408,0.2868185215483913,0.8435606691967054,0.28675831792857964,0.8432467110442056
480,8.0,feeder2_1553,0.28684261738907124,0.8444788174997414,0.28678072387172143,0.8441700560435823
480,8.0,feeder2_1416,0.2872639332493629,0.8467518516117338,0.2872016949531193,0.8464458392923199
480,8.0,feeder2_1530,0.28420846826300034,0.8471282048164694,0.28414808614501214,0.8468162309797312
480,8.0,feeder2_1425,0.2884418435083229,0.852812155009406,0.2883825628677307,0.852498987223106
480,8.0,feeder2_1589,0.294824208542262,0.8644813688349983,0.29476108323549005,0.8641708153600288
480,8.0,feeder2_1435,0.28845200179731534,0.8528764418422872,0.28838976997893545,0.8525696291501832
480,8.0,feeder2_1621,0.288560094914153,0.8522019781934821,0.28849865374810946,0.8518931455582477
480,8.0,feeder2_1564,0.2886996247214743,0.8542950069308686,0.2886382975582083,0.8539869397984913
480,8.0,feeder2_1704,0.2984565368775026,0.6769980534242379,0.29838211110795987,0.6765928392606707
480,8.0,feeder2_1525,0.29819658010103617,0.6748184308810037,0.29812060664588785,0.6744123892818192
480,8.0,feeder2_1716,0.30080771068306433,0.6718196051094674,0.30073459978740724,0.6714133215813967
480,8.0,feeder2_1537,0.29900284941289246,0.6715580017463098,0.2989289252344843,0.671147035576684
480,8.0,feeder2_1645,0.299546223195088,0.6728386493917393,0.2994726982257432,0.6724225448107002
480,8.0,feeder2_1561,0.2997636518121839,0.6671239416951361,0.29968817000252823,0.6667001740508888
480,8.0,feeder2_1657,0.2997114042803794,0.6671029440817395,0.29963612442101456,0.6666801174457818
480,8.0,feeder2_1570,0.3000937765309497,0.6652269826679458,0.3000206239820477,0.6648086969019755
480,8.0,feeder2_1756,0.29748380900582194,0.6672053837319548,0.29740909849111863,0.6667777681937429
480,8.0,feeder2_1588,0.3004462415110718,0.6633497901031464,0.3003690706062754,0.6629222251872242
480,8.0,feeder2_1628,0.3003988208313232,0.663331976822535,0.3003251206435914,0.6629057743952764
480,8.0,feeder2_1598,0.30089343694369913,0.6609913241261449,0.3008185810072812,0.6605636043263982
480,8.0,feeder2_1816,0.3043649314118354,0.6570183870409663,0.3042907147131584,0.6565945743833583
480,8.0,feeder2_1765,0.3009215304787995,0.6608610384105691,0.3008446676246486,0.6604344783876374
480,8.0,feeder2_1641,0.30295036532600034,0.6508094344559467,0.3028722387141597,0.6503685040677494
480,8.0,feeder2_1689,0.30518785612196997,0.6420600371505442,0.30510740142849657,0.6416068239183028
480,8.0,feeder2_1744,0.3014232729597278,0.6510877862528783,0.30134674961014485,0.6506432051021387
480,8.0,feeder2_1817,0.3053145171499043,0.6426905056938336,0.3052341644961073,0.642234791290732
480,8.0,feeder2_1779,0.30519563330160143,0.6420311187099424,0.30511502279613595,0.6415799475914485
480,8.0,feeder2_1800,0.30523017804508173,0.6421164699392135,0.3051506311882112,0.6416612109666128
480,8.0,feeder2_1818,0.32666169749939516,0.6213455073186478,0.32657268426754404,0.620862799294021
480,8.0,feeder2_1753,0.30076268146590923,0.6508117732552091,0.30068630679968433,0.6503693303142927
480,8.0,feeder2_1754,0.30051207487413006,0.6513420755192391,0.30043438998184036,0.6509007076469235
510,8.5,secondary,0.02579745856224273,0.019146071446712824,0.025802320449043643,0.01915235034165682
510,8.5,feeder2_44,0.04800001646471197,0.0998396702069707,0.048012693657919533,0.0998795767288234
510,8.5,feeder2_45,0.0487413699436011,0.10331044256368067,0.04875357346842746,0.10335024734816141
510,8.5,feeder2_46,0.05548282385527999,0.09518198252207424,0.0554949317030151,0.09521699739700618
510,8.5,feeder2_51,0.05004309396311918,0.10936060181554166,0.05005133644358371,0.1094024099401089
510,8.5,feeder2_48,0.048559009349411514,0.10316051912613808,0.048572418904797805,0.10320388811025252
510,8.5,feeder2_52,0.04851682453933819,0.11128473661329093,0.0485328192257488,0.11133187941087706
510,8.5,feeder2_68,0.05378500651582239,0.12560660826664524,0.05379796742672076,0.12565698540425868
510,8.5,feeder2_69,0.0539126677896371,0.1255592574480054,0.05392679316953822,0.12561252026368763
510,8.5,feeder2_71,0.054283897039351166,0.1277584847938403,0.05429867136895885,0.12781151435331434
510,8.5,feeder2_72,0.05406018706427941,0.12757877580496435,0.054074066277983154,0.12763158035170843
510,8.5,feeder2_73,0.0558563660071636,0.1345148497254484,0.05586987938268561,0.13457072376918147
510,8.5,feeder2_74,0.05396389318795774,0.13960482065258956,0.05398036894887309,0.1396598366226737
510,8.5,feeder2_77,0.05718561561102527,0.13948342856169052,0.057198442046507716,0.13954522350969678
510,8.5,feeder2_79,0.05867703722865037,0.13867969687936477,0.058691815860402854,0.1387428520196902
510,8.5,feeder2_81,0.059232849820946905,0.1475725437332875,0.059246981270695186,0.14763900661040835
510,8.5,feeder2_82,0.05707700708768765,0.14582449617407142,0.057092051315895405,0.14588865632848236
510,8.5,feeder2_116,0.06898807359261919,0.18595952374055025,0.06900755510908739,0.18604443826034625
510,8.5,feeder2_119,0.06900543961698045,0.18602742675197262,0.06902234023078244,0.18611028493821538
510,8.5,feeder2_120,0.07262107215338698,0.20015238219005405,0.07264158694465477,0.2002472542370088
510,8.5,feeder2_248,0.07266344069332027,0.2002725894994092,0.07268215104504133,0.2003666751057617
510,8.5,feeder2_124,0.07485279853316824,0.20883660376340923,0.07487461902288228,0.2089331656016544
510,8.5,feeder2_282,0.06050400883336249,0.19935721789610816,0.060519740007409194,0.19946014592056893
510,8.5,feeder2_275,0.07419134064115226,0.21210500194782633,0.07421082884040198,0.21220110994255437
510,8.5,feeder2_151,0.08049728538370093,0.228497096297753,0.08051517980493139,0.2285986887570763
510,8.5,feeder2_295,0.08784274367839734,0.2251699270263071,0.08786183696827223,0.22526618730135448
510,8.5,feeder2_311,0.08056934638697587,0.22846637246163953,0.08058932880504796,0.22856863041987846
510,8.5,feeder2_201,0.08916505551466279,0.26540163876868095,0.0891887484137816,0.2655232784037122
510,8.5,feeder2_314,0.08908126364617477,0.2653414756446754,0.0891024841328206,0.26545991128813845
510,8.5,feeder2_342,0.10164315526307167,0.3181718184896418,0.10167167917795182,0.31831425371631383
510,8.5,feeder2_368,0.1039369269349174,0.32889741982398374,0.10396372741642429,0.3290397851881243
510,8.5,feeder2_347,0.10387489104541382,0.32418022472016517,0.10390307996618908,0.32433294057353856
510,8.5,feeder2_353,0.10500165782347082,0.3272106345755103,0.10502934861614402,0.3273668976577724
510,8.5,feeder2_518,0.10379376284104724,0.32412347692223503,0.1038207057530065,0.32427412024461055
510,8.5,feeder2_365,0.10624797696872909,0.3305229732733927,0.10627586796582812,0.33068153357131247
510,8.5,feeder2_653,0.10503892119149488,0.3273152412419401,0.10506627766318384,0.32746959226099226
510,8.5,feeder2_377,0.1068512735693745,0.3327320957804395,0.10687729796760306,0.33289594220789864
510,8.5,feeder2_622,0.10805338050377382,0.3288540481346565,0.10807955330662179,0.32901285258769764
510,8.5,feeder2_451,0.10384476841005326,0.3288322871684525,0.10387132227986647,0.3289751780263902
510,8.5,feeder2_383,0.10781666761290223,0.34631079265690407,0.10784609652469432,0.34645500539650587
510,8.5,feeder2_385,0.10739412659989808,0.3365552548857011,0.10742157621511485,0.33672408891603683
510,8.5,feeder2_621,0.11428210770364443,0.3283166683895727,0.11430555530918464,0.32847576742165996
510,8.5,feeder2_611,0.1078607612617604,0.3464029939390413,0.10788523678347184,0.3465443537501771
510,8.5,feeder2_405,0.10806393853779056,0.3473948618173167,0.10809167247913475,0.34753770329099704
510,8.5,feeder2_461,0.10958479065011374,0.3525977153077031,0.1096131100700658,0.35278471095055236
510,8.5,feeder2_594,0.10742548989443709,0.33663484638534025,0.10745201004993897,0.33680255702304257
510,8.5,feeder2_732,0.10664311379462729,0.3496676464576459,0.10667189637411806,0.3498053194869515
510,8.5,feeder2_417,0.10997435287802487,0.355029603802241,0.11000125067180183,0.3551696372294364
510,8.5,feeder2_663,0.11253686029292183,0.35242196663835557,0.11256348760634131,0.3525648106860557
510,8.5,feeder2_444,0.11123610973438587,0.3616199298766283,0.11126492586348476,0.36176294277084925
510,8.5,feeder2_759,0.1102353972893129,0.3620578794550608,0.11026326594651646,0.36220021512689426
510,8.5,feeder2_842,0.11128558583970292,0.36158439798187364,0.1113156466819776,0.36172834084975547
510,8.5,feeder2_459,0.11170704463054253,0.363909530519291,0.11173545125227227,0.36404666103510336
510,8.5,feeder2_702,0.10981390878416356,0.3626269708508688,0.10984015538991669,0.36277011606344267
510,8.5,feeder2_493,0.11371522749257382,0.3731566318734186,0.11374167665391471,0.37329649457423364
510,8.5,feeder2_651,0.10961596817428576,0.35257527304626907,0.10964553817428395,0.3527626726533655
510,8.5,feeder2_684,0.1113775373289655,0.36637558900276995,0.11140493099150305,0.3665757035364553
510,8.5,feeder2_674,0.11625472368493175,0.3798495584825444,0.11628181454188512,0.3799930121559532
510,8.5,feeder2_696,0.11432637535695514,0.37070699260592715,0.11435523408679166,0.37084963806148624
510,8.5,feeder2_681,0.12450942501400182,0.3963117707039295,0.12454088009555005,0.3964557963884328
510,8.5,feeder2_682,0.11608906859207732,0.3826569889136569,0.116122062095914,0.3827973510865439
510,8.5,feeder2_728,0.1124081357836553,0.37158633368231936,0.11243603088751236,0.3717883704484184
510,8.5,feeder2_724,0.11101366694310096,0.3689949101510103,0.11104346632437274,0.3692115419650072
510,8.5,feeder2_703,0.11697930563641748,0.3680186570766674,0.11700518890826281,0.368155991375292
510,8.5,feeder2_704,0.1147071597450287,0.37043212124648717,0.11473397205478308,0.3705742645360125
510,8.5,feeder2_754,0.11092577339213831,0.36894519923711355,0.11095824208820816,0.36916220087546636
510,8.5,feeder2_747,0.11087547809039784,0.37022513271709717,0.11090496169882313,0.3704465436530339
510,8.5,feeder2_828,0.11439040153832303,0.3771408591137121,0.11442154486088428,0.37734096152650604
510,8.5,feeder2_763,0.11250200825354643,0.37104199411749145,0.11253037108412704,0.37124398771756145
510,8.5,feeder2_836,0.11093738004332562,0.3701721021627248,0.11096794373742667,0.3703953455450658
510,8.5,feeder2_758,0.11075595687720764,0.3713628332727718,0.11078891011088866,0.37159309011323644
510,8.5,feeder2_788,0.11069846899988828,0.3713327990969271,0.1107291799839748,0.37156379934219663
510,8.5,feeder2_812,0.11040558534090938,0.3752477943494511,0.11043920735753945,0.3754928535205511
510,8.5,feeder2_947,0.11232099144818274,0.3709339993658317,0.11235477761371185,0.3711400890464655
510,8.5,feeder2_868,0.11186709206840728,0.37103162224201713,0.1118972144679973,0.37123371119465787
510,8.5,feeder2_785,0.11272290925307644,0.3708011543827634,0.11275552341441146,0.37100754916038164
510,8.5,feeder2_1176,0.11633414726728158,0.3670570029699323,0.11636716169522555,0.36726266918949374
510,8.5,feeder2_846,0.11259098834484117,0.371732640002223,0.11262201509248267,0.3719398283177866
510,8.5,feeder2_911,0.11269552992306692,0.3707356309152659,0.11272639837750736,0.37094035814730075
510,8.5,feeder2_1107,0.11046018188475874,0.37995721172967617,0.11049264789123323,0.38020069175137855
510,8.5,feeder2_920,0.11029312475485295,0.3751283711145682,0.11032441279378849,0.37537729332785114
510,8.5,feeder2_926,0.11011905603981348,0.37498538077874316,0.11015542496065249,0.375245782259339
510,8.5,feeder2_1239,0.11030164623191215,0.37517904799664226,0.11033355817044055,0.3754327938465619
510,8.5,feeder2_933,0.11014960734889657,0.3746820482679454,0.11018378473992693,0.37494305470590117
510,8.5,feeder2_1146,0.1096133743150719,0.37624985399111543,0.10964612050628385,0.376511046472745
510,8.5,feeder2_1124,0.11018148872144967,0.37465161576434397,0.11021635208563388,0.37491355342979904
510,8.5,feeder2_942,0.11022609834990267,0.37398966532529554,0.11026016453743834,0.37425883234951257
510,8.5,feeder2_952,0.11028786570483892,0.3725185784682465,0.11032015501195595,0.3727937726542088
510,8.5,feeder2_965,0.11023282318799511,0.374063715941536,0.11026663587188365,0.37433306517025766
510,8.5,feeder2_961,0.11038515675712364,0.3722767598983467,0.11041932160589106,0.37255442952763534
510,8.5,feeder2_963,0.1102684367779283,0.37253795881422586,0.11030132523726947,0.37281626899429116
510,8.5,feeder2_973,0.11082677611839946,0.36990104469924806,0.11086215299623513,0.3701858389663548
510,8.5,feeder2_1128,0.11051813663629233,0.3741828370289743,0.11055529971186746,0.3744643621854947
510,8.5,feeder2_1113,0.10975887324272812,0.3732191350413462,0.10979080317505784,0.37349920806955617
510,8.5,feeder2_1143,0.10956013925645704,0.37216781126599807,0.10959665703936296,0.3724489053524251
510,8.5,feeder2_1238,0.10898130858950546,0.37349677706599416,0.10901845958924954,0.37377061178153154
510,8.5,feeder2_979,0.11026230627035757,0.374216389899463,0.11029790205586162,0.3744880888341848
510,8.5,feeder2_1236,0.11148571193268485,0.3664326859595121,0.11151867431641806,0.3667247818343091
510,8.5,feeder2_989,0.11082679777588508,0.369900631778732,0.11086215299623513,0.3701858389663548
510,8.5,feeder2_1196,0.11061558292302022,0.37486230356954947,0.1106495485741611,0.3751320528815007
510,8.5,feeder2_1158,0.11088509966040538,0.36984192415971634,0.11092087059648428,0.3701272954620032
510,8.5,feeder2_1122,0.11047784517477519,0.38190618594222403,0.11050937991241715,0.3821515368621798
510,8.5,feeder2_1258,0.11064818258568207,0.37978751808446515,0.11068094028488357,0.3800348569514293
510,8.5,feeder2_1303,0.10996931707644289,0.38162881032902746,0.11000200162416506,0.38187640677080037
510,8.5,feeder2_1138,0.11052682150636108,0.3835555097259837,0.11056029837049669,0.38380319026155746
510,8.5,feeder2_1304,0.11054364620872456,0.38360335271459395,0.11057810679335042,0.38385069003080885
510,8.5,feeder2_1212,0.11062411520698036,0.3870061644826107,0.11065609558542557,0.387250095696087
510,8.5,feeder2_1311,0.10994008598913996,0.387702542039171,0.10997334055419426,0.3879521750430238
510,8.5,feeder2_1290,0.11096923032098138,0.3908032646356269,0.11099832590044999,0.39104693044907207
510,8.5,feeder2_1325,0.1117736799846035,0.36505822137613225,0.1118114076360936,0.36536856093278763
510,8.5,feeder2_1248,0.11150052246244598,0.36641719611242746,0.1115336722253146,0.3667098110039542
510,8.5,feeder2_1249,0.10863999052463695,0.3733427512599322,0.10867352360483266,0.3736080748495472
510,8.5,feeder2_1250,0.10892459193469553,0.37347129907739024,0.10895986510735804,0.3737426443683452
510,8.5,feeder2_1366,0.11525707327311406,0.36248697575159405,0.11529196470477987,0.36278312147289876
510,8.5,feeder2_1266,0.11080268743962533,0.37964899691870746,0.11083515150099174,0.37989932906822477
510,8.5,feeder2_1372,0.11091701803232681,0.39077616452294117,0.11095022289066285,0.3910208739517594
510,8.5,feeder2_1363,0.11135467662077438,0.3949257232182951,0.11138907012983733,0.39517277841143145
510,8.5,feeder2_1446,0.11115794443226314,0.3659212219606361,0.1111942424807519,0.36622864139340433
510,8.5,feeder2_1502,0.11244062439800566,0.3626206111578998,0.11247704682032778,0.36294142539316093
510,8.5,feeder2_1428,0.11182794976500514,0.39628599381833923,0.11186163640809206,0.3965326550173511
510,8.5,feeder2_1380,0.11146777047086431,0.3977581335152954,0.1115013361572783,0.3980006894430845
510,8.5,feeder2_1550,0.11097740653249193,0.3982784565114832,0.11100937889703015,0.3985260789964623
510,8.5,feeder2_1386,0.11162298920972132,0.3989304710099023,0.11165515756601001,0.39917215942655143
510,8.5,feeder2_1551,0.11166963851634967,0.39905140667774325,0.11170327294706969,0.39929872710809977
510,8.5,feeder2_1400,0.11169204589355837,0.3994615050498358,0.11172302864844164,0.39970394422802064
510,8.5,feeder2_1552,0.11174762390743402,0.3996089877566964,0.11177847758830839,0.3998503241715102
510,8.5,feeder2_1408,0.11182230764527992,0.4004888552891323,0.11185527915737528,0.4007332157195819
510,8.5,feeder2_1553,0.11099904097818775,0.401449020327014,0.11103368717686785,0.40169701903805705
510,8.5,feeder2_1416,0.11189089913925994,0.40078363783551274,0.11192422606185676,0.40102947134451034
510,8.5,feeder2_1530,0.11113194111049941,0.4015260699827585,0.111162341174729,0.401767080017228
510,8.5,feeder2_1425,0.11218003124356199,0.40103508551010564,0.11221098916663538,0.40127769113745043
510,8.5,feeder2_1589,0.1118378686049485,0.40374717310073927,0.11187257015983791,0.40399014332878136
510,8.5,feeder2_1435,0.11221338207435388,0.40081466629124896,0.11224924539071646,0.4010571855850836
510,8.5,feeder2_1621,0.11491220861906426,0.39820252938731354,0.1149439642068337,0.39844853620969584
510,8.5,feeder2_1564,0.11223690973064057,0.40095058292387237,0.11226838370123712,0.4011922333339992
510,8.5,feeder2_1704,0.11246991101377016,0.3625899551510761,0.11250843549371964,0.36291259613623766
510,8.5,feeder2_1525,0.11261162311358842,0.3620129436578698,0.11264729143822719,0.36234006869442903
510,8.5,feeder2_1716,0.11273663787543384,0.36188170088953425,0.11276929639523563,0.36220160054057754
510,8.5,feeder2_1537,0.11280210026291329,0.3613555972723208,0.1128428712937811,0.36168441672916163
510,8.5,feeder2_1645,0.11296921268529363,0.36189747184919824,0.1130107940567462,0.36222949061427906
510,8.5,feeder2_1561,0.11296959740916758,0.3603107462022393,0.11300954818818476,0.3606459456217278
510,8.5,feeder2_1657,0.1129132384417669,0.3602881299145351,0.11295216379351423,0.3606258054563031
510,8.5,feeder2_1570,0.11304463382758344,0.35986877629867314,0.1130841273446754,0.3602015242051267
510,8.5,feeder2_1756,0.11181774075019629,0.361515061841911,0.1118537847193242,0.36184595737589026
510,8.5,feeder2_1588,0.11314738615322958,0.35936648553847317,0.11318440350531941,0.3597003419376708
510,8.5,feeder2_1628,0.11309670975707609,0.3593470841760154,0.1131335478996142,0.359680915432147
510,8.5,feeder2_1598,0.11328012722478507,0.3587398214977564,0.11331924588796119,0.35907881019680477
510,8.5,feeder2_1816,0.11344810160443568,0.35856103870951694,0.11348741317291254,0.35890307730341087
510,8.5,feeder2_1765,0.11339796254705498,0.3586143349208327,0.11343649562663355,0.35895447819486875
510,8.5,feeder2_1641,0.11392638113836874,0.35578082966537655,0.11396589425448687,0.3561347180357946
510,8.5,feeder2_1689,0.11456319825475918,0.3535059334747509,0.11460403666581534,0.3538686599419488
510,8.5,feeder2_1744,0.11364914911834195,0.35566581098440153,0.11369039691985455,0.35601410344775775
510,8.5,feeder2_1817,0.11457808304138783,0.3535951787902438,0.1146151997135515,0.35395140432528815
510,8.5,feeder2_1779,0.11523553667852267,0.35280570581832593,0.11527941281394398,0.3531695733623655
510,8.5,feeder2_1800,0.11458270472920443,0.35356236268850505,0.11462538669148223,0.35392519118613386
510,8.5,feeder2_1818,0.11864482600550408,0.34877779115821933,0.11868239582964579,0.3491505717445464
510,8.5,feeder2_1753,0.11292356984481948,0.35536021363358683,0.11296381755292687,0.3557120211365751
510,8.5,feeder2_1754,0.11361519867505837,0.35565293526907527,0.11365757616816627,0.3560071403898924
540,9.0,secondary,0.01624133779126414,0.007916200291587246,0.01622993067260809,0.007902815039974202
540,9.0,feeder2_44,0.030236534834222655,0.04130341808293136,0.030221711726319447,0.041242018199523334
540,9.0,feeder2_45,0.030814516468304885,0.04239253619433006,0.030795845960917986,0.04232837697110468
540,9.0,feeder2_46,0.02871013009438962,0.044020803007142416,0.028696955688391916,0.04395990405867925
540,9.0,feeder2_51,0.031815252408516244,0.04426137332512363,0.031803587820949,0.044195305262019216
540,9.0,feeder2_48,0.03091327601833512,0.04257804336203156,0.03090027286683143,0.04251698238151225
540,9.0,feeder2_52,0.03498502374014726,0.041122049491031855,0.03496900649671901,0.04105385696004149
540,9.0,feeder2_68,0.03444209009626635,0.050802025477059164,0.03442583797392589,0.05072624289773384
540,9.0,feeder2_69,0.011983287254198099,0.07102303981908473,0.012002482011635852,0.07095226143905804
540,9.0,feeder2_71,0.03525234884750729,0.05207024090433493,0.035234310177551444,0.05199788833381734
540,9.0,feeder2_72,0.08373060175358116,0.11528535793354176,0.08371237018069562,0.11522005498806408
540,9.0,feeder2_73,0.0363716748322207,0.04909222778090465,0.0363573826231526,0.049018602333726624
540,9.0,feeder2_74,0.03714120478768152,0.04794740081056599,0.037121093026581196,0.04787105221102814
540,9.0,feeder2_77,0.037362508957844716,0.047287776828175365,0.03734369812640571,0.04720957188814803
540,9.0,feeder2_79,0.023428238381936507,0.04524015394088783,0.023411961995996527,0.045151875167490224
540,9.0,feeder2_81,0.04006338995993631,0.049109672599649316,0.040045625481226116,0.04904476636981562
540,9.0,feeder2_82,0.04009193041320762,0.049178408891407475,0.04007147965019561,0.049116078230534314
540,9.0,feeder2_116,0.05303553919008585,0.08800847453922409,0.05302382328898513,0.08799898726564455
540,9.0,feeder2_119,0.05308070416368813,0.08802873203012915,0.05306124163417423,0.0880261756067156
540,9.0,feeder2_120,0.05807036319521924,0.10772081002048664,0.0580535709172173,0.1077266970770989
540,9.0,feeder2_248,0.05997061161605384,0.10675058900079384,0.05995784507101649,0.10675420474012381
540,9.0,feeder2_124,0.061047119185551564,0.1206347818150845,0.06102733541648558,0.12065128448740046
540,9.0,feeder2_282,0.06140555176957014,0.12315134796639668,0.06139555438608853,0.1231559514528124
540,9.0,feeder2_275,0.07318306258353209,0.1282912212084513,0.07317529419452182,0.12831339886427076
540,9.0,feeder2_151,0.06528964249772125,0.13664015601036286,0.06527438006019225,0.13665307132775173
540,9.0,feeder2_295,0.06311898141857955,0.1341389230255609,0.06310398465824818,0.13415375289841835
540,9.0,feeder2_311,0.06518064640556087,0.13652181055643933,0.06516550681483223,0.13653447339948427
540,9.0,feeder2_201,0.07317512404536283,0.167236489935923,0.07316264881627399,0.1672501981323833
540,9.0,feeder2_314,0.07170061014340329,0.1695147931909557,0.07168216473586397,0.1695319197724004
540,9.0,feeder2_342,0.08460373126755015,0.20601934242584566,0.08458944197375344,0.20603956246148572
540,9.0,feeder2_368,0.08460408239080476,0.2074051912964795,0.0845873438507255,0.20742548744476988
540,9.0,feeder2_347,0.09038634518216147,0.22251095637786847,0.09037340384415217,0.22252283849970822
540,9.0,feeder2_353,0.0932573131533084,0.23072290028801778,0.09324255712976169,0.2307340993338536
540,9.0,feeder2_518,0.09040583816008471,0.2225520266641819,0.09038523111156849,0.2225709788476968
540,9.0,feeder2_365,0.09640949025040668,0.23955962809952108,0.09638748734778353,0.23957666599841543
540,9.0,feeder2_653,0.09394337647112064,0.2312018668645647,0.09392354295643725,0.23121788902977417
540,9.0,feeder2_377,0.09812324099467123,0.24437696706243128,0.09810915554467302,0.24438794875406067
540,9.0,feeder2_622,0.09637493361677665,0.23952154891314936,0.09635272431409947,0.23953984274133053
540,9.0,feeder2_451,0.08462602987892495,0.20744846116505128,0.08461051084484031,0.20746750279158171
540,9.0,feeder2_383,0.08460188164937299,0.20970054446788822,0.08458636972779099,0.20972572000908402
540,9.0,feeder2_385,0.10028728851205748,0.25084321778693036,0.10027037768814795,0.25085421887849635
540,9.0,feeder2_621,0.09585785753996862,0.241737100258472,0.09584128239041088,0.24174608765958183
540,9.0,feeder2_611,0.08526617048424862,0.21021315102369154,0.08524645462301764,0.2102435599242162
540,9.0,feeder2_405,0.08459556412684208,0.20981731401400616,0.08457946422982178,0.20984314714890787
540,9.0,feeder2_461,0.10861086062977214,0.2780492531003993,0.1085941444312307,0.2780555995991007
540,9.0,feeder2_594,0.10151193992167282,0.25024715533004266,0.10149877994212579,0.2502538059508386
540,9.0,feeder2_732,0.08643194602851481,0.2091024991942097,0.08641166893196069,0.20913335541994446
540,9.0,feeder2_417,0.08443186673005025,0.21082671387112487,0.08441260108186598,0.21085355519231608
540,9.0,feeder2_663,0.08434435468414363,0.21073035129082718,0.08432433494427152,0.21076098148499262
540,9.0,feeder2_444,0.08431655076186066,0.21163003658722182,0.08430384180956091,0.21165341282336408
540,9.0,feeder2_759,0.08264227429869632,0.21413266381056112,0.08262631974475189,0.21415893016581297
540,9.0,feeder2_842,0.08422996378303568,0.21153295164433802,0.08421597841866219,0.21155920603920744
540,9.0,feeder2_459,0.08429695254405066,0.21176158081207017,0.08428626608149523,0.21178710244931376
540,9.0,feeder2_702,0.08233476683256181,0.21563103361444078,0.0823206373478752,0.2156581176373876
540,9.0,feeder2_493,0.08431957765098,0.21080785086971224,0.08430097051525122,0.21083785229000154
540,9.0,feeder2_651,0.1082838799613367,0.2773983715195842,0.10826604922268611,0.2773994751761615
540,9.0,feeder2_684,0.11559959186618048,0.30111502949993985,0.11557587335681026,0.30112139707589813
540,9.0,feeder2_674,0.08621862948976634,0.2116281776880808,0.0862013579026011,0.21166244236651022
540,9.0,feeder2_696,0.08254157631636513,0.20379412189193727,0.08252583722733432,0.20382219750007058
540,9.0,feeder2_681,0.09100018724295357,0.21360032642546373,0.09098540913474099,0.21363778217878912
540,9.0,feeder2_682,0.08690642898861373,0.21217566876231336,0.08689377649385242,0.21220322793533591
540,9.0,feeder2_728,0.11757222007422027,0.30794463954676277,0.11754770642974023,0.30795135942807805
540,9.0,feeder2_724,0.11939202030507572,0.30907004310723135,0.11936875886662138,0.3090686123419051
540,9.0,feeder2_703,0.08181788097779016,0.20297810776165365,0.08180297149088747,0.2030075353483389
540,9.0,feeder2_704,0.08093818252979788,0.20147857307015823,0.08092174917238522,0.20151129434046045
540,9.0,feeder2_754,0.11941466492512173,0.30912225694589696,0.11939265225037685,0.3091173717901985
540,9.0,feeder2_747,0.12093673459362855,0.31234798985318835,0.12091439504893918,0.31234065788479376
540,9.0,feeder2_828,0.11864976653042064,0.3083252563697866,0.11862599283715407,0.30833366890207126
540,9.0,feeder2_763,0.12014714858409967,0.31732244904959167,0.12013009795023215,0.3173257270770063
540,9.0,feeder2_836,0.12083780353089452,0.31224064683782193,0.1208211325253318,0.3122296927480112
540,9.0,feeder2_758,0.12227695712529706,0.31523973776949665,0.12225229833139285,0.315230762404053
540,9.0,feeder2_788,0.1213479752549378,0.3166839400346609,0.12132501069726193,0.3166752429515835
540,9.0,feeder2_812,0.12648635009744427,0.32242078004464036,0.12646651513275736,0.3224030280909104
540,9.0,feeder2_947,0.12019287964247066,0.31742373529463824,0.1201761351750454,0.3174258061542918
540,9.0,feeder2_868,0.12122516707068307,0.32251251467616343,0.1212044453643076,0.3225097062423574
540,9.0,feeder2_785,0.1210334651871189,0.31972432745221996,0.12101650765852516,0.31973065029888925
540,9.0,feeder2_1176,0.12083340170510057,0.3195060110675715,0.12081340289862691,0.31951234819808394
540,9.0,feeder2_846,0.12896508493792744,0.32348105227435453,0.12894690365556494,0.3234933428479882
540,9.0,feeder2_911,0.12104866606478112,0.31977115795940614,0.12103354102893413,0.3197762887732685
540,9.0,feeder2_1107,0.13100007691441365,0.33779100882646923,0.1309797424102997,0.3377696670432101
540,9.0,feeder2_920,0.12642574736253862,0.32022354450121177,0.12640794638415678,0.3202007198598601
540,9.0,feeder2_926,0.12621032613634975,0.31727315979023996,0.12619100709952463,0.3172477027026153
540,9.0,feeder2_1239,0.12657501403514876,0.3198663376762989,0.1265539125737642,0.31984755825053873
540,9.0,feeder2_933,0.12611175120428883,0.31596341392517524,0.12608945581408715,0.3159384833837189
540,9.0,feeder2_1146,0.12622752469467582,0.3173336280737083,0.12620277811013808,0.31731198626790164
540,9.0,feeder2_1124,0.1260588568314488,0.31590671412410243,0.12603554301482978,0.31588329747298516
540,9.0,feeder2_942,0.12587405276075062,0.31272617298871763,0.125851330901747,0.3126985373251614
540,9.0,feeder2_952,0.12498863209439144,0.3090321112733269,0.1249625713784479,0.30899807505884397
540,9.0,feeder2_965,0.12594382480189564,0.31259880129913503,0.125919602303467,0.31256931505262664
540,9.0,feeder2_961,0.1248953613352814,0.3085369953341667,0.12487025187525891,0.30849966882356455
540,9.0,feeder2_963,0.12498817303646483,0.30905463493932767,0.12496672313048822,0.30901467022048684
540,9.0,feeder2_973,0.12437681990594321,0.305761083569334,0.12434926795036674,0.3057197865176532
540,9.0,feeder2_1128,0.12493594038975443,0.3088439899229979,0.12491549828278191,0.3088055106463157
540,9.0,feeder2_1113,0.12500026425024136,0.30908563906654907,0.12498179044002095,0.3090463684306041
540,9.0,feeder2_1143,0.12493474388434042,0.31054320390976875,0.12491577654662404,0.3105032541970427
540,9.0,feeder2_1238,0.12613292036170895,0.3131905336128825,0.12611244265330201,0.31315866341306736
540,9.0,feeder2_979,0.12602459019788395,0.3123893157182743,0.1259992044076874,0.31236250379696145
540,9.0,feeder2_1236,0.12378776271803117,0.3022711505955696,0.12376756319302093,0.30222000979613933
540,9.0,feeder2_989,0.12437516242167568,0.30575598682393923,0.12435220364374353,0.3057118342506848
540,9.0,feeder2_1196,0.12759022537618234,0.31139830619844405,0.12756782758798574,0.31136947271451615
540,9.0,feeder2_1158,0.12398950470250461,0.3052317572449227,0.12396961277524367,0.30518657615743106
540,9.0,feeder2_1122,0.1328142792455693,0.3440197849126529,0.13279032888405,0.3439978573284858
540,9.0,feeder2_1258,0.13072531217459876,0.3374952110227673,0.13070106684185526,0.33747610253199317
540,9.0,feeder2_1303,0.13290807023554202,0.3443106830922476,0.13288801725999394,0.34428713868745214
540,9.0,feeder2_1138,0.13422461686145085,0.3488380338178058,0.13420255999340744,0.34881589721420436
540,9.0,feeder2_1304,0.13425739826269983,0.3488548487414564,0.13423691170887925,0.3488308377158928
540,9.0,feeder2_1212,0.1372143034809197,0.35901765315469686,0.1371881870270035,0.3589977553134835
540,9.0,feeder2_1311,0.13631760137547563,0.36054546874499965,0.136293593545423,0.3605230988326052
540,9.0,feeder2_1290,0.14095400638400973,0.37033305726934934,0.14092971040968238,0.37031092168162894
540,9.0,feeder2_1325,0.12340228633717412,0.2992228817838339,0.12338023369581272,0.29916344738196543
540,9.0,feeder2_1248,0.12378177841561458,0.30226426863045236,0.12376035946457095,0.3022121293685302
540,9.0,feeder2_1249,0.12613941031506917,0.31320838938519946,0.1261134957549953,0.31317932686631705
540,9.0,feeder2_1250,0.1262529251694361,0.31356311526615566,0.1262243784475983,0.3135376537290919
540,9.0,feeder2_1366,0.12277344787125907,0.30104905335877835,0.12274749512002174,0.30099824620264837
540,9.0,feeder2_1266,0.13050677140373765,0.33725946126812895,0.13048470891104846,0.3372379606037524
540,9.0,feeder2_1372,0.1434394064240395,0.37710801523562876,0.1434106032095286,0.3770819060684742
540,9.0,feeder2_1363,0.14293189581230978,0.3741188629450436,0.14291019488343945,0.3741005339018884
540,9.0,feeder2_1446,0.12281232837137294,0.3001447250306382,0.1227860407437172,0.30008888456065264
540,9.0,feeder2_1502,0.12302172448534279,0.2947291177686084,0.12299995729572463,0.2946605374866613
540,9.0,feeder2_1428,0.14908665751787437,0.37429882646155455,0.14906556521411432,0.3742857392219895
540,9.0,feeder2_1380,0.1439750098229819,0.3777164823770985,0.14394462591567986,0.37770561065947766
540,9.0,feeder2_1550,0.1422943767863998,0.38133605453999586,0.1422666819534401,0.38132395492340815
540,9.0,feeder2_1386,0.14447888355422872,0.3776769956622732,0.1444512655371818,0.37766722058451146
540,9.0,feeder2_1551,0.14739274942122446,0.37598613050101126,0.14737229248981915,0.37597025591054617
540,9.0,feeder2_1400,0.14457811490903894,0.37799803049087793,0.1445555130690678,0.3779831405053953
540,9.0,feeder2_1552,0.1464293369954361,0.3769793850480861,0.1464026155026666,0.3769705981415766
540,9.0,feeder2_1408,0.14458881660373107,0.3791141087289375,0.14456137733886631,0.3791047211679029
540,9.0,feeder2_1553,0.14467408160067147,0.37917147806824425,0.1446478182749223,0.37915708363146516
540,9.0,feeder2_1416,0.14459331227866262,0.3796815925166734,0.1445671554955067,0.37966928490929747
540,9.0,feeder2_1530,0.14407148601653144,0.3825092498190827,0.14405010535249793,0.3824925069320579
540,9.0,feeder2_1425,0.1444858838785707,0.37934964414437855,0.1444573379724851,0.37933592920755504
540,9.0,feeder2_1589,0.14453930833464704,0.379376650660424,0.1445108863151999,0.37936334470411637
540,9.0,feeder2_1435,0.14446384871733017,0.3792797073601735,0.14443698846076108,0.3792656185497636
540,9.0,feeder2_1621,0.14394828014088126,0.3785974252698289,0.143920952449232,0.37858453194177194
540,9.0,feeder2_1564,0.14446928701611733,0.37934823093906833,0.1444446799986092,0.37933261357069487
540,9.0,feeder2_1704,0.12272524071526954,0.2943638037876836,0.12270628622015951,0.2942903641937955
540,9.0,feeder2_1525,0.12298958106438793,0.2937702698675076,0.12296798350503549,0.29369939700340514
540,9.0,feeder2_1716,0.11998018775960406,0.29049830077243083,0.11995986933881417,0.29041996128840347
540,9.0,feeder2_1537,0.12308277112281026,0.2932403550079357,0.12305642834697707,0.2931687065744856
540,9.0,feeder2_1645,0.12370376262527173,0.2934046887904637,0.12367949598850386,0.2933297449893757
540,9.0,feeder2_1561,0.12315424652006737,0.2925176220664233,0.12313123301380419,0.29244005553337893
540,9.0,feeder2_1657,0.12328319413741004,0.2929408314092713,0.12325828790414953,0.29286028489555965
540,9.0,feeder2_1570,0.12316434618395433,0.2921160329876555,0.12313691344515905,0.2920410579078359
540,9.0,feeder2_1756,0.12131100876853804,0.2949854462117342,0.1212857680130568,0.29490782571603463
540,9.0,feeder2_1588,0.12318173754464895,0.2915564375617598,0.12315929902754924,0.29147435993109244
540,9.0,feeder2_1628,0.12265590041901067,0.2923518001719753,0.12262886152534927,0.2922725987301653
540,9.0,feeder2_1598,0.12321433762788503,0.29061937787510767,0.12319190612676391,0.2905359389954232
540,9.0,feeder2_1816,0.12193316857523201,0.28926903114128105,0.12191005702568976,0.2891864872281876
540,9.0,feeder2_1765,0.12302963661344046,0.29042449739982046,0.12300192536728463,0.2903443828552077
540,9.0,feeder2_1641,0.12348057599898196,0.28657355536930357,0.12345135849699317,0.28648757296639416
540,9.0,feeder2_1689,0.12365616439638227,0.282900476769693,0.12363400081117432,0.28280237028117067
540,9.0,feeder2_1744,0.12352254493432221,0.28676420075654924,0.12350288784340226,0.2866703190209229
540,9.0,feeder2_1817,0.12366160822409755,0.2829290365654457,0.12363614300232607,0.28283116275057985
540,9.0,feeder2_1779,0.1227518481767532,0.2819159397457323,0.12273111488500534,0.28181649410734216
540,9.0,feeder2_1800,0.12480984204467853,0.28203025481195554,0.12478053332701569,0.28193631210366166
540,9.0,feeder2_1818,0.12851901713912386,0.2778389570583126,0.12849603057961376,0.2777300294870942
540,9.0,feeder2_1753,0.12362218175414219,0.2872511071953869,0.12359357599698402,0.2871605831976294
540,9.0,feeder2_1754,0.12353037682851142,0.2867902662040524,0.12350498879295548,0.2866986438150856
570,9.5,secondary,0.03129853412391262,0.03002179194063529,0.03129248716121968,0.03001539143492397
570,9.5,feeder2_44,0.058284673840868474,0.15668448099899585,0.058276448581039156,0.15666471954236633
570,9.5,feeder2_45,0.05932181226159805,0.16167893156669283,0.05931447019051587,0.16165801922687306
570,9.5,feeder2_46,0.058944025927208384,0.15614958691649428,0.05894174229311599,0.15612294250780315
570,9.5,feeder2_51,0.06119219245415334,0.16987126510858605,0.061183238917323184,0.1698479566970258
570,9.5,feeder2_48,0.05651473907750441,0.16476809181224947,0.05650690140200043,0.16474482359258977
570,9.5,feeder2_52,0.061398283161419126,0.16990280172716005,0.06139323413332417,0.16988060485764755
570,9.5,feeder2_68,0.06647445384338124,0.1929777908283413,0.06646889478033723,0.19295098757128398
570,9.5,feeder2_69,0.047403484673280545,0.1485249983053577,0.04740865463792329,0.14849223187423155
570,9.5,feeder2_71,0.06770335252343038,0.19851073600497077,0.06769537622147935,0.19848671403253165
570,9.5,feeder2_72,0.0789803847680238,0.2567140757460924,0.07896966236710781,0.2566796071995738
570,9.5,feeder2_73,0.07106997400553246,0.2099715669101497,0.07105891634331596,0.20994838058665538
570,9.5,feeder2_74,0.09215413241249429,0.21437417404554146,0.09214963779637769,0.21434969080800426
570,9.5,feeder2_77,0.07343331395267544,0.21912453161740442,0.07342577323429093,0.21909874800841328
570,9.5,feeder2_79,0.07204231800711863,0.21695047578780174,0.07203933072905692,0.21691796218929224
570,9.5,feeder2_81,0.07734973661456564,0.2346168377513682,0.07734262326125518,0.23459010781063708
570,9.5,feeder2_82,0.07555251438069963,0.23666234217557436,0.07554888503487173,0.23663180453666016
570,9.5,feeder2_116,0.09518177423706166,0.3035564633270272,0.09517788011415984,0.30352282847944023
570,9.5,feeder2_119,0.0986195077215314,0.30290135058113093,0.09861612639511133,0.3028681730497522
570,9.5,feeder2_120,0.10137739345845288,0.32964862709797776,0.10137230937033402,0.3296137650433115
570,9.5,feeder2_248,0.1080977805329798,0.3320992570132225,0.10809336094015681,0.33206854864225993
570,9.5,feeder2_124,0.10477409052649309,0.34452561203007714,0.10476810465994744,0.3444933608696409
570,9.5,feeder2_282,0.10429589165979693,0.3461954568861515,0.10429044929095742,0.3461601533301377
570,9.5,feeder2_275,0.11549304581042408,0.3483436877300854,0.11548179521108301,0.348315846606145
570,9.5,feeder2_151,0.10952123482392087,0.3665352570999333,0.10950903296141264,0.3664996960200477
570,9.5,feeder2_295,0.10828701406782215,0.3648500133817437,0.10828064441695089,0.36480904768655464
570,9.5,feeder2_311,0.10943195167713415,0.3664183708857119,0.10942057050748204,0.36638132644981125
570,9.5,feeder2_201,0.11804662749577248,0.40597493407745583,0.11803779873090642,0.405928716280131
570,9.5,feeder2_314,0.1161046913777133,0.4082471415584119,0.11609818026865079,0.40820210030472187
570,9.5,feeder2_342,0.13077311071444636,0.4573776927822296,0.13076381604726367,0.457323984506078
570,9.5,feeder2_368,0.13166113626104947,0.4597699087355772,0.1316517306298361,0.4597147740437476
570,9.5,feeder2_347,0.13606398070960576,0.47842828210793087,0.1360529547338554,0.47836728493448794
570,9.5,feeder2_353,0.13871358654282484,0.4890452702039573,0.1386977672156487,0.48898344711574987
570,9.5,feeder2_518,0.13606024611620093,0.47848536114102247,0.13605225516553512,0.4784221080881307
570,9.5,feeder2_365,0.14161963614875345,0.5008144677785714,0.14160431606270096,0.5007437351919848
570,9.5,feeder2_653,0.139370600107404,0.4892296075002962,0.13935575357074373,0.4891657877426414
570,9.5,feeder2_377,0.14320663492257074,0.5072692938272265,0.14319026430938955,0.5072010873798888
570,9.5,feeder2_622,0.14158931512789794,0.5007777512564353,0.14157325903390403,0.5007079129513934
570,9.5,feeder2_451,0.1316549173279051,0.4598306758999444,0.13164447122932654,0.45978010817705567
570,9.5,feeder2_383,0.13310302073744543,0.4637666992132592,0.13309179479773317,0.46371705052812096
570,9.5,feeder2_385,0.1451684741321287,0.5153523129988038,0.14515119936234586,0.5152811655914098
570,9.5,feeder2_621,0.14178888909107334,0.5055358196973664,0.14177638725956399,0.5054655100304868
570,9.5,feeder2_611,0.13519115609951476,0.46334288707681714,0.13518039538750234,0.46329388942250027
570,9.5,feeder2_405,0.13316245355003387,0.46403652058424877,0.13315066409596799,0.46398411112813004
570,9.5,feeder2_461,0.15223018758148957,0.5465121712741722,0.1522195349655018,0.5464242591692239
570,9.5,feeder2_594,0.14934919862277732,0.5163493517540675,0.14933382936233244,0.5162773305848303
570,9.5,feeder2_732,0.13330318923914233,0.4640938795600535,0.13329486405026353,0.46404384196072174
570,9.5,feeder2_417,0.1336045227468836,0.4660708793064557,0.13359908527185482,0.466017030743392
570,9.5,feeder2_663,0.1332958006448658,0.46566105222670007,0.1332828026274062,0.46561264650905826
570,9.5,feeder2_444,0.13397504800801857,0.4677650730975802,0.1339654204557276,0.467715222599648
570,9.5,feeder2_759,0.13395885609750588,0.46786886990221693,0.1339467637500878,0.4678240252897212
570,9.5,feeder2_842,0.132667101108526,0.4660372548828537,0.1326608328874917,0.46598628938449005
570,9.5,feeder2_459,0.13413074261689126,0.46845870197647066,0.1341170306096878,0.4684133188098897
570,9.5,feeder2_702,0.13110901494158772,0.47283187331778775,0.13109975361621853,0.47277916430024425
570,9.5,feeder2_493,0.13494225934395343,0.4694294016850802,0.1349307038920063,0.469384655220909
570,9.5,feeder2_651,0.1521862676938754,0.5464615899239378,0.15217509844034,0.5463754824989631
570,9.5,feeder2_684,0.15810553102589908,0.5728047699376706,0.1580884136691036,0.5727120625753178
570,9.5,feeder2_674,0.13789005470987126,0.4705140103839304,0.13787827431945487,0.4704700854114435
570,9.5,feeder2_696,0.13421712708264838,0.4664929149415597,0.13420832801939,0.46644599722019725
570,9.5,feeder2_681,0.13795252461063406,0.470543033697536,0.13794072489985446,0.47049805488241936
570,9.5,feeder2_682,0.15005616042439393,0.4751647004652873,0.15004444022283667,0.47512319609723863
570,9.5,feeder2_728,0.15836318260862634,0.574617322781205,0.1583482767137836,0.574524608604629
570,9.5,feeder2_724,0.16368967273669008,0.5963776107850034,0.16367474210820168,0.5962714180303937
570,9.5,feeder2_703,0.13360788923397132,0.46568584280469866,0.13359750813912863,0.46563835763936656
570,9.5,feeder2_704,0.13364397960530186,0.46563851799353345,0.1336322485533202,0.4655936326913895
570,9.5,feeder2_754,0.16258421023698894,0.5977720147228475,0.16257201226073267,0.5976673458080515
570,9.5,feeder2_747,0.16605280879839007,0.605508244886979,0.16603224852438833,0.605397606031057
570,9.5,feeder2_828,0.15912294972100052,0.5747331471517024,0.15911095722447416,0.5746359069389962
570,9.5,feeder2_763,0.15849581945284125,0.5770218376261581,0.15848247161306053,0.5769277234348573
570,9.5,feeder2_836,0.16579027706632585,0.6050377644452027,0.16577225437945872,0.6049265431361793
570,9.5,feeder2_758,0.16826014275743717,0.6138044332145224,0.168247311737941,0.6136893605040303
570,9.5,feeder2_788,0.1660633105363048,0.6164683890532444,0.16605101654583102,0.6163525493510954
570,9.5,feeder2_812,0.17540197012237418,0.6363293750722104,0.17538720547464876,0.6362042080859825
570,9.5,feeder2_947,0.15850579455854708,0.5771669791833762,0.15848779115734046,0.5770728117792304
570,9.5,feeder2_868,0.15788437359869648,0.578626229999237,0.15786995217879354,0.5785313830027294
570,9.5,feeder2_785,0.15859458890111258,0.577335801614605,0.158578017406209,0.5772431715085939
570,9.5,feeder2_1176,0.15756502490694538,0.5761735203298366,0.15755052585560173,0.5760788344648782
570,9.5,feeder2_846,0.16056849395557776,0.5768171357008325,0.1605541154976929,0.5767223124978836
570,9.5,feeder2_911,0.15832627951478329,0.5790322905640107,0.1583095413164031,0.5789407111612725
570,9.5,feeder2_1107,0.17833329074307522,0.6726859670021326,0.17831032990377857,0.6725603543450082
570,9.5,feeder2_920,0.17664801034068908,0.6327543212382145,0.17662664928226232,0.6326314591985085
570,9.5,feeder2_926,0.17851394392616868,0.6274356657118965,0.1784999745813414,0.6273038899564634
570,9.5,feeder2_1239,0.17665253216203627,0.6327623180740183,0.17663343916935884,0.6326370532909685
570,9.5,feeder2_933,0.1793419046862946,0.625068224095741,0.1793271051852442,0.62493280998705
570,9.5,feeder2_1146,0.17852794755210788,0.6275243000399408,0.17851030674986876,0.6273959296733199
570,9.5,feeder2_1124,0.17929232967103279,0.6250165638066164,0.17927653984828137,0.6248824442295599
570,9.5,feeder2_942,0.181461979232451,0.6191413577716781,0.18144353074058206,0.6190039606345584
570,9.5,feeder2_952,0.1840678980453658,0.6107826125972727,0.18405382017416275,0.6106390525728478
570,9.5,feeder2_965,0.18153465396973656,0.6190991877839456,0.1815168868466474,0.6189642671875545
570,9.5,feeder2_961,0.1843586357981117,0.6097819597547068,0.1843372144273155,0.6096396800828273
570,9.5,feeder2_963,0.1840665225392576,0.6108047560909511,0.18404672468711747,0.6106609460178257
570,9.5,feeder2_973,0.18525531367000195,0.6041689856839964,0.18523947594273937,0.6040185112326251
570,9.5,feeder2_1128,0.18549704728969463,0.6105330322565198,0.18547496930679233,0.610390990939866
570,9.5,feeder2_1113,0.1840693217530278,0.6108461045494461,0.18405227369261853,0.610702751510126
570,9.5,feeder2_1143,0.18395369302765358,0.6122334996088812,0.18393721800963733,0.6120896601500495
570,9.5,feeder2_1238,0.17986497064349938,0.6226712524641161,0.17984680496873087,0.6225343930240389
570,9.5,feeder2_979,0.18162919900371408,0.6187529035091283,0.18160732004386387,0.6186196506945064
570,9.5,feeder2_1236,0.1867068999994074,0.5965754097828064,0.18668493993849566,0.5964200275548448
570,9.5,feeder2_989,0.18525434911563293,0.6041648321004347,0.18523718546704313,0.6040162299110698
570,9.5,feeder2_1196,0.18327423060748557,0.6172154521059995,0.18325561587365244,0.6170795015261361
570,9.5,feeder2_1158,0.18478231959821811,0.6036742047964074,0.18476844512087554,0.6035237977307697
570,9.5,feeder2_1122,0.17994380863855217,0.6879730951167746,0.1799175454040402,0.6878462420680649
570,9.5,feeder2_1258,0.17712493168441032,0.671589900845832,0.1771068270021774,0.6714611059901143
570,9.5,feeder2_1303,0.17901405060734268,0.6910636845021135,0.17899308739301414,0.6909387557490071
570,9.5,feeder2_1138,0.18120004612915497,0.698953190532711,0.18118285734110717,0.6988253095967054
570,9.5,feeder2_1304,0.18369541608799927,0.6977402193302074,0.18367504392589293,0.6976152243389169
570,9.5,feeder2_1212,0.1835990573563078,0.7230511604152519,0.18357410201452093,0.722924427086057
570,9.5,feeder2_1311,0.18361901824545962,0.7231583715686075,0.18359747497786524,0.7230316435183426
570,9.5,feeder2_1290,0.18671753364576302,0.7528143539613742,0.1866942568117975,0.7526838385015859
570,9.5,feeder2_1325,0.18921501077736824,0.58895361398703,0.1891983720633399,0.5887843840637809
570,9.5,feeder2_1248,0.1866975660888415,0.5965658341596846,0.18667620641158184,0.5964114520966304
570,9.5,feeder2_1249,0.17986670521840903,0.6226950639299049,0.17984454383139994,0.6225586226624158
570,9.5,feeder2_1250,0.17871894016615175,0.6251172990405676,0.17869470883279814,0.6249809891555305
570,9.5,feeder2_1366,0.18562388752582226,0.5954652352034194,0.18560044205152731,0.5953108021574472
570,9.5,feeder2_1266,0.17611490110430167,0.670620840276158,0.17609535456503886,0.6704931924748205
570,9.5,feeder2_1372,0.1869133066155258,0.753385639918702,0.1868883435470807,0.7532554736842474
570,9.5,feeder2_1363,0.19010211209877015,0.7840645998145644,0.1900775955809535,0.7839355227428421
570,9.5,feeder2_1446,0.18921588606961023,0.5890204160671766,0.18919618901209892,0.5888500333963754
570,9.5,feeder2_1502,0.1920360896334073,0.5811449674517056,0.19201464277735392,0.580963087164112
570,9.5,feeder2_1428,0.19068708755932723,0.7839149246476154,0.19066099315842522,0.7837879042511813
570,9.5,feeder2_1380,0.19435061023310257,0.8222463384261821,0.19432918083922196,0.8221145563040031
570,9.5,feeder2_1550,0.19502730126463047,0.8236147328771823,0.19500705457765308,0.8234822207437169
570,9.5,feeder2_1386,0.19637371993716635,0.8402826587303878,0.19635236479165313,0.840150652932212
570,9.5,feeder2_1551,0.19929088940037445,0.837677573648899,0.19926401513012001,0.8375476787485789
570,9.5,feeder2_1400,0.197215404861537,0.8494302736494501,0.1971910113941008,0.8492987431982962
570,9.5,feeder2_1552,0.19780651645333835,0.849376710038848,0.19778255214336973,0.8492481236895463
570,9.5,feeder2_1408,0.19897844515459673,0.8683804560309221,0.19895787523871492,0.8682483978075294
570,9.5,feeder2_1553,0.19906201352934422,0.8683826649463289,0.19903428674094858,0.8682511059541596
570,9.5,feeder2_1416,0.19991941327396837,0.8782533383269456,0.19989031483098968,0.8781249735301218
570,9.5,feeder2_1530,0.2017008008851151,0.9150341942590545,0.20167007164076725,0.9149047528585172
570,9.5,feeder2_1425,0.19980836942910793,0.8781441526349902,0.1997875276608534,0.8780105010553081
570,9.5,feeder2_1589,0.19986046206461033,0.8781388554162057,0.19983974497692103,0.8780048011274265
570,9.5,feeder2_1435,0.19978564385204106,0.878122103131461,0.199757286403474,0.877991331976635
570,9.5,feeder2_1621,0.19922320026140675,0.8780137759239753,0.19920001795734332,0.8778802469377691
570,9.5,feeder2_1564,0.19979032094945612,0.8781352840984219,0.1997690623595243,0.8780040866601394
570,9.5,feeder2_1704,0.19195827457099135,0.5812539886481227,0.19194138932462734,0.5810718842090918
570,9.5,feeder2_1525,0.19286073547164065,0.5793175654422995,0.19284129364728544,0.5791319436184867
570,9.5,feeder2_1716,0.1917492937642298,0.5786298358827543,0.19173155024223867,0.5784453508869025
570,9.5,feeder2_1537,0.19390847608674916,0.577509696213182,0.19388703039101673,0.5773218693942977
570,9.5,feeder2_1645,0.1951028656322883,0.5767620483349322,0.19508248047959467,0.5765727350032065
570,9.5,feeder2_1561,0.19496844834607174,0.5758852377221622,0.19494921126110829,0.5756947949112102
570,9.5,feeder2_1657,0.194250824117382,0.5773000059034952,0.1942266369418881,0.5771119638670894
570,9.5,feeder2_1570,0.19542779726289078,0.5748579962437387,0.19540488750712645,0.5746654804255775
570,9.5,feeder2_1756,0.19542679606038135,0.5750761889766287,0.19540666703722495,0.5748831887574278
570,9.5,feeder2_1588,0.19585544759836002,0.5738960386864973,0.19583349896826063,0.5737018862307967
570,9.5,feeder2_1628,0.19585607774473393,0.5739459030542755,0.1958350663502081,0.5737515996389058
570,9.5,feeder2_1598,0.19639399723769185,0.5726826809920745,0.1963775512750505,0.5724849550668883
570,9.5,feeder2_1816,0.19315463911545724,0.5695667908855999,0.19313201933266572,0.5693734747170496
570,9.5,feeder2_1765,0.19622507057357944,0.5725193739096521,0.19620701852747385,0.5723214501732145
570,9.5,feeder2_1641,0.19930941847102704,0.56807099594708,0.1992912214759833,0.5678629328473991
570,9.5,feeder2_1689,0.20188680432508704,0.5610225120282797,0.20187033297280685,0.5608062712933454
570,9.5,feeder2_1744,0.19803010719236575,0.5701883646005664,0.1980059268573987,0.569983886137258
570,9.5,feeder2_1817,0.20189597746131283,0.5610166475600962,0.2018759971483529,0.5607998320570049
570,9.5,feeder2_1779,0.20093107421128958,0.5601017856642433,0.20091033530717628,0.5598854341766665
570,9.5,feeder2_1800,0.20337285825978696,0.5594026118171068,0.20334928403987693,0.5591862383125601
570,9.5,feeder2_1818,0.2294491360318035,0.551511007270648,0.22942574083904768,0.5512802002331613
570,9.5,feeder2_1753,0.19618195196259391,0.5746272818339715,0.19615835699161574,0.5744211560122335
570,9.5,feeder2_1754,0.1975606830436058,0.5706875063490685,0.1975369352516313,0.5704832642330883
600,10.0,secondary,0.07804880467493736,0.03453767394875872,0.0780512642477025,0.03454356592626355
600,10.0,feeder2_44,0.1453398619399855,0.18024804878726403,0.1453477531337645,0.1802868205958273
600,10.0,feeder2_45,0.14787133900280888,0.18590702918649754,0.14788202123111518,0.18594326147609222
600,10.0,feeder2_46,0.14538064249246924,0.18013367320025853,0.14538805163189916,0.18016676296472808
600,10.0,feeder2_51,0.15228363803174186,0.19575522555042912,0.15229539127908243,0.19579156705977624
600,10.0,feeder2_48,0.1476846738227177,0.18584526479310837,0.14769526124290125,0.18588549579794222
600,10.0,feeder2_52,0.15243678825436457,0.1959843108560411,0.15244613720482164,0.19602544134418387
600,10.0,feeder2_68,0.16475596051558372,0.22343366464613687,0.16476644015873254,0.2234831565241695
600,10.0,feeder2_69,0.18475941443010707,0.1904848459663447,0.1847697739006152,0.1905290449618913
600,10.0,feeder2_71,0.1665422120314605,0.22873918829387324,0.166554193832469,0.22878798694272295
600,10.0,feeder2_72,0.10731852968718748,0.22270046910201718,0.10732799225580097,0.22274991179007508
600,10.0,feeder2_73,0.17335152063267478,0.24815093836335894,0.17336452642903005,0.24820327883841517
600,10.0,feeder2_74,0.19189076845104036,0.2751930923710444,0.19190233646605198,0.27523956749206624
600,10.0,feeder2_77,0.17833159135744478,0.2605155607893226,0.1783443553258067,0.26056361970791936
600,10.0,feeder2_79,0.18436783242681798,0.25204363928835494,0.18438078413188463,0.2520952488592543
600,10.0,feeder2_81,0.1860494438800827,0.2831654916599292,0.1860617034048801,0.28322137759331895
600,10.0,feeder2_82,0.18598914103386627,0.28314225938493826,0.18600284026838557,0.28320181943914546
600,10.0,feeder2_116,0.22110672581170293,0.38477044078498956,0.22112175133400108,0.38483852149776604
600,10.0,feeder2_119,0.22115571941371306,0.3848385961351558,0.22117218327455931,0.3849136699459698
600,10.0,feeder2_120,0.23422174508822297,0.4223622918033399,0.23423754871514363,0.42243642403797077
600,10.0,feeder2_248,0.23416976681740537,0.42325284734374147,0.23418425698410122,0.42333116560901135
600,10.0,feeder2_124,0.24223394758327485,0.4450611530303984,0.24225142612180015,0.445141611688242
600,10.0,feeder2_282,0.2395938708291032,0.44412069005746524,0.2396083491102213,0.4441984882870377
600,10.0,feeder2_275,0.24732758804742677,0.4518044896593837,0.24734351840334876,0.45188279880565674
600,10.0,feeder2_151,0.25552061895168154,0.4808447449862802,0.2555364371849975,0.4809336549972859
600,10.0,feeder2_295,0.2558027556162395,0.4795172756676072,0.25581844226640543,0.47960688097002546
600,10.0,feeder2_311,0.25552975541115897,0.4807727586099904,0.2555482083397482,0.48085610668583795
600,10.0,feeder2_201,0.2779711392739741,0.5422618803676542,0.2779856749665319,0.5423594066682943
600,10.0,feeder2_314,0.2778954951063591,0.5422288474157462,0.2779154315919186,0.5423239285843806
600,10.0,feeder2_342,0.31000237593086916,0.6294881838056389,0.3100214690946075,0.6295971550995982
600,10.0,feeder2_368,0.31179520246199965,0.6373278793340444,0.3118146847232749,0.6374385209143154
600,10.0,feeder2_347,0.3230837125731957,0.6576948139450618,0.32310443269223893,0.6578165617571141
600,10.0,feeder2_353,0.3296067104758559,0.6717668935980299,0.3296295905406888,0.6718842581209938
600,10.0,feeder2_518,0.32301283821789134,0.657662116948071,0.3230327528239532,0.6577803394724571
600,10.0,feeder2_365,0.3366669576127301,0.6865240515041617,0.33668985159727627,0.6866459257281042
600,10.0,feeder2_653,0.3308961687897659,0.6733858811368381,0.3309191010183057,0.6735078669681861
600,10.0,feeder2_377,0.34045937104468765,0.694976483554687,0.3404849691046104,0.6950987001717602
600,10.0,feeder2_622,0.3380601483210883,0.6848574637831254,0.3380831104113671,0.6849845684241751
600,10.0,feeder2_451,0.3101531641166168,0.6381147698509597,0.3101700892210394,0.6382284882721773
600,10.0,feeder2_383,0.3151009045542451,0.6495319297889346,0.3151225076589608,0.6496441800459162
600,10.0,feeder2_385,0.3448963302472588,0.7051550868196796,0.3449191095499605,0.7052839589332986
600,10.0,feeder2_621,0.3406280085481648,0.6935475678607376,0.34065051605456176,0.6936713625321732
600,10.0,feeder2_611,0.31576631542361344,0.6509595422758603,0.3157868400664144,0.6510667096934397
600,10.0,feeder2_405,0.3152895408177573,0.650216146160042,0.31531037925281685,0.6503236738158283
600,10.0,feeder2_461,0.36266406820750585,0.7453961275031818,0.36268902411810755,0.7455376159912438
600,10.0,feeder2_594,0.3449718084560903,0.7057176035691627,0.3449971135043712,0.7058442934447554
600,10.0,feeder2_732,0.31539331028768697,0.6516657777263327,0.31541420441871315,0.6517752991718351
600,10.0,feeder2_417,0.3166429881895999,0.6550083988746244,0.3166633134238965,0.6551184996121515
600,10.0,feeder2_663,0.3167638017832671,0.6541674578310775,0.3167839779804696,0.6542764257181669
600,10.0,feeder2_444,0.3176976018259299,0.6588872871668232,0.31771990525432786,0.6589938864907785
600,10.0,feeder2_759,0.3175558115903066,0.6588196996027686,0.3175772068050337,0.6589272358233056
600,10.0,feeder2_842,0.3178895666244192,0.6573032371921788,0.3179094682511719,0.6574146103508223
600,10.0,feeder2_459,0.3180787385597133,0.660333346471952,0.3180981010963906,0.6604413479070819
600,10.0,feeder2_702,0.31738496130115623,0.6600568708252841,0.3174047157819608,0.6601710572610411
600,10.0,feeder2_493,0.31958708452093415,0.665956909504728,0.3196099948569061,0.6660644378049544
600,10.0,feeder2_651,0.36266547524319226,0.7453612319527718,0.36268717031245246,0.745503203245425
600,10.0,feeder2_684,0.3771461146418892,0.778256931520008,0.3771729963773669,0.7784048879257145
600,10.0,feeder2_674,0.32259812589674924,0.6697792283613514,0.3226202599274924,0.6698892183888149
600,10.0,feeder2_696,0.3195039514999862,0.6652812751536781,0.31952685534891445,0.6653879007838305
600,10.0,feeder2_681,0.32265682128573403,0.6698506662831074,0.3226760850066366,0.669957607369024
600,10.0,feeder2_682,0.33510749285304514,0.6854875589952284,0.33512742561690745,0.6856008284944214
600,10.0,feeder2_728,0.37742331941059426,0.7797783500098893,0.3774484176616352,0.7799300888326433
600,10.0,feeder2_724,0.39133041985360106,0.8084577237831434,0.39135961534668207,0.8086124773438671
600,10.0,feeder2_703,0.319512046745197,0.6651750815096206,0.319530253515536,0.6652834007060812
600,10.0,feeder2_704,0.3195339303916939,0.665030001393247,0.31955413317058323,0.6651404552304897
600,10.0,feeder2_754,0.39125528503135104,0.8084264976828096,0.3912811490463827,0.8085874424513723
600,10.0,feeder2_747,0.39712944718525145,0.8208182822695652,0.3971581782885206,0.8209743973536127
600,10.0,feeder2_828,0.3782785460356631,0.7808193837898422,0.3783045851735416,0.7809643699604316
600,10.0,feeder2_763,0.37741272553883504,0.7804578027077949,0.3774360453293993,0.7806089794773535
600,10.0,feeder2_836,0.3971297158223438,0.8207470995054021,0.39715865578311804,0.8209055977465416
600,10.0,feeder2_758,0.4021246598577535,0.8314843793026765,0.40215163920840175,0.8316449506336411
600,10.0,feeder2_788,0.40207480973516835,0.8314655138693325,0.40210159016375857,0.8316254739055164
600,10.0,feeder2_812,0.4175083907874989,0.8643527100393757,0.4175354615611033,0.8645240904410819
600,10.0,feeder2_947,0.3772583732085446,0.7803922856803256,0.3772822732037145,0.7805410609037141
600,10.0,feeder2_868,0.3750264277737601,0.7806848773722878,0.37505318205429083,0.7808340561169418
600,10.0,feeder2_785,0.37785182536304995,0.7808858515628089,0.37787755471349754,0.7810284343173153
600,10.0,feeder2_1176,0.38092119454768414,0.7763876275423615,0.3809481398385895,0.7765363571950575
600,10.0,feeder2_846,0.379673162112113,0.7835306942296086,0.379699008685225,0.7836775286589986
600,10.0,feeder2_911,0.3776829156079115,0.7804032549523663,0.37770817128696305,0.7805508100712737
600,10.0,feeder2_1107,0.4215052663935885,0.8829852821945776,0.4215321918479452,0.8831564408148662
600,10.0,feeder2_920,0.4207175184833098,0.8684325332534839,0.4207461189122053,0.8686074819139754
600,10.0,feeder2_926,0.42549034552353754,0.8744870991118037,0.42552045803563326,0.874660135280884
600,10.0,feeder2_1239,0.4207282122947154,0.868483537571859,0.4207591906206995,0.8686547768547546
600,10.0,feeder2_933,0.42778900528658986,0.8766616449161465,0.4278194751983663,0.8768417888293119
600,10.0,feeder2_1146,0.4246150328362978,0.8769047149551982,0.4246439026362258,0.8770800551672311
600,10.0,feeder2_1124,0.42854776370170505,0.875581786532935,0.42857856802925853,0.8757608699895861
600,10.0,feeder2_942,0.43354886434383594,0.8831750835564114,0.43357961517675797,0.8833535216332249
600,10.0,feeder2_952,0.4426170644822187,0.8910885191270312,0.44265123524653255,0.8912749774720051
600,10.0,feeder2_965,0.43347490083268553,0.8833966261866206,0.4335075879609467,0.8835791971011621
600,10.0,feeder2_961,0.4436872698151597,0.8917895563122591,0.44372145880540714,0.8919772163551387
600,10.0,feeder2_963,0.4425975642499219,0.8911215339573324,0.442631460424507,0.8913106568222837
600,10.0,feeder2_973,0.44789752445553754,0.8885460620541888,0.4479302864736322,0.8887353213798487
600,10.0,feeder2_1128,0.44624970471924236,0.9038595765401574,0.44628225223467605,0.9040456363975529
600,10.0,feeder2_1113,0.4410555699501051,0.892301471957779,0.4410889964713327,0.8924919511383097
600,10.0,feeder2_1143,0.442359614528016,0.8903036015333164,0.44238953779446605,0.890494247553512
600,10.0,feeder2_1238,0.42847120211914425,0.8872092011690388,0.4285014909075989,0.8873894434591061
600,10.0,feeder2_979,0.4334778862164495,0.8834108671292856,0.43350725150702135,0.8835977019383287
600,10.0,feeder2_1236,0.45425649039875676,0.8841776089529552,0.45429118784567346,0.88437338413123
600,10.0,feeder2_989,0.44789688746510165,0.8885417739765539,0.4479297576436421,0.8887328790458501
600,10.0,feeder2_1196,0.4335280655171564,0.8834695587981528,0.4335573251613721,0.8836559287825844
600,10.0,feeder2_1158,0.44793414033777224,0.8879581277340799,0.44796765184832493,0.8881503157435929
600,10.0,feeder2_1122,0.4231629643089271,0.8908449493290619,0.4231905541681026,0.8910163805836303
600,10.0,feeder2_1258,0.4215276645050307,0.8821762869770514,0.4215582606034252,0.8823467958877512
600,10.0,feeder2_1303,0.42145950183423075,0.8902597737074162,0.4214885000833548,0.8904306766536582
600,10.0,feeder2_1138,0.42454589935540565,0.8973176836048649,0.4245753612691245,0.897492556052076
600,10.0,feeder2_1304,0.4245859078194793,0.8973652790273459,0.42461406175826427,0.8975391062957824
600,10.0,feeder2_1212,0.4274662877709197,0.9109838545563717,0.42749883589765547,0.911152980973224
600,10.0,feeder2_1311,0.4273663598365885,0.9109455795789525,0.4273947791053832,0.9111200601847049
600,10.0,feeder2_1290,0.43108835678009405,0.9279247601821256,0.4311195010228329,0.9280979478184938
600,10.0,feeder2_1325,0.4631554928393082,0.8794149806821668,0.46318876191748626,0.8796174308332523
600,10.0,feeder2_1248,0.4542567597078605,0.8841713717336833,0.45429123070146754,0.8843678003764975
600,10.0,feeder2_1249,0.42770437462677113,0.8877965720150751,0.42773543808847175,0.8879787968225195
600,10.0,feeder2_1250,0.42681377066469606,0.8884794094515196,0.42684570042184966,0.8886642700259115
600,10.0,feeder2_1366,0.45425915890952606,0.8840734047723554,0.4542930607747891,0.8842717365080361
600,10.0,feeder2_1266,0.42155449380635635,0.8814135198968411,0.42158401521936095,0.8815798766155217
600,10.0,feeder2_1372,0.43039790901287556,0.9274308548584621,0.4304256285481751,0.9276038089288356
600,10.0,feeder2_1363,0.43506076015403133,0.9469419516385611,0.4350916228658055,0.94711207863765
600,10.0,feeder2_1446,0.46184118220491155,0.8803948512730407,0.46187498743078587,0.8806012976127092
600,10.0,feeder2_1502,0.47356717177421137,0.8729431563208769,0.4736038409570841,0.8731523652359999
600,10.0,feeder2_1428,0.43655314555948205,0.9487611933522735,0.43658395044457166,0.9489350984874115
600,10.0,feeder2_1380,0.4392600850281348,0.9671075084740876,0.43928671931553137,0.9672818670661956
600,10.0,feeder2_1550,0.43920564880230806,0.9670875080585268,0.4392335939320045,0.9672617348847862
600,10.0,feeder2_1386,0.44131462655827247,0.9769760408673993,0.44134463610403013,0.9771478678009435
600,10.0,feeder2_1551,0.4414182513376331,0.9770975647528203,0.44144600591336264,0.977265894165784
600,10.0,feeder2_1400,0.44228543924347785,0.98164044330535,0.44231457775077637,0.9818104347139404
600,10.0,feeder2_1552,0.4432650268271853,0.9828164589146888,0.44329472591264163,0.9829881176120427
600,10.0,feeder2_1408,0.4441670822870671,0.9906903070883908,0.4441979377027527,0.9908589803678542
600,10.0,feeder2_1553,0.444447569907385,0.9917652606929638,0.44447885245899366,0.9919389408228809
600,10.0,feeder2_1416,0.44507485823501736,0.9951192414924693,0.44510299388878566,0.9952910786916369
600,10.0,feeder2_1530,0.4417397770645651,0.9942996609067735,0.44176641429769503,0.9944745486314959
600,10.0,feeder2_1425,0.4470449958715838,1.004197114135106,0.4470750161359967,1.0043660117773714
600,10.0,feeder2_1589,0.4621824327430992,1.0228595178813402,0.4622108655364523,1.0230366135029516
600,10.0,feeder2_1435,0.44705569920115834,1.0042108474542688,0.44708381926666546,1.0043787762229175
600,10.0,feeder2_1621,0.44706272857874496,1.002771053813605,0.4470944221407468,1.002943618440085
600,10.0,feeder2_1564,0.44744373335001747,1.0058386051663593,0.4474728791170614,1.0060157253824151
600,10.0,feeder2_1704,0.47356672709901015,0.8729096118463783,0.47360095139184333,0.873118695646903
600,10.0,feeder2_1525,0.476246670229794,0.8712905571991025,0.4762850589156861,0.8715027289093088
600,10.0,feeder2_1716,0.47633213023177273,0.8694555153673329,0.4763701267209293,0.8696658323101693
600,10.0,feeder2_1537,0.47928407940472373,0.8697005627990094,0.4793206054064155,0.8699151533855127
600,10.0,feeder2_1645,0.4919226375215191,0.8849166318349521,0.4919608650885441,0.8851313421673959
600,10.0,feeder2_1561,0.4808708812743813,0.8592497528652212,0.4809098957474075,0.8594687128431927
600,10.0,feeder2_1657,0.4796416187477943,0.8597268998693763,0.47968039314332706,0.8599432346352363
600,10.0,feeder2_1570,0.48161540632812333,0.8546566440863516,0.4816503594672909,0.8548774757654938
600,10.0,feeder2_1756,0.4814252950539953,0.8545926219655797,0.4814620834764633,0.8548103876210215
600,10.0,feeder2_1588,0.4823124753190508,0.8503719587189399,0.4823512174025362,0.8505917491973408
600,10.0,feeder2_1628,0.48226914785913244,0.8503564085576321,0.4823066207273594,0.8505740793691667
600,10.0,feeder2_1598,0.4831943721937558,0.8449676841588187,0.48323293749985946,0.8451907755821353
600,10.0,feeder2_1816,0.48335984381944413,0.8412044537124078,0.4833990232724005,0.8414257480125913
600,10.0,feeder2_1765,0.48318885130736844,0.8448313679296903,0.4832257770610442,0.8450569043228826
600,10.0,feeder2_1641,0.4876929618905178,0.8196200426065838,0.4877318117181404,0.8198445692225945
600,10.0,feeder2_1689,0.4917391119373322,0.7989708557194244,0.491780392915667,0.7992031677765329
600,10.0,feeder2_1744,0.48652085318388893,0.8192194586743963,0.4865587136623355,0.8194454383793095
600,10.0,feeder2_1817,0.4919111080986409,0.7995669897884772,0.49195043716126297,0.7998032941536324
600,10.0,feeder2_1779,0.491739866400045,0.798941117920469,0.49177896696602313,0.7991705677387271
600,10.0,feeder2_1800,0.4917874167325915,0.7990272227028744,0.4918284027796063,0.7992558320685678
600,10.0,feeder2_1818,0.5251115936200492,0.751988679288352,0.5251596444390109,0.7522321295927678
600,10.0,feeder2_1753,0.4840805097841407,0.8185111679010914,0.48411763924080375,0.8187406598653435
600,10.0,feeder2_1754,0.48624195018081945,0.8190985357697014,0.4862778929948818,0.8193278169494871
630,10.5,secondary,0.015616433983485964,0.008821430676629136,0.015585723454042104,0.008778109661808106
630,10.5,feeder2_44,0.029079991393057978,0.04603736192466929,0.029023854066516076,0.04580772543517889
630,10.5,feeder2_45,0.029604777969602154,0.047268929259387936,0.02954905091894283,0.04703224568918295
630,10.5,feeder2_46,0.026893872956524744,0.04836389080867403,0.026837695872096504,0.04813098702146943
630,10.5,feeder2_51,0.030514537635554194,0.04941199251132216,0.03045721034703129,0.04916125153920849
630,10.5,feeder2_48,0.029763509001226453,0.04721503666658942,0.029709245884482097,0.046976496691976614
630,10.5,feeder2_52,0.03031891226250205,0.049247421354176264,0.030261597265523642,0.04899016635916101
630,10.5,feeder2_68,0.03310005494638356,0.05550976288617865,0.033035562636199306,0.05522729759942918
630,10.5,feeder2_69,0.057852192693435556,0.10542985328215479,0.05780580611211156,0.10514012455417983
630,10.5,feeder2_71,0.033150966390620235,0.05387443296496973,0.033090418372184224,0.0535852706437296
630,10.5,feeder2_72,0.09143759957660993,0.07109231819514338,0.0913850704219998,0.07097979364695543
630,10.5,feeder2_73,0.03255659364060869,0.05070701058123985,0.03249311764226988,0.05039954894514718
630,10.5,feeder2_74,0.019060320336339313,0.043454763138928515,0.019014429896873672,0.04318015040062438
630,10.5,feeder2_77,0.03274081924107434,0.050344616520857005,0.032674795630351694,0.05002953584727121
630,10.5,feeder2_79,0.03155074625886526,0.05280863935114454,0.03148151070645673,0.052491347156496775
630,10.5,feeder2_81,0.03302650498926635,0.04901929721687342,0.0329582168019361,0.04868047464565264
630,10.5,feeder2_82,0.03307746970776443,0.04898825672259386,0.03301086495262322,0.0486510748032391
630,10.5,feeder2_116,0.034325185695394334,0.0472417352333325,0.03424515038617831,0.046878950800956706
630,10.5,feeder2_119,0.03394429412962869,0.047188053031052696,0.03386326199770592,0.04682742357013518
630,10.5,feeder2_120,0.03486706604256769,0.04841287004751827,0.03478248617094223,0.04805948241342358
630,10.5,feeder2_248,0.0347546114518971,0.048400959250766644,0.03467213721530156,0.04805338612280461
630,10.5,feeder2_124,0.035212716547857084,0.049563015601166216,0.035125374726082445,0.049225127173592884
630,10.5,feeder2_282,0.03689063353104374,0.04761253962845719,0.036803440942215916,0.04726500561603108
630,10.5,feeder2_275,0.03487267153863868,0.050607497005294086,0.03478356587093641,0.050277570466703655
630,10.5,feeder2_151,0.03584975617700785,0.052768723092576006,0.03575488067820562,0.05245987635312866
630,10.5,feeder2_295,0.03609955323378418,0.05390706680808596,0.036004491111420754,0.05358916744891152
630,10.5,feeder2_311,0.03587499981511652,0.05286367942655215,0.03578007301448756,0.05255191321521087
630,10.5,feeder2_201,0.0366198029049751,0.05808822326689471,0.03652055933644387,0.057851352995145884
630,10.5,feeder2_314,0.03668126374225443,0.05800066671969283,0.03657814104660013,0.0577612024792513
630,10.5,feeder2_342,0.03774101513979713,0.06916312976200624,0.037628696118379504,0.06903467621627703
630,10.5,feeder2_368,0.03695943755464283,0.06762863929493951,0.03684600957829861,0.06752454207108122
630,10.5,feeder2_347,0.03970550843396283,0.07829706304112352,0.03958675080175177,0.07818799445024625
630,10.5,feeder2_353,0.04070245612088898,0.08299076546308347,0.04057990961360759,0.08288604304538158
630,10.5,feeder2_518,0.03986268287120905,0.07806183388893051,0.03974440697860924,0.07795135044304753
630,10.5,feeder2_365,0.04193920738543776,0.08789845721921215,0.04180985204400619,0.08779555558819115
630,10.5,feeder2_653,0.03969770973989429,0.08366150733303011,0.03957247049675429,0.08356485609457343
630,10.5,feeder2_377,0.04261623192399243,0.09056066062554011,0.042487965732458596,0.09046518836796719
630,10.5,feeder2_622,0.04195155538650816,0.08791404602914314,0.041824352662905497,0.08781437909059558
630,10.5,feeder2_451,0.03722438181263414,0.06722634400380009,0.03711087258094023,0.06712113555755143
630,10.5,feeder2_383,0.03570670908693063,0.06561970971429044,0.03559247809902144,0.06554671952542175
630,10.5,feeder2_385,0.04331726367861012,0.09339192521348305,0.043187341822618075,0.09330001753911793
630,10.5,feeder2_621,0.04310256202140678,0.09114689507580075,0.042974574254704974,0.09103641832173205
630,10.5,feeder2_611,0.035004991396087544,0.06613701264673821,0.03489525137260107,0.0660719373342573
630,10.5,feeder2_405,0.035641693216006264,0.06547622815176249,0.035530722261783526,0.06540804446707446
630,10.5,feeder2_461,0.04623034959594683,0.10487972290072828,0.046091000759160804,0.10480969745252312
630,10.5,feeder2_594,0.04324079785732329,0.09343794873999219,0.04311053995432043,0.09334682149095962
630,10.5,feeder2_732,0.035018639169212634,0.06824298451700711,0.03490961533320326,0.0681723027301868
630,10.5,feeder2_417,0.03525085434438791,0.06381013991888579,0.035141446940285356,0.06375727870291135
630,10.5,feeder2_663,0.03467918871612918,0.06372950111570569,0.034564138776678334,0.0636433341609295
630,10.5,feeder2_444,0.03493874088418688,0.06255873534886176,0.034830216930225325,0.06252790220339341
630,10.5,feeder2_759,0.035063130255918395,0.062390308953389394,0.034954716522352165,0.06235848165605928
630,10.5,feeder2_842,0.03545425121686338,0.06358600754946896,0.035341770863151094,0.06352153529834942
630,10.5,feeder2_459,0.03480865488486194,0.062080152802169976,0.034695241447002104,0.06205604514310992
630,10.5,feeder2_702,0.044809413809434234,0.05042884578290442,0.04470734690944308,0.05045049300362645
630,10.5,feeder2_493,0.033552972760541304,0.06508890363955126,0.033440964460535565,0.06509362317244234
630,10.5,feeder2_651,0.046250448241710096,0.10489939828074588,0.04611148465676339,0.10482869055081802
630,10.5,feeder2_684,0.04863109132222894,0.11425622483661091,0.048481790681570276,0.1142032040298633
630,10.5,feeder2_674,0.03109351052637953,0.06744193619015898,0.0309847168683141,0.0674640861597725
630,10.5,feeder2_696,0.0334323219086087,0.06445063589378257,0.03332157822640104,0.06443956630953002
630,10.5,feeder2_681,0.031031081706674173,0.06749166726933077,0.03092187159427068,0.06751250935648442
630,10.5,feeder2_682,0.021988015116752857,0.07754426627232244,0.021893438875068862,0.07762762082726125
630,10.5,feeder2_728,0.0483357521254905,0.1143256696630169,0.04818989751056213,0.11428515538944665
630,10.5,feeder2_724,0.05175781202727594,0.12378420355833848,0.05160393029056056,0.1237152856290585
630,10.5,feeder2_703,0.03346052179938726,0.06450323781588156,0.03334749244101772,0.06448916660094187
630,10.5,feeder2_704,0.033087918285813915,0.0641590291717274,0.032978307897835915,0.06414203925636663
630,10.5,feeder2_754,0.05180469484578514,0.12369185530134404,0.05164639755992073,0.12362199023914276
630,10.5,feeder2_747,0.0530492884397823,0.12773074478288524,0.05289291147711185,0.12765588009732456
630,10.5,feeder2_828,0.0476004355772449,0.11485912589858567,0.04745393435018976,0.11482401944787725
630,10.5,feeder2_763,0.04821474700939384,0.11374170780256662,0.048064464965868525,0.11371111087099453
630,10.5,feeder2_836,0.05309762218758306,0.12777127819093986,0.052940044062234425,0.12769621252644411
630,10.5,feeder2_758,0.05415812105625924,0.13110623018282727,0.05400083018154781,0.1310282601146656
630,10.5,feeder2_788,0.054188898711535614,0.1310457643682653,0.05403128530787417,0.13096817977353295
630,10.5,feeder2_812,0.05760274613010113,0.14158068249507735,0.05743508725543296,0.14148812130283756
630,10.5,feeder2_947,0.048524969327254024,0.11322667604269125,0.048375213256083224,0.1131984985210924
630,10.5,feeder2_868,0.049507999992957026,0.1122599725617879,0.04936111385213197,0.11223765346020469
630,10.5,feeder2_785,0.04795225051154904,0.11460694519242696,0.04780589295737849,0.11458355426009728
630,10.5,feeder2_1176,0.048410776367478876,0.11497969854012514,0.04826243336560922,0.11494852614942243
630,10.5,feeder2_846,0.04609977799507194,0.11641596924588647,0.045949271783184725,0.1163994869642877
630,10.5,feeder2_911,0.04799064471566082,0.11419117693580992,0.04784345321814663,0.11416612831993596
630,10.5,feeder2_1107,0.060045242000351266,0.13335513644175415,0.059878502594404144,0.1332367218291811
630,10.5,feeder2_920,0.05792350764583105,0.14680084235555407,0.05775623922327298,0.1467155034036772
630,10.5,feeder2_926,0.05844695356597445,0.15456051007971336,0.05827712837792816,0.15447905458623304
630,10.5,feeder2_1239,0.05791456755678889,0.1468275968987823,0.05774262878752756,0.1467423353638429
630,10.5,feeder2_933,0.058650132532469014,0.15814356109871386,0.058475387174687664,0.15805926486732166
630,10.5,feeder2_1146,0.05865069516849086,0.1538718527768613,0.058475078745101605,0.15379466329165048
630,10.5,feeder2_1124,0.058784365922063465,0.15824382373592083,0.05861043686114534,0.15816052403857653
630,10.5,feeder2_942,0.059163693157080456,0.16710453408583906,0.05898479241891938,0.16702420115466404
630,10.5,feeder2_952,0.059877782191849124,0.18086023744777543,0.059695506716581005,0.18077617659143022
630,10.5,feeder2_965,0.059183834946575434,0.16703536193277813,0.059008358775861566,0.16695537102908842
630,10.5,feeder2_961,0.059951609829071925,0.18252345948178053,0.059764927804153316,0.18243860045992555
630,10.5,feeder2_963,0.05988027216605209,0.180822131727951,0.059696018555939326,0.1807362361687677
630,10.5,feeder2_973,0.06132900974391214,0.18791633611619227,0.061143650761952904,0.1877995574053365
630,10.5,feeder2_1128,0.058286985906389754,0.1887427470664375,0.05810772832943774,0.188701662149285
630,10.5,feeder2_1113,0.06038012255495918,0.18057024178147194,0.06019694759387745,0.18048955285912643
630,10.5,feeder2_1143,0.05981477121659154,0.17904949947795945,0.05962942371465789,0.178966404888613
630,10.5,feeder2_1238,0.061273837851027364,0.16603221533123252,0.061098005398591525,0.16596452428078737
630,10.5,feeder2_979,0.05918147552852529,0.1670428304015106,0.05900322742885298,0.16696455128130328
630,10.5,feeder2_1236,0.06320768206155904,0.19564914553144658,0.06301715352743172,0.19549741804385182
630,10.5,feeder2_989,0.06133099987611902,0.18792087150328904,0.06114657439960965,0.1878078288438517
630,10.5,feeder2_1196,0.059125594409951965,0.16707834518337059,0.05894691075784636,0.16700116372993834
630,10.5,feeder2_1158,0.062077461431650514,0.1883855715999623,0.061893461134583064,0.1882653218373542
630,10.5,feeder2_1122,0.060040862809083634,0.12789756693238702,0.059873486781847375,0.12781071847616476
630,10.5,feeder2_1258,0.06293775503668377,0.13577506825521432,0.06276814017474956,0.13560389338707993
630,10.5,feeder2_1303,0.06819064639525309,0.11526840293188023,0.06802546779500511,0.11520578458677867
630,10.5,feeder2_1138,0.05994701738098114,0.12824313220591432,0.059776655168630226,0.12817876552661422
630,10.5,feeder2_1304,0.05964601454815885,0.12845756265950523,0.05947878328814763,0.12839969060297218
630,10.5,feeder2_1212,0.059806200000884435,0.1290339770746278,0.05963721705491058,0.12901748347412317
630,10.5,feeder2_1311,0.061465365432542406,0.12836180536375383,0.06129846919126832,0.12836078113300375
630,10.5,feeder2_1290,0.05938724129666452,0.13101547387692022,0.05922048322636608,0.13104743635231603
630,10.5,feeder2_1325,0.0628664222489938,0.19948045743991027,0.06267080639318899,0.19936085820991115
630,10.5,feeder2_1248,0.0632495652649281,0.1956760484301108,0.06305972836432261,0.1955234983505842
630,10.5,feeder2_1249,0.0618736389509703,0.16576895506415118,0.061693260240326564,0.16570466347980256
630,10.5,feeder2_1250,0.06129807820442009,0.1659726039147287,0.06112229339431803,0.165907660841986
630,10.5,feeder2_1366,0.06333594065634865,0.19573355588772098,0.0631487149083788,0.1955827171705368
630,10.5,feeder2_1266,0.0665724178279782,0.1387593372754898,0.06640634633049763,0.13854429850700287
630,10.5,feeder2_1372,0.06077621861136102,0.1300339242491542,0.06061073564102711,0.1300766490794806
630,10.5,feeder2_1363,0.05865112260526003,0.13493792684360761,0.05848707871894303,0.1350112715264733
630,10.5,feeder2_1446,0.06406339476622266,0.19887873301673498,0.06386896889895038,0.19876801651659612
630,10.5,feeder2_1502,0.06226834454856006,0.20486401591325482,0.062068759012922435,0.20477243058061328
630,10.5,feeder2_1428,0.0567124050382795,0.13741650817895237,0.05654485350611439,0.1374919822857499
630,10.5,feeder2_1380,0.05860863674639461,0.13602090266725322,0.05844203006949841,0.1361262263525593
630,10.5,feeder2_1550,0.06050900603585635,0.13553888076358875,0.0603407995892411,0.13565858796776595
630,10.5,feeder2_1386,0.05840202107335169,0.13693114139057944,0.05823534116139227,0.13704422150991
630,10.5,feeder2_1551,0.058287558331646616,0.13702177147896447,0.05812114916460877,0.1371353169264342
630,10.5,feeder2_1400,0.058309453382353826,0.13734848104653047,0.058141440063330274,0.1374657175313536
630,10.5,feeder2_1552,0.05651329741176781,0.13886364619093125,0.0563469954074114,0.1389906085877775
630,10.5,feeder2_1408,0.058311068966985756,0.13749606859040842,0.05814661472359291,0.13761980559726467
630,10.5,feeder2_1553,0.05818316879034369,0.1375956465083862,0.058016770429689446,0.1377160886519925
630,10.5,feeder2_1416,0.05831819349795803,0.1375532663189813,0.058151637775175284,0.1376786017063847
630,10.5,feeder2_1530,0.061018836542364174,0.13492332991797612,0.06085698004283619,0.1350644668757227
630,10.5,feeder2_1425,0.058171434892795325,0.13915348629475421,0.058005460793122424,0.1392739844869443
630,10.5,feeder2_1589,0.0566123335079212,0.14168951153117187,0.05644844909431096,0.1418090460676479
630,10.5,feeder2_1435,0.058189741398187285,0.13923403056779726,0.05802600056089119,0.1393547845241305
630,10.5,feeder2_1621,0.05886852448006474,0.13961214601050084,0.05869931954707981,0.13971695384440946
630,10.5,feeder2_1564,0.05808346792533492,0.13960932789217848,0.05791811327173894,0.13972955806233298
630,10.5,feeder2_1704,0.06230086846997643,0.20488281162160463,0.06210290942969225,0.20479138773624833
630,10.5,feeder2_1525,0.06211679147182105,0.20625893860355674,0.061913503978125166,0.20617364929953896
630,10.5,feeder2_1716,0.06310238016092846,0.20680768908629435,0.06290093849283755,0.20671598528283777
630,10.5,feeder2_1537,0.061904128079475464,0.2077277724889959,0.06169950399695568,0.20765576831229127
630,10.5,feeder2_1645,0.048650548421264275,0.21749408079855065,0.04844852603741404,0.217479063539339
630,10.5,feeder2_1561,0.06290512318259846,0.20471324566316254,0.06270025185278552,0.20461149419312993
630,10.5,feeder2_1657,0.06306755660552966,0.2042115934089843,0.0628575865336925,0.20411059008928525
630,10.5,feeder2_1570,0.0633437532607173,0.20356874973825795,0.06313931404185195,0.20345260695845846
630,10.5,feeder2_1756,0.0663620362647878,0.20203113724502972,0.06614964150596744,0.2019335244573148
630,10.5,feeder2_1588,0.06372501030737766,0.20263594488191722,0.06351644444258839,0.20250825285131813
630,10.5,feeder2_1628,0.06373933930916008,0.20258228524729838,0.06353000706584014,0.20245405487069848
630,10.5,feeder2_1598,0.06420809899529267,0.20150380921952551,0.06399915478968157,0.2013572472063813
630,10.5,feeder2_1816,0.09772767237682377,0.22209749200916715,0.0975418951595447,0.22170394633060456
630,10.5,feeder2_1765,0.06434335591573619,0.2015921734821891,0.06413811026435332,0.20144280979112905
630,10.5,feeder2_1641,0.06386949779666892,0.18978838888548058,0.0636525995022817,0.18963963270892548
630,10.5,feeder2_1689,0.06391096798590042,0.18950729512911618,0.06368970603617749,0.18934930025182709
630,10.5,feeder2_1744,0.06625231676785702,0.18380393450539453,0.06603471719278911,0.18366280204485264
630,10.5,feeder2_1817,0.06389732880852643,0.18955028471307667,0.06367254662472421,0.18939224867279364
630,10.5,feeder2_1779,0.06359224755085748,0.18884171505145253,0.06337336222991712,0.18867369114456345
630,10.5,feeder2_1800,0.06385705524691525,0.18954082408898248,0.06363652478380083,0.18938174228837637
630,10.5,feeder2_1818,0.0640924233057439,0.18914438316868518,0.06383041111708225,0.1889895915595683
630,10.5,feeder2_1753,0.07590054761390835,0.16545817897596027,0.07568239447169997,0.16533783659876525
630,10.5,feeder2_1754,0.06631333682310493,0.18365912835439022,0.06609388949067001,0.18351392712708883
660,11.0,secondary,0.0451058112913435,0.050419789813641695,0.04511179537720347,0.05042943889544613
660,11.0,feeder2_44,0.08402808052582228,0.2632400562681357,0.08403816762959779,0.2632908437049566
660,11.0,feeder2_45,0.08548996772354633,0.2714833098491022,0.08550253953312698,0.2715341294165025
660,11.0,feeder2_46,0.08408193884612365,0.26340201121065043,0.08408913510129168,0.2634595190200395
660,11.0,feeder2_51,0.08802483901665523,0.28584749174742136,0.08803437633460987,0.2859103948863189
660,11.0,feeder2_48,0.08630238885434155,0.27111173687768086,0.08631394218295384,0.2711637415084043
660,11.0,feeder2_52,0.08673308578398013,0.2862100055968044,0.08674294381518612,0.28627089176492276
660,11.0,feeder2_68,0.09543160888860555,0.32638287881543326,0.09544484162402632,0.3264443509034772
660,11.0,feeder2_69,0.09549734435800697,0.32656340400658906,0.09550766008554669,0.32662881375762925
660,11.0,feeder2_71,0.0964159275477715,0.33175138761218687,0.09642857276179127,0.33182184540873383
660,11.0,feeder2_72,0.09656156940093391,0.33171191695256247,0.09657254707897414,0.33177857519302273
660,11.0,feeder2_73,0.09950213502589293,0.3485629563555638,0.09951190387357423,0.3486364286170338
660,11.0,feeder2_74,0.09708405695593823,0.3473974877075911,0.09709577074343757,0.3474663130441389
660,11.0,feeder2_77,0.10226528510518101,0.3632358511788434,0.10227629580182185,0.36331310323355653
660,11.0,feeder2_79,0.1013681536119722,0.37334555739530634,0.10137918317999121,0.37341888690495273
660,11.0,feeder2_81,0.1063167388043015,0.38260014643971224,0.10632930346658538,0.3826759287859318
660,11.0,feeder2_82,0.10635566203915858,0.382590615978711,0.10637051841711856,0.38266606141226606
660,11.0,feeder2_116,0.12451648142031857,0.4697776926169028,0.12453052742567891,0.46987378915317257
660,11.0,feeder2_119,0.12331530242542618,0.4695186748355541,0.1233314721247292,0.46961801847713885
660,11.0,feeder2_120,0.1315016258077792,0.5024675344159923,0.13151489856684798,0.5025780443184995
660,11.0,feeder2_248,0.1310761817089099,0.5021099665358578,0.13109308286170943,0.502218409770083
660,11.0,feeder2_124,0.13583570052786087,0.5227616967527997,0.1358547407772629,0.5228695111307676
660,11.0,feeder2_282,0.13741084140976442,0.5225507556116717,0.13742717579628863,0.522661791348995
660,11.0,feeder2_275,0.1343285100817711,0.5228540887606261,0.13434167252652973,0.5229683088519987
660,11.0,feeder2_151,0.14375461383027735,0.558280848055518,0.14377191582811863,0.5583981159411672
660,11.0,feeder2_295,0.14456589415687862,0.5600226085540079,0.14458378333842148,0.560143315256576
660,11.0,feeder2_311,0.14380605311359027,0.5583880964630448,0.14382602794923566,0.5585068539870641
660,11.0,feeder2_201,0.1564370053596346,0.614988273886315,0.156458767467153,0.6151208416526841
660,11.0,feeder2_314,0.15782671174829596,0.6137540292348149,0.1578473154385956,0.6138822567356165
660,11.0,feeder2_342,0.1739467143397544,0.6981704456449772,0.17397013776118345,0.6983217441660846
660,11.0,feeder2_368,0.1794422212275291,0.7225042921081879,0.17946463433614682,0.7226529037473329
660,11.0,feeder2_347,0.17348207385546724,0.6950198808348407,0.17350243307456073,0.6951865710687092
660,11.0,feeder2_353,0.1731680596406087,0.6945092914566369,0.17319276699001251,0.694679158562287
660,11.0,feeder2_518,0.1752884126151348,0.6939290054062668,0.17530978568138034,0.6940957492553778
660,11.0,feeder2_365,0.1729508520495069,0.6947878886295021,0.17297548850521302,0.6949630125841584
660,11.0,feeder2_653,0.1723030249685392,0.6937270761053849,0.17232531620707758,0.6938979182965224
660,11.0,feeder2_377,0.17285480130647882,0.6947074937061433,0.17287713412594358,0.6948889138646619
660,11.0,feeder2_622,0.17208176489452914,0.6963405675447868,0.17210422785686147,0.696517172777261
660,11.0,feeder2_451,0.17975203585829252,0.7224789718275637,0.1797747814008582,0.722628705056424
660,11.0,feeder2_383,0.18866461084310537,0.7624383066594388,0.18868602652175498,0.762590912693861
660,11.0,feeder2_385,0.17264451262159192,0.694242407351315,0.17266938015281216,0.6944237991968767
660,11.0,feeder2_621,0.17365195427204816,0.6964048785453383,0.17367923592224638,0.6965780337311138
660,11.0,feeder2_611,0.18813387439260498,0.7619660747821291,0.1881559092854974,0.7621155771256055
660,11.0,feeder2_405,0.1892622189579993,0.7649833648861671,0.18928629364720245,0.7651326530309284
660,11.0,feeder2_461,0.1720987045816156,0.6946991250362708,0.17212821938191522,0.6948911869856524
660,11.0,feeder2_594,0.1723680524882306,0.6939813116624876,0.1723908754034704,0.6941655024723565
660,11.0,feeder2_732,0.18911074770809153,0.7648534458222891,0.18913160040320817,0.7650039939649194
660,11.0,feeder2_417,0.19382058874632743,0.7842626886832692,0.19383883923414302,0.7844144704839325
660,11.0,feeder2_663,0.22365378559893517,0.8349091299776913,0.22366891848554984,0.8350659099399188
660,11.0,feeder2_444,0.19394504543623106,0.7841055403189306,0.19396276308153415,0.7842645158922863
660,11.0,feeder2_759,0.19634773714224257,0.7819236287006007,0.19637141141251863,0.7820714472797298
660,11.0,feeder2_842,0.19563555610767158,0.7873698835763273,0.19565437250237774,0.7875261133422338
660,11.0,feeder2_459,0.19390753267351846,0.7839994235744878,0.19392671690390245,0.7841526057265872
660,11.0,feeder2_702,0.19439066884198633,0.7836652268829828,0.19441347257427277,0.7838158694712635
660,11.0,feeder2_493,0.1937263028401037,0.7837129147484474,0.1937468535315285,0.7838676230792537
660,11.0,feeder2_651,0.17211659530797557,0.6947416905598675,0.1721462926229501,0.6949314143697188
660,11.0,feeder2_684,0.17189374182104286,0.6972346845719416,0.1719204900840734,0.6974411358986193
660,11.0,feeder2_674,0.1932676429639555,0.7834684065874875,0.19329044249335886,0.783616122046686
660,11.0,feeder2_696,0.19382573548161286,0.784139222488185,0.19384263824573222,0.7842960298465257
660,11.0,feeder2_681,0.1931062799005568,0.7833341296704016,0.19312694788463367,0.7834866313643236
660,11.0,feeder2_682,0.19161706985357138,0.7826628205240408,0.19164065044240391,0.78280947231898
660,11.0,feeder2_728,0.17200678469137448,0.7006753256007091,0.17203573425470486,0.7008786951872067
660,11.0,feeder2_724,0.17139618652068597,0.6940027181709646,0.17142767280470078,0.6942137463206193
660,11.0,feeder2_703,0.19391976805934122,0.7843032370607834,0.19393934076541933,0.7844572304739783
660,11.0,feeder2_704,0.19388823373081052,0.7842618847497269,0.19390750419031394,0.7844175598028587
660,11.0,feeder2_754,0.17178604909270895,0.6940864351812741,0.17181853088090543,0.6942954008933508
660,11.0,feeder2_747,0.17128919031617168,0.6932380399594897,0.17132118558397233,0.6934535220502457
660,11.0,feeder2_828,0.17107067134855414,0.6997268282613764,0.17109786232626334,0.6999346200759601
660,11.0,feeder2_763,0.17259049394266673,0.7072127716618754,0.17261875063041845,0.7074169281197271
660,11.0,feeder2_836,0.1703036762575899,0.6948336208426349,0.17033521980160976,0.6950534833776051
660,11.0,feeder2_758,0.17127812356774305,0.6921472117626933,0.1713113102167538,0.6923638248821973
660,11.0,feeder2_788,0.17132124727152273,0.6921662088105288,0.1713560292401097,0.6923849987494641
660,11.0,feeder2_812,0.17157893356274392,0.6904055761303449,0.17161323520032476,0.6906310605333646
660,11.0,feeder2_947,0.17677791926800093,0.7055731410572236,0.17680697595531752,0.7057780569786514
660,11.0,feeder2_868,0.1734245363738935,0.7074333541968404,0.17345573600197692,0.707636440982729
660,11.0,feeder2_785,0.17263332397049852,0.7111878884483229,0.17265953622888172,0.7113922570178487
660,11.0,feeder2_1176,0.17130745339283293,0.7355270805845546,0.1713314978489463,0.7357312011907585
660,11.0,feeder2_846,0.1711560130867954,0.709706533751174,0.17118534453210357,0.7099059137684702
660,11.0,feeder2_911,0.1726434878537352,0.7112199246965045,0.17266964801510576,0.7114245706239517
660,11.0,feeder2_1107,0.1750246089178845,0.702957276289202,0.17505807906645163,0.7031852250843622
660,11.0,feeder2_920,0.17079998461600182,0.6868938302164497,0.17083581185104432,0.6871205283745627
660,11.0,feeder2_926,0.17110905919566552,0.6887451427005582,0.17114452708345654,0.688981233790595
660,11.0,feeder2_1239,0.16912445845746754,0.6789568545294393,0.16915974422249894,0.6791859930053536
660,11.0,feeder2_933,0.1712639862146619,0.6896984569596665,0.17130085741578177,0.6899312232552264
660,11.0,feeder2_1146,0.1711172688214215,0.6888035842946242,0.17115221140246742,0.6890341335539281
660,11.0,feeder2_1124,0.17131911338339265,0.6899155738106912,0.17135336955523608,0.6901517644893413
660,11.0,feeder2_942,0.17166541343762784,0.6923441004254421,0.17170064174936597,0.6925838259897198
660,11.0,feeder2_952,0.17237938483726392,0.6971765330986576,0.17241573876147215,0.6974222948927404
660,11.0,feeder2_965,0.17166806243379282,0.6923586752620231,0.1717072096158601,0.6925936531848351
660,11.0,feeder2_961,0.17235851448149547,0.6972178754769279,0.1723971006238462,0.6974605108643591
660,11.0,feeder2_963,0.17240242628473817,0.6972944687344438,0.17244044727864952,0.6975322218834269
660,11.0,feeder2_973,0.1724242073049941,0.6983371431371401,0.17246207011034592,0.6985837234204731
660,11.0,feeder2_1128,0.17207525313582536,0.6958713666761007,0.1721101713893888,0.6961165789793574
660,11.0,feeder2_1113,0.17244067688803397,0.6973193974392023,0.172477691744858,0.69755759504449
660,11.0,feeder2_1143,0.17402243194678602,0.7055734821848167,0.17405762952653922,0.7058108123744881
660,11.0,feeder2_1238,0.17234780529982263,0.6926982512885629,0.17238364742520187,0.6929383682679455
660,11.0,feeder2_979,0.17166515140745647,0.6923445330261468,0.17170247872611194,0.6925840738499589
660,11.0,feeder2_1236,0.17255815410562686,0.6988736651174738,0.172597179852801,0.6991179686995829
660,11.0,feeder2_989,0.17242430707075557,0.6983510651192583,0.17246263941074916,0.6985945831447069
660,11.0,feeder2_1196,0.1716132070880099,0.6922861205053665,0.17164814196820805,0.6925236357982397
660,11.0,feeder2_1158,0.17149293812847446,0.700190866385799,0.17153137817055988,0.700437466427073
660,11.0,feeder2_1122,0.17541264155917868,0.7023102264580302,0.17544709580491258,0.7025381133527784
660,11.0,feeder2_1258,0.17574087923262632,0.7105326243782455,0.17577629342553464,0.7107625444342818
660,11.0,feeder2_1303,0.19112321506169042,0.7073418957003282,0.19115732086108664,0.7075649265920555
660,11.0,feeder2_1138,0.17506448975420294,0.6995838133210239,0.1751019837867796,0.6998113318235845
660,11.0,feeder2_1304,0.1745109323222619,0.6986997844867566,0.1745440182459496,0.6989320673433391
660,11.0,feeder2_1212,0.17453728990965714,0.6946305007499494,0.1745718669019564,0.6948634322357223
660,11.0,feeder2_1311,0.17584852645219123,0.6938744472526972,0.17588276439921144,0.6941004600635573
660,11.0,feeder2_1290,0.17365329666418233,0.6890506720537672,0.17368624890410347,0.6892833928352881
660,11.0,feeder2_1325,0.17287145566027537,0.6983870323775672,0.17291108689978316,0.6986416406370064
660,11.0,feeder2_1248,0.17255231485097056,0.6988840363236267,0.17259185957008819,0.6991276919791154
660,11.0,feeder2_1249,0.17236957649269768,0.6927107303425702,0.17240718124664625,0.6929464918049408
660,11.0,feeder2_1250,0.1727724601812297,0.6929067106600952,0.1728099693382696,0.6931418230123889
660,11.0,feeder2_1366,0.17100830511805581,0.7009509941270295,0.17104710904385045,0.7012015024121481
660,11.0,feeder2_1266,0.17698074333270317,0.7180626595311195,0.1770167411938571,0.7182936079523149
660,11.0,feeder2_1372,0.1807407655979784,0.6920730537376355,0.18077533415175273,0.6923008493621216
660,11.0,feeder2_1363,0.17161848364570123,0.6779688359848399,0.17165460636754912,0.6781971650033202
660,11.0,feeder2_1446,0.17293309559651593,0.6984286850750338,0.1729738610818186,0.6986788328335071
660,11.0,feeder2_1502,0.1733825925883102,0.6990263325308868,0.17342449608032465,0.699276852259313
660,11.0,feeder2_1428,0.16282501404825078,0.6680321995081723,0.16285742855646554,0.6682634936702708
660,11.0,feeder2_1380,0.17256989893870117,0.6811234979926566,0.17260246247069427,0.681356925039266
660,11.0,feeder2_1550,0.1726214572165563,0.6811439591870557,0.17265349675907382,0.6813790603823351
660,11.0,feeder2_1386,0.17303553797391402,0.6827547958751164,0.1730707567399146,0.6829870368634596
660,11.0,feeder2_1551,0.17259803372003077,0.6819779371889563,0.1726292675667034,0.6822136203291369
660,11.0,feeder2_1400,0.1733244781372971,0.6837716246551732,0.1733564754490074,0.6840104049842984
660,11.0,feeder2_1552,0.17166424156243554,0.6816620655511783,0.17169843050743602,0.6818987944701598
660,11.0,feeder2_1408,0.1742207908582523,0.6870976142335077,0.1742541949170257,0.6873347927979387
660,11.0,feeder2_1553,0.1738039659240598,0.686420967683522,0.17383895054593468,0.6866528322621233
660,11.0,feeder2_1416,0.17474620092257756,0.6890257793767945,0.17478175153096775,0.6892609558567157
660,11.0,feeder2_1530,0.17749410587258574,0.6884153685275315,0.1775300205636826,0.6886484367277205
660,11.0,feeder2_1425,0.1755073484780514,0.6929256617359357,0.17554155113450962,0.6931593300951184
660,11.0,feeder2_1589,0.17470222728030554,0.6920499953224688,0.17473552766852288,0.6922868144133922
660,11.0,feeder2_1435,0.17567950211712724,0.6938023474600539,0.17571611016382857,0.6940367527584171
660,11.0,feeder2_1621,0.17818014997012016,0.7050177356893392,0.178214163963274,0.7052508699335008
660,11.0,feeder2_1564,0.17549882483369736,0.6929211453553843,0.17553070599876977,0.6931560750611535
660,11.0,feeder2_1704,0.17338260759293167,0.6990468503861034,0.173420637265682,0.6993054207300753
660,11.0,feeder2_1525,0.17354073371532783,0.6993975635615746,0.1735807426030402,0.6996558715908542
660,11.0,feeder2_1716,0.17127734622088886,0.7028439026901651,0.17131512821727202,0.703101957385733
660,11.0,feeder2_1537,0.17374798049327056,0.6994241806522752,0.17379002091189383,0.6996760618888073
660,11.0,feeder2_1645,0.16484843826028897,0.6880224874114519,0.16488877464777743,0.6882771962713193
660,11.0,feeder2_1561,0.17533260506549408,0.7059132842481428,0.17537430330043544,0.7061697556151525
660,11.0,feeder2_1657,0.17563076872339878,0.7061519048974703,0.17567005314889886,0.7064083850880085
660,11.0,feeder2_1570,0.17601329191496728,0.708686178185939,0.17605388568234837,0.7089448792678513
660,11.0,feeder2_1756,0.17834129305981583,0.7079554658637535,0.178382977811869,0.708209372538303
660,11.0,feeder2_1588,0.17661607883285488,0.7113275291173191,0.1766580642142737,0.7115846564426336
660,11.0,feeder2_1628,0.184329395190805,0.7157687838091027,0.18437024786001596,0.716025317764701
660,11.0,feeder2_1598,0.17704977806952438,0.7132342638793349,0.1770941618638284,0.713489106679054
660,11.0,feeder2_1816,0.1768923900322337,0.7143840803474685,0.17693609551915568,0.7146457274015177
660,11.0,feeder2_1765,0.1770456633220846,0.713305359669374,0.17708658788937526,0.7135663736905635
660,11.0,feeder2_1641,0.17910503891660087,0.7224179131886665,0.1791463565738607,0.7226785643654268
660,11.0,feeder2_1689,0.17900252773005562,0.7219404394024094,0.17904449517398335,0.722211598357552
660,11.0,feeder2_1744,0.1869056086575755,0.7271000994666609,0.18694802336236602,0.7273626369473505
660,11.0,feeder2_1817,0.17898393391454412,0.7218544847360392,0.1790295394095153,0.7221223903828144
660,11.0,feeder2_1779,0.17899901833456996,0.721956333108139,0.1790416950463384,0.7222262134178141
660,11.0,feeder2_1800,0.17895725826214628,0.7218841364536177,0.17900193281686694,0.7221563373411938
660,11.0,feeder2_1818,0.17850936628539912,0.7178923978871167,0.17856157513152862,0.7181718532374618
660,11.0,feeder2_1753,0.21179564685014773,0.7423565615109673,0.21183995755133297,0.7426102906495871
660,11.0,feeder2_1754,0.18693689434686755,0.7271244722315175,0.1869799019956577,0.7273897014834445
690,11.5,secondary,0.025464667616465896,0.008912327791292335,0.02547146848892947,0.008913993395678983
690,11.5,feeder2_44,0.047399016478732445,0.04649234687998565,0.04741265642276574,0.0465023600010422
690,11.5,feeder2_45,0.04827301700004225,0.047691330454428305,0.04828854142344436,0.04769836236993943
690,11.5,feeder2_46,0.04423850299755779,0.04972783093719531,0.04425358103279099,0.04974012868713576
690,11.5,feeder2_51,0.0496689405562686,0.04969083188552227,0.04968416499448907,0.049698665617047846
690,11.5,feeder2_48,0.050879575228143036,0.047948712879704966,0.05089425769961267,0.04794431014765634
690,11.5,feeder2_52,0.050743782253184995,0.04477101763251167,0.05075422029618326,0.04478898724801834
690,11.5,feeder2_68,0.053778169695017725,0.05723531884574539,0.053793822674458334,0.057249775532868474
690,11.5,feeder2_69,0.05369627451562452,0.05727381376134383,0.05371238034155393,0.057285956523624254
690,11.5,feeder2_71,0.05432500253391687,0.05823360578150589,0.05434219733748167,0.05824444525070932
690,11.5,feeder2_72,0.054558476697229685,0.05842366975343334,0.054576311226304554,0.05843361379532288
690,11.5,feeder2_73,0.05603458684664728,0.06133240376320283,0.05605173381227774,0.061350963740091385
690,11.5,feeder2_74,0.055073078839214036,0.0591428573039439,0.05508756050327842,0.05915519558764412
690,11.5,feeder2_77,0.05756889227841419,0.06431973279001142,0.05758546782637282,0.06433435894266332
690,11.5,feeder2_79,0.05688876547284591,0.06473411749174712,0.056905579532454335,0.06475554260838773
690,11.5,feeder2_81,0.06000015999526238,0.06895316220830441,0.06001789420270803,0.06896997176493712
690,11.5,feeder2_82,0.06133347298462701,0.06997587735146307,0.06134881067450096,0.0699882996174505
690,11.5,feeder2_116,0.0707101889676842,0.08855282609378558,0.07073102501428959,0.08857622755450287
690,11.5,feeder2_119,0.07007352265891063,0.08747079211495175,0.07009138009838317,0.08748748680295003
690,11.5,feeder2_120,0.07482769612544125,0.09638127944207671,0.07484747389503783,0.09640740705331144
690,11.5,feeder2_248,0.07544370395093139,0.09472703471730647,0.07546332640963033,0.09475259870990653
690,11.5,feeder2_124,0.07740472142756173,0.10190618942342931,0.07742791877575228,0.10192724559477273
690,11.5,feeder2_282,0.085571222398276,0.10630497503568909,0.08559363176656244,0.10631097626689785
690,11.5,feeder2_275,0.07849684678564436,0.09917550752062676,0.07851474491112778,0.09920618353778943
690,11.5,feeder2_151,0.08093112503923412,0.1105270476696772,0.08095518388466212,0.11056273695212722
690,11.5,feeder2_295,0.07708308707373164,0.11396769461368098,0.07710828703700907,0.11401359399023465
690,11.5,feeder2_311,0.08080038768472372,0.11060157878478832,0.08082529868301545,0.11063427967697907
690,11.5,feeder2_201,0.08726190114810244,0.12066982447389801,0.08728583041445724,0.12069948598527948
690,11.5,feeder2_314,0.08787458717053755,0.12065077054721071,0.08789976351966951,0.12068017232853825
690,11.5,feeder2_342,0.09590485308801572,0.1351091720215215,0.09593189218577229,0.13513236896998326
690,11.5,feeder2_368,0.09556348597591927,0.1328492969282269,0.09559289960810076,0.13290372086417862
690,11.5,feeder2_347,0.09989266072330238,0.14845205355023294,0.09991882262397754,0.14843269067420184
690,11.5,feeder2_353,0.10183588489682527,0.15544849614127723,0.10186134287058861,0.15540499143161113
690,11.5,feeder2_518,0.10082335048270101,0.1492849758053903,0.10084846629261372,0.1492621748623208
690,11.5,feeder2_365,0.10403167447255982,0.16375089136569446,0.10405660302404542,0.16368260551956085
690,11.5,feeder2_653,0.10177487537376406,0.15536052469654726,0.10179903259999934,0.15531619272587638
690,11.5,feeder2_377,0.10523638297874713,0.16845502134658566,0.10526137225028546,0.16837546990590946
690,11.5,feeder2_622,0.10401756223868787,0.16374620823846409,0.10404249410376626,0.16367780116012942
690,11.5,feeder2_451,0.09586739234117242,0.13308907197352765,0.09589574165919469,0.1331414991109453
690,11.5,feeder2_383,0.09515763456442315,0.13051235518811488,0.09519047743808197,0.1306047415792162
690,11.5,feeder2_385,0.10676161923139155,0.17375732418652265,0.10678353476168542,0.17365674626853322
690,11.5,feeder2_621,0.10093879087946042,0.17014901404833876,0.1009661478627949,0.17008546998776095
690,11.5,feeder2_611,0.09069209897327156,0.12358041445950955,0.09072360279401784,0.12367156459510582
690,11.5,feeder2_405,0.0952299286253582,0.13078990403690652,0.09526345637456594,0.13088524954292477
690,11.5,feeder2_461,0.11322620526427725,0.20032691645115067,0.11324725786107072,0.20015859502618724
690,11.5,feeder2_594,0.10718698028387022,0.17247934686595806,0.107209900924078,0.1723791933655223
690,11.5,feeder2_732,0.09580207225281898,0.12848612610238835,0.09583254638027551,0.12859253597312773
690,11.5,feeder2_417,0.09585412131845136,0.13369036320447486,0.09589303905131981,0.13380963646444594
690,11.5,feeder2_663,0.09342656625171467,0.1394431157100167,0.0934681443818655,0.1395917389214348
690,11.5,feeder2_444,0.09630031306127323,0.1347596355054232,0.09633627381630977,0.13488284099223627
690,11.5,feeder2_759,0.09984910252551987,0.13473474621144665,0.09988541166886693,0.13484831633469055
690,11.5,feeder2_842,0.09321911908859865,0.1472670240786464,0.09326942985316163,0.14744117844811436
690,11.5,feeder2_459,0.09635981743663005,0.13460451042693086,0.0963971024810103,0.13472719074698447
690,11.5,feeder2_702,0.09930932870373481,0.13429172507079756,0.09934618861414356,0.13440335439398182
690,11.5,feeder2_493,0.09622123790127159,0.13404623485005585,0.09625611507080246,0.1341712464132024
690,11.5,feeder2_651,0.1132030088039135,0.20030902636062847,0.11322346150310378,0.20014207064185086
690,11.5,feeder2_684,0.11866665790494971,0.22443558803069458,0.11868390582680576,0.2242153582873025
690,11.5,feeder2_674,0.09595826467406697,0.13365596934754412,0.09599577428034292,0.1337785516701111
690,11.5,feeder2_696,0.09624108785013638,0.13413443206830547,0.09627794240447984,0.13425518832719555
690,11.5,feeder2_681,0.09582191237279886,0.13344076939017419,0.0958556050305147,0.13356373559729612
690,11.5,feeder2_682,0.09508258552483988,0.13236751037779593,0.09511821174016569,0.1324885793184803
690,11.5,feeder2_728,0.11861563451681921,0.22292552508482893,0.1186358744273852,0.22270093570107052
690,11.5,feeder2_724,0.12467601281686677,0.25378586458927677,0.12469604838329562,0.25353299533043994
690,11.5,feeder2_703,0.09620909344172326,0.13420176772803305,0.09624507513430551,0.13433022920511803
690,11.5,feeder2_704,0.09623263954662534,0.13416091845087139,0.09626951958753464,0.13428991284738725
690,11.5,feeder2_754,0.125878576130329,0.2550055612554248,0.12589690548248572,0.25474702128014454
690,11.5,feeder2_747,0.12695705497531518,0.2651998790451289,0.126974047504422,0.26493377332843454
690,11.5,feeder2_828,0.11826572750180699,0.22029543095974002,0.11828199042310639,0.22006825226335028
690,11.5,feeder2_763,0.11910859764661756,0.22443673750472196,0.11912932292445923,0.22420864724528394
690,11.5,feeder2_836,0.12690470352929772,0.2651472936634816,0.1269195257248002,0.26488226498720546
690,11.5,feeder2_758,0.12892875368750126,0.27509054209836153,0.1289432387919801,0.2748153576343533
690,11.5,feeder2_788,0.12898728256181197,0.2751519737972437,0.1290020684166072,0.2748761777538578
690,11.5,feeder2_812,0.13503133512015889,0.3056576203996346,0.13504768183828708,0.30535296363415737
690,11.5,feeder2_947,0.12119798928174456,0.22661399471621246,0.12121626257219915,0.2263880965309599
690,11.5,feeder2_868,0.11997426969414673,0.22533869934696885,0.11999311981145076,0.2251113322913368
690,11.5,feeder2_785,0.11911607064225141,0.22424053508815306,0.11913557349985911,0.22401200278680428
690,11.5,feeder2_1176,0.11758328716666344,0.22299524500828816,0.1176025235424296,0.22277522371140454
690,11.5,feeder2_846,0.11861278533009938,0.2235623020695038,0.11863262745304654,0.2233327423706412
690,11.5,feeder2_911,0.11949923524439043,0.22525053595201208,0.11951918007366896,0.2250204134065852
690,11.5,feeder2_1107,0.13911660073692392,0.3212834883894912,0.13912747667590944,0.3209879481733324
690,11.5,feeder2_920,0.13562576503933213,0.30999147537276617,0.13564065091511948,0.30967804418573747
690,11.5,feeder2_926,0.13663282166203994,0.3168368269371322,0.1366479700517873,0.3165062948357287
690,11.5,feeder2_1239,0.13548834022727546,0.3096384981316876,0.13549915633212814,0.3093236162465153
690,11.5,feeder2_933,0.13707590706965403,0.3198724754067339,0.13708656587337087,0.3195380547658439
690,11.5,feeder2_1146,0.13665379781028045,0.3169502728482468,0.13666613927743584,0.31662019432107524
690,11.5,feeder2_1124,0.13697058597656595,0.3197710084458267,0.13698212199030635,0.3194338344430887
690,11.5,feeder2_942,0.13820527837174976,0.3277437069443753,0.13821637356014785,0.32739202395227596
690,11.5,feeder2_952,0.139600729141483,0.3393195416464667,0.13961269471999305,0.33894545554514977
690,11.5,feeder2_965,0.1382418567982407,0.327770750956192,0.13825408934705077,0.32741887798909003
690,11.5,feeder2_961,0.13971956174812578,0.3404172015960319,0.1397293732766195,0.34004100907059137
690,11.5,feeder2_963,0.13960771450640852,0.3393544596987096,0.13961682729721192,0.33898006507229766
690,11.5,feeder2_973,0.14044903785929153,0.34649440050804425,0.1404592905997043,0.34610684743757525
690,11.5,feeder2_1128,0.13955352055480338,0.34004697831556363,0.13956230621134397,0.3396708446884954
690,11.5,feeder2_1113,0.13965466696833878,0.3394033615446164,0.13966635003118885,0.33902924802998985
690,11.5,feeder2_1143,0.1400676874108794,0.3416452718316007,0.14007825512578903,0.34127182779886733
690,11.5,feeder2_1238,0.14030507838035317,0.33020234307961804,0.14031739211999325,0.3298454840175813
690,11.5,feeder2_979,0.13824062576586588,0.32759553632397614,0.13825115488101852,0.3272463801849472
690,11.5,feeder2_1236,0.14156535535358072,0.3562371347494931,0.14157717901749994,0.35582817482481266
690,11.5,feeder2_989,0.14044885230395104,0.34648916450430944,0.14045962728598316,0.346098114869642
690,11.5,feeder2_1196,0.1385872109142175,0.32685408118646425,0.13859748552579604,0.32650331979117275
690,11.5,feeder2_1158,0.13986667299555064,0.34591255610641963,0.13987929856845555,0.3455243370689313
690,11.5,feeder2_1122,0.1409332128732848,0.3291352773077821,0.14094474868646525,0.32883570632892367
690,11.5,feeder2_1258,0.13560604578310828,0.31965400328265864,0.13562292377317842,0.3193637618661287
690,11.5,feeder2_1303,0.14889060441065832,0.3375357918139658,0.14890251317448644,0.33723468744943597
690,11.5,feeder2_1138,0.14180307961635547,0.33235572217984505,0.14181506571930957,0.33205312492290884
690,11.5,feeder2_1304,0.14144810903510815,0.3319865499521118,0.14146260886812814,0.33168360983329803
690,11.5,feeder2_1212,0.14376888898636528,0.3394353277132561,0.14378206081944866,0.3391300858382327
690,11.5,feeder2_1311,0.14453524944483476,0.34035877815749355,0.14454858482508615,0.3400514481025317
690,11.5,feeder2_1290,0.14598296240200392,0.34734926904244817,0.14599515170976177,0.34704148530344775
690,11.5,feeder2_1325,0.14314023154724143,0.3706784484583731,0.14314975714878223,0.37024254213696856
690,11.5,feeder2_1248,0.14156172954500565,0.3562333542547602,0.14157382468006494,0.3558242181814609
690,11.5,feeder2_1249,0.14033184876371615,0.33023037095527663,0.14034754683601283,0.3298763673872213
690,11.5,feeder2_1250,0.14170184207299802,0.3318440029141299,0.14171538410914772,0.331486742453207
690,11.5,feeder2_1366,0.14148224338473397,0.35614946097978784,0.14149359202712555,0.3557439846808783
690,11.5,feeder2_1266,0.1331731284047643,0.3176702867863606,0.1331891371773973,0.3173891843790716
690,11.5,feeder2_1372,0.154171119294143,0.35601140570839546,0.15417981840828526,0.35570230160603983
690,11.5,feeder2_1363,0.14602322060892958,0.34361485233402067,0.14603048283750092,0.34330411713336145
690,11.5,feeder2_1446,0.14383517590533088,0.37172768494702424,0.14384631350214389,0.3712919034822638
690,11.5,feeder2_1502,0.14458404692654583,0.3856414797686916,0.14459333218493045,0.3851775317275346
690,11.5,feeder2_1428,0.14602546694536564,0.3431938965533559,0.1460351380209168,0.3428821842282201
690,11.5,feeder2_1380,0.1461670198803785,0.3397427921732414,0.1461764480307864,0.3394239205944678
690,11.5,feeder2_1550,0.14623043010176393,0.3398099116740053,0.14623726590594863,0.3394955428845727
690,11.5,feeder2_1386,0.14623251926665848,0.33783117114604094,0.14623894803706686,0.33751340344026604
690,11.5,feeder2_1551,0.14679120766943565,0.33666212773010046,0.146801419214323,0.3363421935990375
690,11.5,feeder2_1400,0.14626515654480693,0.3371914666351181,0.14627539044818713,0.33686934530858037
690,11.5,feeder2_1552,0.14573812263652527,0.3364584086842449,0.14574515322191667,0.33613698660272184
690,11.5,feeder2_1408,0.14646113189897025,0.33618802829267935,0.14646792216658383,0.3358678544540152
690,11.5,feeder2_1553,0.1486851804709269,0.33201704801354925,0.14869149152770292,0.33169690286051673
690,11.5,feeder2_1416,0.14655464910787033,0.3365902998047175,0.14656468388723085,0.3362673147284232
690,11.5,feeder2_1530,0.14886625262998324,0.33929974539808405,0.14887520496967369,0.33897354251337203
690,11.5,feeder2_1425,0.14639207448378053,0.33586268599401736,0.14639668109100887,0.3355419598802399
690,11.5,feeder2_1589,0.14606970973235814,0.33542803166172686,0.14607724336085237,0.335103544199648
690,11.5,feeder2_1435,0.14637369574351106,0.3357511643554332,0.14638483641330108,0.33543056493334517
690,11.5,feeder2_1621,0.14486323824488817,0.334931544962506,0.14487439270849017,0.33461364857318543
690,11.5,feeder2_1564,0.14629784587802083,0.33556937459626396,0.14630540520560886,0.3352476951918033
690,11.5,feeder2_1704,0.1445561632971841,0.38560935700650284,0.1445643946722359,0.38514691132573425
690,11.5,feeder2_1525,0.14496099994203607,0.38953334783445526,0.14496458795945985,0.38906358935357155
690,11.5,feeder2_1716,0.1426748606359191,0.38949698259010074,0.1426819597570289,0.38902881885092866
690,11.5,feeder2_1537,0.14544205025001272,0.39394587070417975,0.14544582050369984,0.3934661062764429
690,11.5,feeder2_1645,0.14307002204941185,0.3910972136377858,0.14306861278918612,0.3906075661626377
690,11.5,feeder2_1561,0.1466963379109289,0.40022174874533206,0.14670306824590618,0.39973746443408414
690,11.5,feeder2_1657,0.1509546240747217,0.40471396127587056,0.1509608208061237,0.40423465142077514
690,11.5,feeder2_1570,0.147022771823005,0.4018584465819685,0.1470245279483082,0.40137516739336143
690,11.5,feeder2_1756,0.1483701013009298,0.40399244729191597,0.14837564516239912,0.4035043530700308
690,11.5,feeder2_1588,0.1472944612990947,0.40324071935710654,0.1472984360156737,0.4027547865683681
690,11.5,feeder2_1628,0.14811147903640215,0.4041041645887475,0.14811667470226483,0.40361780090822086
690,11.5,feeder2_1598,0.1475886586413871,0.4047426394123896,0.14759176817617986,0.4042549150558282
690,11.5,feeder2_1816,0.14540869121312136,0.4023923105794321,0.1454177726668101,0.4019063476158576
690,11.5,feeder2_1765,0.1472080756977854,0.40432036071321686,0.14721058814800414,0.4038325055450556
690,11.5,feeder2_1641,0.14907222299863707,0.4131274864453411,0.14907471948724071,0.4126260893967604
690,11.5,feeder2_1689,0.14890151219665504,0.41325965384320956,0.14890397908521766,0.4127443240499257
690,11.5,feeder2_1744,0.15302553896921312,0.4175251664094267,0.15303014751411462,0.4170237779646447
690,11.5,feeder2_1817,0.14888642677117994,0.41324009141095186,0.14889031633622477,0.4127273125279991
690,11.5,feeder2_1779,0.1488767678545574,0.4132334931533534,0.1488826723121434,0.41272035491509135
690,11.5,feeder2_1800,0.14888099911029895,0.4132406598803796,0.14888416333132887,0.4127275474125188
690,11.5,feeder2_1818,0.1472932968341836,0.41177256410873814,0.147280865626963,0.4112385291136394
690,11.5,feeder2_1753,0.16440232841567115,0.4295419602705094,0.16440991594981713,0.42904291648574544
690,11.5,feeder2_1754,0.15329426002347596,0.4179550014982213,0.15329957750672277,0.41745359529077486
720,12.0,secondary,0.01324336131251444,0.008823383911642585,0.013249611269039807,0.008837905855941216
720,12.0,feeder2_44,0.024641119426524194,0.04601043947999243,0.024651789740543887,0.04606908551765976
720,12.0,feeder2_45,0.02506750242835203,0.047444959348850284,0.02507582272782307,0.04750975981928216
720,12.0,feeder2_46,0.02466370806121622,0.0461054857782124,0.02467256878132215,0.046169616088766914
720,12.0,feeder2_51,0.025792274652231342,0.04986202564307105,0.025802403449330408,0.04992902989379214
720,12.0,feeder2_48,0.026006889251622207,0.047817781484685025,0.026016113065837433,0.04788438870835973
720,12.0,feeder2_52,0.02337229343950199,0.04611646271676526,0.023385932864612827,0.04617980735458181
720,12.0,feeder2_68,0.028182066558394794,0.05819122600512776,0.028192629731837695,0.058269670123135345
720,12.0,feeder2_69,0.037856451703978174,0.07581237983608484,0.03785139427614751,0.07588333557921349
720,12.0,feeder2_71,0.028342609667661958,0.05866394082067098,0.02835458209976762,0.058740393942904055
720,12.0,feeder2_72,0.055811025259290145,0.07784513132960698,0.055825926552993385,0.0779309076611986
720,12.0,feeder2_73,0.02852584207177536,0.05819278297609388,0.028540525398608355,0.05827305883829343
720,12.0,feeder2_74,0.026716282640106677,0.05608828082519837,0.026727736635341913,0.056170904714459215
720,12.0,feeder2_77,0.02875550043097369,0.05811995155804476,0.028766720796385675,0.05820513676123238
720,12.0,feeder2_79,0.03294261143731237,0.06729193538919759,0.032950216024004296,0.06736948507508765
720,12.0,feeder2_81,0.028430734567884315,0.05569455216446298,0.028441787202114,0.055790576460571506
720,12.0,feeder2_82,0.02972270456952154,0.05658207876917871,0.02973482940328821,0.056675414373944376
720,12.0,feeder2_116,0.026857163586618077,0.050692632288453,0.026873771972579195,0.05081029639229128
720,12.0,feeder2_119,0.025642020376422374,0.049491242235373906,0.025659441535373157,0.04960631199787762
720,12.0,feeder2_120,0.02644490132717514,0.052584286325338965,0.026462530261835777,0.05270374587885285
720,12.0,feeder2_248,0.026334231318081897,0.052496112624407,0.026351665653304168,0.052616513418505
720,12.0,feeder2_124,0.026204692734063808,0.05450678479713501,0.026225255263574054,0.054623763724979124
720,12.0,feeder2_282,0.027041933831477325,0.055234100117485134,0.0270620949949461,0.05535217719716798
720,12.0,feeder2_275,0.026092456282796224,0.05442487868744584,0.02611196664957008,0.054545036981706166
720,12.0,feeder2_151,0.02572521789917493,0.058502204272215017,0.025744015524840017,0.05861801199494184
720,12.0,feeder2_295,0.02555182871564586,0.05848307724315294,0.0255693526586952,0.058601333856596556
720,12.0,feeder2_311,0.02574072968040128,0.05844714385543805,0.02575930577625386,0.05856368127427475
720,12.0,feeder2_201,0.024885679230422883,0.0678632603235958,0.02491077667813153,0.06796949628575966
720,12.0,feeder2_314,0.025676594692639842,0.06849048129003499,0.025700084706713144,0.06859525539550344
720,12.0,feeder2_342,0.023375849885681785,0.08325209296213577,0.023404361487794945,0.08334495617353829
720,12.0,feeder2_368,0.023248466725455014,0.082233600570935,0.023276323161906563,0.08232380294746675
720,12.0,feeder2_347,0.02280476745503633,0.09353357683912482,0.022833260024406915,0.0936214530593663
720,12.0,feeder2_353,0.02244454600991332,0.09808483226546398,0.02247443567429469,0.09816717180854957
720,12.0,feeder2_518,0.024069036686741263,0.0949167186929294,0.024101133539306534,0.09500486037971016
720,12.0,feeder2_365,0.022060687603679095,0.10322689006729069,0.022093277068395555,0.10330677163167122
720,12.0,feeder2_653,0.022359219154303243,0.09807546402707448,0.02239316278579851,0.09816038811472086
720,12.0,feeder2_377,0.021853166548419678,0.1060641702992087,0.021885501134966887,0.10614264416245998
720,12.0,feeder2_622,0.02205964100800004,0.10319482769767958,0.022091310558595284,0.10327620480983224
720,12.0,feeder2_451,0.023324919770293034,0.08232324620040875,0.023351436459503827,0.08241810917787235
720,12.0,feeder2_383,0.023031382080307576,0.08051901648673189,0.02305838531095305,0.08060936370275092
720,12.0,feeder2_385,0.021613251946874593,0.10950116878123907,0.02164869754753231,0.10958101189276012
720,12.0,feeder2_621,0.02158423874467925,0.10570664057943303,0.02161638635833568,0.10578834546841993
720,12.0,feeder2_611,0.022405100399006117,0.07917065839979473,0.022434656236714104,0.07925786926873739
720,12.0,feeder2_405,0.02303527101129081,0.0804776377335154,0.02306225612094924,0.08056919983337026
720,12.0,feeder2_461,0.020699727365527998,0.12373696489439902,0.02073631939812195,0.12381202230915152
720,12.0,feeder2_594,0.02154746350760581,0.10950292306095501,0.02158291931259624,0.10958149146008189
720,12.0,feeder2_732,0.022834764617406453,0.07871211290410379,0.02286496037094422,0.07880243123427978
720,12.0,feeder2_417,0.023121497408765082,0.08053575142513429,0.023149638029214447,0.0806295984596195
720,12.0,feeder2_663,0.02206891675880069,0.0798767767487567,0.022090024929153435,0.0799725683029883
720,12.0,feeder2_444,0.023227441011677032,0.08085355467452054,0.023254004604566492,0.08094611558279008
720,12.0,feeder2_759,0.02639234600395863,0.08416789015437773,0.026419026428068884,0.08425578123964012
720,12.0,feeder2_842,0.023419250341466413,0.07926035180247284,0.02344394808047659,0.07935136765044684
720,12.0,feeder2_459,0.02319974231315761,0.08085351399834835,0.023226902603176267,0.08094728550645919
720,12.0,feeder2_702,0.024779277447601097,0.08230704568282274,0.024803882957841656,0.08239166439956071
720,12.0,feeder2_493,0.02290286153319231,0.08024958343580504,0.022930597930414673,0.0803397213312689
720,12.0,feeder2_651,0.019613269070689106,0.12359993897029319,0.019649851113959154,0.12367463349093162
720,12.0,feeder2_684,0.020168980137163006,0.13594964521990124,0.020208582847560334,0.13601458851997147
720,12.0,feeder2_674,0.022441721069812424,0.07994892950500554,0.022470528373443415,0.08003947320262086
720,12.0,feeder2_696,0.022783972258708072,0.0796321772772534,0.022812247277171183,0.07972540347420254
720,12.0,feeder2_681,0.021887474049990235,0.07925530436547719,0.021916410263773816,0.07934646562152406
720,12.0,feeder2_682,0.021425114319965893,0.07977946772109046,0.02145159460074247,0.0798665476190821
720,12.0,feeder2_728,0.020114767399557556,0.13635603590526618,0.020153468294958034,0.13642495807042915
720,12.0,feeder2_724,0.019801653080256682,0.14796059435274134,0.01984494239739086,0.14801295449728616
720,12.0,feeder2_703,0.02280125027808607,0.07949776250743347,0.02282557764228162,0.07959275085693712
720,12.0,feeder2_704,0.022427308965139676,0.0795077612386027,0.02245173580826379,0.07960045476190511
720,12.0,feeder2_754,0.020286536291687723,0.1483958600321346,0.02032942186947416,0.14845168863193375
720,12.0,feeder2_747,0.019626455317075166,0.15278410428020472,0.019669236452711986,0.1528329685604183
720,12.0,feeder2_828,0.01998064817108624,0.13625172268582708,0.020019894056368632,0.13631572450393373
720,12.0,feeder2_763,0.020127159832970525,0.13709504708702994,0.020166435063029155,0.1371622555171092
720,12.0,feeder2_836,0.016922518548430875,0.1518015433211212,0.016963154860412444,0.1518571514815137
720,12.0,feeder2_758,0.01965658207962657,0.15759602058951935,0.01970085503386387,0.15763802664914303
720,12.0,feeder2_788,0.020711836878418214,0.15899561481204866,0.020755601409245455,0.15904206516519168
720,12.0,feeder2_812,0.019498816926616497,0.17118561236528568,0.019545313483590857,0.17121256228682452
720,12.0,feeder2_947,0.023142992124300238,0.13991155461519822,0.023183265635633207,0.13998342341013853
720,12.0,feeder2_868,0.0208563034374636,0.13778049739587764,0.020894386651611946,0.13785298147071373
720,12.0,feeder2_785,0.019862271013026706,0.1365314518404203,0.019901981590191187,0.13660130617643
720,12.0,feeder2_1176,0.016632196882490704,0.13381211615485206,0.016663917392329013,0.13389212512471682
720,12.0,feeder2_846,0.01914696524273731,0.1365612210566041,0.019187892674070756,0.136631882128274
720,12.0,feeder2_911,0.01988335319780858,0.13661086864911193,0.019921155907379983,0.1366827768960015
720,12.0,feeder2_1107,0.020524129337502313,0.17717173955732526,0.02057297890910883,0.17719987816015104
720,12.0,feeder2_920,0.019214062123490878,0.17348297933014237,0.019261188129635023,0.17350690548444295
720,12.0,feeder2_926,0.018901695186103493,0.17680484752485065,0.018950512532943914,0.17682025276345373
720,12.0,feeder2_1239,0.01908388482886114,0.17371172523360548,0.019134830626280196,0.17373230437113624
720,12.0,feeder2_933,0.018641144618342556,0.1776857316010803,0.018691714401765373,0.17769978741107012
720,12.0,feeder2_1146,0.019482272071845226,0.17972469635980723,0.019532797645311024,0.17973893315178943
720,12.0,feeder2_1124,0.01862279793914001,0.1776292524176897,0.018670862931199905,0.1776433411547201
720,12.0,feeder2_942,0.017983164611065198,0.18004587405198869,0.0180341321623641,0.18005373758110793
720,12.0,feeder2_952,0.01705995093762106,0.18486457658555297,0.017111636777554357,0.18486493480806332
720,12.0,feeder2_965,0.01797776937248575,0.17989021816931577,0.018026968947559764,0.1798941373649522
720,12.0,feeder2_961,0.01686133027254826,0.1849449130956733,0.016912832768788726,0.18494249065311882
720,12.0,feeder2_963,0.01708118856913373,0.1849604797637391,0.017133801331500276,0.1849561171584056
720,12.0,feeder2_973,0.01590950049959967,0.18515370513695337,0.015964736378523303,0.18514408750422573
720,12.0,feeder2_1128,0.01668196225470021,0.1853751400218037,0.016734356547023058,0.1853745563342489
720,12.0,feeder2_1113,0.01788768920102758,0.1862075067399883,0.01794003949828677,0.18620227867944952
720,12.0,feeder2_1143,0.01782499186108116,0.18791768775778098,0.01787931575152341,0.18791643790637017
720,12.0,feeder2_1238,0.01872436479859488,0.1803440433594518,0.018775226630437288,0.18035359822497843
720,12.0,feeder2_979,0.017961069980648798,0.179655089378283,0.018011555080220933,0.1796625375948861
720,12.0,feeder2_1236,0.014457468347673998,0.18655291105034666,0.014513102097363059,0.18653881179193238
720,12.0,feeder2_989,0.015909782812628604,0.1851446759252191,0.015962593338907018,0.18513817426670792
720,12.0,feeder2_1196,0.018670251452649736,0.17854562332292348,0.018723894858502104,0.17854900267475785
720,12.0,feeder2_1158,0.015540605357767013,0.1840255957687307,0.015593937513320376,0.18401426879697047
720,12.0,feeder2_1122,0.020944518450042946,0.17961995837794836,0.02099463572071511,0.1796443927264445
720,12.0,feeder2_1258,0.020480786035874988,0.17702748120073053,0.02053009096994517,0.1770529067984755
720,12.0,feeder2_1303,0.02109387802283441,0.1797112787129414,0.02114597533445744,0.17973638245227405
720,12.0,feeder2_1138,0.021277373414982155,0.18152148303189022,0.021326716843995983,0.18154695558216383
720,12.0,feeder2_1304,0.020775181307605965,0.18181227236425546,0.02082344721101071,0.18183997477212338
720,12.0,feeder2_1212,0.022155876658224695,0.18524304231605918,0.022203860245206413,0.18527179622476392
720,12.0,feeder2_1311,0.023045217248434918,0.18675358271990528,0.02309340416701917,0.18678258783906576
720,12.0,feeder2_1290,0.02304272978837965,0.18858381333348806,0.02309386455362346,0.1886102199401456
720,12.0,feeder2_1325,0.012689946430392672,0.19110796332715826,0.012746168768578727,0.19108060330177112
720,12.0,feeder2_1248,0.014447633296306068,0.18654217794329647,0.014503149195395335,0.18652807910833616
720,12.0,feeder2_1249,0.018750824352868824,0.18036173934004773,0.01880091017745972,0.18036746445896767
720,12.0,feeder2_1250,0.019184641102498255,0.1806208469817283,0.019236547551318917,0.18062726515270439
720,12.0,feeder2_1366,0.012632316269469071,0.1855887309572807,0.012688701974094939,0.1855785254621744
720,12.0,feeder2_1266,0.020459347675309297,0.1769407691823362,0.020507123591305226,0.1769686598829572
720,12.0,feeder2_1372,0.02835718174521045,0.19274546402554008,0.02840559211431251,0.19278277337295152
720,12.0,feeder2_1363,0.02252882058812409,0.18689295249849558,0.022576311703092444,0.18691809035330326
720,12.0,feeder2_1446,0.013290441686822835,0.19203725352005152,0.01334794584573296,0.1920074036052086
720,12.0,feeder2_1502,0.010508316761199172,0.1953526035844963,0.01057142154463777,0.19530435260022744
720,12.0,feeder2_1428,0.022602271787935443,0.18662863439306043,0.02265330708778651,0.1866459773970762
720,12.0,feeder2_1380,0.02214259728826223,0.1851885102287656,0.022191460291439126,0.18520388092280318
720,12.0,feeder2_1550,0.02314704443127673,0.18716005058944846,0.02319616951935853,0.18717776142533998
720,12.0,feeder2_1386,0.02177284595597884,0.1833801329759407,0.021819341446399743,0.18339624494633294
720,12.0,feeder2_1551,0.02231166742277333,0.1827138350377819,0.022361919676471845,0.18272313899820566
720,12.0,feeder2_1400,0.02160073481973401,0.18266023637879358,0.021648854628251522,0.18267220837751438
720,12.0,feeder2_1552,0.02094828799504524,0.1832151227951346,0.021000323589571674,0.18322123984501065
720,12.0,feeder2_1408,0.021394124729806372,0.1808188967241274,0.021442546604541604,0.18083082946632442
720,12.0,feeder2_1553,0.021333389585474403,0.18086810102720333,0.021384433624048946,0.18087892725455265
720,12.0,feeder2_1416,0.021292047958460535,0.17984753520454547,0.021343162508063875,0.17985492105263595
720,12.0,feeder2_1530,0.021411862655756873,0.17992692189456286,0.0214600901257179,0.17994000557742157
720,12.0,feeder2_1425,0.02108569157894023,0.17796060053003915,0.021135378650010014,0.17797140363010774
720,12.0,feeder2_1589,0.021806723388793203,0.17705365474910376,0.021853837494347095,0.1770652274917467
720,12.0,feeder2_1435,0.0210583087111619,0.1776488212750179,0.021110534157735516,0.17765658289847622
720,12.0,feeder2_1621,0.018488938803433885,0.1744698141569117,0.018540124219496842,0.1744799639822232
720,12.0,feeder2_1564,0.021033888343676404,0.17771036616856906,0.02108414930069184,0.17772048459354128
720,12.0,feeder2_1704,0.009390346696357563,0.19472317420621837,0.009449367461709827,0.19468454765118015
720,12.0,feeder2_1525,0.01003430441160004,0.19676877738585122,0.010094851197492732,0.19672095015864505
720,12.0,feeder2_1716,0.007769782439595848,0.19459201727395478,0.00782921478122173,0.19454631314129822
720,12.0,feeder2_1537,0.009567431598363698,0.1987464776282272,0.009628682280275242,0.19869074711373666
720,12.0,feeder2_1645,0.009325935055071274,0.20231331219520166,0.009369500490869674,0.20224710091601142
720,12.0,feeder2_1561,0.00975479892550836,0.19876043646544225,0.009820323434388734,0.19870219919904225
720,12.0,feeder2_1657,0.010602726088275788,0.19984597318817127,0.010666458881971328,0.1997945993253367
720,12.0,feeder2_1570,0.009778000379632551,0.19851288291161867,0.009842152636484646,0.198455059131462
720,12.0,feeder2_1756,0.01152287808366934,0.20141002813032702,0.011581672142312578,0.20135889426226564
720,12.0,feeder2_1588,0.009765052055710391,0.19809879040106598,0.009828725545460723,0.19804349867657284
720,12.0,feeder2_1628,0.010455879228905274,0.19848767205070594,0.010518444306762147,0.19843286127413373
720,12.0,feeder2_1598,0.009709137839197182,0.19748084362509674,0.009771256886342191,0.19742426473887448
720,12.0,feeder2_1816,0.008036403764148077,0.19298777124151908,0.008094440201822166,0.19293363628237076
720,12.0,feeder2_1765,0.009609152344930014,0.19727913002163966,0.009672147179956963,0.19722210446517016
720,12.0,feeder2_1641,0.009466072495581993,0.1959252998185467,0.009529979581546225,0.19586812061569794
720,12.0,feeder2_1689,0.009235147198795786,0.19454906112074163,0.009302388017206877,0.19448388117568097
720,12.0,feeder2_1744,0.00958453822037567,0.19597380406567044,0.009652435179878923,0.19591187930165155
720,12.0,feeder2_1817,0.009249034696883854,0.19410718073585678,0.009312151265594332,0.1940441386668929
720,12.0,feeder2_1779,0.008041908693726185,0.19384651021695315,0.008107974600517017,0.19378631480565725
720,12.0,feeder2_1800,0.010270563845920897,0.19379539749588742,0.010337607549684278,0.19373170690461372
720,12.0,feeder2_1818,0.008804900596812026,0.19403603025329566,0.00888216893027209,0.19397274470585224
720,12.0,feeder2_1753,0.009803455333206163,0.1960513571557284,0.009866918763821083,0.19599401092538468
720,12.0,feeder2_1754,0.009618835776875397,0.19599051952501118,0.009685841375648692,0.19593258729558105
750,12.5,secondary,0.04423711862860284,0.03534885584324232,0.04422220231352157,0.0353258301591768
750,12.5,feeder2_44,0.08231922411307098,0.1843524008463756,0.08228961781933253,0.1842286282953304
750,12.5,feeder2_45,0.08375716542630877,0.1900469413582985,0.08372588986451891,0.18991755975079128
750,12.5,feeder2_46,0.08055164125106164,0.1849751570646775,0.0805205621191869,0.1848490122954395
750,12.5,feeder2_51,0.08624614836272328,0.20013301104208842,0.08621589952380675,0.19999285445245737
750,12.5,feeder2_48,0.08487682244971026,0.18867406183413296,0.08484807193269611,0.18854464731971524
750,12.5,feeder2_52,0.08282933551230823,0.20165571911358854,0.08279866950615865,0.20151953902065206
750,12.5,feeder2_68,0.09365280282274077,0.22820747055383117,0.09362199021606263,0.22805168052572616
750,12.5,feeder2_69,0.09350696708387114,0.2291562150634993,0.09347495797705173,0.22900280123473563
750,12.5,feeder2_71,0.09463107518330319,0.2318760212780679,0.09459708252859042,0.23172072021332407
750,12.5,feeder2_72,0.09618541814522195,0.230100634542295,0.09615270437470595,0.22994165170964329
750,12.5,feeder2_73,0.09767059640572247,0.24356669126246963,0.09763812903622687,0.24339846344848046
750,12.5,feeder2_74,0.09684899722525644,0.2451722540355853,0.09681601655212288,0.24500682736294296
750,12.5,feeder2_77,0.10034261721884462,0.25337715802733585,0.10031004319575429,0.25320510282863895
750,12.5,feeder2_79,0.09907865106578066,0.25427757628194286,0.09904144650253678,0.25410633378100667
750,12.5,feeder2_81,0.10456994118527416,0.26844524766616673,0.10453306811322695,0.26826206913922246
750,12.5,feeder2_82,0.10597011708349245,0.2666645617614859,0.10593223301139701,0.2664830921185241
750,12.5,feeder2_116,0.12354057250530164,0.3377240074649788,0.12349709259523081,0.33749064222464037
750,12.5,feeder2_119,0.12238836815999968,0.3390378578159258,0.12234768970125194,0.3388047376888
750,12.5,feeder2_120,0.13083051078933672,0.36277518770082784,0.13078500746063376,0.3625250105581819
750,12.5,feeder2_248,0.1307128550175139,0.36274562648503195,0.13066645031707366,0.36249429417007817
750,12.5,feeder2_124,0.13533122219583024,0.3782021376532876,0.13528263541308813,0.37794076753530126
750,12.5,feeder2_282,0.13558429213893156,0.37785634709983273,0.13553552806135455,0.3775985856978876
750,12.5,feeder2_275,0.13521105212068815,0.37817268775210655,0.13516658873475837,0.3779075627651115
750,12.5,feeder2_151,0.14319007849419163,0.40527555453655495,0.14314141164942085,0.40499484262368196
750,12.5,feeder2_295,0.14333939779961624,0.4055986043702875,0.14329276746101183,0.40531688211968336
750,12.5,feeder2_311,0.14324098647172218,0.4053900675485247,0.14319330813071846,0.40510809702832445
750,12.5,feeder2_201,0.15618689392931587,0.44971090883101345,0.15613572466213294,0.44939448516366576
750,12.5,feeder2_314,0.15623310809992405,0.4496468696356907,0.15617906969253476,0.4493339555816979
750,12.5,feeder2_342,0.17467850200989735,0.5128993043811344,0.1746209870399315,0.5125351049884553
750,12.5,feeder2_368,0.17502983071951042,0.5202785653465973,0.1749705145405666,0.5199173781447312
750,12.5,feeder2_347,0.18289678656414823,0.5302510866709729,0.1828346974581543,0.5298685990919799
750,12.5,feeder2_353,0.18697542192688033,0.5393908126946878,0.18691199954322724,0.538999571889449
750,12.5,feeder2_518,0.18363813279654528,0.5292497224814452,0.1835785558592949,0.5288652440499227
750,12.5,feeder2_365,0.19150859901457548,0.5495563401158763,0.19143967797300052,0.549151269508466
750,12.5,feeder2_653,0.18687540408077072,0.5393664679848914,0.18681108291375992,0.5389746212554366
750,12.5,feeder2_377,0.19396848217560825,0.5550719508087683,0.19390211641963148,0.5546611508008343
750,12.5,feeder2_622,0.19152537261175034,0.5495935480259516,0.19146022719112293,0.5491937302576363
750,12.5,feeder2_451,0.17662597290112542,0.5186526559117741,0.17656869048702617,0.5182877746523242
750,12.5,feeder2_383,0.1752775834493904,0.5335779083301855,0.17521649885635493,0.5332189361202063
750,12.5,feeder2_385,0.1967795587459902,0.5613089583021034,0.19670978984275808,0.5608896175976062
750,12.5,feeder2_621,0.1941364289387518,0.5554179830014505,0.1940726562235346,0.5550046094559298
750,12.5,feeder2_611,0.1738336069645522,0.5332928215693842,0.17377711824818595,0.5329291670089559
750,12.5,feeder2_405,0.17531484090354768,0.5344320171325465,0.17525356653772048,0.5340729643029789
750,12.5,feeder2_461,0.20821224616450937,0.5867174564437981,0.20814379592797722,0.5862677331266326
750,12.5,feeder2_594,0.19670302841376416,0.5612858652799999,0.19663920545047775,0.5608625390693093
750,12.5,feeder2_732,0.17516355408395848,0.534396970777925,0.1751062698965818,0.5340321382303175
750,12.5,feeder2_417,0.1756079132786479,0.5408782535126005,0.17555045368861175,0.5405169197986668
750,12.5,feeder2_663,0.1746625716873963,0.5431560132691973,0.17460065765961805,0.5427953206862175
750,12.5,feeder2_444,0.17579700799550185,0.5449919280103007,0.17573548104850736,0.5446308262850424
750,12.5,feeder2_759,0.17857966267108674,0.5416707135051531,0.17852171133145062,0.5413094616561412
750,12.5,feeder2_842,0.18754086079589627,0.568669640062452,0.1874781219462488,0.5683103228923472
750,12.5,feeder2_459,0.17554315274487015,0.5452214698531073,0.17548087439430168,0.5448607878173256
750,12.5,feeder2_702,0.17729398194399623,0.5433934181924951,0.17723350060917684,0.5430335151898972
750,12.5,feeder2_493,0.17440311818660167,0.5468458489000185,0.17433979277866266,0.5464847490167843
750,12.5,feeder2_651,0.20838310904934781,0.587108921232108,0.2083099626604385,0.5866605047054816
750,12.5,feeder2_684,0.21742749094532512,0.6069735439825875,0.21735139221583807,0.6065007266754613
750,12.5,feeder2_674,0.17202418505307815,0.5479710874361032,0.1719644891656424,0.5476094208576345
750,12.5,feeder2_696,0.17459741344331384,0.5477787331567803,0.1745413679897306,0.5474127890471623
750,12.5,feeder2_681,0.16602243688219337,0.5505351462827716,0.1659620321270102,0.5501712245437953
750,12.5,feeder2_682,0.1713581384387957,0.5488486082407026,0.17129564758592838,0.5484893926782596
750,12.5,feeder2_728,0.21864540099453122,0.6124125402608677,0.21857322577597385,0.611938460152117
750,12.5,feeder2_724,0.22442220921662293,0.6151605134529738,0.22434807353778702,0.6146601413978441
750,12.5,feeder2_703,0.1746800661727287,0.5479478444659283,0.1746171633950728,0.5475873425391653
750,12.5,feeder2_704,0.17474181832617486,0.548074616925673,0.17468070558338222,0.547713048750636
750,12.5,feeder2_754,0.22484188760971915,0.6146213739497629,0.22476738872318586,0.6141173119975801
750,12.5,feeder2_747,0.22727176550556039,0.6187699828938187,0.22719579512439722,0.6182559648555412
750,12.5,feeder2_828,0.21848123643518888,0.6123577936908271,0.2184080309534724,0.6118856673952144
750,12.5,feeder2_763,0.22051765855318847,0.620555436611078,0.22044675677150163,0.6200778948224372
750,12.5,feeder2_836,0.2276236597528563,0.6194758404611804,0.22754764534677277,0.6189614469709234
750,12.5,feeder2_758,0.22966555801813845,0.6215578708786534,0.2295889106067824,0.6210338710271798
750,12.5,feeder2_788,0.2310828609062707,0.6200963797792326,0.23100755022008604,0.6195744437417726
750,12.5,feeder2_812,0.23669957515782206,0.6320269768334522,0.23661948563545973,0.6314782505927333
750,12.5,feeder2_947,0.2221550651931227,0.6184111233783496,0.22208316958325014,0.6179335401488385
750,12.5,feeder2_868,0.22135724538827123,0.6196165084315329,0.221285820111163,0.6191422006431407
750,12.5,feeder2_785,0.2214655985336766,0.6265105378932375,0.22138840418084454,0.6260381808264124
750,12.5,feeder2_1176,0.2345738076020496,0.6546589406271358,0.23449213525286805,0.6541817642047164
750,12.5,feeder2_846,0.22049780112998046,0.6268458337869068,0.2204280749614605,0.6263688384007637
750,12.5,feeder2_911,0.22147141644201443,0.6264469594627505,0.22139373652903094,0.6259711962366101
750,12.5,feeder2_1107,0.2379741772673584,0.6461705149201616,0.23789340675898402,0.6456181467476025
750,12.5,feeder2_920,0.2383196675810202,0.631067202787818,0.23824204690783773,0.6305082004022631
750,12.5,feeder2_926,0.24084529224524784,0.6298395276544435,0.24076483026747356,0.6292694430905765
750,12.5,feeder2_1239,0.23819050889660448,0.630844571608152,0.23810596175723467,0.6302880003396348
750,12.5,feeder2_933,0.24191728259371392,0.6295688679395532,0.24183914640796847,0.6289926485711974
750,12.5,feeder2_1146,0.24106653922082322,0.6285818111356734,0.24098802023041008,0.628008637044661
750,12.5,feeder2_1124,0.24145699876598248,0.629936543033911,0.24137585859937769,0.6293642229231181
750,12.5,feeder2_942,0.2446292914439113,0.6284824541916744,0.2445448467464579,0.6278989342455539
750,12.5,feeder2_952,0.24839834724144283,0.6287758867345937,0.2483102106934503,0.6281723570129298
750,12.5,feeder2_965,0.24466018454947988,0.6282394648628639,0.24457772996974922,0.6276520687673764
750,12.5,feeder2_961,0.24875746292440798,0.6296380391335462,0.24867388019660944,0.6290299530271369
750,12.5,feeder2_963,0.24840870138029045,0.6285980618439403,0.24832224402351263,0.627997564978591
750,12.5,feeder2_973,0.2507708421058442,0.6339222185038662,0.2506830340344736,0.6333014060876129
750,12.5,feeder2_1128,0.24857938581171304,0.6301631728973999,0.24849250565015424,0.6295558070439958
750,12.5,feeder2_1113,0.24892343028283986,0.6280650196453433,0.24883627774737516,0.6274628772429055
750,12.5,feeder2_1143,0.24886936876972024,0.6179432355455584,0.24878308910662633,0.6173426850835727
750,12.5,feeder2_1238,0.24822863174085408,0.6243679118220142,0.248143842967787,0.6237812255740484
750,12.5,feeder2_979,0.24465760521309135,0.6282337023847306,0.24457203452741713,0.6276475503971345
750,12.5,feeder2_1236,0.2536060271573055,0.6393286248517488,0.25351828090813266,0.6386906118020006
750,12.5,feeder2_989,0.25077241676575523,0.6339312498815596,0.25068728593155826,0.6333103952126615
750,12.5,feeder2_1196,0.2446019102278652,0.62821498682831,0.24451718844454845,0.6276285031424856
750,12.5,feeder2_1158,0.25124555653375036,0.6350472824956737,0.2511565675933492,0.6344279471484922
750,12.5,feeder2_1122,0.23844453589429992,0.651547464603914,0.23836374236475716,0.6509917193458712
750,12.5,feeder2_1258,0.23806688799010003,0.6463401696490633,0.23798893402480034,0.6457880232317933
750,12.5,feeder2_1303,0.23851673970898732,0.6514384344234486,0.23843378938777465,0.650888838668883
750,12.5,feeder2_1138,0.23881779750097834,0.6558239504395009,0.23873617334098274,0.6552675064149458
750,12.5,feeder2_1304,0.23789501958581707,0.6566275289089951,0.23781637292419178,0.6560712288690512
750,12.5,feeder2_1212,0.23985079883590563,0.6643303968742351,0.23976841267753474,0.6637782812140507
750,12.5,feeder2_1311,0.24151038563581914,0.6626270693870161,0.2414284459696848,0.6620729183513905
750,12.5,feeder2_1290,0.2408765628988414,0.6762817716079206,0.24079193524711223,0.6757283196805345
750,12.5,feeder2_1325,0.2572369317362959,0.6452658949871729,0.25714423084429566,0.6446075394365752
750,12.5,feeder2_1248,0.25360880603519864,0.6393355085782643,0.253520116267293,0.6386963216065805
750,12.5,feeder2_1249,0.2482437197685102,0.6243491923337993,0.2481618565374338,0.6237609336259291
750,12.5,feeder2_1250,0.25069703115949626,0.6217003303514945,0.2506185675070305,0.621112328038443
750,12.5,feeder2_1366,0.25366569968969704,0.6394742941044678,0.2535794879276206,0.638836469548973
750,12.5,feeder2_1266,0.2381322192591569,0.6464511861280928,0.2380553412525865,0.6458963719889349
750,12.5,feeder2_1372,0.242072062093446,0.6750382925850842,0.24199232981966845,0.6744818353323297
750,12.5,feeder2_1363,0.24168188096013563,0.6908987745790844,0.24160194156860218,0.6903418121800831
750,12.5,feeder2_1446,0.2572762639846664,0.6452158589840834,0.25718544942154226,0.6445537837509544
750,12.5,feeder2_1502,0.26131955560177766,0.6520232419867024,0.2612256270261734,0.6513328987839971
750,12.5,feeder2_1428,0.24097542151429804,0.6917970944424587,0.24089409038665333,0.6912397242602231
750,12.5,feeder2_1380,0.243079150604747,0.7073800824529979,0.24299961407975315,0.7068182101024002
750,12.5,feeder2_1550,0.2431235053152562,0.7073134620807875,0.2430421671080374,0.706753644601517
750,12.5,feeder2_1386,0.2437663199352285,0.715455065607076,0.24368297067176087,0.7148974961242538
750,12.5,feeder2_1551,0.24365209759062262,0.7154235431064253,0.24356821834629624,0.7148678671419252
750,12.5,feeder2_1400,0.24409886325881297,0.7193025141180296,0.24401886263301556,0.7187409799394061
750,12.5,feeder2_1552,0.2425113589772287,0.7188891629124559,0.242428168674472,0.7183295961145649
750,12.5,feeder2_1408,0.24494498526914,0.7275611451010183,0.2448590408871229,0.7270000773024656
750,12.5,feeder2_1553,0.24481762250046288,0.7275230091195697,0.24473802436905068,0.726960946022334
750,12.5,feeder2_1416,0.2453915715415,0.7318712188777684,0.245307512982994,0.7313095414754132
750,12.5,feeder2_1530,0.24545206521884136,0.7317845526003018,0.24537216781486026,0.7312239605093479
750,12.5,feeder2_1425,0.24624429086556165,0.7401265041813652,0.2461620588148849,0.7395645641688178
750,12.5,feeder2_1589,0.24451069905073755,0.7412990800369307,0.24442599648492294,0.7407412793981469
750,12.5,feeder2_1435,0.2464647833023996,0.7416972867337788,0.24638133527439143,0.741135786191924
750,12.5,feeder2_1621,0.2532726686681543,0.7567118664371789,0.2531862529136576,0.7561482978896779
750,12.5,feeder2_1564,0.2460248393625989,0.7430771214915712,0.24594040038523132,0.7425182945284813
750,12.5,feeder2_1704,0.2607835857305525,0.6524805087618195,0.26068885963717053,0.6517939605333668
750,12.5,feeder2_1525,0.2623657705932907,0.6535625194076239,0.2622701919184703,0.652864334461015
750,12.5,feeder2_1716,0.2711652123463091,0.6779398690133288,0.271058617356567,0.6772457053942422
750,12.5,feeder2_1537,0.2629112822341193,0.6514628990888853,0.2628139133276214,0.650761583888102
750,12.5,feeder2_1645,0.2621887802207802,0.6522162589242012,0.2620952696608823,0.6515073312579905
750,12.5,feeder2_1561,0.26366833646981797,0.648734715755803,0.26357278748746765,0.6480211772937967
750,12.5,feeder2_1657,0.26421210954904756,0.6480390433250182,0.2641158104760158,0.6473232060994798
750,12.5,feeder2_1570,0.2639907824830688,0.6477162758956767,0.26389514099672506,0.6469950965911034
750,12.5,feeder2_1756,0.2671599109542606,0.6444599330978441,0.26706685634511074,0.643740879890729
750,12.5,feeder2_1588,0.2642543333072977,0.6469786753354356,0.2641569894239682,0.6462536285185528
750,12.5,feeder2_1628,0.2646703299635855,0.6464492967628199,0.2645701430521871,0.6457285429337092
750,12.5,feeder2_1598,0.26458248238570914,0.6461910953947256,0.26448358177876047,0.645464099737338
750,12.5,feeder2_1816,0.2662558909267133,0.6501907085153297,0.2661561513647306,0.6494619667855157
750,12.5,feeder2_1765,0.2646727898926432,0.6463910371060271,0.2645762269769043,0.645660902936885
750,12.5,feeder2_1641,0.2659582069211552,0.6410557064120918,0.2658592030362059,0.6403011434616399
750,12.5,feeder2_1689,0.26713137494177197,0.6369053479776697,0.26703169311962693,0.6361293638374185
750,12.5,feeder2_1744,0.2660181657712819,0.6409697360973992,0.2659223779949279,0.6402157019369409
750,12.5,feeder2_1817,0.2668773976864404,0.6377206590730488,0.26677376419590904,0.6369488252842826
750,12.5,feeder2_1779,0.26716624149940005,0.6369721849722687,0.26706864632683386,0.6361938867221294
750,12.5,feeder2_1800,0.26653469486616005,0.6377490773201465,0.26643533516835705,0.636973361772128
750,12.5,feeder2_1818,0.2796558858087871,0.624065282957944,0.27954956781146834,0.6232502215036437
750,12.5,feeder2_1753,0.2661236914002163,0.6408104227052644,0.26602620531937626,0.6400561768043126
750,12.5,feeder2_1754,0.266036716036689,0.640944962868049,0.26593827163692424,0.6401918336771539
780,13.0,secondary,0.03991741728084327,0.024193079656507122,0.039897847834370156,0.02415996639364212
780,13.0,feeder2_44,0.0744614782371114,0.12647927714569135,0.07441702735930739,0.12629337586946981
780,13.0,feeder2_45,0.07576354222504418,0.13046107616854863,0.07572268806008198,0.13026862522819116
780,13.0,feeder2_46,0.07433817459124803,0.1263918130090446,0.07429594756263515,0.1262054727258993
780,13.0,feeder2_51,0.07725215202145227,0.13362248639731467,0.07720658778986095,0.13341897528212343
780,13.0,feeder2_48,0.09633032058707806,0.15467337020213734,0.09629235499674679,0.1544833630881729
780,13.0,feeder2_52,0.08133615556989834,0.12697655391663454,0.08129312343230101,0.12677780438467642
780,13.0,feeder2_68,0.08144654178266389,0.14495000033426708,0.08140037820359225,0.14471905228562826
780,13.0,feeder2_69,0.07796524089529984,0.14487528814937714,0.07791552540360445,0.14464108202152975
780,13.0,feeder2_71,0.08203911460636532,0.14648298088726186,0.08199150602751167,0.14624696709817336
780,13.0,feeder2_72,0.08523658845083494,0.15101095547829355,0.08518909307651028,0.15078292604287538
780,13.0,feeder2_73,0.08377930343567175,0.15071659478557556,0.08372976481393443,0.15047229709022772
780,13.0,feeder2_74,0.08375210121978537,0.15065007954711074,0.08370392314157817,0.15040425465526017
780,13.0,feeder2_77,0.08528461319891315,0.15436524227790796,0.08523194610836335,0.1541121832422489
780,13.0,feeder2_79,0.08329332648192242,0.154253114088559,0.08324402240643994,0.1539948733665061
780,13.0,feeder2_81,0.08780271801776204,0.1603050615609676,0.0877470224652676,0.16003750363809954
780,13.0,feeder2_82,0.08866158098296062,0.16126760578851973,0.0886075487431814,0.16099759361668683
780,13.0,feeder2_116,0.09907918749133839,0.18639345631444704,0.0990204691168283,0.1860670536840196
780,13.0,feeder2_119,0.09721244908058616,0.18002695578548866,0.09714243804097943,0.17972406733370405
780,13.0,feeder2_120,0.10453119805543451,0.1991470167970008,0.10447036596375847,0.19878382354777446
780,13.0,feeder2_248,0.10570939223597704,0.19715661541534432,0.10564306975636109,0.196796977305202
780,13.0,feeder2_124,0.1079089248013791,0.20781916802209505,0.10784298199451113,0.2074375672911277
780,13.0,feeder2_282,0.10940399237701964,0.2094054824306673,0.10933960356225308,0.2090202605922692
780,13.0,feeder2_275,0.10786642380560876,0.2077689260836471,0.10780178623652018,0.2073829471803374
780,13.0,feeder2_151,0.11369090643100815,0.22205344319482914,0.11362391908966432,0.22163016463463245
780,13.0,feeder2_295,0.11304891482084377,0.22143967981936713,0.1129837900314532,0.22101746377135192
780,13.0,feeder2_311,0.11362060148237094,0.2219837467600985,0.1135525638479345,0.22156153106335616
780,13.0,feeder2_201,0.12354792261687086,0.24701409272113375,0.12347728457401885,0.24653105806331643
780,13.0,feeder2_314,0.12421440951783916,0.24792468484107938,0.1241438668849096,0.24744434074887192
780,13.0,feeder2_342,0.13727758006182406,0.28060248092453266,0.13720099684643774,0.28003031681196316
780,13.0,feeder2_368,0.13540451815575974,0.2757980825980489,0.13532353521010515,0.27524949339918436
780,13.0,feeder2_347,0.14749553294503287,0.30762719279146394,0.14742026259993987,0.30698263382027025
780,13.0,feeder2_353,0.15203391900291816,0.31915711863919227,0.15195566903003097,0.31847867140961833
780,13.0,feeder2_518,0.15233315619291277,0.3126348636911103,0.15225615888852198,0.3119973650946737
780,13.0,feeder2_365,0.1571266539618117,0.3325811799929882,0.1570489886968416,0.33186392189470737
780,13.0,feeder2_653,0.15198628182303936,0.3190934071639985,0.15190846470839175,0.31841597850243075
780,13.0,feeder2_377,0.1600631912487764,0.33965623893391467,0.15998406916592872,0.33891669424891674
780,13.0,feeder2_622,0.1539177643384481,0.3345693932861534,0.1538373460817917,0.33384886726197194
780,13.0,feeder2_451,0.1354992043878143,0.27589697820132403,0.13541954388644784,0.2753475655467185
780,13.0,feeder2_383,0.1324443400358323,0.26915600418142377,0.13236071944880182,0.26864123683929414
780,13.0,feeder2_385,0.16345672478312082,0.348127817975959,0.16337930481307292,0.3473679661589112
780,13.0,feeder2_621,0.1595335271986613,0.33924749340590116,0.159452657371832,0.3385086961148905
780,13.0,feeder2_611,0.12864461911779201,0.2637732594811758,0.12855616003902928,0.2632808749071659
780,13.0,feeder2_405,0.13238415994195757,0.26903341628780225,0.13230298449523628,0.2685212743846659
780,13.0,feeder2_461,0.17742627892031324,0.38620374665837254,0.17734494764312841,0.38535850004721667
780,13.0,feeder2_594,0.16398273366935992,0.34680845098046226,0.16390257366661584,0.3460499212420955
780,13.0,feeder2_732,0.13219174414537677,0.26879849936797096,0.1321087001324023,0.2682840645476087
780,13.0,feeder2_417,0.1319548568060245,0.2681964773586635,0.13187619918054574,0.26769057673796015
780,13.0,feeder2_663,0.13189954110345664,0.2681327314516191,0.13181895076043038,0.26762727414178333
780,13.0,feeder2_444,0.13163355210095562,0.26763516805901616,0.13154817765655746,0.26713629878263023
780,13.0,feeder2_759,0.13457209915464594,0.27176719315205733,0.13449045264269777,0.27127384338545163
780,13.0,feeder2_842,0.1306414914880476,0.26664121351244574,0.13055942312677388,0.2661419062685814
780,13.0,feeder2_459,0.13145882657628552,0.26723789277296367,0.1313736594723316,0.26674227429465497
780,13.0,feeder2_702,0.13250137635227097,0.2684065354182878,0.1324177439686465,0.2679117885058701
780,13.0,feeder2_493,0.1306749819882282,0.2653138727548006,0.13059145122364357,0.2648242258065091
780,13.0,feeder2_651,0.17740260886660167,0.3861896383048131,0.1773215982911828,0.3853445791063615
780,13.0,feeder2_684,0.18893574227638563,0.4185064975535576,0.18885535340295911,0.4176017517338532
780,13.0,feeder2_674,0.12988633840330216,0.26398564407110126,0.1298012971032574,0.2635015713949052
780,13.0,feeder2_696,0.13060166263901066,0.26469219698105867,0.13051940180492672,0.26420455772376766
780,13.0,feeder2_681,0.12809642293620924,0.2605332799149747,0.12800564515032883,0.2600673538493512
780,13.0,feeder2_682,0.1298570917514422,0.2639623207908482,0.12977434876108973,0.26347948528144577
780,13.0,feeder2_728,0.18994003109916982,0.4212552308401732,0.18985584170789263,0.42034800443536563
780,13.0,feeder2_724,0.1991263663009076,0.4465732038136273,0.19904426436225114,0.445600946161359
780,13.0,feeder2_703,0.13049732046762322,0.2645740243208004,0.1304101538209959,0.2640869555645531
780,13.0,feeder2_704,0.13044576877076658,0.2645119412028048,0.1303657924660548,0.26402337417629734
780,13.0,feeder2_754,0.20950248650030973,0.4565157914030073,0.20941553448920394,0.45554133893504645
780,13.0,feeder2_747,0.2023055229075954,0.4530176514202019,0.2022207448506761,0.4520149057645027
780,13.0,feeder2_828,0.18963374354520587,0.4208444497593895,0.18954890451220044,0.4199404480617586
780,13.0,feeder2_763,0.19160846108420412,0.4259238308255148,0.19152613721213838,0.4250216210075523
780,13.0,feeder2_836,0.19756062211258416,0.45233554360741923,0.19748400473349476,0.4513264900284808
780,13.0,feeder2_758,0.20497820850323228,0.45960868965929785,0.2048942230441741,0.45858579942849714
780,13.0,feeder2_788,0.20595309568547981,0.459944371660153,0.20586860039148383,0.4589216754882693
780,13.0,feeder2_812,0.21285694317537274,0.4797526621068195,0.21277110058691812,0.4786655962866699
780,13.0,feeder2_947,0.20299596041056597,0.4355360555043082,0.20291651218784923,0.4346386496280856
780,13.0,feeder2_868,0.19232345256563105,0.4266319001501157,0.1922426820769265,0.42573035761613354
780,13.0,feeder2_785,0.1917424029646944,0.4260757195767027,0.19166115120691418,0.4251728205306913
780,13.0,feeder2_1176,0.19121659380842013,0.42580473393156615,0.19113243548392683,0.4249036345773712
780,13.0,feeder2_846,0.1912813763785863,0.4253713965914241,0.19119658433493977,0.4244708961710423
780,13.0,feeder2_911,0.1923039259745077,0.42740836191317283,0.19222160289070234,0.4265059748990697
780,13.0,feeder2_1107,0.21060634512771204,0.4654864848373149,0.21051978716214648,0.46439950952022896
780,13.0,feeder2_920,0.2156939820706588,0.48944763143699604,0.21560574969436205,0.488343664914158
780,13.0,feeder2_926,0.2200608048189721,0.5050202268835795,0.21997214479800808,0.5038911765202224
780,13.0,feeder2_1239,0.21553558368072329,0.4881869730033364,0.2154456789731203,0.4870840750132616
780,13.0,feeder2_933,0.22199218747714647,0.5119123779759076,0.22190066600991104,0.5107772325744837
780,13.0,feeder2_1146,0.22007953130969451,0.5051316042344222,0.21999095877763022,0.5040074786657164
780,13.0,feeder2_1124,0.221973847015624,0.5119069298236034,0.22188567079480617,0.5107704113816209
780,13.0,feeder2_942,0.22688486316103082,0.5294250782956202,0.2267929850427366,0.528261601632344
780,13.0,feeder2_952,0.23076357506732237,0.5424319140192319,0.23067121859628062,0.5412300663239044
780,13.0,feeder2_965,0.22732178157777735,0.5311478689522485,0.22723175224259817,0.5299821991159342
780,13.0,feeder2_961,0.2309901660678519,0.5429401567170508,0.23089655129418835,0.5417342534522885
780,13.0,feeder2_963,0.23080539875948808,0.5426341543399467,0.23071131203672768,0.5414265850637647
780,13.0,feeder2_973,0.2322168301370004,0.5458973165956954,0.23212131259944024,0.5446659737419287
780,13.0,feeder2_1128,0.23097763748818578,0.542889180874664,0.2308857719308075,0.5416802745558293
780,13.0,feeder2_1113,0.23085281829656112,0.5426790953164355,0.23075858178545403,0.5414695481168563
780,13.0,feeder2_1143,0.23370527408706582,0.5566645100502856,0.23360983625045126,0.5554579642464567
780,13.0,feeder2_1238,0.2613738682244603,0.5572771936641678,0.26128294987398193,0.556122916816089
780,13.0,feeder2_979,0.22731896018327558,0.5311367067683272,0.22722664936286746,0.5299732611834089
780,13.0,feeder2_1236,0.23421517127019087,0.5501204724315446,0.23412091671980384,0.5488563820258516
780,13.0,feeder2_989,0.23221568928023031,0.5459047722214347,0.23212243756640596,0.5446707289852057
780,13.0,feeder2_1196,0.2272823642784561,0.531087360900067,0.22719009466921963,0.5299248321034326
780,13.0,feeder2_1158,0.2306696387437298,0.5470191756119558,0.23057727244592702,0.5457858403894721
780,13.0,feeder2_1122,0.20972196815147964,0.4599945716445743,0.20963499357297682,0.4589086136251759
780,13.0,feeder2_1258,0.21040711433731007,0.4654732736114175,0.21032242266781137,0.4643872864747255
780,13.0,feeder2_1303,0.2105130091713039,0.46072284153275334,0.21042844853847434,0.45963871950622087
780,13.0,feeder2_1138,0.20897524156969835,0.4553992058717319,0.20888937537460178,0.4543110749079081
780,13.0,feeder2_1304,0.20341853293744497,0.4464159240829111,0.2033277083960765,0.4453255354760717
780,13.0,feeder2_1212,0.20901962826204767,0.45269947928212784,0.208936736628631,0.4516077297962179
780,13.0,feeder2_1311,0.2103973172972443,0.453953838341719,0.21031238995453616,0.45286660315543525
780,13.0,feeder2_1290,0.20888384327993242,0.44845200447386874,0.20880138485759592,0.44736216301183945
780,13.0,feeder2_1325,0.2365759796744399,0.5562361456438968,0.23647834666570555,0.5549279381441896
780,13.0,feeder2_1248,0.23419281564710284,0.5501278530065777,0.2340977034847357,0.5488641653621331
780,13.0,feeder2_1249,0.27041190164344864,0.5645353030381175,0.2703231864111474,0.563381913524374
780,13.0,feeder2_1250,0.2635689264359159,0.5586323216239389,0.26348153794929113,0.5574732902071459
780,13.0,feeder2_1366,0.2341455669799891,0.5501399271542918,0.2340526636742069,0.5488742281195645
780,13.0,feeder2_1266,0.21022974478417325,0.46546664598608195,0.21014313155369183,0.4643779340972203
780,13.0,feeder2_1372,0.209151568876568,0.448704295278119,0.20906852909643733,0.44761412597436245
780,13.0,feeder2_1363,0.20868992463667002,0.44375362193314893,0.2086081644581247,0.442660035824675
780,13.0,feeder2_1446,0.23683526152971698,0.5564557908397436,0.23673787433503582,0.5551469899372068
780,13.0,feeder2_1502,0.2391842614577126,0.563186997850561,0.2390859656304348,0.5618330227224418
780,13.0,feeder2_1428,0.20863352219585907,0.44367375388755265,0.20855113688368113,0.4425804459740462
780,13.0,feeder2_1380,0.2085068367589102,0.4385089189716757,0.2084294221655254,0.43741240041396695
780,13.0,feeder2_1550,0.20860760448719248,0.43860897695035667,0.2085270959881772,0.4375145245828752
780,13.0,feeder2_1386,0.2084189313828789,0.4360363327808832,0.20834230726084713,0.43493850577253573
780,13.0,feeder2_1551,0.20891289856448952,0.4342716310921245,0.20883108002688447,0.43317140648705477
780,13.0,feeder2_1400,0.20840558881425547,0.4353204798668125,0.20832734175171638,0.43422339419526806
780,13.0,feeder2_1552,0.20786430893754518,0.43217375200010666,0.2077822710751998,0.43107633372632415
780,13.0,feeder2_1408,0.20860933160442097,0.4355273975152358,0.20853300426729796,0.4344267577103449
780,13.0,feeder2_1553,0.20852009479067082,0.4354079636011355,0.2084427719954517,0.434311243758122
780,13.0,feeder2_1416,0.20872614386270383,0.43569355561189893,0.2086485196961963,0.43459321188115174
780,13.0,feeder2_1530,0.2101905192647016,0.43575322336514677,0.2101128776941089,0.4346545146660157
780,13.0,feeder2_1425,0.20873155128076637,0.43596277266015465,0.20865691342676673,0.43486276096335136
780,13.0,feeder2_1589,0.20799429167286726,0.43483775941076375,0.20791689064138894,0.43373637960637534
780,13.0,feeder2_1435,0.20875684652161497,0.4361347125626306,0.20868279199805742,0.43503506085514343
780,13.0,feeder2_1621,0.20275445465651704,0.43981128981131223,0.20268990503153256,0.43871440890046315
780,13.0,feeder2_1564,0.20872898670116716,0.4360172979875901,0.20865206949190304,0.43491739770578675
780,13.0,feeder2_1704,0.2380795400699263,0.5642488780690967,0.23798100824668444,0.5628955894305726
780,13.0,feeder2_1525,0.23991904821839624,0.564668492068338,0.2398182611390534,0.5633017892627836
780,13.0,feeder2_1716,0.23388016488018726,0.5683641392896318,0.23379646606679272,0.5669974311943304
780,13.0,feeder2_1537,0.24063679318871564,0.5661081930815087,0.24053299711588186,0.5647289405147093
780,13.0,feeder2_1645,0.24031450885059208,0.5648560442900448,0.24021384900922826,0.5634733751991551
780,13.0,feeder2_1561,0.24155578058435845,0.5684437362637136,0.24145248949528467,0.567045691809403
780,13.0,feeder2_1657,0.24981616525673128,0.575201644720994,0.24971316990038134,0.5738054215199646
780,13.0,feeder2_1570,0.24160841536047067,0.5677074883236475,0.24150509213303273,0.5663045169042474
780,13.0,feeder2_1756,0.24422551224672068,0.5698374774552502,0.24412377982914502,0.5684347948950532
780,13.0,feeder2_1588,0.24162913913109424,0.5668791471400084,0.24152789411106745,0.5654729540831926
780,13.0,feeder2_1628,0.24286119365207848,0.5673891648305508,0.24275807532773302,0.5659829124207578
780,13.0,feeder2_1598,0.24157508995759275,0.5656636324951162,0.24147246521636084,0.5642462875966558
780,13.0,feeder2_1816,0.23084054790604788,0.5743394849094156,0.23076775607267047,0.5729288291494472
780,13.0,feeder2_1765,0.24151895447940253,0.5656862710327895,0.24141516537825913,0.5642676459176363
780,13.0,feeder2_1641,0.24088710755439544,0.558608555149884,0.24077857200576921,0.5571543815219631
780,13.0,feeder2_1689,0.2398461012402703,0.5516005173304546,0.2397336959270969,0.5501133094459645
780,13.0,feeder2_1744,0.24215443428520453,0.5591325475147552,0.24204543020601116,0.5576731682382762
780,13.0,feeder2_1817,0.23979218609316283,0.5513684564649979,0.23968056784502695,0.5498823619859663
780,13.0,feeder2_1779,0.23983307610419802,0.5516018018288684,0.23971943553654848,0.5501152408711428
780,13.0,feeder2_1800,0.23623974129667152,0.5441994641909963,0.23612148187691753,0.5427097719413676
780,13.0,feeder2_1818,0.23975799462719233,0.545857200034506,0.2395967914164419,0.544309247288953
780,13.0,feeder2_1753,0.24328317003782682,0.5600493854096795,0.24317311042112835,0.5585945931109478
780,13.0,feeder2_1754,0.24278523684783848,0.5592970633662759,0.24267582995086268,0.5578433196267923
810,13.5,secondary,0.0799492597644385,0.04211380503603489,0.07994044224585128,0.042096710448057614
810,13.5,feeder2_44,0.14885274423945336,0.219748480444196,0.1488382601013041,0.21966537256304808
810,13.5,feeder2_45,0.15150162144340046,0.2264451207304583,0.15148156144459293,0.22635481158529072
810,13.5,feeder2_46,0.14583564348247674,0.22231929142618595,0.14582087632527732,0.22223387669730085
810,13.5,feeder2_51,0.1560215668625416,0.23769891465424592,0.15600371917731595,0.23760583423172071
810,13.5,feeder2_48,0.1536923282397743,0.22879500051480808,0.1536770810145224,0.22870868612567744
810,13.5,feeder2_52,0.15588003676657622,0.2365893879243742,0.1558622514186053,0.2364980914564602
810,13.5,feeder2_68,0.16888083886276245,0.26981235442250084,0.16886602505705223,0.26970554535648616
810,13.5,feeder2_69,0.1687509851291471,0.26977532454400693,0.168734267543268,0.26966801535279405
810,13.5,feeder2_71,0.1705916021780143,0.2740737998787422,0.17057205348092774,0.27396524826227336
810,13.5,feeder2_72,0.17081575610703556,0.27431505803190936,0.17079707697160965,0.2742047127122845
810,13.5,feeder2_73,0.17594838729803175,0.2873857909830895,0.17593090019667867,0.2872701051216462
810,13.5,feeder2_74,0.17714470833017404,0.28555840468008065,0.1771279686864805,0.28544355555198925
810,13.5,feeder2_77,0.18054183550837477,0.29910209194414555,0.18052471925972968,0.2989840802332658
810,13.5,feeder2_79,0.18045513641207844,0.29907614177150516,0.18043735225909413,0.2989561291332687
810,13.5,feeder2_81,0.18782564933064338,0.31765055370146583,0.18780445861203018,0.3175252436139633
810,13.5,feeder2_82,0.1903777591531316,0.3203310699521014,0.1903560595522777,0.3202035442502768
810,13.5,feeder2_116,0.21990577300067354,0.3977825191554307,0.2198845526318869,0.39762293663415493
810,13.5,feeder2_119,0.21989049240828049,0.3977309370580816,0.2198671106327558,0.39757221627960626
810,13.5,feeder2_120,0.23187293626890226,0.4275121714507992,0.2318518976802032,0.4273396933653141
810,13.5,feeder2_248,0.23183456201640273,0.42742641357588007,0.23181023142409282,0.4272510683612528
810,13.5,feeder2_124,0.23925846570028456,0.4458340060360728,0.23923386922020806,0.4456542081453131
810,13.5,feeder2_282,0.24581818621919274,0.4523824156489169,0.24579494295111068,0.45220335545889656
810,13.5,feeder2_275,0.23921952897591722,0.4457458308889794,0.23919290383018563,0.4455656945755831
810,13.5,feeder2_151,0.25107783248964044,0.4735210432021532,0.2510512767135928,0.47332816072621026
810,13.5,feeder2_295,0.24610099655257126,0.4745784064184146,0.24607435069937808,0.4743904575923335
810,13.5,feeder2_311,0.2510048852201077,0.4734901086732045,0.2509788215128626,0.47329869471624136
810,13.5,feeder2_201,0.27182483881561864,0.5189785898967849,0.27179392045150336,0.5187640419492698
810,13.5,feeder2_314,0.2719093839720931,0.5190660179979225,0.27188015847395525,0.5188512989917627
810,13.5,feeder2_342,0.3012802910396448,0.5834606150212428,0.30124723899907774,0.5832133793149252
810,13.5,feeder2_368,0.30279221722677074,0.5875778258813792,0.3027590313592038,0.5873277784257267
810,13.5,feeder2_347,0.3139021628096739,0.6074624511582181,0.31386894215960437,0.6072001278562629
810,13.5,feeder2_353,0.32006201883520946,0.6187355478013588,0.320024933947318,0.6184633193423204
810,13.5,feeder2_518,0.3151270264633312,0.6087254574926967,0.3150927122275197,0.6084624040647213
810,13.5,feeder2_365,0.3269124541354486,0.6312739222909673,0.3268753823425837,0.6309922928743825
810,13.5,feeder2_653,0.32002828836790786,0.6186619208153485,0.31999319819952693,0.6183923054958084
810,13.5,feeder2_377,0.3308007160675042,0.6375686140694349,0.33076473726383776,0.6372841192998633
810,13.5,feeder2_622,0.3237400676753276,0.6335220864274473,0.32370606180957645,0.6332451734204948
810,13.5,feeder2_451,0.3028852255528271,0.5876744904026254,0.30285311302685936,0.5874229932029401
810,13.5,feeder2_383,0.30522209772077147,0.5941710601393928,0.3051900721797757,0.5939178800228664
810,13.5,feeder2_385,0.33550960727720325,0.6447269065289265,0.3354724737857334,0.6444373558270554
810,13.5,feeder2_621,0.32565680187603224,0.6384662242964257,0.3256204315510199,0.6381839479105021
810,13.5,feeder2_611,0.3052877521867296,0.5935746831962223,0.30525584422867924,0.5933264935323056
810,13.5,feeder2_405,0.3053762582304373,0.5946139741752314,0.3053426588957727,0.5943653006787672
810,13.5,feeder2_461,0.3546577634935555,0.6740052551187118,0.3546225343423511,0.6736892414446644
810,13.5,feeder2_594,0.33547972474693544,0.6446738176630367,0.33544363576526554,0.6443857094622076
810,13.5,feeder2_732,0.3069349830143922,0.5905010462181739,0.3069023259054398,0.5902485937467152
810,13.5,feeder2_417,0.3065210330661528,0.5988418337129991,0.30648985885150676,0.5985915428275884
810,13.5,feeder2_663,0.30646247519053443,0.5988129065944796,0.30643113486595713,0.5985631623138062
810,13.5,feeder2_444,0.3073943155235262,0.6020683559629667,0.3073624433208157,0.601817704291893
810,13.5,feeder2_759,0.308341585005113,0.6030515201807098,0.3083098641948046,0.6028002116193024
810,13.5,feeder2_842,0.30711728821622114,0.6019399688824327,0.30708517517736955,0.6016908879436088
810,13.5,feeder2_459,0.30768485752752434,0.6031434683676021,0.3076539268946879,0.6028948991691028
810,13.5,feeder2_702,0.3191065375790019,0.6149896157712712,0.31907184441558156,0.6147389048465911
810,13.5,feeder2_493,0.3074626470107189,0.6024572229016106,0.30743180364900496,0.602204833369078
810,13.5,feeder2_651,0.35462620156771874,0.6739893779680194,0.35459040503008143,0.6736745442782935
810,13.5,feeder2_684,0.3702440120260815,0.6979905995213168,0.3702031139195624,0.6976545396439263
810,13.5,feeder2_674,0.3074922199181772,0.6018010558092819,0.3074581465458065,0.6015491499561167
810,13.5,feeder2_696,0.30706955933548535,0.6032478653128365,0.3070389509693386,0.6029973679732779
810,13.5,feeder2_681,0.30717811321387095,0.600712252177107,0.30714475770922467,0.6004602294394967
810,13.5,feeder2_682,0.3080980869229573,0.6007348117988505,0.30806463385843147,0.6004844661962194
810,13.5,feeder2_728,0.37187124949546546,0.703283302991744,0.3718338155494836,0.7029443525203256
810,13.5,feeder2_724,0.3837967063025873,0.7103866365061706,0.38375535013499884,0.7100311164944553
810,13.5,feeder2_703,0.30696106482059377,0.6031977829657151,0.3069264439340514,0.6029462413018428
810,13.5,feeder2_704,0.30656799760649545,0.6035963156587895,0.30653468681551904,0.603344126538756
810,13.5,feeder2_754,0.38493967182894484,0.7115551990061024,0.38489743669308685,0.7111966003456597
810,13.5,feeder2_747,0.38920434861710346,0.7148062804932859,0.3891606286171503,0.7144416503712886
810,13.5,feeder2_828,0.3720157555194584,0.700564755534799,0.3719745890869957,0.7002263419093577
810,13.5,feeder2_763,0.3746187464856489,0.7150173957584824,0.37457816159694657,0.7146781642251877
810,13.5,feeder2_836,0.381783109432084,0.7116091046661153,0.38174157097842193,0.7112494059690037
810,13.5,feeder2_758,0.3940435431406367,0.7206150372139711,0.3939989903991209,0.7202406133568731
810,13.5,feeder2_788,0.3950032442793871,0.7216096834660758,0.3949582846806506,0.7212353092421979
810,13.5,feeder2_812,0.40867888760232646,0.7375372409248838,0.4086333443582341,0.7371386457083361
810,13.5,feeder2_947,0.37736878677322694,0.7178742790326675,0.37733060124646106,0.7175342288567764
810,13.5,feeder2_868,0.3756106365556194,0.7160471695179899,0.3755698560139007,0.7157062595132361
810,13.5,feeder2_785,0.37589790783509125,0.7207057182950799,0.3758579729954649,0.7203657720726926
810,13.5,feeder2_1176,0.37106123459342544,0.7220893993661343,0.3710195573055637,0.7217495903098672
810,13.5,feeder2_846,0.3754893616331174,0.7197976454009708,0.37544837970203104,0.7194561902727256
810,13.5,feeder2_911,0.3795376127391026,0.7339665648674567,0.3794959750103467,0.7336233161717293
810,13.5,feeder2_1107,0.4067190725856406,0.7335218245180952,0.4066758482784697,0.7331162053966379
810,13.5,feeder2_920,0.4133198213116506,0.7434697343157506,0.4132761433283492,0.7430637289955805
810,13.5,feeder2_926,0.42033915943314865,0.7533914004889377,0.4202918822663444,0.7529758664910909
810,13.5,feeder2_1239,0.4131972635477025,0.7422275354358452,0.4131531528807424,0.7418219304965002
810,13.5,feeder2_933,0.42338128280696785,0.7575993333895865,0.42333618574130716,0.7571780518359457
810,13.5,feeder2_1146,0.42064755990692704,0.7543059875272689,0.42059904994082126,0.7538893841782965
810,13.5,feeder2_1124,0.4233506138600558,0.7575763779460444,0.423305644809496,0.7571546201856267
810,13.5,feeder2_942,0.4310831359490477,0.7682975780565173,0.43103652002390197,0.7678668824285472
810,13.5,feeder2_952,0.4396792028937804,0.7718522470600101,0.4396295917697445,0.7714049113497004
810,13.5,feeder2_965,0.4314425596227171,0.769888924157133,0.43139446509999024,0.7694554417123861
810,13.5,feeder2_961,0.44041616800390504,0.7713465321518277,0.44036591986828255,0.7708985311410472
810,13.5,feeder2_963,0.43972032068776634,0.7720434058515433,0.4396709035186795,0.7715935350363415
810,13.5,feeder2_973,0.44433463417040775,0.7691406045061312,0.44428555978001566,0.7686835889415211
810,13.5,feeder2_1128,0.44041942319934185,0.7705117972952797,0.4403698240301773,0.7700603813867539
810,13.5,feeder2_1113,0.44006197592199425,0.7723883790963948,0.44001697814326235,0.7719406028116559
810,13.5,feeder2_1143,0.4421915264734299,0.784177682987804,0.4421416569130969,0.7837323013509154
810,13.5,feeder2_1238,0.4580726442693607,0.7977017096347409,0.45802606721680705,0.7972661213599734
810,13.5,feeder2_979,0.43144425580425094,0.7696571811412496,0.43139929131947735,0.7692235232422923
810,13.5,feeder2_1236,0.45021141019618227,0.7661725065537909,0.4501592840047185,0.7657022789383147
810,13.5,feeder2_989,0.44433445741165667,0.7691376978557447,0.4442835352839969,0.7686815212623185
810,13.5,feeder2_1196,0.4319393826766096,0.7686995568619596,0.43188924880211405,0.7682679531659736
810,13.5,feeder2_1158,0.4438467211284735,0.7688495555541343,0.44379703244360974,0.7683904963828347
810,13.5,feeder2_1122,0.4062539047407446,0.731378198703004,0.4062082875208657,0.7309735795369371
810,13.5,feeder2_1258,0.4046144691317688,0.7344542120354667,0.40457077956638315,0.734052137698579
810,13.5,feeder2_1303,0.4078451425878795,0.7329989311805882,0.40779950181742686,0.7325944093304664
810,13.5,feeder2_1138,0.4057215018811543,0.7290804102729636,0.405676725230295,0.7286755921603282
810,13.5,feeder2_1304,0.40570449337156334,0.7290504911423593,0.40566183294462677,0.7286454316729557
810,13.5,feeder2_1212,0.40460143469616416,0.7242709103848686,0.4045571910848547,0.7238659674927184
810,13.5,feeder2_1311,0.40718180347284005,0.7269674500677861,0.4071377626878996,0.726556928633009
810,13.5,feeder2_1290,0.40275510309002666,0.7161181752064397,0.4027094678989599,0.7157102568903068
810,13.5,feeder2_1325,0.45836897017084977,0.7629094387938689,0.45831407611088215,0.7624209427498249
810,13.5,feeder2_1248,0.45020455547111793,0.7661698129065672,0.4501522575190881,0.76569977863723
810,13.5,feeder2_1249,0.4589306950036444,0.7985847887037317,0.4588821677468358,0.798149447639405
810,13.5,feeder2_1250,0.47471869823304524,0.815108831216437,0.47467331941897967,0.8146700272099813
810,13.5,feeder2_1366,0.4501238407796775,0.766118681533856,0.4500749678246132,0.765648414497269
810,13.5,feeder2_1266,0.4034766102386178,0.7348164655651367,0.40343115573262306,0.734411133952473
810,13.5,feeder2_1372,0.4034674889117863,0.7168670554037408,0.40342030413764457,0.716456072079099
810,13.5,feeder2_1363,0.4005893488905203,0.7063882082436213,0.4005479158375574,0.7059741231163011
810,13.5,feeder2_1446,0.4596388268314067,0.7642138054844526,0.45958713781605764,0.7637231186558389
810,13.5,feeder2_1502,0.46703093397060186,0.7574171140666598,0.4669753870768991,0.7569085089593588
810,13.5,feeder2_1428,0.4005549749865457,0.7063342788743565,0.400513426737057,0.7059212590093109
810,13.5,feeder2_1380,0.3979853435829128,0.6947489898252527,0.3979408852078121,0.6943305141602079
810,13.5,feeder2_1550,0.3996963104939212,0.6965658191015867,0.3996517381172221,0.6961477469740948
810,13.5,feeder2_1386,0.39640717745719123,0.6880714066621791,0.3963612844810626,0.687652796618732
810,13.5,feeder2_1551,0.3963605739584159,0.6880029376984498,0.39631702151546,0.6875866528027701
810,13.5,feeder2_1400,0.39566196725010444,0.6849166114636095,0.3956163589746417,0.6844959177220585
810,13.5,feeder2_1552,0.39523810390426456,0.6841683288947831,0.39519658289655357,0.6837498225153811
810,13.5,feeder2_1408,0.3942231283581883,0.6787352549769327,0.39417802749539127,0.678315628838516
810,13.5,feeder2_1553,0.394168296215222,0.6786621607487202,0.3941243233361781,0.6782429090026246
810,13.5,feeder2_1416,0.3934793783566184,0.6755351466855851,0.3934357367632758,0.6751145065153584
810,13.5,feeder2_1530,0.3942737672700588,0.6763965102074004,0.39423431364501765,0.6759761329973217
810,13.5,feeder2_1425,0.3919015905043899,0.6689226839664151,0.39185790190629893,0.6684998839321283
810,13.5,feeder2_1589,0.3866526675063182,0.6585351834333463,0.3866084584007458,0.658108568789503
810,13.5,feeder2_1435,0.3918454575630796,0.6684891679666957,0.39180471694592334,0.6680681702851027
810,13.5,feeder2_1621,0.3840777813132562,0.6651662220445281,0.3840381846553214,0.6647481206431662
810,13.5,feeder2_1564,0.3918219550528406,0.6684250284311559,0.39177757169358546,0.6680049558139736
810,13.5,feeder2_1704,0.4665492023629313,0.7571364092065105,0.46649515248459267,0.7566264519524951
810,13.5,feeder2_1525,0.4692676293709808,0.7561396011471633,0.46921114139745446,0.7556257524600568
810,13.5,feeder2_1716,0.46255374165332713,0.7522260954018265,0.4625012304990375,0.7517150989376549
810,13.5,feeder2_1537,0.47181885703883664,0.7554886280118936,0.4717666871695476,0.7549681246576051
810,13.5,feeder2_1645,0.4721528507668362,0.7546613048734062,0.47209878672801203,0.7541402830829905
810,13.5,feeder2_1561,0.4747190586081891,0.7552244101452599,0.47466284818646987,0.7546987983791084
810,13.5,feeder2_1657,0.47506213964022614,0.7555829253357147,0.47500645682228215,0.7550527976805529
810,13.5,feeder2_1570,0.4759492346770029,0.7550239982109895,0.47589385664974687,0.7544923337955489
810,13.5,feeder2_1756,0.4809049901897807,0.7602205610211082,0.48084775208394137,0.759690337140083
810,13.5,feeder2_1588,0.4770305234210573,0.7545021816542624,0.4769756218359246,0.7539678081138801
810,13.5,feeder2_1628,0.47822887045812135,0.7557562043119289,0.4781725390458247,0.7552195685753386
810,13.5,feeder2_1598,0.47830582624145523,0.753465802351515,0.4782487936530943,0.75292827312775
810,13.5,feeder2_1816,0.4742111699937885,0.7517253361767426,0.4741548486711669,0.7511918725659423
810,13.5,feeder2_1765,0.47819808886999704,0.7533793270675011,0.47814244288777064,0.7528416454155856
810,13.5,feeder2_1641,0.48464788761371685,0.749209959149878,0.48459022042612243,0.7486518530290553
810,13.5,feeder2_1689,0.4875994710380504,0.7335035136581759,0.48753800359201327,0.7329319548266623
810,13.5,feeder2_1744,0.49180527678410285,0.7567404946412636,0.4917462662777936,0.7561809072711505
810,13.5,feeder2_1817,0.48750674685115525,0.7332679584892855,0.4874440663933445,0.7326949775011942
810,13.5,feeder2_1779,0.4856535230657081,0.7344016632249276,0.4855937048888066,0.7338286001616238
810,13.5,feeder2_1800,0.4875773672492958,0.7334710146585229,0.4875194444696259,0.7328974844660125
810,13.5,feeder2_1818,0.5127663275708705,0.6947376906415065,0.5126900621221434,0.6941333162604958
810,13.5,feeder2_1753,0.49413938135420216,0.7592060677007207,0.4940832556185166,0.7586465938123879
810,13.5,feeder2_1754,0.4962458050103656,0.7614091656549433,0.4961862585192555,0.760850932440298
840,14.0,secondary,0.05675190453444932,0.025838744199803674,0.056761081726052084,0.025846890425513542
840,14.0,feeder2_44,0.10566926413732117,0.13483375975990758,0.10568426186387495,0.134866306122667
840,14.0,feeder2_45,0.10750839232473222,0.13897804864725413,0.10752453240123452,0.13901048875634517
840,14.0,feeder2_46,0.10505841492871655,0.13590251458717328,0.10507130084978983,0.1359327801506497
840,14.0,feeder2_51,0.11050726619563464,0.14666014503744032,0.11052100534955846,0.14669339458069597
840,14.0,feeder2_48,0.11199942448845801,0.13535443791302718,0.11201434880377895,0.13539369340830995
840,14.0,feeder2_52,0.10951088170666956,0.1446867579157145,0.10952689071547146,0.14471662814582395
840,14.0,feeder2_68,0.11914382843501876,0.1690452727447593,0.11915939088506534,0.16907808359290827
840,14.0,feeder2_69,0.11906977217998034,0.1691946188329978,0.11908646288107864,0.16923214433729802
840,14.0,feeder2_71,0.12029217278850216,0.17200263610012484,0.12030628549700767,0.17203907335516327
840,14.0,feeder2_72,0.12052537246153198,0.17204280099446279,0.12054226540067975,0.1720787083614845
840,14.0,feeder2_73,0.12388698575075917,0.18124811632830734,0.12390265807206108,0.1812828767993638
840,14.0,feeder2_74,0.12450010588102502,0.18082662401223157,0.1245150108794638,0.1808562237062467
840,14.0,feeder2_77,0.12699011733456878,0.18927709857201616,0.12700674978671087,0.18931331762107592
840,14.0,feeder2_79,0.12497094429341751,0.1913983276087313,0.12498962292245021,0.1914378945612023
840,14.0,feeder2_81,0.13203930692095606,0.20114519601112665,0.13205753079016225,0.20118080846099323
840,14.0,feeder2_82,0.13496777446782873,0.20146589975792725,0.1349853835373402,0.2015123548471265
840,14.0,feeder2_116,0.1542720611456502,0.25366383967944633,0.15429257721566433,0.25370869316080025
840,14.0,feeder2_119,0.15483866060845822,0.25328703971700156,0.15485762076350681,0.2533272221486261
840,14.0,feeder2_120,0.16261585710348306,0.273439764915214,0.16263647886271493,0.2734833450995781
840,14.0,feeder2_248,0.16253692384330048,0.2733223008335864,0.16255837093170092,0.27336563127326907
840,14.0,feeder2_124,0.16777262956255656,0.2856533914418912,0.16779392240855828,0.28570039471692965
840,14.0,feeder2_282,0.18946713294772832,0.28897198277558045,0.18949221207245587,0.28904278598178124
840,14.0,feeder2_275,0.16831724330776562,0.28511028592014476,0.16834245941625317,0.28515174521602327
840,14.0,feeder2_151,0.17456113250223435,0.30489806940991854,0.17458406560454595,0.30493432753098176
840,14.0,feeder2_295,0.16956735914768403,0.31793458572880473,0.16958573864864665,0.3179593857717048
840,14.0,feeder2_311,0.17452837236294516,0.30499065605009235,0.17454998201572697,0.3050245137436835
840,14.0,feeder2_201,0.18523509807038666,0.31912404728617527,0.1852617102038503,0.31915960249113234
840,14.0,feeder2_314,0.18586969988945262,0.31850182361784746,0.18589656284288877,0.31853904511174186
840,14.0,feeder2_342,0.2000458454925728,0.3405333960380084,0.20007666180861614,0.3405641480685894
840,14.0,feeder2_368,0.19983548750986246,0.338853709371781,0.19986361272466108,0.33888343265810295
840,14.0,feeder2_347,0.2078020806218649,0.3542203999275475,0.20783252525434637,0.3542486050338488
840,14.0,feeder2_353,0.2115814140891562,0.3609301362682385,0.21161286435078708,0.3609642976208278
840,14.0,feeder2_518,0.2088300393131332,0.35432421342686893,0.2088610824343823,0.3543546555313404
840,14.0,feeder2_365,0.2157900433229601,0.3684241859307071,0.21582151327454677,0.3684531836127829
840,14.0,feeder2_653,0.21151226075292862,0.36083393383453966,0.21154428359934757,0.36086915414343174
840,14.0,feeder2_377,0.21807763176111494,0.37248664047543145,0.21810847264199254,0.37252233326879386
840,14.0,feeder2_622,0.21578028610553546,0.36845507862717014,0.21581319713794142,0.36848576943068506
840,14.0,feeder2_451,0.1999255404778839,0.33886837134390724,0.19995703046648317,0.3388988300745365
840,14.0,feeder2_383,0.19948141407338435,0.3361454015545925,0.19951059801266652,0.33617029438501106
840,14.0,feeder2_385,0.22048375798827802,0.37278161632433787,0.22051845548185828,0.3728237461784176
840,14.0,feeder2_621,0.21344386497556908,0.38645831649165974,0.2134708546172679,0.3864757075419575
840,14.0,feeder2_611,0.19943209560363465,0.3349011501012805,0.19946268743301399,0.3349229450563066
840,14.0,feeder2_405,0.19947461555834398,0.3360553693195201,0.19950423155632177,0.33607553283976344
840,14.0,feeder2_461,0.2302859190347551,0.3744697759326025,0.23032342516331852,0.3745319219298515
840,14.0,feeder2_594,0.2204279883952575,0.3727063520947755,0.2204616560769977,0.3727480209095886
840,14.0,feeder2_732,0.19828008177641582,0.33325523358515796,0.1983095539896485,0.33327410542127756
840,14.0,feeder2_417,0.19957674333686842,0.3360522387661126,0.1996074115959051,0.3360725911234009
840,14.0,feeder2_663,0.19830108207419644,0.3373892355262235,0.19832869099537018,0.33741438378002553
840,14.0,feeder2_444,0.19974829809231048,0.3356289592138967,0.19977929765793062,0.335647678926721
840,14.0,feeder2_759,0.20125789587670898,0.3357392367441048,0.2012865265599665,0.33576499786397734
840,14.0,feeder2_842,0.1989465925481038,0.3379187849698933,0.19897912144021193,0.3379370671272982
840,14.0,feeder2_459,0.19978334005700582,0.33534040022576395,0.1998123851169154,0.335358130061176
840,14.0,feeder2_702,0.20316578950200972,0.3336871915645776,0.20319361029635102,0.3337143501689781
840,14.0,feeder2_493,0.19951145525224584,0.3347984201304773,0.1995431392122823,0.33481981112397485
840,14.0,feeder2_651,0.2300325788946774,0.3751370996775825,0.2300675434842371,0.37519749923826407
840,14.0,feeder2_684,0.23822702260103684,0.37558186902576574,0.23826751946834168,0.37566489587525687
840,14.0,feeder2_674,0.19922801171387353,0.3341525482799079,0.19925664077763147,0.33417178392287417
840,14.0,feeder2_696,0.19943925554384476,0.33637038016848164,0.19946837225072608,0.33639300870036987
840,14.0,feeder2_681,0.19832569579948198,0.3325257441273607,0.19835727981167317,0.3325440626221195
840,14.0,feeder2_682,0.19944399219006215,0.33395035520697575,0.1994732479445746,0.33397169344952915
840,14.0,feeder2_728,0.23649757689379658,0.3672725836569015,0.23653753613482975,0.36735115380272654
840,14.0,feeder2_724,0.24989128160900115,0.39641371740323134,0.2499355034604671,0.396525826168131
840,14.0,feeder2_703,0.19939084910934052,0.33651487690963494,0.1994216994578754,0.33653669779015627
840,14.0,feeder2_704,0.1991577218534057,0.3369457389564371,0.1991877706869255,0.336968488168545
840,14.0,feeder2_754,0.2522747876686895,0.39506449719090436,0.2523164166986345,0.3951784983593497
840,14.0,feeder2_747,0.25433482895783965,0.40566056927148547,0.25437762328074864,0.4057789184192644
840,14.0,feeder2_828,0.23160754239392223,0.3597395609388054,0.23165090185642742,0.3598141766256054
840,14.0,feeder2_763,0.23678130577840287,0.3666432827083044,0.23682139208576805,0.3667241277925989
840,14.0,feeder2_836,0.24972021160742214,0.4181680835176565,0.2497545930691994,0.4182652603957953
840,14.0,feeder2_758,0.2578507652207073,0.40870204598354176,0.25789277313980463,0.4088342426954332
840,14.0,feeder2_788,0.25904046647991846,0.4089830905854318,0.25908311181090554,0.40912175922009214
840,14.0,feeder2_812,0.26844973096038616,0.418680536795511,0.26849938376222204,0.41885799012363994
840,14.0,feeder2_947,0.2390832190471463,0.36709144292779083,0.23912336762459346,0.36717411047874865
840,14.0,feeder2_868,0.23790964208386164,0.36684058036600364,0.23795144409529856,0.3669235758059209
840,14.0,feeder2_785,0.23662777787962938,0.3659288656293248,0.23666849835820455,0.36601123536610447
840,14.0,feeder2_1176,0.2365738044821836,0.36608938712371875,0.23661402479121305,0.3661765204419134
840,14.0,feeder2_846,0.2356913882058599,0.3645212636326238,0.23573321219540463,0.36460571637665457
840,14.0,feeder2_911,0.23672850659189168,0.3660927652707339,0.23676795694004263,0.36617268658234936
840,14.0,feeder2_1107,0.2712567658244015,0.4250217681152684,0.27130842694129176,0.42522182904774036
840,14.0,feeder2_920,0.2706558177209649,0.4200090529755359,0.27070434699149737,0.4201959471203433
840,14.0,feeder2_926,0.2740841072798175,0.4227709015124385,0.27413411254776454,0.4229699909844055
840,14.0,feeder2_1239,0.2704893755182172,0.4191665092433638,0.2705405268513209,0.4193503424949009
840,14.0,feeder2_933,0.27554703572216016,0.42414283946083114,0.27559792344607936,0.4243481650457427
840,14.0,feeder2_1146,0.2743425012507655,0.4221865049454254,0.27439427855103415,0.42238517409263027
840,14.0,feeder2_1124,0.2755330030736869,0.42417752819698223,0.2755834138262736,0.42438166179187786
840,14.0,feeder2_942,0.2792475261372804,0.42764723292162143,0.2792990251908193,0.4278676479920475
840,14.0,feeder2_952,0.2841324643902297,0.4328392392871907,0.2841872771642166,0.43307654131005896
840,14.0,feeder2_965,0.2793221100008456,0.42765859176661986,0.27937683789511786,0.4278792447214197
840,14.0,feeder2_961,0.2845877243677465,0.43340475493975417,0.2846440484695013,0.43363742780946435
840,14.0,feeder2_963,0.2841479684629157,0.43283928949934564,0.2842039110505862,0.4330719222346829
840,14.0,feeder2_973,0.28704048769503165,0.43668274049559475,0.287098404723755,0.43692867533462615
840,14.0,feeder2_1128,0.2845325697028399,0.43294591810228467,0.28458674906728565,0.4331809997662884
840,14.0,feeder2_1113,0.2845371828715984,0.43256395727178704,0.28459230680916264,0.4327984048105969
840,14.0,feeder2_1143,0.28489816402232454,0.4335616620893666,0.284955272591119,0.4338085229766728
840,14.0,feeder2_1238,0.28618990780863246,0.4284753119705308,0.286242691649371,0.4287019475507467
840,14.0,feeder2_979,0.2793100141575207,0.4275604120158117,0.27936206824204307,0.42778008874986345
840,14.0,feeder2_1236,0.2906673354364565,0.44117758705502896,0.2907256939546958,0.4414364360054802
840,14.0,feeder2_989,0.2870408193440556,0.4366865689546361,0.2870976690881158,0.4369307739354688
840,14.0,feeder2_1196,0.2794589225777769,0.42721394985428846,0.2795125924010226,0.4274362232763212
840,14.0,feeder2_1158,0.2867841810513206,0.43723494899841325,0.2868414172213381,0.4374753160902595
840,14.0,feeder2_1122,0.2724072710886763,0.4268248525473707,0.2724570290747621,0.42702927429448984
840,14.0,feeder2_1258,0.2705444392004203,0.425979289256317,0.2705956561351047,0.4261737352228089
840,14.0,feeder2_1303,0.27334222537034997,0.42714324433309775,0.27339233403766716,0.42734878678445126
840,14.0,feeder2_1138,0.27326167761241144,0.4281399124994108,0.2733124552946722,0.4283481392168031
840,14.0,feeder2_1304,0.27358934296895066,0.4275798928514849,0.27364255401990445,0.4277901602656815
840,14.0,feeder2_1212,0.2751391902512936,0.43157599253089973,0.27518982180755586,0.4318012095504421
840,14.0,feeder2_1311,0.29188612502905387,0.43662155208642073,0.2919386197366263,0.43686874560023126
840,14.0,feeder2_1290,0.274962634616507,0.43082785507551813,0.27501458330661405,0.4310395392701661
840,14.0,feeder2_1325,0.2960693742360937,0.4417130915068432,0.29613011719509147,0.4419918920709795
840,14.0,feeder2_1248,0.29064565851453866,0.44120558160149786,0.2907034369006702,0.44146372213094487
840,14.0,feeder2_1249,0.28753220101517196,0.4285100449345455,0.28758570092087293,0.42874118968508007
840,14.0,feeder2_1250,0.28777780618587945,0.42901458817746807,0.2878290206642281,0.42924753434507196
840,14.0,feeder2_1366,0.2887732264853752,0.44327885967310987,0.28882948154661736,0.44353234102473243
840,14.0,feeder2_1266,0.2703671807641903,0.42634026163931454,0.2704148633405433,0.4265364488673806
840,14.0,feeder2_1372,0.27539983041230937,0.4312560862438506,0.27545024344224023,0.4314752981605291
840,14.0,feeder2_1363,0.27470931996435666,0.4294099322515794,0.2747626761149237,0.42962408977811706
840,14.0,feeder2_1446,0.29799091284568874,0.4416813165286557,0.2980530584907022,0.4419625369683729
840,14.0,feeder2_1502,0.3016056613309741,0.44224871528108084,0.30166840567898534,0.44254121405160424
840,14.0,feeder2_1428,0.27503238234856203,0.4287861040977753,0.2750863438122497,0.4289915595334853
840,14.0,feeder2_1380,0.2745331076140947,0.42890967829828663,0.2745855508663348,0.4291125425995719
840,14.0,feeder2_1550,0.27631093011558816,0.42872002940923776,0.27636214821349336,0.4289238279470713
840,14.0,feeder2_1386,0.27424908068260173,0.42869224282948337,0.2743039148905294,0.42889675063094035
840,14.0,feeder2_1551,0.2744911962988433,0.428135977409916,0.2745441464206922,0.4283323374944468
840,14.0,feeder2_1400,0.2741321073275454,0.428745058087931,0.27418283721395087,0.4289450636225111
840,14.0,feeder2_1552,0.27332203226143886,0.4274570268323669,0.2733751708278729,0.42765786295421776
840,14.0,feeder2_1408,0.2740227886159836,0.4295356104359588,0.2740751848966283,0.4297300678641093
840,14.0,feeder2_1553,0.27465454499517794,0.42845047905597433,0.27470517101392755,0.4286443086557492
840,14.0,feeder2_1416,0.273998778347498,0.43024220200343277,0.2740521428783335,0.4304380966202219
840,14.0,feeder2_1530,0.27411710149182583,0.43029055776239045,0.27416801175855576,0.4304835278718937
840,14.0,feeder2_1425,0.27394321367875407,0.43156012705055985,0.2739941493623381,0.4317580261727791
840,14.0,feeder2_1589,0.2738968774458317,0.43148463040646334,0.27395084415817184,0.4316756607053596
840,14.0,feeder2_1435,0.2739335274012856,0.4318331602285984,0.2739884636534713,0.4320307995438115
840,14.0,feeder2_1621,0.2718062929878701,0.43504785494773346,0.27185863003758826,0.4352381711625946
840,14.0,feeder2_1564,0.27390629697118957,0.43169692476244853,0.27395800458947434,0.4318914886433374
840,14.0,feeder2_1704,0.3012675655843695,0.44287987914112364,0.30133040072666817,0.44317663173746036
840,14.0,feeder2_1525,0.30301585235525663,0.4421981295943738,0.3030811716685084,0.44250379085407804
840,14.0,feeder2_1716,0.2982230424242128,0.4478260851366304,0.2982858968346629,0.4481233492840757
840,14.0,feeder2_1537,0.30468884490192427,0.4413100952660707,0.30475379326213575,0.4416174750646121
840,14.0,feeder2_1645,0.30445036962171673,0.4402670524685603,0.3045175275152207,0.4405735179394709
840,14.0,feeder2_1561,0.30668405945651445,0.4409408937934871,0.30675089368026887,0.44125958118325986
840,14.0,feeder2_1657,0.3083279672987589,0.4404343623705739,0.3083967202331153,0.4407601915936416
840,14.0,feeder2_1570,0.30744510571285716,0.44087023134285386,0.3075132643223598,0.4411908070583562
840,14.0,feeder2_1756,0.33943093856051976,0.4529067925281681,0.33950189661965635,0.4532905735577599
840,14.0,feeder2_1588,0.3077897487124008,0.4399333877759609,0.30785604254768245,0.4402556222110628
840,14.0,feeder2_1628,0.30864885902892386,0.4402960229770729,0.3087154802961404,0.44061921920667974
840,14.0,feeder2_1598,0.30818294592281703,0.4386305498257754,0.3082506224652609,0.43894700801747744
840,14.0,feeder2_1816,0.2990929802458976,0.45106140997938127,0.2991542567746987,0.45136669502156157
840,14.0,feeder2_1765,0.308128777662577,0.4387412739685081,0.30819731975678955,0.43906415075555444
840,14.0,feeder2_1641,0.3102966444336739,0.4286936429704038,0.310366561341813,0.42900689124770197
840,14.0,feeder2_1689,0.31192687022202475,0.41978557700586916,0.3120000656920495,0.4200975118134543
840,14.0,feeder2_1744,0.3109273294221235,0.42897866598092155,0.3109963000607979,0.4292921136459454
840,14.0,feeder2_1817,0.31174860563675827,0.4185573528725737,0.31182216407651747,0.41886225106696273
840,14.0,feeder2_1779,0.31110810303682357,0.4208732516920843,0.31117874857119815,0.4211850309231915
840,14.0,feeder2_1800,0.31173521739073756,0.4194746187990781,0.3118077880245806,0.41978215724616585
840,14.0,feeder2_1818,0.3275399506099866,0.40059113884958,0.32764017454011896,0.40088657254000304
840,14.0,feeder2_1753,0.31226372991263823,0.4295253078086734,0.3123348894086576,0.4298472934542648
840,14.0,feeder2_1754,0.3110728388021714,0.429057605031692,0.311144064621027,0.42937345197687893
870,14.5,secondary,0.0802116240075881,0.039857344883057234,0.08021423649972392,0.03984535095877121
870,14.5,feeder2_44,0.14933256325726982,0.20796228213665743,0.14933234033165665,0.20789390685362918
870,14.5,feeder2_45,0.15199380418299274,0.21376636890862405,0.1519922409570278,0.21369505095321248
870,14.5,feeder2_46,0.14234836332673767,0.21593898826375146,0.14234701590831228,0.2158719444457196
870,14.5,feeder2_51,0.15661798953198997,0.22385942283056362,0.15661903003677757,0.2237825900532911
870,14.5,feeder2_48,0.1521839019093916,0.2136693282242627,0.1521831625451322,0.21359630175888994
870,14.5,feeder2_52,0.1546642746763713,0.22220479092174944,0.1546643157977309,0.22212945890581257
870,14.5,feeder2_68,0.1699352208076267,0.2530463325810387,0.16993640282974207,0.2529559809060845
870,14.5,feeder2_69,0.16988403343433844,0.2532382908229437,0.16988366354445392,0.2531526532301482
870,14.5,feeder2_71,0.17170343002818983,0.2569055889847206,0.17170470508769284,0.2568160075887012
870,14.5,feeder2_72,0.17193127128445604,0.2567946688214716,0.1719323908892193,0.2567054333040421
870,14.5,feeder2_73,0.17723880779873177,0.26899647675862265,0.17723911214500743,0.2689021695937777
870,14.5,feeder2_74,0.17714803777479,0.2689166181406273,0.17714997084907882,0.26882751210196504
870,14.5,feeder2_77,0.18199815012214982,0.27938484799959007,0.18200108717088076,0.2792904787028562
870,14.5,feeder2_79,0.18196466230226238,0.27951451593082727,0.18196512376953403,0.27941440522689964
870,14.5,feeder2_81,0.18953152271708368,0.2957650668408285,0.1895319799742313,0.29566140654934037
870,14.5,feeder2_82,0.19325953626246928,0.29379250780753613,0.19325934842812226,0.29369663463151335
870,14.5,feeder2_116,0.22282900606117906,0.3709292633651792,0.22283102931987975,0.3708026000351184
870,14.5,feeder2_119,0.2227846094842262,0.3708917480304963,0.22278652700902382,0.3707552165574627
870,14.5,feeder2_120,0.23523223410378838,0.39879441717777014,0.2352346624857705,0.3986503056792101
870,14.5,feeder2_248,0.23514268616930317,0.3987188793560743,0.23514586560963638,0.39857472147121553
870,14.5,feeder2_124,0.24288456357247495,0.41596796013150633,0.2428868287550943,0.4158192486680872
870,14.5,feeder2_282,0.24581040509310184,0.4145941915352182,0.245813063620087,0.4144470877762164
870,14.5,feeder2_275,0.24339247240720224,0.41717387491351265,0.24339767619523706,0.417023509596937
870,14.5,feeder2_151,0.2561247028318064,0.44596744173771485,0.25612721007139966,0.4458080471609881
870,14.5,feeder2_295,0.25566057654367746,0.4481353561026484,0.25566282825542735,0.4479717946583547
870,14.5,feeder2_311,0.2561043873438709,0.4460862488525337,0.2561071156830494,0.4459245827019019
870,14.5,feeder2_201,0.2780243074326907,0.49257210432981874,0.2780279363063301,0.49239466505727286
870,14.5,feeder2_314,0.27976740943323947,0.49033133826801223,0.27976804512565195,0.49015230365921864
870,14.5,feeder2_342,0.30823390685625096,0.5632842872896698,0.30823654283418045,0.563072528118393
870,14.5,feeder2_368,0.30821149520481483,0.5628498357724587,0.30821340051534285,0.5626415412622151
870,14.5,feeder2_347,0.3230516541355264,0.5987831703570868,0.32305266061630716,0.5985625612185391
870,14.5,feeder2_353,0.3302911949717323,0.616818033969266,0.33029277906392507,0.616591073609826
870,14.5,feeder2_518,0.32483334283541615,0.5979345263450677,0.3248345258325834,0.5977119771308976
870,14.5,feeder2_365,0.3383372124215541,0.6368586920597291,0.33833992958655756,0.6366176867301481
870,14.5,feeder2_653,0.3302136481704682,0.6167563102592089,0.330216458493843,0.6165230179904472
870,14.5,feeder2_377,0.3427083137898487,0.6477333312026875,0.34271450750438226,0.6474892857927182
870,14.5,feeder2_622,0.338331687898297,0.6368972940688054,0.33833449473462207,0.6366547908446583
870,14.5,feeder2_451,0.30952411315514033,0.5612161753373128,0.3095272712932258,0.5610082675440459
870,14.5,feeder2_383,0.3078201834275598,0.5634468280172714,0.307824339304053,0.5632434885450656
870,14.5,feeder2_385,0.34768732376343237,0.6594882493848873,0.34768850086124975,0.6592428385973457
870,14.5,feeder2_621,0.34233215887651636,0.6500357300058812,0.34233377849872615,0.6497977509865843
870,14.5,feeder2_611,0.3077492684511694,0.5633882820927416,0.3077496922931351,0.5631857100603591
870,14.5,feeder2_405,0.30779699358766927,0.5634875834204488,0.30779776147441995,0.5632831697124532
870,14.5,feeder2_461,0.36793795186531575,0.7073009867930918,0.3679425663328034,0.7070338963831324
870,14.5,feeder2_594,0.3476254521205786,0.6594382498452911,0.34762714449452153,0.6591921829972911
870,14.5,feeder2_732,0.3044999400081861,0.5607203140657643,0.304502833954608,0.5605133618869871
870,14.5,feeder2_417,0.3078637924760907,0.5644604326476446,0.3078666366647588,0.5642580399799999
870,14.5,feeder2_663,0.3066584298595306,0.5654133774058101,0.3066592425946201,0.565207774577663
870,14.5,feeder2_444,0.30799790869314186,0.5648831199136024,0.308001808436848,0.564677679946959
870,14.5,feeder2_759,0.3103274544211309,0.5637969388681665,0.31033003518465563,0.563590158969221
870,14.5,feeder2_842,0.30760811600028737,0.5674141001315801,0.30760903482070695,0.5672078303693383
870,14.5,feeder2_459,0.30800265511239455,0.5649427062602055,0.30800525236888954,0.5647377664435685
870,14.5,feeder2_702,0.3096289736895881,0.5642088471947746,0.30963138614523644,0.5640081039868167
870,14.5,feeder2_493,0.30786770232790134,0.5654077283506203,0.3078713819232116,0.5651989293379706
870,14.5,feeder2_651,0.3677226168688657,0.7093059492735087,0.3677246882684921,0.7090395016663432
870,14.5,feeder2_684,0.3842264190086103,0.7439687186825358,0.38422927689403125,0.7436853226184733
870,14.5,feeder2_674,0.3076012074917018,0.5651956606511744,0.3076017514728699,0.5649883549576993
870,14.5,feeder2_696,0.30789044977153396,0.5678032411526105,0.3078946224715075,0.5675984766149461
870,14.5,feeder2_681,0.30691339451075744,0.5646495519752573,0.30691816357883156,0.5644424475157028
870,14.5,feeder2_682,0.3075400484639492,0.5651452924832634,0.30754388655634013,0.5649431201498092
870,14.5,feeder2_728,0.38422096047535004,0.7417113136755816,0.384223845441638,0.741419048959584
870,14.5,feeder2_724,0.4011267613314895,0.7867100193532456,0.4011302041673364,0.7864040694119822
870,14.5,feeder2_703,0.3078643998102336,0.5679803021671815,0.30786579655618146,0.5677704626780367
870,14.5,feeder2_704,0.3076509913422037,0.5686537951438623,0.30765272580888636,0.5684430150502492
870,14.5,feeder2_754,0.4012084774803992,0.7866750913313554,0.40121017477305865,0.7863731841172404
870,14.5,feeder2_747,0.4080256695187765,0.8041763662073687,0.4080268939755328,0.8038612057861524
870,14.5,feeder2_828,0.3833889061598169,0.7410706036473649,0.3833915578077854,0.7407852825669661
870,14.5,feeder2_763,0.3846429031658857,0.7394558467764903,0.38464872856716253,0.7391694761232485
870,14.5,feeder2_836,0.4019296680908812,0.8217705293653205,0.4019298821161769,0.8214583654379718
870,14.5,feeder2_758,0.41372850124227745,0.8113168149752474,0.4137316120140261,0.8109972203186745
870,14.5,feeder2_788,0.41601137229077695,0.8093826171282922,0.41601584717967166,0.80906508565422
870,14.5,feeder2_812,0.4306891794416913,0.8356187412436966,0.4306945716153486,0.8352832741311458
870,14.5,feeder2_947,0.3886016701177161,0.7375450164901176,0.3886053817276759,0.7372617011381701
870,14.5,feeder2_868,0.38605497022414614,0.7384567407474424,0.38605854579178406,0.7381700155052664
870,14.5,feeder2_785,0.384431662567176,0.7390913200441651,0.3844353412999153,0.7388042751359809
870,14.5,feeder2_1176,0.3844092189187512,0.7393122725995043,0.3844152730764806,0.7390228718619152
870,14.5,feeder2_846,0.3834726366117809,0.738550464617909,0.38347763529845025,0.7382649449491432
870,14.5,feeder2_911,0.3844529425075912,0.7390594234613455,0.38445389683461906,0.7387708077296978
870,14.5,feeder2_1107,0.4345891835076494,0.8252182315815048,0.4345955937275586,0.8248831929688637
870,14.5,feeder2_920,0.43437144864750254,0.8453413306364341,0.4343786681768009,0.8449937963093811
870,14.5,feeder2_926,0.4399862708339143,0.860274662213148,0.4399934428791464,0.8599117065073719
870,14.5,feeder2_1239,0.4342222984534314,0.8448695558151196,0.43422731457951225,0.8445227609047328
870,14.5,feeder2_933,0.4424126055130033,0.8671778146862443,0.44241679843438847,0.8668108333623893
870,14.5,feeder2_1146,0.4402690264731196,0.8589751704239572,0.4402753547509593,0.8586212684136636
870,14.5,feeder2_1124,0.44157558401218494,0.8678170940543555,0.44158140733049567,0.8674567298657917
870,14.5,feeder2_942,0.4486566690779628,0.8840532586539107,0.44866405529622205,0.8836757929392165
870,14.5,feeder2_952,0.457519337406335,0.9116196650991196,0.45752547821457656,0.9112185223746799
870,14.5,feeder2_965,0.4487027544525125,0.8837254091384333,0.4487097407606213,0.8833519098041942
870,14.5,feeder2_961,0.4584316363083506,0.9147802508558034,0.4584371523184484,0.9143815843999318
870,14.5,feeder2_963,0.45752905763288026,0.9115825178658413,0.45753475118617876,0.9111834480962452
870,14.5,feeder2_973,0.46329215867104595,0.9316509344955598,0.46329728070355625,0.9312406449043419
870,14.5,feeder2_1128,0.45841874018796736,0.9147395720051367,0.45842292079288016,0.9143378440251013
870,14.5,feeder2_1113,0.4580032717419299,0.911014477410433,0.45800646751496304,0.9106179190137947
870,14.5,feeder2_1143,0.45784451472367343,0.91067319764736,0.4578488076207464,0.9102758798843305
870,14.5,feeder2_1238,0.4560764420184513,0.8782946132640523,0.4560812254900583,0.8779185273012312
870,14.5,feeder2_979,0.4486524617982473,0.8837064024762251,0.44865666633825474,0.8833250930681442
870,14.5,feeder2_1236,0.4704769545396892,0.9559976620991806,0.47048225591998394,0.9555654155860405
870,14.5,feeder2_989,0.4632928846643785,0.9316597121228325,0.4632984365806521,0.931250017987131
870,14.5,feeder2_1196,0.4482828074873645,0.8837612801719859,0.4482900697749143,0.8833839946197997
870,14.5,feeder2_1158,0.46316164057118686,0.9327731105212945,0.4631665820788993,0.9323646073823808
870,14.5,feeder2_1122,0.4360606462860179,0.8202571968610671,0.43606659308178697,0.8199298613083413
870,14.5,feeder2_1258,0.4343148609848203,0.8264164855152668,0.4343210202444729,0.8260846897512262
870,14.5,feeder2_1303,0.4379616865413023,0.819261289317529,0.4379685394597668,0.8189335471637548
870,14.5,feeder2_1138,0.4371184325428552,0.8166679037033951,0.4371243726332974,0.8163407621605753
870,14.5,feeder2_1304,0.43708326609908826,0.8166396380804292,0.43709138802144304,0.816314910837754
870,14.5,feeder2_1212,0.4393773273026277,0.8091490899203222,0.439386431303856,0.8088258598324309
870,14.5,feeder2_1311,0.4575782361175119,0.798723947249588,0.457589053032693,0.7984074364986657
870,14.5,feeder2_1290,0.439627846138867,0.807540510668585,0.43963489953660384,0.8072134559919165
870,14.5,feeder2_1325,0.4792502809775002,0.9725245990920148,0.4792548873596144,0.9720741790678042
870,14.5,feeder2_1248,0.4704600618055145,0.9560780524288129,0.47046610147329193,0.955644038870796
870,14.5,feeder2_1249,0.45689070105236945,0.877887833423055,0.45689576321735315,0.877514964272345
870,14.5,feeder2_1250,0.45928796616777007,0.8754805940682104,0.4592928998764991,0.8751066816015509
870,14.5,feeder2_1366,0.47044198439869434,0.9562225629918134,0.47044896334530834,0.9557898715344808
870,14.5,feeder2_1266,0.43405177704499454,0.8275438027534856,0.4340585147601314,0.8272142857695569
870,14.5,feeder2_1372,0.4411919541252296,0.8061761239153211,0.44120174865021466,0.8058506344269335
870,14.5,feeder2_1363,0.4394297190116024,0.8076804639766276,0.43943766479117385,0.8073530984634173
870,14.5,feeder2_1446,0.480955700458193,0.9717064188427866,0.48096074768967284,0.9712537204405948
870,14.5,feeder2_1502,0.4888184425675993,0.9922845677650138,0.48882592248481704,0.9918036468523406
870,14.5,feeder2_1428,0.43936188720508085,0.8076251625793741,0.43937133344083407,0.8072912492308046
870,14.5,feeder2_1380,0.43922369076675766,0.8080209778953449,0.43923033890800633,0.8076870781487846
870,14.5,feeder2_1550,0.4408556615110781,0.8072287513901469,0.44086416555087665,0.8068947967931182
870,14.5,feeder2_1386,0.4389980124284658,0.8085519543671171,0.4390085134273516,0.8082125884381597
870,14.5,feeder2_1551,0.43930102005879346,0.8096306036519075,0.4393099932971185,0.8092928480342457
870,14.5,feeder2_1400,0.4389538011800663,0.8086283846771964,0.43896156044408685,0.8082841273563087
870,14.5,feeder2_1552,0.43777163829526117,0.8076896441367012,0.4377821444717935,0.8073525213768326
870,14.5,feeder2_1408,0.43903284905066114,0.8093424398621643,0.4390424087786299,0.8089991450756612
870,14.5,feeder2_1553,0.4391358611285696,0.8098769011586462,0.43914327262829483,0.8095347448218205
870,14.5,feeder2_1416,0.4391098656140078,0.8096318889262494,0.43911701401340264,0.8092925189465672
870,14.5,feeder2_1530,0.4407551656028986,0.8075797340337915,0.4407658673840069,0.8072404941958476
870,14.5,feeder2_1425,0.4390265442848683,0.8112508509612876,0.43903330802962365,0.8109090912381923
870,14.5,feeder2_1589,0.43922070520323936,0.8119498370654253,0.4392287853925898,0.8116047624383403
870,14.5,feeder2_1435,0.43902608802839826,0.8115275309738231,0.43903398801837723,0.8111833648395751
870,14.5,feeder2_1621,0.43866819541619734,0.8139705269543129,0.43867818593861985,0.8136244106117246
870,14.5,feeder2_1564,0.43881259549670104,0.8121124623541363,0.43882037341273294,0.8117633036251067
870,14.5,feeder2_1704,0.48770510863618366,0.9940024218685971,0.48771124260033993,0.9935166011186745
870,14.5,feeder2_1525,0.4912955189828815,0.9967669038242495,0.4913025836543908,0.9962810659454002
870,14.5,feeder2_1716,0.4835688228207717,1.0085727105429483,0.48357383124579467,1.0080869643624932
870,14.5,feeder2_1537,0.4941186347725837,0.999935475109308,0.49412882280415704,0.9994345793697577
870,14.5,feeder2_1645,0.4935891554092637,1.0000447737627736,0.4935968037656154,0.9995449327416422
870,14.5,feeder2_1561,0.497464948054874,1.0036003112383052,0.49747319850283683,1.003090650988886
870,14.5,feeder2_1657,0.4975173440944945,1.0035716713366514,0.49752719831871556,1.0030609336288405
870,14.5,feeder2_1570,0.4989074130158133,1.0052006781050644,0.49891542923002863,1.0046879128681936
870,14.5,feeder2_1756,0.5335694329748837,0.9810160933542622,0.5335795699656299,0.9805145245116812
870,14.5,feeder2_1588,0.4998874453641401,1.0081372425236368,0.49989704361887016,1.0076196415817558
870,14.5,feeder2_1628,0.500575663355283,1.0077345803059463,0.5005847553513212,1.0072176267316264
870,14.5,feeder2_1598,0.5010968708653489,1.0119765376513679,0.5011063311988314,1.0114531415575472
870,14.5,feeder2_1816,0.49223650296899896,1.062439225653874,0.49223245073563926,1.06191674679429
870,14.5,feeder2_1765,0.5010776539490086,1.0121843865731468,0.5010868357824695,1.0116568497686798
870,14.5,feeder2_1641,0.5060780904797865,1.015737722279491,0.5060913686274915,1.0151783915605836
870,14.5,feeder2_1689,0.5101007333881665,1.0205092065795833,0.510113061644937,1.019926625838092
870,14.5,feeder2_1744,0.5069761466902477,1.015129180735278,0.5069860193923428,1.0145760083095867
870,14.5,feeder2_1817,0.5098667174915328,1.020808770168921,0.5098791299107674,1.0202232619677418
870,14.5,feeder2_1779,0.5099037648743558,1.02162661525422,0.5099130890913317,1.021045529771367
870,14.5,feeder2_1800,0.5102237968336771,1.0214298198442737,0.510237757500729,1.0208443015724715
870,14.5,feeder2_1818,0.5545278424419822,1.0284392118938193,0.5545596932015378,1.0277985217908923
870,14.5,feeder2_1753,0.5096875519461,1.0132833447103042,0.5096990878605062,1.012730638309273
870,14.5,feeder2_1754,0.5070079644602631,1.015110334873511,0.5070196265913252,1.0145536002665352
900,15.0,secondary,0.04095908691387875,0.020920788809500223,0.040959836962401984,0.02092387201940405
900,15.0,feeder2_44,0.07626364309244371,0.10917025787679767,0.07626750163856692,0.10917783637947594
900,15.0,feeder2_45,0.07756355869990618,0.11233734439824138,0.07756627433799039,0.11234558635817853
900,15.0,feeder2_46,0.07614256055617316,0.11232806858415652,0.0761427458970402,0.11234074916145428
900,15.0,feeder2_51,0.07982265597736932,0.11784599813411775,0.07982426449176538,0.1178583399072906
900,15.0,feeder2_48,0.07772880643284424,0.11230461302943079,0.07772924566188939,0.11231927940125518
900,15.0,feeder2_52,0.07375824577658616,0.11341203658397961,0.0737570525794424,0.11343093677190104
900,15.0,feeder2_68,0.08718196785359941,0.1360151063526121,0.08718283325539807,0.13602813067290853
900,15.0,feeder2_69,0.08719399695946325,0.13618953173912585,0.08719746437090242,0.1361985167224806
900,15.0,feeder2_71,0.08815988494596935,0.13843920241318997,0.088163048383776,0.13845281194354367
900,15.0,feeder2_72,0.08835406064745491,0.13841823264080724,0.08835684674465855,0.13843096962162385
900,15.0,feeder2_73,0.091223302891259,0.14605543475816396,0.09122585773994006,0.1460695200471403
900,15.0,feeder2_74,0.09110468528390082,0.14593735601821206,0.09110776527276641,0.14594542835370306
900,15.0,feeder2_77,0.09386177937025245,0.1526408375205678,0.09386468991965549,0.15265003863978013
900,15.0,feeder2_79,0.09113722896420005,0.15584864428644626,0.09114253259265481,0.15585735908431642
900,15.0,feeder2_81,0.0981465129708784,0.16181128374760353,0.09814929249152626,0.16182131878039893
900,15.0,feeder2_82,0.09967748611244924,0.16162066929619204,0.09968036902935375,0.1616321450685449
900,15.0,feeder2_116,0.11726004394118582,0.20321472424218648,0.11726510467165183,0.20322413330625685
900,15.0,feeder2_119,0.11720242897464289,0.20315642076344978,0.11720380848622466,0.20316501946289447
900,15.0,feeder2_120,0.12437752229276865,0.21866173320393115,0.12437868882656741,0.21867380066754238
900,15.0,feeder2_248,0.12422767815897988,0.21851116201012694,0.12423461759007418,0.21851761731371983
900,15.0,feeder2_124,0.12877469355397392,0.2282406674900121,0.1287781648037371,0.22825034054507978
900,15.0,feeder2_282,0.1363580697116403,0.2281606376157891,0.1363613237046224,0.2281635114894025
900,15.0,feeder2_275,0.1284600043728054,0.22805980341858473,0.12846329396185988,0.22807501029886257
900,15.0,feeder2_151,0.1360753793372455,0.24478082084034417,0.13607848493467578,0.24479672658269544
900,15.0,feeder2_295,0.13689351861552015,0.25056952952655354,0.13689736051777016,0.2505879751129579
900,15.0,feeder2_311,0.13609673825246363,0.24488184914142835,0.13609961682408714,0.24489332364354693
900,15.0,feeder2_201,0.14705000147758274,0.2640410351999524,0.14705572239513534,0.26405352695842904
900,15.0,feeder2_314,0.1471143289980105,0.2640445808703091,0.1471181694963578,0.2640615317641496
900,15.0,feeder2_342,0.16266769226775704,0.2913664246725431,0.16267042641367266,0.2913850159606121
900,15.0,feeder2_368,0.16299292456993741,0.29042859250024955,0.16299675446998343,0.29044844248822754
900,15.0,feeder2_347,0.16998263901877902,0.3065187102236156,0.16999142017498245,0.3065391678001215
900,15.0,feeder2_353,0.17349361247492912,0.31458200374783035,0.1734986303447114,0.3146043073533707
900,15.0,feeder2_518,0.17121187877723087,0.30546172625189116,0.1712143762274663,0.3054857319860584
900,15.0,feeder2_365,0.17740455321255963,0.3235818631049923,0.1774066961220862,0.3236099416968064
900,15.0,feeder2_653,0.17339819778924695,0.3144904552954263,0.1734021616224854,0.31451442501799476
900,15.0,feeder2_377,0.1795294709576527,0.32846408924680554,0.17953682806969265,0.3284902525363931
900,15.0,feeder2_622,0.17741273987896547,0.3236150340685423,0.17741513209242774,0.3236417677526889
900,15.0,feeder2_451,0.1630605150912822,0.2904361815221799,0.16306367228750515,0.2904562642076833
900,15.0,feeder2_383,0.16351017714046157,0.2889151058004951,0.1635153970642747,0.2889317477665335
900,15.0,feeder2_385,0.1816617832521927,0.33211587789946606,0.18166753869845237,0.33213842993027143
900,15.0,feeder2_621,0.18077360076818377,0.33461362994556415,0.18078267734970813,0.33463651065276917
900,15.0,feeder2_611,0.16342469257661338,0.2888307067722028,0.1634303041974646,0.2888496619377675
900,15.0,feeder2_405,0.16354389031542885,0.2888257425205635,0.16354939459920806,0.28883822388887836
900,15.0,feeder2_461,0.19035577181054028,0.3471205828541627,0.190362947784304,0.3471454161198383
900,15.0,feeder2_594,0.18156232346644918,0.3320180792408154,0.18156977469297514,0.3320427990389589
900,15.0,feeder2_732,0.15900549882217777,0.28474441854069327,0.1590099105056116,0.28476296207299456
900,15.0,feeder2_417,0.16414791757481056,0.289146866069612,0.16415128011321584,0.28916204132531487
900,15.0,feeder2_663,0.16416801345427937,0.2892277421176978,0.164173743616229,0.28924540728519643
900,15.0,feeder2_444,0.16460283790430794,0.28937815911442544,0.16460687071151717,0.28939088751286324
900,15.0,feeder2_759,0.17405719347189447,0.2853201017340036,0.17406142365402238,0.2853315539368175
900,15.0,feeder2_842,0.1649795881583635,0.291177085710826,0.1649835116103661,0.29118998531700396
900,15.0,feeder2_459,0.16459618907462148,0.2895802236823962,0.1645976198521437,0.28959709276979245
900,15.0,feeder2_702,0.16558495422586741,0.2896492039776762,0.16558959872891202,0.28965975050563647
900,15.0,feeder2_493,0.16449668196659747,0.29027723503869646,0.1645016724460839,0.2902927185494003
900,15.0,feeder2_651,0.1899763844579584,0.3497546160875084,0.1899806086536,0.34978352904879667
900,15.0,feeder2_684,0.19719869701772383,0.35641568497878473,0.19720352065102018,0.3564436833817093
900,15.0,feeder2_674,0.16425151790354178,0.29003799698355326,0.16425315773659208,0.2900561832348349
900,15.0,feeder2_696,0.1645444372540332,0.293398784348315,0.16454755309894326,0.29341635392402554
900,15.0,feeder2_681,0.16362995869634128,0.2894322579916954,0.16363665045756784,0.2894422588236027
900,15.0,feeder2_682,0.16417759141523985,0.28996470418010634,0.16418396212464617,0.28997572629699137
900,15.0,feeder2_728,0.19671773012756083,0.35094153697999675,0.196725195010174,0.3509696461818219
900,15.0,feeder2_724,0.20517112711857596,0.3785943072254387,0.20517761949765,0.3786198447844171
900,15.0,feeder2_703,0.16457969353398308,0.2935471241647334,0.16458495940743426,0.2935622215963479
900,15.0,feeder2_704,0.16423449027244005,0.29453835635404674,0.16423746691015823,0.29455526402883103
900,15.0,feeder2_754,0.2052342444296384,0.3786004981100422,0.205238682921623,0.3786290584385526
900,15.0,feeder2_747,0.20842414797808229,0.38764878854419843,0.2084303448689137,0.3876788710955394
900,15.0,feeder2_828,0.19365358395551294,0.34804099795761057,0.19365921400040687,0.34807290937664465
900,15.0,feeder2_763,0.19739613195830832,0.347416173276446,0.1974031418852127,0.3474440254520407
900,15.0,feeder2_836,0.2088516226700532,0.3893396368065921,0.20885716493940762,0.38937102933741435
900,15.0,feeder2_758,0.21109717724477695,0.39473539007733055,0.21110758213299485,0.3947629024026759
900,15.0,feeder2_788,0.2240081470488864,0.3938253221547647,0.22401003203679817,0.39384411353263793
900,15.0,feeder2_812,0.21765072304597058,0.4166339295244452,0.21765551029433872,0.4166810367230143
900,15.0,feeder2_947,0.20015315063201894,0.34506482723587606,0.20015719051071323,0.3450916975356516
900,15.0,feeder2_868,0.1988670775221785,0.34655022318239775,0.19887160833311684,0.3465835437210099
900,15.0,feeder2_785,0.19736565436538656,0.346308976842178,0.19737059267847848,0.3463379845419696
900,15.0,feeder2_1176,0.19742016577497787,0.34649428032686763,0.19742805503712574,0.3465207812462363
900,15.0,feeder2_846,0.1962500585039135,0.34547167500676745,0.19625845238844167,0.3454984131253601
900,15.0,feeder2_911,0.19783301693542896,0.3450142151684098,0.19783673215016628,0.34504492655471664
900,15.0,feeder2_1107,0.2190010065530758,0.41944812429739603,0.21901217446144228,0.4194836968566944
900,15.0,feeder2_920,0.219131038372822,0.42214454462632,0.21913684441995507,0.42218988956666675
900,15.0,feeder2_926,0.2214768661810479,0.431075562954622,0.22148470257320318,0.43112595850440777
900,15.0,feeder2_1239,0.2189857430194609,0.42149218970917446,0.21899459545485947,0.4215318046613991
900,15.0,feeder2_933,0.22245074049892535,0.4353780294759095,0.222455875457082,0.4354353890991658
900,15.0,feeder2_1146,0.22181168615285105,0.42972516292272295,0.22181767186152315,0.4297793747217748
900,15.0,feeder2_1124,0.2224683083777843,0.43542853721879315,0.22247441391159878,0.4354870162611836
900,15.0,feeder2_942,0.2249253867497466,0.44639819841624484,0.22493238227770737,0.44646224726221084
900,15.0,feeder2_952,0.23038168321790398,0.47420687600524025,0.23039233295329636,0.474275386328475
900,15.0,feeder2_965,0.22469781865398056,0.4449447269310091,0.22470860325858505,0.4450037248412881
900,15.0,feeder2_961,0.230933791184563,0.4773630799145561,0.23094346637696717,0.47743512498386753
900,15.0,feeder2_963,0.2303905020418719,0.4741783926596367,0.23040028260701567,0.4742485977450983
900,15.0,feeder2_973,0.23389259467818316,0.4942666633221364,0.23390574805681516,0.49434112566126936
900,15.0,feeder2_1128,0.23092159994565556,0.4773082674345166,0.23093351817669136,0.47738052654701785
900,15.0,feeder2_1113,0.23108931814137182,0.47354007371256035,0.23109540428815026,0.4736159934549375
900,15.0,feeder2_1143,0.23058288159920737,0.4740183156431855,0.2305937834470129,0.47408652769622894
900,15.0,feeder2_1238,0.23373165744844351,0.44035973379201687,0.23373798689047187,0.4404198930967389
900,15.0,feeder2_979,0.224295630250888,0.4433623263570414,0.22430550248895698,0.4434216374676268
900,15.0,feeder2_1236,0.23821730188012025,0.5189125190032007,0.23822862537617875,0.5190001714267047
900,15.0,feeder2_989,0.23389386679070176,0.4942743074593442,0.23390179457852311,0.49435697778287235
900,15.0,feeder2_1196,0.2170557965900933,0.4373217264581779,0.21706289130517986,0.43738968861867095
900,15.0,feeder2_1158,0.23416809292665963,0.49527157573306047,0.2341800060118396,0.4953483995937719
900,15.0,feeder2_1122,0.21945297927896187,0.41828830868212996,0.2194598214230636,0.4183192443640146
900,15.0,feeder2_1258,0.2180464077326989,0.4222344283080216,0.21805424897891929,0.42226845356009696
900,15.0,feeder2_1303,0.22254603644504986,0.4168898433441312,0.22255284686537266,0.41692407194410763
900,15.0,feeder2_1138,0.21964459492516453,0.4177855412579412,0.2196497814076387,0.4178242871652155
900,15.0,feeder2_1304,0.21960104828224092,0.41774405197956815,0.21961042027221564,0.41777524921770326
900,15.0,feeder2_1212,0.22006111057056676,0.4167660938750581,0.22006597677584014,0.416798993325978
900,15.0,feeder2_1311,0.22516194331061515,0.41500831016024525,0.225166120945661,0.4150428138090211
900,15.0,feeder2_1290,0.21999361543978696,0.41659837015509915,0.220003285788097,0.41663204932994474
900,15.0,feeder2_1325,0.24217394441300713,0.5392135740679956,0.24218524774862493,0.5393110573892328
900,15.0,feeder2_1248,0.23823003321079586,0.5189791264600365,0.23824153112453186,0.5190655757922771
900,15.0,feeder2_1249,0.23446760547045387,0.44040323517267843,0.23447801672750324,0.4404550483356741
900,15.0,feeder2_1250,0.23831963483160237,0.4371262286989191,0.23832792574944242,0.43718082740531333
900,15.0,feeder2_1366,0.23715550210400554,0.5206437816294986,0.23716843476306051,0.5207276132865143
900,15.0,feeder2_1266,0.21772686315972167,0.42408355963397093,0.21773578708528724,0.4241181646918921
900,15.0,feeder2_1372,0.2200556130313922,0.4167593965229585,0.22006073897999218,0.41679697990145415
900,15.0,feeder2_1363,0.21994668278062482,0.41617345758391205,0.2199551908498697,0.4162058151605243
900,15.0,feeder2_1446,0.2447171294048792,0.5376809907605459,0.24472718823982087,0.5377780727959705
900,15.0,feeder2_1502,0.2462262212976146,0.5640618419416348,0.246237651755949,0.5641744615824295
900,15.0,feeder2_1428,0.21986300960951968,0.41609333698976614,0.21987114062605614,0.41612738592950516
900,15.0,feeder2_1380,0.21991988429234063,0.4158102618900159,0.21992959895124595,0.4158475404834554
900,15.0,feeder2_1550,0.22276373869688598,0.41470464514748945,0.22276999411184545,0.41474375586524936
900,15.0,feeder2_1386,0.21970186098639,0.4160777218097242,0.21970841881778516,0.4161214366419874
900,15.0,feeder2_1551,0.21959125764021226,0.41597225434258256,0.21959991349818817,0.41600791760149386
900,15.0,feeder2_1400,0.21960385176202943,0.41623769460572696,0.2196105207003598,0.41627816063230466
900,15.0,feeder2_1552,0.2182041817326291,0.41492998921875873,0.2182069409636666,0.41497426508196034
900,15.0,feeder2_1408,0.21956410614665137,0.41729486209971506,0.21957112108393842,0.417334538226325
900,15.0,feeder2_1553,0.21902993862986894,0.4171296824815065,0.21903395416212565,0.41717639508035803
900,15.0,feeder2_1416,0.21960398237568374,0.41792271298365624,0.21961005837061282,0.4179646844216082
900,15.0,feeder2_1530,0.2196893619220502,0.4179261907064276,0.21969702660605872,0.4179646513191583
900,15.0,feeder2_1425,0.21967657450331796,0.41911749913367563,0.21968124451465032,0.4191655540982618
900,15.0,feeder2_1589,0.21912764730171436,0.41901681627732523,0.2191342216010999,0.41906013383773855
900,15.0,feeder2_1435,0.2197201484295361,0.41938625345504044,0.21972302003613847,0.41943226391882227
900,15.0,feeder2_1621,0.22039884091140735,0.4224981509864772,0.22040512147493085,0.42254551731661955
900,15.0,feeder2_1564,0.2196930046713571,0.4192604028248778,0.21969708300849788,0.4193075326152795
900,15.0,feeder2_1704,0.24963985304097938,0.5772997780612404,0.24965723956869787,0.577405499557407
900,15.0,feeder2_1525,0.2465488768293046,0.5657612886573229,0.24655912405948333,0.5658721810441166
900,15.0,feeder2_1716,0.24738618032609785,0.5696278030582712,0.24739802141776215,0.5697371580469647
900,15.0,feeder2_1537,0.24682454267138085,0.5670940728965249,0.24683634600047724,0.5672097985863259
900,15.0,feeder2_1645,0.2461229003628735,0.5665362740373232,0.2461328999536111,0.5666506496175534
900,15.0,feeder2_1561,0.2472178123601686,0.5689511302409378,0.2472318365867545,0.5690635895906826
900,15.0,feeder2_1657,0.24725291062337404,0.5689416537358517,0.24726801746294655,0.5690534589495413
900,15.0,feeder2_1570,0.247387115275729,0.5697564156765385,0.2474014146447523,0.5698715804351107
900,15.0,feeder2_1756,0.25659015040105343,0.5641040235618398,0.2566014851402586,0.5642164423727125
900,15.0,feeder2_1588,0.24747343080683118,0.5708256504007115,0.24748482979267183,0.5709455754544823
900,15.0,feeder2_1628,0.24795104088093045,0.5706671636381503,0.24796278186911022,0.5707855736143199
900,15.0,feeder2_1598,0.24757487872274545,0.5722101914749023,0.2475875614993691,0.5723313634966101
900,15.0,feeder2_1816,0.261929174864167,0.6113693498910311,0.2619488694258266,0.6114934104708573
900,15.0,feeder2_1765,0.2476494020685358,0.5724047107299273,0.24766363809603092,0.572522196402533
900,15.0,feeder2_1641,0.24613667369783915,0.5673853429622612,0.24615177768954596,0.5675094137923464
900,15.0,feeder2_1689,0.24435921310809508,0.565958195567648,0.24437135657226086,0.5660946111032459
900,15.0,feeder2_1744,0.24830139868706502,0.5656366122346417,0.24831190406809334,0.5657625414190584
900,15.0,feeder2_1817,0.2421307137439357,0.5614865101787956,0.24214366779836796,0.5616263694489195
900,15.0,feeder2_1779,0.24434734177048492,0.5679773362345462,0.24436227798935028,0.5681111538083612
900,15.0,feeder2_1800,0.24430532304855918,0.5659166265798966,0.24431658330099337,0.5660534101462918
900,15.0,feeder2_1818,0.2430272704396527,0.5641189816791499,0.24303725612140203,0.5642573327849157
900,15.0,feeder2_1753,0.2525628925197432,0.5626411466607185,0.2525765953418646,0.562767884159511
900,15.0,feeder2_1754,0.24887338196554792,0.5650833604912203,0.24888466751831861,0.5652119278100155
930,15.5,secondary,0.01714522724648635,0.01737615962889821,0.017155897667641834,0.01739110138102037
930,15.5,feeder2_44,0.031901574780447514,0.09061115653127587,0.03192132158721651,0.09068758467789959
930,15.5,feeder2_45,0.032405981844624475,0.09297941888213954,0.03242802558521816,0.0930533411931479
930,15.5,feeder2_46,0.03202038312067031,0.09591746939463466,0.03204045733828694,0.0959905016679653
930,15.5,feeder2_51,0.03328162019403055,0.0971071267773931,0.033299470281509876,0.09718964472423494
930,15.5,feeder2_48,0.03252662355749393,0.09286305492758602,0.032545073490506865,0.09294156094840662
930,15.5,feeder2_52,0.03010886832105191,0.09554457144676942,0.030132132915965146,0.09562704020608345
930,15.5,feeder2_68,0.03598995623117938,0.10946822216366076,0.03601187934469644,0.1095629440903896
930,15.5,feeder2_69,0.036058257812923745,0.10965962328631067,0.03608244874539919,0.10975251674571501
930,15.5,feeder2_71,0.03634711152450151,0.11109795391932421,0.03636851195018624,0.11119478973862205
930,15.5,feeder2_72,0.036488975192482655,0.11096409421864162,0.03651048463365576,0.11105971110516129
930,15.5,feeder2_73,0.03746429495771221,0.11621368948214168,0.03748535781171456,0.11631451827341947
930,15.5,feeder2_74,0.03733394693217972,0.11614679272831258,0.03735899515282193,0.11624182490845585
930,15.5,feeder2_77,0.03842680820410983,0.12061667686542056,0.038450783768526224,0.12072106372703248
930,15.5,feeder2_79,0.0384730178622119,0.12074604771172401,0.03850057203050608,0.12084572161723932
930,15.5,feeder2_81,0.03994027605612995,0.12753283655341935,0.039963701769687235,0.12764515823718675
930,15.5,feeder2_82,0.04204249174989262,0.12562301948274512,0.042067285834119436,0.1257296596981554
930,15.5,feeder2_116,0.04663260444975496,0.16026968956117627,0.04666311376523658,0.16040977009977164
930,15.5,feeder2_119,0.045863348277117987,0.1611775051274485,0.0458938201068482,0.16131574718343664
930,15.5,feeder2_120,0.049306888095334775,0.17200628434480186,0.049334942746475034,0.17215857006095853
930,15.5,feeder2_248,0.04772446051780063,0.17255824792338928,0.04775435529719631,0.17270824624421963
930,15.5,feeder2_124,0.05115318210430882,0.17910881444589544,0.051187417589361614,0.17926117639879938
930,15.5,feeder2_282,0.05286482829064546,0.17755837781522452,0.05289712105248664,0.17771226775500534
930,15.5,feeder2_275,0.05049672680387793,0.17961087070526274,0.05052845039639564,0.1797699871533214
930,15.5,feeder2_151,0.05449563194208254,0.19206374631925796,0.054531826314990296,0.19222979656819109
930,15.5,feeder2_295,0.05530168331413483,0.1940434120565314,0.055336390725886433,0.19421049008542965
930,15.5,feeder2_311,0.05455017377736072,0.19218254034779753,0.05457922193272115,0.19235605559602287
930,15.5,feeder2_201,0.059563256806607616,0.21056995058863717,0.05960423326868215,0.21075347768265124
930,15.5,feeder2_314,0.05960624307147154,0.2105295074761918,0.05964281074043248,0.21071857297677668
930,15.5,feeder2_342,0.06680037612918359,0.23697269432582227,0.06684020981640164,0.23718867765145152
930,15.5,feeder2_368,0.06894587776864902,0.24786709520207947,0.06898885881337513,0.2480806541531412
930,15.5,feeder2_347,0.06683279059243803,0.22972066480336215,0.06687799433593221,0.22994605980521957
930,15.5,feeder2_353,0.06686224685461846,0.2261492850305879,0.06690268187657233,0.22638471213867914
930,15.5,feeder2_518,0.06687250906157795,0.22968586121431145,0.0669147759649714,0.22991520141984675
930,15.5,feeder2_365,0.06691505560974166,0.22224231875634526,0.06695767154884266,0.22248094687377537
930,15.5,feeder2_653,0.0667620615614819,0.22609086848722468,0.06680672817407146,0.22632132749157174
930,15.5,feeder2_377,0.0669470115409137,0.21983190744794123,0.06699465786738612,0.22007324799378203
930,15.5,feeder2_622,0.06614373999177695,0.22328059068243253,0.06618479174844112,0.22352353529073993
930,15.5,feeder2_451,0.06898596914703646,0.24782647768272106,0.06902971797146436,0.24804323242493428
930,15.5,feeder2_383,0.07254383993036044,0.2655272328570922,0.07258321727275419,0.26574302353157864
930,15.5,feeder2_385,0.06686911442428987,0.2163543077471345,0.06691508776562992,0.21660055337420606
930,15.5,feeder2_621,0.06779505818033954,0.22192998585784926,0.06783594368567691,0.22217474440020926
930,15.5,feeder2_611,0.07245536162818689,0.2654743433539464,0.07249514069365418,0.26569267943376484
930,15.5,feeder2_405,0.07277487610216628,0.2666347286725458,0.07281942166874304,0.26684779949239934
930,15.5,feeder2_461,0.06718770818121696,0.2023084277519364,0.0672310427437254,0.20257168160134442
930,15.5,feeder2_594,0.06580925935718195,0.21655101121532852,0.06585578054377549,0.21679739301565726
930,15.5,feeder2_732,0.06680575377353289,0.2649101175334094,0.06684884861187348,0.26512785479030093
930,15.5,feeder2_417,0.0749065596535701,0.2754837420108925,0.07494528835847153,0.2757052435358905
930,15.5,feeder2_663,0.07451914095089039,0.27630627973307986,0.07455906728991037,0.27652283515274756
930,15.5,feeder2_444,0.07654199326431951,0.28193344046216456,0.07658544513852505,0.2821502213770854
930,15.5,feeder2_759,0.07741510692967626,0.28090450012834406,0.07745681392613396,0.28112022862386826
930,15.5,feeder2_842,0.0782857693040736,0.2850853292893552,0.07832637545905752,0.28530169742347355
930,15.5,feeder2_459,0.07707547988730518,0.2840598809895038,0.07711670760973924,0.28427696201200436
930,15.5,feeder2_702,0.07944770931896085,0.28144300720197774,0.07948826265830782,0.28166111493501855
930,15.5,feeder2_493,0.07896637931491568,0.2930861990989415,0.07900709553244362,0.293303589784846
930,15.5,feeder2_651,0.06770630498607749,0.2036491903259814,0.06775175717663966,0.20391553605879253
930,15.5,feeder2_684,0.06728033767968901,0.1896298895868396,0.06732520126556266,0.18990939340989454
930,15.5,feeder2_674,0.07850366320993599,0.29283521926278683,0.07854635387914444,0.29304873319667857
930,15.5,feeder2_696,0.08512579379272277,0.32047642753824396,0.08516625088355875,0.32069389323737585
930,15.5,feeder2_681,0.07728818532667174,0.292181288537319,0.07733178663662464,0.2923941214102046
930,15.5,feeder2_682,0.07842758408334388,0.29279009277795337,0.07846902350729512,0.29300878321959634
930,15.5,feeder2_728,0.06687826332891862,0.18872751524010548,0.06692534070000884,0.18900166495766854
930,15.5,feeder2_724,0.06815653354869608,0.17904509334866317,0.06820343943510482,0.17933488822004162
930,15.5,feeder2_703,0.0852377750757215,0.32065345490441927,0.08528052270871028,0.320871358199462
930,15.5,feeder2_704,0.0914200480617674,0.3306713451026888,0.09146331589089006,0.3308903327149854
930,15.5,feeder2_754,0.06821151918162553,0.17901936126262402,0.06825776505220545,0.1793095251599772
930,15.5,feeder2_747,0.06854182953458751,0.1748391779108059,0.06859158457979589,0.1751291045885827
930,15.5,feeder2_828,0.06591116318199532,0.1881139686425982,0.06595649196251091,0.18839359281708998
930,15.5,feeder2_763,0.06669882786734485,0.18841727533572042,0.06674408551944466,0.18869463296239486
930,15.5,feeder2_836,0.06908687196942169,0.17672464449254344,0.06913676635160135,0.17701476091500618
930,15.5,feeder2_758,0.06875759172405435,0.17045570819806616,0.06880387949358568,0.1707534946786904
930,15.5,feeder2_788,0.07012212563409348,0.16908520399972624,0.07017079039192076,0.16937906180136938
930,15.5,feeder2_812,0.06915541750209322,0.159029597484969,0.06920416487961342,0.1593303674506273
930,15.5,feeder2_947,0.06680564285922828,0.18835783906167505,0.06685559437120116,0.18863103551328717
930,15.5,feeder2_868,0.0675960440230172,0.1876830482830941,0.06764435115777517,0.1879580294082432
930,15.5,feeder2_785,0.06644955986080339,0.18871576342682922,0.06649805142788895,0.18899000358285004
930,15.5,feeder2_1176,0.06456461812111217,0.191387172091738,0.06461397718844437,0.19165687252044858
930,15.5,feeder2_846,0.06534871393416969,0.18833710301743925,0.06539465590276952,0.1886160207335293
930,15.5,feeder2_911,0.06645801774392245,0.1886904796433807,0.06650726162568948,0.18896388461946517
930,15.5,feeder2_1107,0.06898362311318651,0.15935250089988107,0.06903112707128294,0.15965914797207537
930,15.5,feeder2_920,0.06933895448470404,0.1558492475230974,0.06938956201010357,0.15615458928053053
930,15.5,feeder2_926,0.06985764519437365,0.15178403375239072,0.06990615779314205,0.15208744933182217
930,15.5,feeder2_1239,0.06905334955900884,0.15522744944128633,0.0691016083671949,0.15553597681298292
930,15.5,feeder2_933,0.07001729268235644,0.15036091659940196,0.07006704825584832,0.15067030973871837
930,15.5,feeder2_1146,0.07019279262240091,0.15031278354905403,0.07023944795116803,0.1506215345848243
930,15.5,feeder2_1124,0.07003366521816544,0.15041344326875625,0.0700818791274669,0.15072179406900818
930,15.5,feeder2_942,0.07041577276514405,0.14687929154192175,0.07046609860730056,0.1471814778048005
930,15.5,feeder2_952,0.07217707195644801,0.15298294387993744,0.0722301258361474,0.1532858935716931
930,15.5,feeder2_965,0.07026391042793217,0.14547043362231565,0.07031255760879643,0.14577584048431957
930,15.5,feeder2_961,0.07232649444580282,0.15377811758456358,0.07237857914368277,0.1540800935808613
930,15.5,feeder2_963,0.07218582422800726,0.15295839145556067,0.07223643335296422,0.1532624202360332
930,15.5,feeder2_973,0.07312876729722488,0.15806698762640523,0.0731790629186653,0.1583751387553363
930,15.5,feeder2_1128,0.0723141044872857,0.15372216293150617,0.0723669655691749,0.15402450192113767
930,15.5,feeder2_1113,0.07287651050960066,0.1523359071869413,0.07293116641923307,0.15263815359587546
930,15.5,feeder2_1143,0.072367797281461,0.15303350578972952,0.07241887950892438,0.1533394382122618
930,15.5,feeder2_1238,0.08321666535001032,0.1396993165172624,0.08326259037148581,0.13998773148588536
930,15.5,feeder2_979,0.06992113507118823,0.14405631731811394,0.06997071182940554,0.14436428606040105
930,15.5,feeder2_1236,0.07416879920355747,0.16240927000100924,0.07422066055397496,0.16272086969111377
930,15.5,feeder2_989,0.0731302011142611,0.15808643108190068,0.0731857275543144,0.15839061282799627
930,15.5,feeder2_1196,0.06357832738417109,0.13864520175114645,0.06362752177736232,0.13895439989320596
930,15.5,feeder2_1158,0.07276049941930837,0.16054187330525965,0.07281250049757847,0.16085300348255455
930,15.5,feeder2_1122,0.06882875216118906,0.1588573249185872,0.06887366088321396,0.15916424334880497
930,15.5,feeder2_1258,0.06918917972949427,0.16013724068559856,0.06923623671694032,0.16044207756645373
930,15.5,feeder2_1303,0.06979135267492335,0.15856718340912596,0.06983659688687403,0.15887188143425995
930,15.5,feeder2_1138,0.06868420168756137,0.15852931681272028,0.06873276601381002,0.15883264604852715
930,15.5,feeder2_1304,0.06833214474626284,0.1587477905223591,0.06837926086430429,0.15905577451722314
930,15.5,feeder2_1212,0.06855158343096068,0.15775981369348147,0.06859706309725039,0.1580664358536441
930,15.5,feeder2_1311,0.0713394648347612,0.15684652110877498,0.07138473568088216,0.15714559256384328
930,15.5,feeder2_1290,0.06818594656957215,0.157354642443827,0.06823509485310963,0.15765870692841255
930,15.5,feeder2_1325,0.0753536749423429,0.16502220271043572,0.07540852959269112,0.16533425312531583
930,15.5,feeder2_1248,0.07416563678105528,0.16242603011870227,0.0742197890682949,0.16273728891617864
930,15.5,feeder2_1249,0.08664853066529779,0.13826989589287958,0.08669259885965604,0.1385540205040694
930,15.5,feeder2_1250,0.08418741439544071,0.13965520323835265,0.08423431923607401,0.13993769344746368
930,15.5,feeder2_1366,0.07298080876159621,0.16420499508712436,0.07303435532640337,0.164512843444064
930,15.5,feeder2_1266,0.06938389232282532,0.16085946453761488,0.06943235877780028,0.16116414925836878
930,15.5,feeder2_1372,0.0682427178072413,0.15744557906984613,0.06828977736385167,0.15774957119887434
930,15.5,feeder2_1363,0.06781957078665149,0.15683146458156974,0.06786172197175636,0.15714216144731427
930,15.5,feeder2_1446,0.07788838305951336,0.16431391357611394,0.07794293518681401,0.16462294110267964
930,15.5,feeder2_1502,0.07626435208371017,0.1687355171736849,0.0763228002487359,0.16905203180028677
930,15.5,feeder2_1428,0.06773688029123773,0.15676684919174103,0.0677855616042101,0.1570743449677684
930,15.5,feeder2_1380,0.06740849023158345,0.15641440915236707,0.06745558792659316,0.15672168116727755
930,15.5,feeder2_1550,0.06842979356959766,0.15635144100034468,0.06847417837763245,0.15666056112561852
930,15.5,feeder2_1386,0.0671959925739342,0.1562207100100738,0.06724320823678659,0.15653495413251106
930,15.5,feeder2_1551,0.06708690559043931,0.15613854351290482,0.06713045670542885,0.1564521679325865
930,15.5,feeder2_1400,0.06710068093460356,0.15616960973917657,0.06714783669738877,0.15648190674494042
930,15.5,feeder2_1552,0.06463881920919966,0.15515633614401708,0.06468578029805351,0.15547187700743262
930,15.5,feeder2_1408,0.06728172097991467,0.15678565970169814,0.06732645855223467,0.15710452524313373
930,15.5,feeder2_1553,0.06665961775103178,0.1574409581291891,0.0667029933368721,0.15775707881833617
930,15.5,feeder2_1416,0.06746250190163533,0.157017571807263,0.06750652296783191,0.15733486326659213
930,15.5,feeder2_1530,0.0690308040071447,0.1554055070847163,0.06907363939185401,0.1557254170689469
930,15.5,feeder2_1425,0.0676309594207989,0.15828435566598004,0.06767646308033254,0.15860159133776788
930,15.5,feeder2_1589,0.06756204890723214,0.158235897075674,0.06760642304571564,0.15855301528889235
930,15.5,feeder2_1435,0.06766647399023953,0.15854466676547924,0.06771464266255556,0.15885671700226603
930,15.5,feeder2_1621,0.06822245537679134,0.1614373691987397,0.06826933496050401,0.1617567808393948
930,15.5,feeder2_1564,0.06763909852145539,0.15844237912045384,0.06768397625561924,0.15876380069839705
930,15.5,feeder2_1704,0.07551822819042607,0.16981660371776328,0.07557694450548208,0.17013237661735808
930,15.5,feeder2_1525,0.07651663592791923,0.16928606664330018,0.07657639996006893,0.16960380509826795
930,15.5,feeder2_1716,0.07741559718456584,0.17224699570681246,0.07747285107308684,0.17257712463228495
930,15.5,feeder2_1537,0.07671998732086249,0.16948332014415485,0.07677997138147435,0.1698040121954787
930,15.5,feeder2_1645,0.07653102267517406,0.16929901372388154,0.07658959305135242,0.16961993762856253
930,15.5,feeder2_1561,0.07697425076882873,0.16982222494262142,0.07703047112225478,0.1701505333133732
930,15.5,feeder2_1657,0.07701407518749766,0.16982851766632415,0.07707023287858109,0.17015597632307175
930,15.5,feeder2_1570,0.07708346477585386,0.16996833733576489,0.07714117558580083,0.17029364866403351
930,15.5,feeder2_1756,0.08236945394839061,0.17041376262561467,0.08242402267455316,0.17072984916943088
930,15.5,feeder2_1588,0.07715618369762832,0.1700456724370572,0.07721518058171198,0.17036904526784818
930,15.5,feeder2_1628,0.07852610338120976,0.1694627441654082,0.07858468554961763,0.1697856358765425
930,15.5,feeder2_1598,0.07718660663300346,0.17027764123524575,0.07724342591409063,0.17061331902633523
930,15.5,feeder2_1816,0.07828002088496105,0.17636047252289735,0.07834343652472511,0.17669574338946623
930,15.5,feeder2_1765,0.0772377558634974,0.17044336379022781,0.07729525780741896,0.17077641484254288
930,15.5,feeder2_1641,0.07705530164608392,0.16958765897364791,0.07711818392974265,0.16992775502146631
930,15.5,feeder2_1689,0.07688357061103841,0.1688331715003208,0.07694242375933731,0.16919033894679172
930,15.5,feeder2_1744,0.0775243792375511,0.16963956114896594,0.07758474536887441,0.16997870078113367
930,15.5,feeder2_1817,0.07648778863753754,0.16703505650048697,0.0765489099676212,0.16738834645724787
930,15.5,feeder2_1779,0.0774212873387631,0.16962753535322586,0.07748335225067876,0.169982915857101
930,15.5,feeder2_1800,0.07683129026731741,0.1687823076209556,0.07689423937257245,0.1691325441761843
930,15.5,feeder2_1818,0.07646355286121206,0.16814720165114358,0.07652767439973328,0.16852032443489037
930,15.5,feeder2_1753,0.07891947201573307,0.1698047227004105,0.07897748090671797,0.1701435897703777
930,15.5,feeder2_1754,0.07754879620685483,0.1696430467662535,0.07760950940393689,0.1699869105928085
960,16.0,secondary,0.08417014817855088,0.03151117427911035,0.08414671829200886,0.031466806896742354
960,16.0,feeder2_44,0.15674738215347295,0.16446208509155918,0.15670476498083724,0.16424104571074932
960,16.0,feeder2_45,0.15948255002082057,0.16956368699367902,0.1594374802392182,0.16933485622062933
960,16.0,feeder2_46,0.15499927965132093,0.16549693456909736,0.15495669672166806,0.1652724233910952
960,16.0,feeder2_51,0.16415030437440734,0.1784718713739656,0.1641024969938189,0.17822710358205593
960,16.0,feeder2_48,0.1609944384711668,0.16897191408341614,0.16095198887815287,0.16874322578265405
960,16.0,feeder2_52,0.16405469258586772,0.17824787762694203,0.16401042554743722,0.17800656684933772
960,16.0,feeder2_68,0.17736716712886536,0.20366059408146236,0.17731938788046608,0.2033821784266892
960,16.0,feeder2_69,0.17639848222397433,0.20416047283203773,0.1763481301219136,0.2038861568010975
960,16.0,feeder2_71,0.17912456836281648,0.20698594975488213,0.17907512617807783,0.20670537403294867
960,16.0,feeder2_72,0.181440922727666,0.20877767285907167,0.18139116780827383,0.2084951937587931
960,16.0,feeder2_73,0.18457635018744745,0.2171593824763524,0.1845237687291116,0.21686661364621845
960,16.0,feeder2_74,0.18538551253725022,0.21568426857548947,0.1853362357218441,0.2153893868139529
960,16.0,feeder2_77,0.1892664276335337,0.22614094379505298,0.18921349973512086,0.22583174226352412
960,16.0,feeder2_79,0.18920470445825496,0.22616913892518947,0.18915220193514148,0.22585829912056798
960,16.0,feeder2_81,0.19669763514145794,0.24034550069499216,0.19664497750765036,0.24001700530434647
960,16.0,feeder2_82,0.1967619287686393,0.2403973804096816,0.19670527427949236,0.24006881297653346
960,16.0,feeder2_116,0.2302328286136193,0.30413543231519463,0.2301701007080991,0.30372169821613887
960,16.0,feeder2_119,0.23020170918403596,0.3040700094218439,0.2301377145890263,0.3036606037922474
960,16.0,feeder2_120,0.2427344073250932,0.32784157596148733,0.24266743407161478,0.32739408242444445
960,16.0,feeder2_248,0.24155951980206888,0.3255225400755195,0.2414902974472365,0.3250752479811748
960,16.0,feeder2_124,0.25061980150374613,0.3433353612143706,0.2505480414135581,0.34286784653115454
960,16.0,feeder2_282,0.2699986836333731,0.3585061742253873,0.2699297997933483,0.35804106944164266
960,16.0,feeder2_275,0.2505520047428527,0.34321850345587135,0.2504837480437302,0.3427522055452999
960,16.0,feeder2_151,0.26216751487226914,0.3606103570940786,0.26209568533676,0.36010821893305256
960,16.0,feeder2_295,0.2559787593603348,0.3641608526953055,0.2559095682656573,0.36366208208012624
960,16.0,feeder2_311,0.2621201527646578,0.3606294970265122,0.2620456176028226,0.3601276382937636
960,16.0,feeder2_201,0.2813583825923349,0.38655579486213765,0.28127798490104333,0.38599668393438824
960,16.0,feeder2_314,0.281911884543821,0.3865342090122672,0.2818300424468238,0.3859768883098379
960,16.0,feeder2_342,0.3082696413749679,0.4237011867608404,0.3081800940755454,0.42306372807409615
960,16.0,feeder2_368,0.30757676994843375,0.42403070219325334,0.30748829951415896,0.4233954554670281
960,16.0,feeder2_347,0.3219811817786348,0.4420266513363586,0.321885592822534,0.441351935125064
960,16.0,feeder2_353,0.3287991864555978,0.45139870848298913,0.3287002083260923,0.4506991339440992
960,16.0,feeder2_518,0.3220636039020629,0.4421001127564112,0.3219690566569855,0.44142094838257845
960,16.0,feeder2_365,0.3363722304050157,0.4620471045879281,0.33627062880650005,0.46133079285868406
960,16.0,feeder2_653,0.3287432473542476,0.451304553831267,0.3286439604326455,0.4506061495289281
960,16.0,feeder2_377,0.3404851896201317,0.46791651236370707,0.3403845562926273,0.46719117019859674
960,16.0,feeder2_622,0.33635668174094263,0.46204855527077593,0.3362581224454023,0.46133141492937685
960,16.0,feeder2_451,0.30766985977749495,0.42411082531594513,0.30758264420873327,0.42347527771195687
960,16.0,feeder2_383,0.3064554199569491,0.42474822009357244,0.30636472380364116,0.42411017544022495
960,16.0,feeder2_385,0.3451860864023001,0.4748976154522703,0.345081594204735,0.47415978598816444
960,16.0,feeder2_621,0.33404881862875163,0.4693531816239199,0.3339515689040069,0.46862410139897664
960,16.0,feeder2_611,0.30691497333262047,0.4235617184626671,0.3068252014594875,0.4229260375449135
960,16.0,feeder2_405,0.30638595866996066,0.4248691464662239,0.3062984922669121,0.4242289878837704
960,16.0,feeder2_461,0.3648316885098861,0.5078561955029904,0.36471895617398964,0.5070711370358247
960,16.0,feeder2_594,0.3443727042447914,0.47349136635850647,0.34426693535953073,0.47274994399734
960,16.0,feeder2_732,0.30365229115515235,0.4203555603835934,0.3035626301978012,0.4197216169652114
960,16.0,feeder2_417,0.306104736635108,0.42677248644498605,0.3060154631220024,0.4261343570823035
960,16.0,feeder2_663,0.30318679042113084,0.4294607159774382,0.30309841899576917,0.4288252406363692
960,16.0,feeder2_444,0.30610240378689507,0.4274935164055688,0.30601411348708857,0.4268605128689108
960,16.0,feeder2_759,0.30626585067162165,0.4276274311665463,0.3061780243654016,0.42699250661775157
960,16.0,feeder2_842,0.3051810071808053,0.4279886639808648,0.3050903530648257,0.42735277687516937
960,16.0,feeder2_459,0.3061034106321969,0.42772639438573257,0.30601397585054546,0.42709151981830734
960,16.0,feeder2_702,0.3093547945293152,0.429465576047547,0.30926747169478497,0.42882883362556895
960,16.0,feeder2_493,0.30573499590931175,0.42787029216913086,0.30564848359669133,0.4272354021781126
960,16.0,feeder2_651,0.3591244734619025,0.5076877256132327,0.3590155699266046,0.5068973042129282
960,16.0,feeder2_684,0.3808376999781695,0.5397028950527115,0.38071849616045017,0.5388869000639108
960,16.0,feeder2_674,0.3056005839623519,0.4272733549794892,0.30551239850584055,0.4266354921253432
960,16.0,feeder2_696,0.3050936502790321,0.4313051497462611,0.3050092341316185,0.43067151136630494
960,16.0,feeder2_681,0.30502278535760324,0.4262167838458093,0.30493515668815174,0.4255845834731485
960,16.0,feeder2_682,0.30592359364588223,0.4264024685448441,0.3058354148668764,0.4257674083028837
960,16.0,feeder2_728,0.37938775482134196,0.5343693654320332,0.3792671164044649,0.5335534784659248
960,16.0,feeder2_724,0.4003176068679012,0.5874150138757973,0.4001911421580487,0.5865708701596364
960,16.0,feeder2_703,0.3050303359186133,0.43134649954218096,0.3049427029540246,0.43070992866577784
960,16.0,feeder2_704,0.3025890163019856,0.43320735699678686,0.30250287841513707,0.432574768462169
960,16.0,feeder2_754,0.40116204214847817,0.5878775420777678,0.4010366929219843,0.5870289662335871
960,16.0,feeder2_747,0.4081351839510096,0.6070312155690721,0.4080079247642106,0.6061743325162782
960,16.0,feeder2_828,0.3760752770181395,0.5286099119771255,0.3759519320872138,0.5277978326679144
960,16.0,feeder2_763,0.37944474162875186,0.5346070275700715,0.37932520455828517,0.5337895032279832
960,16.0,feeder2_836,0.40728369313475443,0.6066256647685754,0.40715666389577526,0.6057614026016721
960,16.0,feeder2_758,0.4148642643979262,0.6243414344468787,0.4147335419166108,0.6234694042842328
960,16.0,feeder2_788,0.4178550412888109,0.6270039909919752,0.4177230562048702,0.6261345980322648
960,16.0,feeder2_812,0.4347244197234752,0.6748569007495933,0.43458787010018973,0.6739524833770733
960,16.0,feeder2_947,0.37962977552649746,0.5347924961615667,0.3795094365476621,0.533978524390844
960,16.0,feeder2_868,0.37982719382616376,0.534982652232897,0.37970896675492166,0.5341667096063011
960,16.0,feeder2_785,0.37939605620284667,0.5344371690162257,0.3792771623168141,0.5336220561831904
960,16.0,feeder2_1176,0.3793051450271493,0.5343918283446073,0.3791846099375693,0.5335776037215536
960,16.0,feeder2_846,0.37914792055039,0.5340507237203781,0.3790293531700443,0.5332356679711808
960,16.0,feeder2_911,0.379422729086531,0.5345400547295035,0.3793031398096234,0.5337249929911569
960,16.0,feeder2_1107,0.4432881522739253,0.7128047439883155,0.4431472927314913,0.7119083163299563
960,16.0,feeder2_920,0.4379379988245152,0.6787509653257685,0.4377990818935697,0.677835905039315
960,16.0,feeder2_926,0.4427875392113004,0.6847788472333813,0.4426442795242802,0.6838509686318474
960,16.0,feeder2_1239,0.43786666476933894,0.6785119043656024,0.4377266106565661,0.6776022251628355
960,16.0,feeder2_933,0.4448830575574203,0.6873211987836513,0.44473599073695064,0.6863847709055423
960,16.0,feeder2_1146,0.44303089257969624,0.6854103714717696,0.44288635985690616,0.684482175937057
960,16.0,feeder2_1124,0.44485826145488055,0.6873012937131082,0.44471476817439115,0.6863625061801186
960,16.0,feeder2_942,0.4501878674005499,0.6937973672273321,0.4500396155135766,0.6928424577857804
960,16.0,feeder2_952,0.4560259148540742,0.693400829597977,0.45587254239863306,0.692416948012219
960,16.0,feeder2_965,0.45044617257865477,0.6950917088020669,0.450297533300383,0.6941359911162159
960,16.0,feeder2_961,0.45659664329699806,0.6930887664887818,0.4564456997809387,0.6920995187590995
960,16.0,feeder2_963,0.45603874915292913,0.6934586166153879,0.4558884232600133,0.6924714849505217
960,16.0,feeder2_973,0.4596424308919495,0.6919135451888228,0.4594893812980559,0.6909065215912901
960,16.0,feeder2_1128,0.45657854062228664,0.6922528772977867,0.4564257547497384,0.6912651249152014
960,16.0,feeder2_1113,0.45635115279887944,0.693690402119909,0.4561995853681159,0.6927050224126231
960,16.0,feeder2_1143,0.45662191262856,0.6966698471249048,0.4564717741376085,0.6956841547200145
960,16.0,feeder2_1238,0.4792171756267229,0.7239418740033042,0.47907238608798614,0.7229908032085416
960,16.0,feeder2_979,0.4503068483771522,0.6943708642333971,0.45015853434372055,0.6934141808988261
960,16.0,feeder2_1236,0.46419311004813846,0.6909355830224274,0.46403439911120437,0.6898992900850854
960,16.0,feeder2_989,0.4596424264107856,0.6919065466743957,0.45948797452546963,0.6908965858339395
960,16.0,feeder2_1196,0.4493345802759669,0.6911920517476988,0.4491846722547691,0.6902393215788245
960,16.0,feeder2_1158,0.4585198124865817,0.6912467116932536,0.4583660940003925,0.6902373529455793
960,16.0,feeder2_1122,0.4466319854337626,0.7279634092826736,0.44649453791763055,0.7270695712608044
960,16.0,feeder2_1258,0.4427981727175564,0.7125308531980701,0.4426604376778091,0.7116381061430765
960,16.0,feeder2_1303,0.4482329740151224,0.7296015712964866,0.44809525349706136,0.7287082552695511
960,16.0,feeder2_1138,0.44916138087902635,0.739362713385957,0.4490214744862789,0.7384731708551182
960,16.0,feeder2_1304,0.4491397027355694,0.7393315168017776,0.4490003672828441,0.7384414250440918
960,16.0,feeder2_1212,0.4545300379674157,0.7636126746563502,0.4543899796887999,0.7627255758595597
960,16.0,feeder2_1311,0.4706552251689129,0.7801504535139511,0.4705125100614976,0.7792669805382454
960,16.0,feeder2_1290,0.45855655904091824,0.7798980838916229,0.4584155361713989,0.7790151638108389
960,16.0,feeder2_1325,0.4705803355173276,0.6900895081360685,0.47041697222213125,0.6890225109888659
960,16.0,feeder2_1248,0.4641831761211298,0.6909347382503795,0.46402494326027754,0.6898978685053115
960,16.0,feeder2_1249,0.48034601457189213,0.7249556977802776,0.4801980292298832,0.7240037173195097
960,16.0,feeder2_1250,0.49668614042119386,0.7417914289082238,0.4965382749738515,0.7408467026458481
960,16.0,feeder2_1366,0.46411563773131,0.690893134856958,0.46395815504460675,0.6898618682582801
960,16.0,feeder2_1266,0.44234011327802697,0.7122811482713441,0.44220139559257604,0.711383913463959
960,16.0,feeder2_1372,0.47360756498148576,0.7949282452165477,0.47346758370531933,0.7940475770664472
960,16.0,feeder2_1363,0.4581841061108506,0.7754837199234794,0.458045122024406,0.7746043662161205
960,16.0,feeder2_1446,0.472779944690441,0.6923599736868609,0.4726155001328586,0.6912966077876532
960,16.0,feeder2_1502,0.47722507592551827,0.6861678906153919,0.47705323886053824,0.6850654464766469
960,16.0,feeder2_1428,0.45877224612470136,0.7741079461827503,0.45863342984225863,0.7732289751331255
960,16.0,feeder2_1380,0.4577659460801062,0.77236387698756,0.45762662407799365,0.7714870066985741
960,16.0,feeder2_1550,0.4592634481652481,0.7739607106394593,0.4591232455972188,0.7730843807654771
960,16.0,feeder2_1386,0.45743506612316903,0.7700544607746962,0.4572974366432757,0.7691775635795788
960,16.0,feeder2_1551,0.4579078925385054,0.7688695160403779,0.457768430600825,0.7679918042348087
960,16.0,feeder2_1400,0.45728380263983487,0.7692341996343197,0.45714479648715656,0.7683554284575482
960,16.0,feeder2_1552,0.4557977186369818,0.767071638460262,0.4556552922883617,0.7661980814946622
960,16.0,feeder2_1408,0.4572814789570689,0.7685386950468508,0.4571426981502184,0.7676620858165117
960,16.0,feeder2_1553,0.4572154868939603,0.7684610536080477,0.4570755224906564,0.7675875488933392
960,16.0,feeder2_1416,0.4572858379735267,0.7681921750636835,0.45714626726475877,0.7673172578387857
960,16.0,feeder2_1530,0.4584215867123286,0.7691603543424415,0.45827926882688563,0.7682854949772518
960,16.0,feeder2_1425,0.457085721308901,0.7669401165178334,0.4569446403898327,0.7660666891335893
960,16.0,feeder2_1589,0.456073004168651,0.7656078974435315,0.45593130269907906,0.7647347475190175
960,16.0,feeder2_1435,0.4570830961187188,0.7668016053819473,0.4569417230559248,0.7659281898353395
960,16.0,feeder2_1621,0.4555645411566306,0.7656872758815862,0.4554252111310443,0.7648091141909246
960,16.0,feeder2_1564,0.45705816011785905,0.7667321002486321,0.4569195416251525,0.7658586104763486
960,16.0,feeder2_1704,0.4751764540921766,0.6863960259889342,0.4750055106787492,0.6852921725802115
960,16.0,feeder2_1525,0.4790112328118993,0.6851781670808218,0.47884043562517387,0.6840662255938418
960,16.0,feeder2_1716,0.47749749210525816,0.6842119057510995,0.4773227117240491,0.6830969695056417
960,16.0,feeder2_1537,0.48100855466122194,0.6842723026666978,0.4808347149754078,0.683151274186799
960,16.0,feeder2_1645,0.48102477750283196,0.6826799347260991,0.48084976945690827,0.6815606566200835
960,16.0,feeder2_1561,0.4833694607323692,0.6841191739424543,0.4831926823934799,0.6829834128701373
960,16.0,feeder2_1657,0.48389319028931427,0.6845135805419605,0.48371691423835367,0.6833798555201565
960,16.0,feeder2_1570,0.48434482384155225,0.6839424358771494,0.48416643070226,0.6828033432161288
960,16.0,feeder2_1756,0.5152476273082823,0.7154905120277287,0.5150707718212304,0.714354594411363
960,16.0,feeder2_1588,0.48487313722429504,0.681734034714451,0.48469351961314244,0.6805904001231018
960,16.0,feeder2_1628,0.4852744115865636,0.6821481753665131,0.4850951267584138,0.68100670611794
960,16.0,feeder2_1598,0.48551887890134693,0.6788249513981184,0.48534096745646554,0.6776730181465024
960,16.0,feeder2_1816,0.4794310134836656,0.6782282505308532,0.479255047280057,0.6770737542814085
960,16.0,feeder2_1765,0.4854295320505046,0.67875259391817,0.4852490326021774,0.67760306954405
960,16.0,feeder2_1641,0.48882429172145286,0.665102329162537,0.4886407729008479,0.6639270460030006
960,16.0,feeder2_1689,0.4913981140677982,0.6521993764824205,0.49121205165068416,0.6509988130431998
960,16.0,feeder2_1744,0.4895992817343027,0.6658982881115724,0.4894165232460914,0.6647220222971966
960,16.0,feeder2_1817,0.49138163049680617,0.6521512598505657,0.4911929904177332,0.6509520348972667
960,16.0,feeder2_1779,0.4911127973324919,0.6516755734835532,0.49092464562586,0.6504751852212987
960,16.0,feeder2_1800,0.4913704818554584,0.6521632366937054,0.4911829837374687,0.6509625914451996
960,16.0,feeder2_1818,0.5102711026576582,0.6224053433835012,0.510046539442504,0.621161462907882
960,16.0,feeder2_1753,0.4919033716582061,0.6682629706778919,0.4917209950329941,0.6670865182484561
960,16.0,feeder2_1754,0.48963434771012937,0.6659347382587585,0.48945087437014323,0.6647550840301197
990,16.5,secondary,0.02548371346217056,0.026558989867661174,0.02548698807867633,0.026569989325755158
990,16.5,feeder2_44,0.047443129445804214,0.1385738132568862,0.04744825413370021,0.13862761905557391
990,16.5,feeder2_45,0.048224475188144426,0.14270235651717741,0.048234879514461926,0.14275712495475226
990,16.5,feeder2_46,0.047456452183187024,0.1406547535502119,0.047461997633762916,0.1407091401238311
990,16.5,feeder2_51,0.049583493741262606,0.14989842517636248,0.0495902212160059,0.1499596861742573
990,16.5,feeder2_48,0.04831954324225808,0.14251481102885835,0.04832478095870379,0.14257185013514798
990,16.5,feeder2_52,0.04503417017699605,0.15515672865103564,0.04503690303677709,0.15521737985723594
990,16.5,feeder2_68,0.0539545482423552,0.16847390459275888,0.053963033469310126,0.16854044745449748
990,16.5,feeder2_69,0.05558303117079158,0.1712892334170379,0.055595918192154335,0.1713547481165709
990,16.5,feeder2_71,0.05450298934712447,0.17078472701618638,0.05450799350454878,0.17085457290685876
990,16.5,feeder2_72,0.05672180999788507,0.1667085558507244,0.056726069166142506,0.16677684328808934
990,16.5,feeder2_73,0.056224549635703586,0.17848160935612556,0.05623028585595356,0.1785551355693616
990,16.5,feeder2_74,0.0535003366221585,0.18195473579548554,0.05350788073809042,0.18202827738772467
990,16.5,feeder2_77,0.057842578820806026,0.18460017840699006,0.05784798066938624,0.18467642115554964
990,16.5,feeder2_79,0.05705995071915925,0.18467358294602054,0.05706683443252306,0.18475163256596377
990,16.5,feeder2_81,0.06037886397086326,0.19415896533500715,0.06039051406811668,0.19423669770686705
990,16.5,feeder2_82,0.06183455655132281,0.19144637910164505,0.06184479253091048,0.19152171455858813
990,16.5,feeder2_116,0.07182579440247912,0.23975126231820743,0.07183476536583157,0.23985511327267836
990,16.5,feeder2_119,0.07158377696639665,0.23977462959287985,0.07159740241180867,0.23987257900724207
990,16.5,feeder2_120,0.07611217042891437,0.25663967265210635,0.07612222970031142,0.25674913905015656
990,16.5,feeder2_248,0.07402590859467427,0.2567678059163938,0.07403278495805563,0.2568792362982673
990,16.5,feeder2_124,0.07890280402917553,0.2670641467899458,0.07891581798072246,0.2671782988422863
990,16.5,feeder2_282,0.0805635522543193,0.26352789330693943,0.080575940880064,0.263641225513637
990,16.5,feeder2_275,0.07878335858237442,0.2670621298771383,0.07879590442285793,0.267174369278538
990,16.5,feeder2_151,0.08383861854137119,0.28728208403828515,0.08385118131570239,0.2874052056075388
990,16.5,feeder2_295,0.08542242467782055,0.28962888449997665,0.08543427568270084,0.2897550798858212
990,16.5,feeder2_311,0.08391017376964204,0.2873863782072011,0.08392374607009584,0.28751104573995545
990,16.5,feeder2_201,0.09126389669601917,0.31712163602921883,0.09127807231931112,0.31726108486204946
990,16.5,feeder2_314,0.09339518594554223,0.3150897486716065,0.09340694431022448,0.3152306354320238
990,16.5,feeder2_342,0.10113072343540984,0.3638556915341885,0.1011448864632064,0.3640141054730583
990,16.5,feeder2_368,0.10305347193251296,0.36634368090830155,0.10306695607478729,0.366506264920907
990,16.5,feeder2_347,0.10324892013152298,0.38215432481766715,0.10326729860166568,0.38232370529529347
990,16.5,feeder2_353,0.10431187992586195,0.3912978470917449,0.10432680943091607,0.3914767633631007
990,16.5,feeder2_518,0.10327311003030808,0.3820815657213893,0.10328808326932495,0.3822539968942571
990,16.5,feeder2_365,0.10550436287180959,0.4014430988678194,0.10552147317562068,0.40162621792787445
990,16.5,feeder2_653,0.10421304387921058,0.391299833592161,0.1042258861801036,0.3914811928855207
990,16.5,feeder2_377,0.10613016122861395,0.4068957999361937,0.10615082248497287,0.40708373256533503
990,16.5,feeder2_622,0.10509078328970205,0.401520746466978,0.10510654141421001,0.4017066492810979
990,16.5,feeder2_451,0.1030813118556451,0.36626181755236453,0.10309364624620147,0.3664203184326855
990,16.5,feeder2_383,0.10616628833741033,0.3704355191347452,0.10618255011457264,0.3705966165754593
990,16.5,feeder2_385,0.10665691768160797,0.41229311303673866,0.10667076493827471,0.4124887938931286
990,16.5,feeder2_621,0.10796157700070166,0.4093817071004281,0.10797557632295049,0.40956821643206914
990,16.5,feeder2_611,0.10607899659960619,0.37043209474720157,0.10609465325350381,0.37059215050539607
990,16.5,feeder2_405,0.10636209880992438,0.3706920961824286,0.10637840833272653,0.37085062477635544
990,16.5,feeder2_461,0.10919453511768992,0.43431991436404804,0.10921450578342652,0.43452528700053067
990,16.5,feeder2_594,0.10531246283842333,0.4123679209657333,0.10533247753000757,0.4125593788152964
990,16.5,feeder2_732,0.10241504006669314,0.37090204914108665,0.1024309362395488,0.3710619431437961
990,16.5,feeder2_417,0.10805812847997472,0.3726667628759489,0.1080728338958147,0.3728264749311054
990,16.5,feeder2_663,0.10918902486485567,0.37423610840230487,0.10920061652510359,0.37439602047558024
990,16.5,feeder2_444,0.10921747844875643,0.37366957292218994,0.10923475344175486,0.37382512760237424
990,16.5,feeder2_759,0.11358758818418499,0.36863731442709957,0.11360396897693177,0.36879820339393093
990,16.5,feeder2_842,0.11126855736531432,0.37674366814853366,0.11128610560510782,0.3769007077910579
990,16.5,feeder2_459,0.10951384947257903,0.3741567490233844,0.10952882612216609,0.37431564793646
990,16.5,feeder2_702,0.11548559735397328,0.3661959424741863,0.11549830248444297,0.3663560989494156
990,16.5,feeder2_493,0.11019316659063864,0.3791541783728218,0.11020237546643799,0.37931456122452356
990,16.5,feeder2_651,0.10982232709331556,0.43527811766950186,0.10983789060116296,0.43548764561690795
990,16.5,feeder2_684,0.11099135154579978,0.4510764794799207,0.11101097215217076,0.4512960843897351
990,16.5,feeder2_674,0.10912723541509581,0.37959405430018145,0.10914471569443314,0.37975434197335495
990,16.5,feeder2_696,0.11354589269838228,0.3921545920016856,0.1135581925409207,0.392312903861595
990,16.5,feeder2_681,0.10748517393512687,0.37957675931037155,0.10749576804501323,0.37973946477693904
990,16.5,feeder2_682,0.10721263234652219,0.3814551775811398,0.10722795854247441,0.38161236498062845
990,16.5,feeder2_728,0.11067623513175719,0.4495265711704986,0.11069232822999119,0.4497486163765587
990,16.5,feeder2_724,0.11339388899243537,0.4718570039900855,0.11341423389574126,0.47208702747342235
990,16.5,feeder2_703,0.11366005031515153,0.39231152129103947,0.11367380293741114,0.3924682220176357
990,16.5,feeder2_704,0.11685169316903944,0.39677638245779456,0.11686446142267612,0.39693262103562277
990,16.5,feeder2_754,0.11341748957138457,0.4717773579597574,0.11343462634252467,0.4720112788472059
990,16.5,feeder2_747,0.11437803672797575,0.4803841013078176,0.1143999634078096,0.48061867897887844
990,16.5,feeder2_828,0.10933926715179154,0.4495966217730592,0.10936154897595318,0.44981792876980337
990,16.5,feeder2_763,0.11071094888809685,0.447331379266124,0.11072583164088125,0.4475533907961687
990,16.5,feeder2_836,0.11514586153533318,0.48139297347595456,0.11516494426407234,0.48163023564860424
990,16.5,feeder2_758,0.11512057142218117,0.4872496896005806,0.11513759513221866,0.48749167871154725
990,16.5,feeder2_788,0.11579160352447264,0.48542131837867336,0.11580969237223278,0.4856616218166403
990,16.5,feeder2_812,0.11751285260783462,0.5106071535343886,0.11753579076145572,0.5108599034532916
990,16.5,feeder2_947,0.11076009389794396,0.4471669520674566,0.11078082187794053,0.4473889250456834
990,16.5,feeder2_868,0.11101800608675338,0.44646978922647607,0.11103303833891287,0.44669139787538215
990,16.5,feeder2_785,0.11073207277683501,0.4466345312419004,0.11075206601494936,0.4468532443629701
990,16.5,feeder2_1176,0.11087926431483132,0.44682628144016007,0.11089393920451944,0.44704785503097516
990,16.5,feeder2_846,0.10959589449000826,0.4467104006384801,0.10961636209660469,0.4469313105996077
990,16.5,feeder2_911,0.11111263596160573,0.44503992072195314,0.1111297217137958,0.4452608808455341
990,16.5,feeder2_1107,0.11061238197156864,0.49449585784104266,0.11062996485686297,0.49476432854410146
990,16.5,feeder2_920,0.12008811455106615,0.5218760747168008,0.12010641693265835,0.5221328450960563
990,16.5,feeder2_926,0.1240096666899196,0.5389077108049233,0.12403561339693046,0.5391626074773166
990,16.5,feeder2_1239,0.11998942488522664,0.5218479839074304,0.1200108467308839,0.5221045053595479
990,16.5,feeder2_933,0.12574733495419813,0.5465466144527205,0.12576783265295918,0.5468047410679421
990,16.5,feeder2_1146,0.12400302993455621,0.5388178336959831,0.12402143044947453,0.5390771979595429
990,16.5,feeder2_1124,0.12578728903915193,0.5465989399773868,0.12580792899917198,0.5468550875183452
990,16.5,feeder2_942,0.13013580600435024,0.5660348998484138,0.13016181497721746,0.5662894969796394
990,16.5,feeder2_952,0.13703863189080887,0.5972802786677097,0.13706070878042473,0.597540534072086
990,16.5,feeder2_965,0.13008103034981283,0.565767190398718,0.13010581482825473,0.5660208491256091
990,16.5,feeder2_961,0.13778582767229805,0.6006941959388642,0.13781029740753642,0.6009555400929587
990,16.5,feeder2_963,0.13703838762184226,0.5972772700521626,0.13706152463143872,0.5975387288425881
990,16.5,feeder2_973,0.1419945260400898,0.6182465574456039,0.14201663744517057,0.6185098562556449
990,16.5,feeder2_1128,0.13738152818836427,0.6018905848009336,0.13740801759415427,0.6021494737695637
990,16.5,feeder2_1113,0.1370494058168896,0.5972381975723685,0.1370717595111518,0.5974961509777861
990,16.5,feeder2_1143,0.13703020682438832,0.5971769475826884,0.1370496945064131,0.59743692659574
990,16.5,feeder2_1238,0.13213809935311738,0.5595607489104868,0.13215765437567764,0.5598173332485945
990,16.5,feeder2_979,0.13004379654642326,0.5658976103811026,0.1300668758793676,0.5661547499362646
990,16.5,feeder2_1236,0.14770714364357962,0.6420112538053067,0.14773320970439655,0.6422718239697404
990,16.5,feeder2_989,0.1419997418771715,0.6182708695500541,0.14202722176831628,0.6185281150930051
990,16.5,feeder2_1196,0.1294928255094343,0.5664869604195089,0.12951408733024988,0.5667462712461041
990,16.5,feeder2_1158,0.14408286849179386,0.62119595939776,0.14411131095197943,0.6214545209151964
990,16.5,feeder2_1122,0.10768551810667337,0.48765216160796476,0.10770898794917691,0.48792479619896806
990,16.5,feeder2_1258,0.11156290346826445,0.4957043319443876,0.11158094124304578,0.49597470367431795
990,16.5,feeder2_1303,0.10850624906016543,0.4852943749126627,0.1085243801231182,0.4855668310110253
990,16.5,feeder2_1138,0.10541616920697362,0.4832862390265722,0.10543677664032527,0.4835616820972814
990,16.5,feeder2_1304,0.10524510939361924,0.48331604008052964,0.10526362003234167,0.4835933306197065
990,16.5,feeder2_1212,0.10063805116670525,0.4747306900527288,0.10066140265695304,0.4750136638250157
990,16.5,feeder2_1311,0.10213974965362622,0.4713642185778153,0.1021555160351373,0.47164943192292647
990,16.5,feeder2_1290,0.09478339987422396,0.46829542715795675,0.09480541916855749,0.46858860460622187
990,16.5,feeder2_1325,0.1528742253198547,0.6624140034278166,0.1528997207191595,0.6626815285857355
990,16.5,feeder2_1248,0.14774440791447369,0.6420670118320206,0.14776943467386874,0.642327173872709
990,16.5,feeder2_1249,0.1322912360795111,0.5590106497289055,0.13231475817648855,0.559265359028992
990,16.5,feeder2_1250,0.13338045632126755,0.5565479610908106,0.13339871797880748,0.5568028138194242
990,16.5,feeder2_1366,0.14743166042673161,0.6425067416342294,0.14746224693301,0.6427653370409705
990,16.5,feeder2_1266,0.11243802100878873,0.49681290332515543,0.11245839148186568,0.4970810610406716
990,16.5,feeder2_1372,0.09621471604449389,0.4666912204331604,0.0962329596634186,0.46698581684310747
990,16.5,feeder2_1363,0.08828560350787641,0.4655395638342886,0.08831138148670982,0.465841735651762
990,16.5,feeder2_1446,0.15344523655271095,0.6608263697352985,0.15347395343806758,0.6610913866921988
990,16.5,feeder2_1502,0.15880095679202688,0.6874615431961612,0.15882822356037893,0.6877341468597656
990,16.5,feeder2_1428,0.0882016049668565,0.46556481163629765,0.08822532363413593,0.4658673910903245
990,16.5,feeder2_1380,0.08046172925241306,0.4646022816827168,0.080484044586047,0.4649183190839188
990,16.5,feeder2_1550,0.08583473499686442,0.4483653996615329,0.08584813250110512,0.44868097075291946
990,16.5,feeder2_1386,0.07717380698396051,0.47328358942270693,0.07719668936400281,0.47360556659801534
990,16.5,feeder2_1551,0.07483274857498066,0.4763384219123317,0.07485715658257441,0.47665886403059926
990,16.5,feeder2_1400,0.07579645756335172,0.4769764601936279,0.07582435252518761,0.4772993596685511
990,16.5,feeder2_1552,0.07134750705746784,0.4792889080989116,0.07137596209698699,0.4796079615710619
990,16.5,feeder2_1408,0.07337255306045481,0.4840656829699872,0.07340132071182927,0.4843895791177689
990,16.5,feeder2_1553,0.07227875455034394,0.48449521556807457,0.0723061823846357,0.48482032661060137
990,16.5,feeder2_1416,0.07217686992717237,0.48787490235996533,0.0722003270112102,0.48819932442263514
990,16.5,feeder2_1530,0.07218827185877945,0.4877502014825762,0.07221432915226182,0.48807571530505545
990,16.5,feeder2_1425,0.06997275652785805,0.4955268578663642,0.07000284478519005,0.4958563726366477
990,16.5,feeder2_1589,0.0407567366313921,0.5155096066349101,0.04079190731986187,0.5158421385609463
990,16.5,feeder2_1435,0.06997404711431804,0.49553865560921506,0.07000674417619418,0.49586832545601744
990,16.5,feeder2_1621,0.0700778836596974,0.49561068948820436,0.07010364422595497,0.49593745972251685
990,16.5,feeder2_1564,0.06995902272349133,0.49558713059339327,0.06999219097810659,0.4959146809054065
990,16.5,feeder2_1704,0.15988670362256469,0.688996422260687,0.1599171838962226,0.6892649002328695
990,16.5,feeder2_1525,0.16020232292573694,0.6933417109537383,0.16023061921294376,0.6936173671334563
990,16.5,feeder2_1716,0.1606108148501869,0.6961303468515455,0.16063626426763336,0.6964026518997989
990,16.5,feeder2_1537,0.16166123081301328,0.6994306539176448,0.16169142434616046,0.699706263896148
990,16.5,feeder2_1645,0.16091155004202704,0.7002023899460494,0.160939830291045,0.7004784334058956
990,16.5,feeder2_1561,0.16343306671377011,0.7059447919024081,0.16345899887783522,0.7062237490138741
990,16.5,feeder2_1657,0.16344570572323347,0.7059001393265879,0.16347196460021973,0.7061796798072355
990,16.5,feeder2_1570,0.1641984637639761,0.7087679546880118,0.1642230631740279,0.7090506154780505
990,16.5,feeder2_1756,0.16693148358599175,0.7030910293579433,0.16695936999541391,0.7033678291843681
990,16.5,feeder2_1588,0.16492208589665797,0.7117531766590237,0.16494750181567677,0.7120367024485696
990,16.5,feeder2_1628,0.16511753468738746,0.7112131649649209,0.16514100293539574,0.7114958778481577
990,16.5,feeder2_1598,0.16584529615692914,0.7156703305591176,0.1658699014771565,0.7159560465237701
990,16.5,feeder2_1816,0.19231399447764524,0.7509498199525467,0.19235046964484825,0.7512270226513141
990,16.5,feeder2_1765,0.16598829064379603,0.7158653806133594,0.1660153121936776,0.7161456874011503
990,16.5,feeder2_1641,0.1680295020064543,0.7237012221670123,0.1680532317679697,0.7239942765846524
990,16.5,feeder2_1689,0.16978907793518536,0.7332631408661132,0.1698179495778653,0.7335635956678831
990,16.5,feeder2_1744,0.1691456534798116,0.7219519510430258,0.16917039750375085,0.722246091745888
990,16.5,feeder2_1817,0.16950323961820338,0.7341638866108311,0.16953185889799738,0.7344626773333339
990,16.5,feeder2_1779,0.17672980224862253,0.7428420703510953,0.1767621783606598,0.743140124916173
990,16.5,feeder2_1800,0.16742623543067436,0.7354641146461022,0.16745320720621149,0.7357646235426566
990,16.5,feeder2_1818,0.17279584869589606,0.7256405177156731,0.17282025331162781,0.7259588821861608
990,16.5,feeder2_1753,0.17024976100389336,0.7190380215642231,0.17027988369390795,0.7193250012838278
990,16.5,feeder2_1754,0.1696876924232824,0.7213771946961254,0.16971071969074703,0.7216699067073832
1020,17.0,secondary,0.044314740288831055,0.024450201754671153,0.04431869773468941,0.024460623556920094
1020,17.0,feeder2_44,0.08262927244632436,0.12776949174988883,0.08264776221350689,0.12783340923167896
1020,17.0,feeder2_45,0.08402754057373407,0.1316373692458316,0.08404190650563041,0.13170195989333627
1020,17.0,feeder2_46,0.08563531658961891,0.12916592119130257,0.08565608736260084,0.12922711644180845
1020,17.0,feeder2_51,0.08647026519394961,0.1383884923370133,0.08648600634030035,0.13845956247508395
1020,17.0,feeder2_48,0.08389629626743829,0.1314274831316637,0.08391408021320977,0.13149260300661722
1020,17.0,feeder2_52,0.08326220175280673,0.14311133135976425,0.08328632336702795,0.14318403068595853
1020,17.0,feeder2_68,0.09342003078174284,0.15588152375246375,0.09344187206298621,0.1559600509137253
1020,17.0,feeder2_69,0.09500190141091565,0.1567816610800114,0.09502164580740051,0.15686077447730806
1020,17.0,feeder2_71,0.09433072046413972,0.15814963429630396,0.09435190910071607,0.15823296603016615
1020,17.0,feeder2_72,0.0928493027617603,0.15582616418957843,0.09287084097276398,0.15590803862013725
1020,17.0,feeder2_73,0.09724219927977154,0.16553026224486275,0.09726135763528722,0.16561313907704747
1020,17.0,feeder2_74,0.09520344204114756,0.16980019209669547,0.09522418544553962,0.1698896894282864
1020,17.0,feeder2_77,0.09968650017428235,0.17134906807250225,0.09970791797198959,0.17143454967582442
1020,17.0,feeder2_79,0.09998793989913497,0.1715119590126724,0.10000511540521848,0.17159802372615823
1020,17.0,feeder2_81,0.1035359343961278,0.18051446294465084,0.1035544707714196,0.18060576668680936
1020,17.0,feeder2_82,0.10025709858706598,0.1750826895405758,0.10027962923995079,0.17517354387189665
1020,17.0,feeder2_116,0.12202670576204472,0.22780566619142406,0.12205202510889887,0.22791886193824226
1020,17.0,feeder2_119,0.12008832352221233,0.2302571759058008,0.12011795872109109,0.23036949263879786
1020,17.0,feeder2_120,0.12899309018256458,0.244212642303793,0.1290203155440114,0.24433056628641375
1020,17.0,feeder2_248,0.12661662511705876,0.2473600018803954,0.1266415587891125,0.2474792813858074
1020,17.0,feeder2_124,0.13332085242669686,0.2532065745826191,0.13334542797387217,0.25333015545054427
1020,17.0,feeder2_282,0.1298292546448878,0.24782869060676,0.12985263747439518,0.24795262627219278
1020,17.0,feeder2_275,0.12708185395233196,0.2701905872352755,0.1271114367996553,0.2703287958509224
1020,17.0,feeder2_151,0.14063163861759861,0.26505147811970586,0.14066337238893198,0.26516650402941827
1020,17.0,feeder2_295,0.14407336810970453,0.2673845621743517,0.14410241007490882,0.26749931642705504
1020,17.0,feeder2_311,0.14074114217006753,0.26513621576687246,0.1407678060387817,0.26524910828532133
1020,17.0,feeder2_201,0.1521157664053446,0.28508355590509266,0.1521414779412799,0.28518702829551607
1020,17.0,feeder2_314,0.15205513272617024,0.2850003479152213,0.1520899365623261,0.2851014116386573
1020,17.0,feeder2_342,0.16873217671092294,0.3203546425449042,0.1687652935616767,0.3204337883842221
1020,17.0,feeder2_368,0.1700140593521045,0.32641668318279954,0.17004370356626897,0.3265009580240065
1020,17.0,feeder2_347,0.17519437165236934,0.3287388902690429,0.17522977944953128,0.3288064968886525
1020,17.0,feeder2_353,0.17843550495166488,0.33349326014239283,0.17846996038311974,0.33355319145111423
1020,17.0,feeder2_518,0.17513806183693015,0.3286683130325253,0.17516851404804656,0.3287376546202432
1020,17.0,feeder2_365,0.18203958684103982,0.33917763451503824,0.1820774731558763,0.33922944923339204
1020,17.0,feeder2_653,0.1784010087195957,0.3334852663314828,0.1784355900853151,0.3335479727716079
1020,17.0,feeder2_377,0.1837258544576205,0.34086130574913065,0.18376380973808332,0.34090607473300866
1020,17.0,feeder2_622,0.18818584862591656,0.3450395575402294,0.18822222609072098,0.34508787419218817
1020,17.0,feeder2_451,0.17038946591471568,0.32491057666504536,0.17042659034517488,0.3249914615346877
1020,17.0,feeder2_383,0.1721250408799251,0.3374947169267759,0.17216249783047421,0.33757458848889876
1020,17.0,feeder2_385,0.1854462308156027,0.3416721933487486,0.18548200845654586,0.3417156719371147
1020,17.0,feeder2_621,0.18744278556325522,0.3443784174037997,0.18747983291321266,0.34442517841803133
1020,17.0,feeder2_611,0.1715195469460675,0.33756604248639216,0.17155536194947865,0.3376500762385463
1020,17.0,feeder2_405,0.17225683885679,0.33819317321842257,0.17229228205780828,0.3382745662053648
1020,17.0,feeder2_461,0.1927018080136192,0.34556385828185904,0.19273795259566306,0.34558194808780585
1020,17.0,feeder2_594,0.18360688106789969,0.3424384111306438,0.18364648272528922,0.342480593809838
1020,17.0,feeder2_732,0.16560778678436908,0.3435455386128346,0.16563719237791624,0.3436346799471088
1020,17.0,feeder2_417,0.173547091053703,0.3424455655884717,0.17358043613845658,0.3425258626774852
1020,17.0,feeder2_663,0.17583859149965822,0.34458570821903334,0.17586758702262514,0.34466883555842387
1020,17.0,feeder2_444,0.1743530710361206,0.3450000010114539,0.17438862852346435,0.34507732880246444
1020,17.0,feeder2_759,0.17268134092974843,0.3406300424249575,0.1727115261011679,0.3407087365306712
1020,17.0,feeder2_842,0.17752854999652268,0.34782907901009213,0.17756571683276762,0.34790549815650235
1020,17.0,feeder2_459,0.17464011183113887,0.3459939609539847,0.17466979223898715,0.34607186873142853
1020,17.0,feeder2_702,0.17342408732925776,0.3438701082265057,0.1734563095822567,0.34394923564487595
1020,17.0,feeder2_493,0.17592683673743073,0.35057780850588344,0.17595704274987103,0.3506576797270837
1020,17.0,feeder2_651,0.19513344406560698,0.3476884204926604,0.1951739823759779,0.3477036826100257
1020,17.0,feeder2_684,0.19806172268105512,0.3479296970337606,0.19809876655323533,0.3479283385412799
1020,17.0,feeder2_674,0.17526118320024112,0.3508065386976756,0.17529443501542716,0.3508854608201679
1020,17.0,feeder2_696,0.17987989055564815,0.36357771004689493,0.17991364924765094,0.3636516760524023
1020,17.0,feeder2_681,0.17440580576474982,0.35129499550616705,0.17443952507137517,0.3513752330728262
1020,17.0,feeder2_682,0.17387669371078768,0.35106226990959366,0.17390509100892904,0.35114785350041455
1020,17.0,feeder2_728,0.19781724453223956,0.34639492329335997,0.1978578226221042,0.3463912328588209
1020,17.0,feeder2_724,0.20376575135596778,0.3556311167061049,0.20380896300599785,0.3555981125887429
1020,17.0,feeder2_703,0.1818326417928279,0.36390671684861026,0.18186277772290746,0.36397676813447716
1020,17.0,feeder2_704,0.18491324988412808,0.36811433224530166,0.184945926254375,0.36818668628313905
1020,17.0,feeder2_754,0.20370899829396344,0.35557555240882277,0.20374942833055765,0.35554532899674585
1020,17.0,feeder2_747,0.20611975898079277,0.3593440859001761,0.20616187398453875,0.3592996934601544
1020,17.0,feeder2_828,0.19703745896605349,0.3459659028484465,0.1970766709115915,0.34596499443400763
1020,17.0,feeder2_763,0.197545536161955,0.3450211118877353,0.19758295121361955,0.3450221184119311
1020,17.0,feeder2_836,0.2202832716015141,0.3734963866118436,0.22032398611776086,0.3734497142371127
1020,17.0,feeder2_758,0.2068983291603078,0.3562887746968031,0.2069424955373031,0.35623570373734
1020,17.0,feeder2_788,0.20589199499203176,0.3551408999877124,0.20593487840976404,0.3550866426201859
1020,17.0,feeder2_812,0.20975363226685495,0.3490382548557814,0.20979640218407605,0.34896012629379897
1020,17.0,feeder2_947,0.197425229754945,0.34489587466559624,0.19746848867335798,0.34488988544863064
1020,17.0,feeder2_868,0.1967879299559209,0.3433309425458994,0.1968310771668507,0.3433252896659503
1020,17.0,feeder2_785,0.1976545488195812,0.3453556585041379,0.197692344216731,0.3453566676406217
1020,17.0,feeder2_1176,0.20104874981454285,0.3477177780752572,0.2010918505991062,0.3477095815937683
1020,17.0,feeder2_846,0.19624887191156165,0.3452683745491394,0.1962856346027757,0.34527309605004924
1020,17.0,feeder2_911,0.1976298497137961,0.3452929936830348,0.19766833827252867,0.34529085048476515
1020,17.0,feeder2_1107,0.20766139795623684,0.34309500483933775,0.20770672438723453,0.3430110585019833
1020,17.0,feeder2_920,0.21113355104182746,0.34886421656485117,0.2111749193800235,0.34878087485352943
1020,17.0,feeder2_926,0.2130883074370175,0.35236820509282346,0.21313344356942426,0.35226321722177784
1020,17.0,feeder2_1239,0.2112650902604646,0.34485126110979636,0.21131296284153206,0.34476950239766413
1020,17.0,feeder2_933,0.21398155053173337,0.354448701040775,0.21402149690166963,0.35434101437210347
1020,17.0,feeder2_1146,0.2129695530280403,0.3506185457552799,0.21301517040106846,0.3505123273646478
1020,17.0,feeder2_1124,0.2146156976147921,0.35505862155072987,0.21466248514893432,0.3549437599198991
1020,17.0,feeder2_942,0.21606554526742067,0.35947008339984876,0.21610853863172236,0.35934302764684856
1020,17.0,feeder2_952,0.21969737148862406,0.3719558379236462,0.2197455460998303,0.37180055630078895
1020,17.0,feeder2_965,0.21599454077914407,0.35891324808228064,0.21603496839925412,0.3587850741018279
1020,17.0,feeder2_961,0.2201014836243906,0.3734967865931239,0.22014755890992058,0.37333821651262494
1020,17.0,feeder2_963,0.21969489609333265,0.37192434348729236,0.21974080224595077,0.3717722603171968
1020,17.0,feeder2_973,0.22222285845987957,0.3831421722140911,0.22227187337855372,0.3829683580240532
1020,17.0,feeder2_1128,0.22015350678455933,0.37128771862695237,0.2201988776559699,0.3711331648197719
1020,17.0,feeder2_1113,0.2198665549723331,0.3711802099463431,0.2199125295184158,0.3710259480522593
1020,17.0,feeder2_1143,0.21966854222455434,0.3718873194344785,0.21971754638445587,0.37173056161096485
1020,17.0,feeder2_1238,0.2161431217164197,0.349722341371832,0.21618361947622206,0.34958754958995253
1020,17.0,feeder2_979,0.2159949659148092,0.35890377759143005,0.21604233905810197,0.3587701822578855
1020,17.0,feeder2_1236,0.22500411147295843,0.39589956710933716,0.22505000256026111,0.39570838753031723
1020,17.0,feeder2_989,0.22222640067420468,0.38316189685425006,0.22227059864076254,0.3829901590387072
1020,17.0,feeder2_1196,0.21597337010287593,0.3588688267365604,0.2160194292977808,0.358736936234831
1020,17.0,feeder2_1158,0.2246178362400026,0.38566355700863686,0.22465837475621775,0.38549682990185974
1020,17.0,feeder2_1122,0.20547096080500618,0.33346834434423944,0.2055133063415825,0.33338760206417567
1020,17.0,feeder2_1258,0.21622847045430216,0.35191577507058963,0.21627386505428522,0.3518293839069955
1020,17.0,feeder2_1303,0.19897027068282114,0.3263477938156235,0.19901287967718545,0.32625096582728763
1020,17.0,feeder2_1138,0.2046034690258658,0.32815072035443454,0.20464209684025306,0.3280747907982396
1020,17.0,feeder2_1304,0.2030103316612067,0.32839703856122626,0.2030519066133872,0.3283241625094423
1020,17.0,feeder2_1212,0.20292629130381643,0.31696828856615655,0.20296857025696655,0.3168981428447051
1020,17.0,feeder2_1311,0.2029048570124436,0.3086781783560908,0.20294286329322558,0.3086066435987745
1020,17.0,feeder2_1290,0.20168241642582632,0.31008010603165964,0.20172500456965775,0.3100283156470698
1020,17.0,feeder2_1325,0.22623352246762285,0.4006362692217568,0.22628782145850318,0.4004070541721373
1020,17.0,feeder2_1248,0.22506666504082737,0.3959652517105991,0.22511354059057326,0.39577202449179877
1020,17.0,feeder2_1249,0.21607664406796726,0.34887376940892734,0.2161177897625902,0.3487382845472756
1020,17.0,feeder2_1250,0.21662897762066793,0.34535608797508505,0.21667212289536358,0.34521534346422805
1020,17.0,feeder2_1366,0.2263714394168515,0.39749010214094077,0.22642122628957714,0.397291964628754
1020,17.0,feeder2_1266,0.22290808927889955,0.3589187242017721,0.22294867035339366,0.3588364555756088
1020,17.0,feeder2_1372,0.20190191771972116,0.3077188392230133,0.2019481913284572,0.30766444178880964
1020,17.0,feeder2_1363,0.20069364077539242,0.30654003911993455,0.20073551356334268,0.3065094279045465
1020,17.0,feeder2_1446,0.22636119744974276,0.3974296085223374,0.2264107716813929,0.39719850727306966
1020,17.0,feeder2_1502,0.22815966504103227,0.41117659319455707,0.22820700729404872,0.4109216825422841
1020,17.0,feeder2_1428,0.20066168483668176,0.3065048549763812,0.20070130563065292,0.3064736852324942
1020,17.0,feeder2_1380,0.19955388163274074,0.30317958165143527,0.19960069354566612,0.3031680551644776
1020,17.0,feeder2_1550,0.19811766662605682,0.30180099702805296,0.198157693050682,0.3017899731295024
1020,17.0,feeder2_1386,0.19925011526942632,0.30253764590255566,0.19929614816204472,0.3025407456637832
1020,17.0,feeder2_1551,0.199212302398936,0.3024999083279038,0.19925671681902377,0.30250594055212854
1020,17.0,feeder2_1400,0.19911108808844485,0.3023449161439329,0.19915299328150177,0.30235543500247697
1020,17.0,feeder2_1552,0.19772742264329482,0.30159733640379127,0.19777411788763627,0.3016112835545183
1020,17.0,feeder2_1408,0.19878643833952772,0.3026695465792576,0.19883382364121674,0.3026888008931186
1020,17.0,feeder2_1553,0.19827612761846372,0.3023219999536494,0.19832169755751175,0.30234363831206634
1020,17.0,feeder2_1416,0.19860945926777504,0.30301460534082075,0.19865321712243503,0.3030424867787717
1020,17.0,feeder2_1530,0.198527452504741,0.30292599959972716,0.19857022480252065,0.3029511482290121
1020,17.0,feeder2_1425,0.19829260000370874,0.30382705693463435,0.19833840616469112,0.30386377619482247
1020,17.0,feeder2_1589,0.19106851102495342,0.3057004998212206,0.19111231169929757,0.30575532075244205
1020,17.0,feeder2_1435,0.19826598071193446,0.30395991319434107,0.19831397232523978,0.30399443609185584
1020,17.0,feeder2_1621,0.19838856213298828,0.3040875966760644,0.1984316346798538,0.30412463313750665
1020,17.0,feeder2_1564,0.19792954196172075,0.305390484917446,0.197977323131539,0.30542507748038855
1020,17.0,feeder2_1704,0.22962636558016758,0.4126657675931375,0.22967840529961914,0.4124072296195165
1020,17.0,feeder2_1525,0.22855705349550276,0.4135401862924448,0.22860546280804894,0.41327530219044856
1020,17.0,feeder2_1716,0.24181754586438653,0.42730323584674723,0.24186490928307766,0.427044611065322
1020,17.0,feeder2_1537,0.22860692776261052,0.4142207946061042,0.2286552428505295,0.41394598289765183
1020,17.0,feeder2_1645,0.227890856430698,0.4143092997725202,0.2279421417839438,0.41403498774755937
1020,17.0,feeder2_1561,0.22873208099625417,0.41512705343944395,0.2287846900271668,0.414838299315746
1020,17.0,feeder2_1657,0.22802162202541928,0.4149000985014954,0.2280736851544783,0.41460815843604004
1020,17.0,feeder2_1570,0.22884667999345681,0.41559340580453463,0.22889714667020356,0.4153011082378115
1020,17.0,feeder2_1756,0.22932210134778194,0.4038631507277811,0.22937300988375842,0.4035517035962135
1020,17.0,feeder2_1588,0.22907116497534927,0.4167384290556274,0.22912356377070558,0.41644050041168745
1020,17.0,feeder2_1628,0.22483623498901437,0.4151148662698255,0.22489359113775417,0.41480503557003334
1020,17.0,feeder2_1598,0.2298071806815067,0.418474785824936,0.229859123177564,0.4181752048153703
1020,17.0,feeder2_1816,0.26637939860438986,0.4551226333767113,0.2664273555374227,0.45483850549060906
1020,17.0,feeder2_1765,0.23000489144275113,0.41866787877377354,0.23005930358744164,0.4183684525821392
1020,17.0,feeder2_1641,0.23143211336581596,0.4161760850944285,0.231487769200144,0.41586141537912036
1020,17.0,feeder2_1689,0.23470347167079056,0.4152298344290138,0.23475751031175382,0.4149178054806806
1020,17.0,feeder2_1744,0.22829695275733164,0.4151121218926642,0.2283502991879903,0.4147929309687764
1020,17.0,feeder2_1817,0.2347070796046471,0.4151523997114842,0.23476382756513992,0.4148401487815011
1020,17.0,feeder2_1779,0.2360275511864239,0.4165210168523136,0.23608746883759707,0.4162037602722973
1020,17.0,feeder2_1800,0.22347205107801335,0.3949887557692766,0.22353588122377036,0.3946943890295401
1020,17.0,feeder2_1818,0.25292898626252763,0.4393492916187884,0.25299727319134924,0.4389980502433233
1020,17.0,feeder2_1753,0.21908322631335242,0.412284206802442,0.21913676864066803,0.41193887290778486
1020,17.0,feeder2_1754,0.2282756016753025,0.4151086271045451,0.22833401911858076,0.4147842559486063
1050,17.5,secondary,0.0648623387148999,0.04477285264721141,0.06486866319975866,0.04478418226488277
1050,17.5,feeder2_44,0.12108982959621135,0.23425497864952416,0.12109582447256012,0.23431615113963097
1050,17.5,feeder2_45,0.1232069196015377,0.23930184731903373,0.1232150943383527,0.23936288936192698
1050,17.5,feeder2_46,0.10884794943865396,0.26345496875016183,0.1088525113948398,0.26351319458676314
1050,17.5,feeder2_51,0.1268786004225939,0.24811597442220865,0.12688275482611855,0.24818039482341472
1050,17.5,feeder2_48,0.12340055842289767,0.23930248742631144,0.12340755276189722,0.23936803139905927
1050,17.5,feeder2_52,0.12512213616520074,0.24412722252713506,0.12513157888687812,0.24419730202342604
1050,17.5,feeder2_68,0.13758264858753366,0.2749793672793875,0.13759077766440475,0.2750550505485995
1050,17.5,feeder2_69,0.13579834179526504,0.2791281384735105,0.13580667251786424,0.2792061314048936
1050,17.5,feeder2_71,0.13899508838547212,0.2783813423503477,0.13900235062027452,0.2784609823368839
1050,17.5,feeder2_72,0.14477614306741585,0.2784582480421868,0.14478465850651454,0.27853444393054594
1050,17.5,feeder2_73,0.14328975563901447,0.2889896395190959,0.14329942346792007,0.2890761812884114
1050,17.5,feeder2_74,0.14115057934392755,0.2854942209092731,0.14115996384353874,0.2855714753974159
1050,17.5,feeder2_77,0.14709424658311435,0.298717231103538,0.14710369677191,0.2987997227673878
1050,17.5,feeder2_79,0.14188736154109546,0.3114229399210268,0.14189327480582611,0.31150795140266224
1050,17.5,feeder2_81,0.15297499285882835,0.30986924804383825,0.15298655561225913,0.3099616237961685
1050,17.5,feeder2_82,0.15907577122494032,0.3086457307232802,0.15908751635906326,0.3087375660646535
1050,17.5,feeder2_116,0.178007890612315,0.3625940107414,0.1780191767122535,0.36271297182979967
1050,17.5,feeder2_119,0.17665220893600334,0.36028142295779403,0.17666568080723435,0.36039477812589754
1050,17.5,feeder2_120,0.18755463571290246,0.38408641912221464,0.18756658434936294,0.38421599107241816
1050,17.5,feeder2_248,0.18626435457865023,0.38192873180554676,0.1862792266629356,0.38205562073084504
1050,17.5,feeder2_124,0.1936056257587414,0.3983455681614843,0.19362206135516277,0.3984835725175643
1050,17.5,feeder2_282,0.1976581471091138,0.3990288981072932,0.1976736243825418,0.3991620677272937
1050,17.5,feeder2_275,0.19264439848057194,0.3967198494100788,0.19266061434296805,0.39685449065995787
1050,17.5,feeder2_151,0.2039024673463492,0.42381501783009545,0.20391990171609356,0.4239557948866879
1050,17.5,feeder2_295,0.20265673485557034,0.42603675403498786,0.20267321338902192,0.4261821782269558
1050,17.5,feeder2_311,0.2038630678447732,0.4238973524003789,0.20388011723942073,0.4240464090395954
1050,17.5,feeder2_201,0.22100379906821588,0.46354713153518223,0.221020803465646,0.4637068459459594
1050,17.5,feeder2_314,0.22108978055688402,0.46357683896957,0.22110877136177018,0.46374035763865445
1050,17.5,feeder2_342,0.24528717122161386,0.5207667978287139,0.24530863018382668,0.5209514458422435
1050,17.5,feeder2_368,0.24410644243301238,0.5274820285904103,0.24412498842319,0.5276679878037204
1050,17.5,feeder2_347,0.2578746146180993,0.5387519936000689,0.2578970458193512,0.5389508245815728
1050,17.5,feeder2_353,0.26309653082241874,0.5457599356157093,0.2631182233113646,0.5459625222481767
1050,17.5,feeder2_518,0.26937173763057237,0.543330683719646,0.26939482239961277,0.5435294172044023
1050,17.5,feeder2_365,0.26892143124756024,0.5539790052492474,0.268945249678726,0.5541895164928646
1050,17.5,feeder2_653,0.2630369116877674,0.5456535576792743,0.263058897218237,0.5458585522690591
1050,17.5,feeder2_377,0.27208020659978294,0.558410853415935,0.2721030763396943,0.5586263179450425
1050,17.5,feeder2_622,0.26826015849997525,0.5549303206501884,0.26828101109323105,0.5551436950215397
1050,17.5,feeder2_451,0.24419995248729387,0.5275180141877791,0.2442200906616115,0.5277046070125547
1050,17.5,feeder2_383,0.24230936577228887,0.5393688163288151,0.24232988902373018,0.5395543035932984
1050,17.5,feeder2_385,0.2757266326093302,0.5631332508718474,0.2757510785590719,0.5633491400163855
1050,17.5,feeder2_621,0.2706276080172343,0.5602867604584357,0.27064993380656993,0.5604950907638183
1050,17.5,feeder2_611,0.24224781882721852,0.5392760196110443,0.24226733853162677,0.5394632748653418
1050,17.5,feeder2_405,0.24220371670180565,0.5401588558232532,0.24222265762300071,0.5403393797075644
1050,17.5,feeder2_461,0.2911263681745301,0.586825102952315,0.29115331015872387,0.5870599900259319
1050,17.5,feeder2_594,0.27494477466062045,0.5616533664364893,0.274968936114814,0.5618717212147761
1050,17.5,feeder2_732,0.24053925927658526,0.535460926381579,0.24055727376671912,0.5356476833715357
1050,17.5,feeder2_417,0.24164299081167961,0.5473412000102968,0.2416625268397943,0.5475268266235984
1050,17.5,feeder2_663,0.24093760411864454,0.5490305412555687,0.24095739055146914,0.549210385826556
1050,17.5,feeder2_444,0.2412439551852543,0.5524772618509932,0.24126078031744044,0.5526577475096728
1050,17.5,feeder2_759,0.24547112867867815,0.5522297189595882,0.2454897337921638,0.5524157664026901
1050,17.5,feeder2_842,0.22951242051034482,0.5869896108202359,0.22952677175098807,0.5871688913699626
1050,17.5,feeder2_459,0.2410590000072182,0.5524664068359947,0.2410755169460298,0.5526488727372714
1050,17.5,feeder2_702,0.24294756194320832,0.5529789183653081,0.24296920256310417,0.5531648794280728
1050,17.5,feeder2_493,0.24017199339573728,0.5521939929396477,0.24019013617464616,0.5523798934990347
1050,17.5,feeder2_651,0.2900335215508031,0.5880005578656008,0.2900620202960951,0.5882329302634767
1050,17.5,feeder2_684,0.30378812241351183,0.6071982725847225,0.30381572028441045,0.6074386273158721
1050,17.5,feeder2_674,0.2389259342336872,0.5498122326408893,0.23894422218587597,0.5499943929125969
1050,17.5,feeder2_696,0.24009086263017554,0.5626025561067673,0.24010779190257428,0.5627883911527203
1050,17.5,feeder2_681,0.23653901200077057,0.5447380599473326,0.23655902838481813,0.5449185290526787
1050,17.5,feeder2_682,0.2375259950107077,0.5476565617024846,0.23754641889849074,0.5478357281857085
1050,17.5,feeder2_728,0.3055778906689673,0.6073163785024651,0.3056063569597229,0.6075575668958287
1050,17.5,feeder2_724,0.31458862239629276,0.6289660075246041,0.31461906809504486,0.6292216628944676
1050,17.5,feeder2_703,0.2400424333367817,0.562737157613381,0.240061224170828,0.562922150345161
1050,17.5,feeder2_704,0.2384165855755246,0.566809136632704,0.23843430769955853,0.5669950796388754
1050,17.5,feeder2_754,0.3146803002311133,0.629027940358022,0.31471058690635634,0.6292835431904847
1050,17.5,feeder2_747,0.3189927257576347,0.6378675869236586,0.3190243322344088,0.6381257291251055
1050,17.5,feeder2_828,0.30493549453897373,0.6058141808573626,0.30496302735840686,0.606057500723222
1050,17.5,feeder2_763,0.30868916352215553,0.6100581704344978,0.3087177487422687,0.6103032189342351
1050,17.5,feeder2_836,0.31722763056466435,0.639425465731245,0.31725963133499474,0.6396853928324034
1050,17.5,feeder2_758,0.32277310974267454,0.6450224051031201,0.322803843110661,0.645290694321579
1050,17.5,feeder2_788,0.3259657188648187,0.6460714299946148,0.3259950502147725,0.646338619163992
1050,17.5,feeder2_812,0.3334904737869261,0.6655062475727963,0.33352527005720217,0.6657856457205612
1050,17.5,feeder2_947,0.3344010534568297,0.6265111442944975,0.33443088158864065,0.626751187861694
1050,17.5,feeder2_868,0.3160756885630712,0.6143735940941881,0.316102829558721,0.6146168651732795
1050,17.5,feeder2_785,0.3076355734166589,0.604688553584393,0.3076648824387317,0.6049282649554149
1050,17.5,feeder2_1176,0.3071105763622241,0.60509779642785,0.30713791933339696,0.6053394854921575
1050,17.5,feeder2_846,0.30372568740483685,0.5949449163456075,0.30375474664645585,0.5951885921536244
1050,17.5,feeder2_911,0.3076628922112113,0.6047659406797103,0.30769093414185245,0.6050040716492837
1050,17.5,feeder2_1107,0.3354797652833973,0.6679907058283421,0.33551097422913834,0.668265567135614
1050,17.5,feeder2_920,0.3359498373320341,0.6706295553709237,0.3359826176919371,0.6709113977914882
1050,17.5,feeder2_926,0.33965225983626807,0.6788556442185947,0.3396853472055531,0.6791437744421955
1050,17.5,feeder2_1239,0.3359071630718573,0.6699350101298099,0.33594002845834675,0.670218574039551
1050,17.5,feeder2_933,0.3412309875869263,0.6822651304788276,0.34126628490781413,0.6825553580804379
1050,17.5,feeder2_1146,0.3399399177467776,0.6799582085330218,0.3399750191885106,0.6802484729234922
1050,17.5,feeder2_1124,0.34120741372368923,0.682283378546404,0.3412418453791237,0.6825731855275998
1050,17.5,feeder2_942,0.34522828574249326,0.6908893483983799,0.3452640011542205,0.6911863820529037
1050,17.5,feeder2_952,0.3502894407571805,0.7041844487123429,0.35032480948224337,0.7044926242153654
1050,17.5,feeder2_965,0.3453377728875837,0.6908184649983627,0.3453735249539641,0.6911168707859178
1050,17.5,feeder2_961,0.3507923306375207,0.7055439935031884,0.35083050403824584,0.7058509808846175
1050,17.5,feeder2_963,0.35029894553841023,0.7042013248808112,0.35033766012167095,0.7045104677863694
1050,17.5,feeder2_973,0.35365661543066623,0.7137836671606729,0.3536945089869971,0.7140934250342231
1050,17.5,feeder2_1128,0.3504673103690629,0.7038197670745955,0.35050322612659485,0.7041277662433428
1050,17.5,feeder2_1113,0.35095789140675826,0.704624208295136,0.35099672429269335,0.7049270979594218
1050,17.5,feeder2_1143,0.35059475034589455,0.7039811263079536,0.35063244551420947,0.7042892854600012
1050,17.5,feeder2_1238,0.35338635873988394,0.6932093526059573,0.3534233306529224,0.6935043572907835
1050,17.5,feeder2_979,0.34532679756139456,0.6904729941926525,0.3453615832410594,0.6907694702610792
1050,17.5,feeder2_1236,0.35810702195474586,0.7244451135404669,0.35814685786575784,0.7247664693382262
1050,17.5,feeder2_989,0.35365511230662355,0.713798775429006,0.3536920356156093,0.7141100342111648
1050,17.5,feeder2_1196,0.3460735411862238,0.6891664320976287,0.3461111822436645,0.6894652193721205
1050,17.5,feeder2_1158,0.3514369293543666,0.7159332419166239,0.35147395032607653,0.7162509097250226
1050,17.5,feeder2_1122,0.336393633510759,0.6665062448074183,0.3364286719765647,0.6667799212273694
1050,17.5,feeder2_1258,0.33063316320273456,0.6720282252433434,0.3306643846978242,0.6723059046196344
1050,17.5,feeder2_1303,0.349756148308882,0.6744611973365164,0.34979258026127386,0.6747402444443517
1050,17.5,feeder2_1138,0.33616780016508174,0.6623261576276281,0.33620293890118214,0.6626018899678094
1050,17.5,feeder2_1304,0.3353277920821465,0.6606521503164,0.33536258099777894,0.6609328534527859
1050,17.5,feeder2_1212,0.33597055240385787,0.6549878154956297,0.33600574477321116,0.6552629621344853
1050,17.5,feeder2_1311,0.35238826735176587,0.6653817899883363,0.35242129369338904,0.6656588827754971
1050,17.5,feeder2_1290,0.33301803260252005,0.6366608835704767,0.33305025166529123,0.636937552274542
1050,17.5,feeder2_1325,0.3641631839260648,0.7360111713293548,0.3642017760738841,0.7363459584265486
1050,17.5,feeder2_1248,0.3580863044402118,0.7244635406574408,0.35812595003290304,0.7247840097702833
1050,17.5,feeder2_1249,0.35450464853704994,0.6936331975060512,0.3545379213578652,0.6939278666771406
1050,17.5,feeder2_1250,0.3563537468524771,0.6939158889537608,0.3563894556043916,0.6942152946200614
1050,17.5,feeder2_1366,0.3580222557877356,0.7245197434224274,0.35806105059018556,0.7248378738014104
1050,17.5,feeder2_1266,0.32648925038621734,0.6756850888256348,0.32652153716310334,0.6759622437578606
1050,17.5,feeder2_1372,0.3330728666638795,0.6367025672913574,0.3331059934335714,0.6369786629876231
1050,17.5,feeder2_1363,0.3298646294263273,0.6169755133297398,0.32990001322523305,0.6172513942231389
1050,17.5,feeder2_1446,0.36669593425834596,0.7368094122612936,0.3667367061701729,0.7371407980440703
1050,17.5,feeder2_1502,0.3702204926424008,0.7476983741510174,0.37026077572964344,0.7480448989300656
1050,17.5,feeder2_1428,0.3304346139171796,0.6159098537452135,0.330468012209612,0.616181024940331
1050,17.5,feeder2_1380,0.3261140977350426,0.5949844485878488,0.3261497828013456,0.5952579986730897
1050,17.5,feeder2_1550,0.3288404827296638,0.5964650279092288,0.32887531394695696,0.5967399664419272
1050,17.5,feeder2_1386,0.32399073324882494,0.5834251422941098,0.32402464443008194,0.58369593978734
1050,17.5,feeder2_1551,0.323932728315567,0.5833075630761914,0.32396722102577336,0.5835792697441049
1050,17.5,feeder2_1400,0.32298951553966776,0.577962273722878,0.3230229034607959,0.5782357223615526
1050,17.5,feeder2_1552,0.32240453802134034,0.5733030871981981,0.32243947896470737,0.5735741175014893
1050,17.5,feeder2_1408,0.3212336579632981,0.5690830633071597,0.32126655265546317,0.5693582443282303
1050,17.5,feeder2_1553,0.32036855557125793,0.5645178276893673,0.3204041580838303,0.56479070960461
1050,17.5,feeder2_1416,0.3204650268562726,0.5654901024774178,0.3205009437865906,0.565762278013791
1050,17.5,feeder2_1530,0.32058997218556873,0.5655870734865892,0.32062541624296786,0.5658627483566788
1050,17.5,feeder2_1425,0.3189895417973061,0.55859485682826,0.31902460782137765,0.5588639209519964
1050,17.5,feeder2_1589,0.3125980299924793,0.5426311910010859,0.31263157868222796,0.5429011003037878
1050,17.5,feeder2_1435,0.3189643801452365,0.5587044646929681,0.31899700414911253,0.5589749674057958
1050,17.5,feeder2_1621,0.3175978744599818,0.5600334612179706,0.31763260608144384,0.5603102932604007
1050,17.5,feeder2_1564,0.3189389505444853,0.5585765998425769,0.3189746184307718,0.5588473697456985
1050,17.5,feeder2_1704,0.3681690134881023,0.7496746805932918,0.36821161019845705,0.750022351341209
1050,17.5,feeder2_1525,0.37184708264652716,0.7500574690057005,0.3718886305699782,0.7504017116854131
1050,17.5,feeder2_1716,0.37175766807006466,0.7501313891766236,0.3718005113084362,0.7504790264917391
1050,17.5,feeder2_1537,0.3736668388275318,0.7526912630956512,0.3737092535799995,0.7530374641446903
1050,17.5,feeder2_1645,0.3743723896672805,0.7514826743397299,0.3744133230887254,0.751831696883872
1050,17.5,feeder2_1561,0.3757528729057529,0.7564238222894645,0.3757966551405964,0.7567745358670542
1050,17.5,feeder2_1657,0.37581243831538663,0.7564656161091501,0.3758571846167352,0.7568219873958005
1050,17.5,feeder2_1570,0.3766505244264983,0.7580254118985339,0.3766950038244862,0.7583814419510256
1050,17.5,feeder2_1756,0.4082005454617019,0.7761793802019844,0.40824059061289164,0.7765327871430814
1050,17.5,feeder2_1588,0.37709131882644,0.7582471192342571,0.37713382850778404,0.7586056607603986
1050,17.5,feeder2_1628,0.37769040742917476,0.7581185178446865,0.377732914199721,0.7584745252090569
1050,17.5,feeder2_1598,0.37759646399624774,0.7585440688195569,0.3776406259673918,0.7588996477375378
1050,17.5,feeder2_1816,0.3652459735398218,0.7701965777929656,0.36528729117920694,0.770555186117362
1050,17.5,feeder2_1765,0.37751165210460413,0.7586134614220209,0.37755356024967596,0.7589752362642987
1050,17.5,feeder2_1641,0.3800387950109447,0.7573220548206474,0.3800817298514981,0.7576860772906746
1050,17.5,feeder2_1689,0.38017169024794645,0.7502285415357322,0.38021604141720294,0.7506049737581194
1050,17.5,feeder2_1744,0.38616109157420486,0.7607006915741432,0.38620628925062167,0.7610666339778382
1050,17.5,feeder2_1817,0.380154373122224,0.7501402078804662,0.3802012189902664,0.7505204427540255
1050,17.5,feeder2_1779,0.3789736413350843,0.7513503457316426,0.379017417062485,0.7517243969531203
1050,17.5,feeder2_1800,0.37847434299414245,0.7464424069758884,0.3785210740579994,0.7468148956904257
1050,17.5,feeder2_1818,0.38608381279514215,0.7369163678999864,0.3861428142090477,0.7373101065547863
1050,17.5,feeder2_1753,0.4054839940475119,0.7715935514579654,0.4055291036712978,0.7719568554204377
1050,17.5,feeder2_1754,0.38619699950953,0.7607258106569376,0.3862421540862799,0.7610928061031375
1080,18.0,secondary,0.11326438306619353,0.09438999048512743,0.11326863886519586,0.09439395277240228
1080,18.0,feeder2_44,0.21117566754119219,0.49321406619552977,0.21118648472248638,0.49321709876161196
1080,18.0,feeder2_45,0.21480623964317522,0.5083972594581998,0.21481202518278056,0.5084033316730753
1080,18.0,feeder2_46,0.21284413532629567,0.4967187096597405,0.21285172533888497,0.4967228902488961
1080,18.0,feeder2_51,0.2210458049387392,0.5352950212993267,0.22105691927882626,0.5352997739763009
1080,18.0,feeder2_48,0.2178107461468094,0.5051540666057447,0.21781910868831994,0.5051614602328015
1080,18.0,feeder2_52,0.21854400815113761,0.5342805686757847,0.2185527975679143,0.5342874091946789
1080,18.0,feeder2_68,0.23888209547601064,0.611647805141753,0.23888940628060484,0.6116597154125436
1080,18.0,feeder2_69,0.24546272835881455,0.6292170966072069,0.2454731692192013,0.6292222207461856
1080,18.0,feeder2_71,0.24109611812148157,0.6208485698539817,0.24110625161734522,0.6208562264992459
1080,18.0,feeder2_72,0.2564303928829903,0.6012707166776448,0.2564409033899164,0.6012759359632217
1080,18.0,feeder2_73,0.24795290629721642,0.6518210862701056,0.24796485207855737,0.6518294763199592
1080,18.0,feeder2_74,0.2454708006702407,0.6508959458872235,0.24548190351268043,0.6509012676178206
1080,18.0,feeder2_77,0.25392352674157065,0.6785765015313439,0.25393593965580363,0.6785870159152209
1080,18.0,feeder2_79,0.2685136805026886,0.7061844479112726,0.2685260548235742,0.7061902597878502
1080,18.0,feeder2_81,0.261403629415073,0.7103002001464364,0.26141031769373585,0.710313508726157
1080,18.0,feeder2_82,0.26390960391941487,0.7064629759857418,0.2639194899388663,0.7064727490382714
1080,18.0,feeder2_116,0.29531910621433705,0.8561544698251087,0.295326218180438,0.8561720099478124
1080,18.0,feeder2_119,0.2932521235468459,0.8554203555685437,0.2932613619146246,0.8554376837242151
1080,18.0,feeder2_120,0.3081777489624095,0.9107391948723095,0.3081943167060059,0.910753897282055
1080,18.0,feeder2_248,0.3061582881483459,0.9099796238536586,0.30617121313460444,0.9099976443887764
1080,18.0,feeder2_124,0.3162454345801646,0.9447057944503772,0.3162590004542708,0.9447225100947513
1080,18.0,feeder2_282,0.3178054361331677,0.9422405364539815,0.31781985155496645,0.9422563836449944
1080,18.0,feeder2_275,0.3138486285357927,0.9438209951272746,0.3138633330827886,0.9438378093963082
1080,18.0,feeder2_151,0.330620115556256,1.0059522171686306,0.3306284679642859,1.0059770536672215
1080,18.0,feeder2_295,0.3319535963023262,1.0083761551979071,0.3319669850584793,1.0083962390171815
1080,18.0,feeder2_311,0.33140821098513756,1.0072628400466772,0.33142532412146297,1.0072827922673473
1080,18.0,feeder2_201,0.3536187205353268,1.102693312872798,0.35363292893870013,1.1027179972679073
1080,18.0,feeder2_314,0.35394555717470455,1.102107401863569,0.3539619273889713,1.1021311437038588
1080,18.0,feeder2_342,0.38646508614378217,1.2411862292919795,0.38648190139482497,1.241214773263736
1080,18.0,feeder2_368,0.3889388436184116,1.2601846803679675,0.38895274765474014,1.2602142136777064
1080,18.0,feeder2_347,0.3983764648263077,1.2739694153816146,0.3983948060918725,1.2739960295517427
1080,18.0,feeder2_353,0.4043491444207024,1.2912436018122888,0.40436663568601644,1.2912751014633694
1080,18.0,feeder2_518,0.39950082981941165,1.27201297083098,0.39951186667923755,1.2720459093946759
1080,18.0,feeder2_365,0.4109830467658211,1.3104424156988872,0.4109963440640239,1.3104780452082372
1080,18.0,feeder2_653,0.4042508974460123,1.2912017787178363,0.40426709273657413,1.2912345062792634
1080,18.0,feeder2_377,0.4136558007821917,1.3158476929093945,0.41367369027530426,1.315876714821872
1080,18.0,feeder2_622,0.4206053839108102,1.3296005493691148,0.4206236827365351,1.3296285913076678
1080,18.0,feeder2_451,0.3889629132981826,1.2601300019179675,0.38897752818819353,1.2601610040822944
1080,18.0,feeder2_383,0.39298739287748286,1.2909963792767936,0.39300040306040945,1.2910315832712695
1080,18.0,feeder2_385,0.4165635627868223,1.3211859907355796,0.41658040843433036,1.3212223497462512
1080,18.0,feeder2_621,0.4151471859185014,1.3184441327810943,0.4151660398233105,1.3184768545299934
1080,18.0,feeder2_611,0.39193748685429597,1.291764079525846,0.39195437213808215,1.2917954739958528
1080,18.0,feeder2_405,0.39326152280836313,1.2928898746341317,0.39327794699204965,1.2929194926732919
1080,18.0,feeder2_461,0.4287520704298493,1.3440243598257828,0.4287707209815446,1.3440594403100456
1080,18.0,feeder2_594,0.41525727498406284,1.32065409916593,0.4152716743242615,1.3206884489281245
1080,18.0,feeder2_732,0.39100545434385126,1.2919395092010817,0.391021897713976,1.2919683442754668
1080,18.0,feeder2_417,0.395454021978628,1.307410186159278,0.395468806056912,1.3074416847889114
1080,18.0,feeder2_663,0.3968318095732363,1.310476156142577,0.3968452946869867,1.3105105694424821
1080,18.0,feeder2_444,0.3969303899034217,1.3174817873272506,0.3969426870674927,1.317519280273763
1080,18.0,feeder2_759,0.3973770596835797,1.3163566723691023,0.3973875867284528,1.316390123780105
1080,18.0,feeder2_842,0.4256309854538222,1.3610257670729096,0.4256506039982546,1.3610527738428644
1080,18.0,feeder2_459,0.39684437223302266,1.3185109442523955,0.3968554318559149,1.3185438656296011
1080,18.0,feeder2_702,0.3972931453541045,1.3175239759721176,0.39731117617919687,1.3175545413300203
1080,18.0,feeder2_493,0.39652578688616413,1.3227791660235484,0.3965428445142953,1.3228123470570654
1080,18.0,feeder2_651,0.42949486536409304,1.3464475553242643,0.42951278393476694,1.3464815771205574
1080,18.0,feeder2_684,0.43819525459339853,1.3597568990581832,0.4382169706651661,1.3597927359157795
1080,18.0,feeder2_674,0.3933335624754132,1.3229491312934574,0.39335268437762255,1.322980664806583
1080,18.0,feeder2_696,0.39962654939792686,1.3358140220115655,0.3996428024336542,1.3358458590485596
1080,18.0,feeder2_681,0.3855472047019176,1.323829673262897,0.3855616228037995,1.3238649396085296
1080,18.0,feeder2_682,0.3919082105471685,1.3223801856178379,0.39192329674268617,1.3224140719083952
1080,18.0,feeder2_728,0.4378180978667306,1.3578755076667213,0.43783392221434775,1.3579148867271105
1080,18.0,feeder2_724,0.4486388874319185,1.380218778902796,0.44865814731894726,1.380259918225228
1080,18.0,feeder2_703,0.3997494918966433,1.3359958339102258,0.39976808234830585,1.3360276995004121
1080,18.0,feeder2_704,0.40269465618178213,1.340602905797497,0.4027137110617514,1.3406335268548437
1080,18.0,feeder2_754,0.4499877063679211,1.3787608625814272,0.45000454638862103,1.3788025970418605
1080,18.0,feeder2_747,0.45279311252177884,1.389363106689009,0.45281379753279344,1.3894032044368427
1080,18.0,feeder2_828,0.43660634505064794,1.3574762357396277,0.4366241861693351,1.3575142626230465
1080,18.0,feeder2_763,0.437730242143814,1.3558632702200057,0.4377475651354573,1.3558991671700245
1080,18.0,feeder2_836,0.4547944676798628,1.395162995003368,0.4548155539786288,1.3952025318709866
1080,18.0,feeder2_758,0.4559100778787861,1.3945530255846483,0.4559253780490449,1.3945955609623686
1080,18.0,feeder2_788,0.45969721281276255,1.3889650598290715,0.45971519296795743,1.3890042816581585
1080,18.0,feeder2_812,0.46551294231157786,1.4171806412800307,0.46553432940897466,1.417224250757418
1080,18.0,feeder2_947,0.4403335383075882,1.3515791667818855,0.4403523441978073,1.3516164798509607
1080,18.0,feeder2_868,0.43817132226439987,1.3550034921371494,0.43819328006853075,1.3550383577505203
1080,18.0,feeder2_785,0.4376557574461761,1.356027060571044,0.4376770091629567,1.3560646861443972
1080,18.0,feeder2_1176,0.4399180928456233,1.359730386430338,0.43993630262915356,1.359768423093709
1080,18.0,feeder2_846,0.43585540919745414,1.3551787880327102,0.43587576288782226,1.3552157565261642
1080,18.0,feeder2_911,0.4376547466695289,1.355975588223294,0.4376763281207766,1.356010371756264
1080,18.0,feeder2_1107,0.46711804780167804,1.4259137188432822,0.4671354153569507,1.42596440990461
1080,18.0,feeder2_920,0.4677614167260822,1.421122218651032,0.46778546593777887,1.4211664157212087
1080,18.0,feeder2_926,0.4711969063724954,1.4272482298987703,0.47122026165902453,1.4272948657111353
1080,18.0,feeder2_1239,0.46766293857568786,1.4208255078234262,0.46768171575488443,1.4208780547082356
1080,18.0,feeder2_933,0.47269265373860575,1.4304245767529458,0.4727139514813149,1.4304767932075522
1080,18.0,feeder2_1146,0.47131857619959877,1.425063354966151,0.47133456858986617,1.4251143970550777
1080,18.0,feeder2_1124,0.4727322015928917,1.430484572486947,0.4727525677956991,1.4305352532889104
1080,18.0,feeder2_942,0.4764691547993185,1.438412930016562,0.47649207429042945,1.4384627817037157
1080,18.0,feeder2_952,0.4821603524511677,1.4516658844643622,0.4821840944619918,1.4517172415946216
1080,18.0,feeder2_965,0.4764539271696489,1.438224244642849,0.47647400991378236,1.4382776983554788
1080,18.0,feeder2_961,0.48275050672051895,1.4533858599160965,0.48277182231537497,1.453441996049931
1080,18.0,feeder2_963,0.4821656212991507,1.4516042036374652,0.4821843030681778,1.4516611724703425
1080,18.0,feeder2_973,0.48599517608956067,1.4628757760142064,0.48601490396480956,1.462936393632171
1080,18.0,feeder2_1128,0.48256650899147163,1.452798683082425,0.48259077344870493,1.4528520098077105
1080,18.0,feeder2_1113,0.48291555651540996,1.4506237813772835,0.48293944566240715,1.4506762295772369
1080,18.0,feeder2_1143,0.4823757264399523,1.450113261374588,0.482399396736667,1.4501650217610174
1080,18.0,feeder2_1238,0.4782800719038519,1.4349642909726832,0.478304409993956,1.4350124771917696
1080,18.0,feeder2_979,0.4764518183814849,1.438216780164638,0.4764689242051662,1.4382718929696923
1080,18.0,feeder2_1236,0.4903254064829255,1.4744392679541953,0.4903441073733164,1.4745022548946078
1080,18.0,feeder2_989,0.4859998393441375,1.4628994539162332,0.4860240312165411,1.4629535189170004
1080,18.0,feeder2_1196,0.47639718869881814,1.4381911307555546,0.4764135864531361,1.4382459486387016
1080,18.0,feeder2_1158,0.4878436299921541,1.465870184538005,0.4878626804201802,1.4659299644668935
1080,18.0,feeder2_1122,0.46624776595181083,1.4216674492353378,0.46626686754706154,1.42171898306078
1080,18.0,feeder2_1258,0.47280343276061104,1.43525572162517,0.47282559656627343,1.4353020276568473
1080,18.0,feeder2_1303,0.46662157622810263,1.4209926635034795,0.4666422107182401,1.4210395057042282
1080,18.0,feeder2_1138,0.46557636668219365,1.4185399278654687,0.4655969895170503,1.41858911633342
1080,18.0,feeder2_1304,0.46409911803115256,1.4179545534439253,0.46411742404831513,1.4180066046240118
1080,18.0,feeder2_1212,0.46435707711365976,1.4125316832745671,0.4643787754524322,1.4125786151888196
1080,18.0,feeder2_1311,0.4660038984955502,1.409711891666866,0.46602006051857153,1.4097616583593076
1080,18.0,feeder2_1290,0.4629557629351199,1.4072556561038987,0.4629710921369311,1.4073112238644958
1080,18.0,feeder2_1325,0.4930539924438209,1.47383715657979,0.4930712101091847,1.4739035912183227
1080,18.0,feeder2_1248,0.4903714105502331,1.4745166513864894,0.490391115064527,1.4745782462158483
1080,18.0,feeder2_1249,0.4785892907222768,1.4344213666258125,0.478606490098296,1.4344760229953082
1080,18.0,feeder2_1250,0.47883913162373265,1.4339903404020127,0.4788593302959953,1.4340391295556425
1080,18.0,feeder2_1366,0.5008479053864826,1.4918192283257776,0.500873376851539,1.4918758335471212
1080,18.0,feeder2_1266,0.4731842886992934,1.4358655701766094,0.47320671350294835,1.4359093436914405
1080,18.0,feeder2_1372,0.4629709024713597,1.4072245083119115,0.46298746894603543,1.4072764062203675
1080,18.0,feeder2_1363,0.4614576973278074,1.4016884405679069,0.4614809834344258,1.4017383169104956
1080,18.0,feeder2_1446,0.4934165175322096,1.4731613539988464,0.49343441308971075,1.473229475048538
1080,18.0,feeder2_1502,0.4961881815000487,1.474000624126233,0.49620908737870956,1.47406986288844
1080,18.0,feeder2_1428,0.46137253308309434,1.4016520434696678,0.4613946646043537,1.4017043407465097
1080,18.0,feeder2_1380,0.4596624722461435,1.3950754739484952,0.4596797790609864,1.3951312337998045
1080,18.0,feeder2_1550,0.45976094115734434,1.3946471383934436,0.45978210701311834,1.394700389132002
1080,18.0,feeder2_1386,0.4588334811065949,1.3920571146654404,0.4588544943784279,1.3921107164352242
1080,18.0,feeder2_1551,0.4576498122702982,1.3916332003745395,0.457672059110587,1.3916904617787689
1080,18.0,feeder2_1400,0.45848568613459323,1.3907563980489643,0.4585085588172196,1.3908107334612416
1080,18.0,feeder2_1552,0.45446027707940934,1.3891856868736099,0.45447858290905546,1.3892417832658595
1080,18.0,feeder2_1408,0.45810628603725545,1.389093010258741,0.4581220493371421,1.3891499518024302
1080,18.0,feeder2_1553,0.4531643845349812,1.3906341746594983,0.45318581922715767,1.3906889701047676
1080,18.0,feeder2_1416,0.4581735366399797,1.3880107168673763,0.4581915295720334,1.3880711451654446
1080,18.0,feeder2_1530,0.461636690308195,1.384305540253026,0.4616593098387612,1.3843606115878924
1080,18.0,feeder2_1425,0.4580137257801266,1.3879204269467194,0.4580355534021153,1.3879731155422788
1080,18.0,feeder2_1589,0.45561388520488183,1.3872367403325065,0.45563074342897214,1.3872950275019738
1080,18.0,feeder2_1435,0.4580217533153499,1.387991430388557,0.45804000263171657,1.3880495037216811
1080,18.0,feeder2_1621,0.4577761475604626,1.3887008193724892,0.45779852148619615,1.388758016552632
1080,18.0,feeder2_1564,0.4580019205238403,1.3879220168185327,0.4580218918405361,1.3879775638882006
1080,18.0,feeder2_1704,0.4992627890011004,1.480174200679949,0.49928611627916736,1.4802414174965213
1080,18.0,feeder2_1525,0.4965660639146537,1.4717418577924795,0.49659149897239463,1.4718095592047382
1080,18.0,feeder2_1716,0.49594167390788174,1.4732400731699262,0.495966121063565,1.47331091961253
1080,18.0,feeder2_1537,0.4969600838010325,1.468960849716075,0.4969827575763289,1.4690314517858005
1080,18.0,feeder2_1645,0.49692706051396707,1.468947026708631,0.49695055733877835,1.4690204816107146
1080,18.0,feeder2_1561,0.4974110530134756,1.465830972742343,0.49743711393342854,1.4659027387037857
1080,18.0,feeder2_1657,0.49827371873729004,1.4649054188019912,0.49829860072197274,1.464976992457785
1080,18.0,feeder2_1570,0.4975730474292563,1.464711337530477,0.4975947209057392,1.4647877326540903
1080,18.0,feeder2_1756,0.5008621546618934,1.4592239823421753,0.5008847022677904,1.4592957099737813
1080,18.0,feeder2_1588,0.49773816532386345,1.4639884854017344,0.49776060628239466,1.464061090094592
1080,18.0,feeder2_1628,0.4979755787575287,1.463567568597694,0.49799501841907445,1.4636431261508052
1080,18.0,feeder2_1598,0.49795309623711537,1.4631901045540228,0.4979720666200074,1.4632699898572905
1080,18.0,feeder2_1816,0.5017908586405163,1.4697619422741308,0.5018175577182812,1.469835104180643
1080,18.0,feeder2_1765,0.4993247900747757,1.465468054059345,0.49934655452428595,1.4655477736146498
1080,18.0,feeder2_1641,0.4984141374896582,1.4562951040508831,0.49844092102372967,1.4563764352850495
1080,18.0,feeder2_1689,0.4988384809800888,1.4510609209341558,0.49885757858463536,1.4511526453470713
1080,18.0,feeder2_1744,0.4986075613438325,1.4559453765090309,0.49863265887638375,1.456026601498178
1080,18.0,feeder2_1817,0.49882490970127574,1.4510174264311142,0.49884698847929887,1.451103341606501
1080,18.0,feeder2_1779,0.49934600200314866,1.451727512755855,0.4993700780832287,1.4518136455649193
1080,18.0,feeder2_1800,0.4937936009336389,1.4501092887764093,0.4938183591727147,1.450196752535126
1080,18.0,feeder2_1818,0.5122990291800578,1.4365946323116778,0.5123210003234507,1.436691028971406
1080,18.0,feeder2_1753,0.4991750312644612,1.4549322340619069,0.49920028946447237,1.4550105819190995
1080,18.0,feeder2_1754,0.4986185735616996,1.4559239325217157,0.49864109330807327,1.4560064193120197
1110,18.5,secondary,0.04960143179882471,0.032268525032212204,0.04959725625074267,0.03226206002757102
1110,18.5,feeder2_44,0.09251088702401063,0.1686695733669623,0.09250535612597172,0.16864674352448933
1110,18.5,feeder2_45,0.09380311605583513,0.1696871798069637,0.0937971013551713,0.16966706222072078
1110,18.5,feeder2_46,0.09570169542161754,0.21946618252623004,0.09568628760239149,0.21944744694570376
1110,18.5,feeder2_51,0.09604434778391628,0.17148225503341824,0.09603828136679626,0.17145496489612133
1110,18.5,feeder2_48,0.0939774601168598,0.16959453272077468,0.09397508862860006,0.16957153941650732
1110,18.5,feeder2_52,0.09356852911199234,0.17238780672089324,0.09356521947124342,0.1723565834276832
1110,18.5,feeder2_68,0.1029435103127129,0.17699159032082845,0.10293805580824712,0.1769690149509061
1110,18.5,feeder2_69,0.10269719199451244,0.18200808037584754,0.10268943338049964,0.18198585692458585
1110,18.5,feeder2_71,0.10383265991801016,0.17750525485362956,0.10382723658749528,0.17748201809326872
1110,18.5,feeder2_72,0.10942029906178329,0.17507231812937063,0.10941647733034078,0.17504636162305567
1110,18.5,feeder2_73,0.10652503848101555,0.17937258908083822,0.10651990809113016,0.17935279419973116
1110,18.5,feeder2_74,0.10568849224559598,0.17867636742115925,0.10568419654771101,0.1786539439821629
1110,18.5,feeder2_77,0.10886927299922154,0.18113896062851764,0.1088636767107993,0.18111031988644624
1110,18.5,feeder2_79,0.1075544848095514,0.20425125456253593,0.10754663497866324,0.20422781869416326
1110,18.5,feeder2_81,0.11189174311422492,0.17547879689040435,0.1118889436636948,0.1754600880574033
1110,18.5,feeder2_82,0.11676953685539819,0.17336829837264728,0.11676745836497085,0.1733532880953822
1110,18.5,feeder2_116,0.12499704534576506,0.15380242063150118,0.12499623063599338,0.1537941896567281
1110,18.5,feeder2_119,0.12461191226324528,0.15343910942580236,0.12461224760691643,0.15342751756177775
1110,18.5,feeder2_120,0.13013827716029472,0.14715802393143426,0.13013726307325835,0.1471582640806952
1110,18.5,feeder2_248,0.12909563707127872,0.14585518778719406,0.12909740568959013,0.14585232713046167
1110,18.5,feeder2_124,0.13353408285287555,0.14417610456913546,0.1335353094379199,0.14418733414401827
1110,18.5,feeder2_282,0.13665829059198992,0.1436560160311163,0.13665776369300198,0.14367363007993886
1110,18.5,feeder2_275,0.13209975565306634,0.14249920513416908,0.13210306160085325,0.1425101082836937
1110,18.5,feeder2_151,0.13943014537195556,0.14127114489092316,0.1394314684421203,0.1413061528608365
1110,18.5,feeder2_295,0.13878273419888246,0.14333557548043369,0.13878415718317746,0.1433619051872197
1110,18.5,feeder2_311,0.13901395264139355,0.1428697911037256,0.13901365458939519,0.14289333069265606
1110,18.5,feeder2_201,0.14903009276110787,0.13490288895791006,0.14903482166630577,0.13497336841922383
1110,18.5,feeder2_314,0.15290891859961608,0.1336768853794033,0.15291173167560768,0.133757810145986
1110,18.5,feeder2_342,0.16108176419245185,0.13411626272418659,0.16108712961379293,0.13424786705754796
1110,18.5,feeder2_368,0.15968955891839118,0.1274451296392951,0.15969773962067815,0.12756857958075993
1110,18.5,feeder2_347,0.16899072751736535,0.14900791250439574,0.16899977812720027,0.14918001402670242
1110,18.5,feeder2_353,0.1725992572568413,0.15637510086234482,0.17260702348021664,0.15655762052172764
1110,18.5,feeder2_518,0.17249077542750543,0.15022359134139934,0.17249761274360065,0.15039858491890565
1110,18.5,feeder2_365,0.17661948933296265,0.1649323107614891,0.1766286051679533,0.16513189944926987
1110,18.5,feeder2_653,0.1725291141926948,0.15626883483071602,0.17253680057442594,0.15645061831661475
1110,18.5,feeder2_377,0.17867114513938517,0.16843643975519249,0.17868107960720817,0.16864460943435727
1110,18.5,feeder2_622,0.17236743700803037,0.17198333635593757,0.17237346503771891,0.17216843913509053
1110,18.5,feeder2_451,0.1603921972857278,0.12771306433081325,0.16039948437525,0.12784507262497125
1110,18.5,feeder2_383,0.15729548243256447,0.1165922468727989,0.15730164472455288,0.11670970268731946
1110,18.5,feeder2_385,0.18102384385731682,0.1725782674124481,0.18103694706742815,0.17280247883421707
1110,18.5,feeder2_621,0.17779645766454985,0.16953888273461007,0.17780500053034656,0.16974490269023174
1110,18.5,feeder2_611,0.15728819072655312,0.11566588365928519,0.1572926726653472,0.11577906448988554
1110,18.5,feeder2_405,0.15715347107119948,0.11597842205574452,0.15715828789576125,0.11609267189858091
1110,18.5,feeder2_461,0.19124951747692176,0.1973774513072878,0.191261225489899,0.19765664745932063
1110,18.5,feeder2_594,0.1805644230148276,0.17050514192847144,0.18057614943490596,0.17072744212956392
1110,18.5,feeder2_732,0.14078889295966815,0.08649658159099007,0.14080215129117638,0.08658465854836231
1110,18.5,feeder2_417,0.15764784343944366,0.11805133352606922,0.1576520596274549,0.1181663128811021
1110,18.5,feeder2_663,0.15712865818280566,0.11958477602156631,0.1571354334314147,0.11969363741197749
1110,18.5,feeder2_444,0.15801090405765905,0.11921169614715545,0.15801604630948488,0.11932162594556282
1110,18.5,feeder2_759,0.16461669435612772,0.11732485458297469,0.16462385822238015,0.11744954147151652
1110,18.5,feeder2_842,0.1571943925148459,0.12136695428451129,0.15720109442888197,0.12147690598347115
1110,18.5,feeder2_459,0.15800899828696335,0.1196006356660352,0.15801686017653807,0.1197094546367986
1110,18.5,feeder2_702,0.16044689531909256,0.11927763116180211,0.1604544502117295,0.11939469780061618
1110,18.5,feeder2_493,0.15772648448613727,0.12115563647437813,0.15773165998870178,0.1212595723741469
1110,18.5,feeder2_651,0.1904434982344803,0.19784034376240608,0.1904569561271368,0.198117191545952
1110,18.5,feeder2_684,0.19965901016547838,0.221419260105081,0.19967233139800258,0.2217307037275628
1110,18.5,feeder2_674,0.15734669627875922,0.12061162680975866,0.15735334963436157,0.1207159477804216
1110,18.5,feeder2_696,0.15753951254845064,0.12831973803185215,0.1575455773936045,0.12841457764653233
1110,18.5,feeder2_681,0.15660759773931412,0.11952735433713069,0.15661353451981952,0.11963456780037669
1110,18.5,feeder2_682,0.15689840677559108,0.12000157384113037,0.1569053849693112,0.12010583038193309
1110,18.5,feeder2_728,0.2002689074039541,0.22251124456460414,0.20028547191759785,0.22282853975054934
1110,18.5,feeder2_724,0.2080237282621202,0.24549545358751823,0.20804078188432565,0.24582760874130272
1110,18.5,feeder2_703,0.1575037867116352,0.12844485733277644,0.1575085019358767,0.1285374133804911
1110,18.5,feeder2_704,0.15627472627897904,0.1312136530665088,0.15627524925100666,0.13130861144899822
1110,18.5,feeder2_754,0.20811274622342074,0.24558038921396633,0.20812995868521272,0.2459128170569065
1110,18.5,feeder2_747,0.2114341428547916,0.2552974872629128,0.21145039873288682,0.2556392915903551
1110,18.5,feeder2_828,0.1996538773008632,0.22144969801769523,0.19967120562327484,0.22177163698226468
1110,18.5,feeder2_763,0.20158368138275756,0.22628519861245627,0.20160314505930121,0.22660987230563504
1110,18.5,feeder2_836,0.2098277363220608,0.2553661497746128,0.20984453234147807,0.2557021786349351
1110,18.5,feeder2_758,0.2143140124279005,0.2639261287753024,0.21433060571021145,0.2642727318984249
1110,18.5,feeder2_788,0.21700549631074412,0.26570990182785525,0.21702072187617197,0.2660580181831204
1110,18.5,feeder2_812,0.22243657514544815,0.288098138004979,0.222457980696574,0.2884690132423045
1110,18.5,feeder2_947,0.2093892675781747,0.23287758087312485,0.20940564705435163,0.23320736165841457
1110,18.5,feeder2_868,0.21109071597145965,0.23529012797336196,0.2111096431790774,0.23561932127923835
1110,18.5,feeder2_785,0.20017151591802937,0.2207520471930732,0.20018764660472121,0.22108003717386418
1110,18.5,feeder2_1176,0.19805725047171782,0.2202071958375892,0.19807421324354724,0.22052956249749128
1110,18.5,feeder2_846,0.19341108203311486,0.21050260723536493,0.19343031076282097,0.2108343738310431
1110,18.5,feeder2_911,0.20059056244082132,0.22127211214047057,0.20060896810402362,0.22160372641573536
1110,18.5,feeder2_1107,0.21820239343259112,0.26004075815888106,0.21822421435464295,0.26041286237195954
1110,18.5,feeder2_920,0.2258852276158214,0.30263838783512853,0.2259055890786159,0.30301238528737484
1110,18.5,feeder2_926,0.2310980451818309,0.3245949778302225,0.23112100976360986,0.3249766600133468
1110,18.5,feeder2_1239,0.22579962400897208,0.3023052357438976,0.22581901881436658,0.30268099736364507
1110,18.5,feeder2_933,0.23325962139471385,0.33403811888211593,0.23328156643435946,0.3344220790563149
1110,18.5,feeder2_1146,0.2317896572017713,0.3259259642317448,0.23181081625403338,0.32630937710072944
1110,18.5,feeder2_1124,0.23308545257237773,0.33402445743470655,0.2331051498830697,0.33441088308519534
1110,18.5,feeder2_942,0.2387236622393095,0.3579978865234234,0.23874418482910104,0.35839362412787623
1110,18.5,feeder2_952,0.2423367210777433,0.37162143751001675,0.2423580940128435,0.3720213168327633
1110,18.5,feeder2_965,0.2393022547252995,0.360845185988701,0.23932491086380048,0.3612372211187444
1110,18.5,feeder2_961,0.24266692934768394,0.3730020243349225,0.24268900711540628,0.37340125701958765
1110,18.5,feeder2_963,0.24234974968107945,0.37164571581516714,0.2423754869816305,0.37204564123251116
1110,18.5,feeder2_973,0.24447977887873718,0.3806542781635523,0.2445019856036702,0.3810571698232408
1110,18.5,feeder2_1128,0.24257228349537455,0.3726408425077029,0.24259551867478085,0.37303901211884966
1110,18.5,feeder2_1113,0.24343099090875692,0.3720501669607994,0.24345374971760655,0.37245051005204016
1110,18.5,feeder2_1143,0.24237138525237661,0.37177512268752944,0.24239248012579034,0.3721755742878254
1110,18.5,feeder2_1238,0.2886476991045005,0.4051368458971465,0.2886698489709746,0.4055426052859752
1110,18.5,feeder2_979,0.23929945352363685,0.3608344250709761,0.23932190859090172,0.36123029498322534
1110,18.5,feeder2_1236,0.24715591938781703,0.39237385396484736,0.24718022584254928,0.39278078135132066
1110,18.5,feeder2_989,0.2444801076827605,0.3806538518729365,0.24450278158562794,0.38105655457485277
1110,18.5,feeder2_1196,0.23926334077683692,0.3607865176224571,0.23928471923447237,0.3611803765058286
1110,18.5,feeder2_1158,0.24337774176288007,0.3808567284432964,0.24339987329176177,0.3812549256186354
1110,18.5,feeder2_1122,0.2163970507473526,0.25020014207506736,0.21641677503365228,0.25057808707867146
1110,18.5,feeder2_1258,0.21464927918235702,0.25995590350505143,0.21466659501618554,0.26032139603151566
1110,18.5,feeder2_1303,0.21843856684548665,0.2521315862240964,0.2184597594373771,0.25250776311867756
1110,18.5,feeder2_1138,0.21485827594757081,0.2419548514332561,0.21488068223676746,0.24233017469605925
1110,18.5,feeder2_1304,0.2149140668710361,0.2402841757248259,0.21493594297324667,0.24066177025311195
1110,18.5,feeder2_1212,0.2117714983339153,0.22657407448807057,0.2117924888917489,0.22696268157401375
1110,18.5,feeder2_1311,0.21630911154996071,0.230616007188261,0.21633200175846676,0.2310019011787959
1110,18.5,feeder2_1290,0.20724650496151997,0.20548692089341006,0.20726844845839337,0.2058821210824856
1110,18.5,feeder2_1325,0.2507329267491179,0.4078265480560671,0.25075856451371953,0.40824741480039606
1110,18.5,feeder2_1248,0.2471237917716078,0.3923839820053096,0.24714749401004388,0.39279057510305293
1110,18.5,feeder2_1249,0.30198679120415994,0.4176040581740503,0.30201182409322297,0.41800988785580667
1110,18.5,feeder2_1250,0.2911956708169543,0.406978752930644,0.29122015348498287,0.40738403557819913
1110,18.5,feeder2_1366,0.24029558389907735,0.3950666346781314,0.24031676520969497,0.39546539443989165
1110,18.5,feeder2_1266,0.21423565819876722,0.25996279621911533,0.21425533681588846,0.26032826300752315
1110,18.5,feeder2_1372,0.20730005416927433,0.20554248730011113,0.20732227754295257,0.20593515050688788
1110,18.5,feeder2_1363,0.20244660518920926,0.18490506124910247,0.20246932476616608,0.1853036278675065
1110,18.5,feeder2_1446,0.2648557252235013,0.4196715868710015,0.2648826378642032,0.4200999319709171
1110,18.5,feeder2_1502,0.25132585314346145,0.408980221038729,0.2513536518401486,0.40941195196058167
1110,18.5,feeder2_1428,0.19675280701247203,0.17728964142499146,0.1967798419642993,0.17768882600979338
1110,18.5,feeder2_1380,0.20024723421195942,0.17321072872140572,0.20027329838926544,0.17360652464524895
1110,18.5,feeder2_1550,0.2021182920867717,0.17507630095673515,0.20214537265605273,0.17547284281938777
1110,18.5,feeder2_1386,0.19896820034114235,0.1668613780136261,0.19899310169079237,0.1672558572715995
1110,18.5,feeder2_1551,0.19877714071678212,0.16193414413822466,0.19880471269680872,0.16233272855863515
1110,18.5,feeder2_1400,0.19851306712400665,0.164998792200981,0.19853693419101512,0.16539584572787644
1110,18.5,feeder2_1552,0.1968094109861473,0.16280472319335235,0.19683624033316516,0.16319982997979549
1110,18.5,feeder2_1408,0.19792783323998403,0.16219788864200557,0.19795220576444422,0.1625945679954447
1110,18.5,feeder2_1553,0.19657769009406068,0.1609183778026386,0.1966003851266667,0.1613140509511815
1110,18.5,feeder2_1416,0.19773455681621707,0.16100015105936638,0.1977574204992589,0.16139740665936916
1110,18.5,feeder2_1530,0.19785713800359203,0.1611287512724929,0.197880996468273,0.16152294640173734
1110,18.5,feeder2_1425,0.1973556192069428,0.15866832370760503,0.19738276286022796,0.15906255281773374
1110,18.5,feeder2_1589,0.19719646427214899,0.15401870040259813,0.19722447224317646,0.15441215202437117
1110,18.5,feeder2_1435,0.19733949491914562,0.15862239404009462,0.1973613475763369,0.159017762917047
1110,18.5,feeder2_1621,0.19728648585355707,0.1585484034510933,0.19731271941175266,0.1589427473230168
1110,18.5,feeder2_1564,0.19714608858002014,0.15817671059683763,0.19717194617222683,0.1585700940540123
1110,18.5,feeder2_1704,0.24967620578955985,0.4100555048798568,0.24970380673713538,0.4104859699783769
1110,18.5,feeder2_1525,0.251529237727193,0.408978594884185,0.25155639477827557,0.4094161458680247
1110,18.5,feeder2_1716,0.24931587026552474,0.41072520593632994,0.24934347757174322,0.4111569915706125
1110,18.5,feeder2_1537,0.2517996191560645,0.40874296773358254,0.2518263559000566,0.40917865220962857
1110,18.5,feeder2_1645,0.2517783882736245,0.4087118013313471,0.2518059696430602,0.4091467808702086
1110,18.5,feeder2_1561,0.2521101636574315,0.4084954970565167,0.2521373080969114,0.4089382347892958
1110,18.5,feeder2_1657,0.25291189327143204,0.4087479603425686,0.25293914050981364,0.4091883335561656
1110,18.5,feeder2_1570,0.25219177871267906,0.4083074819766686,0.25221691339097835,0.40875338795145905
1110,18.5,feeder2_1756,0.26089071415134735,0.41469132494266975,0.26091642526238523,0.4151418608705432
1110,18.5,feeder2_1588,0.25215641084812834,0.4076933122623647,0.25218250162419764,0.40814242952205193
1110,18.5,feeder2_1628,0.2525969772093878,0.4080973934953954,0.2526238296900307,0.40854360057305
1110,18.5,feeder2_1598,0.25209026324458306,0.4067999228842363,0.25211687261578,0.4072452149649937
1110,18.5,feeder2_1816,0.24932895060810153,0.40760065134269796,0.2493567241424286,0.40804529375610904
1110,18.5,feeder2_1765,0.2508810560767651,0.40706504594671805,0.250908702656495,0.4075107488611803
1110,18.5,feeder2_1641,0.2516954480232517,0.40243474124236545,0.2517258544403101,0.40289048293633944
1110,18.5,feeder2_1689,0.2508230053349674,0.39722550993166156,0.2508544122518143,0.39769224446114476
1110,18.5,feeder2_1744,0.25319161784894123,0.4032813652323831,0.2532231954357198,0.4037355959208899
1110,18.5,feeder2_1817,0.2504868162476786,0.3946924589555805,0.2505174755386892,0.39515566909889616
1110,18.5,feeder2_1779,0.2498967561530515,0.39786323545574476,0.24992718731610394,0.39832655948008144
1110,18.5,feeder2_1800,0.24911408634741744,0.3944731343789909,0.24914553042036397,0.3949382590510279
1110,18.5,feeder2_1818,0.2521460650850263,0.3925067195717868,0.2521926249166887,0.39298148513042175
1110,18.5,feeder2_1753,0.25612493431745104,0.4058317568229571,0.25615174907756577,0.4062919410340443
1110,18.5,feeder2_1754,0.253588932726339,0.40331545137820324,0.2536205709292725,0.4037738830856605
1140,19.0,secondary,0.007206137663327405,0.021215009334389454,0.007196745630801428,0.021172322787362165
1140,19.0,feeder2_44,0.013462666465531955,0.11107869244365613,0.013444446229643456,0.11085568267536947
1140,19.0,feeder2_45,0.01373227136343182,0.11482588630980066,0.013714819438246626,0.11459581081179099
1140,19.0,feeder2_46,0.013456962031980386,0.10802660023971175,0.013427453643015426,0.1077984708040816
1140,19.0,feeder2_51,0.014488616703980434,0.12044544824419062,0.014465492420610801,0.12020282697898896
1140,19.0,feeder2_48,0.01415452061711017,0.12579800107518224,0.014214698518599432,0.12557346569241648
1140,19.0,feeder2_52,0.01580332108570836,0.12159361007829325,0.0157810209222627,0.12134929859419465
1140,19.0,feeder2_68,0.016587364561260712,0.13655768543403551,0.016555523476678966,0.1362764989637644
1140,19.0,feeder2_69,0.016503012515516932,0.13338780197834824,0.016463269922190563,0.13310528737693014
1140,19.0,feeder2_71,0.016894748016311845,0.13891266839675315,0.016865435262096815,0.13862421721977264
1140,19.0,feeder2_72,0.013772189510562147,0.1395771637114607,0.013751702795649337,0.1392961819567244
1140,19.0,feeder2_73,0.01790648660766617,0.14636489856228904,0.017871513368437515,0.1460662819139987
1140,19.0,feeder2_74,0.02034799047561044,0.1480667099357712,0.02032315669913097,0.14776895741318483
1140,19.0,feeder2_77,0.018659360527586464,0.15252284870606014,0.018624175825465456,0.15220921631779946
1140,19.0,feeder2_79,0.02043169383056721,0.14930173860255017,0.020389073534899476,0.14898968634561996
1140,19.0,feeder2_81,0.019861473303118615,0.16361798842855818,0.01982243180419691,0.1632781305929712
1140,19.0,feeder2_82,0.016002891624853705,0.16434409912933912,0.015973439192772193,0.1640065791896417
1140,19.0,feeder2_116,0.025975889197837356,0.21516143878139737,0.025922348994975704,0.21473874471319565
1140,19.0,feeder2_119,0.041229799662961635,0.23170741674145354,0.04119316996160136,0.2312847720265332
1140,19.0,feeder2_120,0.02612131103798878,0.2251620803832057,0.026060922348591902,0.22470414133419012
1140,19.0,feeder2_248,0.02765326433303076,0.22695316683783193,0.02759532155435956,0.22649315430291725
1140,19.0,feeder2_124,0.026067088036289317,0.23057810825737368,0.025998802719374922,0.2301034300894538
1140,19.0,feeder2_282,0.025926831984019086,0.23056635213815369,0.025861514655351445,0.2300894978286927
1140,19.0,feeder2_275,0.039522577243386946,0.24541102066235687,0.03947746398844674,0.24493593539997469
1140,19.0,feeder2_151,0.02378607984900278,0.22997191310545148,0.02370961493056304,0.22946001548617584
1140,19.0,feeder2_295,0.023809183244652317,0.22988230528919146,0.023735199323779578,0.2293728360061394
1140,19.0,feeder2_311,0.023962740776754265,0.22942380777818097,0.02388618313387965,0.22891083592821923
1140,19.0,feeder2_201,0.020416519357609887,0.22982596378317136,0.020324669674641367,0.22925589749972422
1140,19.0,feeder2_314,0.01983123727624441,0.23051609405351395,0.019738365521181973,0.22994539465601857
1140,19.0,feeder2_342,0.01721048447848291,0.22851712699347682,0.017096785127740856,0.22786434788453422
1140,19.0,feeder2_368,0.015040922491085728,0.2303406064988109,0.014931278659022796,0.2296926617085285
1140,19.0,feeder2_347,0.019473524467621274,0.2249567396654323,0.019352032853824055,0.22426122259725606
1140,19.0,feeder2_353,0.021144995304060506,0.22293762635115494,0.021024839984403982,0.22222289801002243
1140,19.0,feeder2_518,0.017203322156070726,0.2260628487451043,0.017081502956387228,0.22536548721932984
1140,19.0,feeder2_365,0.023093540698893997,0.22084231723392794,0.022971022698316083,0.22010840779059043
1140,19.0,feeder2_653,0.02115404410090395,0.22303420366813284,0.021032602229854258,0.22231773412578312
1140,19.0,feeder2_377,0.023759224417812426,0.2229416442118299,0.023633711012447017,0.22219933677783518
1140,19.0,feeder2_622,0.03680203226827662,0.20790482932958038,0.03668442353512131,0.20717305286094095
1140,19.0,feeder2_451,0.004885806545486508,0.23369613377179202,0.0048655551473035874,0.23304933532114877
1140,19.0,feeder2_383,0.015105648731186905,0.23229598880444183,0.014993235987739563,0.2316439947906162
1140,19.0,feeder2_385,0.024522535737004324,0.22539800342484784,0.024394900921487276,0.2246360802359698
1140,19.0,feeder2_621,0.02385144054710088,0.22284932866047852,0.023723856699680353,0.2221011435905357
1140,19.0,feeder2_611,0.015514685124385743,0.2333744381213102,0.015403475817293222,0.23272179351047892
1140,19.0,feeder2_405,0.015099093879298172,0.23235998895942458,0.014985384662146804,0.23170900943250966
1140,19.0,feeder2_461,0.027375271907237087,0.2332713049984189,0.02724536936839161,0.2324607815180229
1140,19.0,feeder2_594,0.02458134191479483,0.22659790260890583,0.024454779668624103,0.22583574686825056
1140,19.0,feeder2_732,0.0162526904495261,0.23601662921108055,0.016149546073295704,0.23535874083641645
1140,19.0,feeder2_417,0.014936689104434808,0.23199067751963745,0.014824024500342687,0.23133885264797777
1140,19.0,feeder2_663,0.017627834750019254,0.2287033450951514,0.017515380822268025,0.2280528170214513
1140,19.0,feeder2_444,0.014683239124577682,0.2326777715667676,0.01456871391302578,0.23202831704555857
1140,19.0,feeder2_759,0.013659010962864369,0.23256497549019642,0.013545051115627222,0.23191083063826293
1140,19.0,feeder2_842,0.016765951084212177,0.23013294192248254,0.01665095735984528,0.22947889154854426
1140,19.0,feeder2_459,0.014591692806942624,0.23307458792007843,0.014476318075330875,0.23242041714235379
1140,19.0,feeder2_702,0.012558657740537878,0.23592274793480775,0.012446378187840322,0.2352681275869133
1140,19.0,feeder2_493,0.014632735699971158,0.23357980506283063,0.014520839404005476,0.23293042778691392
1140,19.0,feeder2_651,0.03788068405425211,0.2234465815166537,0.03775407434844557,0.22263538626759488
1140,19.0,feeder2_684,0.028298270843409187,0.25028830338214625,0.028157956865167522,0.24942688548832237
1140,19.0,feeder2_674,0.014534934338569755,0.2339021505959662,0.014419951319534077,0.2332448806644552
1140,19.0,feeder2_696,0.014651071953902226,0.2334437489830276,0.014535056452143853,0.23278846058832284
1140,19.0,feeder2_681,0.014559340603882554,0.23396556382309833,0.014445613841760716,0.23330975465176984
1140,19.0,feeder2_682,0.014329088765296366,0.23515125869668502,0.01421832130316437,0.23450006901814846
1140,19.0,feeder2_728,0.027852240300520952,0.2487017987167871,0.027707699691041775,0.247835462145548
1140,19.0,feeder2_724,0.03041540038567238,0.27151812264808034,0.030262883143577092,0.2706049039676116
1140,19.0,feeder2_703,0.014770007579875214,0.23328574023038037,0.014656078958348782,0.23263529380345443
1140,19.0,feeder2_704,0.01465976755843601,0.2334321782780287,0.014545098879534262,0.2327756955101418
1140,19.0,feeder2_754,0.02120534759640455,0.27114035774940515,0.021056220317004132,0.2702262255068294
1140,19.0,feeder2_747,0.0325509084163027,0.281134316290996,0.032396562656544864,0.28020838322208125
1140,19.0,feeder2_828,0.027856996427691096,0.24875400750126764,0.027713618299968865,0.24788604007111933
1140,19.0,feeder2_763,0.027204008093765514,0.24633700250638338,0.027065580309325033,0.24547372859073652
1140,19.0,feeder2_836,0.03611427108234825,0.27733060690275235,0.035962926921557954,0.2764050205749212
1140,19.0,feeder2_758,0.03427025607773464,0.2910945907921409,0.034115644958871566,0.2901575533542962
1140,19.0,feeder2_788,0.032057033921773545,0.2908600453958123,0.03190106097364953,0.28991560142360123
1140,19.0,feeder2_812,0.040385879685723214,0.3228101650650557,0.04022155502808891,0.3218248744062746
1140,19.0,feeder2_947,0.023082327267203474,0.24853547142952861,0.022952041452139263,0.2476672041481003
1140,19.0,feeder2_868,0.027137132193508284,0.24632891144619973,0.026993597653537125,0.24546060273610204
1140,19.0,feeder2_785,0.02721349311676255,0.24464118650913028,0.027075395658542587,0.24378068241966694
1140,19.0,feeder2_1176,0.03487904241955034,0.23673203250119149,0.03474249443144531,0.23586772862004216
1140,19.0,feeder2_846,0.027218995781563983,0.24473084966787073,0.027078892205898115,0.24386590746814707
1140,19.0,feeder2_911,0.02634728300329903,0.2443106925663937,0.026204678943840088,0.2434405527258765
1140,19.0,feeder2_1107,0.04616046182447257,0.36131602333057145,0.04599787641729344,0.3603297602710174
1140,19.0,feeder2_920,0.040620269741920276,0.32119738661677133,0.04045578116831603,0.3202014883426098
1140,19.0,feeder2_926,0.04095818619551997,0.318613091649714,0.040789105263838984,0.3175928214718118
1140,19.0,feeder2_1239,0.0406572461597522,0.32142492777347814,0.04049151193939604,0.32042302047273036
1140,19.0,feeder2_933,0.04118445227636254,0.31733660702239996,0.04101508531451396,0.3163074244646083
1140,19.0,feeder2_1146,0.0406317788359465,0.31926742273900915,0.04046343298799176,0.31824801383015777
1140,19.0,feeder2_1124,0.048820000262952086,0.30941632567214117,0.048648657585014826,0.30839298859703157
1140,19.0,feeder2_942,0.04107900643436044,0.3210387593142863,0.04090839378264618,0.3199897535836633
1140,19.0,feeder2_952,0.041628666210257,0.32543327473413347,0.04145116231253858,0.32435061571852786
1140,19.0,feeder2_965,0.04098986808482868,0.32117979946170094,0.0408153503963168,0.320130722798108
1140,19.0,feeder2_961,0.04171929309892932,0.3258548869385443,0.04154154993357607,0.32476956546789965
1140,19.0,feeder2_963,0.041622196848480376,0.3254447298435982,0.041442698031657774,0.3243581099461895
1140,19.0,feeder2_973,0.042124295767693665,0.32727269862050207,0.04193973376717413,0.3261663490359813
1140,19.0,feeder2_1128,0.04185764451518722,0.32728540618030494,0.041678823582325976,0.32619803703946076
1140,19.0,feeder2_1113,0.04119401155905006,0.3257883553992494,0.041017359807648285,0.3247056398729292
1140,19.0,feeder2_1143,0.04159497843697909,0.32539874853021783,0.04141801541513583,0.324320616394311
1140,19.0,feeder2_1238,0.0357557807579123,0.3226669532072174,0.03557979740351977,0.3216137965666414
1140,19.0,feeder2_979,0.040994008069348054,0.3213021919391452,0.04082052218163562,0.320253714251076
1140,19.0,feeder2_1236,0.04260471463370203,0.33128361202676165,0.042418755061538145,0.33014436989744056
1140,19.0,feeder2_989,0.042125545236405465,0.3272557363979781,0.0419447095154179,0.3261559708061096
1140,19.0,feeder2_1196,0.04064258032680548,0.3217457458962488,0.04046805126547348,0.3206935229752915
1140,19.0,feeder2_1158,0.044134887022665714,0.3249802557860382,0.043950883712999086,0.32387331192022967
1140,19.0,feeder2_1122,0.048201721203407565,0.3794979302899962,0.048041610206294424,0.3785199749677086
1140,19.0,feeder2_1258,0.049670801887821366,0.3573471322048172,0.049506344605246486,0.3563637635291762
1140,19.0,feeder2_1303,0.045679384357825356,0.38028590144316093,0.045520072230239295,0.37930193657894545
1140,19.0,feeder2_1138,0.05011160549901268,0.3936612423652459,0.049952458666493484,0.3926823053603058
1140,19.0,feeder2_1304,0.05699181463206018,0.40640900504707494,0.056844025519747605,0.40542979867561985
1140,19.0,feeder2_1212,0.05235182327752819,0.41299639163837976,0.05219489220053366,0.412020465400207
1140,19.0,feeder2_1311,0.04919098710629001,0.41363773887042304,0.049032359792529186,0.41265206860214193
1140,19.0,feeder2_1290,0.05585059061890991,0.4366713629757871,0.05569615753475064,0.4356902124431948
1140,19.0,feeder2_1325,0.0432697486759759,0.3376763164792951,0.04308000445118761,0.33649866474018975
1140,19.0,feeder2_1248,0.04260826860191627,0.3312792596742806,0.042421128957193896,0.3301415091705384
1140,19.0,feeder2_1249,0.03486186979560115,0.32320460717955224,0.034694444972752723,0.32215621634166347
1140,19.0,feeder2_1250,0.034464755724357955,0.322480381882059,0.03429623371714208,0.32143012561887
1140,19.0,feeder2_1366,0.043464680806086904,0.33024702160590463,0.04327901465747521,0.32910976466788056
1140,19.0,feeder2_1266,0.0511185837994453,0.3557429118789501,0.050957103511030236,0.35475908775822085
1140,19.0,feeder2_1372,0.054715756617790906,0.4373952439916129,0.05455817386372555,0.43641369063930946
1140,19.0,feeder2_1363,0.060172225413547185,0.46130316484020767,0.06002004251609061,0.4603245303876999
1140,19.0,feeder2_1446,0.041127943224587314,0.3377960907075816,0.04093550215356638,0.33661550132545115
1140,19.0,feeder2_1502,0.04472888607422733,0.34505235514544097,0.044529146059221,0.3438319579068973
1140,19.0,feeder2_1428,0.06136969550152574,0.46329793432970173,0.06121858751334725,0.4623254862141222
1140,19.0,feeder2_1380,0.06491492134037453,0.48807168510317783,0.0647655775454887,0.48710083813699734
1140,19.0,feeder2_1550,0.06414216546843465,0.488786573496682,0.0639887192270675,0.4878144804793745
1140,19.0,feeder2_1386,0.06738597273108027,0.5008611558146057,0.06723546819528646,0.4998881809035364
1140,19.0,feeder2_1551,0.06717518186399435,0.5013586771075641,0.06702648279321557,0.5003917738464327
1140,19.0,feeder2_1400,0.06854874626493433,0.5068116518437173,0.06840064022163068,0.505841120910683
1140,19.0,feeder2_1552,0.07109582324483531,0.5108915518644415,0.07094955106356826,0.509919419754459
1140,19.0,feeder2_1408,0.07054272453060173,0.5169963192961462,0.0703959369111481,0.5160319587541732
1140,19.0,feeder2_1553,0.0719180371262386,0.5190643979808881,0.07177292868364381,0.5180972742974718
1140,19.0,feeder2_1416,0.07149086508607314,0.5218335656025854,0.07134414566450516,0.5208689200209269
1140,19.0,feeder2_1530,0.0713703160829142,0.521791636224601,0.07122223222989675,0.520820700621349
1140,19.0,feeder2_1425,0.07331499536326834,0.5310901227070717,0.07316616007470307,0.5301245323606685
1140,19.0,feeder2_1589,0.0733652245712992,0.5311680460462251,0.07321969379389624,0.5302027661486017
1140,19.0,feeder2_1435,0.07368179656207344,0.5329476609670919,0.07353627309080828,0.5319789143137548
1140,19.0,feeder2_1621,0.07371392322694492,0.532861276992812,0.0735686149229737,0.5318961426562295
1140,19.0,feeder2_1564,0.07805097071792434,0.5550230090690241,0.07790760881131724,0.5540608407074639
1140,19.0,feeder2_1704,0.04595127200408951,0.3434629452201651,0.04575267003636455,0.34224111141047575
1140,19.0,feeder2_1525,0.045093975417388306,0.3474998524051114,0.04489577279139184,0.3462651353030569
1140,19.0,feeder2_1716,0.048162896356490376,0.3440133733669689,0.04796330846779896,0.3427805745283629
1140,19.0,feeder2_1537,0.04545092734188941,0.350766393301539,0.04525189882032813,0.34952377989403527
1140,19.0,feeder2_1645,0.04495704069512119,0.3510262323694834,0.04475722017185118,0.349781402045392
1140,19.0,feeder2_1561,0.045866051851474764,0.35428182132459207,0.04566296806356214,0.3530210212426735
1140,19.0,feeder2_1657,0.04508096769072904,0.35415305802961583,0.044880155416225996,0.3528950776938186
1140,19.0,feeder2_1570,0.04608553833739976,0.35585171478949623,0.04587976312382651,0.3545834558042181
1140,19.0,feeder2_1756,0.04033691578781205,0.3575716593531241,0.04013518137652494,0.3563039752669721
1140,19.0,feeder2_1588,0.04638287462537417,0.35725300516110886,0.046182141956705336,0.3559823593139863
1140,19.0,feeder2_1628,0.04614594091819018,0.35720377997834996,0.04594209940997911,0.3559305288924817
1140,19.0,feeder2_1598,0.04677326935889912,0.3590440075902167,0.046568840764287335,0.3577581004310264
1140,19.0,feeder2_1816,0.046922133766398796,0.35881590762348897,0.04671830084269244,0.3575325024708025
1140,19.0,feeder2_1765,0.04738606193826913,0.35815790762967065,0.04717908044662243,0.3568768952487254
1140,19.0,feeder2_1641,0.04871351880048888,0.36827661879781964,0.04850056690801256,0.3669533843465042
1140,19.0,feeder2_1689,0.05134456660516073,0.37620447795369394,0.05113267494893975,0.3748537952549427
1140,19.0,feeder2_1744,0.04597023626927985,0.36853357111219814,0.045758383310449145,0.3672106467070812
1140,19.0,feeder2_1817,0.05177138089083944,0.3784627797716603,0.05155603603850459,0.37711381783108444
1140,19.0,feeder2_1779,0.05202821631566371,0.37551011639905907,0.05181420994726232,0.3741594418604847
1140,19.0,feeder2_1800,0.05959615305142107,0.39112037078785167,0.05940132954953436,0.3897757919530774
1140,19.0,feeder2_1818,0.055981943981824725,0.3680968270187579,0.05572874902797864,0.3666894675128657
1140,19.0,feeder2_1753,0.04229679539052661,0.369969342848434,0.04208216481398906,0.368640728658556
1140,19.0,feeder2_1754,0.04488707345455505,0.3684144910949367,0.04467806372947785,0.36708921669593597
1170,19.5,secondary,0.03840592888891903,0.03560173522817558,0.0384071866701526,0.035583310507744256
1170,19.5,feeder2_44,0.07181187556571211,0.18656413632268726,0.07181425763840786,0.18646789262406208
1170,19.5,feeder2_45,0.07269277364756527,0.1914426621644893,0.0726959736647758,0.19134273587171094
1170,19.5,feeder2_46,0.09834667049577442,0.19729677651722285,0.09834679984985306,0.197207729653806
1170,19.5,feeder2_51,0.07431191896805206,0.2002615391770585,0.07431838002319484,0.20015511903388192
1170,19.5,feeder2_48,0.07106681055597189,0.1892939832531954,0.07106701345691646,0.18919503135571267
1170,19.5,feeder2_52,0.07427570834592409,0.20173939896663468,0.07427896203388634,0.20163225647865335
1170,19.5,feeder2_68,0.0788589673826693,0.22475045811872885,0.07886100669114028,0.22462964798982873
1170,19.5,feeder2_69,0.08117757315558975,0.22643396422026432,0.0811768809093414,0.22631369994207295
1170,19.5,feeder2_71,0.0794591221593199,0.22790235257898062,0.07945994512232371,0.22777879733254744
1170,19.5,feeder2_72,0.07627415862196363,0.22402272577684976,0.07627558706322946,0.22389752153651465
1170,19.5,feeder2_73,0.08145230176372657,0.23824105420988362,0.08145763059100779,0.23810896829640665
1170,19.5,feeder2_74,0.0796035851359105,0.24090711999008135,0.07961023673674529,0.24077716118008546
1170,19.5,feeder2_77,0.08320545563839037,0.24671948745940306,0.08321156600178567,0.24658308046845834
1170,19.5,feeder2_79,0.08598018954978891,0.2469298827051332,0.08598336927041217,0.24679341995579268
1170,19.5,feeder2_81,0.08582046413438929,0.2599575421357395,0.08582477460085038,0.25981086913717605
1170,19.5,feeder2_82,0.08290211536030938,0.25625941703482996,0.08290546712527985,0.25611440377704914
1170,19.5,feeder2_116,0.09882697600014266,0.32383574354827005,0.09883203658509589,0.32364953646287514
1170,19.5,feeder2_119,0.10040636731583671,0.3342269310044377,0.10042109600035423,0.33403684058563576
1170,19.5,feeder2_120,0.10275224181622894,0.34290440258660704,0.10275858835169349,0.34270285872530504
1170,19.5,feeder2_248,0.10161097899393713,0.34663611652869575,0.10162124331242384,0.34643393289764224
1170,19.5,feeder2_124,0.10508714681748592,0.3532558610538149,0.10509532536658597,0.35304551849774063
1170,19.5,feeder2_282,0.10324357221226776,0.3511138988307815,0.10324771069982837,0.35090437600074226
1170,19.5,feeder2_275,0.10400973003157159,0.355073411042094,0.10401828595110296,0.35486350830215346
1170,19.5,feeder2_151,0.10946426096372698,0.3715092653942924,0.10947431411704094,0.3712821530501654
1170,19.5,feeder2_295,0.11064087421748235,0.3721011396923365,0.11064736500634043,0.37187604060944246
1170,19.5,feeder2_311,0.11038444141108664,0.3720052039843266,0.1103906593911992,0.3717791222564488
1170,19.5,feeder2_201,0.11644328037843651,0.40026692393383057,0.11644989179932909,0.4000160231022041
1170,19.5,feeder2_314,0.11636201431380296,0.40017587419349615,0.11637080723879777,0.3999230720858886
1170,19.5,feeder2_342,0.12642967637612731,0.44146975812166406,0.12644109125623396,0.44118149620171987
1170,19.5,feeder2_368,0.1270481629053613,0.4434208529011139,0.12705287632651266,0.44313225103348747
1170,19.5,feeder2_347,0.13057725934786354,0.4581175027020175,0.130585051875947,0.45781138921853465
1170,19.5,feeder2_353,0.13286976251339827,0.4674904491498906,0.13288350692680634,0.46717407867103616
1170,19.5,feeder2_518,0.12879451622838306,0.4560849080708156,0.12880534432678667,0.45577544592758135
1170,19.5,feeder2_365,0.1353933239887981,0.47783540381154044,0.13540531506317446,0.47750875793356706
1170,19.5,feeder2_653,0.1329413501078499,0.4676359154904528,0.13294925823854525,0.4673201963382531
1170,19.5,feeder2_377,0.13646017193338628,0.4815479113059288,0.13647286115114723,0.4812158083873997
1170,19.5,feeder2_622,0.14695817685648432,0.4843604734431044,0.146966621039551,0.4840341420602898
1170,19.5,feeder2_451,0.1253543327803348,0.4415686651108643,0.12536216776150302,0.44128340014725614
1170,19.5,feeder2_383,0.12846051332577083,0.4481046615181763,0.12847126559779906,0.44781748435948066
1170,19.5,feeder2_385,0.13765651373925222,0.4856078127460883,0.13766804450472886,0.4852679622032176
1170,19.5,feeder2_621,0.13767072645118802,0.4821948856117908,0.13767844430483495,0.48186350628961094
1170,19.5,feeder2_611,0.128641603864215,0.448804323428687,0.12865123430009434,0.44851872764972184
1170,19.5,feeder2_405,0.12854018093361536,0.44836782775400175,0.12854900362057806,0.448080601626994
1170,19.5,feeder2_461,0.14229478799806838,0.49855857532946185,0.14230519639007524,0.49819009040937107
1170,19.5,feeder2_594,0.13706373575652828,0.4880141214717637,0.1370770931139828,0.4876708460702857
1170,19.5,feeder2_732,0.1288671698570324,0.45077455950780326,0.12887891026045514,0.4504850843504735
1170,19.5,feeder2_417,0.12904572083252236,0.4499098349368745,0.12905326938759623,0.4496218180774443
1170,19.5,feeder2_663,0.13223389554868537,0.4506053496642101,0.13223904007775036,0.45032121660177554
1170,19.5,feeder2_444,0.1291974905337235,0.4507984593034955,0.12920391098015446,0.45051144939557436
1170,19.5,feeder2_759,0.12701238440566806,0.4484009093415486,0.1270220064770662,0.4481143515809265
1170,19.5,feeder2_842,0.13989636184097168,0.4567391965652206,0.1398983867018255,0.456456602258473
1170,19.5,feeder2_459,0.12916321422188423,0.4508676509922492,0.129168499430882,0.4505827996157483
1170,19.5,feeder2_702,0.12788624240495206,0.44939294534946234,0.12789566041159756,0.44910765553373766
1170,19.5,feeder2_493,0.12919218090705703,0.4517164537395054,0.12919908429512794,0.4514298818279956
1170,19.5,feeder2_651,0.14438785607012802,0.49911646988881603,0.14440161254702794,0.4987473751077319
1170,19.5,feeder2_684,0.1458799188821531,0.5087162021679785,0.1458941816396912,0.5083242114404892
1170,19.5,feeder2_674,0.12901570794393066,0.4522944237240039,0.12902222252146364,0.4520086585095515
1170,19.5,feeder2_696,0.12921666077030233,0.45181238041353333,0.12922300477373908,0.4515281700868787
1170,19.5,feeder2_681,0.12914232732866673,0.45287283561969705,0.129148982703511,0.45258775386726546
1170,19.5,feeder2_682,0.1281135737106986,0.4538126974287484,0.12812239333515352,0.45352525214965234
1170,19.5,feeder2_728,0.14569982129226264,0.5088618642090026,0.14571463723687925,0.5084697176725282
1170,19.5,feeder2_724,0.15000994511012064,0.519287932275897,0.15003007484994724,0.5188715432661104
1170,19.5,feeder2_703,0.12935407406145477,0.4519064569362936,0.1293611863035148,0.4516195637550163
1170,19.5,feeder2_704,0.12922670772371797,0.4518191738858464,0.12923278067246735,0.45153496215776634
1170,19.5,feeder2_754,0.14909901461914346,0.5183198148026757,0.14911540770914256,0.5179045932871484
1170,19.5,feeder2_747,0.1518312455932492,0.5242715272105035,0.15184667842034685,0.5238476822876044
1170,19.5,feeder2_828,0.14583625331380207,0.5093612956777743,0.14584717237259934,0.5089678228460838
1170,19.5,feeder2_763,0.14527993956481197,0.5084144091419289,0.14529524668773675,0.5080201488341424
1170,19.5,feeder2_836,0.15826629579649643,0.5241414772422269,0.15828379621539687,0.5237166409321968
1170,19.5,feeder2_758,0.15301497751589666,0.5284638805970123,0.1530318652591246,0.5280322167384786
1170,19.5,feeder2_788,0.15028760747426298,0.5255740413749906,0.15030413450502977,0.5251410572361308
1170,19.5,feeder2_812,0.1575494239821846,0.5459866167851966,0.1575712276679864,0.5455261253205135
1170,19.5,feeder2_947,0.14115424994277004,0.5039039555293338,0.14116806324478665,0.5035139423876732
1170,19.5,feeder2_868,0.145049432972926,0.5080751632204338,0.14506369768981064,0.50768249429573
1170,19.5,feeder2_785,0.14537345828143353,0.5093862808219748,0.1453877905091,0.5089927621254072
1170,19.5,feeder2_1176,0.14935253030817902,0.5118142722270147,0.1493670138681589,0.511423918046289
1170,19.5,feeder2_846,0.14491717113344096,0.5101849099435991,0.14492987793332313,0.5097927847933914
1170,19.5,feeder2_911,0.1453440806037455,0.509278076898752,0.14535963102396,0.5088832843318404
1170,19.5,feeder2_1107,0.16152071403069873,0.5701556436643709,0.1615480580379652,0.5696961222623339
1170,19.5,feeder2_920,0.1577839119172235,0.5446034507881309,0.15780343319822915,0.5441391863618309
1170,19.5,feeder2_926,0.15805987326350865,0.5422413207021621,0.15808001314429115,0.5417689993404408
1170,19.5,feeder2_1239,0.15787165865830313,0.5449618139492135,0.15789703725475884,0.5444967682443099
1170,19.5,feeder2_933,0.15828597942955175,0.5417153705922125,0.1583070112025206,0.5412383196397176
1170,19.5,feeder2_1146,0.15757195562405554,0.5397976246337427,0.1575897607762154,0.5393220780376442
1170,19.5,feeder2_1124,0.15893379541517585,0.5421390080659257,0.15895487026023147,0.541658255270906
1170,19.5,feeder2_942,0.15883345033948976,0.5399136631116034,0.15885434881165938,0.539424582437147
1170,19.5,feeder2_952,0.15939165079817938,0.5301986984184621,0.1594109349804806,0.5296942140925016
1170,19.5,feeder2_965,0.15886857475851654,0.5408374093172335,0.15889032953841686,0.5403471492119005
1170,19.5,feeder2_961,0.15949810811448725,0.5293760492033873,0.1595187502189467,0.5288675842936177
1170,19.5,feeder2_963,0.1593822303604032,0.5301515968719464,0.1594037366664758,0.5296449563355139
1170,19.5,feeder2_973,0.16006678412386427,0.5243323011443193,0.1600849463385687,0.5238144294099235
1170,19.5,feeder2_1128,0.15951036918721131,0.5305800539782096,0.1595286558747195,0.5300709707754612
1170,19.5,feeder2_1113,0.15840291836014064,0.5291230506611905,0.15842181277813608,0.528615349453162
1170,19.5,feeder2_1143,0.15935485486264198,0.5300110534475176,0.15937345917945478,0.529506182664007
1170,19.5,feeder2_1238,0.15427867954481994,0.5360546764656096,0.1543016808837061,0.5355634800347702
1170,19.5,feeder2_979,0.15901718659970823,0.5424687905153092,0.15904011900693965,0.5419779373128316
1170,19.5,feeder2_1236,0.1605694836881599,0.516608103487409,0.1605884309659877,0.5160781524924152
1170,19.5,feeder2_989,0.16007011945963676,0.5243344518434463,0.1600917139486231,0.5238168608204372
1170,19.5,feeder2_1196,0.15824105704598798,0.549567068981491,0.15826980704611707,0.5490767553568522
1170,19.5,feeder2_1158,0.16320467963283572,0.524299964161102,0.16322225450424555,0.5237841170379954
1170,19.5,feeder2_1122,0.16295946863015068,0.5795482737410582,0.16298653999489585,0.5790876288451864
1170,19.5,feeder2_1258,0.1638446366934292,0.5704252792645306,0.16386980172298912,0.5699674125018711
1170,19.5,feeder2_1303,0.1611803326165475,0.5777599169416802,0.16120710251976297,0.5773018416827277
1170,19.5,feeder2_1138,0.1642578138415903,0.5878127955689368,0.16428487360228367,0.5873552282705263
1170,19.5,feeder2_1304,0.16818973159137743,0.5965777289595756,0.16822180078407795,0.5961171703171041
1170,19.5,feeder2_1212,0.1656045595900382,0.599144610097743,0.16563626348043975,0.5986905112462619
1170,19.5,feeder2_1311,0.1615613913242018,0.5954967489776837,0.1615882023927567,0.595039563978748
1170,19.5,feeder2_1290,0.16817007949183888,0.6168200307952424,0.1682024685274723,0.6163628803238804
1170,19.5,feeder2_1325,0.16087334645220824,0.5064025720030891,0.16089160200046224,0.5058537133079132
1170,19.5,feeder2_1248,0.16058152661756595,0.5166053369785195,0.1605993967872782,0.5160760575677972
1170,19.5,feeder2_1249,0.15367199334115839,0.5354202053976848,0.15369296036868071,0.5349282807606158
1170,19.5,feeder2_1250,0.15256042539259038,0.5342403491356278,0.15257910817616188,0.5337529067629995
1170,19.5,feeder2_1366,0.1636121193007625,0.515854210289358,0.16363301983656578,0.5153238652224328
1170,19.5,feeder2_1266,0.16449978869352352,0.5706619868552538,0.16452392536592694,0.5702006269022057
1170,19.5,feeder2_1372,0.16754059551623626,0.616167858268558,0.1675703519634156,0.6157163997671808
1170,19.5,feeder2_1363,0.17118054955829687,0.637140921517738,0.17121262091363842,0.6366877276948948
1170,19.5,feeder2_1446,0.15908079065451355,0.5044812563174923,0.1590987296830071,0.5039315761092795
1170,19.5,feeder2_1502,0.1617778600819001,0.4975151119003145,0.16179536824989205,0.4969414503646107
1170,19.5,feeder2_1428,0.17128115330602073,0.639702798802101,0.17131735299351672,0.6392485985594544
1170,19.5,feeder2_1380,0.17447867583801685,0.6583154862087757,0.17451010207918657,0.6578614197488288
1170,19.5,feeder2_1550,0.17168490483737434,0.6556676024527799,0.1717187251886099,0.65521450483505
1170,19.5,feeder2_1386,0.1763962463537011,0.6702088991897177,0.17642954407236805,0.6697550909418192
1170,19.5,feeder2_1551,0.17645731264612455,0.6703111858551569,0.17649552799269203,0.6698630680180826
1170,19.5,feeder2_1400,0.17730900055914792,0.675871065821268,0.17734452517318525,0.6754201467603465
1170,19.5,feeder2_1552,0.1781562100374178,0.6810953843164077,0.1781934609489644,0.6806440202298552
1170,19.5,feeder2_1408,0.17884363603897765,0.6850413580623003,0.1788794763822348,0.6845922755181939
1170,19.5,feeder2_1553,0.18752368088592447,0.704248629542373,0.18756702234391298,0.7037981833872092
1170,19.5,feeder2_1416,0.17884981696220514,0.6857836750316396,0.17888461070142944,0.6853345402648819
1170,19.5,feeder2_1530,0.17768273167185952,0.6854015282415172,0.1777170633829382,0.6849515842294175
1170,19.5,feeder2_1425,0.17907510385348555,0.6875053315008447,0.17911431894122123,0.687054648720768
1170,19.5,feeder2_1589,0.17827304714063472,0.689381791081768,0.17830880639714086,0.6889331696398744
1170,19.5,feeder2_1435,0.17911687422315098,0.6876677359923451,0.17915442612784369,0.6872162225214915
1170,19.5,feeder2_1621,0.17917839678104328,0.6876849194899817,0.17921503500641348,0.6872343181314851
1170,19.5,feeder2_1564,0.17961183380762266,0.689557562082925,0.17964958801190706,0.6891065196246179
1170,19.5,feeder2_1704,0.16348414413819304,0.49834454979199594,0.1634988017629022,0.4977741516712075
1170,19.5,feeder2_1525,0.16196336998321167,0.4948553750955991,0.16197911295594453,0.49427704605814443
1170,19.5,feeder2_1716,0.16892513290517638,0.49325596831150625,0.16893809660535314,0.492681737018303
1170,19.5,feeder2_1537,0.1619930018352939,0.4920352442382704,0.16200974507304575,0.4914509129609477
1170,19.5,feeder2_1645,0.16200230356087794,0.49205863036770897,0.1620201545047146,0.4914758809788149
1170,19.5,feeder2_1561,0.16202441811751012,0.48882829455013455,0.1620384798305342,0.4882390492156853
1170,19.5,feeder2_1657,0.16121709712915114,0.48796242958791447,0.1612341565766899,0.4873716940603319
1170,19.5,feeder2_1570,0.16208147045591112,0.48765858395663664,0.16209542940359845,0.4870656578923887
1170,19.5,feeder2_1756,0.15512125194544002,0.4797624164824237,0.1551362929832716,0.47916954476403195
1170,19.5,feeder2_1588,0.16225547649433916,0.4870982858436599,0.16226910009375622,0.4865011427996431
1170,19.5,feeder2_1628,0.16170206731695294,0.48650284904982494,0.16171925060081135,0.48590570887394274
1170,19.5,feeder2_1598,0.1625110902680128,0.48656522765238314,0.1625255818572899,0.48596694792864115
1170,19.5,feeder2_1816,0.1627168407783057,0.48668418152080983,0.16272859437555645,0.4860845508110149
1170,19.5,feeder2_1765,0.1639719515902985,0.48723332834435995,0.16398620355575144,0.48663506378324023
1170,19.5,feeder2_1641,0.163704725747981,0.48352736113507305,0.16371887923232034,0.48291103367211347
1170,19.5,feeder2_1689,0.16502045479889219,0.48240172209210025,0.16503284255442646,0.4817683053800244
1170,19.5,feeder2_1744,0.16287334999664901,0.48263206936647474,0.16288951369175012,0.4820161848716469
1170,19.5,feeder2_1817,0.16538644712794187,0.4837876336956016,0.1653994175082529,0.4831547548352386
1170,19.5,feeder2_1779,0.16634615625752766,0.483026971139557,0.16636022644931908,0.48239260376159887
1170,19.5,feeder2_1800,0.16478549906055168,0.4833962889029193,0.16479843990634513,0.48276299878401047
1170,19.5,feeder2_1818,0.17605997154935737,0.4742175614800126,0.17605842305144995,0.4735516657182885
1170,19.5,feeder2_1753,0.1603931015970489,0.47995742683281417,0.16040566009565957,0.4793382616369434
1170,19.5,feeder2_1754,0.16283815699904414,0.4825944372496876,0.1628522190781622,0.4819766832189933
1200,20.0,secondary,0.03329461723502889,0.02352142333115324,0.03325785825121188,0.023545178515814866
1200,20.0,feeder2_44,0.06234242693843402,0.12343328194547223,0.06227331296470118,0.12355848564946664
1200,20.0,feeder2_45,0.06361009603279374,0.12856939383164775,0.0635404090269996,0.12869811620729
1200,20.0,feeder2_46,0.06182278583691744,0.10861617735527966,0.06176098030015229,0.10873361538201373
1200,20.0,feeder2_51,0.06591063600000287,0.13703650221516825,0.0658364944181167,0.13716884750618244
1200,20.0,feeder2_48,0.0596619866959127,0.13198201091761205,0.05959526772166923,0.1320932296504066
1200,20.0,feeder2_52,0.06856552948581754,0.1391881097791038,0.06849685227732714,0.139321823023885
1200,20.0,feeder2_68,0.0722554553346743,0.16006513633597175,0.07217939762052855,0.16021543170737723
1200,20.0,feeder2_69,0.07121931168087756,0.15797979427040373,0.07114402352157549,0.15813074668875532
1200,20.0,feeder2_71,0.07312341271965361,0.16322184534953627,0.07304416911629963,0.1633781323956711
1200,20.0,feeder2_72,0.07184417622102866,0.16370178958822415,0.07176900251414754,0.1638448977214312
1200,20.0,feeder2_73,0.07584409770875909,0.1730953060421952,0.0757673882488453,0.17325148491091696
1200,20.0,feeder2_74,0.09617727477472356,0.18890473817390915,0.09609723011937234,0.18909359061867706
1200,20.0,feeder2_77,0.07753810642141326,0.17894816848563377,0.07745418813100415,0.17911248260026918
1200,20.0,feeder2_79,0.07648820257311295,0.1764894842851517,0.07640406715614334,0.1766589924964334
1200,20.0,feeder2_81,0.08041994139110427,0.18911944940866082,0.08033185328022145,0.18928905332836796
1200,20.0,feeder2_82,0.0692723764111883,0.1991743072883567,0.0691868161818392,0.1992959162874708
1200,20.0,feeder2_116,0.09378535930109842,0.22993898019404682,0.09368848524944884,0.23017073106342376
1200,20.0,feeder2_119,0.10433913071791275,0.23744598595373773,0.10423913836969312,0.23769842971969207
1200,20.0,feeder2_120,0.09750515296686013,0.24076829921079704,0.0973958453681422,0.2410250172822361
1200,20.0,feeder2_248,0.09937546832784187,0.24225893752760597,0.0992681998039078,0.2425188571760565
1200,20.0,feeder2_124,0.09965751842080924,0.24679736961268692,0.09954464620310131,0.24706536365643647
1200,20.0,feeder2_282,0.09855375133990626,0.24720321641245527,0.09844523816877018,0.24746358019449893
1200,20.0,feeder2_275,0.10349056067289876,0.24745074486181884,0.10338630067542784,0.24771961206590223
1200,20.0,feeder2_151,0.10268145228839454,0.25649922486614274,0.10257019385088693,0.25677121358483057
1200,20.0,feeder2_295,0.10189218357631687,0.2549695790492875,0.10177953983684525,0.2552471073212063
1200,20.0,feeder2_311,0.10210842063540565,0.2553293000987373,0.10199146636689461,0.2556084892362994
1200,20.0,feeder2_201,0.10845567967763922,0.27630972978964474,0.10832925437118703,0.2766079772802325
1200,20.0,feeder2_314,0.10706606269164223,0.27763555368992204,0.10694555947631873,0.2779241622243767
1200,20.0,feeder2_342,0.1171964829816009,0.30198645572724664,0.11705632489181494,0.3023101681801037
1200,20.0,feeder2_368,0.12094209071655664,0.310426563065263,0.1208054279747037,0.3107676643691694
1200,20.0,feeder2_347,0.11689092978053571,0.2994809968580711,0.11674446963533122,0.299779259153961
1200,20.0,feeder2_353,0.11677808038569298,0.29829403928655224,0.11662938035842592,0.29858132234112944
1200,20.0,feeder2_518,0.11583149039822797,0.3001914369821927,0.11568389181197207,0.30048792083553877
1200,20.0,feeder2_365,0.11650262576365841,0.29638346230925655,0.11635053711222686,0.2966544628051958
1200,20.0,feeder2_653,0.1187559219324811,0.2997145349585596,0.11860935715137806,0.3000027761451493
1200,20.0,feeder2_377,0.11708709793509794,0.29935345049072737,0.11692698290794404,0.299617841633879
1200,20.0,feeder2_622,0.11006808052056269,0.2811425687309096,0.10991766447859773,0.281416871805036
1200,20.0,feeder2_451,0.12057810964467477,0.3104348675700917,0.12043942602332627,0.3107761366545261
1200,20.0,feeder2_383,0.12705977893150644,0.324607887794853,0.12691846132351442,0.3249792360778123
1200,20.0,feeder2_385,0.11790249815396114,0.30346734953318055,0.11774304266271277,0.30371359633177014
1200,20.0,feeder2_621,0.11608766080987401,0.29765015379975174,0.11593069104186896,0.2979118587554851
1200,20.0,feeder2_611,0.12949569988286455,0.32591023733821434,0.12935476474388086,0.3262886734703309
1200,20.0,feeder2_405,0.12740465241676477,0.3254339503930091,0.12726510399776464,0.3258059567328748
1200,20.0,feeder2_461,0.12116488012466613,0.3200533481193328,0.12099236394380083,0.32024015277610457
1200,20.0,feeder2_594,0.11912066770417178,0.3042810445040461,0.11895998936204306,0.30452894102328115
1200,20.0,feeder2_732,0.15420475826652538,0.3478483738028967,0.15406706096467343,0.3482531551082652
1200,20.0,feeder2_417,0.1284183344317959,0.32659078886218756,0.1282774711433009,0.32697156654548254
1200,20.0,feeder2_663,0.12797473997964606,0.3233466911347884,0.12783781204402184,0.32372114225417525
1200,20.0,feeder2_444,0.12931947098713392,0.3284688942754429,0.12918473201014655,0.3288445746765558
1200,20.0,feeder2_759,0.12844239767322135,0.3285602060484263,0.12830311451987242,0.32893194766345213
1200,20.0,feeder2_842,0.1275130833613899,0.3238286911933909,0.12737499705536703,0.3242094024523008
1200,20.0,feeder2_459,0.12969237977233228,0.32939806578032516,0.129551650131709,0.3297762494974437
1200,20.0,feeder2_702,0.12858256926325876,0.3297317359615219,0.12844404816172575,0.3301053321051637
1200,20.0,feeder2_493,0.131164074881964,0.3328806073495075,0.13102810706793575,0.33325914200138573
1200,20.0,feeder2_651,0.11964166416103253,0.31459441931674453,0.11946929543568863,0.31477167004464585
1200,20.0,feeder2_684,0.12524672180639973,0.34139704802831056,0.12506930302895963,0.3415296295791474
1200,20.0,feeder2_674,0.1346034983578619,0.33572169676953434,0.1344636579970127,0.33610860130859316
1200,20.0,feeder2_696,0.1312701475106037,0.3297723899172093,0.1311327783096156,0.33015280737753894
1200,20.0,feeder2_681,0.136028549732866,0.336902179275763,0.1358915874654112,0.3372916658443253
1200,20.0,feeder2_682,0.14667556000005746,0.34580768583003196,0.1465344668500894,0.3462110832763537
1200,20.0,feeder2_728,0.1250433784271829,0.3426540052845661,0.12487005385511311,0.34278637783757926
1200,20.0,feeder2_724,0.13000697636238026,0.3613826105408425,0.1298213177444359,0.36146708600814437
1200,20.0,feeder2_703,0.13242744353494595,0.3273223464949569,0.1322935603233317,0.32769721597140444
1200,20.0,feeder2_704,0.13150282971667676,0.32931607579563804,0.13136480122728966,0.32969375388189565
1200,20.0,feeder2_754,0.1286982443473514,0.36321815313634637,0.12851469397605958,0.36329744068861425
1200,20.0,feeder2_747,0.13207672291010455,0.36885939382908417,0.13189258186249775,0.3689235175538859
1200,20.0,feeder2_828,0.12583656563598056,0.3431150989544581,0.12565699239418737,0.34325197193792467
1200,20.0,feeder2_763,0.12445723709434195,0.3437404149156977,0.12428142841224603,0.3438679554533458
1200,20.0,feeder2_836,0.12782690379263503,0.3625701525793287,0.12763604819122723,0.3626345058144539
1200,20.0,feeder2_758,0.13446243864863364,0.37821030692309926,0.1342747066982215,0.3782585570800601
1200,20.0,feeder2_788,0.1339447798433562,0.3799986800645534,0.1337533266477187,0.38004646002736747
1200,20.0,feeder2_812,0.14166587240494427,0.40539871608950795,0.14146544058710617,0.4054163857345707
1200,20.0,feeder2_947,0.1231009209222833,0.346541052271581,0.12292440968958379,0.3466597760780054
1200,20.0,feeder2_868,0.12391131952209467,0.3443652164482409,0.12373787892506209,0.3444896293430169
1200,20.0,feeder2_785,0.1241789520332141,0.34346547677767314,0.1239999601656316,0.3435958451894037
1200,20.0,feeder2_1176,0.12097597249302995,0.3388395914022349,0.12079785249544993,0.33897084877906747
1200,20.0,feeder2_846,0.12481275907287503,0.34322100804794264,0.12463654936099326,0.3433544141376146
1200,20.0,feeder2_911,0.1238232108578461,0.34517387165383884,0.12364882736956792,0.34529929881964255
1200,20.0,feeder2_1107,0.1439842752356128,0.4156049230486868,0.14379029242914573,0.41564473367830146
1200,20.0,feeder2_920,0.1430841824672516,0.41033568944335824,0.14288782867106367,0.4103305040859518
1200,20.0,feeder2_926,0.14503058848675435,0.41789934546921526,0.14482677977989047,0.41786790094223375
1200,20.0,feeder2_1239,0.14332306334187145,0.41031259226820505,0.14312283786736538,0.4103168774762254
1200,20.0,feeder2_933,0.14588561546927142,0.42081363373435415,0.14568447338122395,0.42076810471102494
1200,20.0,feeder2_1146,0.1451222390797405,0.4202815493731568,0.14492028606109722,0.4202410376580981
1200,20.0,feeder2_1124,0.1452678767186513,0.4200951319286969,0.14506742181019988,0.4200456810340954
1200,20.0,feeder2_942,0.14821594239150504,0.42901314716273736,0.14800681779580788,0.42893821981305064
1200,20.0,feeder2_952,0.15072372196745137,0.44073532491077233,0.15051133630922023,0.4406017720089769
1200,20.0,feeder2_965,0.14834618694949184,0.42913163974401614,0.1481416915348107,0.4290560253126073
1200,20.0,feeder2_961,0.15098831498756587,0.44182190152435485,0.15077552907839348,0.441680210605061
1200,20.0,feeder2_963,0.15072616939389827,0.4407828799944038,0.15051011462435754,0.44065308348683424
1200,20.0,feeder2_973,0.15174135406074218,0.44568446348997165,0.15152539852288904,0.4454996536329508
1200,20.0,feeder2_1128,0.15217472054766554,0.4456583268644559,0.1519558877671341,0.44555160290788953
1200,20.0,feeder2_1113,0.1502822098601297,0.4419413125355003,0.15007224549021483,0.4418036004373804
1200,20.0,feeder2_1143,0.15074138914363142,0.44085864553723364,0.15052609963263291,0.44072985833761924
1200,20.0,feeder2_1238,0.14804266692592757,0.431025164883258,0.14783581991313113,0.4309408880810331
1200,20.0,feeder2_979,0.14849662751395,0.42915075139324843,0.1482880306936319,0.4290805610487427
1200,20.0,feeder2_1236,0.1533136138082991,0.4539640161759067,0.15309649089562885,0.4537099840679294
1200,20.0,feeder2_989,0.15173813457235844,0.44566922555901123,0.15151901695162148,0.4454866456599745
1200,20.0,feeder2_1196,0.15179576654302418,0.4289452312557379,0.15159154258868335,0.4288785838597147
1200,20.0,feeder2_1158,0.1502699949185548,0.4438184415749265,0.15005236162204466,0.44363217899469926
1200,20.0,feeder2_1122,0.14657642130193926,0.4278731390943654,0.14637544841753658,0.4279281033745684
1200,20.0,feeder2_1258,0.13676787568289522,0.40562437444531685,0.13657158424574453,0.4056642199165912
1200,20.0,feeder2_1303,0.14475651147128968,0.4368275887946203,0.14456121223207127,0.4368479022267004
1200,20.0,feeder2_1138,0.14822397417993105,0.4349460348565883,0.14802982424842479,0.43501874538857
1200,20.0,feeder2_1304,0.15586987103765296,0.43766408630033177,0.15567514191446302,0.43775431961159145
1200,20.0,feeder2_1212,0.15069361116245644,0.4474497681665803,0.1504945217986161,0.4475485822447383
1200,20.0,feeder2_1311,0.1487983804353727,0.4508119163135314,0.14859902737722422,0.4509022910323556
1200,20.0,feeder2_1290,0.15372258942848713,0.4607088720437623,0.1535210782962282,0.4608448976169836
1200,20.0,feeder2_1325,0.1561786824078127,0.4687159685985652,0.15595756769559807,0.4683759658875319
1200,20.0,feeder2_1248,0.15330936805791492,0.45395554122144943,0.15309080238352216,0.45370178744311995
1200,20.0,feeder2_1249,0.14801372739121613,0.43122825152559174,0.1478073447491431,0.43114586459953635
1200,20.0,feeder2_1250,0.14792342275099124,0.43186939677012137,0.14772091499707854,0.43178241121804145
1200,20.0,feeder2_1366,0.15241780658720144,0.4524100799489633,0.1521976358952913,0.45215380565185104
1200,20.0,feeder2_1266,0.13098094476098218,0.3972638490881705,0.13077979318662447,0.3973036164215349
1200,20.0,feeder2_1372,0.15372358809385592,0.46099879322401943,0.15352453357773416,0.46113551688258414
1200,20.0,feeder2_1363,0.15687550494999983,0.4751313451780244,0.15667776895180724,0.4753034188798695
1200,20.0,feeder2_1446,0.1567620707321442,0.4788978345903552,0.15654110272118937,0.4785358034216858
1200,20.0,feeder2_1502,0.15772281315422698,0.4742269902446871,0.15749127186136203,0.4738288258288248
1200,20.0,feeder2_1428,0.15835713842337185,0.4759090357827056,0.15815619969620184,0.4760897976081706
1200,20.0,feeder2_1380,0.16037016982838984,0.4918097784186265,0.16017532225376746,0.49202054872041795
1200,20.0,feeder2_1550,0.1596676366608228,0.49319665189138123,0.1594658747796014,0.4934086843143414
1200,20.0,feeder2_1386,0.16201387588645647,0.4995953316523476,0.16180920541656124,0.49983490614310894
1200,20.0,feeder2_1551,0.16359688198833106,0.49903556032718943,0.16339738287483213,0.4992773605679081
1200,20.0,feeder2_1400,0.16270292740676284,0.5034401916307764,0.16250340042681258,0.5036851608183233
1200,20.0,feeder2_1552,0.16539908448679436,0.5049597737225775,0.16519938646505078,0.5052109179986161
1200,20.0,feeder2_1408,0.1639096188941453,0.510587845268283,0.16371197814020555,0.510850228980701
1200,20.0,feeder2_1553,0.18250900676615314,0.522952472749812,0.18230684812652315,0.5232505414578855
1200,20.0,feeder2_1416,0.16389266192155147,0.5113149519319308,0.16368865494304236,0.5115798665254381
1200,20.0,feeder2_1530,0.16240604265845868,0.5129829900969706,0.1622044627290966,0.5132466321902834
1200,20.0,feeder2_1425,0.16396645761121423,0.5118498486769391,0.16377145599990234,0.5121105934354322
1200,20.0,feeder2_1589,0.1640418203475454,0.5118985994746043,0.16383825143308006,0.5121620809169061
1200,20.0,feeder2_1435,0.1639801945696565,0.511952398202606,0.16378564932436454,0.5122108128938809
1200,20.0,feeder2_1621,0.16388011438427175,0.5118194313662321,0.16368357273768863,0.5120817275633058
1200,20.0,feeder2_1564,0.16417419575173559,0.5133120306214293,0.16397697609141884,0.513573268395382
1200,20.0,feeder2_1704,0.15546230209900425,0.4717230993530823,0.15523055054916912,0.47132360160422354
1200,20.0,feeder2_1525,0.15833824479071656,0.4766761129054974,0.15810132005612001,0.47626838141267974
1200,20.0,feeder2_1716,0.15523651135276795,0.4732720212437239,0.15500604203448695,0.4728571393342919
1200,20.0,feeder2_1537,0.15914779893092873,0.4799869207181875,0.15891574879304524,0.4795571228287912
1200,20.0,feeder2_1645,0.15917765945108153,0.4799937881214706,0.1589454689068734,0.47956247319605416
1200,20.0,feeder2_1561,0.16007103506397574,0.4837719777522256,0.1598317740333345,0.4833234534494437
1200,20.0,feeder2_1657,0.1594494387958574,0.48556944805460656,0.15921462202015693,0.48512113771352294
1200,20.0,feeder2_1570,0.16045625494569982,0.48499248635187947,0.16022162448094268,0.4845345667093878
1200,20.0,feeder2_1756,0.15860952981805537,0.4930570791561802,0.15837977646433574,0.49259343965569746
1200,20.0,feeder2_1588,0.1607856070908445,0.48564270711066854,0.16055075999957685,0.48518226315088975
1200,20.0,feeder2_1628,0.16021798307517449,0.48696624298817565,0.1599791794329083,0.4865034350073638
1200,20.0,feeder2_1598,0.16119695845402865,0.4860946905285763,0.16095540337552397,0.48562409169806176
1200,20.0,feeder2_1816,0.16043342564569493,0.48498779818396043,0.16019150100531804,0.4845072843972154
1200,20.0,feeder2_1765,0.15935568515823184,0.4841045322206922,0.15911185190815783,0.4836312680078966
1200,20.0,feeder2_1641,0.16360708409930785,0.48977634965670896,0.16335953475055232,0.4892713542714665
1200,20.0,feeder2_1689,0.1644874656515201,0.48305584907039884,0.16423276873856385,0.48254201637291927
1200,20.0,feeder2_1744,0.16344043664757735,0.49637350693998716,0.1631992421820192,0.49585890547045847
1200,20.0,feeder2_1817,0.16449525753922728,0.4830816823319798,0.16424676308182962,0.48256507726383013
1200,20.0,feeder2_1779,0.1629839449068159,0.48143390358306976,0.16272976530366023,0.4809186501135208
1200,20.0,feeder2_1800,0.17292341898342353,0.4803705179114864,0.17266919532874467,0.47988467626757114
1200,20.0,feeder2_1818,0.16817964925259668,0.47569965669132563,0.16788100694712926,0.4751219792701996
1200,20.0,feeder2_1753,0.16668108987407176,0.5148234808226219,0.16645711613426248,0.514270779991884
1200,20.0,feeder2_1754,0.1630230917086086,0.4969695713377585,0.1627806405865585,0.49645323365811683
1230,20.5,secondary,0.03302562693219728,0.024061301355571343,0.033009472474722655,0.024068434045887502
1230,20.5,feeder2_44,0.06182109277050505,0.1262303304293063,0.06179396235386962,0.12628029833553653
1230,20.5,feeder2_45,0.06306343608602683,0.13058420615494443,0.06304075419664597,0.13063712552472054
1230,20.5,feeder2_46,0.05575014310472634,0.12306351529210638,0.05573009581216273,0.12310702198445754
1230,20.5,feeder2_51,0.06516898582319326,0.1378653157881211,0.0651471023397577,0.13792097604096934
1230,20.5,feeder2_48,0.06379800698771639,0.13272432334136472,0.06376894343664898,0.13277741677517738
1230,20.5,feeder2_52,0.08900388825103109,0.13271122271843316,0.08897957921845498,0.13278134236388162
1230,20.5,feeder2_68,0.07051013602674246,0.16041112733342272,0.07047693406169918,0.16046923255901474
1230,20.5,feeder2_69,0.06920889114284444,0.15934775807957824,0.06918018485863434,0.15940677953721552
1230,20.5,feeder2_71,0.07124830958760803,0.1634675584878866,0.07121415161392075,0.16352545840147265
1230,20.5,feeder2_72,0.07188332693764085,0.1652682221207945,0.07185364602321857,0.16532552830295735
1230,20.5,feeder2_73,0.07354217023890525,0.17283606699111362,0.07351312040459476,0.1728956846615193
1230,20.5,feeder2_74,0.08213899950218577,0.16817243594444176,0.08210808180433683,0.16823578228512523
1230,20.5,feeder2_77,0.0754145740223593,0.1814929810178376,0.07538045095632086,0.18155138313595443
1230,20.5,feeder2_79,0.07305491474587908,0.1795836252574815,0.07302829430428134,0.17964271951714075
1230,20.5,feeder2_81,0.07861910467585473,0.196052488786812,0.07858722129561015,0.19611112534070652
1230,20.5,feeder2_82,0.07996611496597798,0.20044655089365898,0.0799370192408407,0.20050396637530232
1230,20.5,feeder2_116,0.0929349491054487,0.25750215582478364,0.09289843619793783,0.257563824583981
1230,20.5,feeder2_119,0.0929666671207057,0.2574811234239395,0.09293024127330834,0.25754348933093824
1230,20.5,feeder2_120,0.0984580723500087,0.2804825752925446,0.09841876832892144,0.28054690786587494
1230,20.5,feeder2_248,0.09929813716950417,0.27991745572038285,0.09925673043761468,0.2799825105720276
1230,20.5,feeder2_124,0.10191885268517543,0.2948316517419165,0.10188245173441556,0.29489448832268905
1230,20.5,feeder2_282,0.10342757310688355,0.2977508076924236,0.10338719658485576,0.29781194067880795
1230,20.5,feeder2_275,0.10205071187344088,0.2947506470786204,0.10201124922333843,0.2948121129267968
1230,20.5,feeder2_151,0.1077083226152752,0.3181848931382756,0.10766032593226096,0.3182492218519366
1230,20.5,feeder2_295,0.10580263607874915,0.31695568607247043,0.10576324310806925,0.3170189657123675
1230,20.5,feeder2_311,0.10728391702880184,0.3178603857019738,0.10724162243153194,0.3179230144485277
1230,20.5,feeder2_201,0.11812893743904192,0.3597397820616032,0.11808042490372185,0.3598088720124147
1230,20.5,feeder2_314,0.11818754839021217,0.35983052456750214,0.11814174128849152,0.359896158835117
1230,20.5,feeder2_342,0.13317687713732654,0.41884859714769357,0.13312604073309334,0.4189166936439494
1230,20.5,feeder2_368,0.135370308621149,0.421224380884753,0.13532221923081772,0.4212948936537777
1230,20.5,feeder2_347,0.13774046899411824,0.443610483111082,0.1376892999426128,0.4436789377875781
1230,20.5,feeder2_353,0.1398233145004468,0.4548885188272548,0.13976888626481326,0.4549540515700516
1230,20.5,feeder2_518,0.13913559693198746,0.4457817580724015,0.13908220394407933,0.44584782127726813
1230,20.5,feeder2_365,0.14220432951179626,0.4677073243023175,0.14214966406080512,0.467769594426754
1230,20.5,feeder2_653,0.14028603071786586,0.45427067036047053,0.14023556241544993,0.4543377093396148
1230,20.5,feeder2_377,0.14366541632247815,0.47493834937452256,0.14360706171607385,0.47500311729780476
1230,20.5,feeder2_622,0.13930173168788515,0.46704052947656677,0.1392435749969414,0.46710464368935767
1230,20.5,feeder2_451,0.13641692783603954,0.42257790511299836,0.13636568643998973,0.4226496100855946
1230,20.5,feeder2_383,0.1386284908014803,0.4240615080396728,0.13857918715043244,0.42413504708877353
1230,20.5,feeder2_385,0.14546881475361192,0.48373976783355704,0.1454133284291707,0.4838023322883491
1230,20.5,feeder2_621,0.14167214304421447,0.4737458536179022,0.14162048995296986,0.4738052786482615
1230,20.5,feeder2_611,0.14056629994173184,0.42205373375989497,0.14051342120165936,0.42213043868914274
1230,20.5,feeder2_405,0.13881475459274356,0.42433741454322393,0.1387624235230125,0.4244130740574741
1230,20.5,feeder2_461,0.15302550862198847,0.5202794452705338,0.15296999612589002,0.5203412130801682
1230,20.5,feeder2_594,0.14578163821267467,0.4832467139488217,0.14572558960740375,0.4833086970358755
1230,20.5,feeder2_732,0.14587192899787763,0.417073934143873,0.14581860778742378,0.41715196201992266
1230,20.5,feeder2_417,0.13990669657684335,0.4279117774666788,0.13985199397677722,0.4279874799789296
1230,20.5,feeder2_663,0.1372890525812657,0.42611033181518065,0.13723612985396108,0.42618294627562353
1230,20.5,feeder2_444,0.14094024846824396,0.43124129772628744,0.14088837340503022,0.4313175533234132
1230,20.5,feeder2_759,0.154665813013801,0.45421102901742894,0.1546125933413666,0.45428475971175447
1230,20.5,feeder2_842,0.13783217062726824,0.4294133461686562,0.13778173300129842,0.4294846319736435
1230,20.5,feeder2_459,0.14102632179655544,0.4310866165190936,0.1409754645145645,0.43116024582419143
1230,20.5,feeder2_702,0.1422723778506607,0.4330801754392243,0.14221989211900687,0.4331530888986709
1230,20.5,feeder2_493,0.141169645161393,0.4297390945183525,0.1411215589463214,0.4298143981732683
1230,20.5,feeder2_651,0.15049035073040318,0.5190592817956704,0.15043024487172868,0.5191208715200538
1230,20.5,feeder2_684,0.15977125938344913,0.5517686549500984,0.15970496032813927,0.5518318918886708
1230,20.5,feeder2_674,0.1421648756150866,0.42873979337828316,0.14211455425369024,0.42881700118898414
1230,20.5,feeder2_696,0.14113137441509957,0.4296158886278631,0.1410770974790702,0.4296952849165511
1230,20.5,feeder2_681,0.14262386609092007,0.42830654401187945,0.14257299556830583,0.428384214072647
1230,20.5,feeder2_682,0.14573476673798183,0.42531889470182993,0.14567948888010357,0.42540219311182775
1230,20.5,feeder2_728,0.15968834089092293,0.5523164891823951,0.15962904030635808,0.5523779787499677
1230,20.5,feeder2_724,0.16694159785651833,0.582829471169827,0.16687532305466948,0.5828925958208742
1230,20.5,feeder2_703,0.14096116637546277,0.42949072643607716,0.14091269448810828,0.4295659594491191
1230,20.5,feeder2_704,0.1411189516520793,0.42960681307593646,0.1410647199751575,0.42968726985384853
1230,20.5,feeder2_754,0.16774041677273316,0.5838706791854856,0.16767618724157723,0.5839345666649355
1230,20.5,feeder2_747,0.16977626594470227,0.5949861925889832,0.16970953897639013,0.5950528200406049
1230,20.5,feeder2_828,0.1599533278246649,0.5518333398230898,0.15988829030246973,0.5518958574393245
1230,20.5,feeder2_763,0.15959566514530732,0.5537385650135441,0.15953340807544195,0.5537988495754378
1230,20.5,feeder2_836,0.15368533076232385,0.5865078759216614,0.1536186190923404,0.5865606782322587
1230,20.5,feeder2_758,0.1733680733045394,0.6099884870478669,0.17330471349471332,0.6100547591340761
1230,20.5,feeder2_788,0.1755454910801174,0.612961851228884,0.17547622509471833,0.6130300427174089
1230,20.5,feeder2_812,0.18365712422122601,0.6528226225653798,0.18358488199962855,0.6529077748715955
1230,20.5,feeder2_947,0.1630624906596136,0.5586465798043698,0.1630029873615539,0.5587063183839126
1230,20.5,feeder2_868,0.15965563747929812,0.5538178362951384,0.1595922588095177,0.5538796852566631
1230,20.5,feeder2_785,0.15926756998605002,0.5535174528707487,0.1592077374635286,0.5535777542135284
1230,20.5,feeder2_1176,0.15350704983300711,0.5528507525908309,0.15344447759145913,0.5529043175791256
1230,20.5,feeder2_846,0.15928166109465483,0.5534815013127381,0.15921524829752584,0.5535422914516561
1230,20.5,feeder2_911,0.15929599998650298,0.5536251022802819,0.15923421721828518,0.5536857487801341
1230,20.5,feeder2_1107,0.18734520687491601,0.6718208338719343,0.18727407999268045,0.6719156742881051
1230,20.5,feeder2_920,0.18553029644466562,0.6597470919078356,0.1854628696952187,0.6598311406632983
1230,20.5,feeder2_926,0.1883694411517022,0.6702767042542823,0.18829855325007303,0.6703600039939184
1230,20.5,feeder2_1239,0.18548060862681306,0.6595120016428594,0.18540929713528584,0.659594598000046
1230,20.5,feeder2_933,0.1889391979972959,0.6715399868615934,0.18886519316853906,0.6716245808284456
1230,20.5,feeder2_1146,0.19161896630790243,0.6863143766641294,0.1915470129927385,0.6863986035202876
1230,20.5,feeder2_1124,0.18823353782438215,0.6709224837559519,0.18816007957072461,0.6710069506307436
1230,20.5,feeder2_942,0.19046477100493442,0.675364448043227,0.19038912055670457,0.675448934068789
1230,20.5,feeder2_952,0.19208124566570056,0.6788826547183305,0.19200184523015967,0.6789664708509463
1230,20.5,feeder2_965,0.19054789101978728,0.6756440864314787,0.19047438417546303,0.6757281906015755
1230,20.5,feeder2_961,0.19197513660551532,0.677880001161342,0.19189853586429437,0.6779635766056357
1230,20.5,feeder2_963,0.19214156109963526,0.6791798712615268,0.19206380056030353,0.679265436181162
1230,20.5,feeder2_973,0.19150209805098087,0.674101099830114,0.19142134210875725,0.6741809353736052
1230,20.5,feeder2_1128,0.19182295329360396,0.6752347643152586,0.19174594370701636,0.6753230220600233
1230,20.5,feeder2_1113,0.19687975486169265,0.6861262276150504,0.19680194511400678,0.6862104020678328
1230,20.5,feeder2_1143,0.19217150928073093,0.6793184857250167,0.19209358237630073,0.679403975325058
1230,20.5,feeder2_1238,0.19481430086008553,0.6846680227795431,0.1947433383642329,0.6847559060931753
1230,20.5,feeder2_979,0.19052164282947046,0.6752575386694518,0.19044724007800182,0.6753435390618545
1230,20.5,feeder2_1236,0.19104855506411733,0.669552522301483,0.19096798419768782,0.6696305513926172
1230,20.5,feeder2_989,0.19149985676561418,0.674091632929769,0.19142407279139642,0.6741718872177336
1230,20.5,feeder2_1196,0.1916971739414163,0.6734213485801691,0.19162301648747493,0.6735127015065141
1230,20.5,feeder2_1158,0.18969624082065753,0.6730688102056509,0.18961804055343187,0.6731514040234744
1230,20.5,feeder2_1122,0.18905759045909792,0.6802429790639173,0.18898735135041525,0.6803438921157879
1230,20.5,feeder2_1258,0.1854635398637547,0.6709438440916246,0.18539069668967073,0.6710388229118286
1230,20.5,feeder2_1303,0.18986572579183658,0.681318850917795,0.18979535859898428,0.6814203552275697
1230,20.5,feeder2_1138,0.1903313209386468,0.6865923186590518,0.19026183603450775,0.6866976379736719
1230,20.5,feeder2_1304,0.19034049937880854,0.6865762938932677,0.19027281156934417,0.6866808428941349
1230,20.5,feeder2_1212,0.19304037419010125,0.70027051698176,0.19296537839682112,0.7003855359398967
1230,20.5,feeder2_1311,0.19283165253705137,0.702505432030083,0.19275924231686184,0.7026211307061624
1230,20.5,feeder2_1290,0.19619129200036303,0.7155730336968054,0.1961191630876088,0.7156955871170032
1230,20.5,feeder2_1325,0.19083068721322113,0.6638492740135494,0.19074737948510256,0.6639267124551268
1230,20.5,feeder2_1248,0.191039254761824,0.669551218316017,0.19095698934482075,0.6696282740859113
1230,20.5,feeder2_1249,0.19553061371930547,0.6860437214395524,0.19545673882593942,0.6861324741074766
1230,20.5,feeder2_1250,0.19621848544711878,0.6876904049981698,0.19614361764443336,0.6877802805951716
1230,20.5,feeder2_1366,0.19001998443782742,0.6687613080272679,0.18994086285392828,0.6688383676619587
1230,20.5,feeder2_1266,0.18493821233948696,0.6705582572529493,0.18486788357929743,0.6706518410554836
1230,20.5,feeder2_1372,0.20287849599543764,0.724909126830659,0.20280887578447743,0.725031569525815
1230,20.5,feeder2_1363,0.1968772417275464,0.7196282563902758,0.1968037713657311,0.7197670710559203
1230,20.5,feeder2_1446,0.1920391654392012,0.6675650836639077,0.19195915144948036,0.6676410244479214
1230,20.5,feeder2_1502,0.18974067138588113,0.6524619832309193,0.18965192687321156,0.6525331400646741
1230,20.5,feeder2_1428,0.1972442224824249,0.7192280661102737,0.19717194216001688,0.7193662309916129
1230,20.5,feeder2_1380,0.19785125648973792,0.7258284494267666,0.19777606964414682,0.7259810903803737
1230,20.5,feeder2_1550,0.20276374572618266,0.7359123393259461,0.20269256481667697,0.736062323201658
1230,20.5,feeder2_1386,0.19744096816293777,0.7241116485633753,0.1973681098421993,0.7242708343190906
1230,20.5,feeder2_1551,0.1974681485256292,0.7240909160644429,0.1973989727330362,0.7242467373457719
1230,20.5,feeder2_1400,0.1972570172781028,0.7233701002656596,0.1971828791585091,0.7235298530255057
1230,20.5,feeder2_1552,0.19827232944419373,0.7225359748157426,0.19820025948774897,0.7226979363007473
1230,20.5,feeder2_1408,0.1969427493711545,0.7222693702627989,0.1968674715036531,0.7224348462449846
1230,20.5,feeder2_1553,0.20356942970939626,0.718491601371133,0.20349457211825162,0.718669298139564
1230,20.5,feeder2_1416,0.19700721450988812,0.7222614247399011,0.19693132820897538,0.7224299472276842
1230,20.5,feeder2_1530,0.19680828145329002,0.723732620976536,0.19673027001436338,0.7239006507302872
1230,20.5,feeder2_1425,0.19705533051363017,0.7214359756741417,0.19698412226865614,0.7216040412347763
1230,20.5,feeder2_1589,0.19885445673916186,0.7196375383633465,0.198778051016492,0.7198059306288875
1230,20.5,feeder2_1435,0.1970396162618195,0.7214347950433231,0.1969664212783452,0.7216054133730386
1230,20.5,feeder2_1621,0.19691649131064673,0.7213264374241386,0.1968436757207593,0.7214931899171843
1230,20.5,feeder2_1564,0.1968752952663262,0.7215541269450919,0.1968058535930325,0.7217225158885442
1230,20.5,feeder2_1704,0.1876002256093713,0.651087555845176,0.18751389358129814,0.6511590583192705
1230,20.5,feeder2_1525,0.18957285504014312,0.6501268373557231,0.1894867265052243,0.650196638888496
1230,20.5,feeder2_1716,0.1864042254436882,0.6480354619641842,0.18631510525540787,0.6481030152805515
1230,20.5,feeder2_1537,0.18945330331212223,0.6478816329465827,0.18936543210272072,0.6479506449732283
1230,20.5,feeder2_1645,0.19035395239604702,0.6468360454969975,0.19026526991129133,0.6469060222594003
1230,20.5,feeder2_1561,0.18925307179516282,0.6459141951817342,0.18916603898537673,0.6459822367929328
1230,20.5,feeder2_1657,0.19010750034976934,0.6477087853671957,0.19001719915281345,0.6477780259838124
1230,20.5,feeder2_1570,0.1890846880335286,0.6446193009148666,0.1889952209702982,0.6446868987514507
1230,20.5,feeder2_1756,0.18909688716872505,0.6483936779984135,0.18901058338317187,0.6484665749705041
1230,20.5,feeder2_1588,0.18888989801677242,0.643147358143789,0.18880065096224283,0.6432120770457102
1230,20.5,feeder2_1628,0.1894772551407235,0.6439440455023541,0.18938517211408518,0.6440126775246526
1230,20.5,feeder2_1598,0.18859679050279252,0.6410635193934269,0.18850862371845004,0.6411276558745236
1230,20.5,feeder2_1816,0.18517561048937223,0.6423268493077333,0.18508563219489874,0.6423887661477551
1230,20.5,feeder2_1765,0.18791128845266844,0.6405561707360957,0.18782184040181038,0.6406234360658438
1230,20.5,feeder2_1641,0.18746467847960235,0.6308540296523635,0.1873768593974898,0.6309170612468407
1230,20.5,feeder2_1689,0.18632017522443792,0.6213257971953349,0.18622746321506825,0.6213857449680398
1230,20.5,feeder2_1744,0.18789135403153825,0.6314085803244716,0.1878020499226045,0.6314719317976767
1230,20.5,feeder2_1817,0.18647020455579347,0.6199521271311679,0.18637895807182134,0.6200119629802795
1230,20.5,feeder2_1779,0.1803206282138744,0.6194770774508579,0.1802309474958,0.6195300905064884
1230,20.5,feeder2_1800,0.18802984839493106,0.6170545971255542,0.18793698210449475,0.617123860257883
1230,20.5,feeder2_1818,0.188348057805442,0.6145197010604154,0.18824146779336207,0.6145702446581759
1230,20.5,feeder2_1753,0.18911022598508703,0.6329931191541699,0.1890159403070251,0.6330568110058357
1230,20.5,feeder2_1754,0.18792207987425527,0.6314476039412678,0.18783489395161745,0.6315114566099673
1260,21.0,secondary,0.007516639285275748,0.004724361533562572,0.007524738206939038,0.004724076448392411
1260,21.0,feeder2_44,0.013990776419696269,0.02464451248529281,0.014008276624173864,0.024653471594353993
1260,21.0,feeder2_45,0.014211763579151675,0.02500232094024263,0.014228062256956287,0.025005025046105595
1260,21.0,feeder2_46,0.013383892472105474,0.029586353323042287,0.01338993833294855,0.029595562392100636
1260,21.0,feeder2_51,0.014511673016316248,0.02587347003859202,0.01452756598536179,0.025875231282866295
1260,21.0,feeder2_48,0.017349945901375657,0.023238670828528648,0.017366801282061622,0.0232559631519814
1260,21.0,feeder2_52,0.013744027548852237,0.02603852788651824,0.013765044877463379,0.026015798245487467
1260,21.0,feeder2_68,0.015722797043714685,0.02882494583862294,0.015740854509097613,0.028838744687826927
1260,21.0,feeder2_69,0.015433645139814123,0.03027498078371497,0.015450446484409425,0.030286775228727785
1260,21.0,feeder2_71,0.015879738077771637,0.029149675348425566,0.015898614936621133,0.02916651108052251
1260,21.0,feeder2_72,0.01759264894807837,0.028337216243907143,0.017610932148201044,0.028362792130928672
1260,21.0,feeder2_73,0.016339297182255894,0.03025168478969838,0.016358815287736913,0.030266198881913994
1260,21.0,feeder2_74,0.01437037239265002,0.028604957231723203,0.014389968415443646,0.028608330984134032
1260,21.0,feeder2_77,0.016838153862726777,0.031533060900513096,0.016855973268673635,0.03154976281451838
1260,21.0,feeder2_79,0.01625304359399305,0.035488371150982065,0.01626499169750625,0.03551107036738555
1260,21.0,feeder2_81,0.01753994987599579,0.03212887446571827,0.017559608792096306,0.03215138938309292
1260,21.0,feeder2_82,0.04326164018792683,0.03080472419490722,0.04328469008640316,0.030934904637497315
1260,21.0,feeder2_116,0.016534860685663896,0.0508997282102993,0.016554388862837603,0.05084304614090656
1260,21.0,feeder2_119,0.016480439272388934,0.050885853946008995,0.0164962342292063,0.05082939287598011
1260,21.0,feeder2_120,0.016438503166941745,0.0591558072733274,0.016455000316540427,0.059081921460714025
1260,21.0,feeder2_248,0.01426228617425809,0.06031696539296799,0.01428194604484011,0.06023015525561719
1260,21.0,feeder2_124,0.01676714629628539,0.0640666111198662,0.016780652347478532,0.0639814326186343
1260,21.0,feeder2_282,0.01918078451485004,0.061566505730557795,0.019197366922122972,0.06148768060093026
1260,21.0,feeder2_275,0.015091004120345298,0.06388556426598416,0.015106735153786632,0.06379695516523295
1260,21.0,feeder2_151,0.01761510370441074,0.07434509346729311,0.01762548640986364,0.07425145821235145
1260,21.0,feeder2_295,0.01804597594825284,0.0760838635918805,0.018051086190874702,0.07598997195393893
1260,21.0,feeder2_311,0.01809041398315078,0.07573868676143662,0.01809779528861945,0.07564403613462359
1260,21.0,feeder2_201,0.018728722480890702,0.08711418302176764,0.01873694624567781,0.08699600813062149
1260,21.0,feeder2_314,0.019561584923174606,0.08628806355002167,0.019568230955799033,0.0861688632873122
1260,21.0,feeder2_342,0.020577364350437447,0.10719961657406764,0.020576124612212702,0.10705059125353113
1260,21.0,feeder2_368,0.02046924834642282,0.10705768058650855,0.02047078060847622,0.10690420019186785
1260,21.0,feeder2_347,0.021931964944786837,0.11736711358387084,0.021926813892922163,0.1172056748880809
1260,21.0,feeder2_353,0.02269360532242341,0.12304221412036236,0.022684993405679674,0.12287366035571425
1260,21.0,feeder2_518,0.022465675693179876,0.11613493716855745,0.022459153334918932,0.11597731960556606
1260,21.0,feeder2_365,0.023617705690372845,0.12935227468145702,0.023605638040688874,0.12917618517984192
1260,21.0,feeder2_653,0.022375979259577898,0.12304938000364156,0.022371663648473282,0.12287861995302976
1260,21.0,feeder2_377,0.024046084886541114,0.13235727667412986,0.02403331683100596,0.13217501437369272
1260,21.0,feeder2_622,0.0248885889000781,0.1309288667839654,0.024877012968378718,0.13075406866020595
1260,21.0,feeder2_451,0.02102751545329884,0.10576145168628388,0.021028706918918727,0.10561193672531811
1260,21.0,feeder2_383,0.020297400961371916,0.10782946212062663,0.020294024154765538,0.10767464075801
1260,21.0,feeder2_385,0.024411806587126772,0.13520458181555875,0.024399899285764342,0.13501899767167228
1260,21.0,feeder2_621,0.025401458661907066,0.13407492315655817,0.025387911577481728,0.13389903703409817
1260,21.0,feeder2_611,0.01825653846064543,0.10792609995404596,0.01825961707830383,0.107766296291025
1260,21.0,feeder2_405,0.020315089845029423,0.10788433316044381,0.020315947649651382,0.10772936422315275
1260,21.0,feeder2_461,0.026824709536672386,0.14532022487083,0.026806775789299155,0.14511964841877042
1260,21.0,feeder2_594,0.02203186250390681,0.13626727183244156,0.022014775031737217,0.13607608524125997
1260,21.0,feeder2_732,0.01873456856003201,0.11015831845995594,0.01874143169659061,0.10999604739413558
1260,21.0,feeder2_417,0.0205887694400548,0.10783663996619926,0.02058757470232445,0.10768375469857934
1260,21.0,feeder2_663,0.021783168397141936,0.10964788923031298,0.021777998502090418,0.10949758997966759
1260,21.0,feeder2_444,0.020656751201458885,0.10722133748465712,0.02065803758225709,0.10706551074265339
1260,21.0,feeder2_759,0.023972170278146816,0.10286210240317095,0.023977265755266264,0.10270999656407122
1260,21.0,feeder2_842,0.020708509379494318,0.10730556201434215,0.02071086086162097,0.10714770313838434
1260,21.0,feeder2_459,0.020641544722795665,0.1072748022186471,0.020639554139238642,0.10711998329815028
1260,21.0,feeder2_702,0.021691281012353143,0.10530943977237044,0.021693809912894005,0.10515940972378728
1260,21.0,feeder2_493,0.02055509714322702,0.10822141477039054,0.020552740686142875,0.10806664288661018
1260,21.0,feeder2_651,0.028092342892384266,0.14677953978313868,0.0280684026967814,0.14657974563281334
1260,21.0,feeder2_684,0.028462296634796058,0.15180642947362857,0.028438910866252557,0.15159430262774834
1260,21.0,feeder2_674,0.019714813782960187,0.10823488462110968,0.019710200117962314,0.10807635800688414
1260,21.0,feeder2_696,0.021290950272661806,0.11126813009872709,0.021291204065894707,0.11111509957790525
1260,21.0,feeder2_681,0.018587128223444837,0.10827859358325409,0.018582442245921416,0.10811774435332397
1260,21.0,feeder2_682,0.017946378147284617,0.10826533045828934,0.01794130157412251,0.1081047845961371
1260,21.0,feeder2_728,0.028323609278557666,0.15169621144451967,0.02830604782440661,0.1514814349706966
1260,21.0,feeder2_724,0.03047731248511353,0.1587195519655996,0.030454612891379927,0.15849554307150665
1260,21.0,feeder2_703,0.023587406310117284,0.11468567259334203,0.023575187699902977,0.114539728806336
1260,21.0,feeder2_704,0.02141493932034943,0.11145670634169433,0.021407949774968647,0.11130878644618127
1260,21.0,feeder2_754,0.030639237240729842,0.15736211114422446,0.030614849608103737,0.15713953677990183
1260,21.0,feeder2_747,0.0313944849467876,0.16223878158374844,0.03136444853644391,0.16201319184302004
1260,21.0,feeder2_828,0.027378923174779368,0.151826195233927,0.027358592086030382,0.15160769776953648
1260,21.0,feeder2_763,0.028459555770540584,0.15148080940896821,0.028441357346260517,0.15126814231231644
1260,21.0,feeder2_836,0.04436974587214365,0.17546487296416774,0.044335004751874955,0.17525177239846154
1260,21.0,feeder2_758,0.03077173154564034,0.1591799147363681,0.030746532918246045,0.15894004349777643
1260,21.0,feeder2_788,0.033288756138555226,0.15463752732328556,0.03327205507777778,0.1543973830824324
1260,21.0,feeder2_812,0.02897303061999434,0.15599265949919136,0.028934500762317645,0.15571679452099202
1260,21.0,feeder2_947,0.02902254386344072,0.1487013359582645,0.02901133757609896,0.14849017277066867
1260,21.0,feeder2_868,0.02901791370281029,0.15028911106369805,0.029002781683846523,0.15007311816125843
1260,21.0,feeder2_785,0.028541731984379072,0.15274618638086868,0.028520463200447106,0.15253428860994947
1260,21.0,feeder2_1176,0.033082569986268226,0.1576644662470907,0.03305906460049859,0.1574563685657205
1260,21.0,feeder2_846,0.02709836764230468,0.15332957765423508,0.02707981917599914,0.1531105537995751
1260,21.0,feeder2_911,0.028534280953216265,0.15266220270660197,0.028512823537211004,0.15244689671942893
1260,21.0,feeder2_1107,0.027556685514000687,0.1586613578739617,0.027511993977162683,0.1583437385017901
1260,21.0,feeder2_920,0.028947947459009145,0.15482598370443645,0.028918514719235133,0.15454918634324086
1260,21.0,feeder2_926,0.028991536102194456,0.15319442651470974,0.028952066195598317,0.1529294940715575
1260,21.0,feeder2_1239,0.028853526138428176,0.15483878720536653,0.028818558048419846,0.15456012349776493
1260,21.0,feeder2_933,0.029074101729751396,0.1530329086312954,0.029037640419301073,0.1527675643870743
1260,21.0,feeder2_1146,0.028698635131106192,0.15078164841837502,0.028661813004753123,0.15051802751764246
1260,21.0,feeder2_1124,0.029963948105547467,0.15392803043315137,0.029931847696577762,0.1536618219855694
1260,21.0,feeder2_942,0.029099336244555303,0.15186561575837731,0.029060487380210526,0.15160646680228249
1260,21.0,feeder2_952,0.02991563478878647,0.1537804190255748,0.02987448584629093,0.1535381775355206
1260,21.0,feeder2_965,0.028998287634941094,0.1514404105090295,0.028958849670845575,0.15118340462264868
1260,21.0,feeder2_961,0.030043365508194562,0.1542875176150517,0.030003009319730177,0.15404355324396204
1260,21.0,feeder2_963,0.02990715789190245,0.153722227309369,0.029869602055292793,0.15347847695510877
1260,21.0,feeder2_973,0.03079200721018399,0.15721033440579207,0.030752823029789034,0.15697348400661457
1260,21.0,feeder2_1128,0.029925621768950382,0.15404208171705602,0.029889408661982725,0.15379491137658077
1260,21.0,feeder2_1113,0.029910752135526478,0.15269763964166114,0.029880569158484416,0.15245253157885583
1260,21.0,feeder2_1143,0.02970124300784468,0.15257676648465007,0.02966742599786618,0.15233636249859772
1260,21.0,feeder2_1238,0.029343825559707163,0.14509793302927848,0.029323933747280338,0.14484706282540985
1260,21.0,feeder2_979,0.028937527111035387,0.15138265831034556,0.02890464603584302,0.1511187304699871
1260,21.0,feeder2_1236,0.03188420133715449,0.16169517802629652,0.031844940897827266,0.16146940935344384
1260,21.0,feeder2_989,0.03079225415250992,0.15721153897551352,0.030753406774755777,0.15697405523190378
1260,21.0,feeder2_1196,0.02671855532880493,0.1514419270958735,0.026675615874234095,0.15117094368482797
1260,21.0,feeder2_1158,0.03093271074470301,0.15735906615476683,0.030895918402283847,0.15712384594208137
1260,21.0,feeder2_1122,0.026562767174399197,0.15887181005439813,0.026518616983640615,0.1585360441244345
1260,21.0,feeder2_1258,0.030130655084284717,0.1604153905341588,0.030087765938676427,0.16010341670051267
1260,21.0,feeder2_1303,0.026175114066420105,0.15713279221019583,0.02613146789210278,0.15679919240636267
1260,21.0,feeder2_1138,0.025920254728687742,0.16006449982702892,0.025870265477595925,0.15971634948156022
1260,21.0,feeder2_1304,0.025889040008068024,0.16007952464872924,0.025839432277653,0.1597262752986967
1260,21.0,feeder2_1212,0.02472562463040224,0.163813454084551,0.024673302784236496,0.16343520127845304
1260,21.0,feeder2_1311,0.024679835916428267,0.16369137331551137,0.024629222797196714,0.16331245850076748
1260,21.0,feeder2_1290,0.02361393116463444,0.17070729236464133,0.02355587490394069,0.17030268847143026
1260,21.0,feeder2_1325,0.03238747988073788,0.16431643822502248,0.03234854592855907,0.16410079694752555
1260,21.0,feeder2_1248,0.03189935531558086,0.161711752989153,0.03186017630279344,0.16149034732279083
1260,21.0,feeder2_1249,0.029527971018839513,0.14417542152397525,0.029511451267747107,0.14392726281392468
1260,21.0,feeder2_1250,0.02986498574687018,0.1429107256703868,0.02985293576524582,0.14266362377642336
1260,21.0,feeder2_1366,0.03591680042472293,0.16589366182484755,0.035870554992498214,0.16568079588664275
1260,21.0,feeder2_1266,0.031037374591846346,0.16116417376817066,0.030995843213824283,0.16085183067240066
1260,21.0,feeder2_1372,0.023520724888784036,0.16870474196893112,0.023464291961400995,0.168300727819501
1260,21.0,feeder2_1363,0.02337093883261723,0.1832897278048412,0.023307168774736424,0.1828668221164615
1260,21.0,feeder2_1446,0.033330263334187434,0.16305580396875846,0.033287174002637844,0.16284484054418968
1260,21.0,feeder2_1502,0.03284476025315579,0.16920480100046797,0.03280396159994422,0.16900070803923803
1260,21.0,feeder2_1428,0.02148718787252769,0.18585658969477292,0.021421415895154818,0.1854335234347304
1260,21.0,feeder2_1380,0.024068806132776815,0.19679319630228564,0.02400251444606092,0.19635816353782984
1260,21.0,feeder2_1550,0.023802555139952615,0.19620465603783738,0.02373616978649691,0.1957697129697464
1260,21.0,feeder2_1386,0.024702016206437524,0.20431459487270145,0.024631885980790184,0.20387313974568694
1260,21.0,feeder2_1551,0.023741149303239246,0.20549418435281702,0.02367436549120044,0.20505348344914773
1260,21.0,feeder2_1400,0.0250785142321481,0.20773341026871303,0.025008079498303394,0.20729394617907093
1260,21.0,feeder2_1552,0.025092752620532614,0.20787211230319397,0.025020156785663137,0.20743230026543324
1260,21.0,feeder2_1408,0.0259279509719846,0.2149698019948819,0.025860060221143438,0.21452650231679787
1260,21.0,feeder2_1553,0.03125474455825844,0.2320311031286528,0.03119250113828007,0.23158282815235218
1260,21.0,feeder2_1416,0.02598150815561208,0.2153471556477556,0.025912444810225675,0.21490303194715657
1260,21.0,feeder2_1530,0.025901744213963476,0.21473484767374884,0.02583269332579468,0.21428728708448772
1260,21.0,feeder2_1425,0.02621566336150365,0.21649222486540917,0.02614542202794962,0.21604427653858488
1260,21.0,feeder2_1589,0.026203170992308036,0.21723595485476926,0.02613315897081806,0.216789821469096
1260,21.0,feeder2_1435,0.02625350808765825,0.21665767813587897,0.02618537028806114,0.21621222075616633
1260,21.0,feeder2_1621,0.027468322804116842,0.21705906554761834,0.02739999905464077,0.21661462476397336
1260,21.0,feeder2_1564,0.0265461019908809,0.2180335584702218,0.02647568874888025,0.21758718918958092
1260,21.0,feeder2_1704,0.03499353731334931,0.17166734690249189,0.03494265408653475,0.17147341034745403
1260,21.0,feeder2_1525,0.03270377821578483,0.16950979990066406,0.03265839545975759,0.16930852060640222
1260,21.0,feeder2_1716,0.036351330511096756,0.17360355818821752,0.03630051137114748,0.17341567441297717
1260,21.0,feeder2_1537,0.032358653864885636,0.16916587682688097,0.03231300049266991,0.16896120389639246
1260,21.0,feeder2_1645,0.03073391185512543,0.17034632971902108,0.03069316872671577,0.17013576983953127
1260,21.0,feeder2_1561,0.032171242737473155,0.1681945941923175,0.03212345588784359,0.16799268339967166
1260,21.0,feeder2_1657,0.03209577722172027,0.16717341704413602,0.032057680417609535,0.16697261554925297
1260,21.0,feeder2_1570,0.03213067650326451,0.1680052514762672,0.032087406311820076,0.16780268540271373
1260,21.0,feeder2_1756,0.032104437653045,0.1678386198761591,0.03206743378992305,0.1676314843736878
1260,21.0,feeder2_1588,0.03209470007672911,0.1678381755670934,0.03204917635062304,0.16763243298107194
1260,21.0,feeder2_1628,0.032038961864898116,0.1670147912360993,0.03199467973107421,0.16681382432811764
1260,21.0,feeder2_1598,0.03208682587820058,0.16784565327426548,0.0320438957850063,0.16763581267145278
1260,21.0,feeder2_1816,0.03243976167568663,0.16822737875073085,0.03240035084456049,0.16801954892228035
1260,21.0,feeder2_1765,0.03438055933491925,0.17035270254945165,0.03433335322178098,0.170147274959451
1260,21.0,feeder2_1641,0.031779099491147836,0.16659461410785678,0.03173473153052943,0.16637855145320377
1260,21.0,feeder2_1689,0.031694796757423545,0.1664422837194434,0.031644458316161146,0.16621602966180912
1260,21.0,feeder2_1744,0.03168954749303622,0.1659749526573897,0.03164854066732104,0.1657591641541458
1260,21.0,feeder2_1817,0.03168842165786099,0.1664109626892515,0.03164383183137583,0.16617989096643315
1260,21.0,feeder2_1779,0.03199135810436085,0.16678791699755963,0.03193861799644922,0.16656364681159344
1260,21.0,feeder2_1800,0.02979401405817949,0.16585774576736736,0.02974083703528779,0.16562306387632855
1260,21.0,feeder2_1818,0.03148478917644762,0.16583300316841648,0.03144457366671839,0.16558924371955194
1260,21.0,feeder2_1753,0.031553919728430045,0.16413231128595027,0.03151961622362185,0.16392253336995913
1260,21.0,feeder2_1754,0.03168533322422875,0.16594990095949005,0.03164126057211118,0.16573698802691955
1290,21.5,secondary,0.03877633553139913,0.03085788632969413,0.03875589040875544,0.03082527335720659
1290,21.5,feeder2_44,0.0722159412540354,0.1610614060524982,0.07217661454306447,0.1608885700792391
1290,21.5,feeder2_45,0.07349035890209503,0.16616121088583433,0.07345116673517656,0.16598159045379005
1290,21.5,feeder2_46,0.06857783138736473,0.16135321338253114,0.0685392708522176,0.1611747859716541
1290,21.5,feeder2_51,0.07562911802933221,0.1746899745601324,0.07558848596433855,0.17450155007698956
1290,21.5,feeder2_48,0.07576277935932564,0.16826706401711658,0.07571978791078261,0.16808680345835833
1290,21.5,feeder2_52,0.07679227841775911,0.16469985651633579,0.07675137753977132,0.1645090156091071
1290,21.5,feeder2_68,0.08205320028003989,0.20241952637899246,0.08200882306752391,0.2022037896492491
1290,21.5,feeder2_69,0.08050083206567551,0.20256990334217295,0.08045669914599866,0.2023506455662783
1290,21.5,feeder2_71,0.08291332920582165,0.20610671735371086,0.08286980928997605,0.2058897248853129
1290,21.5,feeder2_72,0.08591226690117072,0.20890953980583718,0.08586536267869678,0.2086936707926664
1290,21.5,feeder2_73,0.08553117837741998,0.21729622082969113,0.08548350835196993,0.21706723655939442
1290,21.5,feeder2_74,0.08455923632362324,0.2144762552210592,0.0845136951645234,0.21425114316517896
1290,21.5,feeder2_77,0.08786556375652273,0.22731190857166075,0.08781960418849413,0.2270779572508943
1290,21.5,feeder2_79,0.08367927190591204,0.22923352393034538,0.08363242975722152,0.22899114174771687
1290,21.5,feeder2_81,0.09175990568643555,0.24269197330014863,0.09171176333742756,0.24244046002210284
1290,21.5,feeder2_82,0.11477987806183756,0.2639157723678028,0.11472799849883981,0.26366925941333214
1290,21.5,feeder2_116,0.10387404223452397,0.28802505096481745,0.10381596173818096,0.2877057827350191
1290,21.5,feeder2_119,0.10442547927174016,0.28542406409121557,0.1043669202656467,0.2851016572214028
1290,21.5,feeder2_120,0.10851685170617054,0.3062566557852715,0.10845580934026426,0.30591111442230234
1290,21.5,feeder2_248,0.10757532723659492,0.3042748802321173,0.1075137217216704,0.3039349894452156
1290,21.5,feeder2_124,0.11155292576206866,0.3182233441654762,0.11149073617437784,0.3178618169993514
1290,21.5,feeder2_282,0.1152561877477737,0.32153845359392297,0.1151939576586379,0.3211771643857439
1290,21.5,feeder2_275,0.11046289674218966,0.31563693597901926,0.1103992049668081,0.315279804730955
1290,21.5,feeder2_151,0.11673849340824245,0.3385347353360366,0.11666954097056109,0.3381442737158173
1290,21.5,feeder2_295,0.11520653444444585,0.33869235691252064,0.11513966839540883,0.33830114428633584
1290,21.5,feeder2_311,0.11571932514425826,0.3385406924311586,0.11565367777303334,0.33814975950507564
1290,21.5,feeder2_201,0.1255768788629919,0.37273069147977866,0.125502419927835,0.3722995705185485
1290,21.5,feeder2_314,0.1261065748694275,0.3729242767653144,0.12603685715871302,0.37249021129334
1290,21.5,feeder2_342,0.13784923007951483,0.4207239593667896,0.1377689485666719,0.4202259299921919
1290,21.5,feeder2_368,0.13860979476487187,0.4231963947912277,0.1385281868624316,0.422701333674513
1290,21.5,feeder2_347,0.14258251715026543,0.439669068299512,0.14249706052566644,0.43913746105091556
1290,21.5,feeder2_353,0.14480421227069595,0.44842497652982044,0.14471484183602878,0.4478777757858171
1290,21.5,feeder2_518,0.14393092031865037,0.4409034894502911,0.14384639553488232,0.44037294208309935
1290,21.5,feeder2_365,0.14730103791141422,0.4582832145415986,0.1472099301167686,0.4577167029807434
1290,21.5,feeder2_653,0.14465005421473026,0.44813305854143765,0.14456288410202497,0.4475877165180473
1290,21.5,feeder2_377,0.1486525786009555,0.4637133235452077,0.14856110254325927,0.4631381923044439
1290,21.5,feeder2_622,0.14646066983165107,0.4581721100340232,0.1463712797204894,0.45760771237696746
1290,21.5,feeder2_451,0.14077404049080078,0.4245820606445929,0.14069065227862523,0.42408221563083126
1290,21.5,feeder2_383,0.1392827752484837,0.42593792323349333,0.1392026351533956,0.4254385194852458
1290,21.5,feeder2_385,0.15022162018821425,0.4700113884518896,0.15012891800068814,0.4694239026118152
1290,21.5,feeder2_621,0.1471561478946409,0.46386116353451895,0.14706737096759098,0.4632810106825739
1290,21.5,feeder2_611,0.13917170557299247,0.4257428099263178,0.1390885318166169,0.425245988486037
1290,21.5,feeder2_405,0.13932776006618316,0.4261190149885994,0.1392484000338473,0.42562045113709435
1290,21.5,feeder2_461,0.157078806809286,0.49771248004697344,0.15697928346630508,0.4970807840201453
1290,21.5,feeder2_594,0.14948389494719,0.4687212019213573,0.1493897583329322,0.46813672340350837
1290,21.5,feeder2_732,0.13915819365331003,0.42581450925465336,0.13907577908759292,0.4253134323727939
1290,21.5,feeder2_417,0.13968432661060273,0.4275462286318188,0.1396057356690511,0.42704847197955476
1290,21.5,feeder2_663,0.13882538124949378,0.42740008523288,0.13874465367241576,0.4269035488058939
1290,21.5,feeder2_444,0.1399799503889752,0.4287317373377681,0.13990230743252208,0.4282317368300377
1290,21.5,feeder2_759,0.14668884080354247,0.4337750732964764,0.1466097469828056,0.4332771021168284
1290,21.5,feeder2_842,0.139922007566337,0.4286875732623878,0.13984097407552512,0.428193019967521
1290,21.5,feeder2_459,0.13995490774690297,0.42880440733595504,0.1398746915873166,0.4283061089390867
1290,21.5,feeder2_702,0.14319583169359126,0.43109588381321784,0.14311249671645632,0.4305982743187135
1290,21.5,feeder2_493,0.13946422444693773,0.42809090094470936,0.1393857378422604,0.42758974977656283
1290,21.5,feeder2_651,0.15617120480782065,0.4977887915560285,0.1560730983033608,0.49715792606669884
1290,21.5,feeder2_684,0.16268120899675326,0.520355145143053,0.16257995132861722,0.5196885752313377
1290,21.5,feeder2_674,0.13907809719281933,0.4274362861186549,0.1389968728865765,0.4269377755715312
1290,21.5,feeder2_696,0.13877540300052935,0.4288152748686918,0.13869447924949127,0.4283133173135155
1290,21.5,feeder2_681,0.1386491381126979,0.4266734238643456,0.13857010494212565,0.4261752617313473
1290,21.5,feeder2_682,0.13814695090797297,0.4258848112349485,0.13806568765681004,0.42538651250479015
1290,21.5,feeder2_728,0.1627421271805072,0.5195849452695849,0.16264037081217358,0.5189197093144279
1290,21.5,feeder2_724,0.16845301008216942,0.54530502210568,0.16834314584428123,0.5446022650869426
1290,21.5,feeder2_703,0.13617655484099378,0.4291095542881781,0.1360943701057798,0.42860636369222227
1290,21.5,feeder2_704,0.13791555711761166,0.42925451396968356,0.13783361946943612,0.42875413009597785
1290,21.5,feeder2_754,0.16953466419112892,0.5463190647565702,0.16942802471280757,0.5456191994131581
1290,21.5,feeder2_747,0.17070098336218442,0.5549257056391917,0.17059174849299166,0.5542099612579285
1290,21.5,feeder2_828,0.16217862691377904,0.5183607863254203,0.1620764720251662,0.5176953645993185
1290,21.5,feeder2_763,0.1632283055356869,0.5201967266081696,0.16312466303466377,0.5195299483512669
1290,21.5,feeder2_836,0.16329838129876306,0.5561798836399847,0.16318982957384776,0.5554535981977844
1290,21.5,feeder2_758,0.17277190479513788,0.5633237703321501,0.1726590131755329,0.5625961267765924
1290,21.5,feeder2_788,0.1760145835916381,0.5658550481930351,0.17590208420304598,0.5651274104570445
1290,21.5,feeder2_812,0.17824798578198764,0.585954484826783,0.17813153102643162,0.5851937405463838
1290,21.5,feeder2_947,0.16624017043672476,0.5229787889448902,0.16613832231205405,0.5223115678240402
1290,21.5,feeder2_868,0.16499621374526885,0.5216399164573012,0.16489400841928306,0.5209742562255432
1290,21.5,feeder2_785,0.16297860851380347,0.5188662407503029,0.16287407476801552,0.5182007509545019
1290,21.5,feeder2_1176,0.16061369508259757,0.5186548947093429,0.16051427686947944,0.5179904103411679
1290,21.5,feeder2_846,0.16238287352194058,0.5166117689971721,0.1622811365452019,0.5159463378244434
1290,21.5,feeder2_911,0.16300545849681566,0.5189653976734366,0.16290348590706813,0.5182990028355607
1290,21.5,feeder2_1107,0.17901331706636367,0.5827855695525356,0.17889520445432056,0.5820250995676688
1290,21.5,feeder2_920,0.17958082326409236,0.5932317145647248,0.179461404379306,0.5924614764995341
1290,21.5,feeder2_926,0.1817231190545402,0.6047816890021335,0.18160398229470792,0.6039961200973271
1290,21.5,feeder2_1239,0.17939830007160776,0.5924175489858206,0.17927898279075272,0.5916497396708793
1290,21.5,feeder2_933,0.18252834921019231,0.6093070290708117,0.18240648875855958,0.6085155614484494
1290,21.5,feeder2_1146,0.18240036322750997,0.6075767044321677,0.1822786236862529,0.6067935100910358
1290,21.5,feeder2_1124,0.1812112028079352,0.6099860970932617,0.1810917035286075,0.6091951298311079
1290,21.5,feeder2_942,0.18472655206390562,0.620276250238606,0.18460403566042577,0.6194698036889995
1290,21.5,feeder2_952,0.18753880360564146,0.6371033307494187,0.18740934435494583,0.636272434109037
1290,21.5,feeder2_965,0.18478283361371153,0.6201956687535717,0.18465756919676712,0.619390161555345
1290,21.5,feeder2_961,0.1877402870048078,0.6385099964534908,0.1876114551563881,0.6376799238688814
1290,21.5,feeder2_963,0.18756073650416755,0.637191494136961,0.18743232574465996,0.63635984899701
1290,21.5,feeder2_973,0.18896105690726256,0.6466075029937063,0.18883048305469144,0.6457569177753054
1290,21.5,feeder2_1128,0.1874817087603311,0.6374420631778497,0.1873522107337183,0.6366124000992638
1290,21.5,feeder2_1113,0.18887938556701508,0.6383258844425519,0.18874945645086313,0.6374944127859833
1290,21.5,feeder2_1143,0.1882211948681494,0.6397364040937962,0.188091651773729,0.6389078613428402
1290,21.5,feeder2_1238,0.19247503498977708,0.626581466758017,0.19235270830747325,0.6257799527278477
1290,21.5,feeder2_979,0.1847129554834974,0.6195303534588689,0.18458757939290876,0.6187246038217775
1290,21.5,feeder2_1236,0.1909799142530331,0.6579366741920614,0.1908439222176995,0.6570645447846902
1290,21.5,feeder2_989,0.18895929260088046,0.6466144103385619,0.18882835566862674,0.645765581023965
1290,21.5,feeder2_1196,0.1847773035418032,0.6167372145619365,0.18465467622426096,0.6159288822623846
1290,21.5,feeder2_1158,0.1876882128530959,0.6475723752324783,0.18755723210862593,0.646721581275434
1290,21.5,feeder2_1122,0.17952828610645355,0.582345051226437,0.17941243065938464,0.5815931830317557
1290,21.5,feeder2_1258,0.17332216813106485,0.5830001240353514,0.17320848640634123,0.5822344364926689
1290,21.5,feeder2_1303,0.1965715375535904,0.59812136788732,0.1964555924396647,0.5973718762648618
1290,21.5,feeder2_1138,0.17871620363183083,0.5762854128749204,0.17859918116223558,0.5755354778211753
1290,21.5,feeder2_1304,0.1789741255049872,0.5744683357251569,0.17885669668291423,0.5737152619884498
1290,21.5,feeder2_1212,0.17714325923401808,0.5651186641368459,0.17702395934373313,0.5643732697058673
1290,21.5,feeder2_1311,0.17961981566830773,0.5670246662187763,0.17950510042972576,0.5662806621955094
1290,21.5,feeder2_1290,0.17471146255795408,0.5498779861176073,0.1745941768973974,0.5491416447762324
1290,21.5,feeder2_1325,0.19400024798640508,0.6725520541508102,0.19386091232579822,0.6716515493923957
1290,21.5,feeder2_1248,0.19097200701434855,0.6579416241455759,0.19083664773252804,0.6570691190358072
1290,21.5,feeder2_1249,0.1937408327203652,0.627522972160915,0.1936190704178157,0.6267202967017284
1290,21.5,feeder2_1250,0.1948407405365718,0.6288162900410232,0.19471661396665152,0.6280159622972648
1290,21.5,feeder2_1366,0.1889933721347045,0.6592568998538053,0.18885618451157218,0.6583851897417325
1290,21.5,feeder2_1266,0.16816357762748135,0.5833967025923628,0.1680489994204882,0.5826243921573447
1290,21.5,feeder2_1372,0.17667220186462915,0.5516802948447739,0.17655403227927163,0.550943602229923
1290,21.5,feeder2_1363,0.17154544847992084,0.5311520011090659,0.17142811084365062,0.5304228587911044
1290,21.5,feeder2_1446,0.19416135449164296,0.6727062253298741,0.1940198582276318,0.6718051401695824
1290,21.5,feeder2_1502,0.1973540012786766,0.6887680996223563,0.19721158738219274,0.6878336415454971
1290,21.5,feeder2_1428,0.17069810205253694,0.5291574275162166,0.17058107011504742,0.5284283904211211
1290,21.5,feeder2_1380,0.16843772698392268,0.51175533118726,0.1683227882794357,0.5110380824123676
1290,21.5,feeder2_1550,0.17077162845714072,0.5138403327526097,0.170655962592038,0.5131231499275872
1290,21.5,feeder2_1386,0.16663834596208846,0.5012664010432227,0.16652087003246582,0.5005510979292167
1290,21.5,feeder2_1551,0.16717153799805037,0.5000768264384677,0.1670547010477708,0.4993615253934087
1290,21.5,feeder2_1400,0.16579283753395516,0.49658331091646585,0.16567561410539458,0.4958723858978979
1290,21.5,feeder2_1552,0.16672595517615899,0.4946272943518708,0.1666082250672527,0.49391401031221227
1290,21.5,feeder2_1408,0.16405750500361543,0.4879591929450462,0.16394223509155081,0.48725057983379355
1290,21.5,feeder2_1553,0.15835653641513747,0.4734541797977494,0.15824013031655346,0.47275982754507373
1290,21.5,feeder2_1416,0.16388676079412837,0.486512773748991,0.16377058340048317,0.48580484601582086
1290,21.5,feeder2_1530,0.16412785923738243,0.48675868553051793,0.16400931444499758,0.4860503775690624
1290,21.5,feeder2_1425,0.16353594361690496,0.4836248691380036,0.16341929317150952,0.48291504185657064
1290,21.5,feeder2_1589,0.16413605137305626,0.4806274338868016,0.16402029845551544,0.47992256373131137
1290,21.5,feeder2_1435,0.16348542462932472,0.48332538617701354,0.16337059562845288,0.4826155539782517
1290,21.5,feeder2_1621,0.16102776537643093,0.4836245444201757,0.16091006775446462,0.482911393419784
1290,21.5,feeder2_1564,0.16321191383310735,0.4797880077813465,0.16309566490834682,0.47907934065513297
1290,21.5,feeder2_1704,0.19522770471220885,0.6894136571406886,0.19508333558163116,0.6884776376814244
1290,21.5,feeder2_1525,0.19829266093716386,0.6928047604316812,0.19814468383400594,0.6918610437092029
1290,21.5,feeder2_1716,0.194992656416011,0.6939008766663799,0.19484569920725855,0.6929578939802816
1290,21.5,feeder2_1537,0.1993953584357979,0.6972230828784108,0.19924775342094417,0.6962727155852112
1290,21.5,feeder2_1645,0.19967524598449846,0.6964730778140024,0.19952854914284157,0.6955221630437327
1290,21.5,feeder2_1561,0.20065892955073208,0.7026652020747209,0.2005095656710042,0.701703616861449
1290,21.5,feeder2_1657,0.2008010311667075,0.702802507426237,0.2006496475308516,0.7018438592535613
1290,21.5,feeder2_1570,0.20119773412271802,0.7049816449000812,0.20104692402518817,0.7040154426742539
1290,21.5,feeder2_1756,0.20598827658478142,0.7085216951413933,0.20583935009872897,0.7075585431641054
1290,21.5,feeder2_1588,0.20162162456352442,0.7068959099966815,0.2014683082584592,0.7059236271318285
1290,21.5,feeder2_1628,0.20268085301426816,0.7079108088324253,0.20252987991392543,0.7069414859332285
1290,21.5,feeder2_1598,0.2020973305779601,0.7090124872256565,0.20194520951751055,0.7080353024488746
1290,21.5,feeder2_1816,0.2019410159820656,0.7089198338095861,0.20178752729044883,0.7079449428903177
1290,21.5,feeder2_1765,0.20037650775089474,0.7087071830468039,0.2002238088163859,0.7077280662505759
1290,21.5,feeder2_1641,0.20444884987739007,0.7197418141329971,0.20429267463941467,0.7187416562416197
1290,21.5,feeder2_1689,0.20391328597999192,0.7168560270761466,0.2037557377506244,0.7158317927700257
1290,21.5,feeder2_1744,0.21218906847438052,0.7269912909410241,0.21203321661481248,0.7259931417514952
1290,21.5,feeder2_1817,0.20389723322715253,0.7167925851754067,0.2037347934100229,0.7157669229081399
1290,21.5,feeder2_1779,0.2023767620808901,0.7175130405342073,0.20221570225572805,0.7164876512935981
1290,21.5,feeder2_1800,0.2035040248810432,0.7129959540673658,0.2033459389213786,0.7119703922675382
1290,21.5,feeder2_1818,0.20354350124492998,0.7117981112739217,0.20335554909423872,0.7107236091684707
1290,21.5,feeder2_1753,0.23670086783129143,0.7500382224607458,0.23654302102444139,0.7490451205301971
1290,21.5,feeder2_1754,0.21222400625853405,0.727025848100359,0.21206724316338868,0.7260233833459665
1320,22.0,secondary,0.01787460575803973,0.019760162706312784,0.01789111526814246,0.019728129914680984
1320,22.0,feeder2_44,0.03327302767833329,0.10308734759295829,0.03330615442494148,0.10292357615488887
1320,22.0,feeder2_45,0.03388850264160427,0.10705151519648984,0.03392035025326771,0.10688792902457181
1320,22.0,feeder2_46,0.02805700172184955,0.09439197460782754,0.028095552125601896,0.09422987508857415
1320,22.0,feeder2_51,0.03484741041342013,0.1134666523826427,0.03488343641511615,0.11329283140278494
1320,22.0,feeder2_48,0.03613619557077046,0.11030632236123371,0.03617183818948388,0.11014162725075405
1320,22.0,feeder2_52,0.0333190943266487,0.11590844147322282,0.03335186515986766,0.11573711039805287
1320,22.0,feeder2_68,0.03778272656217895,0.13055104154129404,0.03781820188673631,0.1303494193154968
1320,22.0,feeder2_69,0.03684723590437986,0.12860025745957016,0.03688373090996662,0.12840858721537127
1320,22.0,feeder2_71,0.03817139185850679,0.13291133089204518,0.0382065311657963,0.1327122381977675
1320,22.0,feeder2_72,0.040605431757882934,0.1337392120341939,0.04064154908224138,0.13354280026191404
1320,22.0,feeder2_73,0.039330306452607246,0.14023831336141404,0.039368102624447794,0.1400223106381117
1320,22.0,feeder2_74,0.03903857522895508,0.14155801695783848,0.039074346740104515,0.14134654891282547
1320,22.0,feeder2_77,0.04039540600252017,0.14626820349804245,0.04043574874756025,0.14604850762945615
1320,22.0,feeder2_79,0.04020358509799798,0.14586638877556177,0.04024307816512296,0.1456485021545319
1320,22.0,feeder2_81,0.042078731420124575,0.15594497431287566,0.042119194706329514,0.15571129225331928
1320,22.0,feeder2_82,0.05877785144553355,0.1622062431018671,0.0588168726177757,0.1619787210202751
1320,22.0,feeder2_116,0.04628656790935029,0.1969102890985093,0.046333572622428265,0.19661841244265735
1320,22.0,feeder2_119,0.045874363861253424,0.1975462223718719,0.04592014581539014,0.19725330054961845
1320,22.0,feeder2_120,0.04797528155327058,0.21210234089305652,0.04802538024199175,0.21178255476620744
1320,22.0,feeder2_248,0.04768828291999528,0.21251300688142286,0.047739172273660646,0.21219363498401408
1320,22.0,feeder2_124,0.04906427866269167,0.22133939980658585,0.04911977989270445,0.22100466828387325
1320,22.0,feeder2_282,0.05302360274860089,0.2221360743330889,0.05307676696456291,0.22180084874589828
1320,22.0,feeder2_275,0.039860829911174615,0.24602889989428714,0.03987956957240571,0.24569465344505587
1320,22.0,feeder2_151,0.05436015756507558,0.2205593121645219,0.0544181187080809,0.2201991782280645
1320,22.0,feeder2_295,0.05331365694996571,0.21789169813225948,0.05337272847377141,0.21753407842367806
1320,22.0,feeder2_311,0.053691744950010625,0.21856018653239476,0.053750448556347925,0.2182039895539768
1320,22.0,feeder2_201,0.06317849017220929,0.22558937971993379,0.06324247146782873,0.22519221082168894
1320,22.0,feeder2_314,0.06427523922038346,0.22685936922071503,0.064341352380646,0.2264565814202197
1320,22.0,feeder2_342,0.07525616961198306,0.2305688985448761,0.07532951110223024,0.2301127100872841
1320,22.0,feeder2_368,0.07550899074739775,0.229541507398617,0.0755802565786359,0.2290842829376063
1320,22.0,feeder2_347,0.08093058009655509,0.2350424679524431,0.08100600874572854,0.234556821300591
1320,22.0,feeder2_353,0.08364915327778473,0.2371891599820048,0.08372732257268084,0.23668981065994552
1320,22.0,feeder2_518,0.08242067903260171,0.23540008632827675,0.08249581185378614,0.2349201141157005
1320,22.0,feeder2_365,0.0867810465246918,0.23917757095687414,0.08686043134140674,0.2386635732232165
1320,22.0,feeder2_653,0.08297080640090024,0.2379046754373321,0.0830483605952705,0.23741118497813107
1320,22.0,feeder2_377,0.08845596142857942,0.24063526746175298,0.08854079865068122,0.24011576575188984
1320,22.0,feeder2_622,0.08654881737452276,0.23768979252283026,0.0866296192897782,0.23717829143695437
1320,22.0,feeder2_451,0.07747681610419997,0.22995014644429426,0.07754820246918126,0.22949695207899598
1320,22.0,feeder2_383,0.07553076405869678,0.22771545955334,0.07560072068711254,0.2272569830070478
1320,22.0,feeder2_385,0.09033152361522942,0.2432919733293174,0.09041426456948203,0.24276484490924968
1320,22.0,feeder2_621,0.0877429601851663,0.23772039477832663,0.08782551915045135,0.23719932148710102
1320,22.0,feeder2_611,0.07490326538926602,0.22842291094715408,0.07497645775452885,0.22796899186516845
1320,22.0,feeder2_405,0.07554401645608078,0.2275625996216867,0.07561617145083285,0.22710350490407885
1320,22.0,feeder2_461,0.09807486001602451,0.25373618369050205,0.09816580031676046,0.25316847702746786
1320,22.0,feeder2_594,0.09009048696968823,0.24353603678619237,0.09017509485524217,0.24301183444472765
1320,22.0,feeder2_732,0.07591466631478574,0.22751606894157853,0.07598413506614242,0.22705933536302939
1320,22.0,feeder2_417,0.07569098866776701,0.22636587463989946,0.07576413159931569,0.2259058156988213
1320,22.0,feeder2_663,0.07417363042352512,0.2233772473668689,0.07424915913277973,0.22291921444082138
1320,22.0,feeder2_444,0.07586387984736735,0.22637238214136393,0.07593556593109942,0.2259148647242553
1320,22.0,feeder2_759,0.07816455810414827,0.22672486271123152,0.07823729500621719,0.2262654771200351
1320,22.0,feeder2_842,0.07585635685026498,0.22620564651787597,0.07593119733759199,0.22574976719376671
1320,22.0,feeder2_459,0.07588853720674249,0.2263762094514855,0.07596307692905309,0.2259235561530309
1320,22.0,feeder2_702,0.07866919505325182,0.2279188880379102,0.07874161159072812,0.22745860031494217
1320,22.0,feeder2_493,0.0756755425951579,0.22587881136500884,0.07574678434101781,0.22541968159941458
1320,22.0,feeder2_651,0.09803764862721302,0.25352913121965226,0.09812719273922892,0.2529650124220048
1320,22.0,feeder2_684,0.10436509854186052,0.26259419795275657,0.10445606270987258,0.2619977084536847
1320,22.0,feeder2_674,0.07535701237416166,0.22628000531080852,0.07542763325635914,0.22582242174787334
1320,22.0,feeder2_696,0.07575887061898846,0.2224313295572986,0.07583307524314038,0.22197929191916352
1320,22.0,feeder2_681,0.07499958002024647,0.22675332072797494,0.07507314098045426,0.22629314351137217
1320,22.0,feeder2_682,0.07462484441680993,0.22723859042529793,0.07469640688812813,0.22678039232074146
1320,22.0,feeder2_728,0.10454868935932103,0.2657228961195648,0.104641932976239,0.2651282903228234
1320,22.0,feeder2_724,0.11070363371798592,0.2645626333298775,0.11080352883289109,0.2639409684656667
1320,22.0,feeder2_703,0.07560125677200297,0.22176401222106962,0.07567417099583736,0.22131246313894198
1320,22.0,feeder2_704,0.07548501014126761,0.2212831964998837,0.07555924257360404,0.22082831136510453
1320,22.0,feeder2_754,0.11207232470849307,0.2660033506027808,0.11217003447883762,0.265374562670196
1320,22.0,feeder2_747,0.11312296949159548,0.2646615527906504,0.11322616181590137,0.26402643688156513
1320,22.0,feeder2_828,0.10354358300433644,0.26666809667178043,0.10363806453062613,0.26606984468102446
1320,22.0,feeder2_763,0.10536567935475112,0.26880704178898474,0.10545876216567342,0.2682098052048263
1320,22.0,feeder2_836,0.11075367484069899,0.24855816713897852,0.11086061046715179,0.2479142849835662
1320,22.0,feeder2_758,0.11474592278019709,0.27186567805695067,0.11484548846662178,0.2712204087375152
1320,22.0,feeder2_788,0.11712108836899808,0.27273864034610157,0.11722516225623751,0.27209197092789345
1320,22.0,feeder2_812,0.11932315574912905,0.29335855861792154,0.11942828958008354,0.2926827763425574
1320,22.0,feeder2_947,0.10864451277174654,0.2698921817930791,0.1087362397771473,0.26929354864034855
1320,22.0,feeder2_868,0.10785118302216379,0.2702907508222224,0.10794447064495459,0.26969492383937904
1320,22.0,feeder2_785,0.10522301335482631,0.269592351742133,0.10531675082055589,0.26899979899937276
1320,22.0,feeder2_1176,0.104614472662413,0.2653468784285037,0.10470768910646727,0.2647515547029759
1320,22.0,feeder2_846,0.10361698156609697,0.2710374463007398,0.10370592254188792,0.2704368864511181
1320,22.0,feeder2_911,0.10567834416843674,0.2711476784569767,0.10577364866866937,0.27055206935678805
1320,22.0,feeder2_1107,0.11755046230645742,0.3001138227040431,0.11765533432867692,0.2994331204956672
1320,22.0,feeder2_920,0.12110142436786658,0.29756265036539054,0.12120807494707139,0.2968797757491904
1320,22.0,feeder2_926,0.12389521587702482,0.3037156203492293,0.12400187808479625,0.3030197712644149
1320,22.0,feeder2_1239,0.12093126012959801,0.2977848029246916,0.12103622165782549,0.29710222237795636
1320,22.0,feeder2_933,0.12493981456971764,0.30575250583258795,0.12504928184293554,0.30505141009180203
1320,22.0,feeder2_1146,0.12480173935235592,0.3070968893614278,0.12491056080934865,0.30640937204109664
1320,22.0,feeder2_1124,0.12475003226699209,0.3044927117361581,0.1248608731622812,0.3037912437268058
1320,22.0,feeder2_942,0.1274949577149096,0.3121046078493568,0.12760698655564398,0.31139474184558014
1320,22.0,feeder2_952,0.13009801329833712,0.31664220721150965,0.13021353605394836,0.31590717462012247
1320,22.0,feeder2_965,0.1276464694512446,0.31274008338122616,0.12775743611768653,0.31202692304369306
1320,22.0,feeder2_961,0.13027122770442084,0.31673034006715817,0.13038740757613437,0.3159929406517022
1320,22.0,feeder2_963,0.13012119157895766,0.3167287109619352,0.13023403105958128,0.31599611645885795
1320,22.0,feeder2_973,0.1313508735954549,0.316896431790973,0.13146665670632945,0.31614714992845
1320,22.0,feeder2_1128,0.12999989003228193,0.3172574826476218,0.1301155699215824,0.3165234755620046
1320,22.0,feeder2_1113,0.13201030331567293,0.3183283850208299,0.13212480133908072,0.31759722706839216
1320,22.0,feeder2_1143,0.1305797087138058,0.31833978482778647,0.13069542049322383,0.31760987818492126
1320,22.0,feeder2_1238,0.13976166593197728,0.32332743372105527,0.13987471578334545,0.32261821340258656
1320,22.0,feeder2_979,0.12763710770882214,0.31277097330993625,0.12775192312212122,0.3120611285817625
1320,22.0,feeder2_1236,0.13284548197119703,0.31886735327511034,0.13296515030591996,0.3181003924551216
1320,22.0,feeder2_989,0.13135197095244602,0.3168808947952606,0.13146985547010726,0.3161352667228633
1320,22.0,feeder2_1196,0.12749719323072922,0.3128866666276634,0.12761028840379798,0.3121762471995856
1320,22.0,feeder2_1158,0.13100751722473442,0.3149223482466561,0.13112703183812377,0.31417487690626533
1320,22.0,feeder2_1122,0.11679331849789405,0.3035719028735439,0.11689671409879827,0.30289502256257744
1320,22.0,feeder2_1258,0.11745437238077025,0.2991027312505621,0.11756109551258583,0.29842239801316683
1320,22.0,feeder2_1303,0.11751747507255388,0.3037308819999262,0.1176207895636084,0.3030499508381251
1320,22.0,feeder2_1138,0.11616703688880742,0.30627737829867197,0.11627177757087478,0.30559138169519845
1320,22.0,feeder2_1304,0.11575119551917065,0.30666301356078113,0.11585560073649682,0.30597837513939324
1320,22.0,feeder2_1212,0.11495002045302145,0.31168169387282835,0.1150533108369775,0.31100141041102464
1320,22.0,feeder2_1311,0.11753378757072808,0.31269004515019627,0.11763559761334133,0.31201183917572695
1320,22.0,feeder2_1290,0.11312647091601818,0.3178136786495011,0.11322974138958505,0.3171279934659003
1320,22.0,feeder2_1325,0.13483719696562374,0.3220878322510502,0.13496311302734504,0.3212975158052935
1320,22.0,feeder2_1248,0.13284549978459761,0.31886485097021366,0.13296571721147188,0.31809838379728334
1320,22.0,feeder2_1249,0.1411673141058326,0.3245244175460614,0.14128233466718879,0.32382151117914915
1320,22.0,feeder2_1250,0.1448908901736143,0.32794700604992205,0.14500402078606653,0.3272385842794818
1320,22.0,feeder2_1366,0.13285188972514453,0.31836985959260367,0.13297447621162314,0.3176061618806831
1320,22.0,feeder2_1266,0.11744025177590482,0.2986659152056264,0.11754579728646371,0.29798568190076963
1320,22.0,feeder2_1372,0.11403081788363681,0.31808045735564866,0.114133563637603,0.31739502216856935
1320,22.0,feeder2_1363,0.11099208026513535,0.32429480621738455,0.1110951241116153,0.32360477039977814
1320,22.0,feeder2_1446,0.13615999841374982,0.32361545294252714,0.13628706371199692,0.3228208349288546
1320,22.0,feeder2_1502,0.13664925248861398,0.3237736462979992,0.13678158557461476,0.3229542097436918
1320,22.0,feeder2_1428,0.10946413905568156,0.3258508128403213,0.10956641683116622,0.3251658394621888
1320,22.0,feeder2_1380,0.1091571105838592,0.32962302923152875,0.10926079473540534,0.3289302071139389
1320,22.0,feeder2_1550,0.11168505614562266,0.3303203574757717,0.11178423748565317,0.32963406843392995
1320,22.0,feeder2_1386,0.10806752380751353,0.33206773620110003,0.1081687649852887,0.3313721927782688
1320,22.0,feeder2_1551,0.10826115290100886,0.3319058052360905,0.10836087584318453,0.3312149818560453
1320,22.0,feeder2_1400,0.10759070592227682,0.33324678448847384,0.10769095597380153,0.3325537140229813
1320,22.0,feeder2_1552,0.10567943754135303,0.3353138264492024,0.10577757856371205,0.3346185763135151
1320,22.0,feeder2_1408,0.10690522024270799,0.3345545589284122,0.10700755763225189,0.33385781229271644
1320,22.0,feeder2_1553,0.10451439941347702,0.3373162131545683,0.10461216248637781,0.336615895617489
1320,22.0,feeder2_1416,0.10676567432209322,0.33453867286394684,0.10686873451863851,0.33384646922041383
1320,22.0,feeder2_1530,0.10719402325400018,0.3346156897137804,0.1072938564600054,0.33392198447108307
1320,22.0,feeder2_1425,0.10646649508593165,0.3344926588563547,0.10656764714673979,0.3338015003256703
1320,22.0,feeder2_1589,0.1062936066508937,0.3346790222272493,0.10639439881529565,0.3339841888729853
1320,22.0,feeder2_1435,0.10641121899927666,0.33446444633127,0.10651375214440506,0.3337706201844529
1320,22.0,feeder2_1621,0.10510018245440084,0.33202863358862394,0.10520022897037909,0.3313374182003963
1320,22.0,feeder2_1564,0.10579959631095191,0.3368814189367049,0.10590102024212919,0.33618580350828164
1320,22.0,feeder2_1704,0.13638140827251277,0.3216300621621299,0.13651481029401014,0.32080948627935785
1320,22.0,feeder2_1525,0.13705193688487977,0.3249898951794245,0.13718229959789185,0.32415975386170914
1320,22.0,feeder2_1716,0.13703671417090446,0.32477793882779793,0.13716915261617396,0.3239482649163716
1320,22.0,feeder2_1537,0.13749939555614082,0.32638273234833654,0.13763176336575264,0.32554574553354887
1320,22.0,feeder2_1645,0.1374751604790191,0.32612666507445454,0.13760787340720296,0.32529191176815153
1320,22.0,feeder2_1561,0.13807143371711858,0.32805484314008826,0.13820470897918447,0.3272065327908751
1320,22.0,feeder2_1657,0.13859383375711137,0.3282916414905917,0.13872715520981013,0.3274451285299206
1320,22.0,feeder2_1570,0.13830036432799217,0.3287319648411331,0.13843554381452602,0.3278810622051242
1320,22.0,feeder2_1756,0.14312582647113295,0.3311873147939917,0.14325768154443674,0.33033915713418616
1320,22.0,feeder2_1588,0.13846853824460065,0.3292387799124638,0.13860409980968588,0.32838783395437837
1320,22.0,feeder2_1628,0.139576627218477,0.3302288394132159,0.13971058679745374,0.32937222263420546
1320,22.0,feeder2_1598,0.13861462216721288,0.3296122553929268,0.13875355508798093,0.32875410995402654
1320,22.0,feeder2_1816,0.1386195433841053,0.3292404124897531,0.13875615305274147,0.3283788837432436
1320,22.0,feeder2_1765,0.13821584258363928,0.32589197009570703,0.13835239699570276,0.32503090896691983
1320,22.0,feeder2_1641,0.13917854627309678,0.33324143902338954,0.1393192750531108,0.33235556272520944
1320,22.0,feeder2_1689,0.13931087934401656,0.3349083669960946,0.1394526839172858,0.3339987588629588
1320,22.0,feeder2_1744,0.1402099866336122,0.33419094376973557,0.1403519664906834,0.33330796343687524
1320,22.0,feeder2_1817,0.13929230142114976,0.3349721847869162,0.13943779641620585,0.33406563484716534
1320,22.0,feeder2_1779,0.13911606621369066,0.33320282029493453,0.13925923538908308,0.33229168660256403
1320,22.0,feeder2_1800,0.13767539854470368,0.33621947222700854,0.13781894663972763,0.3353061902075059
1320,22.0,feeder2_1818,0.13982377687384537,0.33816014720868803,0.13999133960334553,0.3372109521119837
1320,22.0,feeder2_1753,0.1412131356301073,0.33452447700179316,0.1413536910190021,0.3336377399932038
1320,22.0,feeder2_1754,0.1407052950671085,0.3347751508541982,0.14084742883250642,0.33389381829240133
1350,22.5,secondary,0.002537643777497304,0.0021734919867234708,0.002521218848345623,0.0021901625090040085
1350,22.5,feeder2_44,0.00472320245142415,0.011337647404047043,0.0046885896505789075,0.011412185143780614
1350,22.5,feeder2_45,0.004951379896195027,0.011169849759125302,0.004922229852620989,0.01124415549065431
1350,22.5,feeder2_46,0.0037742712459591706,0.01894683609385644,0.0037696425642234953,0.019070520201287185
1350,22.5,feeder2_51,0.0053299423965183605,0.01088699158431108,0.005298682048654046,0.010950192121151014
1350,22.5,feeder2_48,0.005233266367758898,0.011436942608010283,0.005205782821838973,0.011499589207788628
1350,22.5,feeder2_52,0.010271603612201795,0.006834423755604402,0.010226618138815011,0.006979682330850107
1350,22.5,feeder2_68,0.006167206225390085,0.012541385306167682,0.006133461815902506,0.012550947607765218
1350,22.5,feeder2_69,0.003759633355584394,0.013319304613899439,0.003728747863194068,0.013377052049684526
1350,22.5,feeder2_71,0.006301755995240403,0.012813438674346022,0.006265274052799775,0.01280965878517721
1350,22.5,feeder2_72,0.00848195242999626,0.015636550081948176,0.008463986313696211,0.015600241567400678
1350,22.5,feeder2_73,0.006644279502101804,0.013418458284873966,0.006605193953132537,0.013391144363025576
1350,22.5,feeder2_74,0.011334841844800592,0.0074550776847779774,0.011282347012831118,0.007344087156382275
1350,22.5,feeder2_77,0.00694298888025929,0.014955128672157578,0.006908946507848415,0.014918344976493482
1350,22.5,feeder2_79,0.006560750054198249,0.015006493563998389,0.006524251282523593,0.01497847368948365
1350,22.5,feeder2_81,0.007457746964137199,0.017434370386001142,0.0074193481028294395,0.01737577053177373
1350,22.5,feeder2_82,0.007772239443350252,0.01794440846770456,0.0077370693857020095,0.01788129496079793
1350,22.5,feeder2_116,0.009783886394487424,0.0283378355705104,0.00974241804209453,0.02822773517505052
1350,22.5,feeder2_119,0.01080855462175307,0.026290000267503482,0.010757995439261012,0.026160724067328868
1350,22.5,feeder2_120,0.010748909874379965,0.033486908408565205,0.010713458700507472,0.03337188290557095
1350,22.5,feeder2_248,0.012667362584311193,0.03123747133622791,0.012627341429152669,0.031127986687731687
1350,22.5,feeder2_124,0.011276273367948045,0.037571049838517154,0.011244796017348454,0.037451365044725106
1350,22.5,feeder2_282,0.0157987531637594,0.04288337303004394,0.015782339961000345,0.04273843749282077
1350,22.5,feeder2_275,0.011718345503498087,0.036733523558418774,0.011682445385141127,0.03660979629095755
1350,22.5,feeder2_151,0.01152477254003844,0.04190025701894061,0.011489755201365906,0.04178610269404181
1350,22.5,feeder2_295,0.00810187562115,0.04196691389488785,0.008082252601437636,0.041893446632949305
1350,22.5,feeder2_311,0.009479871858202945,0.041832996317586954,0.009453398980134343,0.04174541443206311
1350,22.5,feeder2_201,0.013117820752143029,0.050717420065468755,0.01308111399606932,0.05053450690981852
1350,22.5,feeder2_314,0.013223461276644047,0.05084116681327506,0.013187099823161054,0.05065715584942859
1350,22.5,feeder2_342,0.015324219899882653,0.06395442585533617,0.01528376485138274,0.06368392449424395
1350,22.5,feeder2_368,0.014360012753631036,0.05967697889622184,0.014318400345888316,0.059445499843915006
1350,22.5,feeder2_347,0.017623824732533325,0.07974340107495237,0.017568386128346793,0.07938462900967547
1350,22.5,feeder2_353,0.018522575934919388,0.08670646493196997,0.018465764365586442,0.08631524922211019
1350,22.5,feeder2_518,0.019531515874563327,0.08228052519367801,0.019483946729499824,0.08192494310420671
1350,22.5,feeder2_365,0.019564570870182093,0.09481961774715973,0.019500017212378557,0.09439318739249053
1350,22.5,feeder2_653,0.018696484474299866,0.0863088992884943,0.018632046443621746,0.08591108175177407
1350,22.5,feeder2_377,0.020264156050212236,0.09937354647909238,0.020201015673749684,0.0989282298946706
1350,22.5,feeder2_622,0.017313355778571706,0.0948293035608485,0.01725009413764095,0.09441655549488773
1350,22.5,feeder2_451,0.016006449420600383,0.06158931899225209,0.015975766441481874,0.06135764546988515
1350,22.5,feeder2_383,0.012450101958351258,0.052071550747631874,0.012421740463108738,0.05192261539063728
1350,22.5,feeder2_385,0.02129575237860746,0.10559798015833118,0.021230253941110767,0.1051247917503536
1350,22.5,feeder2_621,0.01637098564809435,0.09723622415665586,0.016313669308368882,0.09680689096506175
1350,22.5,feeder2_611,0.013558806464033754,0.050180661445918116,0.013517173315768672,0.050028390923646665
1350,22.5,feeder2_405,0.012327080525337684,0.051740482894233,0.012298875201391925,0.051593964881785574
1350,22.5,feeder2_461,0.025278001088543202,0.1343199553697146,0.025199593125065246,0.1337602243009193
1350,22.5,feeder2_594,0.022559097621784457,0.10420763723658427,0.022485203000130363,0.10373386572891964
1350,22.5,feeder2_732,0.01386666660042225,0.04968668599492239,0.013824848727380854,0.04954351759823229
1350,22.5,feeder2_417,0.01137979530981728,0.04990782242253899,0.011361888587258048,0.049811466428753615
1350,22.5,feeder2_663,0.011274344211862712,0.049876644655985604,0.011256568278117518,0.04978406342661297
1350,22.5,feeder2_444,0.010718465633184645,0.04878481372730738,0.010702488260130314,0.04872602709362013
1350,22.5,feeder2_759,0.013590090095815324,0.050786199145379796,0.0135976376738628,0.05068522207607239
1350,22.5,feeder2_842,0.009376482133180724,0.04892100514008208,0.0093756086687201,0.04888526822522639
1350,22.5,feeder2_459,0.010452767882563349,0.04831545256387682,0.010441294960390018,0.04827560691467736
1350,22.5,feeder2_702,0.01113674445655879,0.04897360853486014,0.011125041315222343,0.04892689646949506
1350,22.5,feeder2_493,0.009410058175644213,0.04660716346625107,0.009409863390831425,0.04662632062133578
1350,22.5,feeder2_651,0.02507653597228214,0.13417656905134936,0.024995967524391344,0.1336153212275458
1350,22.5,feeder2_684,0.028612206385707873,0.15865477352230117,0.02852245999331384,0.15803982456837096
1350,22.5,feeder2_674,0.00930622831743141,0.045138329267889736,0.00928622573635651,0.04515490927634991
1350,22.5,feeder2_696,0.008449327381526804,0.05171412767833901,0.008498840628682856,0.05192433061091616
1350,22.5,feeder2_681,0.009733441716608698,0.043572896838594825,0.009701180778884343,0.043588104717748315
1350,22.5,feeder2_682,0.00959931622471554,0.04145472496153895,0.009542750071106365,0.04145320199756459
1350,22.5,feeder2_728,0.029164476120493874,0.16084864590927375,0.029070202211621786,0.16022709396872112
1350,22.5,feeder2_724,0.03134353479007552,0.17879448992496957,0.03125263546775615,0.17813102742473458
1350,22.5,feeder2_703,0.008298796040944944,0.05208518560675681,0.008353884563445962,0.05229919576209689
1350,22.5,feeder2_704,0.008926226582861144,0.055215068383462844,0.009022859373949463,0.05547279272350745
1350,22.5,feeder2_754,0.031517272460954426,0.17907101535347505,0.03143012760265619,0.1784084944754466
1350,22.5,feeder2_747,0.032428973673006144,0.1869014280155347,0.03233328472332607,0.18621882986215477
1350,22.5,feeder2_828,0.030086829427101114,0.16029705808621328,0.0299899140071862,0.15966961291154882
1350,22.5,feeder2_763,0.029887435875249956,0.16469395320989053,0.02979574817584766,0.16407341915028317
1350,22.5,feeder2_836,0.02815539748036721,0.18351846697421498,0.028065964230599257,0.1828426635858998
1350,22.5,feeder2_758,0.03368798708077347,0.19553851075168202,0.033593802438670356,0.1948396793995262
1350,22.5,feeder2_788,0.035040524850210475,0.19927435379445005,0.034954153507444914,0.19857584147368568
1350,22.5,feeder2_812,0.036820202847050405,0.21756197902177676,0.03671447143898902,0.21680942727068578
1350,22.5,feeder2_947,0.03339189798114826,0.17013467587373796,0.03331361649592475,0.1695181129102332
1350,22.5,feeder2_868,0.03151308835708202,0.16725326837058677,0.03142767619674595,0.1666358530988551
1350,22.5,feeder2_785,0.029625975519245982,0.16413437154759564,0.029530041321384162,0.16351181032349468
1350,22.5,feeder2_1176,0.02502465420954024,0.16291134465325213,0.024923348786493042,0.16230624545119376
1350,22.5,feeder2_846,0.031051764216611672,0.16347109518092945,0.030950036609569877,0.162841963602584
1350,22.5,feeder2_911,0.02964998670471199,0.16422941551672632,0.029557152341943393,0.16360609404375887
1350,22.5,feeder2_1107,0.040829635630761536,0.23770447590615476,0.04072321343104366,0.23693369865711092
1350,22.5,feeder2_920,0.036602197229919406,0.2182668407064522,0.03649619132860075,0.2175055117846456
1350,22.5,feeder2_926,0.03629227410264339,0.21936665247639084,0.03618465610778187,0.21859245099195365
1350,22.5,feeder2_1239,0.03658584122923238,0.21821704555648738,0.03647524612303976,0.21745614170818978
1350,22.5,feeder2_933,0.036149128472812445,0.21983036747414272,0.036040952658988656,0.2190486870598947
1350,22.5,feeder2_1146,0.03632248747664092,0.21949102264070425,0.036215868204696265,0.218717405167507
1350,22.5,feeder2_1124,0.03507326884866787,0.2188784231205139,0.03496586460658787,0.2181009217318414
1350,22.5,feeder2_942,0.03594999286167007,0.22194514784788527,0.03583702228865835,0.2211527837626755
1350,22.5,feeder2_952,0.03526601213318354,0.22299534687775097,0.03515031366184474,0.2221838640671785
1350,22.5,feeder2_965,0.03600095772090761,0.2222164016519734,0.03589072785753092,0.22142227448500224
1350,22.5,feeder2_961,0.03514389075225828,0.22283440213444464,0.03503142806135468,0.2220186297997285
1350,22.5,feeder2_963,0.0352764193449562,0.22305460933906354,0.03515930987591271,0.22224075790808723
1350,22.5,feeder2_973,0.03455149033612183,0.2221648325038866,0.03443192349956961,0.22134497687226398
1350,22.5,feeder2_1128,0.03505521824765484,0.22256829469229863,0.03493982596521656,0.2217457376813981
1350,22.5,feeder2_1113,0.03532059740239351,0.22311144368960192,0.0352075678945416,0.22229892538732388
1350,22.5,feeder2_1143,0.03596651746859095,0.22702662487985395,0.03585747747570434,0.22621683411109217
1350,22.5,feeder2_1238,0.03907988224849268,0.22693756100837104,0.03897835701886694,0.22614936718545797
1350,22.5,feeder2_979,0.03598850890809387,0.22219927522830296,0.035878824963398566,0.221403998243828
1350,22.5,feeder2_1236,0.033734561561844505,0.2215917149618362,0.03361823977276894,0.22075968343102753
1350,22.5,feeder2_989,0.034550956090906096,0.22216162091031663,0.034435913814041444,0.22133992759908908
1350,22.5,feeder2_1196,0.03651762109807032,0.22200316300545536,0.036397230727033915,0.2212074783748683
1350,22.5,feeder2_1158,0.03412662774313689,0.22178352720812586,0.034011574283129876,0.22096317074808103
1350,22.5,feeder2_1122,0.042475385067803975,0.24603338541873054,0.04236239769860852,0.24525687386263065
1350,22.5,feeder2_1258,0.040307632217093624,0.2372514000597701,0.04019592553943088,0.23648165498274146
1350,22.5,feeder2_1303,0.04255540812634408,0.24613972288654876,0.042447652753320325,0.24535943813503674
1350,22.5,feeder2_1138,0.04376800025126583,0.25259905213758754,0.043656338463216295,0.251814287551973
1350,22.5,feeder2_1304,0.04458671472883262,0.25238111688015813,0.04447406680644752,0.2515964366880713
1350,22.5,feeder2_1212,0.046516958207963616,0.26662004531854544,0.04640458435961728,0.2658284564328716
1350,22.5,feeder2_1311,0.04813806398292128,0.26972654295740145,0.04803696693910395,0.26893514766802146
1350,22.5,feeder2_1290,0.049430441536323304,0.2815994115434697,0.04931742719241557,0.2807982456231979
1350,22.5,feeder2_1325,0.03303259146049336,0.2212872520435855,0.032911886749211174,0.22044065596467785
1350,22.5,feeder2_1248,0.03372718720896306,0.22159070963061575,0.033609794222153155,0.22075852514561756
1350,22.5,feeder2_1249,0.039624535685160646,0.22772253782491003,0.03952755141635161,0.22693318046758632
1350,22.5,feeder2_1250,0.04007271654285159,0.22836519277517658,0.03997752157687658,0.2275738605960269
1350,22.5,feeder2_1366,0.03198838763550121,0.22147132007503392,0.03186769519192914,0.22064711111980725
1350,22.5,feeder2_1266,0.040244456514097984,0.23719197255106608,0.040138329833477156,0.2364201959070689
1350,22.5,feeder2_1372,0.055148299917698776,0.2906364335834364,0.055049332006025783,0.2898432714522845
1350,22.5,feeder2_1363,0.04996687252677366,0.2859864652995082,0.04984765730099587,0.2851697515282059
1350,22.5,feeder2_1446,0.03292914521659756,0.2221319573037421,0.032816151022291684,0.22128051842865143
1350,22.5,feeder2_1502,0.03215519389942025,0.2198840839936774,0.03203666531819533,0.21901810483357453
1350,22.5,feeder2_1428,0.050237695425332754,0.28598043210066487,0.05011793274868204,0.28516236129123607
1350,22.5,feeder2_1380,0.050744299460206574,0.2921241701953682,0.05062208418213361,0.29129107441661484
1350,22.5,feeder2_1550,0.052073113899778624,0.2946847668818873,0.05195695254083496,0.29385199861331074
1350,22.5,feeder2_1386,0.05090987869302837,0.2942560696248336,0.05078252200494738,0.2934140338995939
1350,22.5,feeder2_1551,0.0509844345773599,0.29429525632141346,0.05086197424889753,0.2934509478818988
1350,22.5,feeder2_1400,0.051002800599808544,0.29534533343776626,0.050880385815002774,0.29449537149294386
1350,22.5,feeder2_1552,0.051330432264150565,0.2954915108641805,0.05120567977216285,0.2946428058569828
1350,22.5,feeder2_1408,0.051221613182901714,0.2976617824007951,0.051096208756119386,0.29680439233363554
1350,22.5,feeder2_1553,0.06324071035633339,0.3000112162714357,0.06309744863622459,0.299143876031228
1350,22.5,feeder2_1416,0.05122035989209543,0.2981668796773827,0.05109656356475066,0.29731024489926
1350,22.5,feeder2_1530,0.05045426726840595,0.30351020247375976,0.05033913939515759,0.3026544247042747
1350,22.5,feeder2_1425,0.05102814369944837,0.29634598786089317,0.05089783109446347,0.29549171028903826
1350,22.5,feeder2_1589,0.053003999505917054,0.2949324450392039,0.052878137641627326,0.2940745990884626
1350,22.5,feeder2_1435,0.05095457360735491,0.296102114402176,0.05082572617278665,0.2952456456553015
1350,22.5,feeder2_1621,0.04754309239658803,0.2930009767451709,0.04741092949453766,0.2921494046424902
1350,22.5,feeder2_1564,0.05098085619818575,0.2969508709260967,0.05085661053308249,0.2960904273408073
1350,22.5,feeder2_1704,0.029285665701681653,0.2185618397801852,0.029162768904883268,0.2177032700873192
1350,22.5,feeder2_1525,0.03214391672412689,0.22012345022922603,0.03202458529904228,0.21925368330620343
1350,22.5,feeder2_1716,0.030006366238032375,0.22056070244195466,0.02987274388375352,0.21969797132245505
1350,22.5,feeder2_1537,0.032226635836326206,0.2203698634215876,0.032107417549291375,0.2194890424821561
1350,22.5,feeder2_1645,0.032229784103623524,0.22037153346523355,0.032109776925231495,0.21949042609645833
1350,22.5,feeder2_1561,0.032326897711214955,0.22064279115867222,0.03220428958364613,0.21975255523154413
1350,22.5,feeder2_1657,0.03249864763542539,0.2217856919627804,0.03238132147753544,0.22089156438590643
1350,22.5,feeder2_1570,0.032332332119581,0.2204744786803893,0.03220936567999882,0.2195794965657436
1350,22.5,feeder2_1756,0.03647628717326325,0.22673383569150304,0.03637211038416145,0.22584316065025092
1350,22.5,feeder2_1588,0.03225786839824033,0.21992606880334434,0.03213463377010846,0.2190251538779782
1350,22.5,feeder2_1628,0.032729765805652976,0.22062639028285636,0.03260831543522694,0.21972713250916265
1350,22.5,feeder2_1598,0.03212229947751278,0.21903739454882057,0.03199721739351855,0.2181297435254503
1350,22.5,feeder2_1816,0.03177924201938188,0.21872977132601654,0.03165702233836432,0.21782323678843962
1350,22.5,feeder2_1765,0.028336174599929435,0.21622087377320795,0.028213672710860224,0.2153242286580216
1350,22.5,feeder2_1641,0.03176189467450922,0.2162067440283776,0.03162679682053901,0.21527055993070346
1350,22.5,feeder2_1689,0.031425884435879126,0.21366035137814718,0.031290749286156404,0.21269584701742936
1350,22.5,feeder2_1744,0.03183872981295409,0.21630810339453563,0.03171090057955043,0.21537030331920914
1350,22.5,feeder2_1817,0.031618875525650784,0.21243304892446221,0.031481438033940025,0.21146305517454286
1350,22.5,feeder2_1779,0.029650940577652093,0.21230186664201695,0.029519037627565664,0.21133918649698966
1350,22.5,feeder2_1800,0.03263310833234355,0.21292517976808084,0.032482237198464825,0.2119452958432215
1350,22.5,feeder2_1818,0.03075901849801936,0.21309030589479303,0.030574153717018746,0.21208485269256272
1350,22.5,feeder2_1753,0.031970342458250894,0.21647276881540797,0.03184477961636213,0.2155314244916907
1350,22.5,feeder2_1754,0.03186332726453365,0.2163423661059232,0.03173106554934917,0.2154051451315977
1380,23.0,secondary,0.03671525030844258,0.026804483444295434,0.0367001706176681,0.026785433378785053
1380,23.0,feeder2_44,0.06834728783355694,0.13984316163185287,0.06832977643821406,0.13975539154999642
1380,23.0,feeder2_45,0.0695509341865548,0.14426339069381494,0.06952730633914815,0.14417549099313315
1380,23.0,feeder2_46,0.0676321352968469,0.13948407772294685,0.06761235354714136,0.13939633226040893
1380,23.0,feeder2_51,0.0716326505931824,0.15184624716266443,0.07161200962865724,0.15175401036389757
1380,23.0,feeder2_48,0.0696446381414277,0.14491173256924322,0.06961856414135413,0.14482299497614176
1380,23.0,feeder2_52,0.09608855224264816,0.1365564501145487,0.09607600108588088,0.1364837855484272
1380,23.0,feeder2_68,0.07677540387600316,0.17876301973218234,0.07675408834247201,0.17865127819414178
1380,23.0,feeder2_69,0.07660423195410862,0.17867274413024545,0.07657873465588014,0.1785613135693465
1380,23.0,feeder2_71,0.0774743064874217,0.18234589404545948,0.07745386825522362,0.18222951677302857
1380,23.0,feeder2_72,0.0775403808987286,0.1825994067338558,0.0775159797957111,0.18248700391698083
1380,23.0,feeder2_73,0.07967801988839829,0.1935412903265382,0.07965142979303055,0.19341688607533788
1380,23.0,feeder2_74,0.08487569742667737,0.18911148866592342,0.08484815086658469,0.18899084445332087
1380,23.0,feeder2_77,0.08153181173187836,0.20376595163456226,0.08150758233704902,0.20363563886132804
1380,23.0,feeder2_79,0.08054609051762447,0.20479641061314588,0.08051915900532715,0.20466331265334725
1380,23.0,feeder2_81,0.0846848948408897,0.2196882185150945,0.08465912388863177,0.21954389320115378
1380,23.0,feeder2_82,0.08484021565656776,0.2202915003522738,0.08481675837576222,0.22014873182675287
1380,23.0,feeder2_116,0.09947743413223638,0.2908275426533956,0.09944464574801487,0.2906401476575425
1380,23.0,feeder2_119,0.10233419838900756,0.2876686138337845,0.1023006959020008,0.28747937538773954
1380,23.0,feeder2_120,0.10500194040879168,0.3189397151284746,0.10496061312485101,0.3187320556221072
1380,23.0,feeder2_248,0.10527612249982066,0.3186092565704566,0.10523307428776031,0.3184011602176693
1380,23.0,feeder2_124,0.10845918776798116,0.33637889702481666,0.10842382115451203,0.33615958355145004
1380,23.0,feeder2_282,0.10853427402657988,0.3365335651350851,0.10849786181760666,0.3363171651749577
1380,23.0,feeder2_275,0.11349695809884806,0.33099342298657153,0.11345895311518027,0.3307749938097316
1380,23.0,feeder2_151,0.11404988827625893,0.3701726685739547,0.11401001140183263,0.3699354312336999
1380,23.0,feeder2_295,0.11394954972661553,0.3701342785483374,0.11390814481910284,0.36989674751607554
1380,23.0,feeder2_311,0.11152095267618067,0.3693063907637593,0.1114825672618741,0.36906798949881836
1380,23.0,feeder2_201,0.1242435908437223,0.42790788725874873,0.12419481207917674,0.4276398949079948
1380,23.0,feeder2_314,0.12454264112889092,0.4284660344263543,0.12449452618517803,0.42819914036921186
1380,23.0,feeder2_342,0.138947477280852,0.5087404870546484,0.13889522269466295,0.5084288072801486
1380,23.0,feeder2_368,0.138117463177057,0.5119424808955392,0.1380647474491009,0.5116272470159843
1380,23.0,feeder2_347,0.14701489321227265,0.5427711665342762,0.14696245212100087,0.5424446775255766
1380,23.0,feeder2_353,0.15083318540961085,0.558568662675448,0.15077296571991436,0.5582332357394352
1380,23.0,feeder2_518,0.1475933656130066,0.5449623615504208,0.1475361576739992,0.5446390690754337
1380,23.0,feeder2_365,0.15509437007462415,0.5766647534565524,0.15503019725307732,0.5763190225781667
1380,23.0,feeder2_653,0.15150474805802977,0.5574210125706817,0.15144987230717732,0.5570844912300223
1380,23.0,feeder2_377,0.1575942147706825,0.5861135275583468,0.15752885077798806,0.5857636702148987
1380,23.0,feeder2_622,0.1526503361469672,0.578492136055025,0.15258636023325634,0.5781458509406189
1380,23.0,feeder2_451,0.13869080321632773,0.5127104836234267,0.1386328046016812,0.512394423660467
1380,23.0,feeder2_383,0.13664905101549985,0.5167330434702494,0.13659183471525038,0.5164146384514716
1380,23.0,feeder2_385,0.1604800559455471,0.5970313611312877,0.16041785718449547,0.5966749306268753
1380,23.0,feeder2_621,0.15748970975556342,0.5860710705572382,0.15742621232930243,0.5857177163902525
1380,23.0,feeder2_611,0.1367308308963822,0.5165729326979475,0.13667715728689,0.5162544108837351
1380,23.0,feeder2_405,0.13655846838022712,0.5170493473953301,0.13650708013054996,0.5167316822699384
1380,23.0,feeder2_461,0.17221859885732285,0.6418518147909714,0.17215288357831826,0.6414742933559368
1380,23.0,feeder2_594,0.16060555110108204,0.5968165523749309,0.1605470010034588,0.5964614841334376
1380,23.0,feeder2_732,0.13668813342426325,0.5167981742575248,0.13663522909435855,0.5164791869882803
1380,23.0,feeder2_417,0.13588057538336842,0.5195178567965859,0.13582467133040507,0.5191971571100042
1380,23.0,feeder2_663,0.13492261241625642,0.5202946796396372,0.13486462707974434,0.5199704253331074
1380,23.0,feeder2_444,0.13547613496302935,0.5212246768359176,0.1354201846774688,0.520904569660238
1380,23.0,feeder2_759,0.14974368364079788,0.5432141043548955,0.1496829901301794,0.5428945526319763
1380,23.0,feeder2_842,0.1293223095402622,0.5200466204565952,0.12926624035712592,0.5197248881822394
1380,23.0,feeder2_459,0.1350995920117575,0.5205093779181263,0.13504517820348674,0.520186472238082
1380,23.0,feeder2_702,0.13563433507376707,0.5213129967810032,0.13557854827837987,0.5209908228391166
1380,23.0,feeder2_493,0.13359321264066104,0.5175056379772345,0.13354244927262718,0.517181846189896
1380,23.0,feeder2_651,0.1720161914338864,0.6417762477388173,0.17195020124956206,0.6413968802572161
1380,23.0,feeder2_684,0.18181376307466582,0.6785812515023846,0.18174433429808784,0.6781869744588551
1380,23.0,feeder2_674,0.13419199643978091,0.5165031305804826,0.1341384892186774,0.5161790902799236
1380,23.0,feeder2_696,0.12894859011983603,0.5133784587198184,0.12889034328625174,0.5130464039625567
1380,23.0,feeder2_681,0.13479281657977746,0.5158420178204415,0.13474146626915956,0.5155195249176175
1380,23.0,feeder2_682,0.13582721652624893,0.5133665809390936,0.13576869921466717,0.5130423159128935
1380,23.0,feeder2_728,0.1818772591191758,0.6795663480176211,0.18181295901911826,0.6791713240824194
1380,23.0,feeder2_724,0.19138498446871766,0.7140293160453594,0.19131115520593303,0.7136134124043456
1380,23.0,feeder2_703,0.12618448941588525,0.5128726990177508,0.1261311957180991,0.5125408265837277
1380,23.0,feeder2_704,0.12307643150217065,0.5127375171455306,0.12302079490420167,0.5124066577787227
1380,23.0,feeder2_754,0.19155838371668749,0.7143190224038443,0.19148621701138616,0.7139031246756794
1380,23.0,feeder2_747,0.19526244474689572,0.7283797948551918,0.1951915250888033,0.7279593323234825
1380,23.0,feeder2_828,0.18189437245985202,0.6795349682842191,0.18182911562512666,0.6791380947699538
1380,23.0,feeder2_763,0.18197270732583212,0.6810627321345047,0.1819030301996563,0.6806645235214475
1380,23.0,feeder2_836,0.18973947361507248,0.7275304308369871,0.18966554339025285,0.7271043670374221
1380,23.0,feeder2_758,0.1990876645808502,0.7413891042331004,0.19901136222580212,0.740958588845229
1380,23.0,feeder2_788,0.19930695499564202,0.7417630418417008,0.1992300822640839,0.7413330896039673
1380,23.0,feeder2_812,0.21076305156232622,0.7811872344659061,0.2106898005561763,0.7807434143031988
1380,23.0,feeder2_947,0.18350001709815636,0.6861756466778886,0.18342660284300855,0.6857809222651357
1380,23.0,feeder2_868,0.18210245436242933,0.6812782103514692,0.1820331404918199,0.6808820817523854
1380,23.0,feeder2_785,0.18180467616549412,0.680681223825786,0.1817341729924214,0.6802826515270493
1380,23.0,feeder2_1176,0.1783393929443948,0.6793017656665967,0.17827167119874326,0.6789047156723625
1380,23.0,feeder2_846,0.18189909546304928,0.6805163071599587,0.18183028874613316,0.6801202644702072
1380,23.0,feeder2_911,0.1818297433640458,0.6807866476028278,0.18175588283503372,0.6803896255024153
1380,23.0,feeder2_1107,0.2103840681735009,0.7748803281512144,0.21030351763878524,0.774443136520334
1380,23.0,feeder2_920,0.21414363346673915,0.7941725283533281,0.21406573352754807,0.7937236198570823
1380,23.0,feeder2_926,0.21921005785520772,0.8138196394515965,0.21913518024685633,0.813356373776041
1380,23.0,feeder2_1239,0.21411461800367543,0.793820585575114,0.21403877180599767,0.7933697638017151
1380,23.0,feeder2_933,0.2214347445426031,0.8223327875660211,0.22135526753175425,0.8218642329077149
1380,23.0,feeder2_1146,0.21930400191645721,0.8146908668543014,0.21922577284253753,0.8142321614756393
1380,23.0,feeder2_1124,0.2210402718649943,0.822040000176584,0.22096178702141916,0.8215750987892753
1380,23.0,feeder2_942,0.22711969232961557,0.844185846848921,0.2270358286544175,0.8437071611444007
1380,23.0,feeder2_952,0.22826163053740545,0.8414458458103463,0.22817612836899043,0.8409525345665414
1380,23.0,feeder2_965,0.22806074827062098,0.8487260789203144,0.22798291903818563,0.8482498433573864
1380,23.0,feeder2_961,0.22833018734577082,0.8408375038606487,0.22825216847193025,0.8403411382351648
1380,23.0,feeder2_963,0.22827342825245872,0.8415130448660231,0.22819267972647067,0.8410192802827979
1380,23.0,feeder2_973,0.2287529054736182,0.8386049493011354,0.2286698661209269,0.8380967351648436
1380,23.0,feeder2_1128,0.22823126419163875,0.8391244874567234,0.2281499957043486,0.8386312139125052
1380,23.0,feeder2_1113,0.22816838831632613,0.8418434195684034,0.22808128256693272,0.8413493039989567
1380,23.0,feeder2_1143,0.228975096450943,0.8450897790228094,0.22889390387273598,0.8445945911800692
1380,23.0,feeder2_1238,0.2788118539136906,0.924813150932636,0.27871613931330175,0.9243374442584514
1380,23.0,feeder2_979,0.22808263999912237,0.8484238253428709,0.22800352978972946,0.8479468384403426
1380,23.0,feeder2_1236,0.22940351507077045,0.8353895588916644,0.22931855986116878,0.8348637283980366
1380,23.0,feeder2_989,0.2287527399419145,0.8386041796886673,0.22866876951038723,0.8380947325839053
1380,23.0,feeder2_1196,0.22914244033204106,0.8471081574781306,0.22905791787314828,0.8466314741221537
1380,23.0,feeder2_1158,0.2286150642604789,0.8385201592696694,0.22852848176665982,0.8380147768331885
1380,23.0,feeder2_1122,0.21058535436097778,0.772042604500224,0.21050801823446672,0.7716074875180166
1380,23.0,feeder2_1258,0.20892057862453586,0.7756643388152917,0.20884641743127352,0.7752234577060094
1380,23.0,feeder2_1303,0.21020044861447645,0.7729783877183347,0.21012913202330474,0.7725439124102758
1380,23.0,feeder2_1138,0.21071426902164414,0.7694897746552566,0.2106388302548205,0.7690588107007635
1380,23.0,feeder2_1304,0.21246425789949835,0.7674350399362094,0.2123887270245046,0.767001340796692
1380,23.0,feeder2_1212,0.21086364424204646,0.7658112002612076,0.21078539873525373,0.7653853494270408
1380,23.0,feeder2_1311,0.21053081718066818,0.7667574435667718,0.21045312628112472,0.7663312712896114
1380,23.0,feeder2_1290,0.2109866714316751,0.7606195576001344,0.21091649657281175,0.7601993318666678
1380,23.0,feeder2_1325,0.2304758336097881,0.8314687663229058,0.23038563661578396,0.8309234642521139
1380,23.0,feeder2_1248,0.2293988449087215,0.8353880013467118,0.22931451737318442,0.8348624875512715
1380,23.0,feeder2_1249,0.295326536145281,0.9470098413417489,0.295226720675516,0.9465337493375491
1380,23.0,feeder2_1250,0.2788589578309618,0.9248745858974025,0.2787659919589797,0.9243982041063359
1380,23.0,feeder2_1366,0.2283354058034362,0.8350691034149628,0.22825278287944575,0.8345455579342653
1380,23.0,feeder2_1266,0.2083179465413062,0.7760628636111551,0.20824009581692218,0.7756245200405332
1380,23.0,feeder2_1372,0.21171941925271714,0.7630296441225912,0.2116411761772411,0.7626091835587657
1380,23.0,feeder2_1363,0.21058923385379227,0.7517856379901757,0.2105110801940347,0.7513693549648395
1380,23.0,feeder2_1446,0.23057709447385044,0.831637362992076,0.2304844767931996,0.831094248611381
1380,23.0,feeder2_1502,0.23164124792941906,0.8269137963817872,0.23155146801578558,0.8263454658078727
1380,23.0,feeder2_1428,0.21206766674853214,0.7501900678503612,0.21199169055775252,0.7497730543450759
1380,23.0,feeder2_1380,0.20981970870997518,0.7438427902365333,0.20974410199893467,0.7434347675613423
1380,23.0,feeder2_1550,0.20918789727563783,0.7450373887137951,0.20911487961357048,0.7446292673313105
1380,23.0,feeder2_1386,0.20942067573363454,0.7394035991862244,0.20934739661527174,0.7389992437126912
1380,23.0,feeder2_1551,0.2097352043169067,0.7390494729230884,0.20966206682864164,0.7386462676673944
1380,23.0,feeder2_1400,0.20923879161675904,0.7373836081160575,0.2091650778632692,0.7369786648169784
1380,23.0,feeder2_1552,0.20930195346832853,0.7373109614219349,0.2092310893177216,0.736908353860417
1380,23.0,feeder2_1408,0.20887587791407902,0.7332694129691317,0.20880347718184386,0.7328693485005775
1380,23.0,feeder2_1553,0.21729747611275457,0.7249310023852229,0.21723185218192587,0.7245412779489946
1380,23.0,feeder2_1416,0.20872868070216402,0.7327498633197306,0.20865775075537923,0.7323504622927848
1380,23.0,feeder2_1530,0.20886774644270958,0.7330055569178544,0.20879476044012585,0.7326035254548247
1380,23.0,feeder2_1425,0.2084228207344541,0.7316275309318538,0.2083530852252403,0.7312276674256799
1380,23.0,feeder2_1589,0.2085357909532328,0.7315056430397571,0.20846145054692652,0.7311044228052215
1380,23.0,feeder2_1435,0.20836151174357595,0.7314115034091783,0.20828719820656763,0.7310111997167962
1380,23.0,feeder2_1621,0.2051032009555598,0.7295412332635807,0.2050310112147467,0.7291371208187377
1380,23.0,feeder2_1564,0.20828773480408722,0.7312694407484788,0.20821833234177617,0.7308677443145005
1380,23.0,feeder2_1704,0.231352796808616,0.8267980779068151,0.23125894993884782,0.826229645518501
1380,23.0,feeder2_1525,0.23195982657200687,0.8258071888067819,0.23186744034909265,0.825232773266194
1380,23.0,feeder2_1716,0.2317590908877937,0.8257125060507113,0.23166594064056778,0.8251351201246606
1380,23.0,feeder2_1537,0.23232160142815478,0.8245918980780478,0.23222667191439614,0.8240071111001587
1380,23.0,feeder2_1645,0.2323326211382696,0.8245526418093566,0.23223937500507882,0.8239694389574632
1380,23.0,feeder2_1561,0.23273708097710782,0.8232390383530162,0.23264797982600985,0.822649399291113
1380,23.0,feeder2_1657,0.2328266579675445,0.8233875841374345,0.23273711759718305,0.8228003527283392
1380,23.0,feeder2_1570,0.23290941352553138,0.8226214722982974,0.23281472250924348,0.8220272398504933
1380,23.0,feeder2_1756,0.23234217184850783,0.8241905854755738,0.2322503996240529,0.8235972402926302
1380,23.0,feeder2_1588,0.23305813568452893,0.8219324318288858,0.23296333212623876,0.8213351599909493
1380,23.0,feeder2_1628,0.2335496548361226,0.8227313368029142,0.23345877937545387,0.8221342477017968
1380,23.0,feeder2_1598,0.23320097655261207,0.8208341712397104,0.23311056251519743,0.8202322677361996
1380,23.0,feeder2_1816,0.23284986023969523,0.8206408530667179,0.23275396671227502,0.8200380528971938
1380,23.0,feeder2_1765,0.22892194883027867,0.8190692144984126,0.22882655950959585,0.8184626167677208
1380,23.0,feeder2_1641,0.23425488689613477,0.8165374112960144,0.23415923405755634,0.8159144736780213
1380,23.0,feeder2_1689,0.2350732548710995,0.8121591864167351,0.2349796539356495,0.8115196757962014
1380,23.0,feeder2_1744,0.23411513608981843,0.8169587668373713,0.23402435465953836,0.8163364902039028
1380,23.0,feeder2_1817,0.23506968554696464,0.8121144256122376,0.23497451434217534,0.8114734154610229
1380,23.0,feeder2_1779,0.23426136000022282,0.812855634010504,0.23416923325151875,0.8122129421578644
1380,23.0,feeder2_1800,0.23625196869860154,0.8101429820895687,0.23615724878719976,0.8095027978440074
1380,23.0,feeder2_1818,0.24864719779623037,0.8019245055632765,0.24855007317178715,0.801246836568944
1380,23.0,feeder2_1753,0.23357824519547135,0.818134284470599,0.23348294998442304,0.8175131758947616
1380,23.0,feeder2_1754,0.2341381279658623,0.8169953167774527,0.23404346291318417,0.8163731494646158
1410,23.5,secondary,0.022697741081569068,0.017809048644130288,0.022685147292908946,0.017776851428602015
1410,23.5,feeder2_44,0.04223299929869381,0.09286862328750635,0.0422151591697787,0.09271459780956211
1410,23.5,feeder2_45,0.042952613939696856,0.0957583813100864,0.04293198333221202,0.0956007123077077
1410,23.5,feeder2_46,0.04293877508928944,0.09299957509774673,0.04292130964769224,0.09284769991883483
1410,23.5,feeder2_51,0.04421882812611347,0.10087663546088635,0.04420060451565086,0.10071103318202601
1410,23.5,feeder2_48,0.04288607260372841,0.095151717410967,0.04286795190195491,0.09499581803337631
1410,23.5,feeder2_52,0.040400192307269885,0.10506014227826596,0.04036903932502167,0.10489045442564102
1410,23.5,feeder2_68,0.047936903529490274,0.11396817380939642,0.04791754215694486,0.11378229825803582
1410,23.5,feeder2_69,0.04810480203279127,0.11401814768438553,0.048081019615225914,0.11383029948168462
1410,23.5,feeder2_71,0.04842824701472157,0.11570460105797525,0.0484086653587218,0.11551278221770633
1410,23.5,feeder2_72,0.04838018655391446,0.11546100643416918,0.048361782354821144,0.11526934627857366
1410,23.5,feeder2_73,0.04997141020387676,0.12117580882426145,0.04994941891360211,0.12097678742089503
1410,23.5,feeder2_74,0.04482207852722926,0.1267929862042241,0.04479600262819582,0.12659044710454773
1410,23.5,feeder2_77,0.05137600014607326,0.12512048349670968,0.05135034113462258,0.12491125752911421
1410,23.5,feeder2_79,0.0517327597150293,0.12521564418322859,0.05170780783453771,0.12500697439191258
1410,23.5,feeder2_81,0.05356359653961284,0.13135215956198343,0.05353960878602015,0.13113132263410723
1410,23.5,feeder2_82,0.05348606955250334,0.13076799116069854,0.05346029096560522,0.13054735177527857
1410,23.5,feeder2_116,0.06345571813535002,0.160482941322836,0.06343274507526107,0.16021558492150734
1410,23.5,feeder2_119,0.06149088190517084,0.16233819830680632,0.06146411266434165,0.16206678428343674
1410,23.5,feeder2_120,0.06721644741704877,0.17060021995390356,0.0671949348175115,0.17031550982963536
1410,23.5,feeder2_248,0.06684634194040273,0.17091997652085794,0.06681618483659799,0.17063480798278174
1410,23.5,feeder2_124,0.06954294031049513,0.17677480387245376,0.06951417805500118,0.17648266015730069
1410,23.5,feeder2_282,0.06950874916121014,0.17662090629046762,0.06947811208216996,0.17632452502038692
1410,23.5,feeder2_275,0.06831460768541141,0.1780706871792121,0.06828381848220602,0.17777515180659892
1410,23.5,feeder2_151,0.07376765619982723,0.18689279006530798,0.07373874079594891,0.18657944913652658
1410,23.5,feeder2_295,0.07386402605320157,0.1869407908339365,0.07383305248211425,0.18663069015359496
1410,23.5,feeder2_311,0.07593266861899206,0.18794843170135128,0.07590403553506923,0.187641039170832
1410,23.5,feeder2_201,0.08018284179629148,0.20235047231694578,0.0801559361908366,0.2020081113920239
1410,23.5,feeder2_314,0.08157355221909462,0.2003279933143515,0.0815443856896537,0.1999830185865947
1410,23.5,feeder2_342,0.08930062507148379,0.22921071471693352,0.08926947433088665,0.22883327180640461
1410,23.5,feeder2_368,0.09308039329515196,0.23580787002422696,0.09305137864786393,0.23544492956631205
1410,23.5,feeder2_347,0.08857357054772458,0.2311411796204243,0.08853645520865856,0.23071662226698358
1410,23.5,feeder2_353,0.08843397552911723,0.23401212330983492,0.08840351474495121,0.2335615385544569
1410,23.5,feeder2_518,0.08809607965426097,0.2282852431508445,0.08806323281651442,0.22785810984189692
1410,23.5,feeder2_365,0.08834164068858451,0.2370325700024612,0.08830135152859259,0.2365565313594426
1410,23.5,feeder2_653,0.08733942146020342,0.23496798949856917,0.08730175992453289,0.23451552896555394
1410,23.5,feeder2_377,0.08819214721631455,0.2389157587620227,0.08815260634498959,0.23842604673301127
1410,23.5,feeder2_622,0.08950835973305463,0.23636978092262112,0.08947116384341376,0.23589931535510836
1410,23.5,feeder2_451,0.09398356706520919,0.23373005618312812,0.09395270167004563,0.23336588837969385
1410,23.5,feeder2_383,0.09916715936859385,0.24935049763878986,0.09913278558469733,0.2490129740676089
1410,23.5,feeder2_385,0.08801615935866491,0.2411828412870101,0.08797708918012165,0.24067660273843264
1410,23.5,feeder2_621,0.08829568734535545,0.23895862793409298,0.0882585411941861,0.23846779798857584
1410,23.5,feeder2_611,0.09900357677426264,0.24944311878247133,0.09897371287270859,0.24910587879540025
1410,23.5,feeder2_405,0.0995493495805383,0.2502361875936063,0.09952110427268399,0.24990035225624666
1410,23.5,feeder2_461,0.08737237958451027,0.2512065062197034,0.08733419686813754,0.2506380155058971
1410,23.5,feeder2_594,0.08778752613809271,0.24140545481809525,0.08774371540647366,0.24089788428663145
1410,23.5,feeder2_732,0.09929343946083749,0.2503817055365808,0.09925706676804658,0.2500472404240342
1410,23.5,feeder2_417,0.1024392032313528,0.25703716452391123,0.10241085960288487,0.2567130233046437
1410,23.5,feeder2_663,0.10259209496861381,0.2571586558381282,0.10255585827899374,0.256838092320808
1410,23.5,feeder2_444,0.10462277430224676,0.2623397731109012,0.1045902275625356,0.26202685588203195
1410,23.5,feeder2_759,0.10386714299251328,0.2584204994916104,0.1038395266768385,0.25810706647622766
1410,23.5,feeder2_842,0.13170430943085865,0.2815115544038257,0.1316616825676351,0.2812326550796383
1410,23.5,feeder2_459,0.10494560352202598,0.26329061202714327,0.10490794638103569,0.26297874398724197
1410,23.5,feeder2_702,0.10458530957270554,0.26158988544455486,0.10454807937634233,0.26127844401744293
1410,23.5,feeder2_493,0.10627053770057462,0.26757593626607235,0.10624142908134825,0.2672670549474015
1410,23.5,feeder2_651,0.08756973155400422,0.2512550527281139,0.08752402439242075,0.2506854713056411
1410,23.5,feeder2_684,0.08684581558668379,0.26055537631801623,0.08679288189985482,0.2599337944264108
1410,23.5,feeder2_674,0.10551667278106017,0.2679431608303087,0.10548090916226083,0.2676311799928452
1410,23.5,feeder2_696,0.11073026027493646,0.27904096260204325,0.11069739965686173,0.27874878064144487
1410,23.5,feeder2_681,0.10545904849293247,0.2679631503823129,0.10542124557806694,0.2676523093033504
1410,23.5,feeder2_682,0.1025306259527936,0.2694684518655228,0.10249771835687128,0.26915076276559785
1410,23.5,feeder2_728,0.08684366528203134,0.25900179111386656,0.08679501777129049,0.2583806342958135
1410,23.5,feeder2_724,0.0865924614307897,0.2746872750325891,0.08653401161860802,0.27401899141817193
1410,23.5,feeder2_703,0.11482480287949982,0.2820530838916458,0.11478674542584097,0.2817677586114605
1410,23.5,feeder2_704,0.11513250412810015,0.28227484948672216,0.11509841476407803,0.28198899637790203
1410,23.5,feeder2_754,0.0865018111320433,0.27442106150281,0.08644911142206073,0.27375541609093157
1410,23.5,feeder2_747,0.08654320202372849,0.2808280287144999,0.08648795018394762,0.2801410843194742
1410,23.5,feeder2_828,0.08680962519781452,0.25904234464664594,0.08675887825349607,0.2584207821050547
1410,23.5,feeder2_763,0.08685610464153574,0.256654978533862,0.08680916925911783,0.2560339361480805
1410,23.5,feeder2_836,0.09124168326577631,0.28118773786071966,0.09118194094410433,0.280501210717909
1410,23.5,feeder2_758,0.08607254865461646,0.285912380660959,0.08601209143671955,0.2852053822481012
1410,23.5,feeder2_788,0.08595140968727706,0.285577551850467,0.08589247877701646,0.28487056576416675
1410,23.5,feeder2_812,0.08481237416566122,0.30302231895015214,0.08474712261542887,0.30226644280365145
1410,23.5,feeder2_947,0.08548713454017438,0.25070234180297457,0.08544398844033221,0.25007851292482053
1410,23.5,feeder2_868,0.08679839949563913,0.25645275142285406,0.08674991256177984,0.25582869781826345
1410,23.5,feeder2_785,0.08709641151138148,0.25669639203860367,0.08705269101311157,0.25607531695674496
1410,23.5,feeder2_1176,0.09032256392050875,0.2574679620662398,0.09027664824312003,0.2568502073386692
1410,23.5,feeder2_846,0.0869178213641775,0.2569052206047167,0.08687158535290182,0.2562809699477119
1410,23.5,feeder2_911,0.08724755572934888,0.25608683711516816,0.08720234743482132,0.25546288078898843
1410,23.5,feeder2_1107,0.08342838299372012,0.3228780371416675,0.08335848489412154,0.3221187255269507
1410,23.5,feeder2_920,0.08488695390356717,0.3025932801956852,0.0848207386898928,0.3018254589059869
1410,23.5,feeder2_926,0.08500893512142381,0.3015064111551777,0.08494218205067394,0.30072069847259036
1410,23.5,feeder2_1239,0.08487432068923448,0.30317478516901936,0.08480645369721387,0.3024059258968678
1410,23.5,feeder2_933,0.08506873390709618,0.30107118808805844,0.08499678572656569,0.30027604791656076
1410,23.5,feeder2_1146,0.08498159088004587,0.3013644879324563,0.08492014502586222,0.3005810076495674
1410,23.5,feeder2_1124,0.08613678221236977,0.3002532114013501,0.0860690217139158,0.29946045660715076
1410,23.5,feeder2_942,0.08494387019707093,0.3006913762405681,0.0848786928704358,0.29988006015817037
1410,23.5,feeder2_952,0.08515046756855962,0.30152336556340764,0.0850789778112119,0.30068007348390496
1410,23.5,feeder2_965,0.08489319456367575,0.30052691665998493,0.08482687483459674,0.2997136779157568
1410,23.5,feeder2_961,0.08521964299241824,0.3018619924588353,0.08515262539588059,0.301017995780651
1410,23.5,feeder2_963,0.08514042158776454,0.30147120920926074,0.08507271386041232,0.3006280215628583
1410,23.5,feeder2_973,0.08563005269843152,0.30205357914830416,0.08556294036853333,0.30119153073209753
1410,23.5,feeder2_1128,0.08514888342741242,0.30466183921524825,0.085075698295946,0.30381345010594785
1410,23.5,feeder2_1113,0.08510861063825478,0.3014137996392775,0.08503630458070799,0.30057076223644935
1410,23.5,feeder2_1143,0.0844761826469695,0.29801845019141604,0.0844055123156358,0.2971727718319198
1410,23.5,feeder2_1238,0.08439745545651557,0.29654208245202346,0.08434100349423958,0.2957291760966285
1410,23.5,feeder2_979,0.08489048102429667,0.30067652647454157,0.08482548331652036,0.2998634833154003
1410,23.5,feeder2_1236,0.0862195491963115,0.30233078710626365,0.08614773732253993,0.3014434494876987
1410,23.5,feeder2_989,0.0856302664048418,0.302053798026157,0.08556294036853333,0.30119153073209753
1410,23.5,feeder2_1196,0.08448283160945128,0.3013365034523507,0.08441246746595452,0.3005217371410575
1410,23.5,feeder2_1158,0.08577595868055073,0.3020678629588919,0.08570758838396998,0.3012093933571186
1410,23.5,feeder2_1122,0.08280204790052444,0.3310331227332436,0.08273284708109381,0.330272009562501
1410,23.5,feeder2_1258,0.08399444619890789,0.3224037311925521,0.0839279969623688,0.32164457343407077
1410,23.5,feeder2_1303,0.08273453687354579,0.3309198995199634,0.0826667303829102,0.3301613655144498
1410,23.5,feeder2_1138,0.08233384596358656,0.33753908046999226,0.0822640576381003,0.3367793677023662
1410,23.5,feeder2_1304,0.08136256191948846,0.3392886435195634,0.08128986522011425,0.33852921920348367
1410,23.5,feeder2_1212,0.08139174388974948,0.35003868782833664,0.0813202899288906,0.3492759842947689
1410,23.5,feeder2_1311,0.08267956197399032,0.34992736504573424,0.08261087334467627,0.34916236550102225
1410,23.5,feeder2_1290,0.08037228948164253,0.3659045938691046,0.08029807549920394,0.3651409073563991
1410,23.5,feeder2_1325,0.08673482842816241,0.30300738317442694,0.08666405086155718,0.30208929708074606
1410,23.5,feeder2_1248,0.08622571451976672,0.3023290437370525,0.08615365112526324,0.3014423518347386
1410,23.5,feeder2_1249,0.08433728093960816,0.29541509033642416,0.0842752602582112,0.29459851916927476
1410,23.5,feeder2_1250,0.08437616568863722,0.29649068563122694,0.08432237398705106,0.29567718496649975
1410,23.5,feeder2_1366,0.08766938166041872,0.30187295021363203,0.08760244049169857,0.3009902575994042
1410,23.5,feeder2_1266,0.08405912657908673,0.32241123519160947,0.0839900539383045,0.3216548286906031
1410,23.5,feeder2_1372,0.07930529913891847,0.36428140051096536,0.0792264753150352,0.36351522715666207
1410,23.5,feeder2_1363,0.07992865448023444,0.38538229337999264,0.07984760465559906,0.38461507551453067
1410,23.5,feeder2_1446,0.08667121408023473,0.3028701985559251,0.0865978120258243,0.3019543631586281
1410,23.5,feeder2_1502,0.08735080142768278,0.304043087985013,0.08727407696328222,0.3030855835595045
1410,23.5,feeder2_1428,0.07969864944283178,0.38587040955727875,0.07961775563139367,0.3851050837090419
1410,23.5,feeder2_1380,0.07958497241318038,0.4083165948678469,0.07949404710510002,0.40754712902974255
1410,23.5,feeder2_1550,0.07990699317973159,0.4083080221715923,0.07982327498113295,0.40754156324138563
1410,23.5,feeder2_1386,0.07952721227417449,0.4195755561186406,0.0794358346802069,0.41880737989547223
1410,23.5,feeder2_1551,0.07629048241606987,0.4233043243499416,0.07619259900283572,0.42253456371880604
1410,23.5,feeder2_1400,0.07961566101109266,0.4240467677595978,0.07952330293314697,0.42327985678630903
1410,23.5,feeder2_1552,0.07957107702840324,0.42423659746530656,0.07947451924633075,0.4234664624108501
1410,23.5,feeder2_1408,0.07982039803886806,0.43321503188306126,0.0797240099850139,0.4324485911175191
1410,23.5,feeder2_1553,0.07325922382257855,0.45168839519560117,0.07314870367426714,0.45092077230015826
1410,23.5,feeder2_1416,0.0798871604050709,0.43399504665719396,0.07979585113556897,0.4332284809674691
1410,23.5,feeder2_1530,0.07972829507251641,0.43378817145767823,0.07963428388940741,0.43301737801538576
1410,23.5,feeder2_1425,0.0800407659026595,0.4356027790610088,0.07994113644449453,0.4348344299738852
1410,23.5,feeder2_1589,0.07995445785970279,0.43583777658624984,0.0798627616081874,0.43507179124139694
1410,23.5,feeder2_1435,0.08007084791399093,0.43590585713615715,0.07997723010497698,0.4351404058941671
1410,23.5,feeder2_1621,0.08349209706899864,0.4357257958305975,0.08339691599663478,0.4349572385866485
1410,23.5,feeder2_1564,0.07980303118217215,0.4393502822008282,0.07971233822004346,0.4385860670536589
1410,23.5,feeder2_1704,0.0876396932893031,0.3040067584892042,0.08756661924805008,0.30305118584075424
1410,23.5,feeder2_1525,0.08748757227095727,0.3043276696389489,0.08740801926170375,0.30336069666202936
1410,23.5,feeder2_1716,0.08855753210403018,0.3025450264659205,0.08848045440736978,0.30158069674938004
1410,23.5,feeder2_1537,0.08758107580530032,0.3049128550122628,0.08750223236811552,0.30393490407112
1410,23.5,feeder2_1645,0.08657842281997052,0.3058492321515999,0.08650436614967484,0.304876389878655
1410,23.5,feeder2_1561,0.087789661114825,0.3050462973766539,0.08771492203660329,0.30405763644144795
1410,23.5,feeder2_1657,0.08773268276358717,0.304927294154326,0.08765816874100398,0.30393961583887436
1410,23.5,feeder2_1570,0.08788580662074705,0.30513987894820815,0.08781276586155166,0.3041471356633389
1410,23.5,feeder2_1756,0.09091358182844929,0.30531947273207566,0.09085056635489491,0.30432545277369993
1410,23.5,feeder2_1588,0.08797518500566072,0.3052561687805483,0.08789295925388074,0.30425516208007336
1410,23.5,feeder2_1628,0.08767638430169743,0.3046396490004846,0.08759641033543704,0.30363668873900646
1410,23.5,feeder2_1598,0.08812563615582351,0.3055935955683685,0.08805276912909289,0.304591279659382
1410,23.5,feeder2_1816,0.0884932410591716,0.30559657176448435,0.08841358639451327,0.3045921240952853
1410,23.5,feeder2_1765,0.09201468761582865,0.30520946782276887,0.09194023714058597,0.30420628637750297
1410,23.5,feeder2_1641,0.08849084445359204,0.3072977155946558,0.08841250524227948,0.3062639885505126
1410,23.5,feeder2_1689,0.08882281953246524,0.30894451332692113,0.0887405273269086,0.30787954434236914
1410,23.5,feeder2_1744,0.08888388746194703,0.3072818210326974,0.08880483354815588,0.30624617826242506
1410,23.5,feeder2_1817,0.08882207237412691,0.30902224235557635,0.08874350074130227,0.3079620694629686
1410,23.5,feeder2_1779,0.08915959858074071,0.30831756473861094,0.08907533921877424,0.3072546022710578
1410,23.5,feeder2_1800,0.08460909806389078,0.3139523493275533,0.0845239142444377,0.31288723699334897
1410,23.5,feeder2_1818,0.09336318572550496,0.30572491071507835,0.09327979435355581,0.30461446398003605
1410,23.5,feeder2_1753,0.08879661305211548,0.30712843681357604,0.08871842452251298,0.3060895540038438
1410,23.5,feeder2_1754,0.08917792081194734,0.3073056308817911,0.08909960789219099,0.30626995128368834
1440,24.0,secondary,0.019719540308835593,0.01963937324837088,0.019704478260871437,0.019640664125447158
1440,24.0,feeder2_44,0.036696978301753905,0.10242834183221798,0.03666606378123096,0.10242400725178138
1440,24.0,feeder2_45,0.03727116142457266,0.10591579537657685,0.03723756845729457,0.10590748162160413
1440,24.0,feeder2_46,0.03900324343293023,0.0989227699938627,0.038972894322075846,0.09891355285624664
1440,24.0,feeder2_51,0.03828809044868543,0.11204705865444006,0.038254740998171596,0.11203847801702276
1440,24.0,feeder2_48,0.03702578109302397,0.10549256349757527,0.036993803178247506,0.10548942324288971
1440,24.0,feeder2_52,0.032816515279512064,0.11969109411357128,0.03278767314465536,0.11968087905854712
1440,24.0,feeder2_68,0.04137816578990912,0.12645438118984192,0.041335125196416,0.12644579054477853
1440,24.0,feeder2_69,0.041554821207255774,0.12640671840943232,0.04151562152167234,0.12639976167293637
1440,24.0,feeder2_71,0.04178579574706205,0.12836452929912465,0.04174636129145637,0.1283535198257861
1440,24.0,feeder2_72,0.04167219326855792,0.12818437975830888,0.041629831871889435,0.12817636448613537
1440,24.0,feeder2_73,0.04306711563311714,0.1343666561166013,0.04302721703216937,0.1343597502138041
1440,24.0,feeder2_74,0.03917481426505463,0.14278156643228174,0.03913887109951614,0.14277357172851168
1440,24.0,feeder2_77,0.04417725743982278,0.13824880188653071,0.044132906605444944,0.13823928908277147
1440,24.0,feeder2_79,0.04631377848771258,0.13462509932363814,0.046268627329840294,0.13461120942510424
1440,24.0,feeder2_81,0.04565158270655849,0.1456943956729831,0.045610973949867156,0.14568715004277927
1440,24.0,feeder2_82,0.04542017811683747,0.14528550012967043,0.045376802132181704,0.14527720543360373
1440,24.0,feeder2_116,0.05239110329994438,0.1795998946685644,0.05233540838467968,0.17958863353246976
1440,24.0,feeder2_119,0.04949615707875868,0.1849217342506881,0.0494481805587437,0.18491603001480886
1440,24.0,feeder2_120,0.05496163624830884,0.18934589928647083,0.054902765070714454,0.18933291554041642
1440,24.0,feeder2_248,0.0546763024550563,0.18983981119199753,0.05461940752516713,0.18982811801624286
1440,24.0,feeder2_124,0.056555779598182025,0.19515821303924863,0.05649349254641135,0.1951440175060596
1440,24.0,feeder2_282,0.056490244346186914,0.19504056730273056,0.056425311567383146,0.19502626356269487
1440,24.0,feeder2_275,0.055322952992435954,0.1962723652901689,0.055255354726389136,0.19625644636249315
1440,24.0,feeder2_151,0.059507159243640424,0.20460340676652444,0.05944134675749867,0.2045882408508294
1440,24.0,feeder2_295,0.05960742906387853,0.20458529453928498,0.05953268843782547,0.2045649910262632
1440,24.0,feeder2_311,0.06182886039236237,0.20408430830126698,0.06175731115479489,0.20406293204918718
1440,24.0,feeder2_201,0.06386069498810325,0.2207332075304565,0.06378870965409199,0.22072111807290806
1440,24.0,feeder2_314,0.0638442632797413,0.21980912624536575,0.06376328814381535,0.2197955559065732
1440,24.0,feeder2_342,0.0705349894741922,0.24589769760248958,0.07044729566118985,0.2458788907694242
1440,24.0,feeder2_368,0.07368084776788615,0.24500274252230025,0.07359424751382762,0.24495990383372115
1440,24.0,feeder2_347,0.06961029248296155,0.2611281925013932,0.06951634019841793,0.26114731911583255
1440,24.0,feeder2_353,0.06937461856927436,0.2702354385697666,0.06928080577350215,0.27027817008215727
1440,24.0,feeder2_518,0.06879148102781707,0.2593795580017261,0.06869475136297161,0.2594050317556913
1440,24.0,feeder2_365,0.06914422450122196,0.27988756533144515,0.06904797123423227,0.27995214790827316
1440,24.0,feeder2_653,0.06848984213178046,0.2716970073952483,0.06839567594381148,0.2717372932470761
1440,24.0,feeder2_377,0.06898701226939198,0.28528889243219757,0.06888903584894387,0.28536252397314493
1440,24.0,feeder2_622,0.06982155254242346,0.27967968406151106,0.06972612098062549,0.2797429531754134
1440,24.0,feeder2_451,0.07359326264895324,0.24479329037233197,0.07350240344968507,0.24474607030167103
1440,24.0,feeder2_383,0.07881608943570909,0.24497217092837062,0.07873145731683658,0.24488887082419164
1440,24.0,feeder2_385,0.0688011728152381,0.29162164479477376,0.06870484207918061,0.29171170215562353
1440,24.0,feeder2_621,0.06909300570320366,0.28525402824280116,0.0689948765275186,0.28532909559190006
1440,24.0,feeder2_611,0.07867369464598813,0.24517962224166784,0.07858531274670277,0.24509563415567737
1440,24.0,feeder2_405,0.0791386437157786,0.2450110397315395,0.07905347719220045,0.24492623000330085
1440,24.0,feeder2_461,0.06808520070692499,0.31775280716631343,0.06798226759416567,0.31789293255027795
1440,24.0,feeder2_594,0.06860713993131956,0.2919542902109393,0.06850654676102752,0.2920411306860322
1440,24.0,feeder2_732,0.0733943311238572,0.2503907713471414,0.07330512055813616,0.2502983867164062
1440,24.0,feeder2_417,0.08191753792063793,0.24426614744327682,0.08182418885944001,0.24415975983614738
1440,24.0,feeder2_663,0.08256786013255368,0.24314226501843944,0.08247780147252255,0.2430365587438133
1440,24.0,feeder2_444,0.08394476293445668,0.2442220924889682,0.08385336075216984,0.24410396194457723
1440,24.0,feeder2_759,0.08417652460413307,0.2406067142029263,0.0840886583437195,0.24050021516165365
1440,24.0,feeder2_842,0.1093037402386949,0.24453443104286685,0.10922086931386692,0.24436319800414322
1440,24.0,feeder2_459,0.0842528849133069,0.24443097961548274,0.0841632563131894,0.2443128022879857
1440,24.0,feeder2_702,0.08450945667936428,0.24214642497018468,0.08441472903817372,0.24203055109268257
1440,24.0,feeder2_493,0.08553287730183798,0.24627508582083985,0.08543930105873847,0.24614698630191476
1440,24.0,feeder2_651,0.06828821737906772,0.3176569048659189,0.06818686164324254,0.3178005360834432
1440,24.0,feeder2_684,0.06748472475153625,0.340092064622539,0.06736965376875159,0.34027198035123774
1440,24.0,feeder2_674,0.08476801232458842,0.24732727676444402,0.0846781483854297,0.24719802470805108
1440,24.0,feeder2_696,0.08979615852721673,0.24784979111619737,0.08970728016952444,0.24769156891882785
1440,24.0,feeder2_681,0.08471929137987348,0.24740122480486926,0.08462753325568287,0.24727215787205317
1440,24.0,feeder2_682,0.0817738755282229,0.2515820264023054,0.0816908486345615,0.2514619769134141
1440,24.0,feeder2_728,0.06747711298325984,0.33866919803673345,0.06736718923919822,0.338853630402178
1440,24.0,feeder2_724,0.06700663650022162,0.36695253109232845,0.06689912939870712,0.36717907405621375
1440,24.0,feeder2_703,0.09315055896029792,0.24806301994103114,0.09306481226804812,0.2478993905515807
1440,24.0,feeder2_704,0.09435692035027701,0.24813843807509148,0.09426965412668328,0.24797121479170217
1440,24.0,feeder2_754,0.06688165806664784,0.36681234237786337,0.06676768558209488,0.3670357154388845
1440,24.0,feeder2_747,0.06685262675467743,0.3781650785598999,0.06673679633311959,0.37840139839767906
1440,24.0,feeder2_828,0.0674489995980807,0.33872427770283653,0.06733546880758588,0.338906857666603
1440,24.0,feeder2_763,0.06747278488206133,0.3364874610183643,0.06736367951741426,0.336672794382753
1440,24.0,feeder2_836,0.0670721089043558,0.37804428140475926,0.06695820931352182,0.37828230328304957
1440,24.0,feeder2_758,0.0667080341334086,0.3879202647260435,0.06659151887260652,0.3881698293235475
1440,24.0,feeder2_788,0.06783786929958042,0.3890922344827893,0.06771823820286672,0.3893478152198562
1440,24.0,feeder2_812,0.06647198681039804,0.4170144548906335,0.0663564287571313,0.4173025579783311
1440,24.0,feeder2_947,0.06541606883470721,0.3336222420664575,0.06530325262639408,0.3338200100379821
1440,24.0,feeder2_868,0.06768011761868549,0.33662545175688835,0.06757314264692532,0.33681248326070024
1440,24.0,feeder2_785,0.06770037615240992,0.33582846578810654,0.06759062640588691,0.33601214585340783
1440,24.0,feeder2_1176,0.07305705029270029,0.3304438912848897,0.07295279631836019,0.33062107365862525
1440,24.0,feeder2_846,0.0668562709679557,0.3365200204853011,0.0667529089848661,0.33670582176535746
1440,24.0,feeder2_911,0.06767963561017265,0.33576251207068875,0.06757223628401259,0.3359461553363116
1440,24.0,feeder2_1107,0.0653995613473448,0.44178762246928854,0.06528821297743898,0.4420682067005626
1440,24.0,feeder2_920,0.0667622888606519,0.41837888965948883,0.06664390152442755,0.41867645461823155
1440,24.0,feeder2_926,0.06720024239847928,0.42031058448967745,0.06707947124605908,0.4206256521500795
1440,24.0,feeder2_1239,0.06676243257281808,0.41856160287657795,0.0666435386530531,0.41885770980078635
1440,24.0,feeder2_933,0.06740969172977758,0.4209310905669004,0.06728594800688344,0.421245783377631
1440,24.0,feeder2_1146,0.06713764571410792,0.4215074105340057,0.06701237240291823,0.42182222824270926
1440,24.0,feeder2_1124,0.06756130938089008,0.42084027016104814,0.06743587169291815,0.4211576136224319
1440,24.0,feeder2_942,0.06791518727242765,0.42260744235788383,0.06778974175156197,0.42294296052948505
1440,24.0,feeder2_952,0.06916746749625974,0.4225979963187989,0.06903616176693539,0.42295144334275486
1440,24.0,feeder2_965,0.06784972613598864,0.4229360157924528,0.0677213213678302,0.4232698079415361
1440,24.0,feeder2_961,0.06933735863154485,0.4225709997053309,0.06920328601406926,0.4229207640325126
1440,24.0,feeder2_963,0.0691600387517268,0.42260388977279445,0.0690294438844403,0.42295646298579254
1440,24.0,feeder2_973,0.070246257515591,0.42023822879893513,0.07011522043370459,0.4206003872895259
1440,24.0,feeder2_1128,0.0693326655480068,0.4263604116369727,0.06919822031191054,0.4267106852123132
1440,24.0,feeder2_1113,0.06967256862508489,0.42324197574167605,0.06954058589143983,0.42359612609118547
1440,24.0,feeder2_1143,0.06871880322798941,0.4214206379839581,0.06858286668047325,0.4217713494661589
1440,24.0,feeder2_1238,0.07023000939201711,0.4257811289843813,0.07009482743621279,0.42613316032008763
1440,24.0,feeder2_979,0.06781134241099637,0.423206050727764,0.06768144702920147,0.423536542541143
1440,24.0,feeder2_1236,0.07137387115931909,0.4179320010168329,0.07123515134446905,0.41830344740143766
1440,24.0,feeder2_989,0.07024833746372117,0.4202276037079799,0.07011119419945062,0.42058494568099475
1440,24.0,feeder2_1196,0.06663814471374742,0.42425777934812076,0.06650635918410658,0.42458615022310553
1440,24.0,feeder2_1158,0.07104561132782958,0.41889147961641965,0.0709108738997503,0.41925050203960695
1440,24.0,feeder2_1122,0.06502343622268485,0.45154949392371385,0.06491197146590803,0.4518290743732314
1440,24.0,feeder2_1258,0.06570341104074133,0.44161728100747705,0.06559476752780564,0.4419013853710867
1440,24.0,feeder2_1303,0.06494091388929005,0.45147947312321757,0.06483639514928621,0.45176244145843936
1440,24.0,feeder2_1138,0.064771315970822,0.4592721667408116,0.06466341152381476,0.4595494198606413
1440,24.0,feeder2_1304,0.06336024241412702,0.46306460609132827,0.06325948002779619,0.46334428549874496
1440,24.0,feeder2_1212,0.06424777927548643,0.47251817277360625,0.06414563029551318,0.4727940260831344
1440,24.0,feeder2_1311,0.06461626978312139,0.47325600744291896,0.06451009902759985,0.4735333722270984
1440,24.0,feeder2_1290,0.06383508189846589,0.48840754098950095,0.06373366231910473,0.4886761388510281
1440,24.0,feeder2_1325,0.07261116518734846,0.41577969979066465,0.07246705300969063,0.4161715058189898
1440,24.0,feeder2_1248,0.07138091521049715,0.41792680737021093,0.07124318280803897,0.4182979446024366
1440,24.0,feeder2_1249,0.07029612793714483,0.42583151720666385,0.0701568691702724,0.42618223842955233
1440,24.0,feeder2_1250,0.07215815675043141,0.4277287973646592,0.07202212061743575,0.4280863849809281
1440,24.0,feeder2_1366,0.07305163404814582,0.41666290168084963,0.07291514209764789,0.4170320729749555
1440,24.0,feeder2_1266,0.06576680398273112,0.44158767867124293,0.06565253112144981,0.4418631833341754
1440,24.0,feeder2_1372,0.06272930715083724,0.4875396542139325,0.06262654581608486,0.4878121608546822
1440,24.0,feeder2_1363,0.0640223324647119,0.5068749736332754,0.06393540652366739,0.5071433320158276
1440,24.0,feeder2_1446,0.07381212760180414,0.4172374369183491,0.07366792488172369,0.41763354056380897
1440,24.0,feeder2_1502,0.07407372974437798,0.41177693183404496,0.07391993821222462,0.41217459670112944
1440,24.0,feeder2_1428,0.0638885129721051,0.5074092044988106,0.0637956270927655,0.5076701575636977
1440,24.0,feeder2_1380,0.06446059435235359,0.5284909666525557,0.06437515309097576,0.5287463809379439
1440,24.0,feeder2_1550,0.06455354351631667,0.5289802982917001,0.06447149749317496,0.5292441512390622
1440,24.0,feeder2_1386,0.06482671606507313,0.5388638649419436,0.0647483933678588,0.5391191847480906
1440,24.0,feeder2_1551,0.06361277400902737,0.5414145871418266,0.06353677718836521,0.5416669146920428
1440,24.0,feeder2_1400,0.06501925248574879,0.5431918025445687,0.06493916117564301,0.54344037593343
1440,24.0,feeder2_1552,0.06342168427469207,0.5444228033172126,0.06334542476132372,0.5446735648626159
1440,24.0,feeder2_1408,0.06554921078212236,0.5514566266244348,0.0654713869545592,0.5517047955638269
1440,24.0,feeder2_1553,0.06413715616348166,0.5699890433319013,0.06410244854619246,0.570241062111337
1440,24.0,feeder2_1416,0.06556549317024538,0.5515951280153711,0.06549095717940666,0.551840656920377
1440,24.0,feeder2_1530,0.06536918922127627,0.5514698074710963,0.06529404451511953,0.5517197399023974
1440,24.0,feeder2_1425,0.06562419248068745,0.5519397468789078,0.06554774539772648,0.5521868859012155
1440,24.0,feeder2_1589,0.06397153196482298,0.5532295896129857,0.06390149093032096,0.5534759265400886
1440,24.0,feeder2_1435,0.06565464608152265,0.551873388603749,0.06557942632885193,0.552117499458454
1440,24.0,feeder2_1621,0.06773260832932616,0.5506668574132323,0.06765516440608861,0.5509113716596281
1440,24.0,feeder2_1564,0.06568686183299272,0.5522495214326923,0.06561324976877164,0.5524984679338416
1440,24.0,feeder2_1704,0.07565013232768153,0.40923287488356835,0.07549981968653442,0.4096314413251552
1440,24.0,feeder2_1525,0.07426549637620607,0.41168010881210276,0.07411929957361685,0.41208719880844646
1440,24.0,feeder2_1716,0.07705711954801416,0.40666492230587287,0.07691396258172305,0.40707421180353215
1440,24.0,feeder2_1537,0.0743349999930245,0.41234138230036993,0.07418492968528197,0.4127515965126115
1440,24.0,feeder2_1645,0.07430754236384368,0.41244836604077406,0.07415404992569094,0.41285533798564183
1440,24.0,feeder2_1561,0.07441050047456817,0.4130323513470046,0.0742592922175256,0.4134482414747586
1440,24.0,feeder2_1657,0.07434046154777857,0.4129714177333301,0.0741895214669793,0.4133899379862252
1440,24.0,feeder2_1570,0.07444959138743795,0.41334841622266355,0.07429297566801034,0.4137616895814828
1440,24.0,feeder2_1756,0.07572587385876864,0.41491927648682897,0.07556397083943622,0.4153388745646228
1440,24.0,feeder2_1588,0.07449225810504549,0.41356182200488467,0.07434135074240786,0.41398100541322214
1440,24.0,feeder2_1628,0.07440262075890573,0.4134842304361602,0.07424298888522692,0.41389640957484597
1440,24.0,feeder2_1598,0.07455624727364231,0.4138589844844922,0.0743966867563888,0.41427644115969414
1440,24.0,feeder2_1816,0.07492123206925809,0.4136764659633198,0.07476637067805449,0.41409786687180966
1440,24.0,feeder2_1765,0.0785794421430343,0.4113924970437373,0.07842397273662846,0.41180545406883157
1440,24.0,feeder2_1641,0.07450207916551997,0.4163619306783817,0.07434309251017002,0.4167948515235927
1440,24.0,feeder2_1689,0.07449134313259106,0.4185889067122396,0.0743249240332669,0.4190258668813308
1440,24.0,feeder2_1744,0.07444275216877888,0.4163087678307221,0.07428142408682885,0.4167385316726255
1440,24.0,feeder2_1817,0.074492444453404,0.41867852905298936,0.07432850178148478,0.4191176157978706
1440,24.0,feeder2_1779,0.07488501920872197,0.417883733921909,0.07471869618328919,0.41832096783248807
1440,24.0,feeder2_1800,0.07183926982026367,0.4220310096806082,0.07167897327332085,0.42246887791980053
1440,24.0,feeder2_1818,0.07521907856879967,0.41774812640519315,0.07501324126536485,0.41821990827300615
1440,24.0,feeder2_1753,0.07433949451181376,0.4162148999415256,0.074175727435646,0.4166420712197382
1440,24.0,feeder2_1754,0.07442425939477598,0.4162924429485796,0.07426793446609768,0.4167281812573952
